ISO-10303-21;
HEADER;
FILE_DESCRIPTION((''),'2;1');
FILE_NAME('G8000_ASM','2023-09-28T15:38:55',('74576'),(''),
'CREO PARAMETRIC BY PTC INC, 2023072','CREO PARAMETRIC BY PTC INC, 2023072','');
FILE_SCHEMA(('CONFIG_CONTROL_DESIGN'));
ENDSEC;
DATA;
#1=DIRECTION('',(0.E0,-9.932720857792E-1,1.158039878927E-1));
#2=VECTOR('',#1,6.199961382030E1);
#3=CARTESIAN_POINT('',(-1.7905E2,-8.041648999649E0,-1.911054545490E1));
#4=LINE('',#3,#2);
#5=DIRECTION('',(0.E0,-1.045284629440E-1,-9.945218954023E-1));
#6=VECTOR('',#5,1.821030340278E1);
#7=CARTESIAN_POINT('',(-1.7905E2,-6.138153975212E0,-9.999999989140E-1));
#8=LINE('',#7,#6);
#9=DIRECTION('',(0.E0,1.E0,1.742104473845E-11));
#10=VECTOR('',#9,6.233711338504E1);
#11=CARTESIAN_POINT('',(-1.7905E2,-6.847526736025E1,-1.E0));
#12=LINE('',#11,#10);
#13=DIRECTION('',(0.E0,-1.045284632677E-1,-9.945218953683E-1));
#14=VECTOR('',#13,1.099095251458E1);
#15=CARTESIAN_POINT('',(-1.7905E2,-6.847526736025E1,-1.E0));
#16=LINE('',#15,#14);
#17=DIRECTION('',(7.071067812243E-1,-8.188578967120E-2,-7.023494268501E-1));
#18=VECTOR('',#17,1.414213562298E0);
#19=CARTESIAN_POINT('',(-1.7905E2,-8.041648999649E0,-1.911054545490E1));
#20=LINE('',#19,#18);
#21=DIRECTION('',(7.070840290198E-1,-7.391516337607E-2,-7.032558030533E-1));
#22=VECTOR('',#21,1.414259068171E0);
#23=CARTESIAN_POINT('',(-1.7905E2,-6.962413473644E1,-1.193074292670E1));
#24=LINE('',#23,#22);
#25=DIRECTION('',(-7.051619993943E-1,-7.411551268475E-2,-7.051619993943E-1));
#26=VECTOR('',#25,1.418113853071E0);
#27=CARTESIAN_POINT('',(-1.7805E2,-6.837016312498E1,0.E0));
#28=LINE('',#27,#26);
#29=DIRECTION('',(1.E0,0.E0,0.E0));
#30=VECTOR('',#29,3.561E2);
#31=CARTESIAN_POINT('',(-1.7805E2,-6.837016312498E1,0.E0));
#32=LINE('',#31,#30);
#33=DIRECTION('',(-7.051619993943E-1,7.411551268476E-2,7.051619993943E-1));
#34=VECTOR('',#33,1.418113853071E0);
#35=CARTESIAN_POINT('',(1.7905E2,-6.847526736025E1,-1.E0));
#36=LINE('',#35,#34);
#37=DIRECTION('',(7.070840290198E-1,7.391516337607E-2,7.032558030533E-1));
#38=VECTOR('',#37,1.414259068171E0);
#39=CARTESIAN_POINT('',(1.7805E2,-6.972866992652E1,-1.292532882341E1));
#40=LINE('',#39,#38);
#41=DIRECTION('',(7.071067815705E-1,-6.197421853508E-9,7.071067808026E-1));
#42=VECTOR('',#41,1.414213561605E0);
#43=CARTESIAN_POINT('',(-1.7905E2,-6.138153975212E0,-9.999999989140E-1));
#44=LINE('',#43,#42);
#45=CARTESIAN_POINT('',(-1.730499998670E2,-2.080447014771E0,-1.979413112623E1));
#46=CARTESIAN_POINT('',(-1.735731617827E2,-2.080446968161E0,-1.979413113157E1));
#47=CARTESIAN_POINT('',(-1.746245842978E2,-2.217940695770E0,-1.977836438817E1));
#48=CARTESIAN_POINT('',(-1.760902245606E2,-2.822894727314E0,-1.970899282370E1));
#49=CARTESIAN_POINT('',(-1.773484006765E2,-3.784520631362E0,-1.959872081969E1));
#50=CARTESIAN_POINT('',(-1.783125666122E2,-5.038030387148E0,-1.945497777758E1));
#51=CARTESIAN_POINT('',(-1.789147356023E2,-6.492583940884E0,-1.928818054943E1));
#52=CARTESIAN_POINT('',(-1.790500000196E2,-7.526274616364E0,-1.916964470110E1));
#53=CARTESIAN_POINT('',(-1.7905E2,-8.041648999649E0,-1.911054545490E1));
#55=CARTESIAN_POINT('',(-1.7905E2,-6.138153975212E0,-9.999999989140E-1));
#56=CARTESIAN_POINT('',(-1.790500000221E2,-5.611786434015E0,-1.009136467184E0));
#57=CARTESIAN_POINT('',(-1.789108362383E2,-4.553557716442E0,-1.027504759951E0));
#58=CARTESIAN_POINT('',(-1.782992481547E2,-3.080360287482E0,-1.053075906557E0));
#59=CARTESIAN_POINT('',(-1.773287851980E2,-1.817856015769E0,-1.074989929204E0));
#60=CARTESIAN_POINT('',(-1.760661368567E2,-8.523161072516E-1,
-1.091749368278E0));
#61=CARTESIAN_POINT('',(-1.746036926137E2,-2.508003089709E-1,
-1.102190228655E0));
#62=CARTESIAN_POINT('',(-1.735671372893E2,-1.160905717096E-1,
-1.104528464097E0));
#63=CARTESIAN_POINT('',(-1.730499998625E2,-1.160906194609E-1,
-1.104528463268E0));
#65=DIRECTION('',(1.078582496022E-8,-7.807031466126E-1,-6.249020698231E-1));
#66=VECTOR('',#65,1.422212640076E0);
#67=CARTESIAN_POINT('',(-1.730499998670E2,-2.080447014771E0,-1.979413112623E1));
#68=LINE('',#67,#66);
#69=DIRECTION('',(0.E0,-9.932720857794E-1,1.158039878910E-1));
#70=VECTOR('',#69,6.198826868697E1);
#71=CARTESIAN_POINT('',(-1.7805E2,-8.157452993962E0,-2.010381753982E1));
#72=LINE('',#71,#70);
#73=DIRECTION('',(1.E0,0.E0,0.E0));
#74=VECTOR('',#73,3.561E2);
#75=CARTESIAN_POINT('',(-1.7805E2,-6.972866992652E1,-1.292532882341E1));
#76=LINE('',#75,#74);
#77=DIRECTION('',(0.E0,9.932720857794E-1,-1.158039878910E-1));
#78=VECTOR('',#77,6.198826868697E1);
#79=CARTESIAN_POINT('',(1.7805E2,-6.972866992652E1,-1.292532882341E1));
#80=LINE('',#79,#78);
#81=CARTESIAN_POINT('',(1.7805E2,-8.157452993961E0,-2.010381753982E1));
#82=CARTESIAN_POINT('',(1.780500000166E2,-7.724314513071E0,-2.015431645559E1));
#83=CARTESIAN_POINT('',(1.779346354764E2,-6.853809958260E0,-2.025580717537E1));
#84=CARTESIAN_POINT('',(1.774270470479E2,-5.640406506767E0,-2.039727592358E1));
#85=CARTESIAN_POINT('',(1.766202690478E2,-4.598882437785E0,-2.051870553224E1));
#86=CARTESIAN_POINT('',(1.755686805136E2,-3.800847361317E0,-2.061174715262E1));
#87=CARTESIAN_POINT('',(1.743487565118E2,-3.302638893580E0,-2.066983247303E1));
#88=CARTESIAN_POINT('',(1.734821195171E2,-3.190772859625E0,-2.068287475322E1));
#89=CARTESIAN_POINT('',(1.730499998516E2,-3.190772898030E0,-2.068287474874E1));
#91=DIRECTION('',(-1.E0,0.E0,0.E0));
#92=VECTOR('',#91,3.460999997033E2);
#93=CARTESIAN_POINT('',(1.730499998516E2,-3.190772898030E0,-2.068287474874E1));
#94=LINE('',#93,#92);
#95=CARTESIAN_POINT('',(-1.730499998516E2,-3.190772898030E0,-2.068287474874E1));
#96=CARTESIAN_POINT('',(-1.734859682619E2,-3.190772859049E0,-2.068287475329E1));
#97=CARTESIAN_POINT('',(-1.743621535295E2,-3.305328171380E0,-2.066951893448E1));
#98=CARTESIAN_POINT('',(-1.755835204809E2,-3.809356244511E0,-2.061075511567E1));
#99=CARTESIAN_POINT('',(-1.766320005601E2,-4.610551740770E0,-2.051734502706E1));
#100=CARTESIAN_POINT('',(-1.774354721778E2,-5.654935423430E0,
-2.039558202066E1));
#101=CARTESIAN_POINT('',(-1.779372796683E2,-6.866822158550E0,
-2.025429010396E1));
#102=CARTESIAN_POINT('',(-1.780500000164E2,-7.728059921107E0,
-2.015387978452E1));
#103=CARTESIAN_POINT('',(-1.7805E2,-8.157452993962E0,-2.010381753982E1));
#105=CARTESIAN_POINT('',(2.502097623960E1,-3.663949670623E1,-1.678314207497E1));
#106=DIRECTION('',(0.E0,-1.158039878910E-1,-9.932720857794E-1));
#107=DIRECTION('',(-1.E0,0.E0,0.E0));
#108=AXIS2_PLACEMENT_3D('',#105,#106,#107);
#110=CARTESIAN_POINT('',(2.502097623960E1,-3.663949670623E1,-1.678314207497E1));
#111=DIRECTION('',(0.E0,-1.158039878910E-1,-9.932720857794E-1));
#112=DIRECTION('',(1.E0,0.E0,0.E0));
#113=AXIS2_PLACEMENT_3D('',#110,#111,#112);
#115=DIRECTION('',(0.E0,9.932720857792E-1,-1.158039878927E-1));
#116=VECTOR('',#115,6.199961382030E1);
#117=CARTESIAN_POINT('',(1.7905E2,-6.962413473644E1,-1.193074292670E1));
#118=LINE('',#117,#116);
#119=DIRECTION('',(0.E0,-1.045284632677E-1,-9.945218953683E-1));
#120=VECTOR('',#119,1.099095251458E1);
#121=CARTESIAN_POINT('',(1.7905E2,-6.847526736025E1,-1.E0));
#122=LINE('',#121,#120);
#123=DIRECTION('',(0.E0,-1.E0,-1.742100733748E-11));
#124=VECTOR('',#123,6.233711338504E1);
#125=CARTESIAN_POINT('',(1.7905E2,-6.138153975212E0,-9.999999989140E-1));
#126=LINE('',#125,#124);
#127=DIRECTION('',(0.E0,1.045284629440E-1,9.945218954023E-1));
#128=VECTOR('',#127,1.821030340278E1);
#129=CARTESIAN_POINT('',(1.7905E2,-8.041648999649E0,-1.911054545490E1));
#130=LINE('',#129,#128);
#131=DIRECTION('',(-7.071067815705E-1,-6.197436926396E-9,7.071067808026E-1));
#132=VECTOR('',#131,1.414213561605E0);
#133=CARTESIAN_POINT('',(1.7905E2,-6.138153975212E0,-9.999999989140E-1));
#134=LINE('',#133,#132);
#135=DIRECTION('',(0.E0,-1.E0,0.E0));
#136=VECTOR('',#135,6.223200914101E1);
#137=CARTESIAN_POINT('',(1.7805E2,-6.138153983976E0,0.E0));
#138=LINE('',#137,#136);
#139=DIRECTION('',(0.E0,1.E0,0.E0));
#140=VECTOR('',#139,6.223200914101E1);
#141=CARTESIAN_POINT('',(-1.7805E2,-6.837016312498E1,0.E0));
#142=LINE('',#141,#140);
#143=CARTESIAN_POINT('',(-1.7805E2,-6.138153983976E0,0.E0));
#144=CARTESIAN_POINT('',(-1.780500000188E2,-5.698726647039E0,0.E0));
#145=CARTESIAN_POINT('',(-1.779340301681E2,-4.815242212739E0,0.E0));
#146=CARTESIAN_POINT('',(-1.774243735711E2,-3.585345364546E0,0.E0));
#147=CARTESIAN_POINT('',(-1.766156539274E2,-2.531337114913E0,0.E0));
#148=CARTESIAN_POINT('',(-1.755634488886E2,-1.725253147951E0,0.E0));
#149=CARTESIAN_POINT('',(-1.743447382118E2,-1.223075353802E0,0.E0));
#150=CARTESIAN_POINT('',(-1.734809598563E2,-1.110612473538E0,0.E0));
#151=CARTESIAN_POINT('',(-1.730499998418E2,-1.110612514829E0,0.E0));
#153=DIRECTION('',(1.E0,0.E0,0.E0));
#154=VECTOR('',#153,3.460999996835E2);
#155=CARTESIAN_POINT('',(-1.730499998418E2,-1.110612514829E0,0.E0));
#156=LINE('',#155,#154);
#157=CARTESIAN_POINT('',(1.730499998418E2,-1.110612514829E0,0.E0));
#158=CARTESIAN_POINT('',(1.734849824884E2,-1.110612472877E0,0.E0));
#159=CARTESIAN_POINT('',(1.743588154186E2,-1.225942797097E0,0.E0));
#160=CARTESIAN_POINT('',(1.755786872302E2,-1.734123848959E0,0.E0));
#161=CARTESIAN_POINT('',(1.766273954810E2,-2.543171121326E0,0.E0));
#162=CARTESIAN_POINT('',(1.774326631114E2,-3.599837686005E0,0.E0));
#163=CARTESIAN_POINT('',(1.779365670732E2,-4.827929273262E0,0.E0));
#164=CARTESIAN_POINT('',(1.780500000186E2,-5.702398239440E0,0.E0));
#165=CARTESIAN_POINT('',(1.7805E2,-6.138153983976E0,0.E0));
#167=DIRECTION('',(1.395604952451E-8,-6.691306063589E-1,7.431448254774E-1));
#168=VECTOR('',#167,1.486289650955E0);
#169=CARTESIAN_POINT('',(-1.730499998625E2,-1.160906194609E-1,
-1.104528463268E0));
#170=LINE('',#169,#168);
#171=DIRECTION('',(-1.E0,0.E0,0.E0));
#172=VECTOR('',#171,3.460999997340E2);
#173=CARTESIAN_POINT('',(1.730499998670E2,-2.080447014771E0,-1.979413112623E1));
#174=LINE('',#173,#172);
#175=DIRECTION('',(-2.379416656639E-10,1.045284632677E-1,9.945218953683E-1));
#176=VECTOR('',#175,1.879255021936E1);
#177=CARTESIAN_POINT('',(1.730499998670E2,-2.080447014771E0,-1.979413112623E1));
#178=LINE('',#177,#176);
#179=DIRECTION('',(1.E0,0.E0,0.E0));
#180=VECTOR('',#179,3.460999997250E2);
#181=CARTESIAN_POINT('',(-1.730499998625E2,-1.160906194609E-1,
-1.104528463268E0));
#182=LINE('',#181,#180);
#183=DIRECTION('',(-2.379537648028E-10,-1.045284632677E-1,-9.945218953683E-1));
#184=VECTOR('',#183,1.879255021936E1);
#185=CARTESIAN_POINT('',(-1.730499998625E2,-1.160906194609E-1,
-1.104528463268E0));
#186=LINE('',#185,#184);
#187=DIRECTION('',(-1.078586492852E-8,-7.807031466126E-1,-6.249020698231E-1));
#188=VECTOR('',#187,1.422212640076E0);
#189=CARTESIAN_POINT('',(1.730499998670E2,-2.080447014771E0,-1.979413112623E1));
#190=LINE('',#189,#188);
#191=DIRECTION('',(-7.071067812243E-1,-8.188578967117E-2,-7.023494268501E-1));
#192=VECTOR('',#191,1.414213562298E0);
#193=CARTESIAN_POINT('',(1.7905E2,-8.041648999649E0,-1.911054545490E1));
#194=LINE('',#193,#192);
#195=CARTESIAN_POINT('',(1.7905E2,-8.041648999649E0,-1.911054545490E1));
#196=CARTESIAN_POINT('',(1.790500000199E2,-7.521779227934E0,-1.917016019834E1));
#197=CARTESIAN_POINT('',(1.789115625719E2,-6.476966195717E0,-1.928997147463E1));
#198=CARTESIAN_POINT('',(1.783024564563E2,-5.020592217539E0,-1.945697745532E1));
#199=CARTESIAN_POINT('',(1.773343228617E2,-3.770514681663E0,-1.960032691634E1));
#200=CARTESIAN_POINT('',(1.760724166004E2,-2.812682035784E0,-1.971016393812E1));
#201=CARTESIAN_POINT('',(1.746085078743E2,-2.214712920304E0,-1.977873452511E1));
#202=CARTESIAN_POINT('',(1.735685432936E2,-2.080446968850E0,-1.979413113149E1));
#203=CARTESIAN_POINT('',(1.730499998670E2,-2.080447014771E0,-1.979413112623E1));
#205=CARTESIAN_POINT('',(1.730499998625E2,-1.160906194609E-1,
-1.104528463268E0));
#206=CARTESIAN_POINT('',(1.735719640357E2,-1.160905709450E-1,
-1.104528464110E0));
#207=CARTESIAN_POINT('',(1.746205854531E2,-2.542349739233E-1,
-1.102130611173E0));
#208=CARTESIAN_POINT('',(1.760844228153E2,-8.629415671960E-1,
-1.091564935975E0));
#209=CARTESIAN_POINT('',(1.773428750760E2,-1.832030950896E0,-1.074743886592E0));
#210=CARTESIAN_POINT('',(1.783091955994E2,-3.097719450391E0,-1.052774593446E0));
#211=CARTESIAN_POINT('',(1.789138805254E2,-4.568754291780E0,-1.027240984134E0));
#212=CARTESIAN_POINT('',(1.790500000218E2,-5.616184694369E0,-1.009060124015E0));
#213=CARTESIAN_POINT('',(1.7905E2,-6.138153975212E0,-9.999999989140E-1));
#215=DIRECTION('',(-1.395601127933E-8,-6.691306063589E-1,7.431448254774E-1));
#216=VECTOR('',#215,1.486289650955E0);
#217=CARTESIAN_POINT('',(1.730499998625E2,-1.160906194609E-1,
-1.104528463268E0));
#218=LINE('',#217,#216);
#219=DIRECTION('',(0.E0,-1.158039878910E-1,-9.932720857794E-1));
#220=VECTOR('',#219,2.492E1);
#221=CARTESIAN_POINT('',(1.256010385111E1,-3.663949670623E1,-1.678314207497E1));
#222=LINE('',#221,#220);
#223=DIRECTION('',(0.E0,-1.158039878910E-1,-9.932720857794E-1));
#224=VECTOR('',#223,2.492E1);
#225=CARTESIAN_POINT('',(3.748184862808E1,-3.663949670623E1,-1.678314207497E1));
#226=LINE('',#225,#224);
#227=CARTESIAN_POINT('',(2.502097623960E1,-3.952533208447E1,-4.153548245260E1));
#228=DIRECTION('',(0.E0,-1.158039878910E-1,-9.932720857794E-1));
#229=DIRECTION('',(-1.E0,0.E0,0.E0));
#230=AXIS2_PLACEMENT_3D('',#227,#228,#229);
#232=CARTESIAN_POINT('',(2.502097623960E1,-3.952533208447E1,-4.153548245260E1));
#233=DIRECTION('',(0.E0,-1.158039878910E-1,-9.932720857794E-1));
#234=DIRECTION('',(1.E0,0.E0,0.E0));
#235=AXIS2_PLACEMENT_3D('',#232,#233,#234);
#237=CARTESIAN_POINT('',(-1.7905E2,-6.962413473644E1,-1.193074292670E1));
#238=CARTESIAN_POINT('',(-1.7805E2,-6.972866992652E1,-1.292532882341E1));
#239=VERTEX_POINT('',#237);
#240=VERTEX_POINT('',#238);
#241=CARTESIAN_POINT('',(-1.7805E2,-8.157452993962E0,-2.010381753982E1));
#242=VERTEX_POINT('',#241);
#243=CARTESIAN_POINT('',(-1.7905E2,-8.041648999649E0,-1.911054545490E1));
#244=VERTEX_POINT('',#243);
#245=VERTEX_POINT('',#45);
#246=VERTEX_POINT('',#95);
#247=CARTESIAN_POINT('',(1.730499998670E2,-2.080447014771E0,-1.979413112623E1));
#248=VERTEX_POINT('',#247);
#249=CARTESIAN_POINT('',(1.730499998516E2,-3.190772898030E0,-2.068287474874E1));
#250=VERTEX_POINT('',#249);
#251=VERTEX_POINT('',#195);
#252=VERTEX_POINT('',#81);
#253=CARTESIAN_POINT('',(1.7805E2,-6.972866992652E1,-1.292532882341E1));
#254=CARTESIAN_POINT('',(1.7905E2,-6.962413473644E1,-1.193074292670E1));
#255=VERTEX_POINT('',#253);
#256=VERTEX_POINT('',#254);
#257=CARTESIAN_POINT('',(1.7905E2,-6.847526736025E1,-1.E0));
#258=CARTESIAN_POINT('',(1.7805E2,-6.837016312498E1,0.E0));
#259=VERTEX_POINT('',#257);
#260=VERTEX_POINT('',#258);
#261=CARTESIAN_POINT('',(1.7805E2,-6.138153983976E0,0.E0));
#262=VERTEX_POINT('',#261);
#263=CARTESIAN_POINT('',(1.7905E2,-6.138153975212E0,-9.999999989140E-1));
#264=VERTEX_POINT('',#263);
#265=VERTEX_POINT('',#205);
#266=VERTEX_POINT('',#157);
#267=CARTESIAN_POINT('',(-1.730499998625E2,-1.160906194609E-1,
-1.104528463268E0));
#268=VERTEX_POINT('',#267);
#269=CARTESIAN_POINT('',(-1.730499998418E2,-1.110612514829E0,0.E0));
#270=VERTEX_POINT('',#269);
#271=VERTEX_POINT('',#55);
#272=VERTEX_POINT('',#143);
#273=CARTESIAN_POINT('',(-1.7805E2,-6.837016312498E1,0.E0));
#274=CARTESIAN_POINT('',(-1.7905E2,-6.847526736025E1,-1.E0));
#275=VERTEX_POINT('',#273);
#276=VERTEX_POINT('',#274);
#277=CARTESIAN_POINT('',(1.256010385111E1,-3.952533208447E1,-4.153548245260E1));
#278=CARTESIAN_POINT('',(3.748184862808E1,-3.952533208447E1,-4.153548245260E1));
#279=VERTEX_POINT('',#277);
#280=VERTEX_POINT('',#278);
#281=CARTESIAN_POINT('',(1.256010385111E1,-3.663949670623E1,-1.678314207497E1));
#282=CARTESIAN_POINT('',(3.748184862808E1,-3.663949670623E1,-1.678314207497E1));
#283=VERTEX_POINT('',#281);
#284=VERTEX_POINT('',#282);
#285=CARTESIAN_POINT('',(-1.7905E2,0.E0,0.E0));
#286=DIRECTION('',(1.E0,0.E0,0.E0));
#287=DIRECTION('',(0.E0,-1.E0,0.E0));
#288=AXIS2_PLACEMENT_3D('',#285,#286,#287);
#289=PLANE('',#288);
#291=ORIENTED_EDGE('',*,*,#290,.F.);
#293=ORIENTED_EDGE('',*,*,#292,.F.);
#295=ORIENTED_EDGE('',*,*,#294,.F.);
#297=ORIENTED_EDGE('',*,*,#296,.T.);
#298=EDGE_LOOP('',(#291,#293,#295,#297));
#299=FACE_OUTER_BOUND('',#298,.F.);
#300=ADVANCED_FACE('',(#299),#289,.F.);
#301=CARTESIAN_POINT('',(-1.7855E2,-3.889079383397E1,-1.601728023690E1));
#302=DIRECTION('',(-7.071067811865E-1,-8.188578512616E-2,-7.023494274179E-1));
#303=DIRECTION('',(7.071067811865E-1,-8.188578512616E-2,-7.023494274179E-1));
#304=AXIS2_PLACEMENT_3D('',#301,#302,#303);
#305=PLANE('',#304);
#307=ORIENTED_EDGE('',*,*,#306,.T.);
#309=ORIENTED_EDGE('',*,*,#308,.F.);
#311=ORIENTED_EDGE('',*,*,#310,.F.);
#312=ORIENTED_EDGE('',*,*,#290,.T.);
#313=EDGE_LOOP('',(#307,#309,#311,#312));
#314=FACE_OUTER_BOUND('',#313,.F.);
#315=ADVANCED_FACE('',(#314),#305,.T.);
#316=CARTESIAN_POINT('',(-1.7905E2,-6.837016312498E1,0.E0));
#317=DIRECTION('',(0.E0,-9.945218953683E-1,1.045284632677E-1));
#318=DIRECTION('',(0.E0,-1.045284632677E-1,-9.945218953683E-1));
#319=AXIS2_PLACEMENT_3D('',#316,#317,#318);
#320=PLANE('',#319);
#321=ORIENTED_EDGE('',*,*,#306,.F.);
#322=ORIENTED_EDGE('',*,*,#296,.F.);
#324=ORIENTED_EDGE('',*,*,#323,.F.);
#326=ORIENTED_EDGE('',*,*,#325,.T.);
#328=ORIENTED_EDGE('',*,*,#327,.F.);
#330=ORIENTED_EDGE('',*,*,#329,.T.);
#332=ORIENTED_EDGE('',*,*,#331,.F.);
#334=ORIENTED_EDGE('',*,*,#333,.F.);
#335=EDGE_LOOP('',(#321,#322,#324,#326,#328,#330,#332,#334));
#336=FACE_OUTER_BOUND('',#335,.F.);
#337=ADVANCED_FACE('',(#336),#320,.T.);
#338=CARTESIAN_POINT('',(-1.7855E2,-3.725415851881E1,-5.E-1));
#339=DIRECTION('',(-7.071067811865E-1,0.E0,7.071067811865E-1));
#340=DIRECTION('',(7.071067811865E-1,0.E0,7.071067811865E-1));
#341=AXIS2_PLACEMENT_3D('',#338,#339,#340);
#342=PLANE('',#341);
#343=ORIENTED_EDGE('',*,*,#323,.T.);
#344=ORIENTED_EDGE('',*,*,#294,.T.);
#346=ORIENTED_EDGE('',*,*,#345,.T.);
#348=ORIENTED_EDGE('',*,*,#347,.F.);
#349=EDGE_LOOP('',(#343,#344,#346,#348));
#350=FACE_OUTER_BOUND('',#349,.F.);
#351=ADVANCED_FACE('',(#350),#342,.T.);
#352=CARTESIAN_POINT('',(-1.793560102381E2,-6.420534986263E0,
-1.306272855198E0));
#353=CARTESIAN_POINT('',(-1.788149643723E2,-6.396512954649E0,
-7.672039688263E-1));
#354=CARTESIAN_POINT('',(-1.782739185065E2,-6.372490923034E0,
-2.281350824550E-1));
#355=CARTESIAN_POINT('',(-1.777328726407E2,-6.348468891419E0,
3.109338039163E-1));
#356=CARTESIAN_POINT('',(-1.793602675305E2,-6.326566828150E0,
-1.308308402821E0));
#357=CARTESIAN_POINT('',(-1.788188563962E2,-6.310538998450E0,
-7.683994925710E-1));
#358=CARTESIAN_POINT('',(-1.782774452619E2,-6.294511168751E0,
-2.284905823209E-1));
#359=CARTESIAN_POINT('',(-1.777360341277E2,-6.278483339051E0,
3.114183279291E-1));
#360=CARTESIAN_POINT('',(-1.793748542963E2,-5.679366158523E0,
-1.322328164235E0));
#361=CARTESIAN_POINT('',(-1.788321916418E2,-5.718395236192E0,
-7.766336195802E-1));
#362=CARTESIAN_POINT('',(-1.782895289873E2,-5.757424313860E0,
-2.309390749259E-1));
#363=CARTESIAN_POINT('',(-1.777468663329E2,-5.796453391529E0,
3.147554697284E-1));
#364=CARTESIAN_POINT('',(-1.792159804946E2,-4.471809964331E0,
-1.348486808111E0));
#365=CARTESIAN_POINT('',(-1.786869489476E2,-4.613536531940E0,
-7.919971903081E-1));
#366=CARTESIAN_POINT('',(-1.781579174007E2,-4.755263099550E0,
-2.355075725058E-1));
#367=CARTESIAN_POINT('',(-1.776288858538E2,-4.896989667160E0,
3.209820452966E-1));
#368=CARTESIAN_POINT('',(-1.785725500793E2,-2.922608106699E0,
-1.382046116746E0));
#369=CARTESIAN_POINT('',(-1.780987239328E2,-3.196104599937E0,
-8.117073409657E-1));
#370=CARTESIAN_POINT('',(-1.776248977864E2,-3.469601093174E0,
-2.413685651859E-1));
#371=CARTESIAN_POINT('',(-1.771510716400E2,-3.743097586412E0,
3.289702105939E-1));
#372=CARTESIAN_POINT('',(-1.775515601740E2,-1.594971764831E0,
-1.410805858028E0));
#373=CARTESIAN_POINT('',(-1.771653331079E2,-1.981388294834E0,
-8.285985957804E-1));
#374=CARTESIAN_POINT('',(-1.767791060418E2,-2.367804824836E0,
-2.463913335324E-1));
#375=CARTESIAN_POINT('',(-1.763928789757E2,-2.754221354839E0,
3.358159287156E-1));
#376=CARTESIAN_POINT('',(-1.762231714140E2,-5.796194492711E-1,
-1.432800775361E0));
#377=CARTESIAN_POINT('',(-1.759509190229E2,-1.052396235813E0,
-8.415167145365E-1));
#378=CARTESIAN_POINT('',(-1.756786666317E2,-1.525173022355E0,
-2.502326537123E-1));
#379=CARTESIAN_POINT('',(-1.754064142406E2,-1.997949808896E0,
3.410514071118E-1));
#380=CARTESIAN_POINT('',(-1.746845877226E2,5.292846017092E-2,
-1.446503252838E0));
#381=CARTESIAN_POINT('',(-1.745443397361E2,-4.736491114292E-1,
-8.495644934227E-1));
#382=CARTESIAN_POINT('',(-1.744040917496E2,-1.000226683029E0,
-2.526257340070E-1));
#383=CARTESIAN_POINT('',(-1.742638437631E2,-1.526804254630E0,
3.443130254087E-1));
#384=CARTESIAN_POINT('',(-1.734995901220E2,2.068592856026E-1,
-1.449837756577E0));
#385=CARTESIAN_POINT('',(-1.734610230392E2,-3.328107679118E-1,
-8.515229238472E-1));
#386=CARTESIAN_POINT('',(-1.734224559563E2,-8.724808214262E-1,
-2.532080911174E-1));
#387=CARTESIAN_POINT('',(-1.733838888735E2,-1.412150874941E0,
3.451067416124E-1));
#388=CARTESIAN_POINT('',(-1.728615181785E2,1.924618768175E-1,
-1.449525874839E0));
#389=CARTESIAN_POINT('',(-1.728776871323E2,-3.459836148614E-1,
-8.513397485584E-1));
#390=CARTESIAN_POINT('',(-1.728938560861E2,-8.844291065402E-1,
-2.531536222782E-1));
#391=CARTESIAN_POINT('',(-1.729100250399E2,-1.422874598219E0,
3.450325040020E-1));
#392=CARTESIAN_POINT('',(-1.727674221229E2,1.882055399794E-1,
-1.449433672573E0));
#393=CARTESIAN_POINT('',(-1.727916625659E2,-3.498779317292E-1,
-8.512855960559E-1));
#394=CARTESIAN_POINT('',(-1.728159030089E2,-8.879614034378E-1,
-2.531375195387E-1));
#395=CARTESIAN_POINT('',(-1.728401434519E2,-1.426044875146E0,
3.450105569785E-1));
#396=B_SPLINE_SURFACE_WITH_KNOTS('',3,3,((#352,#353,#354,#355),(#356,#357,#358,
#359),(#360,#361,#362,#363),(#364,#365,#366,#367),(#368,#369,#370,#371),(#372,
#373,#374,#375),(#376,#377,#378,#379),(#380,#381,#382,#383),(#384,#385,#386,
#387),(#388,#389,#390,#391),(#392,#393,#394,#395)),.UNSPECIFIED.,.F.,.F.,.F.,(4,
1,1,1,1,1,1,1,4),(4,4),(-2.837810563064E-2,0.E0,1.666666666667E-1,
3.333333333333E-1,5.E-1,6.666666666667E-1,8.333333333333E-1,1.E0,
1.028875287606E0),(-3.123898369265E-1,1.312389836926E0),.UNSPECIFIED.);
#398=ORIENTED_EDGE('',*,*,#397,.T.);
#400=ORIENTED_EDGE('',*,*,#399,.T.);
#402=ORIENTED_EDGE('',*,*,#401,.F.);
#403=ORIENTED_EDGE('',*,*,#345,.F.);
#404=EDGE_LOOP('',(#398,#400,#402,#403));
#405=FACE_OUTER_BOUND('',#404,.F.);
#406=ADVANCED_FACE('',(#405),#396,.F.);
#407=CARTESIAN_POINT('',(-1.7305E2,-3.183160950661E0,2.711488E1));
#408=DIRECTION('',(0.E0,-1.045284632677E-1,-9.945218953683E-1));
#409=DIRECTION('',(-1.E0,0.E0,0.E0));
#410=AXIS2_PLACEMENT_3D('',#407,#408,#409);
#411=CYLINDRICAL_SURFACE('',#410,6.E0);
#413=ORIENTED_EDGE('',*,*,#412,.F.);
#415=ORIENTED_EDGE('',*,*,#414,.F.);
#416=ORIENTED_EDGE('',*,*,#397,.F.);
#417=ORIENTED_EDGE('',*,*,#292,.T.);
#418=EDGE_LOOP('',(#413,#415,#416,#417));
#419=FACE_OUTER_BOUND('',#418,.F.);
#420=ADVANCED_FACE('',(#419),#411,.T.);
#421=CARTESIAN_POINT('',(-1.727686345130E2,-1.739920504549E0,
-1.951577400220E1));
#422=CARTESIAN_POINT('',(-1.727927751830E2,-2.340722032806E0,
-1.999716864476E1));
#423=CARTESIAN_POINT('',(-1.728169158530E2,-2.941523561064E0,
-2.047856328732E1));
#424=CARTESIAN_POINT('',(-1.728410565231E2,-3.542325089321E0,
-2.095995792988E1));
#425=CARTESIAN_POINT('',(-1.728622713218E2,-1.735697834371E0,
-1.951625622477E1));
#426=CARTESIAN_POINT('',(-1.728783781207E2,-2.336862003682E0,
-1.999761275222E1));
#427=CARTESIAN_POINT('',(-1.728944849196E2,-2.938026172994E0,
-2.047896927967E1));
#428=CARTESIAN_POINT('',(-1.729105917184E2,-3.539190342305E0,
-2.096032580711E1));
#429=CARTESIAN_POINT('',(-1.735060390487E2,-1.721252367067E0,
-1.951790587536E1));
#430=CARTESIAN_POINT('',(-1.734669116930E2,-2.323657106739E0,
-1.999913201361E1));
#431=CARTESIAN_POINT('',(-1.734277843372E2,-2.926061846412E0,
-2.048035815186E1));
#432=CARTESIAN_POINT('',(-1.733886569815E2,-3.528466586085E0,
-2.096158429011E1));
#433=CARTESIAN_POINT('',(-1.747065653766E2,-1.878251971659E0,
-1.949997675718E1));
#434=CARTESIAN_POINT('',(-1.745644346103E2,-2.467173654529E0,
-1.998262002180E1));
#435=CARTESIAN_POINT('',(-1.744223038440E2,-3.056095337399E0,
-2.046526328643E1));
#436=CARTESIAN_POINT('',(-1.742801730777E2,-3.645017020269E0,
-2.094790655105E1));
#437=CARTESIAN_POINT('',(-1.762485137115E2,-2.514734177073E0,
-1.942729144875E1));
#438=CARTESIAN_POINT('',(-1.759740862221E2,-3.048995050510E0,
-1.991567979594E1));
#439=CARTESIAN_POINT('',(-1.756996587328E2,-3.583255923946E0,
-2.040406814313E1));
#440=CARTESIAN_POINT('',(-1.754252312435E2,-4.117516797383E0,
-2.089245649032E1));
#441=CARTESIAN_POINT('',(-1.775721968060E2,-3.526476902263E0,
-1.931175195462E1));
#442=CARTESIAN_POINT('',(-1.771841993553E2,-3.973849754875E0,
-1.980927260083E1));
#443=CARTESIAN_POINT('',(-1.767962019045E2,-4.421222607488E0,
-2.030679324704E1));
#444=CARTESIAN_POINT('',(-1.764082044538E2,-4.868595460101E0,
-2.080431389326E1));
#445=CARTESIAN_POINT('',(-1.785865619951E2,-4.845315546439E0,
-1.916114256949E1));
#446=CARTESIAN_POINT('',(-1.781115335929E2,-5.179427131154E0,
-1.967056745451E1));
#447=CARTESIAN_POINT('',(-1.776365051908E2,-5.513538715869E0,
-2.017999233953E1));
#448=CARTESIAN_POINT('',(-1.771614767886E2,-5.847650300584E0,
-2.068941722454E1));
#449=CARTESIAN_POINT('',(-1.792200828720E2,-6.375675567130E0,
-1.898637776192E1));
#450=CARTESIAN_POINT('',(-1.786906993636E2,-6.578360467160E0,
-1.950961614865E1));
#451=CARTESIAN_POINT('',(-1.781613158553E2,-6.781045367191E0,
-2.003285453537E1));
#452=CARTESIAN_POINT('',(-1.776319323470E2,-6.983730267221E0,
-2.055609292210E1));
#453=CARTESIAN_POINT('',(-1.793746161737E2,-7.556677235585E0,
-1.885150915179E1));
#454=CARTESIAN_POINT('',(-1.788319739488E2,-7.657938350893E0,
-1.938540760644E1));
#455=CARTESIAN_POINT('',(-1.782893317239E2,-7.759199466202E0,
-1.991930606109E1));
#456=CARTESIAN_POINT('',(-1.777466894990E2,-7.860460581510E0,
-2.045320451575E1));
#457=CARTESIAN_POINT('',(-1.793602889788E2,-8.191771918881E0,
-1.877898229613E1));
#458=CARTESIAN_POINT('',(-1.788188760049E2,-8.238491272571E0,
-1.931861332227E1));
#459=CARTESIAN_POINT('',(-1.782774630310E2,-8.285210626261E0,
-1.985824434841E1));
#460=CARTESIAN_POINT('',(-1.777360500571E2,-8.331929979951E0,
-2.039787537455E1));
#461=CARTESIAN_POINT('',(-1.793560814628E2,-8.284759613220E0,
-1.876836324158E1));
#462=CARTESIAN_POINT('',(-1.788150294872E2,-8.323493204003E0,
-1.930883360547E1));
#463=CARTESIAN_POINT('',(-1.782739775116E2,-8.362226794786E0,
-1.984930396937E1));
#464=CARTESIAN_POINT('',(-1.777329255360E2,-8.400960385569E0,
-2.038977433327E1));
#465=B_SPLINE_SURFACE_WITH_KNOTS('',3,3,((#421,#422,#423,#424),(#425,#426,#427,
#428),(#429,#430,#431,#432),(#433,#434,#435,#436),(#437,#438,#439,#440),(#441,
#442,#443,#444),(#445,#446,#447,#448),(#449,#450,#451,#452),(#453,#454,#455,
#456),(#457,#458,#459,#460),(#461,#462,#463,#464)),.UNSPECIFIED.,.F.,.F.,.F.,(4,
1,1,1,1,1,1,1,4),(4,4),(-2.843488488255E-2,0.E0,1.666666666667E-1,
3.333333333333E-1,5.E-1,6.666666666667E-1,8.333333333333E-1,1.E0,
1.028638414367E0),(-3.123898362984E-1,1.312389836298E0),.UNSPECIFIED.);
#466=ORIENTED_EDGE('',*,*,#412,.T.);
#467=ORIENTED_EDGE('',*,*,#310,.T.);
#469=ORIENTED_EDGE('',*,*,#468,.F.);
#471=ORIENTED_EDGE('',*,*,#470,.F.);
#472=EDGE_LOOP('',(#466,#467,#469,#471));
#473=FACE_OUTER_BOUND('',#472,.F.);
#474=ADVANCED_FACE('',(#473),#465,.F.);
#475=CARTESIAN_POINT('',(-1.7905E2,-6.972866992652E1,-1.292532882341E1));
#476=DIRECTION('',(0.E0,-1.158039878910E-1,-9.932720857794E-1));
#477=DIRECTION('',(0.E0,9.932720857794E-1,-1.158039878910E-1));
#478=AXIS2_PLACEMENT_3D('',#475,#476,#477);
#479=PLANE('',#478);
#480=ORIENTED_EDGE('',*,*,#308,.T.);
#481=ORIENTED_EDGE('',*,*,#333,.T.);
#483=ORIENTED_EDGE('',*,*,#482,.T.);
#485=ORIENTED_EDGE('',*,*,#484,.T.);
#487=ORIENTED_EDGE('',*,*,#486,.T.);
#488=ORIENTED_EDGE('',*,*,#468,.T.);
#489=EDGE_LOOP('',(#480,#481,#483,#485,#487,#488));
#490=FACE_OUTER_BOUND('',#489,.F.);
#492=ORIENTED_EDGE('',*,*,#491,.T.);
#494=ORIENTED_EDGE('',*,*,#493,.T.);
#495=EDGE_LOOP('',(#492,#494));
#496=FACE_BOUND('',#495,.F.);
#497=ADVANCED_FACE('',(#490,#496),#479,.T.);
#498=CARTESIAN_POINT('',(1.7855E2,-3.889079383397E1,-1.601728023690E1));
#499=DIRECTION('',(7.071067811865E-1,-8.188578512616E-2,-7.023494274179E-1));
#500=DIRECTION('',(-7.071067811866E-1,-8.188578512616E-2,-7.023494274179E-1));
#501=AXIS2_PLACEMENT_3D('',#498,#499,#500);
#502=PLANE('',#501);
#503=ORIENTED_EDGE('',*,*,#331,.T.);
#505=ORIENTED_EDGE('',*,*,#504,.T.);
#507=ORIENTED_EDGE('',*,*,#506,.T.);
#508=ORIENTED_EDGE('',*,*,#482,.F.);
#509=EDGE_LOOP('',(#503,#505,#507,#508));
#510=FACE_OUTER_BOUND('',#509,.F.);
#511=ADVANCED_FACE('',(#510),#502,.T.);
#512=CARTESIAN_POINT('',(1.7905E2,0.E0,0.E0));
#513=DIRECTION('',(1.E0,0.E0,0.E0));
#514=DIRECTION('',(0.E0,-1.E0,0.E0));
#515=AXIS2_PLACEMENT_3D('',#512,#513,#514);
#516=PLANE('',#515);
#517=ORIENTED_EDGE('',*,*,#504,.F.);
#518=ORIENTED_EDGE('',*,*,#329,.F.);
#520=ORIENTED_EDGE('',*,*,#519,.F.);
#522=ORIENTED_EDGE('',*,*,#521,.F.);
#523=EDGE_LOOP('',(#517,#518,#520,#522));
#524=FACE_OUTER_BOUND('',#523,.F.);
#525=ADVANCED_FACE('',(#524),#516,.T.);
#526=CARTESIAN_POINT('',(1.7855E2,-3.725415851881E1,-5.E-1));
#527=DIRECTION('',(7.071067811865E-1,0.E0,7.071067811865E-1));
#528=DIRECTION('',(-7.071067811865E-1,0.E0,7.071067811865E-1));
#529=AXIS2_PLACEMENT_3D('',#526,#527,#528);
#530=PLANE('',#529);
#531=ORIENTED_EDGE('',*,*,#327,.T.);
#533=ORIENTED_EDGE('',*,*,#532,.F.);
#535=ORIENTED_EDGE('',*,*,#534,.F.);
#536=ORIENTED_EDGE('',*,*,#519,.T.);
#537=EDGE_LOOP('',(#531,#533,#535,#536));
#538=FACE_OUTER_BOUND('',#537,.F.);
#539=ADVANCED_FACE('',(#538),#530,.T.);
#540=CARTESIAN_POINT('',(-1.7905E2,0.E0,0.E0));
#541=DIRECTION('',(0.E0,0.E0,1.E0));
#542=DIRECTION('',(0.E0,-1.E0,0.E0));
#543=AXIS2_PLACEMENT_3D('',#540,#541,#542);
#544=PLANE('',#543);
#545=ORIENTED_EDGE('',*,*,#532,.T.);
#546=ORIENTED_EDGE('',*,*,#325,.F.);
#547=ORIENTED_EDGE('',*,*,#347,.T.);
#548=ORIENTED_EDGE('',*,*,#401,.T.);
#550=ORIENTED_EDGE('',*,*,#549,.T.);
#552=ORIENTED_EDGE('',*,*,#551,.T.);
#553=EDGE_LOOP('',(#545,#546,#547,#548,#550,#552));
#554=FACE_OUTER_BOUND('',#553,.F.);
#555=ADVANCED_FACE('',(#554),#544,.T.);
#556=CARTESIAN_POINT('',(1.421085471520E-14,-6.133515671451E-1,
-5.522642316338E-1));
#557=DIRECTION('',(0.E0,7.431448254774E-1,6.691306063589E-1));
#558=DIRECTION('',(0.E0,-6.691306063589E-1,7.431448254774E-1));
#559=AXIS2_PLACEMENT_3D('',#556,#557,#558);
#560=PLANE('',#559);
#562=ORIENTED_EDGE('',*,*,#561,.T.);
#564=ORIENTED_EDGE('',*,*,#563,.T.);
#565=ORIENTED_EDGE('',*,*,#549,.F.);
#566=ORIENTED_EDGE('',*,*,#399,.F.);
#567=EDGE_LOOP('',(#562,#564,#565,#566));
#568=FACE_OUTER_BOUND('',#567,.F.);
#569=ADVANCED_FACE('',(#568),#560,.T.);
#570=CARTESIAN_POINT('',(-1.7905E2,-2.186168093526E0,-2.08E1));
#571=DIRECTION('',(0.E0,9.945218953683E-1,-1.045284632677E-1));
#572=DIRECTION('',(0.E0,1.045284632677E-1,9.945218953683E-1));
#573=AXIS2_PLACEMENT_3D('',#570,#571,#572);
#574=PLANE('',#573);
#576=ORIENTED_EDGE('',*,*,#575,.F.);
#578=ORIENTED_EDGE('',*,*,#577,.T.);
#579=ORIENTED_EDGE('',*,*,#561,.F.);
#580=ORIENTED_EDGE('',*,*,#414,.T.);
#581=EDGE_LOOP('',(#576,#578,#579,#580));
#582=FACE_OUTER_BOUND('',#581,.F.);
#583=ADVANCED_FACE('',(#582),#574,.T.);
#584=CARTESIAN_POINT('',(1.421085471520E-14,-2.635609956400E0,
-2.023850293748E1));
#585=DIRECTION('',(0.E0,6.249020698231E-1,-7.807031466126E-1));
#586=DIRECTION('',(0.E0,-7.807031466126E-1,-6.249020698231E-1));
#587=AXIS2_PLACEMENT_3D('',#584,#585,#586);
#588=PLANE('',#587);
#589=ORIENTED_EDGE('',*,*,#575,.T.);
#590=ORIENTED_EDGE('',*,*,#470,.T.);
#591=ORIENTED_EDGE('',*,*,#486,.F.);
#593=ORIENTED_EDGE('',*,*,#592,.F.);
#594=EDGE_LOOP('',(#589,#590,#591,#593));
#595=FACE_OUTER_BOUND('',#594,.F.);
#596=ADVANCED_FACE('',(#595),#588,.T.);
#597=CARTESIAN_POINT('',(1.793560162516E2,-8.285135103558E0,-1.876832036115E1));
#598=CARTESIAN_POINT('',(1.788149698710E2,-8.323836446528E0,-1.930879411444E1));
#599=CARTESIAN_POINT('',(1.782739234905E2,-8.362537789498E0,-1.984926786772E1));
#600=CARTESIAN_POINT('',(1.777328771099E2,-8.401239132468E0,-2.038974162101E1));
#601=CARTESIAN_POINT('',(1.793602693340E2,-8.192065334968E0,-1.877894878846E1));
#602=CARTESIAN_POINT('',(1.788188580456E2,-8.238759489684E0,-1.931858246312E1));
#603=CARTESIAN_POINT('',(1.782774467572E2,-8.285453644400E0,-1.985821613779E1));
#604=CARTESIAN_POINT('',(1.777360354688E2,-8.332147799115E0,-2.039784981246E1));
#605=CARTESIAN_POINT('',(1.793748164403E2,-7.552299786978E0,-1.885200904982E1));
#606=CARTESIAN_POINT('',(1.788321570329E2,-7.653936837743E0,-1.938586799204E1));
#607=CARTESIAN_POINT('',(1.782894976254E2,-7.755573888508E0,-1.991972693426E1));
#608=CARTESIAN_POINT('',(1.777468382179E2,-7.857210939273E0,-2.045358587648E1));
#609=CARTESIAN_POINT('',(1.792167446378E2,-6.359243876773E0,-1.898825423619E1));
#610=CARTESIAN_POINT('',(1.786876475448E2,-6.563339922208E0,-1.951134430557E1));
#611=CARTESIAN_POINT('',(1.781585504517E2,-6.767435967643E0,-2.003443437494E1));
#612=CARTESIAN_POINT('',(1.776294533587E2,-6.971532013078E0,-2.055752444432E1));
#613=CARTESIAN_POINT('',(1.785759254542E2,-4.826968555780E0,-1.916323776817E1));
#614=CARTESIAN_POINT('',(1.781018096507E2,-5.162655772177E0,-1.967249704762E1));
#615=CARTESIAN_POINT('',(1.776276938472E2,-5.498342988575E0,-2.018175632707E1));
#616=CARTESIAN_POINT('',(1.771535780437E2,-5.834030204972E0,-2.069101560652E1));
#617=CARTESIAN_POINT('',(1.775573860300E2,-3.511741007879E0,-1.931343477155E1));
#618=CARTESIAN_POINT('',(1.771706593209E2,-3.960379372520E0,-1.981082240709E1));
#619=CARTESIAN_POINT('',(1.767839326118E2,-4.409017737160E0,-2.030821004262E1));
#620=CARTESIAN_POINT('',(1.763972059026E2,-4.857656101800E0,-2.080559767816E1));
#621=CARTESIAN_POINT('',(1.762297785805E2,-2.503989233135E0,-1.942851850515E1));
#622=CARTESIAN_POINT('',(1.759569585360E2,-3.039172877622E0,-1.991680986519E1));
#623=CARTESIAN_POINT('',(1.756841384915E2,-3.574356522109E0,-2.040510122524E1));
#624=CARTESIAN_POINT('',(1.754113184470E2,-4.109540166596E0,-2.089339258528E1));
#625=CARTESIAN_POINT('',(1.746896519354E2,-1.874855974800E0,-1.950036457490E1));
#626=CARTESIAN_POINT('',(1.745489723170E2,-2.464069304373E0,-1.998297718622E1));
#627=CARTESIAN_POINT('',(1.744082926985E2,-3.053282633946E0,-2.046558979754E1));
#628=CARTESIAN_POINT('',(1.742676130801E2,-3.642495963519E0,-2.094820240887E1));
#629=CARTESIAN_POINT('',(1.735014606778E2,-1.721445520698E0,-1.951788381751E1));
#630=CARTESIAN_POINT('',(1.734627261370E2,-2.323833672423E0,-1.999911169922E1));
#631=CARTESIAN_POINT('',(1.734239915962E2,-2.926221824148E0,-2.048033958093E1));
#632=CARTESIAN_POINT('',(1.733852570554E2,-3.528609975873E0,-2.096156746264E1));
#633=CARTESIAN_POINT('',(1.728624046785E2,-1.735681483260E0,-1.951625809204E1));
#634=CARTESIAN_POINT('',(1.728785000360E2,-2.336847056798E0,-1.999761447190E1));
#635=CARTESIAN_POINT('',(1.728945953936E2,-2.938012630335E0,-2.047897085176E1));
#636=CARTESIAN_POINT('',(1.729106907512E2,-3.539178203873E0,-2.096032723162E1));
#637=CARTESIAN_POINT('',(1.727687675507E2,-1.739865016673E0,-1.951578033883E1));
#638=CARTESIAN_POINT('',(1.727928968071E2,-2.340671310205E0,-1.999717448054E1));
#639=CARTESIAN_POINT('',(1.728170260636E2,-2.941477603736E0,-2.047856862225E1));
#640=CARTESIAN_POINT('',(1.728411553200E2,-3.542283897267E0,-2.095996276396E1));
#641=B_SPLINE_SURFACE_WITH_KNOTS('',3,3,((#597,#598,#599,#600),(#601,#602,#603,
#604),(#605,#606,#607,#608),(#609,#610,#611,#612),(#613,#614,#615,#616),(#617,
#618,#619,#620),(#621,#622,#623,#624),(#625,#626,#627,#628),(#629,#630,#631,
#632),(#633,#634,#635,#636),(#637,#638,#639,#640)),.UNSPECIFIED.,.F.,.F.,.F.,(4,
1,1,1,1,1,1,1,4),(4,4),(-2.844035631405E-2,0.E0,1.666666666667E-1,
3.333333333333E-1,5.E-1,6.666666666667E-1,8.333333333333E-1,1.E0,
1.028662687821E0),(-3.123898362984E-1,1.312389836298E0),.UNSPECIFIED.);
#643=ORIENTED_EDGE('',*,*,#642,.T.);
#644=ORIENTED_EDGE('',*,*,#592,.T.);
#645=ORIENTED_EDGE('',*,*,#484,.F.);
#646=ORIENTED_EDGE('',*,*,#506,.F.);
#647=EDGE_LOOP('',(#643,#644,#645,#646));
#648=FACE_OUTER_BOUND('',#647,.F.);
#649=ADVANCED_FACE('',(#648),#641,.F.);
#650=CARTESIAN_POINT('',(1.7305E2,-1.106910649763E1,-4.791488E1));
#651=DIRECTION('',(0.E0,1.045284632677E-1,9.945218953683E-1));
#652=DIRECTION('',(1.E0,0.E0,0.E0));
#653=AXIS2_PLACEMENT_3D('',#650,#651,#652);
#654=CYLINDRICAL_SURFACE('',#653,6.E0);
#655=ORIENTED_EDGE('',*,*,#642,.F.);
#656=ORIENTED_EDGE('',*,*,#521,.T.);
#658=ORIENTED_EDGE('',*,*,#657,.F.);
#659=ORIENTED_EDGE('',*,*,#577,.F.);
#660=EDGE_LOOP('',(#655,#656,#658,#659));
#661=FACE_OUTER_BOUND('',#660,.F.);
#662=ADVANCED_FACE('',(#661),#654,.T.);
#663=CARTESIAN_POINT('',(1.727698387666E2,1.882601340902E-1,-1.449434855209E0));
#664=CARTESIAN_POINT('',(1.727938718397E2,-3.498279811301E-1,
-8.512862906453E-1));
#665=CARTESIAN_POINT('',(1.728179049129E2,-8.879160963504E-1,
-2.531377260812E-1));
#666=CARTESIAN_POINT('',(1.728419379861E2,-1.426004211571E0,3.450108384829E-1));
#667=CARTESIAN_POINT('',(1.728630829831E2,1.924823855303E-1,-1.449526319105E0));
#668=CARTESIAN_POINT('',(1.728791176586E2,-3.459648505153E-1,
-8.513400094865E-1));
#669=CARTESIAN_POINT('',(1.728951523342E2,-8.844120865608E-1,
-2.531536998675E-1));
#670=CARTESIAN_POINT('',(1.729111870097E2,-1.422859322606E0,3.450326097514E-1));
#671=CARTESIAN_POINT('',(1.735052201999E2,2.069546584956E-1,-1.449839822579E0));
#672=CARTESIAN_POINT('',(1.734661702503E2,-3.327235068246E-1,
-8.515241372576E-1));
#673=CARTESIAN_POINT('',(1.734271203006E2,-8.724016721448E-1,
-2.532084519360E-1));
#674=CARTESIAN_POINT('',(1.733880703510E2,-1.412079837465E0,3.451072333855E-1));
#675=CARTESIAN_POINT('',(1.747023601355E2,4.931660074504E-2,-1.446425011457E0));
#676=CARTESIAN_POINT('',(1.745605872216E2,-4.769537674347E-1,
-8.495185404671E-1));
#677=CARTESIAN_POINT('',(1.744188143076E2,-1.003224135615E0,
-2.526120694774E-1));
#678=CARTESIAN_POINT('',(1.742770413937E2,-1.529494503794E0,3.442944015123E-1));
#679=CARTESIAN_POINT('',(1.762424094173E2,-5.907930780736E-1,
-1.432558728281E0));
#680=CARTESIAN_POINT('',(1.759685064574E2,-1.062619499064E0,
-8.413745547424E-1));
#681=CARTESIAN_POINT('',(1.756946034975E2,-1.534445920055E0,
-2.501903812038E-1));
#682=CARTESIAN_POINT('',(1.754207005375E2,-2.006272341046E0,3.409937923349E-1));
#683=CARTESIAN_POINT('',(1.775663836447E2,-1.609877982297E0,-1.410482954204E0));
#684=CARTESIAN_POINT('',(1.771788847420E2,-1.995026681169E0,
-8.284089469681E-1));
#685=CARTESIAN_POINT('',(1.767913858393E2,-2.380175380041E0,
-2.463349397321E-1));
#686=CARTESIAN_POINT('',(1.764038869365E2,-2.765324078913E0,3.357390675040E-1));
#687=CARTESIAN_POINT('',(1.785830154364E2,-2.940862841741E0,-1.381650676482E0));
#688=CARTESIAN_POINT('',(1.781082913802E2,-3.212806673073E0,
-8.114750898409E-1));
#689=CARTESIAN_POINT('',(1.776335673240E2,-3.484750504405E0,
-2.412995032002E-1));
#690=CARTESIAN_POINT('',(1.771588432678E2,-3.756694335738E0,3.288760834405E-1));
#691=CARTESIAN_POINT('',(1.792191832829E2,-4.487790486027E0,-1.348140631421E0));
#692=CARTESIAN_POINT('',(1.786898769412E2,-4.628157917459E0,
-7.917938728090E-1));
#693=CARTESIAN_POINT('',(1.781605705996E2,-4.768525348891E0,
-2.354471141970E-1));
#694=CARTESIAN_POINT('',(1.776312642580E2,-4.908892780322E0,3.208996444150E-1));
#695=CARTESIAN_POINT('',(1.793745526955E2,-5.682802160655E0,-1.322253734734E0));
#696=CARTESIAN_POINT('',(1.788319159180E2,-5.721538809775E0,
-7.765899054299E-1));
#697=CARTESIAN_POINT('',(1.782892791404E2,-5.760275458895E0,
-2.309260761255E-1));
#698=CARTESIAN_POINT('',(1.777466423629E2,-5.799012108015E0,3.147377531789E-1));
#699=CARTESIAN_POINT('',(1.793603237984E2,-6.324578912524E0,-1.308351464843E0));
#700=CARTESIAN_POINT('',(1.788189078364E2,-6.308720232615E0,
-7.684247838828E-1));
#701=CARTESIAN_POINT('',(1.782774918745E2,-6.292861552705E0,
-2.284981029227E-1));
#702=CARTESIAN_POINT('',(1.777360759125E2,-6.277002872796E0,3.114285780374E-1));
#703=CARTESIAN_POINT('',(1.793561849726E2,-6.417617270657E0,-1.306336058204E0));
#704=CARTESIAN_POINT('',(1.788151241148E2,-6.393843523373E0,
-7.672410893994E-1));
#705=CARTESIAN_POINT('',(1.782740632571E2,-6.370069776089E0,
-2.281461205952E-1));
#706=CARTESIAN_POINT('',(1.777330023993E2,-6.346296028805E0,3.109488482089E-1));
#707=B_SPLINE_SURFACE_WITH_KNOTS('',3,3,((#663,#664,#665,#666),(#667,#668,#669,
#670),(#671,#672,#673,#674),(#675,#676,#677,#678),(#679,#680,#681,#682),(#683,
#684,#685,#686),(#687,#688,#689,#690),(#691,#692,#693,#694),(#695,#696,#697,
#698),(#699,#700,#701,#702),(#703,#704,#705,#706)),.UNSPECIFIED.,.F.,.F.,.F.,(4,
1,1,1,1,1,1,1,4),(4,4),(-2.837620410415E-2,0.E0,1.666666666667E-1,
3.333333333333E-1,5.E-1,6.666666666667E-1,8.333333333333E-1,1.E0,
1.028310758730E0),(-3.123898369265E-1,1.312389836926E0),.UNSPECIFIED.);
#708=ORIENTED_EDGE('',*,*,#657,.T.);
#709=ORIENTED_EDGE('',*,*,#534,.T.);
#710=ORIENTED_EDGE('',*,*,#551,.F.);
#711=ORIENTED_EDGE('',*,*,#563,.F.);
#712=EDGE_LOOP('',(#708,#709,#710,#711));
#713=FACE_OUTER_BOUND('',#712,.F.);
#714=ADVANCED_FACE('',(#713),#707,.F.);
#715=CARTESIAN_POINT('',(2.502097623960E1,-3.663949670623E1,-1.678314207497E1));
#716=DIRECTION('',(0.E0,-1.158039878910E-1,-9.932720857794E-1));
#717=DIRECTION('',(-1.E0,0.E0,0.E0));
#718=AXIS2_PLACEMENT_3D('',#715,#716,#717);
#719=CYLINDRICAL_SURFACE('',#718,1.246087238849E1);
#720=ORIENTED_EDGE('',*,*,#491,.F.);
#722=ORIENTED_EDGE('',*,*,#721,.T.);
#724=ORIENTED_EDGE('',*,*,#723,.T.);
#726=ORIENTED_EDGE('',*,*,#725,.F.);
#727=EDGE_LOOP('',(#720,#722,#724,#726));
#728=FACE_OUTER_BOUND('',#727,.F.);
#729=ADVANCED_FACE('',(#728),#719,.T.);
#730=CARTESIAN_POINT('',(2.502097623960E1,-3.663949670623E1,-1.678314207497E1));
#731=DIRECTION('',(0.E0,-1.158039878910E-1,-9.932720857794E-1));
#732=DIRECTION('',(-1.E0,0.E0,0.E0));
#733=AXIS2_PLACEMENT_3D('',#730,#731,#732);
#734=CYLINDRICAL_SURFACE('',#733,1.246087238849E1);
#735=ORIENTED_EDGE('',*,*,#493,.F.);
#736=ORIENTED_EDGE('',*,*,#725,.T.);
#738=ORIENTED_EDGE('',*,*,#737,.T.);
#739=ORIENTED_EDGE('',*,*,#721,.F.);
#740=EDGE_LOOP('',(#735,#736,#738,#739));
#741=FACE_OUTER_BOUND('',#740,.F.);
#742=ADVANCED_FACE('',(#741),#734,.T.);
#743=CARTESIAN_POINT('',(-1.7905E2,-5.307670391283E0,-4.552486435219E1));
#744=DIRECTION('',(0.E0,-1.158039878910E-1,-9.932720857794E-1));
#745=DIRECTION('',(-1.E0,0.E0,0.E0));
#746=AXIS2_PLACEMENT_3D('',#743,#744,#745);
#747=PLANE('',#746);
#748=ORIENTED_EDGE('',*,*,#723,.F.);
#749=ORIENTED_EDGE('',*,*,#737,.F.);
#750=EDGE_LOOP('',(#748,#749));
#751=FACE_OUTER_BOUND('',#750,.F.);
#752=ADVANCED_FACE('',(#751),#747,.T.);
#756=DIMENSIONAL_EXPONENTS(0.E0,0.E0,0.E0,0.E0,0.E0,0.E0,0.E0);
#758=PLANE_ANGLE_MEASURE_WITH_UNIT(PLANE_ANGLE_MEASURE(1.745329251994E-2),#757);
#759=(CONVERSION_BASED_UNIT('DEGREE',#758)NAMED_UNIT(*)PLANE_ANGLE_UNIT());
#761=UNCERTAINTY_MEASURE_WITH_UNIT(LENGTH_MEASURE(3.681402264237E-2),#755,
'closure',
'Maximum model space distance between geometric entities at asserted connectivities');
#762=(GEOMETRIC_REPRESENTATION_CONTEXT(3)GLOBAL_UNCERTAINTY_ASSIGNED_CONTEXT((
#761))GLOBAL_UNIT_ASSIGNED_CONTEXT((#755,#759,#760))REPRESENTATION_CONTEXT
('ID1','3'));
#763=CARTESIAN_POINT('',(0.E0,0.E0,0.E0));
#764=DIRECTION('',(0.E0,0.E0,1.E0));
#765=DIRECTION('',(1.E0,0.E0,0.E0));
#768=APPLICATION_CONTEXT(
'CONFIGURATION CONTROLLED 3D DESIGNS OF MECHANICAL PARTS AND ASSEMBLIES');
#769=APPLICATION_PROTOCOL_DEFINITION('international standard',
'config_control_design',1994,#768);
#770=DESIGN_CONTEXT('',#768,'design');
#771=MECHANICAL_CONTEXT('',#768,'mechanical');
#772=PRODUCT('YAKELI','YAKELI','NOT SPECIFIED',(#771));
#773=PRODUCT_DEFINITION_FORMATION_WITH_SPECIFIED_SOURCE('1','LAST_VERSION',#772,
.MADE.);
#782=CARTESIAN_POINT('',(1.794161798646E2,6.961573190837E1,-3.661798645861E-1));
#783=DIRECTION('',(3.758336179287E-2,-9.521204851496E-1,-3.034041408333E-1));
#784=DIRECTION('',(-9.992934958841E-1,-3.580918800249E-2,-1.141100951958E-2));
#785=AXIS2_PLACEMENT_3D('',#782,#783,#784);
#786=ITEM_DEFINED_TRANSFORMATION('','',#766,#785);
#787=(REPRESENTATION_RELATIONSHIP('','',#767,#779)REPRESENTATION_RELATIONSHIP_WITH_TRANSFORMATION(#786)SHAPE_REPRESENTATION_RELATIONSHIP());
#788=CONTEXT_DEPENDENT_SHAPE_REPRESENTATION(#787,#781);
#789=DIRECTION('',(-1.E0,-6.935021913123E-14,-6.596338705296E-13));
#790=VECTOR('',#789,1.056845733320E2);
#791=CARTESIAN_POINT('',(-5.386542666782E1,-1.320180086762E1,
-1.080547810456E1));
#792=LINE('',#791,#790);
#793=DIRECTION('',(-1.678553336290E-9,1.045284632677E-1,9.945218953683E-1));
#794=VECTOR('',#793,9.688455615726E0);
#795=CARTESIAN_POINT('',(-1.595499999998E2,-1.320180086763E1,
-1.080547810463E1));
#796=LINE('',#795,#794);
#797=DIRECTION('',(-1.E0,-9.674718792112E-14,-9.204064754873E-13));
#798=VECTOR('',#797,1.055746636779E2);
#799=CARTESIAN_POINT('',(-5.397533633822E1,-1.218908149067E1,
-1.170096862391E0));
#800=LINE('',#799,#798);
#801=DIRECTION('',(-1.134366539018E-2,1.045217377556E-1,9.944579063953E-1));
#802=VECTOR('',#801,9.689079025071E0);
#803=CARTESIAN_POINT('',(-5.386542666782E1,-1.320180086762E1,
-1.080547810456E1));
#804=LINE('',#803,#802);
#805=DIRECTION('',(-1.E0,6.935021913123E-14,6.596506786293E-13));
#806=VECTOR('',#805,1.056845733320E2);
#807=CARTESIAN_POINT('',(1.865499999998E2,-1.320180086763E1,-1.080547810463E1));
#808=LINE('',#807,#806);
#809=DIRECTION('',(-1.134366539018E-2,-1.045217377556E-1,-9.944579063953E-1));
#810=VECTOR('',#809,9.689079025071E0);
#811=CARTESIAN_POINT('',(8.097533633822E1,-1.218908149067E1,-1.170096862391E0));
#812=LINE('',#811,#810);
#813=DIRECTION('',(-1.E0,9.674718792112E-14,9.203938562888E-13));
#814=VECTOR('',#813,1.055746636779E2);
#815=CARTESIAN_POINT('',(1.865500000161E2,-1.218908149068E1,-1.170096862489E0));
#816=LINE('',#815,#814);
#817=DIRECTION('',(-1.678562136983E-9,-1.045284632677E-1,-9.945218953683E-1));
#818=VECTOR('',#817,9.688455615726E0);
#819=CARTESIAN_POINT('',(1.865500000161E2,-1.218908149068E1,-1.170096862489E0));
#820=LINE('',#819,#818);
#821=DIRECTION('',(-2.620711318892E-9,-6.249020697960E-1,7.807031466343E-1));
#822=VECTOR('',#821,1.422212640125E0);
#823=CARTESIAN_POINT('',(-5.386542666409E1,-1.231305724512E1,
-1.191580398789E1));
#824=LINE('',#823,#822);
#825=DIRECTION('',(0.E0,9.932720857794E-1,-1.158039878910E-1));
#826=VECTOR('',#825,6.011860719624E0);
#827=CARTESIAN_POINT('',(-1.645385905193E2,-7.357710686978E0,
-1.249353983795E1));
#828=LINE('',#827,#826);
#829=CARTESIAN_POINT('',(-1.595499999998E2,-1.231305724512E1,
-1.191580398789E1));
#830=CARTESIAN_POINT('',(-1.599842863121E2,-1.231305724517E1,
-1.191580398789E1));
#831=CARTESIAN_POINT('',(-1.608572017376E2,-1.219907037444E1,
-1.192909353300E1));
#832=CARTESIAN_POINT('',(-1.620735735008E2,-1.169802189307E1,
-1.198750996602E1));
#833=CARTESIAN_POINT('',(-1.631188229407E2,-1.090123386010E1,
-1.208040619561E1));
#834=CARTESIAN_POINT('',(-1.639205679495E2,-9.862455447938E0,
-1.220151569258E1));
#835=CARTESIAN_POINT('',(-1.644240633708E2,-8.654912395072E0,
-1.234230118638E1));
#836=CARTESIAN_POINT('',(-1.645385905120E2,-7.788695123529E0,
-1.244329205873E1));
#837=CARTESIAN_POINT('',(-1.645385905193E2,-7.357710686978E0,
-1.249353983795E1));
#839=DIRECTION('',(-1.E0,0.E0,0.E0));
#840=VECTOR('',#839,1.056845733357E2);
#841=CARTESIAN_POINT('',(-5.386542666409E1,-1.231305724512E1,
-1.191580398789E1));
#842=LINE('',#841,#840);
#843=CARTESIAN_POINT('',(-5.033731858984E1,-1.086144447347E1,
-1.208504517592E1));
#844=CARTESIAN_POINT('',(-5.064533712424E1,-1.116739062256E1,
-1.204937540864E1));
#845=CARTESIAN_POINT('',(-5.134621358568E1,-1.170145288598E1,
-1.198710995210E1));
#846=CARTESIAN_POINT('',(-5.256676746203E1,-1.220098054844E1,
-1.192887082890E1));
#847=CARTESIAN_POINT('',(-5.343327776919E1,-1.231305723464E1,
-1.191580398911E1));
#848=CARTESIAN_POINT('',(-5.386542666409E1,-1.231305724512E1,
-1.191580398789E1));
#850=DIRECTION('',(-7.071068073528E-1,-7.023494057130E-1,8.188574534047E-2));
#851=VECTOR('',#850,1.930098243302E0);
#852=CARTESIAN_POINT('',(-4.897253298315E1,-9.505841119322E0,
-1.224309270915E1));
#853=LINE('',#852,#851);
#854=CARTESIAN_POINT('',(-4.401471862576E1,-1.443030128797E1,
-1.166895792526E1));
#855=DIRECTION('',(0.E0,1.158039878910E-1,9.932720857794E-1));
#856=DIRECTION('',(1.418772976814E-14,9.932720857794E-1,-1.158039878910E-1));
#857=AXIS2_PLACEMENT_3D('',#854,#855,#856);
#859=DIRECTION('',(-1.E0,-4.948281486454E-10,6.254385463274E-10));
#860=VECTOR('',#859,1.150294382748E2);
#861=CARTESIAN_POINT('',(7.101471927797E1,-7.466064005078E0,-1.248090705799E1));
#862=LINE('',#861,#860);
#863=CARTESIAN_POINT('',(7.101471862576E1,-1.443030128797E1,-1.166895792526E1));
#864=DIRECTION('',(0.E0,1.158039878910E-1,9.932720857794E-1));
#865=DIRECTION('',(7.071067811866E-1,7.023494274179E-1,-8.188578512616E-2));
#866=AXIS2_PLACEMENT_3D('',#863,#864,#865);
#868=DIRECTION('',(-7.071068316335E-1,7.023493855721E-1,-8.188570842141E-2));
#869=VECTOR('',#868,1.930097580960E0);
#870=CARTESIAN_POINT('',(7.733731858984E1,-1.086144447347E1,-1.208504517592E1));
#871=LINE('',#870,#869);
#872=CARTESIAN_POINT('',(8.086542666409E1,-1.231305724512E1,-1.191580398789E1));
#873=CARTESIAN_POINT('',(8.043044634864E1,-1.231305723450E1,-1.191580398913E1));
#874=CARTESIAN_POINT('',(7.955609804243E1,-1.219875255394E1,-1.192913058718E1));
#875=CARTESIAN_POINT('',(7.833814643070E1,-1.169605333150E1,-1.198773947743E1));
#876=CARTESIAN_POINT('',(7.764346096968E1,-1.116552709124E1,-1.204959267474E1));
#877=CARTESIAN_POINT('',(7.733731858984E1,-1.086144447347E1,-1.208504517592E1));
#879=DIRECTION('',(-1.E0,0.E0,0.E0));
#880=VECTOR('',#879,1.056845733357E2);
#881=CARTESIAN_POINT('',(1.865499999998E2,-1.231305724512E1,-1.191580398789E1));
#882=LINE('',#881,#880);
#883=CARTESIAN_POINT('',(1.915385905193E2,-7.357710686978E0,-1.249353983795E1));
#884=CARTESIAN_POINT('',(1.915385905120E2,-7.789045929410E0,-1.244325115884E1));
#885=CARTESIAN_POINT('',(1.914238946667E2,-8.655980107405E0,-1.234217670352E1));
#886=CARTESIAN_POINT('',(1.909194990921E2,-9.864344272827E0,-1.220129547754E1));
#887=CARTESIAN_POINT('',(1.901175170646E2,-1.090250502070E1,-1.208025799305E1));
#888=CARTESIAN_POINT('',(1.890718993038E2,-1.169896238414E1,-1.198740031569E1));
#889=CARTESIAN_POINT('',(1.878560896089E2,-1.219926460426E1,-1.192907088806E1));
#890=CARTESIAN_POINT('',(1.869839391906E2,-1.231305724517E1,-1.191580398789E1));
#891=CARTESIAN_POINT('',(1.865499999998E2,-1.231305724512E1,-1.191580398789E1));
#893=DIRECTION('',(0.E0,-9.932720857794E-1,1.158039878910E-1));
#894=VECTOR('',#893,6.011860719624E0);
#895=CARTESIAN_POINT('',(1.915385905193E2,-1.386297250582E0,-1.318973728392E1));
#896=LINE('',#895,#894);
#897=DIRECTION('',(-7.071067812031E-1,8.188578703276E-2,7.023494271790E-1));
#898=VECTOR('',#897,1.430349004731E0);
#899=CARTESIAN_POINT('',(-1.645385905193E2,-7.357710686978E0,
-1.249353983795E1));
#900=LINE('',#899,#898);
#901=DIRECTION('',(-7.070840290198E-1,7.391516337607E-2,7.032558030533E-1));
#902=VECTOR('',#901,1.430395029759E0);
#903=CARTESIAN_POINT('',(-1.645385905193E2,-1.386297250582E0,
-1.318973728392E1));
#904=LINE('',#903,#902);
#905=DIRECTION('',(1.E0,0.E0,0.E0));
#906=VECTOR('',#905,3.560771810385E2);
#907=CARTESIAN_POINT('',(-1.645385905193E2,-1.386297250582E0,
-1.318973728392E1));
#908=LINE('',#907,#906);
#909=DIRECTION('',(-7.070840290198E-1,-7.391516337607E-2,-7.032558030533E-1));
#910=VECTOR('',#909,1.430395029759E0);
#911=CARTESIAN_POINT('',(1.9255E2,-1.280569368265E0,-1.218380367859E1));
#912=LINE('',#911,#910);
#913=DIRECTION('',(7.051619993943E-1,-7.411551268475E-2,-7.051619993943E-1));
#914=VECTOR('',#913,1.434293795753E0);
#915=CARTESIAN_POINT('',(1.915385905193E2,-2.779044903984E-2,
-2.644084605116E-1));
#916=LINE('',#915,#914);
#917=DIRECTION('',(7.051619993943E-1,7.411551268475E-2,7.051619993943E-1));
#918=VECTOR('',#917,1.434293795753E0);
#919=CARTESIAN_POINT('',(-1.6555E2,-1.340938690527E-1,-1.275817941244E0));
#920=LINE('',#919,#918);
#921=DIRECTION('',(7.071067812031E-1,8.188578703276E-2,7.023494271790E-1));
#922=VECTOR('',#921,1.430349004731E0);
#923=CARTESIAN_POINT('',(1.915385905193E2,-7.357710686978E0,-1.249353983795E1));
#924=LINE('',#923,#922);
#925=DIRECTION('',(1.290976030917E-11,-6.249020698231E-1,7.807031466126E-1));
#926=VECTOR('',#925,1.422212640076E0);
#927=CARTESIAN_POINT('',(1.865499999998E2,-1.231305724512E1,-1.191580398789E1));
#928=LINE('',#927,#926);
#929=DIRECTION('',(2.620721310967E-9,-6.249020697960E-1,7.807031466343E-1));
#930=VECTOR('',#929,1.422212640125E0);
#931=CARTESIAN_POINT('',(8.086542666409E1,-1.231305724512E1,-1.191580398789E1));
#932=LINE('',#931,#930);
#933=DIRECTION('',(-5.000000083433E-1,-4.147502496958E-1,7.602514202775E-1));
#934=VECTOR('',#933,1.430349004472E0);
#935=CARTESIAN_POINT('',(7.733731858984E1,-1.086144447347E1,-1.208504517592E1));
#936=LINE('',#935,#934);
#937=DIRECTION('',(-4.999999215516E-1,-4.147503356842E-1,7.602514304480E-1));
#938=VECTOR('',#937,1.430348935012E0);
#939=CARTESIAN_POINT('',(7.597253340463E1,-9.505841623392E0,-1.224309258366E1));
#940=LINE('',#939,#938);
#941=DIRECTION('',(-1.633268448090E-7,-6.204636422917E-1,7.842352125441E-1));
#942=VECTOR('',#941,1.430348983815E0);
#943=CARTESIAN_POINT('',(7.101471927797E1,-7.466064005078E0,-1.248090705799E1));
#944=LINE('',#943,#942);
#945=DIRECTION('',(9.293174566675E-8,-6.204636422917E-1,7.842352125441E-1));
#946=VECTOR('',#945,1.430348950955E0);
#947=CARTESIAN_POINT('',(-4.401471899686E1,-7.466064061998E0,
-1.248090698605E1));
#948=LINE('',#947,#946);
#949=DIRECTION('',(4.999998042678E-1,-4.147504521787E-1,7.602514440300E-1));
#950=VECTOR('',#949,1.430348968585E0);
#951=CARTESIAN_POINT('',(-4.897253298315E1,-9.505841119322E0,
-1.224309270915E1));
#952=LINE('',#951,#950);
#953=DIRECTION('',(5.000000083433E-1,-4.147502496958E-1,7.602514202775E-1));
#954=VECTOR('',#953,1.430349004472E0);
#955=CARTESIAN_POINT('',(-5.033731858984E1,-1.086144447347E1,
-1.208504517592E1));
#956=LINE('',#955,#954);
#957=CARTESIAN_POINT('',(-4.962214407567E1,-1.145468208023E1,
-1.099762031377E1));
#958=CARTESIAN_POINT('',(-4.999259586623E1,-1.182280547757E1,
-1.095612761855E1));
#959=CARTESIAN_POINT('',(-5.083553892845E1,-1.246544336413E1,
-1.088407094418E1));
#960=CARTESIAN_POINT('',(-5.230350699934E1,-1.306666195745E1,
-1.081796591144E1));
#961=CARTESIAN_POINT('',(-5.334567587952E1,-1.320169697291E1,
-1.080448973451E1));
#962=CARTESIAN_POINT('',(-5.386542666782E1,-1.320180086762E1,
-1.080547810456E1));
#964=CARTESIAN_POINT('',(-4.973398418520E1,-1.042417464672E1,
-1.192997881551E0));
#965=CARTESIAN_POINT('',(-5.010371621606E1,-1.079573273048E1,
-1.187179900138E0));
#966=CARTESIAN_POINT('',(-5.094604737951E1,-1.144499603706E1,
-1.177387416181E0));
#967=CARTESIAN_POINT('',(-5.241171294172E1,-1.205207845122E1,
-1.169522915902E0));
#968=CARTESIAN_POINT('',(-5.345519847667E1,-1.218897751337E1,
-1.169107755131E0));
#969=CARTESIAN_POINT('',(-5.397533633822E1,-1.218908149067E1,
-1.170096862391E0));
#971=DIRECTION('',(-5.218211164596E-1,5.183103463351E-1,6.775375320223E-1));
#972=VECTOR('',#971,1.370535766879E0);
#973=CARTESIAN_POINT('',(-4.973398418520E1,-1.042417464672E1,
-1.192997881551E0));
#974=LINE('',#973,#972);
#975=DIRECTION('',(2.707813729347E-9,7.431448255097E-1,6.691306063230E-1));
#976=VECTOR('',#975,1.353530078166E0);
#977=CARTESIAN_POINT('',(-5.397533633822E1,-1.218908149067E1,
-1.170096862391E0));
#978=LINE('',#977,#976);
#979=DIRECTION('',(-8.379965825542E-10,7.431448254774E-1,6.691306063589E-1));
#980=VECTOR('',#979,1.353530078239E0);
#981=CARTESIAN_POINT('',(-1.595500000161E2,-1.218908149068E1,
-1.170096862489E0));
#982=LINE('',#981,#980);
#983=CARTESIAN_POINT('',(-1.595499999998E2,-1.320180086763E1,
-1.080547810463E1));
#984=CARTESIAN_POINT('',(-1.600723353129E2,-1.320180086769E1,
-1.080547810462E1));
#985=CARTESIAN_POINT('',(-1.611222298322E2,-1.306467619107E1,
-1.082119953114E1));
#986=CARTESIAN_POINT('',(-1.625852142226E2,-1.246192159219E1,
-1.089030570784E1));
#987=CARTESIAN_POINT('',(-1.638423823054E2,-1.150339627151E1,
-1.100020121144E1));
#988=CARTESIAN_POINT('',(-1.648066767282E2,-1.025375980475E1,
-1.114347278273E1));
#989=CARTESIAN_POINT('',(-1.654122530982E2,-8.801101614591E0,
-1.131002091653E1));
#990=CARTESIAN_POINT('',(-1.655499999913E2,-7.759054103250E0,
-1.142949228943E1));
#991=CARTESIAN_POINT('',(-1.6555E2,-7.240585432994E0,-1.148893503381E1));
#993=CARTESIAN_POINT('',(-1.595500000161E2,-1.218908149068E1,
-1.170096862489E0));
#994=CARTESIAN_POINT('',(-1.600711611047E2,-1.218908148501E1,
-1.170096862588E0));
#995=CARTESIAN_POINT('',(-1.611182797751E2,-1.205130955401E1,
-1.172515585149E0));
#996=CARTESIAN_POINT('',(-1.625796231207E2,-1.144473325478E1,
-1.183164632233E0));
#997=CARTESIAN_POINT('',(-1.638371335819E2,-1.047863209553E1,
-1.200125493950E0));
#998=CARTESIAN_POINT('',(-1.648036599972E2,-9.216610366735E0,
-1.222281534051E0));
#999=CARTESIAN_POINT('',(-1.654116212902E2,-7.747083588903E0,
-1.248080530595E0));
#1000=CARTESIAN_POINT('',(-1.655499999870E2,-6.691975933389E0,
-1.266603989418E0));
#1001=CARTESIAN_POINT('',(-1.6555E2,-6.167143583273E0,-1.275817940597E0));
#1003=DIRECTION('',(-1.292974445825E-11,-6.249020698231E-1,7.807031466126E-1));
#1004=VECTOR('',#1003,1.422212640076E0);
#1005=CARTESIAN_POINT('',(-1.595499999998E2,-1.231305724512E1,
-1.191580398789E1));
#1006=LINE('',#1005,#1004);
#1007=DIRECTION('',(0.E0,9.932720857803E-1,-1.158039878832E-1));
#1008=VECTOR('',#1007,6.000386148018E0);
#1009=CARTESIAN_POINT('',(-1.6555E2,-7.240585432994E0,-1.148893503381E1));
#1010=LINE('',#1009,#1008);
#1011=DIRECTION('',(0.E0,1.045284632677E-1,9.945218953683E-1));
#1012=VECTOR('',#1011,1.096806997226E1);
#1013=CARTESIAN_POINT('',(-1.6555E2,-1.280569368265E0,-1.218380367859E1));
#1014=LINE('',#1013,#1012);
#1015=DIRECTION('',(0.E0,1.E0,-1.072005809368E-10));
#1016=VECTOR('',#1015,6.033049714220E0);
#1017=CARTESIAN_POINT('',(-1.6555E2,-6.167143583273E0,-1.275817940597E0));
#1018=LINE('',#1017,#1016);
#1019=DIRECTION('',(0.E0,1.045284621081E-1,9.945218954901E-1));
#1020=VECTOR('',#1019,1.026937379612E1);
#1021=CARTESIAN_POINT('',(-1.6555E2,-7.240585432994E0,-1.148893503381E1));
#1022=LINE('',#1021,#1020);
#1023=DIRECTION('',(7.071067814126E-1,-3.092182575675E-9,7.071067809605E-1));
#1024=VECTOR('',#1023,1.430349004307E0);
#1025=CARTESIAN_POINT('',(-1.6555E2,-6.167143583273E0,-1.275817940597E0));
#1026=LINE('',#1025,#1024);
#1027=DIRECTION('',(0.E0,1.E0,0.E0));
#1028=VECTOR('',#1027,6.139353138656E0);
#1029=CARTESIAN_POINT('',(-1.645385905193E2,-6.167143587696E0,
-2.644084605116E-1));
#1030=LINE('',#1029,#1028);
#1031=DIRECTION('',(1.E0,0.E0,0.E0));
#1032=VECTOR('',#1031,3.560771810385E2);
#1033=CARTESIAN_POINT('',(-1.645385905193E2,-2.779044903984E-2,
-2.644084605116E-1));
#1034=LINE('',#1033,#1032);
#1035=DIRECTION('',(0.E0,-1.E0,0.E0));
#1036=VECTOR('',#1035,6.139353138656E0);
#1037=CARTESIAN_POINT('',(1.915385905193E2,-2.779044903984E-2,
-2.644084605116E-1));
#1038=LINE('',#1037,#1036);
#1039=CARTESIAN_POINT('',(1.915385905193E2,-6.167143587696E0,
-2.644084605116E-1));
#1040=CARTESIAN_POINT('',(1.915385905084E2,-6.604719395341E0,
-2.644084605116E-1));
#1041=CARTESIAN_POINT('',(1.914232984724E2,-7.484542969941E0,
-2.644084605116E-1));
#1042=CARTESIAN_POINT('',(1.909169268711E2,-8.709243359923E0,
-2.644084605116E-1));
#1043=CARTESIAN_POINT('',(1.901130133334E2,-9.759914918681E0,
-2.644084605116E-1));
#1044=CARTESIAN_POINT('',(1.890669788263E2,-1.056429444118E1,
-2.644084605116E-1));
#1045=CARTESIAN_POINT('',(1.878527076076E2,-1.106865689208E1,
-2.644084605116E-1));
#1046=CARTESIAN_POINT('',(1.869829381123E2,-1.118321261235E1,
-2.644084605116E-1));
#1047=CARTESIAN_POINT('',(1.865500000172E2,-1.118321261691E1,
-2.644084605116E-1));
#1049=DIRECTION('',(-1.E0,0.E0,0.E0));
#1050=VECTOR('',#1049,1.055746636827E2);
#1051=CARTESIAN_POINT('',(1.865500000172E2,-1.118321261691E1,
-2.644084605116E-1));
#1052=LINE('',#1051,#1050);
#1053=CARTESIAN_POINT('',(8.097533633455E1,-1.118321261691E1,
-2.644084605116E-1));
#1054=CARTESIAN_POINT('',(8.054032996185E1,-1.118321260234E1,
-2.644084605116E-1));
#1055=CARTESIAN_POINT('',(7.966597854548E1,-1.106748000993E1,
-2.644084605116E-1));
#1056=CARTESIAN_POINT('',(7.844849871113E1,-1.055845936811E1,
-2.644084605116E-1));
#1057=CARTESIAN_POINT('',(7.775460158602E1,-1.002132357836E1,
-2.644084605116E-1));
#1058=CARTESIAN_POINT('',(7.744915868922E1,-9.713811778723E0,
-2.644084605116E-1));
#1060=DIRECTION('',(-7.047160612191E-1,7.094894453478E-1,0.E0));
#1061=VECTOR('',#1060,2.095347726755E0);
#1062=CARTESIAN_POINT('',(7.744915868922E1,-9.713811778723E0,
-2.644084605116E-1));
#1063=LINE('',#1062,#1061);
#1064=CARTESIAN_POINT('',(7.597253349233E1,-8.227184682256E0,
-2.644084605116E-1));
#1065=CARTESIAN_POINT('',(7.553824909933E1,-7.789958837362E0,
-2.644084605116E-1));
#1066=CARTESIAN_POINT('',(7.455878342570E1,-7.028725331692E0,
-2.644084605116E-1));
#1067=CARTESIAN_POINT('',(7.278709160999E1,-6.304939989463E0,
-2.644084605116E-1));
#1068=CARTESIAN_POINT('',(7.161084879026E1,-6.159680789192E0,
-2.644084605116E-1));
#1069=CARTESIAN_POINT('',(7.101471889052E1,-6.159680724678E0,
-2.644084605116E-1));
#1071=DIRECTION('',(-1.E0,0.E0,0.E0));
#1072=VECTOR('',#1071,1.150294379631E2);
#1073=CARTESIAN_POINT('',(7.101471889052E1,-6.159680724678E0,
-2.644084605116E-1));
#1074=LINE('',#1073,#1072);
#1075=CARTESIAN_POINT('',(-4.401471907255E1,-6.159680724678E0,
-2.644084605116E-1));
#1076=CARTESIAN_POINT('',(-4.462820673071E1,-6.159680839692E0,
-2.644084605116E-1));
#1077=CARTESIAN_POINT('',(-4.585084345975E1,-6.317608580874E0,
-2.644084605116E-1));
#1078=CARTESIAN_POINT('',(-4.761405477313E1,-7.065750850305E0,
-2.644084605116E-1));
#1079=CARTESIAN_POINT('',(-4.855064549518E1,-7.802439125714E0,
-2.644084605116E-1));
#1080=CARTESIAN_POINT('',(-4.897253362521E1,-8.227184816036E0,
-2.644084605116E-1));
#1082=DIRECTION('',(-7.047160612191E-1,-7.094894453478E-1,0.E0));
#1083=VECTOR('',#1082,2.095347538198E0);
#1084=CARTESIAN_POINT('',(-4.897253362521E1,-8.227184816036E0,
-2.644084605116E-1));
#1085=LINE('',#1084,#1083);
#1086=CARTESIAN_POINT('',(-5.044915868922E1,-9.713811778723E0,
-2.644084605116E-1));
#1087=CARTESIAN_POINT('',(-5.075644557469E1,-1.002318005713E1,
-2.644084605116E-1));
#1088=CARTESIAN_POINT('',(-5.145678982955E1,-1.056394972721E1,
-2.644084605116E-1));
#1089=CARTESIAN_POINT('',(-5.267527229449E1,-1.106934538630E1,
-2.644084605116E-1));
#1090=CARTESIAN_POINT('',(-5.354287601705E1,-1.118321260249E1,
-2.644084605116E-1));
#1091=CARTESIAN_POINT('',(-5.397533633455E1,-1.118321261691E1,
-2.644084605116E-1));
#1093=DIRECTION('',(-1.E0,0.E0,0.E0));
#1094=VECTOR('',#1093,1.055746636827E2);
#1095=CARTESIAN_POINT('',(-5.397533633455E1,-1.118321261691E1,
-2.644084605116E-1));
#1096=LINE('',#1095,#1094);
#1097=CARTESIAN_POINT('',(-1.595500000172E2,-1.118321261691E1,
-2.644084605116E-1));
#1098=CARTESIAN_POINT('',(-1.599833224349E2,-1.118321261235E1,
-2.644084605116E-1));
#1099=CARTESIAN_POINT('',(-1.608539117801E2,-1.106845332143E1,
-2.644084605116E-1));
#1100=CARTESIAN_POINT('',(-1.620689264229E2,-1.056319579279E1,
-2.644084605116E-1));
#1101=CARTESIAN_POINT('',(-1.631144585720E2,-9.758466982194E0,
-2.644084605116E-1));
#1102=CARTESIAN_POINT('',(-1.639180598548E2,-8.707243922727E0,
-2.644084605116E-1));
#1103=CARTESIAN_POINT('',(-1.644235380337E2,-7.483185556298E0,
-2.644084605116E-1));
#1104=CARTESIAN_POINT('',(-1.645385905084E2,-6.604298538980E0,
-2.644084605116E-1));
#1105=CARTESIAN_POINT('',(-1.645385905193E2,-6.167143587696E0,
-2.644084605116E-1));
#1107=DIRECTION('',(0.E0,-9.932720857803E-1,1.158039878832E-1));
#1108=VECTOR('',#1107,6.000386148018E0);
#1109=CARTESIAN_POINT('',(1.9255E2,-1.280569368265E0,-1.218380367859E1));
#1110=LINE('',#1109,#1108);
#1111=DIRECTION('',(0.E0,-1.045284621081E-1,-9.945218954901E-1));
#1112=VECTOR('',#1111,1.026937379612E1);
#1113=CARTESIAN_POINT('',(1.9255E2,-6.167143583273E0,-1.275817940597E0));
#1114=LINE('',#1113,#1112);
#1115=DIRECTION('',(0.E0,-1.E0,1.072031572661E-10));
#1116=VECTOR('',#1115,6.033049714220E0);
#1117=CARTESIAN_POINT('',(1.9255E2,-1.340938690527E-1,-1.275817941244E0));
#1118=LINE('',#1117,#1116);
#1119=DIRECTION('',(0.E0,1.045284632677E-1,9.945218953683E-1));
#1120=VECTOR('',#1119,1.096806997226E1);
#1121=CARTESIAN_POINT('',(1.9255E2,-1.280569368265E0,-1.218380367859E1));
#1122=LINE('',#1121,#1120);
#1123=CARTESIAN_POINT('',(1.9255E2,-7.240585432994E0,-1.148893503381E1));
#1124=CARTESIAN_POINT('',(1.925499999913E2,-7.759476118446E0,
-1.142944390514E1));
#1125=CARTESIAN_POINT('',(1.924120501902E2,-8.802386058003E0,
-1.130987365432E1));
#1126=CARTESIAN_POINT('',(1.918053911658E2,-1.025603203581E1,
-1.114321227008E1));
#1127=CARTESIAN_POINT('',(1.908408116700E2,-1.150492546064E1,
-1.100002588898E1));
#1128=CARTESIAN_POINT('',(1.895832005914E2,-1.246305299034E1,
-1.089017599237E1));
#1129=CARTESIAN_POINT('',(1.881208922253E2,-1.306490984694E1,
-1.082117274235E1));
#1130=CARTESIAN_POINT('',(1.870719178149E2,-1.320180086769E1,
-1.080547810462E1));
#1131=CARTESIAN_POINT('',(1.865499999998E2,-1.320180086763E1,
-1.080547810463E1));
#1133=CARTESIAN_POINT('',(1.9255E2,-6.167143583273E0,-1.275817940597E0));
#1134=CARTESIAN_POINT('',(1.925499999870E2,-6.692481227211E0,
-1.266595118485E0));
#1135=CARTESIAN_POINT('',(1.924113331591E2,-7.748713183614E0,
-1.248051921448E0));
#1136=CARTESIAN_POINT('',(1.918022973076E2,-9.219010755095E0,
-1.222239392859E0));
#1137=CARTESIAN_POINT('',(1.908353953277E2,-1.048037038428E1,
-1.200094976571E0));
#1138=CARTESIAN_POINT('',(1.895772806645E2,-1.144605221478E1,
-1.183141476585E0));
#1139=CARTESIAN_POINT('',(1.881168314446E2,-1.205155394643E1,
-1.172511294599E0));
#1140=CARTESIAN_POINT('',(1.870706989028E2,-1.218908148502E1,
-1.170096862588E0));
#1141=CARTESIAN_POINT('',(1.865500000161E2,-1.218908149068E1,
-1.170096862489E0));
#1143=DIRECTION('',(-7.071067814126E-1,-3.092200583290E-9,7.071067809605E-1));
#1144=VECTOR('',#1143,1.430349004307E0);
#1145=CARTESIAN_POINT('',(1.9255E2,-6.167143583273E0,-1.275817940597E0));
#1146=LINE('',#1145,#1144);
#1147=DIRECTION('',(8.379965825542E-10,7.431448254774E-1,6.691306063589E-1));
#1148=VECTOR('',#1147,1.353530078239E0);
#1149=CARTESIAN_POINT('',(1.865500000161E2,-1.218908149068E1,
-1.170096862489E0));
#1150=LINE('',#1149,#1148);
#1151=DIRECTION('',(-2.707803230242E-9,7.431448255097E-1,6.691306063230E-1));
#1152=VECTOR('',#1151,1.353530078166E0);
#1153=CARTESIAN_POINT('',(8.097533633822E1,-1.218908149067E1,
-1.170096862391E0));
#1154=LINE('',#1153,#1152);
#1155=CARTESIAN_POINT('',(8.086542666782E1,-1.320180086762E1,
-1.080547810456E1));
#1156=CARTESIAN_POINT('',(8.034227051245E1,-1.320169629212E1,
-1.080448325880E1));
#1157=CARTESIAN_POINT('',(7.929067473328E1,-1.306397914464E1,
-1.081824880188E1));
#1158=CARTESIAN_POINT('',(7.782583656091E1,-1.245894583561E1,
-1.088479721847E1));
#1159=CARTESIAN_POINT('',(7.699033942489E1,-1.182056321890E1,
-1.095638035270E1));
#1160=CARTESIAN_POINT('',(7.662214407567E1,-1.145468208023E1,
-1.099762031377E1));
#1162=CARTESIAN_POINT('',(8.097533633822E1,-1.218908149067E1,
-1.170096862391E0));
#1163=CARTESIAN_POINT('',(8.045213626348E1,-1.218897690114E1,
-1.169101931951E0));
#1164=CARTESIAN_POINT('',(7.940053462018E1,-1.204983665527E1,
-1.169540972425E0));
#1165=CARTESIAN_POINT('',(7.793607460119E1,-1.143840313349E1,
-1.177484149238E0));
#1166=CARTESIAN_POINT('',(7.710149705776E1,-1.079350261215E1,
-1.187214820081E0));
#1167=CARTESIAN_POINT('',(7.673398418520E1,-1.042417464672E1,
-1.192997881551E0));
#1169=DIRECTION('',(-7.071068135640E-1,7.023494005856E-1,-8.188573568370E-2));
#1170=VECTOR('',#1169,1.930097405602E0);
#1171=CARTESIAN_POINT('',(7.662214407567E1,-1.145468208023E1,
-1.099762031377E1));
#1172=LINE('',#1171,#1170);
#1173=DIRECTION('',(6.083012301065E-9,1.158039942258E-1,9.932720850408E-1));
#1174=VECTOR('',#1173,1.003015189085E1);
#1175=CARTESIAN_POINT('',(7.525735904933E1,-1.009907932433E1,
-1.115566775977E1));
#1176=LINE('',#1175,#1174);
#1177=DIRECTION('',(-7.047160611168E-1,7.094894454493E-1,1.753588863221E-9));
#1178=VECTOR('',#1177,2.095347553895E0);
#1179=CARTESIAN_POINT('',(7.673398418520E1,-1.042417464672E1,
-1.192997881551E0));
#1180=LINE('',#1179,#1178);
#1181=DIRECTION('',(-1.134365773261E-2,-1.045217468640E-1,-9.944579055253E-1));
#1182=VECTOR('',#1181,9.859263401445E0);
#1183=CARTESIAN_POINT('',(7.673398418520E1,-1.042417464672E1,
-1.192997881551E0));
#1184=LINE('',#1183,#1182);
#1185=CARTESIAN_POINT('',(7.101471862576E1,-1.431317603671E1,
-1.066435312075E1));
#1186=DIRECTION('',(0.E0,1.158039878910E-1,9.932720857794E-1));
#1187=DIRECTION('',(7.071067811865E-1,7.023494274179E-1,-8.188578512616E-2));
#1188=AXIS2_PLACEMENT_3D('',#1185,#1186,#1187);
#1190=CARTESIAN_POINT('',(7.525735911034E1,-8.937547672682E0,
-1.192997877876E0));
#1191=CARTESIAN_POINT('',(7.488583976848E1,-8.562666446489E0,
-1.185745497878E0));
#1192=CARTESIAN_POINT('',(7.404749251034E1,-7.909594014384E0,
-1.173111284390E0));
#1193=CARTESIAN_POINT('',(7.253142957826E1,-7.288887837839E0,
-1.161103222249E0));
#1194=CARTESIAN_POINT('',(7.152487640298E1,-7.164285582378E0,
-1.158692691013E0));
#1195=CARTESIAN_POINT('',(7.101471878911E1,-7.164285529182E0,
-1.158692689984E0));
#1197=DIRECTION('',(-1.E0,-3.175861728575E-10,4.014133296378E-10));
#1198=VECTOR('',#1197,1.150294379083E2);
#1199=CARTESIAN_POINT('',(7.101471904436E1,-8.353543545324E0,
-1.135917701866E1));
#1200=LINE('',#1199,#1198);
#1201=DIRECTION('',(-3.649692875157E-9,1.158039944850E-1,9.932720850106E-1));
#1202=VECTOR('',#1201,1.026957712437E1);
#1203=CARTESIAN_POINT('',(-4.401471886394E1,-8.353543581856E0,
-1.135917697248E1));
#1204=LINE('',#1203,#1202);
#1205=DIRECTION('',(-1.E0,0.E0,0.E0));
#1206=VECTOR('',#1205,1.150294376905E2);
#1207=CARTESIAN_POINT('',(7.101471878911E1,-7.164285529182E0,
-1.158692689984E0));
#1208=LINE('',#1207,#1206);
#1209=DIRECTION('',(-2.485432484015E-8,1.158039904583E-1,9.932720854801E-1));
#1210=VECTOR('',#1209,1.026957716600E1);
#1211=CARTESIAN_POINT('',(7.101471904436E1,-8.353543545324E0,
-1.135917701866E1));
#1212=LINE('',#1211,#1210);
#1213=CARTESIAN_POINT('',(-4.401471862576E1,-1.431317603671E1,
-1.066435312075E1));
#1214=DIRECTION('',(0.E0,1.158039878910E-1,9.932720857794E-1));
#1215=DIRECTION('',(0.E0,9.932720857794E-1,-1.158039878910E-1));
#1216=AXIS2_PLACEMENT_3D('',#1213,#1214,#1215);
#1218=CARTESIAN_POINT('',(-4.401471890142E1,-7.164285529182E0,
-1.158692689984E0));
#1219=CARTESIAN_POINT('',(-4.453973224131E1,-7.164285624018E0,
-1.158692691819E0));
#1220=CARTESIAN_POINT('',(-4.558598335440E1,-7.299752570080E0,
-1.161313409266E0));
#1221=CARTESIAN_POINT('',(-4.709479420191E1,-7.941353286627E0,
-1.173725693154E0));
#1222=CARTESIAN_POINT('',(-4.789644129940E1,-8.573363852957E0,
-1.185952447843E0));
#1223=CARTESIAN_POINT('',(-4.825735919304E1,-8.937547756123E0,
-1.192997879491E0));
#1225=DIRECTION('',(-7.071067979803E-1,-7.023494135122E-1,8.188575937876E-2));
#1226=VECTOR('',#1225,1.930097830701E0);
#1227=CARTESIAN_POINT('',(-4.825735877882E1,-1.009907900082E1,
-1.115566784032E1));
#1228=LINE('',#1227,#1226);
#1229=DIRECTION('',(-1.134365773261E-2,1.045217468640E-1,9.944579055253E-1));
#1230=VECTOR('',#1229,9.859263401445E0);
#1231=CARTESIAN_POINT('',(-4.962214407567E1,-1.145468208023E1,
-1.099762031377E1));
#1232=LINE('',#1231,#1230);
#1233=DIRECTION('',(-7.047160611617E-1,-7.094894454047E-1,-9.831988391822E-10));
#1234=VECTOR('',#1233,2.095347436419E0);
#1235=CARTESIAN_POINT('',(-4.825735919304E1,-8.937547756123E0,
-1.192997879491E0));
#1236=LINE('',#1235,#1234);
#1237=DIRECTION('',(-4.129731834056E-8,1.158039532913E-1,9.932720898133E-1));
#1238=VECTOR('',#1237,1.003015192212E1);
#1239=CARTESIAN_POINT('',(-4.825735877882E1,-1.009907900082E1,
-1.115566784032E1));
#1240=LINE('',#1239,#1238);
#1241=DIRECTION('',(-5.218210646170E-1,5.183103995113E-1,6.775375312707E-1));
#1242=VECTOR('',#1241,1.370535765358E0);
#1243=CARTESIAN_POINT('',(-4.825735919304E1,-8.937547756123E0,
-1.192997879491E0));
#1244=LINE('',#1243,#1242);
#1245=DIRECTION('',(-1.272327786649E-7,7.469283727008E-1,6.649045089744E-1));
#1246=VECTOR('',#1245,1.344981448317E0);
#1247=CARTESIAN_POINT('',(-4.401471890142E1,-7.164285529182E0,
-1.158692689984E0));
#1248=LINE('',#1247,#1246);
#1249=DIRECTION('',(7.539686171707E-8,7.469283727008E-1,6.649045089744E-1));
#1250=VECTOR('',#1249,1.344981448317E0);
#1251=CARTESIAN_POINT('',(7.101471878911E1,-7.164285529182E0,
-1.158692689984E0));
#1252=LINE('',#1251,#1250);
#1253=DIRECTION('',(5.218210284526E-1,5.183104366905E-1,6.775375306818E-1));
#1254=VECTOR('',#1253,1.370535764167E0);
#1255=CARTESIAN_POINT('',(7.525735911034E1,-8.937547672682E0,
-1.192997877876E0));
#1256=LINE('',#1255,#1254);
#1257=DIRECTION('',(5.218211164596E-1,5.183103463351E-1,6.775375320223E-1));
#1258=VECTOR('',#1257,1.370535766879E0);
#1259=CARTESIAN_POINT('',(7.673398418520E1,-1.042417464672E1,
-1.192997881551E0));
#1260=LINE('',#1259,#1258);
#1261=CARTESIAN_POINT('',(-1.645385905193E2,-1.386297250582E0,
-1.318973728392E1));
#1262=CARTESIAN_POINT('',(-1.6555E2,-1.280569368265E0,-1.218380367859E1));
#1263=VERTEX_POINT('',#1261);
#1264=VERTEX_POINT('',#1262);
#1265=CARTESIAN_POINT('',(-1.6555E2,-7.240585432994E0,-1.148893503381E1));
#1266=VERTEX_POINT('',#1265);
#1267=CARTESIAN_POINT('',(-1.645385905193E2,-7.357710686978E0,
-1.249353983795E1));
#1268=VERTEX_POINT('',#1267);
#1269=VERTEX_POINT('',#829);
#1270=VERTEX_POINT('',#983);
#1271=CARTESIAN_POINT('',(-5.386542666409E1,-1.231305724512E1,
-1.191580398789E1));
#1272=VERTEX_POINT('',#1271);
#1273=CARTESIAN_POINT('',(-5.386542666782E1,-1.320180086762E1,
-1.080547810456E1));
#1274=VERTEX_POINT('',#1273);
#1275=VERTEX_POINT('',#843);
#1276=VERTEX_POINT('',#957);
#1277=CARTESIAN_POINT('',(-4.897253298315E1,-9.505841119322E0,
-1.224309270915E1));
#1278=VERTEX_POINT('',#1277);
#1279=CARTESIAN_POINT('',(-4.825735877882E1,-1.009907900082E1,
-1.115566784032E1));
#1280=VERTEX_POINT('',#1279);
#1281=CARTESIAN_POINT('',(-4.401471862576E1,-7.466063968789E0,
-1.248090710386E1));
#1282=VERTEX_POINT('',#1281);
#1283=CARTESIAN_POINT('',(-4.401471862576E1,-8.353543522033E0,
-1.135917704810E1));
#1284=VERTEX_POINT('',#1283);
#1285=CARTESIAN_POINT('',(7.101471927797E1,-7.466064005078E0,
-1.248090705799E1));
#1286=VERTEX_POINT('',#1285);
#1287=CARTESIAN_POINT('',(7.101471904436E1,-8.353543545324E0,
-1.135917701866E1));
#1288=VERTEX_POINT('',#1287);
#1289=CARTESIAN_POINT('',(7.597253381526E1,-9.505841853784E0,
-1.224309269543E1));
#1290=VERTEX_POINT('',#1289);
#1291=CARTESIAN_POINT('',(7.525735931288E1,-1.009907947220E1,
-1.115566783151E1));
#1292=VERTEX_POINT('',#1291);
#1293=CARTESIAN_POINT('',(7.733731858984E1,-1.086144447347E1,
-1.208504517592E1));
#1294=VERTEX_POINT('',#1293);
#1295=CARTESIAN_POINT('',(7.662214407567E1,-1.145468208023E1,
-1.099762031377E1));
#1296=VERTEX_POINT('',#1295);
#1297=VERTEX_POINT('',#872);
#1298=VERTEX_POINT('',#1155);
#1299=CARTESIAN_POINT('',(1.865499999998E2,-1.231305724512E1,
-1.191580398789E1));
#1300=VERTEX_POINT('',#1299);
#1301=CARTESIAN_POINT('',(1.865499999998E2,-1.320180086763E1,
-1.080547810463E1));
#1302=VERTEX_POINT('',#1301);
#1303=VERTEX_POINT('',#883);
#1304=VERTEX_POINT('',#1123);
#1305=CARTESIAN_POINT('',(1.9255E2,-1.280569368265E0,-1.218380367859E1));
#1306=CARTESIAN_POINT('',(1.915385905193E2,-1.386297250582E0,
-1.318973728392E1));
#1307=VERTEX_POINT('',#1305);
#1308=VERTEX_POINT('',#1306);
#1309=CARTESIAN_POINT('',(-1.6555E2,-1.340938690527E-1,-1.275817941244E0));
#1310=CARTESIAN_POINT('',(-1.645385905193E2,-2.779044903984E-2,
-2.644084605116E-1));
#1311=VERTEX_POINT('',#1309);
#1312=VERTEX_POINT('',#1310);
#1313=CARTESIAN_POINT('',(-1.645385905193E2,-6.167143587696E0,
-2.644084605116E-1));
#1314=VERTEX_POINT('',#1313);
#1315=CARTESIAN_POINT('',(-1.6555E2,-6.167143583273E0,-1.275817940597E0));
#1316=VERTEX_POINT('',#1315);
#1317=VERTEX_POINT('',#993);
#1318=VERTEX_POINT('',#1097);
#1319=CARTESIAN_POINT('',(-5.397533633822E1,-1.218908149067E1,
-1.170096862391E0));
#1320=VERTEX_POINT('',#1319);
#1321=CARTESIAN_POINT('',(-5.397533633455E1,-1.118321261691E1,
-2.644084605116E-1));
#1322=VERTEX_POINT('',#1321);
#1323=VERTEX_POINT('',#964);
#1324=VERTEX_POINT('',#1086);
#1325=CARTESIAN_POINT('',(-4.825735919304E1,-8.937547756123E0,
-1.192997879491E0));
#1326=VERTEX_POINT('',#1325);
#1327=CARTESIAN_POINT('',(-4.897253362521E1,-8.227184816036E0,
-2.644084605116E-1));
#1328=VERTEX_POINT('',#1327);
#1329=VERTEX_POINT('',#1218);
#1330=VERTEX_POINT('',#1075);
#1331=CARTESIAN_POINT('',(7.101471878911E1,-7.164285529182E0,
-1.158692689984E0));
#1332=VERTEX_POINT('',#1331);
#1333=CARTESIAN_POINT('',(7.101471889052E1,-6.159680724678E0,
-2.644084605116E-1));
#1334=VERTEX_POINT('',#1333);
#1335=VERTEX_POINT('',#1190);
#1336=VERTEX_POINT('',#1064);
#1337=CARTESIAN_POINT('',(7.673398418520E1,-1.042417464672E1,
-1.192997881551E0));
#1338=VERTEX_POINT('',#1337);
#1339=CARTESIAN_POINT('',(7.744915868922E1,-9.713811778723E0,
-2.644084605116E-1));
#1340=VERTEX_POINT('',#1339);
#1341=VERTEX_POINT('',#1162);
#1342=VERTEX_POINT('',#1053);
#1343=CARTESIAN_POINT('',(1.865500000161E2,-1.218908149068E1,
-1.170096862489E0));
#1344=VERTEX_POINT('',#1343);
#1345=CARTESIAN_POINT('',(1.865500000172E2,-1.118321261691E1,
-2.644084605116E-1));
#1346=VERTEX_POINT('',#1345);
#1347=VERTEX_POINT('',#1133);
#1348=VERTEX_POINT('',#1039);
#1349=CARTESIAN_POINT('',(1.915385905193E2,-2.779044903984E-2,
-2.644084605116E-1));
#1350=CARTESIAN_POINT('',(1.9255E2,-1.340938690527E-1,-1.275817941244E0));
#1351=VERTEX_POINT('',#1349);
#1352=VERTEX_POINT('',#1350);
#1353=CARTESIAN_POINT('',(-1.9255E2,-1.206609935476E1,0.E0));
#1354=DIRECTION('',(0.E0,-9.945218953683E-1,1.045284632677E-1));
#1355=DIRECTION('',(0.E0,-1.045284632677E-1,-9.945218953683E-1));
#1356=AXIS2_PLACEMENT_3D('',#1353,#1354,#1355);
#1357=PLANE('',#1356);
#1359=ORIENTED_EDGE('',*,*,#1358,.T.);
#1361=ORIENTED_EDGE('',*,*,#1360,.T.);
#1363=ORIENTED_EDGE('',*,*,#1362,.F.);
#1365=ORIENTED_EDGE('',*,*,#1364,.F.);
#1366=EDGE_LOOP('',(#1359,#1361,#1363,#1365));
#1367=FACE_OUTER_BOUND('',#1366,.F.);
#1368=ADVANCED_FACE('',(#1367),#1357,.T.);
#1369=CARTESIAN_POINT('',(-1.9255E2,-1.206609935476E1,0.E0));
#1370=DIRECTION('',(0.E0,-9.945218953683E-1,1.045284632677E-1));
#1371=DIRECTION('',(0.E0,-1.045284632677E-1,-9.945218953683E-1));
#1372=AXIS2_PLACEMENT_3D('',#1369,#1370,#1371);
#1373=PLANE('',#1372);
#1375=ORIENTED_EDGE('',*,*,#1374,.T.);
#1377=ORIENTED_EDGE('',*,*,#1376,.F.);
#1379=ORIENTED_EDGE('',*,*,#1378,.F.);
#1381=ORIENTED_EDGE('',*,*,#1380,.T.);
#1382=EDGE_LOOP('',(#1375,#1377,#1379,#1381));
#1383=FACE_OUTER_BOUND('',#1382,.F.);
#1384=ADVANCED_FACE('',(#1383),#1373,.T.);
#1385=CARTESIAN_POINT('',(-1.067077133522E2,-1.275742905637E1,
-1.136064104626E1));
#1386=DIRECTION('',(0.E0,-7.807031466126E-1,-6.249020698231E-1));
#1387=DIRECTION('',(0.E0,-6.249020698231E-1,7.807031466126E-1));
#1388=AXIS2_PLACEMENT_3D('',#1385,#1386,#1387);
#1389=PLANE('',#1388);
#1391=ORIENTED_EDGE('',*,*,#1390,.T.);
#1393=ORIENTED_EDGE('',*,*,#1392,.T.);
#1394=ORIENTED_EDGE('',*,*,#1358,.F.);
#1396=ORIENTED_EDGE('',*,*,#1395,.F.);
#1397=EDGE_LOOP('',(#1391,#1393,#1394,#1396));
#1398=FACE_OUTER_BOUND('',#1397,.F.);
#1399=ADVANCED_FACE('',(#1398),#1389,.T.);
#1400=CARTESIAN_POINT('',(-1.9255E2,-1.330632933090E1,-1.18E1));
#1401=DIRECTION('',(0.E0,-1.158039878910E-1,-9.932720857794E-1));
#1402=DIRECTION('',(0.E0,9.932720857794E-1,-1.158039878910E-1));
#1403=AXIS2_PLACEMENT_3D('',#1400,#1401,#1402);
#1404=PLANE('',#1403);
#1406=ORIENTED_EDGE('',*,*,#1405,.F.);
#1408=ORIENTED_EDGE('',*,*,#1407,.F.);
#1409=ORIENTED_EDGE('',*,*,#1390,.F.);
#1411=ORIENTED_EDGE('',*,*,#1410,.F.);
#1413=ORIENTED_EDGE('',*,*,#1412,.F.);
#1415=ORIENTED_EDGE('',*,*,#1414,.F.);
#1417=ORIENTED_EDGE('',*,*,#1416,.F.);
#1419=ORIENTED_EDGE('',*,*,#1418,.F.);
#1421=ORIENTED_EDGE('',*,*,#1420,.F.);
#1423=ORIENTED_EDGE('',*,*,#1422,.F.);
#1425=ORIENTED_EDGE('',*,*,#1424,.F.);
#1427=ORIENTED_EDGE('',*,*,#1426,.F.);
#1429=ORIENTED_EDGE('',*,*,#1428,.F.);
#1431=ORIENTED_EDGE('',*,*,#1430,.F.);
#1432=EDGE_LOOP('',(#1406,#1408,#1409,#1411,#1413,#1415,#1417,#1419,#1421,#1423,
#1425,#1427,#1429,#1431));
#1433=FACE_OUTER_BOUND('',#1432,.F.);
#1434=ADVANCED_FACE('',(#1433),#1404,.T.);
#1435=CARTESIAN_POINT('',(-1.650442952596E2,-4.313441329502E0,
-1.233933616027E1));
#1436=DIRECTION('',(-7.071067811865E-1,-8.188578512616E-2,-7.023494274179E-1));
#1437=DIRECTION('',(-7.071067811865E-1,8.188578512616E-2,7.023494274179E-1));
#1438=AXIS2_PLACEMENT_3D('',#1435,#1436,#1437);
#1439=PLANE('',#1438);
#1441=ORIENTED_EDGE('',*,*,#1440,.T.);
#1443=ORIENTED_EDGE('',*,*,#1442,.F.);
#1445=ORIENTED_EDGE('',*,*,#1444,.F.);
#1446=ORIENTED_EDGE('',*,*,#1405,.T.);
#1447=EDGE_LOOP('',(#1441,#1443,#1445,#1446));
#1448=FACE_OUTER_BOUND('',#1447,.F.);
#1449=ADVANCED_FACE('',(#1448),#1439,.T.);
#1450=CARTESIAN_POINT('',(-1.9255E2,-1.386297250582E0,-1.318973728392E1));
#1451=DIRECTION('',(0.E0,9.945218953683E-1,-1.045284632677E-1));
#1452=DIRECTION('',(0.E0,1.045284632677E-1,9.945218953683E-1));
#1453=AXIS2_PLACEMENT_3D('',#1450,#1451,#1452);
#1454=PLANE('',#1453);
#1455=ORIENTED_EDGE('',*,*,#1440,.F.);
#1456=ORIENTED_EDGE('',*,*,#1430,.T.);
#1458=ORIENTED_EDGE('',*,*,#1457,.F.);
#1460=ORIENTED_EDGE('',*,*,#1459,.T.);
#1462=ORIENTED_EDGE('',*,*,#1461,.F.);
#1464=ORIENTED_EDGE('',*,*,#1463,.F.);
#1466=ORIENTED_EDGE('',*,*,#1465,.F.);
#1468=ORIENTED_EDGE('',*,*,#1467,.F.);
#1469=EDGE_LOOP('',(#1455,#1456,#1458,#1460,#1462,#1464,#1466,#1468));
#1470=FACE_OUTER_BOUND('',#1469,.F.);
#1471=ADVANCED_FACE('',(#1470),#1454,.T.);
#1472=CARTESIAN_POINT('',(1.920442952596E2,-4.313441329502E0,
-1.233933616027E1));
#1473=DIRECTION('',(7.071067811865E-1,-8.188578512616E-2,-7.023494274179E-1));
#1474=DIRECTION('',(7.071067811865E-1,8.188578512616E-2,7.023494274179E-1));
#1475=AXIS2_PLACEMENT_3D('',#1472,#1473,#1474);
#1476=PLANE('',#1475);
#1477=ORIENTED_EDGE('',*,*,#1457,.T.);
#1478=ORIENTED_EDGE('',*,*,#1428,.T.);
#1480=ORIENTED_EDGE('',*,*,#1479,.T.);
#1482=ORIENTED_EDGE('',*,*,#1481,.F.);
#1483=EDGE_LOOP('',(#1477,#1478,#1480,#1482));
#1484=FACE_OUTER_BOUND('',#1483,.F.);
#1485=ADVANCED_FACE('',(#1484),#1476,.T.);
#1486=CARTESIAN_POINT('',(1.912044449496E2,-7.180605352402E0,
-1.284561796924E1));
#1487=CARTESIAN_POINT('',(1.917603209277E2,-7.090426895809E0,
-1.229557946016E1));
#1488=CARTESIAN_POINT('',(1.923161969059E2,-7.000248439215E0,
-1.174554095108E1));
#1489=CARTESIAN_POINT('',(1.928720728840E2,-6.910069982622E0,
-1.119550244200E1));
#1490=CARTESIAN_POINT('',(1.912078612419E2,-7.252216338925E0,
-1.283721081413E1));
#1491=CARTESIAN_POINT('',(1.917641452246E2,-7.170601278351E0,
-1.228627225558E1));
#1492=CARTESIAN_POINT('',(1.923204292072E2,-7.088986217776E0,
-1.173533369703E1));
#1493=CARTESIAN_POINT('',(1.928767131899E2,-7.007371157201E0,
-1.118439513849E1));
#1494=CARTESIAN_POINT('',(1.912191151428E2,-7.726480303424E0,
-1.278153205724E1));
#1495=CARTESIAN_POINT('',(1.917767431683E2,-7.701578702657E0,
-1.222463267244E1));
#1496=CARTESIAN_POINT('',(1.923343711937E2,-7.676677101890E0,
-1.166773328765E1));
#1497=CARTESIAN_POINT('',(1.928919992192E2,-7.651775501123E0,
-1.111083390285E1));
#1498=CARTESIAN_POINT('',(1.911024332198E2,-8.608352062257E0,
-1.267800000206E1));
#1499=CARTESIAN_POINT('',(1.916461260334E2,-8.688906037344E0,
-1.211001679109E1));
#1500=CARTESIAN_POINT('',(1.921898188469E2,-8.769460012431E0,
-1.154203358011E1));
#1501=CARTESIAN_POINT('',(1.927335116604E2,-8.850013987518E0,
-1.097405036913E1));
#1502=CARTESIAN_POINT('',(1.906313054326E2,-9.736922515887E0,
-1.254550543279E1));
#1503=CARTESIAN_POINT('',(1.911187318968E2,-9.952432946826E0,
-1.196333772619E1));
#1504=CARTESIAN_POINT('',(1.916061583611E2,-1.016794337776E1,
-1.138117001958E1));
#1505=CARTESIAN_POINT('',(1.920935848254E2,-1.038345380870E1,
-1.079900231298E1));
#1506=CARTESIAN_POINT('',(1.898822187416E2,-1.070652883154E1,
-1.243167330949E1));
#1507=CARTESIAN_POINT('',(1.902801824921E2,-1.103798643620E1,
-1.183731906401E1));
#1508=CARTESIAN_POINT('',(1.906781462425E2,-1.136944404086E1,
-1.124296481852E1));
#1509=CARTESIAN_POINT('',(1.910761099930E2,-1.170090164553E1,
-1.064861057303E1));
#1510=CARTESIAN_POINT('',(1.889055655103E2,-1.145039252536E1,
-1.234434344955E1));
#1511=CARTESIAN_POINT('',(1.891868884684E2,-1.187080263367E1,
-1.174063991916E1));
#1512=CARTESIAN_POINT('',(1.894682114266E2,-1.229121274197E1,
-1.113693638876E1));
#1513=CARTESIAN_POINT('',(1.897495343848E2,-1.271162285028E1,
-1.053323285837E1));
#1514=CARTESIAN_POINT('',(1.877699454418E2,-1.191765753501E1,
-1.228948637267E1));
#1515=CARTESIAN_POINT('',(1.879156424256E2,-1.239394399524E1,
-1.167991000105E1));
#1516=CARTESIAN_POINT('',(1.880613394094E2,-1.287023045547E1,
-1.107033362942E1));
#1517=CARTESIAN_POINT('',(1.882070363932E2,-1.334651691569E1,
-1.046075725780E1));
#1518=CARTESIAN_POINT('',(1.868827680604E2,-1.203340105230E1,
-1.227589804293E1));
#1519=CARTESIAN_POINT('',(1.869225101190E2,-1.252352832158E1,
-1.166486694365E1));
#1520=CARTESIAN_POINT('',(1.869622521776E2,-1.301365559087E1,
-1.105383584438E1));
#1521=CARTESIAN_POINT('',(1.870019942362E2,-1.350378286015E1,
-1.044280474510E1));
#1522=CARTESIAN_POINT('',(1.864056732128E2,-1.202225001488E1,
-1.227720717866E1));
#1523=CARTESIAN_POINT('',(1.863884364433E2,-1.251104382391E1,
-1.166631623170E1));
#1524=CARTESIAN_POINT('',(1.863711996738E2,-1.299983763294E1,
-1.105542528474E1));
#1525=CARTESIAN_POINT('',(1.863539629042E2,-1.348863144197E1,
-1.044453433779E1));
#1526=CARTESIAN_POINT('',(1.863336973375E2,-1.201886782581E1,
-1.227760424885E1));
#1527=CARTESIAN_POINT('',(1.863078645882E2,-1.250725718685E1,
-1.166675581109E1));
#1528=CARTESIAN_POINT('',(1.862820318389E2,-1.299564654788E1,
-1.105590737333E1));
#1529=CARTESIAN_POINT('',(1.862561990896E2,-1.348403590892E1,
-1.044505893557E1));
#1530=B_SPLINE_SURFACE_WITH_KNOTS('',3,3,((#1486,#1487,#1488,#1489),(#1490,
#1491,#1492,#1493),(#1494,#1495,#1496,#1497),(#1498,#1499,#1500,#1501),(#1502,
#1503,#1504,#1505),(#1506,#1507,#1508,#1509),(#1510,#1511,#1512,#1513),(#1514,
#1515,#1516,#1517),(#1518,#1519,#1520,#1521),(#1522,#1523,#1524,#1525),(#1526,
#1527,#1528,#1529)),.UNSPECIFIED.,.F.,.F.,.F.,(4,1,1,1,1,1,1,1,4),(4,4),(
-2.971730525491E-2,0.E0,1.666666666667E-1,3.333333333333E-1,5.E-1,
6.666666666667E-1,8.333333333333E-1,1.E0,1.029686550667E0),(-3.253146383385E-1,
1.325314638339E0),.UNSPECIFIED.);
#1531=ORIENTED_EDGE('',*,*,#1426,.T.);
#1533=ORIENTED_EDGE('',*,*,#1532,.T.);
#1535=ORIENTED_EDGE('',*,*,#1534,.F.);
#1536=ORIENTED_EDGE('',*,*,#1479,.F.);
#1537=EDGE_LOOP('',(#1531,#1533,#1535,#1536));
#1538=FACE_OUTER_BOUND('',#1537,.F.);
#1539=ADVANCED_FACE('',(#1538),#1530,.F.);
#1540=CARTESIAN_POINT('',(1.337077133522E2,-1.275742905637E1,
-1.136064104626E1));
#1541=DIRECTION('',(0.E0,-7.807031466126E-1,-6.249020698231E-1));
#1542=DIRECTION('',(0.E0,-6.249020698231E-1,7.807031466126E-1));
#1543=AXIS2_PLACEMENT_3D('',#1540,#1541,#1542);
#1544=PLANE('',#1543);
#1545=ORIENTED_EDGE('',*,*,#1424,.T.);
#1547=ORIENTED_EDGE('',*,*,#1546,.T.);
#1548=ORIENTED_EDGE('',*,*,#1374,.F.);
#1549=ORIENTED_EDGE('',*,*,#1532,.F.);
#1550=EDGE_LOOP('',(#1545,#1547,#1548,#1549));
#1551=FACE_OUTER_BOUND('',#1550,.F.);
#1552=ADVANCED_FACE('',(#1551),#1544,.T.);
#1553=CARTESIAN_POINT('',(8.108263856995E1,-1.201880841863E1,
-1.227743606599E1));
#1554=CARTESIAN_POINT('',(8.110857535804E1,-1.250722360857E1,
-1.166688078151E1));
#1555=CARTESIAN_POINT('',(8.113451214613E1,-1.299563879851E1,
-1.105632549702E1));
#1556=CARTESIAN_POINT('',(8.116044893422E1,-1.348405398845E1,
-1.044577021253E1));
#1557=CARTESIAN_POINT('',(8.101036276134E1,-1.202222413139E1,
-1.227709334256E1));
#1558=CARTESIAN_POINT('',(8.102766932786E1,-1.251103681950E1,
-1.166639783116E1));
#1559=CARTESIAN_POINT('',(8.104497589438E1,-1.299984950760E1,
-1.105570231977E1));
#1560=CARTESIAN_POINT('',(8.106228246091E1,-1.348866219570E1,
-1.044500680837E1));
#1561=CARTESIAN_POINT('',(8.053199733851E1,-1.203348884181E1,
-1.227615661020E1));
#1562=CARTESIAN_POINT('',(8.049218330474E1,-1.252357605555E1,
-1.166467555099E1));
#1563=CARTESIAN_POINT('',(8.045236927097E1,-1.301366326928E1,
-1.105319449178E1));
#1564=CARTESIAN_POINT('',(8.041255523720E1,-1.350375048302E1,
-1.044171343257E1));
#1565=CARTESIAN_POINT('',(7.964244422690E1,-1.191728172111E1,
-1.229051668826E1));
#1566=CARTESIAN_POINT('',(7.949640575003E1,-1.239333784291E1,
-1.167929868833E1));
#1567=CARTESIAN_POINT('',(7.935036727315E1,-1.286939396472E1,
-1.106808068840E1));
#1568=CARTESIAN_POINT('',(7.920432879627E1,-1.334545008652E1,
-1.045686268847E1));
#1569=CARTESIAN_POINT('',(7.850480807384E1,-1.144787307297E1,
-1.234654275843E1));
#1570=CARTESIAN_POINT('',(7.822293014244E1,-1.186762394480E1,
-1.173969316683E1));
#1571=CARTESIAN_POINT('',(7.794105221104E1,-1.228737481664E1,
-1.113284357523E1));
#1572=CARTESIAN_POINT('',(7.765917427964E1,-1.270712568848E1,
-1.052599398363E1));
#1573=CARTESIAN_POINT('',(7.779785370268E1,-1.090809041739E1,
-1.241048345560E1));
#1574=CARTESIAN_POINT('',(7.743156545346E1,-1.126318621125E1,
-1.180946652565E1));
#1575=CARTESIAN_POINT('',(7.706527720424E1,-1.161828200511E1,
-1.120844959571E1));
#1576=CARTESIAN_POINT('',(7.669898895502E1,-1.197337779897E1,
-1.060743266577E1));
#1577=CARTESIAN_POINT('',(7.746883140648E1,-1.056562440818E1,
-1.245095436979E1));
#1578=CARTESIAN_POINT('',(7.706325921817E1,-1.087971742712E1,
-1.185379890158E1));
#1579=CARTESIAN_POINT('',(7.665768702986E1,-1.119381044606E1,
-1.125664343336E1));
#1580=CARTESIAN_POINT('',(7.625211484156E1,-1.150790346499E1,
-1.065948796514E1));
#1581=CARTESIAN_POINT('',(7.742017287310E1,-1.051251975378E1,
-1.245722810708E1));
#1582=CARTESIAN_POINT('',(7.700879108675E1,-1.082025500681E1,
-1.186067459827E1));
#1583=CARTESIAN_POINT('',(7.659740930040E1,-1.112799025984E1,
-1.126412108947E1));
#1584=CARTESIAN_POINT('',(7.618602751405E1,-1.143572551288E1,
-1.066756758067E1));
#1585=B_SPLINE_SURFACE_WITH_KNOTS('',3,3,((#1553,#1554,#1555,#1556),(#1557,
#1558,#1559,#1560),(#1561,#1562,#1563,#1564),(#1565,#1566,#1567,#1568),(#1569,
#1570,#1571,#1572),(#1573,#1574,#1575,#1576),(#1577,#1578,#1579,#1580),(#1581,
#1582,#1583,#1584)),.UNSPECIFIED.,.F.,.F.,.F.,(4,1,1,1,1,4),(4,4),(
-5.948104459041E-2,0.E0,3.333333333333E-1,6.666666666667E-1,1.E0,
1.059669460855E0),(-3.253146382932E-1,1.325314638293E0),.UNSPECIFIED.);
#1586=ORIENTED_EDGE('',*,*,#1422,.T.);
#1588=ORIENTED_EDGE('',*,*,#1587,.T.);
#1590=ORIENTED_EDGE('',*,*,#1589,.F.);
#1591=ORIENTED_EDGE('',*,*,#1546,.F.);
#1592=EDGE_LOOP('',(#1586,#1588,#1590,#1591));
#1593=FACE_OUTER_BOUND('',#1592,.F.);
#1594=ADVANCED_FACE('',(#1593),#1585,.F.);
#1595=CARTESIAN_POINT('',(7.629733889148E1,-1.048026191336E1,
-1.162035651065E1));
#1596=DIRECTION('',(-5.E-1,-5.785218280159E-1,-6.444474334724E-1));
#1597=DIRECTION('',(-5.E-1,-4.147502577635E-1,7.602514213634E-1));
#1598=AXIS2_PLACEMENT_3D('',#1595,#1596,#1597);
#1599=PLANE('',#1598);
#1600=ORIENTED_EDGE('',*,*,#1420,.T.);
#1602=ORIENTED_EDGE('',*,*,#1601,.T.);
#1604=ORIENTED_EDGE('',*,*,#1603,.F.);
#1605=ORIENTED_EDGE('',*,*,#1587,.F.);
#1606=EDGE_LOOP('',(#1600,#1602,#1604,#1605));
#1607=FACE_OUTER_BOUND('',#1606,.F.);
#1608=ADVANCED_FACE('',(#1607),#1599,.T.);
#1609=CARTESIAN_POINT('',(7.101471862576E1,-1.437173864456E1,
-1.116665537051E1));
#1610=DIRECTION('',(0.E0,-1.158039878910E-1,-9.932720857794E-1));
#1611=DIRECTION('',(-1.E0,0.E0,0.E0));
#1612=AXIS2_PLACEMENT_3D('',#1609,#1610,#1611);
#1613=CONICAL_SURFACE('',#1612,6.505704586839E0,4.5E1);
#1614=ORIENTED_EDGE('',*,*,#1418,.T.);
#1616=ORIENTED_EDGE('',*,*,#1615,.T.);
#1618=ORIENTED_EDGE('',*,*,#1617,.F.);
#1619=ORIENTED_EDGE('',*,*,#1601,.F.);
#1620=EDGE_LOOP('',(#1614,#1616,#1618,#1619));
#1621=FACE_OUTER_BOUND('',#1620,.F.);
#1622=ADVANCED_FACE('',(#1621),#1613,.F.);
#1623=CARTESIAN_POINT('',(1.35E1,-7.909803745411E0,-1.192004207598E1));
#1624=DIRECTION('',(0.E0,-7.842352125441E-1,-6.204636422918E-1));
#1625=DIRECTION('',(0.E0,-6.204636422918E-1,7.842352125441E-1));
#1626=AXIS2_PLACEMENT_3D('',#1623,#1624,#1625);
#1627=PLANE('',#1626);
#1628=ORIENTED_EDGE('',*,*,#1416,.T.);
#1630=ORIENTED_EDGE('',*,*,#1629,.T.);
#1632=ORIENTED_EDGE('',*,*,#1631,.F.);
#1633=ORIENTED_EDGE('',*,*,#1615,.F.);
#1634=EDGE_LOOP('',(#1628,#1630,#1632,#1633));
#1635=FACE_OUTER_BOUND('',#1634,.F.);
#1636=ADVANCED_FACE('',(#1635),#1627,.T.);
#1637=CARTESIAN_POINT('',(-4.401471862576E1,-1.437173864908E1,
-1.116665540928E1));
#1638=DIRECTION('',(0.E0,-1.158039878910E-1,-9.932720857794E-1));
#1639=DIRECTION('',(-1.E0,0.E0,0.E0));
#1640=AXIS2_PLACEMENT_3D('',#1637,#1638,#1639);
#1641=CONICAL_SURFACE('',#1640,6.505704625868E0,4.5E1);
#1642=ORIENTED_EDGE('',*,*,#1414,.T.);
#1644=ORIENTED_EDGE('',*,*,#1643,.T.);
#1646=ORIENTED_EDGE('',*,*,#1645,.F.);
#1647=ORIENTED_EDGE('',*,*,#1629,.F.);
#1648=EDGE_LOOP('',(#1642,#1644,#1646,#1647));
#1649=FACE_OUTER_BOUND('',#1648,.F.);
#1650=ADVANCED_FACE('',(#1649),#1641,.F.);
#1651=CARTESIAN_POINT('',(-4.929733889148E1,-1.048026191336E1,
-1.162035651065E1));
#1652=DIRECTION('',(5.E-1,-5.785218280159E-1,-6.444474334724E-1));
#1653=DIRECTION('',(5.E-1,-4.147502577635E-1,7.602514213634E-1));
#1654=AXIS2_PLACEMENT_3D('',#1651,#1652,#1653);
#1655=PLANE('',#1654);
#1656=ORIENTED_EDGE('',*,*,#1412,.T.);
#1658=ORIENTED_EDGE('',*,*,#1657,.T.);
#1660=ORIENTED_EDGE('',*,*,#1659,.F.);
#1661=ORIENTED_EDGE('',*,*,#1643,.F.);
#1662=EDGE_LOOP('',(#1656,#1658,#1660,#1661));
#1663=FACE_OUTER_BOUND('',#1662,.F.);
#1664=ADVANCED_FACE('',(#1663),#1655,.T.);
#1665=CARTESIAN_POINT('',(-5.041974944635E1,-1.051201590717E1,
-1.245728760024E1));
#1666=CARTESIAN_POINT('',(-5.000831710406E1,-1.081969084361E1,
-1.186073985431E1));
#1667=CARTESIAN_POINT('',(-4.959688476178E1,-1.112736578005E1,
-1.126419210839E1));
#1668=CARTESIAN_POINT('',(-4.918545241949E1,-1.143504071649E1,
-1.066764436246E1));
#1669=CARTESIAN_POINT('',(-5.046851154216E1,-1.056528071972E1,
-1.245099497684E1));
#1670=CARTESIAN_POINT('',(-5.006290116272E1,-1.087933259039E1,
-1.185384339786E1));
#1671=CARTESIAN_POINT('',(-4.965729078328E1,-1.119338446107E1,
-1.125669181887E1));
#1672=CARTESIAN_POINT('',(-4.925168040384E1,-1.150743633174E1,
-1.065954023989E1));
#1673=CARTESIAN_POINT('',(-5.079924663923E1,-1.090965562410E1,
-1.241029857669E1));
#1674=CARTESIAN_POINT('',(-5.043312470156E1,-1.126493880220E1,
-1.180926384891E1));
#1675=CARTESIAN_POINT('',(-5.006700276388E1,-1.162022198031E1,
-1.120822912113E1));
#1676=CARTESIAN_POINT('',(-4.970088082621E1,-1.197550515842E1,
-1.060719439335E1));
#1677=CARTESIAN_POINT('',(-5.151234327082E1,-1.145291544117E1,
-1.234594470686E1));
#1678=CARTESIAN_POINT('',(-5.123136504940E1,-1.187327042913E1,
-1.173904188303E1));
#1679=CARTESIAN_POINT('',(-5.095038682798E1,-1.229362541710E1,
-1.113213905920E1));
#1680=CARTESIAN_POINT('',(-5.066940860656E1,-1.271398040506E1,
-1.052523623538E1));
#1681=CARTESIAN_POINT('',(-5.265241004119E1,-1.191936175656E1,
-1.229026445521E1));
#1682=CARTESIAN_POINT('',(-5.250756158358E1,-1.239566812384E1,
-1.167903372774E1));
#1683=CARTESIAN_POINT('',(-5.236271312597E1,-1.287197449111E1,
-1.106780300028E1));
#1684=CARTESIAN_POINT('',(-5.221786466837E1,-1.334828085839E1,
-1.045657227281E1));
#1685=CARTESIAN_POINT('',(-5.353449747435E1,-1.203336875534E1,
-1.227616869232E1));
#1686=CARTESIAN_POINT('',(-5.349498196861E1,-1.252344198794E1,
-1.166469250805E1));
#1687=CARTESIAN_POINT('',(-5.345546646287E1,-1.301351522053E1,
-1.105321632378E1));
#1688=CARTESIAN_POINT('',(-5.341595095713E1,-1.350358845312E1,
-1.044174013952E1));
#1689=CARTESIAN_POINT('',(-5.401046544758E1,-1.202223369315E1,
-1.227709213719E1));
#1690=CARTESIAN_POINT('',(-5.402778427924E1,-1.251104754024E1,
-1.166639664386E1));
#1691=CARTESIAN_POINT('',(-5.404510311090E1,-1.299986138734E1,
-1.105570115053E1));
#1692=CARTESIAN_POINT('',(-5.406242194255E1,-1.348867523443E1,
-1.044500565720E1));
#1693=CARTESIAN_POINT('',(-5.408285727989E1,-1.201884308319E1,
-1.227743181999E1));
#1694=CARTESIAN_POINT('',(-5.410882018874E1,-1.250726245157E1,
-1.166687639425E1));
#1695=CARTESIAN_POINT('',(-5.413478309759E1,-1.299568181995E1,
-1.105632096851E1));
#1696=CARTESIAN_POINT('',(-5.416074600645E1,-1.348410118834E1,
-1.044576554276E1));
#1697=B_SPLINE_SURFACE_WITH_KNOTS('',3,3,((#1665,#1666,#1667,#1668),(#1669,
#1670,#1671,#1672),(#1673,#1674,#1675,#1676),(#1677,#1678,#1679,#1680),(#1681,
#1682,#1683,#1684),(#1685,#1686,#1687,#1688),(#1689,#1690,#1691,#1692),(#1693,
#1694,#1695,#1696)),.UNSPECIFIED.,.F.,.F.,.F.,(4,1,1,1,1,4),(4,4),(
-5.950848521258E-2,0.E0,3.333333333333E-1,6.666666666667E-1,1.E0,
1.059899997524E0),(-3.253146382932E-1,1.325314638293E0),.UNSPECIFIED.);
#1698=ORIENTED_EDGE('',*,*,#1410,.T.);
#1699=ORIENTED_EDGE('',*,*,#1395,.T.);
#1701=ORIENTED_EDGE('',*,*,#1700,.F.);
#1702=ORIENTED_EDGE('',*,*,#1657,.F.);
#1703=EDGE_LOOP('',(#1698,#1699,#1701,#1702));
#1704=FACE_OUTER_BOUND('',#1703,.F.);
#1705=ADVANCED_FACE('',(#1704),#1697,.F.);
#1706=CARTESIAN_POINT('',(-5.364457392849E1,-9.269630163588E0,
-3.079400633120E1));
#1707=DIRECTION('',(-1.134366688033E-2,1.045217377538E-1,9.944579063785E-1));
#1708=DIRECTION('',(0.E0,-9.945218953683E-1,1.045284632677E-1));
#1709=AXIS2_PLACEMENT_3D('',#1706,#1707,#1708);
#1710=CYLINDRICAL_SURFACE('',#1709,6.E0);
#1711=ORIENTED_EDGE('',*,*,#1700,.T.);
#1712=ORIENTED_EDGE('',*,*,#1364,.T.);
#1714=ORIENTED_EDGE('',*,*,#1713,.F.);
#1716=ORIENTED_EDGE('',*,*,#1715,.F.);
#1717=EDGE_LOOP('',(#1711,#1712,#1714,#1716));
#1718=FACE_OUTER_BOUND('',#1717,.F.);
#1719=ADVANCED_FACE('',(#1718),#1710,.T.);
#1720=CARTESIAN_POINT('',(-4.928558062827E1,-1.045217700346E1,
-1.514703430285E0));
#1721=CARTESIAN_POINT('',(-4.970523011419E1,-1.007260221581E1,
-9.917697416053E-1));
#1722=CARTESIAN_POINT('',(-5.012487960011E1,-9.693027428171E0,
-4.688360529257E-1));
#1723=CARTESIAN_POINT('',(-5.054452908604E1,-9.313452640528E0,
5.409763575393E-2));
#1724=CARTESIAN_POINT('',(-4.935176144181E1,-1.052530437182E1,
-1.513234155669E0));
#1725=CARTESIAN_POINT('',(-4.976547522534E1,-1.013922875930E1,
-9.909149885326E-1));
#1726=CARTESIAN_POINT('',(-5.017918900887E1,-9.753153146772E0,
-4.685958213966E-1));
#1727=CARTESIAN_POINT('',(-5.059290279240E1,-9.367077534247E0,
5.372334573943E-2));
#1728=CARTESIAN_POINT('',(-4.980116062080E1,-1.099860683693E1,
-1.503775307224E0));
#1729=CARTESIAN_POINT('',(-5.017458748515E1,-1.057046824040E1,
-9.854122869392E-1));
#1730=CARTESIAN_POINT('',(-5.054801434950E1,-1.014232964386E1,
-4.670492666545E-1));
#1731=CARTESIAN_POINT('',(-5.092144121385E1,-9.714191047329E0,
5.131375363029E-2));
#1732=CARTESIAN_POINT('',(-5.077146420329E1,-1.174615715899E1,
-1.489463866180E0));
#1733=CARTESIAN_POINT('',(-5.105810042582E1,-1.125170095216E1,
-9.770865811308E-1));
#1734=CARTESIAN_POINT('',(-5.134473664835E1,-1.075724474534E1,
-4.647092960817E-1));
#1735=CARTESIAN_POINT('',(-5.163137287088E1,-1.026278853851E1,
4.766798896751E-2));
#1736=CARTESIAN_POINT('',(-5.232162266597E1,-1.238799843771E1,
-1.478911104211E0));
#1737=CARTESIAN_POINT('',(-5.246953605084E1,-1.183647411181E1,
-9.709474934352E-1));
#1738=CARTESIAN_POINT('',(-5.261744943572E1,-1.128494978590E1,
-4.629838826594E-1));
#1739=CARTESIAN_POINT('',(-5.276536282059E1,-1.073342546E1,4.497972811641E-2));
#1740=CARTESIAN_POINT('',(-5.352427202879E1,-1.254576290757E1,
-1.478304037516E0));
#1741=CARTESIAN_POINT('',(-5.356461941568E1,-1.198015273730E1,
-9.705943313257E-1));
#1742=CARTESIAN_POINT('',(-5.360496680258E1,-1.141454256703E1,
-4.628846251354E-1));
#1743=CARTESIAN_POINT('',(-5.364531418947E1,-1.084893239676E1,
4.482508105478E-2));
#1744=CARTESIAN_POINT('',(-5.417276080079E1,-1.253063228247E1,
-1.480209414782E0));
#1745=CARTESIAN_POINT('',(-5.415510150400E1,-1.196630919449E1,
-9.717027878762E-1));
#1746=CARTESIAN_POINT('',(-5.413744220720E1,-1.140198610652E1,
-4.631961609703E-1));
#1747=CARTESIAN_POINT('',(-5.411978291041E1,-1.083766301854E1,
4.531046593570E-2));
#1748=CARTESIAN_POINT('',(-5.427127986777E1,-1.252599370956E1,
-1.480551021479E0));
#1749=CARTESIAN_POINT('',(-5.424480791882E1,-1.196207354257E1,
-9.719015181681E-1));
#1750=CARTESIAN_POINT('',(-5.421833596988E1,-1.139815337559E1,
-4.632520148577E-1));
#1751=CARTESIAN_POINT('',(-5.419186402094E1,-1.083423320860E1,
4.539748845274E-2));
#1752=B_SPLINE_SURFACE_WITH_KNOTS('',3,3,((#1720,#1721,#1722,#1723),(#1724,
#1725,#1726,#1727),(#1728,#1729,#1730,#1731),(#1732,#1733,#1734,#1735),(#1736,
#1737,#1738,#1739),(#1740,#1741,#1742,#1743),(#1744,#1745,#1746,#1747),(#1748,
#1749,#1750,#1751)),.UNSPECIFIED.,.F.,.F.,.F.,(4,1,1,1,1,4),(4,4),(
-5.944649140642E-2,0.E0,3.333333333333E-1,6.666666666667E-1,1.E0,
1.059830369536E0),(-3.418221716540E-1,1.341822171654E0),.UNSPECIFIED.);
#1753=ORIENTED_EDGE('',*,*,#1713,.T.);
#1755=ORIENTED_EDGE('',*,*,#1754,.T.);
#1757=ORIENTED_EDGE('',*,*,#1756,.F.);
#1759=ORIENTED_EDGE('',*,*,#1758,.F.);
#1760=EDGE_LOOP('',(#1753,#1755,#1757,#1759));
#1761=FACE_OUTER_BOUND('',#1760,.F.);
#1762=ADVANCED_FACE('',(#1761),#1752,.F.);
#1763=CARTESIAN_POINT('',(-1.067626681947E2,-1.168614705380E1,
-7.172526615001E-1));
#1764=DIRECTION('',(0.E0,-6.691306063589E-1,7.431448254774E-1));
#1765=DIRECTION('',(0.E0,7.431448254774E-1,6.691306063589E-1));
#1766=AXIS2_PLACEMENT_3D('',#1763,#1764,#1765);
#1767=PLANE('',#1766);
#1768=ORIENTED_EDGE('',*,*,#1362,.T.);
#1770=ORIENTED_EDGE('',*,*,#1769,.T.);
#1772=ORIENTED_EDGE('',*,*,#1771,.F.);
#1773=ORIENTED_EDGE('',*,*,#1754,.F.);
#1774=EDGE_LOOP('',(#1768,#1770,#1772,#1773));
#1775=FACE_OUTER_BOUND('',#1774,.F.);
#1776=ADVANCED_FACE('',(#1775),#1767,.T.);
#1777=CARTESIAN_POINT('',(-1.592539322382E2,-1.252587520588E1,
-1.479838001709E0));
#1778=CARTESIAN_POINT('',(-1.592804104036E2,-1.196199054406E1,
-9.714867176884E-1));
#1779=CARTESIAN_POINT('',(-1.593068885690E2,-1.139810588224E1,
-4.631354336681E-1));
#1780=CARTESIAN_POINT('',(-1.593333667344E2,-1.083422122042E1,
4.521585035233E-2));
#1781=CARTESIAN_POINT('',(-1.593524559313E2,-1.253056945084E1,
-1.479733392102E0));
#1782=CARTESIAN_POINT('',(-1.593701232773E2,-1.196626850834E1,
-9.714258608668E-1));
#1783=CARTESIAN_POINT('',(-1.593877906233E2,-1.140196756584E1,
-4.631183296321E-1));
#1784=CARTESIAN_POINT('',(-1.594054579693E2,-1.083766662334E1,
4.518920160267E-2));
#1785=CARTESIAN_POINT('',(-1.600019173675E2,-1.254596427984E1,
-1.479390323715E0));
#1786=CARTESIAN_POINT('',(-1.599615013775E2,-1.198029814065E1,
-9.712262802340E-1));
#1787=CARTESIAN_POINT('',(-1.599210853876E2,-1.141463200146E1,
-4.630622367531E-1));
#1788=CARTESIAN_POINT('',(-1.598806693976E2,-1.084896586227E1,
4.510180672766E-2));
#1789=CARTESIAN_POINT('',(-1.612086465713E2,-1.238727161435E1,
-1.482926734334E0));
#1790=CARTESIAN_POINT('',(-1.610602793507E2,-1.183567816810E1,
-9.732835932845E-1));
#1791=CARTESIAN_POINT('',(-1.609119121301E2,-1.128408472185E1,
-4.636404522353E-1));
#1792=CARTESIAN_POINT('',(-1.607635449094E2,-1.073249127561E1,
4.600268881397E-2));
#1793=CARTESIAN_POINT('',(-1.627541905816E2,-1.174606230545E1,
-1.497215861982E0));
#1794=CARTESIAN_POINT('',(-1.624675800452E2,-1.125133045158E1,
-9.815963182364E-1));
#1795=CARTESIAN_POINT('',(-1.621809695088E2,-1.075659859772E1,
-4.659767744904E-1));
#1796=CARTESIAN_POINT('',(-1.618943589724E2,-1.026186674385E1,
4.964276925557E-2));
#1797=CARTESIAN_POINT('',(-1.640841599213E2,-1.072480049447E1,
-1.519974322394E0));
#1798=CARTESIAN_POINT('',(-1.636785840241E2,-1.032063318859E1,
-9.948360923067E-1));
#1799=CARTESIAN_POINT('',(-1.632730081270E2,-9.916465882705E0,
-4.696978622195E-1));
#1800=CARTESIAN_POINT('',(-1.628674322298E2,-9.512298576822E0,
5.544036786775E-2));
#1801=CARTESIAN_POINT('',(-1.651063777615E2,-9.390723125691E0,
-1.549703787826E0));
#1802=CARTESIAN_POINT('',(-1.646093658714E2,-9.104859146387E0,
-1.012131260716E0));
#1803=CARTESIAN_POINT('',(-1.641123539814E2,-8.818995167082E0,
-4.745587336058E-1));
#1804=CARTESIAN_POINT('',(-1.636153420913E2,-8.533131187777E0,
6.301379350433E-2));
#1805=CARTESIAN_POINT('',(-1.657493700745E2,-7.837289683402E0,
-1.584321456005E0));
#1806=CARTESIAN_POINT('',(-1.651948431444E2,-7.689186218218E0,
-1.032270149606E0));
#1807=CARTESIAN_POINT('',(-1.646403162142E2,-7.541082753035E0,
-4.802188432064E-1));
#1808=CARTESIAN_POINT('',(-1.640857892840E2,-7.392979287852E0,
7.183246319308E-2));
#1809=CARTESIAN_POINT('',(-1.659087135137E2,-6.622939623805E0,
-1.611382976838E0));
#1810=CARTESIAN_POINT('',(-1.653399335047E2,-6.582512672680E0,
-1.048013236587E0));
#1811=CARTESIAN_POINT('',(-1.647711534957E2,-6.542085721554E0,
-4.846434963366E-1));
#1812=CARTESIAN_POINT('',(-1.642023734867E2,-6.501658770429E0,
7.872624391392E-2));
#1813=CARTESIAN_POINT('',(-1.658934157664E2,-5.970239999790E0,
-1.625928014361E0));
#1814=CARTESIAN_POINT('',(-1.653260041225E2,-5.987703889658E0,
-1.056474837555E0));
#1815=CARTESIAN_POINT('',(-1.647585924786E2,-6.005167779527E0,
-4.870216607497E-1));
#1816=CARTESIAN_POINT('',(-1.641911808347E2,-6.022631669395E0,
8.243151605604E-2));
#1817=CARTESIAN_POINT('',(-1.658887883875E2,-5.872051463932E0,
-1.628116083259E0));
#1818=CARTESIAN_POINT('',(-1.653217906569E2,-5.898224580585E0,
-1.057747750456E0));
#1819=CARTESIAN_POINT('',(-1.647547929264E2,-5.924397697238E0,
-4.873794176533E-1));
#1820=CARTESIAN_POINT('',(-1.641877951958E2,-5.950570813892E0,
8.298891514965E-2));
#1821=B_SPLINE_SURFACE_WITH_KNOTS('',3,3,((#1777,#1778,#1779,#1780),(#1781,
#1782,#1783,#1784),(#1785,#1786,#1787,#1788),(#1789,#1790,#1791,#1792),(#1793,
#1794,#1795,#1796),(#1797,#1798,#1799,#1800),(#1801,#1802,#1803,#1804),(#1805,
#1806,#1807,#1808),(#1809,#1810,#1811,#1812),(#1813,#1814,#1815,#1816),(#1817,
#1818,#1819,#1820)),.UNSPECIFIED.,.F.,.F.,.F.,(4,1,1,1,1,1,1,1,4),(4,4),(
-2.987885977651E-2,0.E0,1.666666666667E-1,3.333333333333E-1,5.E-1,
6.666666666667E-1,8.333333333333E-1,1.E0,1.029589206963E0),(-3.418221715831E-1,
1.341822171583E0),.UNSPECIFIED.);
#1823=ORIENTED_EDGE('',*,*,#1822,.T.);
#1825=ORIENTED_EDGE('',*,*,#1824,.T.);
#1827=ORIENTED_EDGE('',*,*,#1826,.F.);
#1828=ORIENTED_EDGE('',*,*,#1769,.F.);
#1829=EDGE_LOOP('',(#1823,#1825,#1827,#1828));
#1830=FACE_OUTER_BOUND('',#1829,.F.);
#1831=ADVANCED_FACE('',(#1830),#1821,.F.);
#1832=CARTESIAN_POINT('',(-1.5955E2,-9.269630163588E0,-3.079400633120E1));
#1833=DIRECTION('',(0.E0,1.045284632677E-1,9.945218953683E-1));
#1834=DIRECTION('',(-1.E0,0.E0,0.E0));
#1835=AXIS2_PLACEMENT_3D('',#1832,#1833,#1834);
#1836=CYLINDRICAL_SURFACE('',#1835,6.E0);
#1838=ORIENTED_EDGE('',*,*,#1837,.T.);
#1840=ORIENTED_EDGE('',*,*,#1839,.T.);
#1841=ORIENTED_EDGE('',*,*,#1822,.F.);
#1842=ORIENTED_EDGE('',*,*,#1360,.F.);
#1843=EDGE_LOOP('',(#1838,#1840,#1841,#1842));
#1844=FACE_OUTER_BOUND('',#1843,.F.);
#1845=ADVANCED_FACE('',(#1844),#1836,.T.);
#1846=CARTESIAN_POINT('',(-1.593333007562E2,-1.201884838932E1,
-1.227760653070E1));
#1847=CARTESIAN_POINT('',(-1.593074206438E2,-1.250723542611E1,
-1.166675833723E1));
#1848=CARTESIAN_POINT('',(-1.592815405314E2,-1.299562246289E1,
-1.105591014375E1));
#1849=CARTESIAN_POINT('',(-1.592556604190E2,-1.348400949968E1,
-1.044506195028E1));
#1850=CARTESIAN_POINT('',(-1.594054069772E2,-1.202224358452E1,
-1.227720793358E1));
#1851=CARTESIAN_POINT('',(-1.593881384115E2,-1.251103662460E1,
-1.166631706745E1));
#1852=CARTESIAN_POINT('',(-1.593708698459E2,-1.299982966467E1,
-1.105542620131E1));
#1853=CARTESIAN_POINT('',(-1.593536012802E2,-1.348862270475E1,
-1.044453533517E1));
#1854=CARTESIAN_POINT('',(-1.598829523113E2,-1.203342717565E1,
-1.227589497604E1));
#1855=CARTESIAN_POINT('',(-1.599227163745E2,-1.252355756880E1,
-1.166486354843E1));
#1856=CARTESIAN_POINT('',(-1.599624804377E2,-1.301368796196E1,
-1.105383212082E1));
#1857=CARTESIAN_POINT('',(-1.600022445009E2,-1.350381835512E1,
-1.044280069321E1));
#1858=CARTESIAN_POINT('',(-1.607709842192E2,-1.191747613107E1,
-1.228950766956E1));
#1859=CARTESIAN_POINT('',(-1.609168052633E2,-1.239374089870E1,
-1.167993357792E1));
#1860=CARTESIAN_POINT('',(-1.610626263074E2,-1.287000566633E1,
-1.107035948628E1));
#1861=CARTESIAN_POINT('',(-1.612084473515E2,-1.334627043396E1,
-1.046078539464E1));
#1862=CARTESIAN_POINT('',(-1.619071292844E2,-1.144951413915E1,
-1.234444657240E1));
#1863=CARTESIAN_POINT('',(-1.621886390026E2,-1.186981920852E1,
-1.174075408205E1));
#1864=CARTESIAN_POINT('',(-1.624701487208E2,-1.229012427789E1,
-1.113706159169E1));
#1865=CARTESIAN_POINT('',(-1.627516584390E2,-1.271042934726E1,
-1.053336910133E1));
#1866=CARTESIAN_POINT('',(-1.628834384877E2,-1.070534161140E1,
-1.243181268955E1));
#1867=CARTESIAN_POINT('',(-1.632815479113E2,-1.103665724625E1,
-1.183747336570E1));
#1868=CARTESIAN_POINT('',(-1.636796573349E2,-1.136797288109E1,
-1.124313404184E1));
#1869=CARTESIAN_POINT('',(-1.640777667584E2,-1.169928851594E1,
-1.064879471798E1));
#1870=CARTESIAN_POINT('',(-1.636323037927E2,-9.735158418635E0,
-1.254571253843E1));
#1871=CARTESIAN_POINT('',(-1.641198494901E2,-9.950457895761E0,
-1.196356700397E1));
#1872=CARTESIAN_POINT('',(-1.646073951876E2,-1.016575737289E1,
-1.138142146950E1));
#1873=CARTESIAN_POINT('',(-1.650949408851E2,-1.038105685001E1,
-1.079927593503E1));
#1874=CARTESIAN_POINT('',(-1.641025907970E2,-8.607354855714E0,
-1.267811707446E1));
#1875=CARTESIAN_POINT('',(-1.646463024298E2,-8.687789583246E0,
-1.211014639691E1));
#1876=CARTESIAN_POINT('',(-1.651900140626E2,-8.768224310778E0,
-1.154217571935E1));
#1877=CARTESIAN_POINT('',(-1.657337256954E2,-8.848659038309E0,
-1.097420504180E1));
#1878=CARTESIAN_POINT('',(-1.642190928601E2,-7.726274631144E0,
-1.278155620323E1));
#1879=CARTESIAN_POINT('',(-1.647767182244E2,-7.701348435435E0,
-1.222465940348E1));
#1880=CARTESIAN_POINT('',(-1.653343435886E2,-7.676422239727E0,
-1.166776260372E1));
#1881=CARTESIAN_POINT('',(-1.658919689528E2,-7.651496044018E0,
-1.111086580396E1));
#1882=CARTESIAN_POINT('',(-1.642078666819E2,-7.252456781323E0,
-1.283718258611E1));
#1883=CARTESIAN_POINT('',(-1.647641513143E2,-7.170870473409E0,
-1.228624100553E1));
#1884=CARTESIAN_POINT('',(-1.653204359467E2,-7.089284165495E0,
-1.173529942496E1));
#1885=CARTESIAN_POINT('',(-1.658767205791E2,-7.007697857581E0,
-1.118435784438E1));
#1886=CARTESIAN_POINT('',(-1.642044611725E2,-7.180965008524E0,
-1.284557574549E1));
#1887=CARTESIAN_POINT('',(-1.647603390881E2,-7.090829560488E0,
-1.229553271602E1));
#1888=CARTESIAN_POINT('',(-1.653162170037E2,-7.000694112453E0,
-1.174548968656E1));
#1889=CARTESIAN_POINT('',(-1.658720949193E2,-6.910558664417E0,
-1.119544665709E1));
#1890=B_SPLINE_SURFACE_WITH_KNOTS('',3,3,((#1846,#1847,#1848,#1849),(#1850,
#1851,#1852,#1853),(#1854,#1855,#1856,#1857),(#1858,#1859,#1860,#1861),(#1862,
#1863,#1864,#1865),(#1866,#1867,#1868,#1869),(#1870,#1871,#1872,#1873),(#1874,
#1875,#1876,#1877),(#1878,#1879,#1880,#1881),(#1882,#1883,#1884,#1885),(#1886,
#1887,#1888,#1889)),.UNSPECIFIED.,.F.,.F.,.F.,(4,1,1,1,1,1,1,1,4),(4,4),(
-2.971775985615E-2,0.E0,1.666666666667E-1,3.333333333333E-1,5.E-1,
6.666666666667E-1,8.333333333333E-1,1.E0,1.029691646519E0),(-3.253146383385E-1,
1.325314638339E0),.UNSPECIFIED.);
#1891=ORIENTED_EDGE('',*,*,#1407,.T.);
#1892=ORIENTED_EDGE('',*,*,#1444,.T.);
#1893=ORIENTED_EDGE('',*,*,#1837,.F.);
#1894=ORIENTED_EDGE('',*,*,#1392,.F.);
#1895=EDGE_LOOP('',(#1891,#1892,#1893,#1894));
#1896=FACE_OUTER_BOUND('',#1895,.F.);
#1897=ADVANCED_FACE('',(#1896),#1890,.F.);
#1898=CARTESIAN_POINT('',(-1.6555E2,0.E0,0.E0));
#1899=DIRECTION('',(1.E0,0.E0,0.E0));
#1900=DIRECTION('',(0.E0,-1.E0,0.E0));
#1901=AXIS2_PLACEMENT_3D('',#1898,#1899,#1900);
#1902=PLANE('',#1901);
#1903=ORIENTED_EDGE('',*,*,#1442,.T.);
#1904=ORIENTED_EDGE('',*,*,#1467,.T.);
#1906=ORIENTED_EDGE('',*,*,#1905,.F.);
#1907=ORIENTED_EDGE('',*,*,#1839,.F.);
#1908=EDGE_LOOP('',(#1903,#1904,#1906,#1907));
#1909=FACE_OUTER_BOUND('',#1908,.F.);
#1910=ADVANCED_FACE('',(#1909),#1902,.F.);
#1911=CARTESIAN_POINT('',(-1.650442952596E2,-3.150618707743E0,
-7.701132008777E-1));
#1912=DIRECTION('',(-7.071067811865E-1,0.E0,7.071067811865E-1));
#1913=DIRECTION('',(7.071067811865E-1,0.E0,7.071067811865E-1));
#1914=AXIS2_PLACEMENT_3D('',#1911,#1912,#1913);
#1915=PLANE('',#1914);
#1916=ORIENTED_EDGE('',*,*,#1465,.T.);
#1918=ORIENTED_EDGE('',*,*,#1917,.F.);
#1919=ORIENTED_EDGE('',*,*,#1824,.F.);
#1920=ORIENTED_EDGE('',*,*,#1905,.T.);
#1921=EDGE_LOOP('',(#1916,#1918,#1919,#1920));
#1922=FACE_OUTER_BOUND('',#1921,.F.);
#1923=ADVANCED_FACE('',(#1922),#1915,.T.);
#1924=CARTESIAN_POINT('',(-1.9255E2,0.E0,-2.644084605116E-1));
#1925=DIRECTION('',(0.E0,0.E0,1.E0));
#1926=DIRECTION('',(0.E0,-1.E0,0.E0));
#1927=AXIS2_PLACEMENT_3D('',#1924,#1925,#1926);
#1928=PLANE('',#1927);
#1929=ORIENTED_EDGE('',*,*,#1917,.T.);
#1930=ORIENTED_EDGE('',*,*,#1463,.T.);
#1932=ORIENTED_EDGE('',*,*,#1931,.T.);
#1934=ORIENTED_EDGE('',*,*,#1933,.T.);
#1936=ORIENTED_EDGE('',*,*,#1935,.T.);
#1938=ORIENTED_EDGE('',*,*,#1937,.T.);
#1940=ORIENTED_EDGE('',*,*,#1939,.T.);
#1942=ORIENTED_EDGE('',*,*,#1941,.T.);
#1944=ORIENTED_EDGE('',*,*,#1943,.T.);
#1946=ORIENTED_EDGE('',*,*,#1945,.T.);
#1948=ORIENTED_EDGE('',*,*,#1947,.T.);
#1949=ORIENTED_EDGE('',*,*,#1756,.T.);
#1950=ORIENTED_EDGE('',*,*,#1771,.T.);
#1951=ORIENTED_EDGE('',*,*,#1826,.T.);
#1952=EDGE_LOOP('',(#1929,#1930,#1932,#1934,#1936,#1938,#1940,#1942,#1944,#1946,
#1948,#1949,#1950,#1951));
#1953=FACE_OUTER_BOUND('',#1952,.F.);
#1954=ADVANCED_FACE('',(#1953),#1928,.T.);
#1955=CARTESIAN_POINT('',(1.920442952596E2,-3.150618707743E0,
-7.701132008777E-1));
#1956=DIRECTION('',(7.071067811865E-1,0.E0,7.071067811865E-1));
#1957=DIRECTION('',(-7.071067811865E-1,0.E0,7.071067811865E-1));
#1958=AXIS2_PLACEMENT_3D('',#1955,#1956,#1957);
#1959=PLANE('',#1958);
#1960=ORIENTED_EDGE('',*,*,#1461,.T.);
#1962=ORIENTED_EDGE('',*,*,#1961,.T.);
#1964=ORIENTED_EDGE('',*,*,#1963,.T.);
#1965=ORIENTED_EDGE('',*,*,#1931,.F.);
#1966=EDGE_LOOP('',(#1960,#1962,#1964,#1965));
#1967=FACE_OUTER_BOUND('',#1966,.F.);
#1968=ADVANCED_FACE('',(#1967),#1959,.T.);
#1969=CARTESIAN_POINT('',(1.9255E2,0.E0,0.E0));
#1970=DIRECTION('',(1.E0,0.E0,0.E0));
#1971=DIRECTION('',(0.E0,-1.E0,0.E0));
#1972=AXIS2_PLACEMENT_3D('',#1969,#1970,#1971);
#1973=PLANE('',#1972);
#1974=ORIENTED_EDGE('',*,*,#1481,.T.);
#1976=ORIENTED_EDGE('',*,*,#1975,.F.);
#1977=ORIENTED_EDGE('',*,*,#1961,.F.);
#1978=ORIENTED_EDGE('',*,*,#1459,.F.);
#1979=EDGE_LOOP('',(#1974,#1976,#1977,#1978));
#1980=FACE_OUTER_BOUND('',#1979,.F.);
#1981=ADVANCED_FACE('',(#1980),#1973,.T.);
#1982=CARTESIAN_POINT('',(1.8655E2,-4.149699442856E0,1.791888052622E1));
#1983=DIRECTION('',(0.E0,-1.045284632677E-1,-9.945218953683E-1));
#1984=DIRECTION('',(1.E0,0.E0,0.E0));
#1985=AXIS2_PLACEMENT_3D('',#1982,#1983,#1984);
#1986=CYLINDRICAL_SURFACE('',#1985,6.E0);
#1987=ORIENTED_EDGE('',*,*,#1534,.T.);
#1988=ORIENTED_EDGE('',*,*,#1380,.F.);
#1990=ORIENTED_EDGE('',*,*,#1989,.F.);
#1991=ORIENTED_EDGE('',*,*,#1975,.T.);
#1992=EDGE_LOOP('',(#1987,#1988,#1990,#1991));
#1993=FACE_OUTER_BOUND('',#1992,.F.);
#1994=ADVANCED_FACE('',(#1993),#1986,.T.);
#1995=CARTESIAN_POINT('',(1.928887486201E2,-5.871241544222E0,
-1.628134131688E0));
#1996=CARTESIAN_POINT('',(1.923217544467E2,-5.897486507980E0,
-1.057758250161E0));
#1997=CARTESIAN_POINT('',(1.917547602732E2,-5.923731471738E0,
-4.873823686344E-1));
#1998=CARTESIAN_POINT('',(1.911877660998E2,-5.949976435495E0,
8.299351289245E-2));
#1999=CARTESIAN_POINT('',(1.928934026103E2,-5.969696533952E0,
-1.625940125116E0));
#2000=CARTESIAN_POINT('',(1.923259921432E2,-5.987208631167E0,
-1.056481883008E0));
#2001=CARTESIAN_POINT('',(1.917585816760E2,-6.004720728382E0,
-4.870236409003E-1));
#2002=CARTESIAN_POINT('',(1.911911712089E2,-6.022232825597E0,
8.243460120727E-2));
#2003=CARTESIAN_POINT('',(1.929087640699E2,-6.623189327957E0,
-1.611377412601E0));
#2004=CARTESIAN_POINT('',(1.923399795387E2,-6.582740210106E0,
-1.048009999583E0));
#2005=CARTESIAN_POINT('',(1.917711950075E2,-6.542291092255E0,
-4.846425865646E-1));
#2006=CARTESIAN_POINT('',(1.912024104763E2,-6.501841974405E0,
7.872482645382E-2));
#2007=CARTESIAN_POINT('',(1.927490653412E2,-7.839012315658E0,
-1.584283067617E0));
#2008=CARTESIAN_POINT('',(1.921945656692E2,-7.690756098434E0,
-1.032247817094E0));
#2009=CARTESIAN_POINT('',(1.916400659971E2,-7.542499881210E0,
-4.802125665708E-1));
#2010=CARTESIAN_POINT('',(1.910855663250E2,-7.394243663986E0,
7.182268395204E-2));
#2011=CARTESIAN_POINT('',(1.921049365533E2,-9.393260568049E0,
-1.549647241839E0));
#2012=CARTESIAN_POINT('',(1.916080535776E2,-9.107171569024E0,
-1.012098364989E0));
#2013=CARTESIAN_POINT('',(1.911111706018E2,-8.82108257E0,-4.745494881396E-1));
#2014=CARTESIAN_POINT('',(1.906142876261E2,-8.534993570976E0,
6.299938871036E-2));
#2015=CARTESIAN_POINT('',(1.910823215079E2,-1.072663803206E1,
-1.519933373498E0));
#2016=CARTESIAN_POINT('',(1.906769100554E2,-1.032230777619E1,
-9.948122702153E-1));
#2017=CARTESIAN_POINT('',(1.902714986029E2,-9.917977520332E0,
-4.696911669321E-1));
#2018=CARTESIAN_POINT('',(1.898660871505E2,-9.513647264470E0,
5.542993635106E-2));
#2019=CARTESIAN_POINT('',(1.897517131536E2,-1.174745657283E1,
-1.497184791221E0));
#2020=CARTESIAN_POINT('',(1.894653242183E2,-1.125260107684E1,
-9.815782427667E-1));
#2021=CARTESIAN_POINT('',(1.891789352829E2,-1.075774558085E1,
-4.659716943124E-1));
#2022=CARTESIAN_POINT('',(1.888925463475E2,-1.026289008486E1,
4.963485414179E-2));
#2023=CARTESIAN_POINT('',(1.882071147822E2,-1.238752996055E1,
-1.482920977178E0));
#2024=CARTESIAN_POINT('',(1.880588845866E2,-1.183591360452E1,
-9.732802440489E-1));
#2025=CARTESIAN_POINT('',(1.879106543911E2,-1.128429724850E1,
-4.636395109202E-1));
#2026=CARTESIAN_POINT('',(1.877624241956E2,-1.073268089247E1,
4.600122220861E-2));
#2027=CARTESIAN_POINT('',(1.870015086944E2,-1.254594287519E1,
-1.479390800710E0));
#2028=CARTESIAN_POINT('',(1.869611292399E2,-1.198027863413E1,
-9.712265577268E-1));
#2029=CARTESIAN_POINT('',(1.869207497854E2,-1.141461439308E1,
-4.630623147436E-1));
#2030=CARTESIAN_POINT('',(1.868803703309E2,-1.084895015202E1,
4.510192823973E-2));
#2031=CARTESIAN_POINT('',(1.863526036133E2,-1.253057297388E1,
-1.479733313592E0));
#2032=CARTESIAN_POINT('',(1.863702577562E2,-1.196627171896E1,
-9.714258151936E-1));
#2033=CARTESIAN_POINT('',(1.863879118992E2,-1.140197046404E1,
-4.631183167955E-1));
#2034=CARTESIAN_POINT('',(1.864055660421E2,-1.083766920912E1,
4.518918160272E-2));
#2035=CARTESIAN_POINT('',(1.862541514874E2,-1.252588579510E1,
-1.479837765732E0));
#2036=CARTESIAN_POINT('',(1.862806100530E2,-1.196200019425E1,
-9.714865804083E-1));
#2037=CARTESIAN_POINT('',(1.863070686187E2,-1.139811459339E1,
-4.631353950850E-1));
#2038=CARTESIAN_POINT('',(1.863335271843E2,-1.083422899253E1,
4.521579023837E-2));
#2039=B_SPLINE_SURFACE_WITH_KNOTS('',3,3,((#1995,#1996,#1997,#1998),(#1999,
#2000,#2001,#2002),(#2003,#2004,#2005,#2006),(#2007,#2008,#2009,#2010),(#2011,
#2012,#2013,#2014),(#2015,#2016,#2017,#2018),(#2019,#2020,#2021,#2022),(#2023,
#2024,#2025,#2026),(#2027,#2028,#2029,#2030),(#2031,#2032,#2033,#2034),(#2035,
#2036,#2037,#2038)),.UNSPECIFIED.,.F.,.F.,.F.,(4,1,1,1,1,1,1,1,4),(4,4),(
-2.964263252879E-2,0.E0,1.666666666667E-1,3.333333333333E-1,5.E-1,
6.666666666667E-1,8.333333333333E-1,1.E0,1.029882878251E0),(-3.418221715831E-1,
1.341822171583E0),.UNSPECIFIED.);
#2040=ORIENTED_EDGE('',*,*,#1989,.T.);
#2042=ORIENTED_EDGE('',*,*,#2041,.T.);
#2043=ORIENTED_EDGE('',*,*,#1933,.F.);
#2044=ORIENTED_EDGE('',*,*,#1963,.F.);
#2045=EDGE_LOOP('',(#2040,#2042,#2043,#2044));
#2046=FACE_OUTER_BOUND('',#2045,.F.);
#2047=ADVANCED_FACE('',(#2046),#2039,.F.);
#2048=CARTESIAN_POINT('',(1.337626681947E2,-1.168614705380E1,
-7.172526615001E-1));
#2049=DIRECTION('',(0.E0,-6.691306063589E-1,7.431448254774E-1));
#2050=DIRECTION('',(0.E0,7.431448254774E-1,6.691306063589E-1));
#2051=AXIS2_PLACEMENT_3D('',#2048,#2049,#2050);
#2052=PLANE('',#2051);
#2053=ORIENTED_EDGE('',*,*,#1378,.T.);
#2055=ORIENTED_EDGE('',*,*,#2054,.T.);
#2056=ORIENTED_EDGE('',*,*,#1935,.F.);
#2057=ORIENTED_EDGE('',*,*,#2041,.F.);
#2058=EDGE_LOOP('',(#2053,#2055,#2056,#2057));
#2059=FACE_OUTER_BOUND('',#2058,.F.);
#2060=ADVANCED_FACE('',(#2059),#2052,.T.);
#2061=CARTESIAN_POINT('',(8.127093207790E1,-1.252596749255E1,
-1.480550764540E0));
#2062=CARTESIAN_POINT('',(8.124449126237E1,-1.196204968631E1,
-9.719013686939E-1));
#2063=CARTESIAN_POINT('',(8.121805044684E1,-1.139813188007E1,
-4.632519728474E-1));
#2064=CARTESIAN_POINT('',(8.119160963131E1,-1.083421407383E1,
4.539742299908E-2));
#2065=CARTESIAN_POINT('',(8.117257313088E1,-1.253062537607E1,
-1.480209114823E0));
#2066=CARTESIAN_POINT('',(8.115493063058E1,-1.196630291807E1,
-9.717026133745E-1));
#2067=CARTESIAN_POINT('',(8.113728813028E1,-1.140198046007E1,
-4.631961119259E-1));
#2068=CARTESIAN_POINT('',(8.111964562998E1,-1.083765800207E1,
4.531038952270E-2));
#2069=CARTESIAN_POINT('',(8.052114171192E1,-1.254588716497E1,
-1.478293698856E0));
#2070=CARTESIAN_POINT('',(8.056176906494E1,-1.198026622972E1,
-9.705883167921E-1));
#2071=CARTESIAN_POINT('',(8.060239641796E1,-1.141464529448E1,
-4.628829347284E-1));
#2072=CARTESIAN_POINT('',(8.064302377099E1,-1.084902435924E1,
4.482244733524E-2));
#2073=CARTESIAN_POINT('',(7.930980015529E1,-1.238562797325E1,
-1.478935332852E0));
#2074=CARTESIAN_POINT('',(7.945877119018E1,-1.183431489957E1,
-9.709615884897E-1));
#2075=CARTESIAN_POINT('',(7.960774222507E1,-1.128300182589E1,
-4.629878441269E-1));
#2076=CARTESIAN_POINT('',(7.975671325995E1,-1.073168875221E1,
4.498590023594E-2));
#2077=CARTESIAN_POINT('',(7.776091659616E1,-1.173918738109E1,
-1.489593664744E0));
#2078=CARTESIAN_POINT('',(7.804849659110E1,-1.124534993853E1,
-9.771620916719E-1));
#2079=CARTESIAN_POINT('',(7.833607658604E1,-1.075151249598E1,-4.647305186E-1));
#2080=CARTESIAN_POINT('',(7.862365658098E1,-1.025767505342E1,
4.770105447193E-2));
#2081=CARTESIAN_POINT('',(7.679938137055E1,-1.099653430370E1,
-1.503817179725E0));
#2082=CARTESIAN_POINT('',(7.717296798981E1,-1.056858009510E1,
-9.854366463401E-1));
#2083=CARTESIAN_POINT('',(7.754655460906E1,-1.014062588649E1,
-4.670561129546E-1));
#2084=CARTESIAN_POINT('',(7.792014122832E1,-9.712671677890E0,
5.132442043077E-2));
#2085=CARTESIAN_POINT('',(7.635226265280E1,-1.052585194141E1,
-1.513223168296E0));
#2086=CARTESIAN_POINT('',(7.676593142952E1,-1.013972759529E1,
-9.909085966093E-1));
#2087=CARTESIAN_POINT('',(7.717960020623E1,-9.753603249172E0,
-4.685940249228E-1));
#2088=CARTESIAN_POINT('',(7.759326898294E1,-9.367478903054E0,
5.372054676376E-2));
#2089=CARTESIAN_POINT('',(7.628623940665E1,-1.045298088873E1,
-1.514687113796E0));
#2090=CARTESIAN_POINT('',(7.670582968125E1,-1.007333453344E1,
-9.917602494592E-1));
#2091=CARTESIAN_POINT('',(7.712541995586E1,-9.693688178143E0,
-4.688333851227E-1));
#2092=CARTESIAN_POINT('',(7.754501023046E1,-9.314041822847E0,
5.409347921372E-2));
#2093=B_SPLINE_SURFACE_WITH_KNOTS('',3,3,((#2061,#2062,#2063,#2064),(#2065,
#2066,#2067,#2068),(#2069,#2070,#2071,#2072),(#2073,#2074,#2075,#2076),(#2077,
#2078,#2079,#2080),(#2081,#2082,#2083,#2084),(#2085,#2086,#2087,#2088),(#2089,
#2090,#2091,#2092)),.UNSPECIFIED.,.F.,.F.,.F.,(4,1,1,1,1,4),(4,4),(
-5.943353471526E-2,0.E0,3.333333333333E-1,6.666666666667E-1,1.E0,
1.059569649633E0),(-3.418221716540E-1,1.341822171654E0),.UNSPECIFIED.);
#2095=ORIENTED_EDGE('',*,*,#2094,.T.);
#2097=ORIENTED_EDGE('',*,*,#2096,.T.);
#2098=ORIENTED_EDGE('',*,*,#1937,.F.);
#2099=ORIENTED_EDGE('',*,*,#2054,.F.);
#2100=EDGE_LOOP('',(#2095,#2097,#2098,#2099));
#2101=FACE_OUTER_BOUND('',#2100,.F.);
#2102=ADVANCED_FACE('',(#2101),#2093,.F.);
#2103=CARTESIAN_POINT('',(8.120023622223E1,-4.149699442856E0,1.791888052622E1));
#2104=DIRECTION('',(-1.134366688033E-2,-1.045217377538E-1,-9.944579063785E-1));
#2105=DIRECTION('',(0.E0,-9.945218953683E-1,1.045284632677E-1));
#2106=AXIS2_PLACEMENT_3D('',#2103,#2104,#2105);
#2107=CYLINDRICAL_SURFACE('',#2106,6.E0);
#2108=ORIENTED_EDGE('',*,*,#1589,.T.);
#2110=ORIENTED_EDGE('',*,*,#2109,.F.);
#2111=ORIENTED_EDGE('',*,*,#2094,.F.);
#2112=ORIENTED_EDGE('',*,*,#1376,.T.);
#2113=EDGE_LOOP('',(#2108,#2110,#2111,#2112));
#2114=FACE_OUTER_BOUND('',#2113,.F.);
#2115=ADVANCED_FACE('',(#2114),#2107,.T.);
#2116=CARTESIAN_POINT('',(7.35E1,-8.470668773293E0,-1.236378185260E1));
#2117=DIRECTION('',(7.071067811865E-1,7.023494274179E-1,-8.188578512616E-2));
#2118=DIRECTION('',(7.071067811865E-1,-7.023494274179E-1,8.188578512616E-2));
#2119=AXIS2_PLACEMENT_3D('',#2116,#2117,#2118);
#2120=PLANE('',#2119);
#2121=ORIENTED_EDGE('',*,*,#1603,.T.);
#2123=ORIENTED_EDGE('',*,*,#2122,.T.);
#2125=ORIENTED_EDGE('',*,*,#2124,.F.);
#2126=ORIENTED_EDGE('',*,*,#2109,.T.);
#2127=EDGE_LOOP('',(#2121,#2123,#2125,#2126));
#2128=FACE_OUTER_BOUND('',#2127,.F.);
#2129=ADVANCED_FACE('',(#2128),#2120,.F.);
#2130=CARTESIAN_POINT('',(7.101471862576E1,-1.666005978589E1,
-3.079400633120E1));
#2131=DIRECTION('',(0.E0,1.158039878910E-1,9.932720857794E-1));
#2132=DIRECTION('',(7.071067811865E-1,7.023494274179E-1,-8.188578512616E-2));
#2133=AXIS2_PLACEMENT_3D('',#2130,#2131,#2132);
#2134=CYLINDRICAL_SURFACE('',#2133,6.E0);
#2135=ORIENTED_EDGE('',*,*,#1617,.T.);
#2137=ORIENTED_EDGE('',*,*,#2136,.T.);
#2139=ORIENTED_EDGE('',*,*,#2138,.F.);
#2140=ORIENTED_EDGE('',*,*,#2122,.F.);
#2141=EDGE_LOOP('',(#2135,#2137,#2139,#2140));
#2142=FACE_OUTER_BOUND('',#2141,.F.);
#2143=ADVANCED_FACE('',(#2142),#2134,.F.);
#2144=CARTESIAN_POINT('',(-4.65E1,-8.470668773293E0,-1.236378185260E1));
#2145=DIRECTION('',(0.E0,9.932720857794E-1,-1.158039878910E-1));
#2146=DIRECTION('',(1.E0,0.E0,0.E0));
#2147=AXIS2_PLACEMENT_3D('',#2144,#2145,#2146);
#2148=PLANE('',#2147);
#2149=ORIENTED_EDGE('',*,*,#1631,.T.);
#2151=ORIENTED_EDGE('',*,*,#2150,.T.);
#2153=ORIENTED_EDGE('',*,*,#2152,.F.);
#2154=ORIENTED_EDGE('',*,*,#2136,.F.);
#2155=EDGE_LOOP('',(#2149,#2151,#2153,#2154));
#2156=FACE_OUTER_BOUND('',#2155,.F.);
#2157=ADVANCED_FACE('',(#2156),#2148,.F.);
#2158=CARTESIAN_POINT('',(-4.401471862576E1,-1.666005978589E1,
-3.079400633120E1));
#2159=DIRECTION('',(0.E0,1.158039878910E-1,9.932720857794E-1));
#2160=DIRECTION('',(0.E0,9.932720857794E-1,-1.158039878910E-1));
#2161=AXIS2_PLACEMENT_3D('',#2158,#2159,#2160);
#2162=CYLINDRICAL_SURFACE('',#2161,6.E0);
#2163=ORIENTED_EDGE('',*,*,#1645,.T.);
#2165=ORIENTED_EDGE('',*,*,#2164,.T.);
#2167=ORIENTED_EDGE('',*,*,#2166,.F.);
#2168=ORIENTED_EDGE('',*,*,#2150,.F.);
#2169=EDGE_LOOP('',(#2163,#2165,#2167,#2168));
#2170=FACE_OUTER_BOUND('',#2169,.F.);
#2171=ADVANCED_FACE('',(#2170),#2162,.F.);
#2172=CARTESIAN_POINT('',(-5.15E1,-1.343702920219E1,-1.178476191315E1));
#2173=DIRECTION('',(-7.071067811865E-1,7.023494274179E-1,-8.188578512616E-2));
#2174=DIRECTION('',(7.071067811865E-1,7.023494274179E-1,-8.188578512616E-2));
#2175=AXIS2_PLACEMENT_3D('',#2172,#2173,#2174);
#2176=PLANE('',#2175);
#2177=ORIENTED_EDGE('',*,*,#1659,.T.);
#2178=ORIENTED_EDGE('',*,*,#1715,.T.);
#2180=ORIENTED_EDGE('',*,*,#2179,.F.);
#2181=ORIENTED_EDGE('',*,*,#2164,.F.);
#2182=EDGE_LOOP('',(#2177,#2178,#2180,#2181));
#2183=FACE_OUTER_BOUND('',#2182,.F.);
#2184=ADVANCED_FACE('',(#2183),#2176,.F.);
#2185=CARTESIAN_POINT('',(-4.935325899135E1,-9.325679818127E0,
-7.287031711708E-1));
#2186=DIRECTION('',(4.807057278691E-1,-4.774715809666E-1,7.354882001522E-1));
#2187=DIRECTION('',(-5.218211151858E-1,5.183103474843E-1,6.775375321242E-1));
#2188=AXIS2_PLACEMENT_3D('',#2185,#2186,#2187);
#2189=PLANE('',#2188);
#2190=ORIENTED_EDGE('',*,*,#2179,.T.);
#2191=ORIENTED_EDGE('',*,*,#1758,.T.);
#2192=ORIENTED_EDGE('',*,*,#1947,.F.);
#2194=ORIENTED_EDGE('',*,*,#2193,.F.);
#2195=EDGE_LOOP('',(#2190,#2191,#2192,#2194));
#2196=FACE_OUTER_BOUND('',#2195,.F.);
#2197=ADVANCED_FACE('',(#2196),#2189,.T.);
#2198=CARTESIAN_POINT('',(-4.379193704263E1,-7.514163487284E0,
-1.466440333335E0));
#2199=CARTESIAN_POINT('',(-4.376951475931E1,-6.949334627322E0,
-9.632098947933E-1));
#2200=CARTESIAN_POINT('',(-4.374709247599E1,-6.384505767359E0,
-4.599794562520E-1));
#2201=CARTESIAN_POINT('',(-4.372467019268E1,-5.819676907396E0,
4.325098228939E-2));
#2202=CARTESIAN_POINT('',(-4.386622053339E1,-7.511303041306E0,
-1.466361462221E0));
#2203=CARTESIAN_POINT('',(-4.385127411954E1,-6.946191240999E0,
-9.631640430578E-1));
#2204=CARTESIAN_POINT('',(-4.383632770569E1,-6.381079440693E0,
-4.599666238948E-1));
#2205=CARTESIAN_POINT('',(-4.382138129184E1,-5.815967640387E0,
4.323079526813E-2));
#2206=CARTESIAN_POINT('',(-4.443533764975E1,-7.500278372541E0,
-1.466057475542E0));
#2207=CARTESIAN_POINT('',(-4.447767129409E1,-6.934075859333E0,
-9.629873203504E-1));
#2208=CARTESIAN_POINT('',(-4.452000493842E1,-6.367873346125E0,
-4.599171651585E-1));
#2209=CARTESIAN_POINT('',(-4.456233858276E1,-5.801670832917E0,
4.315299003331E-2));
#2210=CARTESIAN_POINT('',(-4.549487211386E1,-7.637604784423E0,
-1.469844020128E0));
#2211=CARTESIAN_POINT('',(-4.564389908212E1,-7.084988501548E0,
-9.651886286911E-1));
#2212=CARTESIAN_POINT('',(-4.579292605037E1,-6.532372218674E0,
-4.605332372543E-1));
#2213=CARTESIAN_POINT('',(-4.594195301863E1,-5.979755935800E0,
4.412215418256E-2));
#2214=CARTESIAN_POINT('',(-4.691617175843E1,-8.242556204388E0,
-1.486526076833E0));
#2215=CARTESIAN_POINT('',(-4.720834059849E1,-7.749886965409E0,
-9.748867452019E-1));
#2216=CARTESIAN_POINT('',(-4.750050943855E1,-7.257217726430E0,
-4.632474135707E-1));
#2217=CARTESIAN_POINT('',(-4.779267827860E1,-6.764548487451E0,
4.839191806046E-2));
#2218=CARTESIAN_POINT('',(-4.772958679280E1,-8.884478280890E0,
-1.504224859780E0));
#2219=CARTESIAN_POINT('',(-4.810353348256E1,-8.455245305118E0,
-9.851759356870E-1));
#2220=CARTESIAN_POINT('',(-4.847748017232E1,-8.026012329346E0,
-4.661270115936E-1));
#2221=CARTESIAN_POINT('',(-4.885142686208E1,-7.596779353574E0,
5.292191249982E-2));
#2222=CARTESIAN_POINT('',(-4.811521609990E1,-9.288803260265E0,
-1.515375796674E0));
#2223=CARTESIAN_POINT('',(-4.852810427945E1,-8.899719946838E0,
-9.916585347519E-1));
#2224=CARTESIAN_POINT('',(-4.894099245901E1,-8.510636633411E0,
-4.679412728299E-1));
#2225=CARTESIAN_POINT('',(-4.935388063857E1,-8.121553319984E0,
5.577598909205E-2));
#2226=CARTESIAN_POINT('',(-4.816584903846E1,-9.343855342560E0,
-1.516894142698E0));
#2227=CARTESIAN_POINT('',(-4.858385428247E1,-8.960242294608E0,
-9.925412254719E-1));
#2228=CARTESIAN_POINT('',(-4.900185952647E1,-8.576629246656E0,
-4.681883082459E-1));
#2229=CARTESIAN_POINT('',(-4.941986477048E1,-8.193016198704E0,
5.616460898001E-2));
#2230=B_SPLINE_SURFACE_WITH_KNOTS('',3,3,((#2198,#2199,#2200,#2201),(#2202,
#2203,#2204,#2205),(#2206,#2207,#2208,#2209),(#2210,#2211,#2212,#2213),(#2214,
#2215,#2216,#2217),(#2218,#2219,#2220,#2221),(#2222,#2223,#2224,#2225),(#2226,
#2227,#2228,#2229)),.UNSPECIFIED.,.F.,.F.,.F.,(4,1,1,1,1,4),(4,4),(
-5.002832006142E-2,0.E0,3.333333333333E-1,6.666666666667E-1,1.E0,
1.051365009076E0),(-3.439947749657E-1,1.343994774966E0),.UNSPECIFIED.);
#2231=ORIENTED_EDGE('',*,*,#2166,.T.);
#2232=ORIENTED_EDGE('',*,*,#2193,.T.);
#2233=ORIENTED_EDGE('',*,*,#1945,.F.);
#2235=ORIENTED_EDGE('',*,*,#2234,.F.);
#2236=EDGE_LOOP('',(#2231,#2232,#2233,#2235));
#2237=FACE_OUTER_BOUND('',#2236,.F.);
#2238=ADVANCED_FACE('',(#2237),#2230,.F.);
#2239=CARTESIAN_POINT('',(1.35E1,-6.661983126930E0,-7.115505752479E-1));
#2240=DIRECTION('',(0.E0,-6.649045089744E-1,7.469283727008E-1));
#2241=DIRECTION('',(0.E0,7.469283727008E-1,6.649045089744E-1));
#2242=AXIS2_PLACEMENT_3D('',#2239,#2240,#2241);
#2243=PLANE('',#2242);
#2244=ORIENTED_EDGE('',*,*,#2152,.T.);
#2245=ORIENTED_EDGE('',*,*,#2234,.T.);
#2246=ORIENTED_EDGE('',*,*,#1943,.F.);
#2248=ORIENTED_EDGE('',*,*,#2247,.F.);
#2249=EDGE_LOOP('',(#2244,#2245,#2246,#2248));
#2250=FACE_OUTER_BOUND('',#2249,.F.);
#2251=ADVANCED_FACE('',(#2250),#2243,.T.);
#2252=CARTESIAN_POINT('',(7.516591594061E1,-9.344159096929E0,
-1.516902537845E0));
#2253=CARTESIAN_POINT('',(7.558392913511E1,-8.960577335592E0,
-9.925461059922E-1));
#2254=CARTESIAN_POINT('',(7.600194232962E1,-8.576995574255E0,
-4.681896741393E-1));
#2255=CARTESIAN_POINT('',(7.641995552413E1,-8.193413812918E0,
5.616675771366E-2));
#2256=CARTESIAN_POINT('',(7.511541553247E1,-9.289074460798E0,
-1.515383287590E0));
#2257=CARTESIAN_POINT('',(7.552832458731E1,-8.900018797255E0,
-9.916628895974E-1));
#2258=CARTESIAN_POINT('',(7.594123364215E1,-8.510963133712E0,
-4.679424916046E-1));
#2259=CARTESIAN_POINT('',(7.635414269699E1,-8.121907470168E0,
5.577790638828E-2));
#2260=CARTESIAN_POINT('',(7.472071040058E1,-8.874711008195E0,
-1.503955452384E0));
#2261=CARTESIAN_POINT('',(7.509375843585E1,-8.444505975124E0,
-9.850193156510E-1));
#2262=CARTESIAN_POINT('',(7.546680647113E1,-8.014300942054E0,
-4.660831789183E-1));
#2263=CARTESIAN_POINT('',(7.583985450640E1,-7.584095908983E0,
5.285295781452E-2));
#2264=CARTESIAN_POINT('',(7.387161179054E1,-8.212608659231E0,
-1.485700319150E0));
#2265=CARTESIAN_POINT('',(7.415929641798E1,-7.716976308219E0,
-9.744066908323E-1));
#2266=CARTESIAN_POINT('',(7.444698104542E1,-7.221343957208E0,
-4.631130625141E-1));
#2267=CARTESIAN_POINT('',(7.473466567287E1,-6.725711606196E0,
4.818056580411E-2));
#2268=CARTESIAN_POINT('',(7.244348267383E1,-7.627360594615E0,
-1.469561530603E0));
#2269=CARTESIAN_POINT('',(7.258733424704E1,-7.073729352662E0,
-9.650244033577E-1));
#2270=CARTESIAN_POINT('',(7.273118582025E1,-6.520098110710E0,
-4.604872761122E-1));
#2271=CARTESIAN_POINT('',(7.287503739346E1,-5.966466868757E0,
4.404985113324E-2));
#2272=CARTESIAN_POINT('',(7.142150715651E1,-7.500719796472E0,
-1.466069648873E0));
#2273=CARTESIAN_POINT('',(7.146244972333E1,-6.934561068814E0,
-9.629943973180E-1));
#2274=CARTESIAN_POINT('',(7.150339229014E1,-6.368402341156E0,
-4.599191457635E-1));
#2275=CARTESIAN_POINT('',(7.154433485695E1,-5.802243613498E0,
4.315610579098E-2));
#2276=CARTESIAN_POINT('',(7.086494917498E1,-7.511287740595E0,
-1.466361040048E0));
#2277=CARTESIAN_POINT('',(7.084987450153E1,-6.946174408820E0,
-9.631637976275E-1));
#2278=CARTESIAN_POINT('',(7.083479982808E1,-6.381061077044E0,
-4.599665552071E-1));
#2279=CARTESIAN_POINT('',(7.081972515462E1,-5.815947745269E0,
4.323068721320E-2));
#2280=CARTESIAN_POINT('',(7.078980027368E1,-7.514099032713E0,
-1.466438555086E0));
#2281=CARTESIAN_POINT('',(7.076716242692E1,-6.949263731697E0,
-9.632088610082E-1));
#2282=CARTESIAN_POINT('',(7.074452458016E1,-6.384428430682E0,
-4.599791669303E-1));
#2283=CARTESIAN_POINT('',(7.072188673340E1,-5.819593129666E0,
4.325052714757E-2));
#2284=B_SPLINE_SURFACE_WITH_KNOTS('',3,3,((#2252,#2253,#2254,#2255),(#2256,
#2257,#2258,#2259),(#2260,#2261,#2262,#2263),(#2264,#2265,#2266,#2267),(#2268,
#2269,#2270,#2271),(#2272,#2273,#2274,#2275),(#2276,#2277,#2278,#2279),(#2280,
#2281,#2282,#2283)),.UNSPECIFIED.,.F.,.F.,.F.,(4,1,1,1,1,4),(4,4),(
-5.005137800329E-2,0.E0,3.333333333333E-1,6.666666666667E-1,1.E0,
1.051885544987E0),(-3.439947749657E-1,1.343994774966E0),.UNSPECIFIED.);
#2285=ORIENTED_EDGE('',*,*,#2138,.T.);
#2286=ORIENTED_EDGE('',*,*,#2247,.T.);
#2287=ORIENTED_EDGE('',*,*,#1941,.F.);
#2289=ORIENTED_EDGE('',*,*,#2288,.F.);
#2290=EDGE_LOOP('',(#2285,#2286,#2287,#2289));
#2291=FACE_OUTER_BOUND('',#2290,.F.);
#2292=ADVANCED_FACE('',(#2291),#2284,.F.);
#2293=CARTESIAN_POINT('',(7.635325899135E1,-9.325679818127E0,
-7.287031711708E-1));
#2294=DIRECTION('',(-4.807057278691E-1,-4.774715809666E-1,7.354882001522E-1));
#2295=DIRECTION('',(5.218211151858E-1,5.183103474843E-1,6.775375321242E-1));
#2296=AXIS2_PLACEMENT_3D('',#2293,#2294,#2295);
#2297=PLANE('',#2296);
#2298=ORIENTED_EDGE('',*,*,#2124,.T.);
#2299=ORIENTED_EDGE('',*,*,#2288,.T.);
#2300=ORIENTED_EDGE('',*,*,#1939,.F.);
#2301=ORIENTED_EDGE('',*,*,#2096,.F.);
#2302=EDGE_LOOP('',(#2298,#2299,#2300,#2301));
#2303=FACE_OUTER_BOUND('',#2302,.F.);
#2304=ADVANCED_FACE('',(#2303),#2297,.T.);
#2308=DIMENSIONAL_EXPONENTS(0.E0,0.E0,0.E0,0.E0,0.E0,0.E0,0.E0);
#2310=PLANE_ANGLE_MEASURE_WITH_UNIT(PLANE_ANGLE_MEASURE(1.745329251994E-2),
#2309);
#2311=(CONVERSION_BASED_UNIT('DEGREE',#2310)NAMED_UNIT(*)PLANE_ANGLE_UNIT());
#2313=UNCERTAINTY_MEASURE_WITH_UNIT(LENGTH_MEASURE(3.855400699859E-2),#2307,
'closure',
'Maximum model space distance between geometric entities at asserted connectivities');
#2314=(GEOMETRIC_REPRESENTATION_CONTEXT(3)GLOBAL_UNCERTAINTY_ASSIGNED_CONTEXT((
#2313))GLOBAL_UNIT_ASSIGNED_CONTEXT((#2307,#2311,#2312))REPRESENTATION_CONTEXT(
'ID2','3'));
#2315=CARTESIAN_POINT('',(0.E0,0.E0,0.E0));
#2316=DIRECTION('',(0.E0,0.E0,1.E0));
#2317=DIRECTION('',(1.E0,0.E0,0.E0));
#2320=MECHANICAL_CONTEXT('',#768,'mechanical');
#2321=PRODUCT('000','000','NOT SPECIFIED',(#2320));
#2322=PRODUCT_DEFINITION_FORMATION_WITH_SPECIFIED_SOURCE('1','LAST_VERSION',
#2321,.MADE.);
#2328=CARTESIAN_POINT('',(1.929165794179E2,4.909738839673E1,6.482382401831E1));
#2329=DIRECTION('',(3.758336179287E-2,-9.521204851496E-1,-3.034041408333E-1));
#2330=DIRECTION('',(-9.992934958841E-1,-3.580918800249E-2,-1.141100951958E-2));
#2331=AXIS2_PLACEMENT_3D('',#2328,#2329,#2330);
#2332=ITEM_DEFINED_TRANSFORMATION('','',#2318,#2331);
#2333=(REPRESENTATION_RELATIONSHIP('','',#2319,#779)REPRESENTATION_RELATIONSHIP_WITH_TRANSFORMATION(#2332)SHAPE_REPRESENTATION_RELATIONSHIP());
#2334=CONTEXT_DEPENDENT_SHAPE_REPRESENTATION(#2333,#2327);
#2336=DIMENSIONAL_EXPONENTS(0.E0,0.E0,0.E0,0.E0,0.E0,0.E0,0.E0);
#2338=PLANE_ANGLE_MEASURE_WITH_UNIT(PLANE_ANGLE_MEASURE(1.745329251994E-2),
#2337);
#2339=(CONVERSION_BASED_UNIT('DEGREE',#2338)NAMED_UNIT(*)PLANE_ANGLE_UNIT());
#2341=UNCERTAINTY_MEASURE_WITH_UNIT(LENGTH_MEASURE(3.787844172892E-2),#2335,
'closure',
'Maximum model space distance between geometric entities at asserted connectivities');
#2342=(GEOMETRIC_REPRESENTATION_CONTEXT(3)GLOBAL_UNCERTAINTY_ASSIGNED_CONTEXT((
#2341))GLOBAL_UNIT_ASSIGNED_CONTEXT((#2335,#2339,#2340))REPRESENTATION_CONTEXT(
'ID3','3'));
#2343=CARTESIAN_POINT('',(0.E0,0.E0,0.E0));
#2344=DIRECTION('',(0.E0,0.E0,1.E0));
#2345=DIRECTION('',(1.E0,0.E0,0.E0));
#2347=DESIGN_CONTEXT('',#768,'design');
#2348=MECHANICAL_CONTEXT('',#768,'mechanical');
#2349=PRODUCT('G8000_ASM','G8000_ASM','NOT SPECIFIED',(#2348));
#2350=PRODUCT_DEFINITION_FORMATION_WITH_SPECIFIED_SOURCE('1','LAST_VERSION',
#2349,.MADE.);
#2352=PRODUCT_CATEGORY('part','');
#2353=PRODUCT_RELATED_PRODUCT_CATEGORY('assembly','',(#2349));
#2354=PRODUCT_CATEGORY_RELATIONSHIP('','',#2352,#2353);
#2355=PRODUCT_CATEGORY('part','');
#2356=PRODUCT_RELATED_PRODUCT_CATEGORY('detail','',(#772,#2321));
#2357=PRODUCT_CATEGORY_RELATIONSHIP('','',#2355,#2356);
#2358=SECURITY_CLASSIFICATION_LEVEL('unclassified');
#2359=SECURITY_CLASSIFICATION('','',#2358);
#2360=CC_DESIGN_SECURITY_CLASSIFICATION(#2359,(#773,#2322,#2350,#780,#2326));
#2361=APPROVAL_STATUS('approved');
#2362=APPROVAL(#2361,'');
#2363=CC_DESIGN_APPROVAL(#2362,(#2359,#773,#2322,#2350,#774,#2323,#2351));
#2364=CALENDAR_DATE(123,28,9);
#2365=COORDINATED_UNIVERSAL_TIME_OFFSET(8,0,.AHEAD.);
#2366=LOCAL_TIME(15,38,5.5E1,#2365);
#2367=DATE_AND_TIME(#2364,#2366);
#2368=APPROVAL_DATE_TIME(#2367,#2362);
#2369=DATE_TIME_ROLE('creation_date');
#2370=CC_DESIGN_DATE_AND_TIME_ASSIGNMENT(#2367,#2369,(#774,#2323,#2351));
#2371=DATE_TIME_ROLE('classification_date');
#2372=CC_DESIGN_DATE_AND_TIME_ASSIGNMENT(#2367,#2371,(#2359));
#2373=PERSON('UNSPECIFIED','UNSPECIFIED',$,$,$,$);
#2374=ORGANIZATION('UNSPECIFIED','UNSPECIFIED','UNSPECIFIED');
#2375=PERSON_AND_ORGANIZATION(#2373,#2374);
#2376=APPROVAL_ROLE('approver');
#2377=APPROVAL_PERSON_ORGANIZATION(#2375,#2362,#2376);
#2378=PERSON_AND_ORGANIZATION_ROLE('creator');
#2379=CC_DESIGN_PERSON_AND_ORGANIZATION_ASSIGNMENT(#2375,#2378,(#773,#2322,
#2350,#774,#2323,#2351));
#2380=PERSON_AND_ORGANIZATION_ROLE('design_supplier');
#2381=CC_DESIGN_PERSON_AND_ORGANIZATION_ASSIGNMENT(#2375,#2380,(#773,#2322,
#2350));
#2382=PERSON_AND_ORGANIZATION_ROLE('classification_officer');
#2383=CC_DESIGN_PERSON_AND_ORGANIZATION_ASSIGNMENT(#2375,#2382,(#2359));
#2384=PERSON_AND_ORGANIZATION_ROLE('design_owner');
#2385=CC_DESIGN_PERSON_AND_ORGANIZATION_ASSIGNMENT(#2375,#2384,(#2349,#772,
#2321));
#54=B_SPLINE_CURVE_WITH_KNOTS('',3,(#45,#46,#47,#48,#49,#50,#51,#52,#53),
.UNSPECIFIED.,.F.,.F.,(4,1,1,1,1,1,4),(0.E0,1.666667097219E-1,3.333333629443E-1,
5.000000161667E-1,6.666666693891E-1,8.333333226116E-1,1.E0),.UNSPECIFIED.);
#64=B_SPLINE_CURVE_WITH_KNOTS('',3,(#55,#56,#57,#58,#59,#60,#61,#62,#63),
.UNSPECIFIED.,.F.,.F.,(4,1,1,1,1,1,4),(0.E0,1.666666788315E-1,3.333333312494E-1,
4.999999836672E-1,6.666666360851E-1,8.333332885029E-1,1.E0),.UNSPECIFIED.);
#90=B_SPLINE_CURVE_WITH_KNOTS('',3,(#81,#82,#83,#84,#85,#86,#87,#88,#89),
.UNSPECIFIED.,.F.,.F.,(4,1,1,1,1,1,4),(0.E0,1.666666771606E-1,3.333333302847E-1,
4.999999834088E-1,6.666666365329E-1,8.333332896570E-1,1.E0),.UNSPECIFIED.);
#104=B_SPLINE_CURVE_WITH_KNOTS('',3,(#95,#96,#97,#98,#99,#100,#101,#102,#103),
.UNSPECIFIED.,.F.,.F.,(4,1,1,1,1,1,4),(0.E0,1.666667098871E-1,3.333333630604E-1,
5.000000162338E-1,6.666666694071E-1,8.333333225805E-1,1.E0),.UNSPECIFIED.);
#109=CIRCLE('',#108,1.246087238849E1);
#114=CIRCLE('',#113,1.246087238849E1);
#152=B_SPLINE_CURVE_WITH_KNOTS('',3,(#143,#144,#145,#146,#147,#148,#149,#150,
#151),.UNSPECIFIED.,.F.,.F.,(4,1,1,1,1,1,4),(0.E0,1.666666790130E-1,
3.333333309720E-1,4.999999829311E-1,6.666666348902E-1,8.333332868492E-1,1.E0),
.UNSPECIFIED.);
#166=B_SPLINE_CURVE_WITH_KNOTS('',3,(#157,#158,#159,#160,#161,#162,#163,#164,
#165),.UNSPECIFIED.,.F.,.F.,(4,1,1,1,1,1,4),(0.E0,1.666667126412E-1,
3.333333646565E-1,5.000000166719E-1,6.666666686873E-1,8.333333207027E-1,1.E0),
.UNSPECIFIED.);
#204=B_SPLINE_CURVE_WITH_KNOTS('',3,(#195,#196,#197,#198,#199,#200,#201,#202,
#203),.UNSPECIFIED.,.F.,.F.,(4,1,1,1,1,1,4),(0.E0,1.666666771304E-1,
3.333333303038E-1,4.999999834772E-1,6.666666366505E-1,8.333332898239E-1,1.E0),
.UNSPECIFIED.);
#214=B_SPLINE_CURVE_WITH_KNOTS('',3,(#205,#206,#207,#208,#209,#210,#211,#212,
#213),.UNSPECIFIED.,.F.,.F.,(4,1,1,1,1,1,4),(0.E0,1.666667110047E-1,
3.333333634765E-1,5.000000159483E-1,6.666666684201E-1,8.333333208919E-1,1.E0),
.UNSPECIFIED.);
#231=CIRCLE('',#230,1.246087238849E1);
#236=CIRCLE('',#235,1.246087238849E1);
#290=EDGE_CURVE('',#244,#239,#4,.T.);
#292=EDGE_CURVE('',#271,#244,#8,.T.);
#294=EDGE_CURVE('',#276,#271,#12,.T.);
#296=EDGE_CURVE('',#276,#239,#16,.T.);
#306=EDGE_CURVE('',#239,#240,#24,.T.);
#308=EDGE_CURVE('',#242,#240,#72,.T.);
#310=EDGE_CURVE('',#244,#242,#20,.T.);
#323=EDGE_CURVE('',#275,#276,#28,.T.);
#325=EDGE_CURVE('',#275,#260,#32,.T.);
#327=EDGE_CURVE('',#259,#260,#36,.T.);
#329=EDGE_CURVE('',#259,#256,#122,.T.);
#331=EDGE_CURVE('',#255,#256,#40,.T.);
#333=EDGE_CURVE('',#240,#255,#76,.T.);
#345=EDGE_CURVE('',#271,#272,#44,.T.);
#347=EDGE_CURVE('',#275,#272,#142,.T.);
#397=EDGE_CURVE('',#271,#268,#64,.T.);
#399=EDGE_CURVE('',#268,#270,#170,.T.);
#401=EDGE_CURVE('',#272,#270,#152,.T.);
#412=EDGE_CURVE('',#245,#244,#54,.T.);
#414=EDGE_CURVE('',#268,#245,#186,.T.);
#468=EDGE_CURVE('',#246,#242,#104,.T.);
#470=EDGE_CURVE('',#245,#246,#68,.T.);
#482=EDGE_CURVE('',#255,#252,#80,.T.);
#484=EDGE_CURVE('',#252,#250,#90,.T.);
#486=EDGE_CURVE('',#250,#246,#94,.T.);
#491=EDGE_CURVE('',#283,#284,#109,.T.);
#493=EDGE_CURVE('',#284,#283,#114,.T.);
#504=EDGE_CURVE('',#256,#251,#118,.T.);
#506=EDGE_CURVE('',#251,#252,#194,.T.);
#519=EDGE_CURVE('',#264,#259,#126,.T.);
#521=EDGE_CURVE('',#251,#264,#130,.T.);
#532=EDGE_CURVE('',#262,#260,#138,.T.);
#534=EDGE_CURVE('',#264,#262,#134,.T.);
#549=EDGE_CURVE('',#270,#266,#156,.T.);
#551=EDGE_CURVE('',#266,#262,#166,.T.);
#561=EDGE_CURVE('',#268,#265,#182,.T.);
#563=EDGE_CURVE('',#265,#266,#218,.T.);
#575=EDGE_CURVE('',#248,#245,#174,.T.);
#577=EDGE_CURVE('',#248,#265,#178,.T.);
#592=EDGE_CURVE('',#248,#250,#190,.T.);
#642=EDGE_CURVE('',#251,#248,#204,.T.);
#657=EDGE_CURVE('',#265,#264,#214,.T.);
#721=EDGE_CURVE('',#283,#279,#222,.T.);
#723=EDGE_CURVE('',#279,#280,#231,.T.);
#725=EDGE_CURVE('',#284,#280,#226,.T.);
#737=EDGE_CURVE('',#280,#279,#236,.T.);
#753=CLOSED_SHELL('',(#300,#315,#337,#351,#406,#420,#474,#497,#511,#525,#539,
#555,#569,#583,#596,#649,#662,#714,#729,#742,#752));
#754=MANIFOLD_SOLID_BREP('',#753);
#755=(LENGTH_UNIT()NAMED_UNIT(*)SI_UNIT(.MILLI.,.METRE.));
#757=(NAMED_UNIT(*)PLANE_ANGLE_UNIT()SI_UNIT($,.RADIAN.));
#760=(NAMED_UNIT(*)SI_UNIT($,.STERADIAN.)SOLID_ANGLE_UNIT());
#766=AXIS2_PLACEMENT_3D('',#763,#764,#765);
#767=ADVANCED_BREP_SHAPE_REPRESENTATION('',(#766,#754),#762);
#774=PRODUCT_DEFINITION('design','',#773,#770);
#775=PRODUCT_DEFINITION_SHAPE('','SHAPE FOR YAKELI.',#774);
#776=SHAPE_DEFINITION_REPRESENTATION(#775,#767);
#777=SHAPE_DEFINITION_REPRESENTATION(#778,#779);
#778=PRODUCT_DEFINITION_SHAPE('','SHAPE FOR G8000_ASM.',#2351);
#779=SHAPE_REPRESENTATION('',(#785,#2331,#2346),#2342);
#780=NEXT_ASSEMBLY_USAGE_OCCURRENCE('2','Next assembly relationship','YAKELI',
#2351,#774,$);
#781=PRODUCT_DEFINITION_SHAPE('Placement #2',
'Placement of YAKELI with respect to G8000_ASM',#780);
#838=B_SPLINE_CURVE_WITH_KNOTS('',3,(#829,#830,#831,#832,#833,#834,#835,#836,
#837),.UNSPECIFIED.,.F.,.F.,(4,1,1,1,1,1,4),(0.E0,1.666666684881E-1,
3.333333369017E-1,5.000000053152E-1,6.666666737287E-1,8.333333421422E-1,1.E0),
.UNSPECIFIED.);
#849=B_SPLINE_CURVE_WITH_KNOTS('',3,(#843,#844,#845,#846,#847,#848),
.UNSPECIFIED.,.F.,.F.,(4,1,1,4),(0.E0,3.333332573111E-1,6.666666442316E-1,1.E0),
.UNSPECIFIED.);
#858=CIRCLE('',#857,7.011409480732E0);
#867=CIRCLE('',#866,7.011409480732E0);
#878=B_SPLINE_CURVE_WITH_KNOTS('',3,(#872,#873,#874,#875,#876,#877),
.UNSPECIFIED.,.F.,.F.,(4,1,1,4),(0.E0,3.333333561684E-1,6.666667432860E-1,1.E0),
.UNSPECIFIED.);
#892=B_SPLINE_CURVE_WITH_KNOTS('',3,(#883,#884,#885,#886,#887,#888,#889,#890,
#891),.UNSPECIFIED.,.F.,.F.,(4,1,1,1,1,1,4),(0.E0,1.666666578649E-1,
3.333333262770E-1,4.999999946891E-1,6.666666631012E-1,8.333333315132E-1,1.E0),
.UNSPECIFIED.);
#963=B_SPLINE_CURVE_WITH_KNOTS('',3,(#957,#958,#959,#960,#961,#962),
.UNSPECIFIED.,.F.,.F.,(4,1,1,4),(0.E0,3.333332574190E-1,6.666666443836E-1,1.E0),
.UNSPECIFIED.);
#970=B_SPLINE_CURVE_WITH_KNOTS('',3,(#964,#965,#966,#967,#968,#969),
.UNSPECIFIED.,.F.,.F.,(4,1,1,4),(0.E0,3.333333336634E-1,6.666666886633E-1,1.E0),
.UNSPECIFIED.);
#992=B_SPLINE_CURVE_WITH_KNOTS('',3,(#983,#984,#985,#986,#987,#988,#989,#990,
#991),.UNSPECIFIED.,.F.,.F.,(4,1,1,1,1,1,4),(0.E0,1.666666684844E-1,
3.333333368939E-1,5.000000053034E-1,6.666666737128E-1,8.333333421223E-1,1.E0),
.UNSPECIFIED.);
#1002=B_SPLINE_CURVE_WITH_KNOTS('',3,(#993,#994,#995,#996,#997,#998,#999,#1000,
#1001),.UNSPECIFIED.,.F.,.F.,(4,1,1,1,1,1,4),(0.E0,1.666666635503E-1,
3.333333339599E-1,5.000000043695E-1,6.666666747791E-1,8.333333451887E-1,1.E0),
.UNSPECIFIED.);
#1048=B_SPLINE_CURVE_WITH_KNOTS('',3,(#1039,#1040,#1041,#1042,#1043,#1044,#1045,
#1046,#1047),.UNSPECIFIED.,.F.,.F.,(4,1,1,1,1,1,4),(0.E0,1.666666546747E-1,
3.333333250657E-1,4.999999954566E-1,6.666666658476E-1,8.333333362385E-1,1.E0),
.UNSPECIFIED.);
#1059=B_SPLINE_CURVE_WITH_KNOTS('',3,(#1053,#1054,#1055,#1056,#1057,#1058),
.UNSPECIFIED.,.F.,.F.,(4,1,1,4),(0.E0,3.333333124098E-1,6.666666667840E-1,1.E0),
.UNSPECIFIED.);
#1070=B_SPLINE_CURVE_WITH_KNOTS('',3,(#1064,#1065,#1066,#1067,#1068,#1069),
.UNSPECIFIED.,.F.,.F.,(4,1,1,4),(0.E0,3.333332174389E-1,6.666666827412E-1,1.E0),
.UNSPECIFIED.);
#1081=B_SPLINE_CURVE_WITH_KNOTS('',3,(#1075,#1076,#1077,#1078,#1079,#1080),
.UNSPECIFIED.,.F.,.F.,(4,1,1,4),(0.E0,3.333332215486E-1,6.666666858537E-1,1.E0),
.UNSPECIFIED.);
#1092=B_SPLINE_CURVE_WITH_KNOTS('',3,(#1086,#1087,#1088,#1089,#1090,#1091),
.UNSPECIFIED.,.F.,.F.,(4,1,1,4),(0.E0,3.333333333830E-1,6.666666877973E-1,1.E0),
.UNSPECIFIED.);
#1106=B_SPLINE_CURVE_WITH_KNOTS('',3,(#1097,#1098,#1099,#1100,#1101,#1102,#1103,
#1104,#1105),.UNSPECIFIED.,.F.,.F.,(4,1,1,1,1,1,4),(0.E0,1.666666637689E-1,
3.333333341614E-1,5.000000045539E-1,6.666666749464E-1,8.333333453389E-1,1.E0),
.UNSPECIFIED.);
#1132=B_SPLINE_CURVE_WITH_KNOTS('',3,(#1123,#1124,#1125,#1126,#1127,#1128,#1129,
#1130,#1131),.UNSPECIFIED.,.F.,.F.,(4,1,1,1,1,1,4),(0.E0,1.666666578848E-1,
3.333333262928E-1,4.999999947009E-1,6.666666631089E-1,8.333333315170E-1,1.E0),
.UNSPECIFIED.);
#1142=B_SPLINE_CURVE_WITH_KNOTS('',3,(#1133,#1134,#1135,#1136,#1137,#1138,#1139,
#1140,#1141),.UNSPECIFIED.,.F.,.F.,(4,1,1,1,1,1,4),(0.E0,1.666666548248E-1,
3.333333252329E-1,4.999999956410E-1,6.666666660491E-1,8.333333364573E-1,1.E0),
.UNSPECIFIED.);
#1161=B_SPLINE_CURVE_WITH_KNOTS('',3,(#1155,#1156,#1157,#1158,#1159,#1160),
.UNSPECIFIED.,.F.,.F.,(4,1,1,4),(0.E0,3.333333560171E-1,6.666667431783E-1,1.E0),
.UNSPECIFIED.);
#1168=B_SPLINE_CURVE_WITH_KNOTS('',3,(#1162,#1163,#1164,#1165,#1166,#1167),
.UNSPECIFIED.,.F.,.F.,(4,1,1,4),(0.E0,3.333333115501E-1,6.666666665077E-1,1.E0),
.UNSPECIFIED.);
#1189=CIRCLE('',#1188,6.E0);
#1196=B_SPLINE_CURVE_WITH_KNOTS('',3,(#1190,#1191,#1192,#1193,#1194,#1195),
.UNSPECIFIED.,.F.,.F.,(4,1,1,4),(0.E0,3.333332192425E-1,6.666666807766E-1,1.E0),
.UNSPECIFIED.);
#1217=CIRCLE('',#1216,6.E0);
#1224=B_SPLINE_CURVE_WITH_KNOTS('',3,(#1218,#1219,#1220,#1221,#1222,#1223),
.UNSPECIFIED.,.F.,.F.,(4,1,1,4),(0.E0,3.333332269556E-1,6.666666872670E-1,1.E0),
.UNSPECIFIED.);
#1358=EDGE_CURVE('',#1274,#1270,#792,.T.);
#1360=EDGE_CURVE('',#1270,#1317,#796,.T.);
#1362=EDGE_CURVE('',#1320,#1317,#800,.T.);
#1364=EDGE_CURVE('',#1274,#1320,#804,.T.);
#1374=EDGE_CURVE('',#1302,#1298,#808,.T.);
#1376=EDGE_CURVE('',#1341,#1298,#812,.T.);
#1378=EDGE_CURVE('',#1344,#1341,#816,.T.);
#1380=EDGE_CURVE('',#1344,#1302,#820,.T.);
#1390=EDGE_CURVE('',#1272,#1269,#842,.T.);
#1392=EDGE_CURVE('',#1269,#1270,#1006,.T.);
#1395=EDGE_CURVE('',#1272,#1274,#824,.T.);
#1405=EDGE_CURVE('',#1268,#1263,#828,.T.);
#1407=EDGE_CURVE('',#1269,#1268,#838,.T.);
#1410=EDGE_CURVE('',#1275,#1272,#849,.T.);
#1412=EDGE_CURVE('',#1278,#1275,#853,.T.);
#1414=EDGE_CURVE('',#1282,#1278,#858,.T.);
#1416=EDGE_CURVE('',#1286,#1282,#862,.T.);
#1418=EDGE_CURVE('',#1290,#1286,#867,.T.);
#1420=EDGE_CURVE('',#1294,#1290,#871,.T.);
#1422=EDGE_CURVE('',#1297,#1294,#878,.T.);
#1424=EDGE_CURVE('',#1300,#1297,#882,.T.);
#1426=EDGE_CURVE('',#1303,#1300,#892,.T.);
#1428=EDGE_CURVE('',#1308,#1303,#896,.T.);
#1430=EDGE_CURVE('',#1263,#1308,#908,.T.);
#1440=EDGE_CURVE('',#1263,#1264,#904,.T.);
#1442=EDGE_CURVE('',#1266,#1264,#1010,.T.);
#1444=EDGE_CURVE('',#1268,#1266,#900,.T.);
#1457=EDGE_CURVE('',#1307,#1308,#912,.T.);
#1459=EDGE_CURVE('',#1307,#1352,#1122,.T.);
#1461=EDGE_CURVE('',#1351,#1352,#916,.T.);
#1463=EDGE_CURVE('',#1312,#1351,#1034,.T.);
#1465=EDGE_CURVE('',#1311,#1312,#920,.T.);
#1467=EDGE_CURVE('',#1264,#1311,#1014,.T.);
#1479=EDGE_CURVE('',#1303,#1304,#924,.T.);
#1481=EDGE_CURVE('',#1307,#1304,#1110,.T.);
#1532=EDGE_CURVE('',#1300,#1302,#928,.T.);
#1534=EDGE_CURVE('',#1304,#1302,#1132,.T.);
#1546=EDGE_CURVE('',#1297,#1298,#932,.T.);
#1587=EDGE_CURVE('',#1294,#1296,#936,.T.);
#1589=EDGE_CURVE('',#1298,#1296,#1161,.T.);
#1601=EDGE_CURVE('',#1290,#1292,#940,.T.);
#1603=EDGE_CURVE('',#1296,#1292,#1172,.T.);
#1615=EDGE_CURVE('',#1286,#1288,#944,.T.);
#1617=EDGE_CURVE('',#1292,#1288,#1189,.T.);
#1629=EDGE_CURVE('',#1282,#1284,#948,.T.);
#1631=EDGE_CURVE('',#1288,#1284,#1200,.T.);
#1643=EDGE_CURVE('',#1278,#1280,#952,.T.);
#1645=EDGE_CURVE('',#1284,#1280,#1217,.T.);
#1657=EDGE_CURVE('',#1275,#1276,#956,.T.);
#1659=EDGE_CURVE('',#1280,#1276,#1228,.T.);
#1700=EDGE_CURVE('',#1276,#1274,#963,.T.);
#1713=EDGE_CURVE('',#1323,#1320,#970,.T.);
#1715=EDGE_CURVE('',#1276,#1323,#1232,.T.);
#1754=EDGE_CURVE('',#1320,#1322,#978,.T.);
#1756=EDGE_CURVE('',#1324,#1322,#1092,.T.);
#1758=EDGE_CURVE('',#1323,#1324,#974,.T.);
#1769=EDGE_CURVE('',#1317,#1318,#982,.T.);
#1771=EDGE_CURVE('',#1322,#1318,#1096,.T.);
#1822=EDGE_CURVE('',#1317,#1316,#1002,.T.);
#1824=EDGE_CURVE('',#1316,#1314,#1026,.T.);
#1826=EDGE_CURVE('',#1318,#1314,#1106,.T.);
#1837=EDGE_CURVE('',#1270,#1266,#992,.T.);
#1839=EDGE_CURVE('',#1266,#1316,#1022,.T.);
#1905=EDGE_CURVE('',#1316,#1311,#1018,.T.);
#1917=EDGE_CURVE('',#1314,#1312,#1030,.T.);
#1931=EDGE_CURVE('',#1351,#1348,#1038,.T.);
#1933=EDGE_CURVE('',#1348,#1346,#1048,.T.);
#1935=EDGE_CURVE('',#1346,#1342,#1052,.T.);
#1937=EDGE_CURVE('',#1342,#1340,#1059,.T.);
#1939=EDGE_CURVE('',#1340,#1336,#1063,.T.);
#1941=EDGE_CURVE('',#1336,#1334,#1070,.T.);
#1943=EDGE_CURVE('',#1334,#1330,#1074,.T.);
#1945=EDGE_CURVE('',#1330,#1328,#1081,.T.);
#1947=EDGE_CURVE('',#1328,#1324,#1085,.T.);
#1961=EDGE_CURVE('',#1352,#1347,#1118,.T.);
#1963=EDGE_CURVE('',#1347,#1348,#1146,.T.);
#1975=EDGE_CURVE('',#1347,#1304,#1114,.T.);
#1989=EDGE_CURVE('',#1347,#1344,#1142,.T.);
#2041=EDGE_CURVE('',#1344,#1346,#1150,.T.);
#2054=EDGE_CURVE('',#1341,#1342,#1154,.T.);
#2094=EDGE_CURVE('',#1341,#1338,#1168,.T.);
#2096=EDGE_CURVE('',#1338,#1340,#1260,.T.);
#2109=EDGE_CURVE('',#1338,#1296,#1184,.T.);
#2122=EDGE_CURVE('',#1292,#1335,#1176,.T.);
#2124=EDGE_CURVE('',#1338,#1335,#1180,.T.);
#2136=EDGE_CURVE('',#1288,#1332,#1212,.T.);
#2138=EDGE_CURVE('',#1335,#1332,#1196,.T.);
#2150=EDGE_CURVE('',#1284,#1329,#1204,.T.);
#2152=EDGE_CURVE('',#1332,#1329,#1208,.T.);
#2164=EDGE_CURVE('',#1280,#1326,#1240,.T.);
#2166=EDGE_CURVE('',#1329,#1326,#1224,.T.);
#2179=EDGE_CURVE('',#1326,#1323,#1236,.T.);
#2193=EDGE_CURVE('',#1326,#1328,#1244,.T.);
#2234=EDGE_CURVE('',#1329,#1330,#1248,.T.);
#2247=EDGE_CURVE('',#1332,#1334,#1252,.T.);
#2288=EDGE_CURVE('',#1335,#1336,#1256,.T.);
#2305=CLOSED_SHELL('',(#1368,#1384,#1399,#1434,#1449,#1471,#1485,#1539,#1552,
#1594,#1608,#1622,#1636,#1650,#1664,#1705,#1719,#1762,#1776,#1831,#1845,#1897,
#1910,#1923,#1954,#1968,#1981,#1994,#2047,#2060,#2102,#2115,#2129,#2143,#2157,
#2171,#2184,#2197,#2238,#2251,#2292,#2304));
#2306=MANIFOLD_SOLID_BREP('',#2305);
#2307=(LENGTH_UNIT()NAMED_UNIT(*)SI_UNIT(.MILLI.,.METRE.));
#2309=(NAMED_UNIT(*)PLANE_ANGLE_UNIT()SI_UNIT($,.RADIAN.));
#2312=(NAMED_UNIT(*)SI_UNIT($,.STERADIAN.)SOLID_ANGLE_UNIT());
#2318=AXIS2_PLACEMENT_3D('',#2315,#2316,#2317);
#2319=ADVANCED_BREP_SHAPE_REPRESENTATION('',(#2318,#2306),#2314);
#2323=PRODUCT_DEFINITION('design','',#2322,#770);
#2324=PRODUCT_DEFINITION_SHAPE('','SHAPE FOR 000.',#2323);
#2325=SHAPE_DEFINITION_REPRESENTATION(#2324,#2319);
#2326=NEXT_ASSEMBLY_USAGE_OCCURRENCE('3','Next assembly relationship',
'\X2\94DD540891D1\X0\',#2351,#2323,$);
#2327=PRODUCT_DEFINITION_SHAPE('Placement #3',
'Placement of 000 with respect to G8000_ASM',#2326);
#2335=(LENGTH_UNIT()NAMED_UNIT(*)SI_UNIT(.MILLI.,.METRE.));
#2337=(NAMED_UNIT(*)PLANE_ANGLE_UNIT()SI_UNIT($,.RADIAN.));
#2340=(NAMED_UNIT(*)SI_UNIT($,.STERADIAN.)SOLID_ANGLE_UNIT());
#2346=AXIS2_PLACEMENT_3D('',#2343,#2344,#2345);
#2351=PRODUCT_DEFINITION('design','',#2350,#2347);
ENDSEC;
END-ISO-10303-21;
