ISO-10303-21;
HEADER;
FILE_DESCRIPTION((''),'2;1');
FILE_NAME('H75-FINAL00_ASM_5_ASM_1_ASM','2024-01-15T18:59:08',('74576'),(''),
'CREO PARAMETRIC BY PTC INC, 2023072','CREO PARAMETRIC BY PTC INC, 2023072','');
FILE_SCHEMA(('CONFIG_CONTROL_DESIGN'));
ENDSEC;
DATA;
#1=DIRECTION('',(0.E0,-1.E0,0.E0));
#2=VECTOR('',#1,4.E0);
#3=CARTESIAN_POINT('',(-3.1E0,3.5E0,-1.937651138140E1));
#4=LINE('',#3,#2);
#5=DIRECTION('',(0.E0,1.E0,0.E0));
#6=VECTOR('',#5,4.E0);
#7=CARTESIAN_POINT('',(3.1E0,-5.E-1,-1.937651138140E1));
#8=LINE('',#7,#6);
#9=DIRECTION('',(0.E0,0.E0,-1.E0));
#10=VECTOR('',#9,1.1E1);
#11=CARTESIAN_POINT('',(-3.1E0,-5.E-1,-8.376511381398E0));
#12=LINE('',#11,#10);
#13=DIRECTION('',(0.E0,-1.E0,0.E0));
#14=VECTOR('',#13,4.E0);
#15=CARTESIAN_POINT('',(3.1E0,3.5E0,-8.376511381398E0));
#16=LINE('',#15,#14);
#17=DIRECTION('',(0.E0,1.E0,0.E0));
#18=VECTOR('',#17,4.E0);
#19=CARTESIAN_POINT('',(-3.1E0,-5.E-1,-8.376511381398E0));
#20=LINE('',#19,#18);
#21=DIRECTION('',(0.E0,0.E0,1.E0));
#22=VECTOR('',#21,1.1E1);
#23=CARTESIAN_POINT('',(3.1E0,-5.E-1,-1.937651138140E1));
#24=LINE('',#23,#22);
#25=CARTESIAN_POINT('',(0.E0,-5.E-1,-8.376511381398E0));
#26=DIRECTION('',(0.E0,1.E0,0.E0));
#27=DIRECTION('',(-1.E0,0.E0,0.E0));
#28=AXIS2_PLACEMENT_3D('',#25,#26,#27);
#30=CARTESIAN_POINT('',(0.E0,-5.E-1,-1.937651138140E1));
#31=DIRECTION('',(0.E0,1.E0,0.E0));
#32=DIRECTION('',(1.E0,0.E0,0.E0));
#33=AXIS2_PLACEMENT_3D('',#30,#31,#32);
#35=CARTESIAN_POINT('',(0.E0,3.5E0,-1.937651138140E1));
#36=DIRECTION('',(0.E0,-1.E0,0.E0));
#37=DIRECTION('',(-1.E0,0.E0,0.E0));
#38=AXIS2_PLACEMENT_3D('',#35,#36,#37);
#40=DIRECTION('',(0.E0,0.E0,1.E0));
#41=VECTOR('',#40,1.1E1);
#42=CARTESIAN_POINT('',(3.1E0,3.5E0,-1.937651138140E1));
#43=LINE('',#42,#41);
#44=CARTESIAN_POINT('',(0.E0,3.5E0,-8.376511381398E0));
#45=DIRECTION('',(0.E0,-1.E0,0.E0));
#46=DIRECTION('',(1.E0,0.E0,0.E0));
#47=AXIS2_PLACEMENT_3D('',#44,#45,#46);
#49=DIRECTION('',(0.E0,0.E0,-1.E0));
#50=VECTOR('',#49,1.1E1);
#51=CARTESIAN_POINT('',(-3.1E0,3.5E0,-8.376511381398E0));
#52=LINE('',#51,#50);
#53=CARTESIAN_POINT('',(-3.1E0,3.5E0,-1.937651138140E1));
#54=CARTESIAN_POINT('',(-3.1E0,-5.E-1,-1.937651138140E1));
#55=VERTEX_POINT('',#53);
#56=VERTEX_POINT('',#54);
#57=CARTESIAN_POINT('',(3.1E0,-5.E-1,-1.937651138140E1));
#58=VERTEX_POINT('',#57);
#59=CARTESIAN_POINT('',(3.1E0,3.5E0,-1.937651138140E1));
#60=VERTEX_POINT('',#59);
#61=CARTESIAN_POINT('',(-3.1E0,-5.E-1,-8.376511381398E0));
#62=CARTESIAN_POINT('',(-3.1E0,3.5E0,-8.376511381398E0));
#63=VERTEX_POINT('',#61);
#64=VERTEX_POINT('',#62);
#65=CARTESIAN_POINT('',(3.1E0,3.5E0,-8.376511381398E0));
#66=CARTESIAN_POINT('',(3.1E0,-5.E-1,-8.376511381398E0));
#67=VERTEX_POINT('',#65);
#68=VERTEX_POINT('',#66);
#69=CARTESIAN_POINT('',(0.E0,1.75E0,-1.937651138140E1));
#70=DIRECTION('',(0.E0,-1.E0,0.E0));
#71=DIRECTION('',(-1.E0,0.E0,0.E0));
#72=AXIS2_PLACEMENT_3D('',#69,#70,#71);
#73=CYLINDRICAL_SURFACE('',#72,3.1E0);
#75=ORIENTED_EDGE('',*,*,#74,.T.);
#77=ORIENTED_EDGE('',*,*,#76,.F.);
#79=ORIENTED_EDGE('',*,*,#78,.T.);
#81=ORIENTED_EDGE('',*,*,#80,.F.);
#82=EDGE_LOOP('',(#75,#77,#79,#81));
#83=FACE_OUTER_BOUND('',#82,.F.);
#84=ADVANCED_FACE('',(#83),#73,.T.);
#85=CARTESIAN_POINT('',(-3.1E0,1.75E0,-1.387651138140E1));
#86=DIRECTION('',(1.E0,0.E0,0.E0));
#87=DIRECTION('',(0.E0,1.E0,0.E0));
#88=AXIS2_PLACEMENT_3D('',#85,#86,#87);
#89=PLANE('',#88);
#91=ORIENTED_EDGE('',*,*,#90,.F.);
#93=ORIENTED_EDGE('',*,*,#92,.T.);
#94=ORIENTED_EDGE('',*,*,#74,.F.);
#96=ORIENTED_EDGE('',*,*,#95,.F.);
#97=EDGE_LOOP('',(#91,#93,#94,#96));
#98=FACE_OUTER_BOUND('',#97,.F.);
#99=ADVANCED_FACE('',(#98),#89,.F.);
#100=CARTESIAN_POINT('',(0.E0,1.75E0,-8.376511381398E0));
#101=DIRECTION('',(0.E0,-1.E0,0.E0));
#102=DIRECTION('',(1.E0,0.E0,0.E0));
#103=AXIS2_PLACEMENT_3D('',#100,#101,#102);
#104=CYLINDRICAL_SURFACE('',#103,3.1E0);
#106=ORIENTED_EDGE('',*,*,#105,.T.);
#108=ORIENTED_EDGE('',*,*,#107,.F.);
#109=ORIENTED_EDGE('',*,*,#90,.T.);
#111=ORIENTED_EDGE('',*,*,#110,.F.);
#112=EDGE_LOOP('',(#106,#108,#109,#111));
#113=FACE_OUTER_BOUND('',#112,.F.);
#114=ADVANCED_FACE('',(#113),#104,.T.);
#115=CARTESIAN_POINT('',(3.1E0,1.75E0,-1.387651138140E1));
#116=DIRECTION('',(-1.E0,0.E0,0.E0));
#117=DIRECTION('',(0.E0,0.E0,1.E0));
#118=AXIS2_PLACEMENT_3D('',#115,#116,#117);
#119=PLANE('',#118);
#120=ORIENTED_EDGE('',*,*,#78,.F.);
#122=ORIENTED_EDGE('',*,*,#121,.T.);
#123=ORIENTED_EDGE('',*,*,#105,.F.);
#125=ORIENTED_EDGE('',*,*,#124,.F.);
#126=EDGE_LOOP('',(#120,#122,#123,#125));
#127=FACE_OUTER_BOUND('',#126,.F.);
#128=ADVANCED_FACE('',(#127),#119,.F.);
#129=CARTESIAN_POINT('',(0.E0,-5.E-1,0.E0));
#130=DIRECTION('',(0.E0,-1.E0,0.E0));
#131=DIRECTION('',(1.E0,0.E0,0.E0));
#132=AXIS2_PLACEMENT_3D('',#129,#130,#131);
#133=PLANE('',#132);
#134=ORIENTED_EDGE('',*,*,#107,.T.);
#135=ORIENTED_EDGE('',*,*,#121,.F.);
#136=ORIENTED_EDGE('',*,*,#76,.T.);
#137=ORIENTED_EDGE('',*,*,#92,.F.);
#138=EDGE_LOOP('',(#134,#135,#136,#137));
#139=FACE_OUTER_BOUND('',#138,.F.);
#140=ADVANCED_FACE('',(#139),#133,.T.);
#141=CARTESIAN_POINT('',(-1.560090025282E2,3.5E0,5.502548659457E1));
#142=DIRECTION('',(0.E0,-1.E0,0.E0));
#143=DIRECTION('',(0.E0,0.E0,-1.E0));
#144=AXIS2_PLACEMENT_3D('',#141,#142,#143);
#145=PLANE('',#144);
#146=ORIENTED_EDGE('',*,*,#80,.T.);
#147=ORIENTED_EDGE('',*,*,#124,.T.);
#148=ORIENTED_EDGE('',*,*,#110,.T.);
#149=ORIENTED_EDGE('',*,*,#95,.T.);
#150=EDGE_LOOP('',(#146,#147,#148,#149));
#151=FACE_OUTER_BOUND('',#150,.F.);
#152=ADVANCED_FACE('',(#151),#145,.F.);
#156=DIMENSIONAL_EXPONENTS(0.E0,0.E0,0.E0,0.E0,0.E0,0.E0,0.E0);
#158=PLANE_ANGLE_MEASURE_WITH_UNIT(PLANE_ANGLE_MEASURE(1.745329251994E-2),#157);
#159=(CONVERSION_BASED_UNIT('DEGREE',#158)NAMED_UNIT(*)PLANE_ANGLE_UNIT());
#161=UNCERTAINTY_MEASURE_WITH_UNIT(LENGTH_MEASURE(1.872043748104E-3),#155,
'closure',
'Maximum model space distance between geometric entities at asserted connectivities');
#162=(GEOMETRIC_REPRESENTATION_CONTEXT(3)GLOBAL_UNCERTAINTY_ASSIGNED_CONTEXT((
#161))GLOBAL_UNIT_ASSIGNED_CONTEXT((#155,#159,#160))REPRESENTATION_CONTEXT
('ID1','3'));
#163=CARTESIAN_POINT('',(0.E0,0.E0,0.E0));
#164=DIRECTION('',(0.E0,0.E0,1.E0));
#165=DIRECTION('',(1.E0,0.E0,0.E0));
#168=APPLICATION_CONTEXT(
'CONFIGURATION CONTROLLED 3D DESIGNS OF MECHANICAL PARTS AND ASSEMBLIES');
#169=APPLICATION_PROTOCOL_DEFINITION('international standard',
'config_control_design',1994,#168);
#170=DESIGN_CONTEXT('',#168,'design');
#171=MECHANICAL_CONTEXT('',#168,'mechanical');
#172=PRODUCT('PRT0003_1_STP_2_1','PRT0003_1_STP_2_1','NOT SPECIFIED',(#171));
#173=PRODUCT_DEFINITION_FORMATION_WITH_SPECIFIED_SOURCE('1','LAST_VERSION',#172,
.MADE.);
#182=CARTESIAN_POINT('',(-3.159222010514E2,-9.198967845645E0,6.510001562893E1));
#183=DIRECTION('',(0.E0,0.E0,1.E0));
#184=DIRECTION('',(1.E0,0.E0,0.E0));
#185=AXIS2_PLACEMENT_3D('',#182,#183,#184);
#186=ITEM_DEFINED_TRANSFORMATION('','',#166,#185);
#187=CARTESIAN_POINT('',(0.E0,0.E0,0.E0));
#188=DIRECTION('',(0.E0,0.E0,1.E0));
#189=DIRECTION('',(1.E0,0.E0,0.E0));
#191=(REPRESENTATION_RELATIONSHIP('','',#167,#179)REPRESENTATION_RELATIONSHIP_WITH_TRANSFORMATION(#186)SHAPE_REPRESENTATION_RELATIONSHIP());
#192=CONTEXT_DEPENDENT_SHAPE_REPRESENTATION(#191,#181);
#193=DIRECTION('',(4.547473508883E-13,9.961946980901E-1,8.715574276627E-2));
#194=VECTOR('',#193,4.999999999980E-1);
#195=CARTESIAN_POINT('',(1.534339513448E2,1.855954772351E1,-6.871518562446E1));
#196=LINE('',#195,#194);
#197=DIRECTION('',(4.547473508888E-12,-9.961946980921E-1,-8.715574274383E-2));
#198=VECTOR('',#197,4.999999999975E-1);
#199=CARTESIAN_POINT('',(1.529116639921E2,1.914530496697E1,-6.967356493115E1));
#200=LINE('',#199,#198);
#201=DIRECTION('',(1.802503409574E-6,8.715574208301E-2,-9.961946981483E-1));
#202=VECTOR('',#201,4.094397872009E0);
#203=CARTESIAN_POINT('',(1.534339439646E2,1.870079478763E1,-6.459279030087E1));
#204=LINE('',#203,#202);
#205=DIRECTION('',(-2.057160611099E-7,-8.715574232431E-2,9.961946981288E-1));
#206=VECTOR('',#205,4.091936878153E0);
#207=CARTESIAN_POINT('',(1.534339513448E2,1.855954772351E1,-6.871518562446E1));
#208=LINE('',#207,#206);
#209=CARTESIAN_POINT('',(1.534339439646E2,1.870079478763E1,-6.459279030087E1));
#210=CARTESIAN_POINT('',(1.534339439646E2,1.864564275258E1,-6.460441809432E1));
#211=CARTESIAN_POINT('',(1.534339546766E2,1.853522636790E1,-6.462299041720E1));
#212=CARTESIAN_POINT('',(1.534339507536E2,1.836925520254E1,-6.460918157460E1));
#213=CARTESIAN_POINT('',(1.534339505030E2,1.825839604693E1,-6.462743283199E1));
#214=CARTESIAN_POINT('',(1.534339505030E2,1.820291192735E1,-6.463881980137E1));
#216=DIRECTION('',(8.657435798864E-1,4.362038857662E-2,-4.985833085713E-1));
#217=VECTOR('',#216,2.184269637172E0);
#218=CARTESIAN_POINT('',(1.514219803678E2,1.858786314845E1,-6.330197578959E1));
#219=LINE('',#218,#217);
#220=DIRECTION('',(-1.451212480632E-10,-9.961946980997E-1,-8.715574265687E-2));
#221=VECTOR('',#220,5.000000009939E-1);
#222=CARTESIAN_POINT('',(1.533129977829E2,1.868314183878E1,-6.439101617210E1));
#223=LINE('',#222,#221);
#224=DIRECTION('',(1.200533006335E-10,9.961946980871E-1,8.715574280070E-2));
#225=VECTOR('',#224,5.000000000023E-1);
#226=CARTESIAN_POINT('',(1.511882534781E2,1.809002734774E1,-6.334854317220E1));
#227=LINE('',#226,#225);
#228=DIRECTION('',(1.066639127496E-3,-9.961411027453E-1,-8.775970432010E-2));
#229=VECTOR('',#228,5.000003763443E-1);
#230=CARTESIAN_POINT('',(1.514219803678E2,1.858786314845E1,-6.330197578959E1));
#231=LINE('',#230,#229);
#232=DIRECTION('',(8.709697904520E-1,-4.282280378652E-2,4.894668850860E-1));
#233=VECTOR('',#232,2.289060987580E0);
#234=CARTESIAN_POINT('',(1.471050392139E2,1.884539037744E1,-7.198238210928E1));
#235=LINE('',#234,#233);
#236=CARTESIAN_POINT('',(1.490987421826E2,1.874736636792E1,-7.086196255791E1));
#237=CARTESIAN_POINT('',(1.491724231802E2,1.874374413600E1,-7.082056025769E1));
#238=CARTESIAN_POINT('',(1.492189027707E2,1.873697632442E1,-7.074320410503E1));
#239=CARTESIAN_POINT('',(1.492196537877E2,1.872961146207E1,-7.065902305536E1));
#240=CARTESIAN_POINT('',(1.492196537877E2,1.872950185248E1,-7.065777021212E1));
#242=CARTESIAN_POINT('',(1.492196556893E2,1.820296293957E1,-6.463940286932E1));
#243=CARTESIAN_POINT('',(1.492196556893E2,1.819569802611E1,-6.455636452854E1));
#244=CARTESIAN_POINT('',(1.492650599229E2,1.818887845259E1,-6.447841482240E1));
#245=CARTESIAN_POINT('',(1.493394039010E2,1.818515444738E1,-6.443585087217E1));
#246=CARTESIAN_POINT('',(1.493404732079E2,1.818510182314E1,-6.443524937429E1));
#248=DIRECTION('',(8.611332075387E-1,-4.430818386264E-2,5.064448476556E-1));
#249=VECTOR('',#248,2.145754285234E0);
#250=CARTESIAN_POINT('',(1.493404732079E2,1.818510182314E1,-6.443524937429E1));
#251=LINE('',#250,#249);
#252=CARTESIAN_POINT('',(1.513077175611E2,1.810765294181E1,-6.355000463428E1));
#253=DIRECTION('',(0.E0,9.961946980917E-1,8.715574274770E-2));
#254=DIRECTION('',(-5.086155142833E-1,-7.504055084989E-2,8.577174210417E-1));
#255=AXIS2_PLACEMENT_3D('',#252,#253,#254);
#257=DIRECTION('',(8.657425588429E-1,4.362054205942E-2,-4.985850680862E-1));
#258=VECTOR('',#257,2.183656187136E0);
#259=CARTESIAN_POINT('',(1.514225136877E2,1.808979222218E1,-6.334585567478E1));
#260=LINE('',#259,#258);
#261=CARTESIAN_POINT('',(1.533129977828E2,1.818504448874E1,-6.443459404352E1));
#262=CARTESIAN_POINT('',(1.533867446343E2,1.818866983797E1,-6.447603197487E1));
#263=CARTESIAN_POINT('',(1.534332353308E2,1.819543573900E1,-6.455336530102E1));
#264=CARTESIAN_POINT('',(1.534339505030E2,1.820280204233E1,-6.463756380986E1));
#265=CARTESIAN_POINT('',(1.534339505030E2,1.820291192735E1,-6.463881980137E1));
#267=CARTESIAN_POINT('',(1.534339513448E2,1.855954772351E1,-6.871518562446E1));
#268=CARTESIAN_POINT('',(1.531180832712E2,1.857897278630E1,-6.893721510807E1));
#269=CARTESIAN_POINT('',(1.529116639921E2,1.861098149934E1,-6.930307637227E1));
#270=CARTESIAN_POINT('',(1.529116639921E2,1.864720761793E1,-6.971714280252E1));
#272=CARTESIAN_POINT('',(1.541433964736E2,1.864714263246E1,-6.971640001516E1));
#273=DIRECTION('',(0.E0,-9.961946980917E-1,-8.715574274766E-2));
#274=DIRECTION('',(-9.999998167779E-1,5.275940119196E-5,-6.030427150711E-4));
#275=AXIS2_PLACEMENT_3D('',#272,#273,#274);
#277=CARTESIAN_POINT('',(1.541448403257E2,1.864714195472E1,-6.971639226860E1));
#278=DIRECTION('',(-5.684187630618E-14,-9.961946980918E-1,-8.715574274760E-2));
#279=DIRECTION('',(-5.976991313203E-4,8.715572717965E-2,-9.961945201493E-1));
#280=AXIS2_PLACEMENT_3D('',#277,#278,#279);
#282=CARTESIAN_POINT('',(1.541434450526E2,1.864734477395E1,-6.971871050270E1));
#283=DIRECTION('',(-1.668391968333E-11,-9.961946980910E-1,-8.715574275660E-2));
#284=DIRECTION('',(9.999991856986E-1,-1.112252980149E-4,1.271310782151E-3));
#285=AXIS2_PLACEMENT_3D('',#282,#283,#284);
#287=CARTESIAN_POINT('',(1.548387731176E2,1.813388088476E1,-6.384979138419E1));
#288=CARTESIAN_POINT('',(1.548387731175E2,1.812660532107E1,-6.376663131068E1));
#289=CARTESIAN_POINT('',(1.547932335371E2,1.811977485106E1,-6.368855807046E1));
#290=CARTESIAN_POINT('',(1.547186678794E2,1.811605390093E1,-6.364602802662E1));
#291=CARTESIAN_POINT('',(1.547175187208E2,1.811599763500E1,-6.364538490415E1));
#293=DIRECTION('',(-8.615032198860E-1,-4.425351224278E-2,5.058199568822E-1));
#294=VECTOR('',#293,3.715739816980E0);
#295=CARTESIAN_POINT('',(1.547175187208E2,1.811599763500E1,-6.364538490415E1));
#296=LINE('',#295,#294);
#297=CARTESIAN_POINT('',(1.513970950008E2,1.796920367014E1,-6.196752221776E1));
#298=DIRECTION('',(0.E0,-9.961946980917E-1,-8.715574274766E-2));
#299=DIRECTION('',(5.077761655180E-1,-7.508371713457E-2,8.582108139339E-1));
#300=AXIS2_PLACEMENT_3D('',#297,#298,#299);
#302=DIRECTION('',(-8.709216042232E-1,4.283024782986E-2,-4.895519677910E-1));
#303=VECTOR('',#302,2.280651590150E0);
#304=CARTESIAN_POINT('',(1.499220543376E2,1.801835572704E1,-6.252933279890E1));
#305=LINE('',#304,#303);
#306=CARTESIAN_POINT('',(1.479357855960E2,1.811603659986E1,-6.364583027270E1));
#307=CARTESIAN_POINT('',(1.478621059001E2,1.811965885529E1,-6.368723284178E1));
#308=CARTESIAN_POINT('',(1.478155929598E2,1.812642336680E1,-6.376455082265E1));
#309=CARTESIAN_POINT('',(1.478148771810E2,1.813379180239E1,-6.384877316624E1));
#310=CARTESIAN_POINT('',(1.478148771811E2,1.813390163989E1,-6.385002861472E1));
#312=CARTESIAN_POINT('',(1.478148763322E2,1.866044031824E1,-6.986839323909E1));
#313=CARTESIAN_POINT('',(1.478148763322E2,1.866770483561E1,-6.995142705255E1));
#314=CARTESIAN_POINT('',(1.477696621384E2,1.867448678648E1,-7.002894297743E1));
#315=CARTESIAN_POINT('',(1.476959056363E2,1.867820989527E1,-7.007150043389E1));
#316=CARTESIAN_POINT('',(1.476952261314E2,1.867824381680E1,-7.007188815875E1));
#318=DIRECTION('',(-8.709877525762E-1,4.282002759223E-2,-4.894351643469E-1));
#319=VECTOR('',#318,2.148627514313E0);
#320=CARTESIAN_POINT('',(1.476952261314E2,1.867824381680E1,-7.007188815875E1));
#321=LINE('',#320,#319);
#322=CARTESIAN_POINT('',(1.457001097956E2,1.875175147081E1,-7.091208450884E1));
#323=DIRECTION('',(0.E0,9.961946980917E-1,8.715574274770E-2));
#324=DIRECTION('',(5.035372202117E-1,7.530025509076E-2,-8.606858540982E-1));
#325=AXIS2_PLACEMENT_3D('',#322,#323,#324);
#327=DIRECTION('',(-8.709901182194E-1,-4.281966323451E-2,4.894309863552E-1));
#328=VECTOR('',#327,2.136630100324E0);
#329=CARTESIAN_POINT('',(1.455825614025E2,1.877054934122E1,-7.112694515078E1));
#330=LINE('',#329,#328);
#331=CARTESIAN_POINT('',(1.437215776988E2,1.867905955986E1,-7.008121217330E1));
#332=CARTESIAN_POINT('',(1.436478433100E2,1.867543458174E1,-7.003977848364E1));
#333=CARTESIAN_POINT('',(1.436015006933E2,1.866870675456E1,-6.996287996338E1));
#334=CARTESIAN_POINT('',(1.436005512222E2,1.866138467269E1,-6.987918728838E1));
#335=CARTESIAN_POINT('',(1.436005463401E2,1.866131709198E1,-6.987841483732E1));
#337=CARTESIAN_POINT('',(1.436005463401E2,1.808852421415E1,-6.333136225328E1));
#338=CARTESIAN_POINT('',(1.436005463402E2,1.807282259720E1,-6.315189195023E1));
#339=CARTESIAN_POINT('',(1.434017589347E2,1.806284493522E1,-6.303784450512E1));
#340=CARTESIAN_POINT('',(1.432404144108E2,1.807057681078E1,-6.312622249409E1));
#341=CARTESIAN_POINT('',(1.432388087572E2,1.807065574984E1,-6.312712477164E1));
#343=CARTESIAN_POINT('',(1.423185758858E2,1.811589577308E1,-6.364422064059E1));
#344=CARTESIAN_POINT('',(1.422447678352E2,1.811952429165E1,-6.368569479757E1));
#345=CARTESIAN_POINT('',(1.421982197715E2,1.812630745827E1,-6.376322758093E1));
#346=CARTESIAN_POINT('',(1.421975461725E2,1.813368561802E1,-6.384755949878E1));
#347=CARTESIAN_POINT('',(1.421975474150E2,1.813380188345E1,-6.384888841870E1));
#349=CARTESIAN_POINT('',(1.422039249320E2,1.873065685687E1,-7.067097195507E1));
#350=CARTESIAN_POINT('',(1.422040025697E2,1.873792185756E1,-7.075401129300E1));
#351=CARTESIAN_POINT('',(1.422495141606E2,1.874473583837E1,-7.083189456769E1));
#352=CARTESIAN_POINT('',(1.423239100845E2,1.874845504967E1,-7.087440622969E1));
#353=CARTESIAN_POINT('',(1.423249781041E2,1.874850744624E1,-7.087500512519E1));
#355=DIRECTION('',(8.714280312439E-1,4.275192901743E-2,-4.886567905265E-1));
#356=VECTOR('',#355,2.263585739534E0);
#357=CARTESIAN_POINT('',(1.423249781041E2,1.874850744624E1,-7.087500512519E1));
#358=LINE('',#357,#356);
#359=DIRECTION('',(8.714401384593E-1,4.275005485275E-2,-4.886353629161E-1));
#360=VECTOR('',#359,1.472674209735E0);
#361=CARTESIAN_POINT('',(1.442975301687E2,1.884528010310E1,-7.198112166775E1));
#362=LINE('',#361,#360);
#363=CARTESIAN_POINT('',(1.457039121431E2,1.888978775111E1,-7.248984641236E1));
#364=DIRECTION('',(2.580137194858E-14,-9.961946980917E-1,-8.715574274770E-2));
#365=DIRECTION('',(-5.025103755256E-1,7.535234321014E-2,-8.612812240272E-1));
#366=AXIS2_PLACEMENT_3D('',#363,#364,#365);
#368=DIRECTION('',(8.709477601287E-1,-4.282620705902E-2,4.895057866009E-1));
#369=VECTOR('',#368,1.473630918414E0);
#370=CARTESIAN_POINT('',(1.458215836663E2,1.890850040028E1,-7.270373297115E1));
#371=LINE('',#370,#369);
#372=CARTESIAN_POINT('',(1.541441041155E2,1.860764735926E1,-6.926496697679E1));
#373=CARTESIAN_POINT('',(1.543940419546E2,1.860786898299E1,-6.926750014766E1));
#374=CARTESIAN_POINT('',(1.547992779945E2,1.864631158515E1,-6.970690110090E1));
#375=CARTESIAN_POINT('',(1.543940419545E2,1.868472181510E1,-7.014593203840E1));
#376=CARTESIAN_POINT('',(1.541441041155E2,1.868496244153E1,-7.014868241096E1));
#378=CARTESIAN_POINT('',(1.541441041155E2,1.868496244153E1,-7.014868241096E1));
#379=CARTESIAN_POINT('',(1.538941662764E2,1.868474082647E1,-7.014614933922E1));
#380=CARTESIAN_POINT('',(1.534890352660E2,1.864629257167E1,-6.970668377587E1));
#381=CARTESIAN_POINT('',(1.538941662764E2,1.860788799859E1,-6.926771749699E1));
#382=CARTESIAN_POINT('',(1.541441041155E2,1.860764735926E1,-6.926496697679E1));
#384=DIRECTION('',(8.011036424933E-5,-9.961986317467E-1,-8.711073233706E-2));
#385=VECTOR('',#384,4.999999971759E-1);
#386=CARTESIAN_POINT('',(1.490987021274E2,1.924546568098E1,-7.081840719199E1));
#387=LINE('',#386,#385);
#388=DIRECTION('',(1.364430786305E-4,-9.962012990064E-1,-8.708015411857E-2));
#389=VECTOR('',#388,5.000000060948E-1);
#390=CARTESIAN_POINT('',(1.471049709924E2,1.934349103302E1,-7.193884203169E1));
#391=LINE('',#390,#389);
#392=DIRECTION('',(1.400857746557E-3,-9.962611395478E-1,-8.638159193066E-2));
#393=VECTOR('',#392,5.000006415278E-1);
#394=CARTESIAN_POINT('',(1.458208832365E2,1.940663160919E1,-7.266054211977E1));
#395=LINE('',#394,#393);
#396=DIRECTION('',(1.639528562284E-4,-9.961881984535E-1,-8.722984799670E-2));
#397=VECTOR('',#396,5.000000080985E-1);
#398=CARTESIAN_POINT('',(1.455807956095E2,1.940633111364E1,-7.265710743998E1));
#399=LINE('',#398,#397);
#400=DIRECTION('',(8.714268155346E-1,4.275211775914E-2,-4.886589419977E-1));
#401=VECTOR('',#400,2.265903606403E0);
#402=CARTESIAN_POINT('',(1.423229600884E2,1.924650522938E1,-7.083028922363E1));
#403=LINE('',#402,#401);
#404=DIRECTION('',(1.832494490382E-6,-9.961946081906E-1,-8.715677029720E-2));
#405=VECTOR('',#404,4.999999999973E-1);
#406=CARTESIAN_POINT('',(1.442975292524E2,1.934337740719E1,-7.193754328260E1));
#407=LINE('',#406,#405);
#408=DIRECTION('',(4.235832029968E-5,9.950146032652E-1,9.972932113822E-2));
#409=VECTOR('',#408,5.000398743403E-1);
#410=CARTESIAN_POINT('',(1.422039249320E2,1.873065685687E1,-7.067097195507E1));
#411=LINE('',#410,#409);
#412=CARTESIAN_POINT('',(1.423229600884E2,1.924650522938E1,-7.083028922363E1));
#413=CARTESIAN_POINT('',(1.423261759333E2,1.919133581389E1,-7.083693302053E1));
#414=CARTESIAN_POINT('',(1.423304454552E2,1.908088812210E1,-7.084901990194E1));
#415=CARTESIAN_POINT('',(1.423180246083E2,1.891488959223E1,-7.085652066628E1));
#416=CARTESIAN_POINT('',(1.423219965362E2,1.880400457709E1,-7.086846503403E1));
#417=CARTESIAN_POINT('',(1.423249781041E2,1.874850744624E1,-7.087500512519E1));
#419=DIRECTION('',(9.229391760826E-4,8.715570562564E-2,-9.961942738041E-1));
#420=VECTOR('',#419,6.850006515666E0);
#421=CARTESIAN_POINT('',(1.421976239735E2,1.863118668264E1,-6.379716605143E1));
#422=LINE('',#421,#420);
#423=DIRECTION('',(-9.312764772787E-4,-8.715570529520E-2,9.961942660740E-1));
#424=VECTOR('',#423,6.848145757009E0);
#425=CARTESIAN_POINT('',(1.422039249320E2,1.873065685687E1,-7.067097195507E1));
#426=LINE('',#425,#424);
#427=CARTESIAN_POINT('',(1.421976239735E2,1.863118668264E1,-6.379716605143E1));
#428=CARTESIAN_POINT('',(1.421976266392E2,1.857759208184E1,-6.380472798638E1));
#429=CARTESIAN_POINT('',(1.421975062170E2,1.846910842463E1,-6.381862779126E1));
#430=CARTESIAN_POINT('',(1.421975569253E2,1.828785248721E1,-6.383470588933E1));
#431=CARTESIAN_POINT('',(1.421975473647E2,1.818395607685E1,-6.384444633346E1));
#432=CARTESIAN_POINT('',(1.421975474150E2,1.813380188345E1,-6.384888841870E1));
#434=CARTESIAN_POINT('',(1.432388087572E2,1.807065574984E1,-6.312712477164E1));
#435=CARTESIAN_POINT('',(1.432390241429E2,1.812599030690E1,-6.312216166941E1));
#436=CARTESIAN_POINT('',(1.432395432787E2,1.823665451032E1,-6.311218696674E1));
#437=CARTESIAN_POINT('',(1.432405789921E2,1.840263564235E1,-6.309707044002E1));
#438=CARTESIAN_POINT('',(1.432414559609E2,1.851328120106E1,-6.308691552455E1));
#439=CARTESIAN_POINT('',(1.432419335745E2,1.856860072276E1,-6.308180525900E1));
#441=DIRECTION('',(-8.709982676400E-1,4.281840388155E-2,-4.894165935654E-1));
#442=VECTOR('',#441,1.060155027098E0);
#443=CARTESIAN_POINT('',(1.432419335745E2,1.856860072276E1,-6.308180525900E1));
#444=LINE('',#443,#442);
#445=DIRECTION('',(7.100651617122E-5,-9.961981859115E-1,-8.711583865543E-2));
#446=VECTOR('',#445,5.000000028619E-1);
#447=CARTESIAN_POINT('',(1.423185403825E2,1.861399486889E1,-6.360066272102E1));
#448=LINE('',#447,#446);
#449=DIRECTION('',(8.709924942374E-1,-4.281929271272E-2,4.894267903923E-1));
#450=VECTOR('',#449,1.056533641195E0);
#451=CARTESIAN_POINT('',(1.423185758858E2,1.811589577308E1,-6.364422064059E1));
#452=LINE('',#451,#450);
#453=DIRECTION('',(1.705302573513E-13,9.961946980923E-1,8.715574274098E-2));
#454=VECTOR('',#453,4.999999977456E-1);
#455=CARTESIAN_POINT('',(1.436005463401E2,1.808852421415E1,-6.333136225328E1));
#456=LINE('',#455,#454);
#457=DIRECTION('',(-6.665091434715E-7,-8.715574376110E-2,9.961946980029E-1));
#458=VECTOR('',#457,6.573080654470E0);
#459=CARTESIAN_POINT('',(1.436005507211E2,1.915950329419E1,-6.983585247964E1));
#460=LINE('',#459,#458);
#461=DIRECTION('',(-5.414432214403E-12,8.715574232677E-2,-9.961946981286E-1));
#462=VECTOR('',#461,6.572061261051E0);
#463=CARTESIAN_POINT('',(1.436005463401E2,1.808852421415E1,-6.333136225328E1));
#464=LINE('',#463,#462);
#465=CARTESIAN_POINT('',(1.436005507211E2,1.915950329419E1,-6.983585247964E1));
#466=CARTESIAN_POINT('',(1.436005507211E2,1.910429409425E1,-6.984634183626E1));
#467=CARTESIAN_POINT('',(1.436005442956E2,1.899377951127E1,-6.986316515698E1));
#468=CARTESIAN_POINT('',(1.436005469242E2,1.882774925920E1,-6.985039644509E1));
#469=CARTESIAN_POINT('',(1.436005463401E2,1.871682988757E1,-6.986762302274E1));
#470=CARTESIAN_POINT('',(1.436005463401E2,1.866131709198E1,-6.987841483732E1));
#472=DIRECTION('',(1.033205610477E-3,9.962438835172E-1,8.658554752850E-2));
#473=VECTOR('',#472,5.000003487599E-1);
#474=CARTESIAN_POINT('',(1.455825614025E2,1.877054934122E1,-7.112694515078E1));
#475=LINE('',#474,#473);
#476=DIRECTION('',(-8.709911678089E-1,-4.281949769694E-2,4.894291329865E-1));
#477=VECTOR('',#476,2.137263587259E0);
#478=CARTESIAN_POINT('',(1.455830780057E2,1.926867163043E1,-7.108365234682E1));
#479=LINE('',#478,#477);
#480=DIRECTION('',(7.480188765891E-5,-9.961910165768E-1,-8.719778034060E-2));
#481=VECTOR('',#480,5.000000090548E-1);
#482=CARTESIAN_POINT('',(1.437215402979E2,1.917715507717E1,-7.003761328234E1));
#483=LINE('',#482,#481);
#484=CARTESIAN_POINT('',(1.476952261314E2,1.867824381680E1,-7.007188815875E1));
#485=CARTESIAN_POINT('',(1.476952508994E2,1.873375297019E1,-7.006701771254E1));
#486=CARTESIAN_POINT('',(1.476953468513E2,1.884465799421E1,-7.005725976153E1));
#487=CARTESIAN_POINT('',(1.476954269495E2,1.901067611490E1,-7.004269279534E1));
#488=CARTESIAN_POINT('',(1.476958439498E2,1.912112773872E1,-7.003278585132E1));
#489=CARTESIAN_POINT('',(1.476961117142E2,1.917629717946E1,-7.002780753253E1));
#491=DIRECTION('',(-8.709848920767E-1,4.282047004008E-2,-4.894402160833E-1));
#492=VECTOR('',#491,2.149805385159E0);
#493=CARTESIAN_POINT('',(1.476961117142E2,1.917629717946E1,-7.002780753253E1));
#494=LINE('',#493,#492);
#495=DIRECTION('',(2.683575447098E-4,-9.962094503776E-1,-8.698654472101E-2));
#496=VECTOR('',#495,5.000000252110E-1);
#497=CARTESIAN_POINT('',(1.458236637028E2,1.926835285655E1,-7.108000874478E1));
#498=LINE('',#497,#496);
#499=DIRECTION('',(1.170974430958E-11,9.961946980831E-1,8.715574284600E-2));
#500=VECTOR('',#499,4.999999989642E-1);
#501=CARTESIAN_POINT('',(1.478148763322E2,1.866044031824E1,-6.986839323909E1));
#502=LINE('',#501,#500);
#503=DIRECTION('',(-1.221514641332E-6,8.715574281156E-2,-9.961946980854E-1));
#504=VECTOR('',#503,6.043812652939E0);
#505=CARTESIAN_POINT('',(1.478148837148E2,1.863178468507E1,-6.380400124667E1));
#506=LINE('',#505,#504);
#507=DIRECTION('',(1.405098972859E-7,-8.715574287068E-2,9.961946980810E-1));
#508=VECTOR('',#507,6.041353799575E0);
#509=CARTESIAN_POINT('',(1.478148763322E2,1.866044031824E1,-6.986839323909E1));
#510=LINE('',#509,#508);
#511=CARTESIAN_POINT('',(1.478148837148E2,1.863178468507E1,-6.380400124667E1));
#512=CARTESIAN_POINT('',(1.478148837148E2,1.857663269280E1,-6.381562856549E1));
#513=CARTESIAN_POINT('',(1.478148730002E2,1.846621635458E1,-6.383420011308E1));
#514=CARTESIAN_POINT('',(1.478148769204E2,1.830024512323E1,-6.382039191030E1));
#515=CARTESIAN_POINT('',(1.478148771811E2,1.818938584246E1,-6.383864223679E1));
#516=CARTESIAN_POINT('',(1.478148771811E2,1.813390163989E1,-6.385002861472E1));
#518=DIRECTION('',(-8.709218720089E-1,4.283020617235E-2,-4.895514950398E-1));
#519=VECTOR('',#518,2.280781868251E0);
#520=CARTESIAN_POINT('',(1.499222106885E2,1.851644551232E1,-6.248566847344E1));
#521=LINE('',#520,#519);
#522=DIRECTION('',(-8.455639914594E-5,-9.961905369016E-1,-8.720325130409E-2));
#523=VECTOR('',#522,5.000000016735E-1);
#524=CARTESIAN_POINT('',(1.479358278742E2,1.861413186997E1,-6.360222864690E1));
#525=LINE('',#524,#523);
#526=DIRECTION('',(9.441832261002E-4,9.961485454799E-1,8.767658670596E-2));
#527=VECTOR('',#526,5.000002912187E-1);
#528=CARTESIAN_POINT('',(1.512841321445E2,1.795124788805E1,-6.176228668933E1));
#529=LINE('',#528,#527);
#530=DIRECTION('',(-8.705348547950E-1,4.288993047340E-2,-4.902341485974E-1));
#531=VECTOR('',#530,1.565007466726E0);
#532=CARTESIAN_POINT('',(1.512846042363E2,1.844932245088E1,-6.171844837044E1));
#533=LINE('',#532,#531);
#534=DIRECTION('',(-3.127019267744E-4,-9.961795068774E-1,-8.732864532875E-2));
#535=VECTOR('',#534,5.000000319696E-1);
#536=CARTESIAN_POINT('',(1.499222106885E2,1.851644551232E1,-6.248566847344E1));
#537=LINE('',#536,#535);
#538=DIRECTION('',(8.705338067262E-1,-4.289009206446E-2,4.902359955669E-1));
#539=VECTOR('',#538,1.564646652848E0);
#540=CARTESIAN_POINT('',(1.499220543376E2,1.801835572704E1,-6.252933279890E1));
#541=LINE('',#540,#539);
#542=CARTESIAN_POINT('',(1.547175187208E2,1.811599763500E1,-6.364538490415E1));
#543=CARTESIAN_POINT('',(1.547176712230E2,1.817135026153E1,-6.364063240174E1));
#544=CARTESIAN_POINT('',(1.547180515333E2,1.828205867294E1,-6.363116840675E1));
#545=CARTESIAN_POINT('',(1.547188330778E2,1.844813277062E1,-6.361711563079E1));
#546=CARTESIAN_POINT('',(1.547195203732E2,1.855885232100E1,-6.360780031271E1));
#547=CARTESIAN_POINT('',(1.547198931575E2,1.861421486744E1,-6.360317726811E1));
#549=DIRECTION('',(-8.615060400963E-1,-4.425309608581E-2,5.058151899305E-1));
#550=VECTOR('',#549,3.718476087450E0);
#551=CARTESIAN_POINT('',(1.547198931575E2,1.861421486744E1,-6.360317726811E1));
#552=LINE('',#551,#550);
#553=DIRECTION('',(-1.328790273039E-5,-9.961953805465E-1,-8.714794088941E-2));
#554=VECTOR('',#553,5.000000000574E-1);
#555=CARTESIAN_POINT('',(1.515164035482E2,1.844966078785E1,-6.172231557969E1));
#556=LINE('',#555,#554);
#557=DIRECTION('',(-3.325339981285E-11,9.961946980736E-1,8.715574295499E-2));
#558=VECTOR('',#557,5.000000033188E-1);
#559=CARTESIAN_POINT('',(1.548387731176E2,1.813388088476E1,-6.384979138419E1));
#560=LINE('',#559,#558);
#561=DIRECTION('',(-1.475232469448E-4,-8.715574094600E-2,9.961946873263E-1));
#562=VECTOR('',#561,4.873758086919E0);
#563=CARTESIAN_POINT('',(1.548394921102E2,1.905675423436E1,-6.866142542593E1));
#564=LINE('',#563,#562);
#565=DIRECTION('',(1.153564805471E-10,8.715574257357E-2,-9.961946981070E-1));
#566=VECTOR('',#565,4.872934458892E0);
#567=CARTESIAN_POINT('',(1.548387731176E2,1.813388088476E1,-6.384979138419E1));
#568=LINE('',#567,#566);
#569=CARTESIAN_POINT('',(1.548394921102E2,1.905675423436E1,-6.866142542593E1));
#570=CARTESIAN_POINT('',(1.548394921102E2,1.900088146552E1,-6.866631365980E1));
#571=CARTESIAN_POINT('',(1.548384375878E2,1.889191308872E1,-6.869310642834E1));
#572=CARTESIAN_POINT('',(1.548388689830E2,1.872490406695E1,-6.867334757288E1));
#573=CARTESIAN_POINT('',(1.548387731182E2,1.861502408443E1,-6.869924508557E1));
#574=CARTESIAN_POINT('',(1.548387731182E2,1.855858510604E1,-6.870418285636E1));
#576=DIRECTION('',(-9.322320693200E-12,-9.961946980905E-1,-8.715574276132E-2));
#577=VECTOR('',#576,4.999999999985E-1);
#578=CARTESIAN_POINT('',(1.553765805954E2,1.914530496700E1,-6.967356493138E1));
#579=LINE('',#578,#577);
#580=DIRECTION('',(-3.637978807104E-12,-9.961946980922E-1,-8.715574274284E-2));
#581=VECTOR('',#580,4.999999999982E-1);
#582=CARTESIAN_POINT('',(1.541441041155E2,1.925259254275E1,-7.089986753369E1));
#583=LINE('',#582,#581);
#584=DIRECTION('',(-1.E0,-2.831627651913E-9,7.469862952633E-9));
#585=VECTOR('',#584,9.483080284696E1);
#586=CARTESIAN_POINT('',(1.623160840871E2,1.299410922001E1,6.349265891255E-1));
#587=LINE('',#586,#585);
#588=CARTESIAN_POINT('',(6.748528137424E1,1.347346553168E1,-4.844143532831E0));
#589=DIRECTION('',(0.E0,-9.961946980917E-1,-8.715574274765E-2));
#590=DIRECTION('',(-5.660611825747E-8,-8.715574274765E-2,9.961946980917E-1));
#591=AXIS2_PLACEMENT_3D('',#588,#589,#590);
#593=DIRECTION('',(-7.071067923946E-1,6.162840897236E-2,-7.044160158294E-1));
#594=VECTOR('',#593,2.100505575924E0);
#595=CARTESIAN_POINT('',(6.359619419899E1,1.313450923438E1,-9.698552797874E-1));
#596=LINE('',#595,#594);
#597=CARTESIAN_POINT('',(5.751471862576E1,1.286337533244E1,2.129219353810E0));
#598=DIRECTION('',(0.E0,9.961946980917E-1,8.715574274765E-2));
#599=DIRECTION('',(7.071066968158E-1,6.162842406961E-2,-7.044161104524E-1));
#600=AXIS2_PLACEMENT_3D('',#597,#598,#599);
#602=DIRECTION('',(-1.E0,0.E0,0.E0));
#603=VECTOR('',#602,1.150294380829E2);
#604=CARTESIAN_POINT('',(5.751471904143E1,1.342988764823E1,-4.346046161278E0));
#605=LINE('',#604,#603);
#606=CARTESIAN_POINT('',(-5.751471862576E1,1.286337533244E1,2.129219353810E0));
#607=DIRECTION('',(0.E0,9.961946980917E-1,8.715574274765E-2));
#608=DIRECTION('',(-1.175516622163E-7,8.715574274765E-2,-9.961946980917E-1));
#609=AXIS2_PLACEMENT_3D('',#606,#607,#608);
#611=DIRECTION('',(-7.071067923946E-1,-6.162840897236E-2,7.044160158294E-1));
#612=VECTOR('',#611,2.100505575926E0);
#613=CARTESIAN_POINT('',(-6.211091243879E1,1.326396005106E1,-2.449485048807E0));
#614=LINE('',#613,#612);
#615=CARTESIAN_POINT('',(-6.748528137424E1,1.347346553168E1,-4.844143532831E0));
#616=DIRECTION('',(0.E0,-9.961946980917E-1,-8.715574274765E-2));
#617=DIRECTION('',(7.071067415853E-1,-6.162842016769E-2,7.044160658533E-1));
#618=AXIS2_PLACEMENT_3D('',#615,#616,#617);
#620=DIRECTION('',(-9.999999999929E-1,2.859457688624E-6,-2.442072922783E-6));
#621=VECTOR('',#620,9.483087837274E1);
#622=CARTESIAN_POINT('',(-6.748528124018E1,1.299410895148E1,6.349272974981E-1));
#623=LINE('',#622,#621);
#624=DIRECTION('',(4.376359697794E-2,8.706794827861E-2,-9.952406341996E-1));
#625=VECTOR('',#624,5.853290999801E1);
#626=CARTESIAN_POINT('',(-1.623161596122E2,1.299438011637E1,6.346957135777E-1));
#627=LINE('',#626,#625);
#628=DIRECTION('',(2.213530078505E-4,8.715584830847E-2,-9.961946642642E-1));
#629=VECTOR('',#628,2.052291567681E1);
#630=CARTESIAN_POINT('',(-1.597545489291E2,1.809072049667E1,-5.761963475439E1));
#631=LINE('',#630,#629);
#632=DIRECTION('',(3.189568219252E-4,-8.715583746737E-2,9.961946387438E-1));
#633=VECTOR('',#632,2.052290895181E1);
#634=CARTESIAN_POINT('',(1.597500043799E2,1.987941262225E1,-7.806445384677E1));
#635=LINE('',#634,#633);
#636=DIRECTION('',(4.372798758741E-2,-8.707233765409E-2,9.952418153982E-1));
#637=VECTOR('',#636,5.853307976552E1);
#638=CARTESIAN_POINT('',(1.597565503017E2,1.809072130528E1,-5.761964197756E1));
#639=LINE('',#638,#637);
#640=CARTESIAN_POINT('',(1.464101057476E2,1.908978431989E1,-6.903896099564E1));
#641=CARTESIAN_POINT('',(1.464101011126E2,1.908982256656E1,-6.903939815710E1));
#642=CARTESIAN_POINT('',(1.464082817300E2,1.909710834453E1,-6.912266836393E1));
#643=CARTESIAN_POINT('',(1.463628236113E2,1.910381235364E1,-6.919930215512E1));
#644=CARTESIAN_POINT('',(1.462891615914E2,1.910743704273E1,-6.924073254103E1));
#646=DIRECTION('',(-8.710361834847E-1,4.281253879525E-2,-4.893496230532E-1));
#647=VECTOR('',#646,5.399082388776E-1);
#648=CARTESIAN_POINT('',(1.462891615914E2,1.910743704273E1,-6.924073254103E1));
#649=LINE('',#648,#647);
#650=CARTESIAN_POINT('',(1.457008301729E2,1.911185958800E1,-6.929128249873E1));
#651=DIRECTION('',(-1.470257801604E-11,9.961946981369E-1,8.715574223200E-2));
#652=DIRECTION('',(4.823410090099E-1,7.634699505545E-2,-8.726501517638E-1));
#653=AXIS2_PLACEMENT_3D('',#650,#651,#652);
#655=DIRECTION('',(-8.710054596063E-1,-4.281729077524E-2,4.894038914299E-1));
#656=VECTOR('',#655,5.238932836762E-1);
#657=CARTESIAN_POINT('',(1.455804548684E2,1.913043846173E1,-6.950363999859E1));
#658=LINE('',#657,#656);
#659=CARTESIAN_POINT('',(1.451241409581E2,1.910800677067E1,-6.924724458686E1));
#660=CARTESIAN_POINT('',(1.451237573855E2,1.910798747488E1,-6.924702403500E1));
#661=CARTESIAN_POINT('',(1.450505751076E2,1.910423371569E1,-6.920411654310E1));
#662=CARTESIAN_POINT('',(1.450053337763E2,1.909751181243E1,-6.912728666529E1));
#663=CARTESIAN_POINT('',(1.450053337764E2,1.909024729506E1,-6.904425285177E1));
#665=CARTESIAN_POINT('',(1.450053420991E2,1.849392553414E1,-6.222826398985E1));
#666=CARTESIAN_POINT('',(1.450053467718E2,1.849388708786E1,-6.222782454680E1));
#667=CARTESIAN_POINT('',(1.450072591536E2,1.848658711050E1,-6.214439377023E1));
#668=CARTESIAN_POINT('',(1.450526637045E2,1.847988365461E1,-6.206776457226E1));
#669=CARTESIAN_POINT('',(1.451264933944E2,1.847626182662E1,-6.202636688898E1));
#671=CARTESIAN_POINT('',(1.468639133195E2,1.839106551473E1,-6.105256854214E1));
#672=CARTESIAN_POINT('',(1.468643901690E2,1.839047963772E1,-6.104587193733E1));
#673=CARTESIAN_POINT('',(1.469361410714E2,1.833494908432E1,-6.041115471258E1));
#674=CARTESIAN_POINT('',(1.474650978761E2,1.829043769790E1,-5.990238733268E1));
#675=CARTESIAN_POINT('',(1.481279793028E2,1.829043769790E1,-5.990238733268E1));
#677=CARTESIAN_POINT('',(1.481279793028E2,1.829043769790E1,-5.990238733268E1));
#678=CARTESIAN_POINT('',(1.488277846504E2,1.829043769789E1,-5.990238733265E1));
#679=CARTESIAN_POINT('',(1.493951195497E2,1.833890146601E1,-6.045633073803E1));
#680=CARTESIAN_POINT('',(1.493951195498E2,1.839868009806E1,-6.113960362894E1));
#682=CARTESIAN_POINT('',(1.493951195498E2,1.839868009806E1,-6.113960362894E1));
#683=CARTESIAN_POINT('',(1.493951195497E2,1.845845877412E1,-6.182287702286E1));
#684=CARTESIAN_POINT('',(1.488277846502E2,1.850691893357E1,-6.237677917993E1));
#685=CARTESIAN_POINT('',(1.481279793028E2,1.850691893357E1,-6.237677917993E1));
#687=CARTESIAN_POINT('',(1.481263605520E2,1.839516207430E1,-6.109939243329E1));
#688=DIRECTION('',(0.E0,9.961946980918E-1,8.715574274753E-2));
#689=DIRECTION('',(1.262413048217E-3,8.715567329803E-2,-9.961939042803E-1));
#690=AXIS2_PLACEMENT_3D('',#687,#688,#689);
#692=DIRECTION('',(-8.709940556860E-1,4.281905529101E-2,-4.894240323724E-1));
#693=VECTOR('',#692,1.171558021591E0);
#694=CARTESIAN_POINT('',(1.475493012198E2,1.849496250301E1,-6.224011655330E1));
#695=LINE('',#694,#693);
#696=CARTESIAN_POINT('',(1.465288811471E2,1.854512751071E1,-6.281350520438E1));
#697=CARTESIAN_POINT('',(1.465284963923E2,1.854514689319E1,-6.281372674706E1));
#698=CARTESIAN_POINT('',(1.464553734094E2,1.854890857347E1,-6.285672093651E1));
#699=CARTESIAN_POINT('',(1.464101131335E2,1.855562255307E1,-6.293346408741E1));
#700=CARTESIAN_POINT('',(1.464101131335E2,1.856289107528E1,-6.301654367646E1));
#702=CARTESIAN_POINT('',(1.520291726975E2,1.936598235338E1,-7.219591900384E1));
#703=CARTESIAN_POINT('',(1.520291680681E2,1.936602080540E1,-7.219635851249E1));
#704=CARTESIAN_POINT('',(1.520271648330E2,1.937330297544E1,-7.227963049598E1));
#705=CARTESIAN_POINT('',(1.519819733564E2,1.938000739240E1,-7.235622593331E1));
#706=CARTESIAN_POINT('',(1.519082689208E2,1.938363569025E1,-7.239769756756E1));
#708=DIRECTION('',(-8.709317250725E-1,4.282868416633E-2,-4.895340989908E-1));
#709=VECTOR('',#708,3.758028610279E0);
#710=CARTESIAN_POINT('',(1.519082689208E2,1.938363569025E1,-7.239769756756E1));
#711=LINE('',#710,#709);
#712=CARTESIAN_POINT('',(1.485171179659E2,1.952586208675E1,-7.402335271259E1));
#713=DIRECTION('',(1.281835325878E-11,9.961946981473E-1,8.715574211286E-2));
#714=DIRECTION('',(4.821486658052E-1,7.635622316449E-2,-8.727556308878E-1));
#715=AXIS2_PLACEMENT_3D('',#712,#713,#714);
#717=DIRECTION('',(-8.714131859437E-1,-4.275422801702E-2,4.886830622705E-1));
#718=VECTOR('',#717,1.062248213141E0);
#719=CARTESIAN_POINT('',(1.483969214141E2,1.954448770527E1,-7.423624450808E1));
#720=LINE('',#719,#718);
#721=CARTESIAN_POINT('',(1.475894686904E2,1.948134606907E1,-7.351453230401E1));
#722=DIRECTION('',(2.046803402209E-11,9.961946980924E-1,8.715574273989E-2));
#723=DIRECTION('',(-5.023254280430E-1,7.536170980973E-2,-8.613882847102E-1));
#724=AXIS2_PLACEMENT_3D('',#721,#722,#723);
#726=CARTESIAN_POINT('',(1.505056347790E2,1.931446365635E1,-7.160705749686E1));
#727=CARTESIAN_POINT('',(1.505060187770E2,1.931444432926E1,-7.160683658726E1));
#728=CARTESIAN_POINT('',(1.505791512312E2,1.931069065449E1,-7.156391286900E1));
#729=CARTESIAN_POINT('',(1.506244007097E2,1.930396858725E1,-7.148709830814E1));
#730=CARTESIAN_POINT('',(1.506244007098E2,1.929670406988E1,-7.140406449463E1));
#732=CARTESIAN_POINT('',(1.506235991853E2,1.889045787647E1,-6.676064934274E1));
#733=CARTESIAN_POINT('',(1.506206547131E2,1.889028930647E1,-6.675872257873E1));
#734=CARTESIAN_POINT('',(1.502499438947E2,1.887237639571E1,-6.655397543366E1));
#735=CARTESIAN_POINT('',(1.500604166546E2,1.883769753823E1,-6.615759591732E1));
#736=CARTESIAN_POINT('',(1.500604166546E2,1.880051668316E1,-6.573261679923E1));
#738=CARTESIAN_POINT('',(1.500604166546E2,1.880051668316E1,-6.573261679923E1));
#739=CARTESIAN_POINT('',(1.500604166546E2,1.874073822715E1,-6.504934592046E1));
#740=CARTESIAN_POINT('',(1.506277111581E2,1.869227806646E1,-6.449544376351E1));
#741=CARTESIAN_POINT('',(1.513275569015E2,1.869227806646E1,-6.449544376349E1));
#743=CARTESIAN_POINT('',(1.513275569015E2,1.869227806646E1,-6.449544376349E1));
#744=CARTESIAN_POINT('',(1.520273198332E2,1.869227806646E1,-6.449544376346E1));
#745=CARTESIAN_POINT('',(1.525946123170E2,1.874073822588E1,-6.504934592054E1));
#746=CARTESIAN_POINT('',(1.525946123170E2,1.880051668190E1,-6.573261679934E1));
#748=CARTESIAN_POINT('',(1.525946123170E2,1.880051668190E1,-6.573261679934E1));
#749=CARTESIAN_POINT('',(1.525946123170E2,1.883812724319E1,-6.616250748207E1));
#750=CARTESIAN_POINT('',(1.523699744631E2,1.887123917989E1,-6.654097865035E1));
#751=CARTESIAN_POINT('',(1.520291820867E2,1.889063898137E1,-6.676271939596E1));
#753=CARTESIAN_POINT('',(1.492196472983E2,1.922781265079E1,-7.061663213378E1));
#754=CARTESIAN_POINT('',(1.492196426672E2,1.922785100031E1,-7.061707047073E1));
#755=CARTESIAN_POINT('',(1.492177302739E2,1.923513889764E1,-7.070038290644E1));
#756=CARTESIAN_POINT('',(1.491724065631E2,1.924184389649E1,-7.077701000587E1));
#757=CARTESIAN_POINT('',(1.490987021274E2,1.924546568098E1,-7.081840719199E1));
#759=DIRECTION('',(-8.709698918160E-1,4.282279027605E-2,-4.894667058983E-1));
#760=VECTOR('',#759,2.289093060250E0);
#761=CARTESIAN_POINT('',(1.490987021274E2,1.924546568098E1,-7.081840719199E1));
#762=LINE('',#761,#760);
#763=DIRECTION('',(-8.709495372142E-1,4.282593252823E-2,-4.895026487461E-1));
#764=VECTOR('',#763,1.474353795500E0);
#765=CARTESIAN_POINT('',(1.471049709924E2,1.934349103302E1,-7.193884203169E1));
#766=LINE('',#765,#764);
#767=CARTESIAN_POINT('',(1.458208832365E2,1.940663160919E1,-7.266054211977E1));
#768=CARTESIAN_POINT('',(1.457948427139E2,1.940786611028E1,-7.267465253187E1));
#769=CARTESIAN_POINT('',(1.457421860303E2,1.940943289304E1,-7.269256094066E1));
#770=CARTESIAN_POINT('',(1.456508326073E2,1.940911510334E1,-7.268892858778E1));
#771=CARTESIAN_POINT('',(1.456071077868E2,1.940762289640E1,-7.267187258445E1));
#772=CARTESIAN_POINT('',(1.455807956095E2,1.940633111364E1,-7.265710743998E1));
#774=DIRECTION('',(-8.714375415185E-1,-4.275045696874E-2,4.886399591326E-1));
#775=VECTOR('',#774,1.472585579476E0);
#776=CARTESIAN_POINT('',(1.455807956095E2,1.940633111364E1,-7.265710743998E1));
#777=LINE('',#776,#775);
#778=CARTESIAN_POINT('',(1.423229600884E2,1.924650522938E1,-7.083028922363E1));
#779=CARTESIAN_POINT('',(1.423225712403E2,1.924648572336E1,-7.083006626876E1));
#780=CARTESIAN_POINT('',(1.422487410044E2,1.924269412801E1,-7.078672814562E1));
#781=CARTESIAN_POINT('',(1.422029959148E2,1.923587539963E1,-7.070878971327E1));
#782=CARTESIAN_POINT('',(1.422039473616E2,1.922843589388E1,-7.062375577401E1));
#783=CARTESIAN_POINT('',(1.422039862233E2,1.922826268581E1,-7.062177599668E1));
#784=CARTESIAN_POINT('',(1.422039980299E2,1.922822866993E1,-7.062138719336E1));
#785=CARTESIAN_POINT('',(1.422039431891E2,1.922821365794E1,-7.062121560532E1));
#786=CARTESIAN_POINT('',(1.422039461129E2,1.922820383405E1,-7.062110331786E1));
#788=CARTESIAN_POINT('',(1.421976239735E2,1.863118668264E1,-6.379716605143E1));
#789=CARTESIAN_POINT('',(1.422004118625E2,1.862407630847E1,-6.371589410266E1));
#790=CARTESIAN_POINT('',(1.422459898015E2,1.861756296266E1,-6.364144621947E1));
#791=CARTESIAN_POINT('',(1.423185403825E2,1.861399486889E1,-6.360066272102E1));
#793=CARTESIAN_POINT('',(1.432419335745E2,1.856860072276E1,-6.308180525900E1));
#794=CARTESIAN_POINT('',(1.432424991549E2,1.856857381153E1,-6.308149766220E1));
#795=CARTESIAN_POINT('',(1.434039037452E2,1.856114311615E1,-6.299656511407E1));
#796=CARTESIAN_POINT('',(1.436005463402E2,1.857091994400E1,-6.310831407905E1));
#797=CARTESIAN_POINT('',(1.436005463401E2,1.858662156095E1,-6.328778438211E1));
#799=CARTESIAN_POINT('',(1.436005507211E2,1.915950329419E1,-6.983585247964E1));
#800=CARTESIAN_POINT('',(1.436005553697E2,1.915954122691E1,-6.983628605257E1));
#801=CARTESIAN_POINT('',(1.436020963043E2,1.916683113068E1,-6.991959603203E1));
#802=CARTESIAN_POINT('',(1.436478277831E2,1.917352968394E1,-6.999617484795E1));
#803=CARTESIAN_POINT('',(1.437215402979E2,1.917715507717E1,-7.003761328234E1));
#805=CARTESIAN_POINT('',(1.455830780057E2,1.926867163043E1,-7.108365234682E1));
#806=CARTESIAN_POINT('',(1.456092272688E2,1.926990692282E1,-7.109777180352E1));
#807=CARTESIAN_POINT('',(1.456620476701E2,1.927147338644E1,-7.111567656461E1));
#808=CARTESIAN_POINT('',(1.457538922789E2,1.927113602952E1,-7.111182055733E1));
#809=CARTESIAN_POINT('',(1.457972377704E2,1.926964843780E1,-7.109481730620E1));
#810=CARTESIAN_POINT('',(1.458236637028E2,1.926835285655E1,-7.108000874478E1));
#812=CARTESIAN_POINT('',(1.476961117142E2,1.917629717946E1,-7.002780753253E1));
#813=CARTESIAN_POINT('',(1.476964951200E2,1.917627785335E1,-7.002758663400E1));
#814=CARTESIAN_POINT('',(1.477696355154E2,1.917253208885E1,-6.998469639847E1));
#815=CARTESIAN_POINT('',(1.478148763322E2,1.916580218362E1,-6.990784918121E1));
#816=CARTESIAN_POINT('',(1.478148763322E2,1.915853766625E1,-6.982481536775E1));
#818=CARTESIAN_POINT('',(1.478148837148E2,1.863178468507E1,-6.380400124667E1));
#819=CARTESIAN_POINT('',(1.478148883526E2,1.863174639266E1,-6.380356356247E1));
#820=CARTESIAN_POINT('',(1.478167074269E2,1.862445419217E1,-6.372021262595E1));
#821=CARTESIAN_POINT('',(1.478621234386E2,1.861775365446E1,-6.364362583301E1));
#822=CARTESIAN_POINT('',(1.479358278742E2,1.861413186997E1,-6.360222864690E1));
#824=CARTESIAN_POINT('',(1.513970950008E2,1.846730101918E1,-6.192394434639E1));
#825=DIRECTION('',(0.E0,9.961946980917E-1,8.715574274766E-2));
#826=DIRECTION('',(-4.789326249180E-1,-7.650981363942E-2,8.745111715730E-1));
#827=AXIS2_PLACEMENT_3D('',#824,#825,#826);
#829=CARTESIAN_POINT('',(1.547198931575E2,1.861421486744E1,-6.360317726811E1));
#830=CARTESIAN_POINT('',(1.547202413062E2,1.861423236688E1,-6.360337728755E1));
#831=CARTESIAN_POINT('',(1.547948129586E2,1.861778134991E1,-6.364393242387E1));
#832=CARTESIAN_POINT('',(1.548387731175E2,1.862470267341E1,-6.372305343891E1));
#833=CARTESIAN_POINT('',(1.548387731176E2,1.863197823711E1,-6.380621351242E1));
#835=CARTESIAN_POINT('',(1.541434450526E2,1.914544212299E1,-6.967513263132E1));
#836=DIRECTION('',(1.668391968333E-11,9.961946980910E-1,8.715574275660E-2));
#837=DIRECTION('',(5.646338182279E-1,-7.193325462141E-2,8.222008624375E-1));
#838=AXIS2_PLACEMENT_3D('',#835,#836,#837);
#840=CARTESIAN_POINT('',(1.541448403257E2,1.914523930377E1,-6.967281439723E1));
#841=DIRECTION('',(5.684187630618E-14,9.961946980918E-1,8.715574274760E-2));
#842=DIRECTION('',(9.999998129386E-1,5.330931520623E-5,-6.093282616929E-4));
#843=AXIS2_PLACEMENT_3D('',#840,#841,#842);
#845=CARTESIAN_POINT('',(1.541433964736E2,1.914523998150E1,-6.967282214379E1));
#846=DIRECTION('',(0.E0,9.961946980917E-1,8.715574274766E-2));
#847=DIRECTION('',(5.745092862465E-4,8.715572836431E-2,-9.961945336893E-1));
#848=AXIS2_PLACEMENT_3D('',#845,#846,#847);
#850=CARTESIAN_POINT('',(1.529116639921E2,1.914530496697E1,-6.967356493115E1));
#851=CARTESIAN_POINT('',(1.529116639921E2,1.910907884838E1,-6.925949850090E1));
#852=CARTESIAN_POINT('',(1.531180832712E2,1.907707013534E1,-6.889363723668E1));
#853=CARTESIAN_POINT('',(1.534339513448E2,1.905764507255E1,-6.867160775308E1));
#855=CARTESIAN_POINT('',(1.534339439646E2,1.870079478763E1,-6.459279030087E1));
#856=CARTESIAN_POINT('',(1.534339393243E2,1.870075650941E1,-6.459235277879E1));
#857=CARTESIAN_POINT('',(1.534321203752E2,1.869346826462E1,-6.450904191359E1));
#858=CARTESIAN_POINT('',(1.533867446344E2,1.868676718801E1,-6.443245410346E1));
#859=CARTESIAN_POINT('',(1.533129977829E2,1.868314183878E1,-6.439101617210E1));
#861=CARTESIAN_POINT('',(1.513077175611E2,1.860575029086E1,-6.350642676291E1));
#862=DIRECTION('',(0.E0,-9.961946980917E-1,-8.715574274770E-2));
#863=DIRECTION('',(4.862656882010E-1,-7.615764756182E-2,8.704858948865E-1));
#864=AXIS2_PLACEMENT_3D('',#861,#862,#863);
#866=DIRECTION('',(-8.611373433358E-1,4.430757245809E-2,-5.064378687810E-1));
#867=VECTOR('',#866,2.148220369386E0);
#868=CARTESIAN_POINT('',(1.511882534782E2,1.858812469679E1,-6.330496530080E1));
#869=LINE('',#868,#867);
#870=CARTESIAN_POINT('',(1.493383406964E2,1.868330712646E1,-6.439290544634E1));
#871=CARTESIAN_POINT('',(1.493379903360E2,1.868332477954E1,-6.439310722199E1));
#872=CARTESIAN_POINT('',(1.492637058754E2,1.868690678982E1,-6.443400745140E1));
#873=CARTESIAN_POINT('',(1.492196556892E2,1.869379537338E1,-6.451278665732E1));
#874=CARTESIAN_POINT('',(1.492196556893E2,1.870106028684E1,-6.459582499811E1));
#876=DIRECTION('',(-1.E0,5.003962822830E-11,-1.691639084005E-11));
#877=VECTOR('',#876,9.483075474257E1);
#878=CARTESIAN_POINT('',(1.623160361092E2,1.245243372595E1,1.089446784453E0));
#879=LINE('',#878,#877);
#880=DIRECTION('',(-1.788049816751E-7,7.660444379890E-1,-6.427876158002E-1));
#881=VECTOR('',#880,7.071067864062E-1);
#882=CARTESIAN_POINT('',(6.748528136662E1,1.245243373069E1,1.089446782849E0));
#883=LINE('',#882,#881);
#884=DIRECTION('',(1.E0,0.E0,0.E0));
#885=VECTOR('',#884,9.484471775566E1);
#886=CARTESIAN_POINT('',(6.748528137424E1,6.764162000040E0,5.917874932564E-1));
#887=LINE('',#886,#885);
#888=CARTESIAN_POINT('',(1.623299991299E2,8.776475290186E0,7.678420936066E-1));
#889=DIRECTION('',(0.E0,-8.715574274765E-2,9.961946980917E-1));
#890=DIRECTION('',(-4.136625035910E-12,-9.961946980917E-1,-8.715574274765E-2));
#891=AXIS2_PLACEMENT_3D('',#888,#889,#890);
#893=CARTESIAN_POINT('',(1.623299991299E2,8.776475290186E0,7.678420936066E-1));
#894=DIRECTION('',(0.E0,-8.715574274765E-2,9.961946980917E-1));
#895=DIRECTION('',(1.E0,0.E0,0.E0));
#896=AXIS2_PLACEMENT_3D('',#893,#894,#895);
#898=CARTESIAN_POINT('',(1.623160361092E2,1.245243372595E1,1.089446784453E0));
#899=CARTESIAN_POINT('',(1.626939739417E2,1.245243373777E1,1.089446783477E0));
#900=CARTESIAN_POINT('',(1.634507278612E2,1.233702940067E1,1.079350215849E0));
#901=CARTESIAN_POINT('',(1.644997734119E2,1.181485450866E1,1.033665830983E0));
#902=CARTESIAN_POINT('',(1.653355305045E2,1.099101631860E1,9.615893291588E-1));
#903=CARTESIAN_POINT('',(1.658733172982E2,9.950884058469E0,8.705895477232E-1));
#904=CARTESIAN_POINT('',(1.660614999336E2,8.794359976356E0,7.694068014657E-1));
#905=CARTESIAN_POINT('',(1.658806020604E2,7.635337852725E0,6.680055048517E-1));
#906=CARTESIAN_POINT('',(1.653478390676E2,6.587810717870E0,5.763587558245E-1));
#907=CARTESIAN_POINT('',(1.645153438906E2,5.755826684175E0,5.035695845669E-1));
#908=CARTESIAN_POINT('',(1.634661873703E2,5.221266358087E0,4.568016162886E-1));
#909=CARTESIAN_POINT('',(1.626882850221E2,5.098515820528E0,4.460623352189E-1));
#910=CARTESIAN_POINT('',(1.623019642411E2,5.098515796125E0,4.460623330814E-1));
#912=CARTESIAN_POINT('',(6.748528137424E1,7.287096456526E0,-5.385380695294E0));
#913=DIRECTION('',(0.E0,-9.961946980917E-1,-8.715574274765E-2));
#914=DIRECTION('',(-1.705302565824E-13,-8.715574274765E-2,9.961946980917E-1));
#915=AXIS2_PLACEMENT_3D('',#912,#913,#914);
#917=DIRECTION('',(-7.071067811869E-1,6.162841671631E-2,-7.044160264024E-1));
#918=VECTOR('',#917,2.100505095520E0);
#919=CARTESIAN_POINT('',(6.324264076810E1,6.917325949171E0,-1.158884456205E0));
#920=LINE('',#919,#918);
#921=CARTESIAN_POINT('',(5.751471862576E1,6.677006257293E0,1.587982191348E0));
#922=DIRECTION('',(0.E0,9.961946980917E-1,8.715574274765E-2));
#923=DIRECTION('',(7.071067811882E-1,6.162841671607E-2,-7.044160264011E-1));
#924=AXIS2_PLACEMENT_3D('',#921,#922,#923);
#926=DIRECTION('',(-1.E0,0.E0,0.E0));
#927=VECTOR('',#926,1.150294372515E2);
#928=CARTESIAN_POINT('',(5.751471862576E1,7.199940713778E0,-4.389185997202E0));
#929=LINE('',#928,#927);
#930=CARTESIAN_POINT('',(-5.751471862576E1,6.677006257293E0,1.587982191348E0));
#931=DIRECTION('',(0.E0,9.961946980917E-1,8.715574274765E-2));
#932=DIRECTION('',(-1.871095870835E-12,8.715574274765E-2,-9.961946980917E-1));
#933=AXIS2_PLACEMENT_3D('',#930,#931,#932);
#935=DIRECTION('',(-7.071067811869E-1,-6.162841671631E-2,7.044160264024E-1));
#936=VECTOR('',#935,2.100505108230E0);
#937=CARTESIAN_POINT('',(-6.175735928757E1,7.046776759796E0,-2.638513992280E0));
#938=LINE('',#937,#936);
#939=CARTESIAN_POINT('',(-6.748528137424E1,7.287096456526E0,-5.385380695294E0));
#940=DIRECTION('',(0.E0,-9.961946980917E-1,-8.715574274765E-2));
#941=DIRECTION('',(7.071067811853E-1,-6.162841671633E-2,7.044160264040E-1));
#942=AXIS2_PLACEMENT_3D('',#939,#940,#941);
#944=DIRECTION('',(-1.E0,0.E0,0.E0));
#945=VECTOR('',#944,9.484471949586E1);
#946=CARTESIAN_POINT('',(-6.748528137424E1,6.764162000040E0,5.917874932564E-1));
#947=LINE('',#946,#945);
#948=DIRECTION('',(1.E0,0.E0,0.E0));
#949=VECTOR('',#948,3.2466E2);
#950=CARTESIAN_POINT('',(-1.623300008701E2,7.548563684769E0,-8.373964789569E0));
#951=LINE('',#950,#949);
#952=CARTESIAN_POINT('',(1.475090025282E2,7.194815292900E0,-4.330602168482E0));
#953=DIRECTION('',(0.E0,9.961946980917E-1,8.715574274765E-2));
#954=DIRECTION('',(1.E0,2.928296494176E-10,-3.347060406611E-9));
#955=AXIS2_PLACEMENT_3D('',#952,#953,#954);
#957=CARTESIAN_POINT('',(1.475090025282E2,7.194815292900E0,-4.330602168482E0));
#958=DIRECTION('',(0.E0,9.961946980917E-1,8.715574274765E-2));
#959=DIRECTION('',(-1.E0,-2.928052245110E-10,3.346780075297E-9));
#960=AXIS2_PLACEMENT_3D('',#957,#958,#959);
#962=CARTESIAN_POINT('',(-1.475090025282E2,7.194815292900E0,-4.330602168482E0));
#963=DIRECTION('',(0.E0,9.961946980917E-1,8.715574274765E-2));
#964=DIRECTION('',(1.E0,-2.928091102916E-10,3.346825594441E-9));
#965=AXIS2_PLACEMENT_3D('',#962,#963,#964);
#967=CARTESIAN_POINT('',(-1.475090025282E2,7.194815292900E0,-4.330602168482E0));
#968=DIRECTION('',(0.E0,9.961946980917E-1,8.715574274765E-2));
#969=DIRECTION('',(-1.E0,2.928252085255E-10,-3.347007115906E-9));
#970=AXIS2_PLACEMENT_3D('',#967,#968,#969);
#972=DIRECTION('',(-4.944123555640E-10,-9.961954769813E-1,-8.714683954157E-2));
#973=VECTOR('',#972,1.672004391344E0);
#974=CARTESIAN_POINT('',(6.748528137424E1,6.764162000040E0,5.917874932564E-1));
#975=LINE('',#974,#973);
#976=DIRECTION('',(-2.262256676958E-6,9.961945141197E-1,8.715784550297E-2));
#977=VECTOR('',#976,1.812951523650E0);
#978=CARTESIAN_POINT('',(6.324264486946E1,5.111273586945E0,-1.316897405008E0));
#979=LINE('',#978,#977);
#980=CARTESIAN_POINT('',(6.324264486946E1,5.111273586945E0,-1.316897405008E0));
#981=CARTESIAN_POINT('',(6.361254109191E1,5.108828786369E0,-9.458021728094E-1));
#982=CARTESIAN_POINT('',(6.444960556715E1,5.107324243673E0,-3.008940524969E-1));
#983=CARTESIAN_POINT('',(6.591366533503E1,5.102609964949E0,3.078649862947E-1));
#984=CARTESIAN_POINT('',(6.696130840380E1,5.099126350822E0,4.461307497200E-1));
#985=CARTESIAN_POINT('',(6.748528137341E1,5.098518787890E0,4.460775948511E-1));
#987=CARTESIAN_POINT('',(6.748534053968E1,4.642086620292E0,-5.202642405912E-2));
#988=CARTESIAN_POINT('',(6.699445858579E1,4.642086620292E0,-5.261868287544E-2));
#989=CARTESIAN_POINT('',(6.605097833225E1,4.642095691024E0,-1.812365643560E-1));
#990=CARTESIAN_POINT('',(6.469923525834E1,4.642097154936E0,-7.433792447645E-1));
#991=CARTESIAN_POINT('',(6.394261603603E1,4.642084180438E0,-1.321624473573E0));
#992=CARTESIAN_POINT('',(6.359600974048E1,4.642084180438E0,-1.669320482816E0));
#994=DIRECTION('',(1.E0,-3.155314949449E-8,-1.609608063331E-7));
#995=VECTOR('',#994,9.481668286768E1);
#996=CARTESIAN_POINT('',(6.748528137341E1,5.098518787890E0,4.460775948511E-1));
#997=LINE('',#996,#995);
#998=DIRECTION('',(2.054586169157E-4,-6.755886898308E-1,-7.372786989731E-1));
#999=VECTOR('',#998,6.755929578414E-1);
#1000=CARTESIAN_POINT('',(1.623019642411E2,5.098515796125E0,4.460623330814E-1));
#1001=LINE('',#1000,#999);
#1002=DIRECTION('',(-8.757563335124E-5,6.755933647511E-1,7.372744386149E-1));
#1003=VECTOR('',#1002,6.756019099835E-1);
#1004=CARTESIAN_POINT('',(6.748534053968E1,4.642086620292E0,
-5.202642405912E-2));
#1005=LINE('',#1004,#1003);
#1006=DIRECTION('',(6.785101089336E-5,7.660441015004E-1,-6.427880132304E-1));
#1007=VECTOR('',#1006,7.071074537362E-1);
#1008=CARTESIAN_POINT('',(1.623160361092E2,1.245243372595E1,1.089446784453E0));
#1009=LINE('',#1008,#1007);
#1010=CARTESIAN_POINT('',(1.623021030475E2,4.642092834878E0,
-5.203796391126E-2));
#1011=CARTESIAN_POINT('',(1.624450580696E2,4.642097637622E0,
-5.277971123854E-2));
#1012=CARTESIAN_POINT('',(1.625883436843E2,4.649417076200E0,
-5.291108890932E-2));
#1013=CARTESIAN_POINT('',(1.627310648080E2,4.664119340989E0,
-5.244264926163E-2));
#1015=CARTESIAN_POINT('',(1.627310648080E2,4.664119340989E0,
-5.244264926163E-2));
#1016=CARTESIAN_POINT('',(1.630260241653E2,4.694504265537E0,
-5.147453288258E-2));
#1017=CARTESIAN_POINT('',(1.637528074455E2,4.847490777300E0,
-4.267752158173E-2));
#1018=CARTESIAN_POINT('',(1.648142745284E2,5.388362110288E0,
-3.694351811705E-3));
#1019=CARTESIAN_POINT('',(1.657594285918E2,6.333191348717E0,6.910164040542E-2));
#1020=CARTESIAN_POINT('',(1.663643948362E2,7.522954910104E0,1.638064573067E-1));
#1021=CARTESIAN_POINT('',(1.665698470982E2,8.839536638741E0,2.710147872576E-1));
#1022=CARTESIAN_POINT('',(1.663561212693E2,1.015337740835E1,3.801814141644E-1));
#1023=CARTESIAN_POINT('',(1.657452763748E2,1.133497987731E1,4.805476203989E-1));
#1024=CARTESIAN_POINT('',(1.647959964194E2,1.227072779538E1,5.624670098149E-1));
#1025=CARTESIAN_POINT('',(1.636045113380E2,1.286356102938E1,6.174545502660E-1));
#1026=CARTESIAN_POINT('',(1.627452501047E2,1.299430113437E1,6.326993704766E-1));
#1027=CARTESIAN_POINT('',(1.623160840871E2,1.299410922001E1,6.349265891255E-1));
#1029=CARTESIAN_POINT('',(1.597565503017E2,1.809072130528E1,-5.761964197756E1));
#1030=CARTESIAN_POINT('',(1.603461875406E2,1.809015167587E1,-5.761969181367E1));
#1031=CARTESIAN_POINT('',(1.615245459055E2,1.793420099403E1,-5.763332113748E1));
#1032=CARTESIAN_POINT('',(1.631691801458E2,1.725336935329E1,-5.769289202079E1));
#1033=CARTESIAN_POINT('',(1.645796236332E2,1.617356348851E1,-5.778736135023E1));
#1034=CARTESIAN_POINT('',(1.656624207028E2,1.476747262854E1,-5.791037829755E1));
#1035=CARTESIAN_POINT('',(1.663445261685E2,1.312832280246E1,-5.805378701894E1));
#1036=CARTESIAN_POINT('',(1.665000043313E2,1.195376595135E1,-5.815654295320E1));
#1037=CARTESIAN_POINT('',(1.664999979470E2,1.136618482899E1,-5.820794812051E1));
#1039=CARTESIAN_POINT('',(1.664999979470E2,1.136618482899E1,-5.820794812051E1));
#1040=CARTESIAN_POINT('',(1.664999919905E2,1.081797742309E1,-5.825590853399E1));
#1041=CARTESIAN_POINT('',(1.663647133696E2,9.721189464711E0,-5.835186494831E1));
#1042=CARTESIAN_POINT('',(1.657668131959E2,8.171970267312E0,-5.848740471359E1));
#1043=CARTESIAN_POINT('',(1.648081274860E2,6.811994698978E0,-5.860638471323E1));
#1044=CARTESIAN_POINT('',(1.635464870489E2,5.724870171111E0,-5.870150491810E1));
#1045=CARTESIAN_POINT('',(1.620590126846E2,4.975576516814E0,-5.876702553240E1));
#1046=CARTESIAN_POINT('',(1.609764206634E2,4.731961728156E0,-5.878842387238E1));
#1047=CARTESIAN_POINT('',(1.604286172854E2,4.676813162563E0,-5.879325115680E1));
#1049=CARTESIAN_POINT('',(1.604286172854E2,4.676813162563E0,-5.879325115680E1));
#1050=CARTESIAN_POINT('',(1.603529518451E2,4.669046181187E0,-5.879220826691E1));
#1051=CARTESIAN_POINT('',(1.602014053901E2,4.655650390202E0,-5.879605424197E1));
#1052=CARTESIAN_POINT('',(1.599735010793E2,4.644499228530E0,-5.879502717343E1));
#1053=CARTESIAN_POINT('',(1.598214149083E2,4.642188647214E0,-5.879789577796E1));
#1054=CARTESIAN_POINT('',(1.597454083245E2,4.642095770812E0,-5.879624038676E1));
#1056=DIRECTION('',(-2.239475814880E-4,-8.715568272884E-2,9.961946781707E-1));
#1057=VECTOR('',#1056,2.052291227301E1);
#1058=CARTESIAN_POINT('',(1.597500043811E2,6.430784201550E0,-7.924105637369E1));
#1059=LINE('',#1058,#1057);
#1060=CARTESIAN_POINT('',(1.597500044418E2,1.315509841150E1,-7.865275510612E1));
#1061=DIRECTION('',(0.E0,-8.715574274765E-2,9.961946980917E-1));
#1062=DIRECTION('',(-1.040465307328E-8,-9.961946980917E-1,-8.715574274765E-2));
#1063=AXIS2_PLACEMENT_3D('',#1060,#1061,#1062);
#1065=CARTESIAN_POINT('',(1.597500044418E2,1.315509841150E1,-7.865275510612E1));
#1066=DIRECTION('',(0.E0,-8.715574274765E-2,9.961946980917E-1));
#1067=DIRECTION('',(1.E0,9.779173355868E-13,8.631778419604E-14));
#1068=AXIS2_PLACEMENT_3D('',#1065,#1066,#1067);
#1070=DIRECTION('',(8.438533959332E-8,-6.427876153678E-1,-7.660444383518E-1));
#1071=VECTOR('',#1070,7.071067860893E-1);
#1072=CARTESIAN_POINT('',(1.597500043799E2,1.987941262225E1,-7.806445384677E1));
#1073=LINE('',#1072,#1071);
#1074=DIRECTION('',(-1.E0,0.E0,0.E0));
#1075=VECTOR('',#1074,3.195000104999E2);
#1076=CARTESIAN_POINT('',(1.597500043799E2,1.987941262225E1,-7.806445384677E1));
#1077=LINE('',#1076,#1075);
#1078=DIRECTION('',(-1.811085812003E-7,-6.427876153673E-1,-7.660444383522E-1));
#1079=VECTOR('',#1078,7.071067860889E-1);
#1080=CARTESIAN_POINT('',(-1.597500061200E2,1.987941262224E1,
-7.806445384677E1));
#1081=LINE('',#1080,#1079);
#1082=CARTESIAN_POINT('',(-1.597500061820E2,1.315509841150E1,
-7.865275510612E1));
#1083=DIRECTION('',(0.E0,-8.715574274765E-2,9.961946980917E-1));
#1084=DIRECTION('',(-3.031649005910E-13,9.961946980917E-1,8.715574274765E-2));
#1085=AXIS2_PLACEMENT_3D('',#1082,#1083,#1084);
#1087=CARTESIAN_POINT('',(-1.597500061820E2,1.315509841150E1,
-7.865275510612E1));
#1088=DIRECTION('',(0.E0,-8.715574274765E-2,9.961946980917E-1));
#1089=DIRECTION('',(-1.E0,9.787068275162E-13,8.631778419610E-14));
#1090=AXIS2_PLACEMENT_3D('',#1087,#1088,#1089);
#1092=DIRECTION('',(-1.356636645821E-7,7.660444480463E-1,-6.427876038143E-1));
#1093=VECTOR('',#1092,7.071067862543E-1);
#1094=CARTESIAN_POINT('',(-1.597500061212E2,6.430784201549E0,
-7.924105637369E1));
#1095=LINE('',#1094,#1093);
#1096=DIRECTION('',(-3.024907391046E-4,8.715570413118E-2,-9.961946555452E-1));
#1097=VECTOR('',#1096,2.052290475925E1);
#1098=CARTESIAN_POINT('',(-1.597437981326E2,4.642095986440E0,
-5.879624833626E1));
#1099=LINE('',#1098,#1097);
#1100=CARTESIAN_POINT('',(-1.627310787147E2,4.664009237378E0,
-5.242843405003E-2));
#1101=CARTESIAN_POINT('',(-1.626835743108E2,4.659136416073E0,
-5.259192545670E-2));
#1102=CARTESIAN_POINT('',(-1.625883981108E2,4.651063475021E0,
-5.276530514057E-2));
#1103=CARTESIAN_POINT('',(-1.624453364213E2,4.643720319250E0,
-5.262978632262E-2));
#1104=CARTESIAN_POINT('',(-1.623498278923E2,4.642094390872E0,
-5.228490417088E-2));
#1105=CARTESIAN_POINT('',(-1.623020883457E2,4.642092811522E0,
-5.203794979077E-2));
#1107=CARTESIAN_POINT('',(-1.597437981326E2,4.642095986440E0,
-5.879624833626E1));
#1108=CARTESIAN_POINT('',(-1.598199836449E2,4.642170943429E0,
-5.879790904636E1));
#1109=CARTESIAN_POINT('',(-1.599724302732E2,4.644459408904E0,
-5.879503801617E1));
#1110=CARTESIAN_POINT('',(-1.602008650616E2,4.655609112855E0,
-5.879607175209E1));
#1111=CARTESIAN_POINT('',(-1.603527879771E2,4.669029219777E0,
-5.879221057063E1));
#1112=CARTESIAN_POINT('',(-1.604286315824E2,4.676814795414E0,
-5.879325942243E1));
#1114=CARTESIAN_POINT('',(-1.604286315824E2,4.676814795414E0,
-5.879325942243E1));
#1115=CARTESIAN_POINT('',(-1.609766126666E2,4.731981155350E0,
-5.878842955727E1));
#1116=CARTESIAN_POINT('',(-1.620594614971E2,4.975710171476E0,
-5.876701838829E1));
#1117=CARTESIAN_POINT('',(-1.635470651782E2,5.725246354553E0,
-5.870147766742E1));
#1118=CARTESIAN_POINT('',(-1.648086055056E2,6.812515907858E0,
-5.860634457974E1));
#1119=CARTESIAN_POINT('',(-1.657670791568E2,8.172538635009E0,
-5.848736012120E1));
#1120=CARTESIAN_POINT('',(-1.663647740175E2,9.721373487095E0,
-5.835185550867E1));
#1121=CARTESIAN_POINT('',(-1.664999934991E2,1.081842119382E1,
-5.825587251963E1));
#1122=CARTESIAN_POINT('',(-1.665000003066E2,1.136650206037E1,
-5.820792040858E1));
#1124=CARTESIAN_POINT('',(-1.665000003066E2,1.136650206037E1,
-5.820792040858E1));
#1125=CARTESIAN_POINT('',(-1.665000076037E2,1.195401106033E1,
-5.815651878282E1));
#1126=CARTESIAN_POINT('',(-1.663445684082E2,1.312800738950E1,
-5.805380764057E1));
#1127=CARTESIAN_POINT('',(-1.656624884231E2,1.476742562047E1,
-5.791037712642E1));
#1128=CARTESIAN_POINT('',(-1.645795500376E2,1.617366873025E1,
-5.778734647144E1));
#1129=CARTESIAN_POINT('',(-1.631687133463E2,1.725369426824E1,
-5.769285778356E1));
#1130=CARTESIAN_POINT('',(-1.615234179718E2,1.793456757529E1,
-5.763328420056E1));
#1131=CARTESIAN_POINT('',(-1.603444834489E2,1.809032498634E1,
-5.761966935706E1));
#1132=CARTESIAN_POINT('',(-1.597545489291E2,1.809072049667E1,
-5.761963475439E1));
#1134=DIRECTION('',(-1.810488997957E-4,-6.755887222182E-1,-7.372786756938E-1));
#1135=VECTOR('',#1134,6.755929600110E-1);
#1136=CARTESIAN_POINT('',(-1.623019660303E2,5.098515796116E0,
4.460623330742E-1));
#1137=LINE('',#1136,#1135);
#1138=CARTESIAN_POINT('',(-1.627310787147E2,4.664009237378E0,
-5.242843405003E-2));
#1139=CARTESIAN_POINT('',(-1.631475204376E2,4.706726247465E0,
-5.099520602250E-2));
#1140=CARTESIAN_POINT('',(-1.639655242023E2,4.918306512810E0,
-3.804468823996E-2));
#1141=CARTESIAN_POINT('',(-1.650308992187E2,5.567212440813E0,
9.139760225583E-3));
#1142=CARTESIAN_POINT('',(-1.658791865279E2,6.515352709093E0,
8.248676351840E-2));
#1143=CARTESIAN_POINT('',(-1.664061736396E2,7.688569133021E0,
1.766005964664E-1));
#1144=CARTESIAN_POINT('',(-1.665520834259E2,8.883206275010E0,
2.746767342980E-1));
#1145=CARTESIAN_POINT('',(-1.663844526312E2,9.966920535994E0,
3.651912000725E-1));
#1146=CARTESIAN_POINT('',(-1.660074025758E2,1.085773111988E1,
4.406956730453E-1));
#1147=CARTESIAN_POINT('',(-1.655131435122E2,1.155621836721E1,
5.007553936105E-1));
#1148=CARTESIAN_POINT('',(-1.649579074595E2,1.208637601900E1,
5.470679583583E-1));
#1149=CARTESIAN_POINT('',(-1.643842312760E2,1.247016648447E1,
5.815314694258E-1));
#1150=CARTESIAN_POINT('',(-1.638109793297E2,1.273509519712E1,
6.058610926673E-1));
#1151=CARTESIAN_POINT('',(-1.632654739924E2,1.289763681155E1,
6.217812917391E-1));
#1152=CARTESIAN_POINT('',(-1.627640108908E2,1.297959830732E1,
6.300160220953E-1));
#1153=CARTESIAN_POINT('',(-1.624594215893E2,1.299438689252E1,
6.345706144025E-1));
#1154=CARTESIAN_POINT('',(-1.623161596122E2,1.299438011637E1,
6.346957135777E-1));
#1156=DIRECTION('',(1.420307372167E-8,-9.961955170714E-1,-8.714638126057E-2));
#1157=VECTOR('',#1156,1.672015493261E0);
#1158=CARTESIAN_POINT('',(-6.748528137424E1,6.764162000040E0,
5.917874932564E-1));
#1159=LINE('',#1158,#1157);
#1160=CARTESIAN_POINT('',(-1.623019660303E2,5.098515796116E0,
4.460623330742E-1));
#1161=CARTESIAN_POINT('',(-1.627047762852E2,5.098515826135E0,
4.460623357005E-1));
#1162=CARTESIAN_POINT('',(-1.634670179594E2,5.221785002807E0,
4.568469910590E-1));
#1163=CARTESIAN_POINT('',(-1.645418691694E2,5.772038458644E0,
5.049879306046E-1));
#1164=CARTESIAN_POINT('',(-1.653636036941E2,6.612824127671E0,
5.785471449676E-1));
#1165=CARTESIAN_POINT('',(-1.658829137411E2,7.647399997361E0,
6.690608055565E-1));
#1166=CARTESIAN_POINT('',(-1.660606306064E2,8.800673167446E0,
7.699591322852E-1));
#1167=CARTESIAN_POINT('',(-1.658731287078E2,9.944595462741E0,
8.700393710543E-1));
#1168=CARTESIAN_POINT('',(-1.653515775711E2,1.096297524103E1,
9.591360345157E-1));
#1169=CARTESIAN_POINT('',(-1.645392859598E2,1.179076963662E1,1.031558743095E0));
#1170=CARTESIAN_POINT('',(-1.634863212853E2,1.230893601020E1,1.076892115969E0));
#1171=CARTESIAN_POINT('',(-1.627198505082E2,1.249037727668E1,1.092766942749E0));
#1172=CARTESIAN_POINT('',(-1.623160377436E2,1.245243420389E1,1.089447354021E0));
#1174=DIRECTION('',(-1.E0,0.E0,0.E0));
#1175=VECTOR('',#1174,9.484471949587E1);
#1176=CARTESIAN_POINT('',(-6.748528137424E1,1.078878858033E1,
9.438966939570E-1));
#1177=LINE('',#1176,#1175);
#1178=CARTESIAN_POINT('',(-1.623300008701E2,8.776475290186E0,
7.678420936066E-1));
#1179=DIRECTION('',(0.E0,-8.715574274765E-2,9.961946980917E-1));
#1180=DIRECTION('',(-8.245109765454E-12,9.961946980917E-1,8.715574274765E-2));
#1181=AXIS2_PLACEMENT_3D('',#1178,#1179,#1180);
#1183=CARTESIAN_POINT('',(-1.623300008701E2,8.776475290186E0,
7.678420936066E-1));
#1184=DIRECTION('',(0.E0,-8.715574274765E-2,9.961946980917E-1));
#1185=DIRECTION('',(-1.E0,0.E0,0.E0));
#1186=AXIS2_PLACEMENT_3D('',#1183,#1184,#1185);
#1188=DIRECTION('',(-7.057673028927E-1,-1.043542555738E-6,7.084437268877E-1));
#1189=VECTOR('',#1188,2.104520525310E0);
#1190=CARTESIAN_POINT('',(-6.175734444363E1,5.111267552925E0,
-2.807833107054E0));
#1191=LINE('',#1190,#1189);
#1192=DIRECTION('',(3.047580129234E-6,9.961944881193E-1,8.715814265761E-2));
#1193=VECTOR('',#1192,1.812959839109E0);
#1194=CARTESIAN_POINT('',(-6.324264621866E1,5.111265356769E0,
-1.316898742792E0));
#1195=LINE('',#1194,#1193);
#1196=DIRECTION('',(-7.640091378542E-6,9.961954129892E-1,8.714757071192E-2));
#1197=VECTOR('',#1196,1.942901143324E0);
#1198=CARTESIAN_POINT('',(-6.175734444363E1,5.111267552925E0,
-2.807833107054E0));
#1199=LINE('',#1198,#1197);
#1200=DIRECTION('',(3.365735295774E-8,9.961942921713E-1,8.716038231543E-2));
#1201=VECTOR('',#1200,2.109473640832E0);
#1202=CARTESIAN_POINT('',(-5.751471869676E1,5.098495113295E0,
-4.573048526221E0));
#1203=LINE('',#1202,#1201);
#1204=DIRECTION('',(-4.639849558753E-8,9.961942264117E-1,8.716113390679E-2));
#1205=VECTOR('',#1204,2.109457073311E0);
#1206=CARTESIAN_POINT('',(5.751471872364E1,5.098511756483E0,-4.573048667640E0));
#1207=LINE('',#1206,#1205);
#1208=DIRECTION('',(-7.057657039914E-1,6.936983748514E-6,-7.084453197117E-1));
#1209=VECTOR('',#1208,2.104520651296E0);
#1210=CARTESIAN_POINT('',(6.324264486946E1,5.111273586945E0,-1.316897405008E0));
#1211=LINE('',#1210,#1209);
#1212=DIRECTION('',(6.691457610233E-6,9.961952345934E-1,8.714961003139E-2));
#1213=VECTOR('',#1212,1.942880772092E0);
#1214=CARTESIAN_POINT('',(6.175734637044E1,5.111288185971E0,-2.807835210655E0));
#1215=LINE('',#1214,#1213);
#1216=DIRECTION('',(5.158707691250E-1,-6.849608431818E-1,-5.144958628309E-1));
#1217=VECTOR('',#1216,6.849871947826E-1);
#1218=CARTESIAN_POINT('',(6.324264486946E1,5.111273586945E0,-1.316897405008E0));
#1219=LINE('',#1218,#1217);
#1220=DIRECTION('',(9.999999999999E-1,-4.167991860095E-8,4.755811926050E-7));
#1221=VECTOR('',#1220,9.481709162155E1);
#1222=CARTESIAN_POINT('',(-1.623020883457E2,4.642092811522E0,
-5.203794979077E-2));
#1223=LINE('',#1222,#1221);
#1224=DIRECTION('',(7.057726329916E-1,-6.474321884422E-7,-7.084384168858E-1));
#1225=VECTOR('',#1224,2.104239627876E0);
#1226=CARTESIAN_POINT('',(-6.359623243081E1,4.642089252344E0,
-1.669054792038E0));
#1227=LINE('',#1226,#1225);
#1228=DIRECTION('',(9.999999999999E-1,-1.739586083320E-8,-3.564206374008E-7));
#1229=VECTOR('',#1228,1.150297056841E2);
#1230=CARTESIAN_POINT('',(-5.751464626261E1,4.642088368607E0,
-5.071127713146E0));
#1231=LINE('',#1230,#1229);
#1232=DIRECTION('',(7.057675108965E-1,-2.473731843523E-6,7.084435196660E-1));
#1233=VECTOR('',#1232,2.104307806795E0);
#1234=CARTESIAN_POINT('',(6.211085765751E1,4.642089385932E0,-3.160103711923E0));
#1235=LINE('',#1234,#1233);
#1236=DIRECTION('',(1.E0,6.554311593170E-8,-1.217068778638E-7));
#1237=VECTOR('',#1236,9.481676250781E1);
#1238=CARTESIAN_POINT('',(6.748534053968E1,4.642086620292E0,
-5.202642405912E-2));
#1239=LINE('',#1238,#1237);
#1240=DIRECTION('',(-4.348134107052E-2,4.993100992225E-8,-9.990542392577E-1));
#1241=VECTOR('',#1240,5.879981297762E1);
#1242=CARTESIAN_POINT('',(1.623021030475E2,4.642092834878E0,
-5.203796391126E-2));
#1243=LINE('',#1242,#1241);
#1244=DIRECTION('',(-1.E0,6.749143990689E-10,-2.488192124751E-8));
#1245=VECTOR('',#1244,3.194892064571E2);
#1246=CARTESIAN_POINT('',(1.597454083245E2,4.642095770812E0,-5.879624038676E1));
#1247=LINE('',#1246,#1245);
#1248=DIRECTION('',(-4.350841810721E-2,-5.399529733745E-8,9.990530604296E-1));
#1249=VECTOR('',#1248,5.879989032936E1);
#1250=CARTESIAN_POINT('',(-1.597437981326E2,4.642095986440E0,
-5.879624833626E1));
#1251=LINE('',#1250,#1249);
#1252=CARTESIAN_POINT('',(1.560090025282E2,4.642093667326E0,-4.510192040094E0));
#1253=DIRECTION('',(0.E0,-1.E0,0.E0));
#1254=DIRECTION('',(0.E0,0.E0,-1.E0));
#1255=AXIS2_PLACEMENT_3D('',#1252,#1253,#1254);
#1257=CARTESIAN_POINT('',(1.450090025282E2,4.642093667326E0,-4.510192040094E0));
#1258=DIRECTION('',(0.E0,-1.E0,0.E0));
#1259=DIRECTION('',(0.E0,0.E0,1.E0));
#1260=AXIS2_PLACEMENT_3D('',#1257,#1258,#1259);
#1262=CARTESIAN_POINT('',(1.450090025282E2,4.642093667326E0,-4.510192040094E0));
#1263=DIRECTION('',(0.E0,-1.E0,0.E0));
#1264=DIRECTION('',(-1.E0,0.E0,0.E0));
#1265=AXIS2_PLACEMENT_3D('',#1262,#1263,#1264);
#1267=CARTESIAN_POINT('',(-1.450090025282E2,4.642093667326E0,
-4.510192040094E0));
#1268=DIRECTION('',(0.E0,-1.E0,0.E0));
#1269=DIRECTION('',(0.E0,0.E0,-1.E0));
#1270=AXIS2_PLACEMENT_3D('',#1267,#1268,#1269);
#1272=CARTESIAN_POINT('',(-1.450090025282E2,4.642093667326E0,
-4.510192040094E0));
#1273=DIRECTION('',(0.E0,-1.E0,0.E0));
#1274=DIRECTION('',(1.E0,0.E0,0.E0));
#1275=AXIS2_PLACEMENT_3D('',#1272,#1273,#1274);
#1277=DIRECTION('',(-1.E0,0.E0,0.E0));
#1278=VECTOR('',#1277,1.1E1);
#1279=CARTESIAN_POINT('',(-1.450090025282E2,4.642093667326E0,
-1.260192040094E0));
#1280=LINE('',#1279,#1278);
#1281=CARTESIAN_POINT('',(-1.560090025282E2,4.642093667326E0,
-4.510192040094E0));
#1282=DIRECTION('',(0.E0,-1.E0,0.E0));
#1283=DIRECTION('',(0.E0,0.E0,1.E0));
#1284=AXIS2_PLACEMENT_3D('',#1281,#1282,#1283);
#1286=DIRECTION('',(1.E0,0.E0,0.E0));
#1287=VECTOR('',#1286,1.1E1);
#1288=CARTESIAN_POINT('',(-1.560090025282E2,4.642093667326E0,
-7.760192040094E0));
#1289=LINE('',#1288,#1287);
#1290=DIRECTION('',(1.E0,-8.579646833927E-8,1.588384249222E-7));
#1291=VECTOR('',#1290,9.481668467982E1);
#1292=CARTESIAN_POINT('',(-1.623019660303E2,5.098515796116E0,
4.460623330742E-1));
#1293=LINE('',#1292,#1291);
#1294=DIRECTION('',(4.213141150278E-4,-6.756074505272E-1,-7.372614158401E-1));
#1295=VECTOR('',#1294,6.755680406858E-1);
#1296=CARTESIAN_POINT('',(-6.748528135049E1,5.098507661179E0,
4.460773936071E-1));
#1297=LINE('',#1296,#1295);
#1298=CARTESIAN_POINT('',(-6.748528135049E1,5.098507661179E0,
4.460773936071E-1));
#1299=CARTESIAN_POINT('',(-6.696130395736E1,5.098970717745E0,
4.461179058071E-1));
#1300=CARTESIAN_POINT('',(-6.591365794529E1,5.102763365622E0,
3.078749186911E-1));
#1301=CARTESIAN_POINT('',(-6.444961989470E1,5.107480886090E0,
-3.008741965918E-1));
#1302=CARTESIAN_POINT('',(-6.361255626041E1,5.108676924632E0,
-9.458021654722E-1));
#1303=CARTESIAN_POINT('',(-6.324264621866E1,5.111265356769E0,
-1.316898742792E0));
#1305=DIRECTION('',(-5.162181868965E-1,-6.849736489790E-1,-5.141302205879E-1));
#1306=VECTOR('',#1305,6.849549688864E-1);
#1307=CARTESIAN_POINT('',(-6.324264621866E1,5.111265356769E0,
-1.316898742792E0));
#1308=LINE('',#1307,#1306);
#1309=CARTESIAN_POINT('',(-6.359623243081E1,4.642089252344E0,
-1.669054792038E0));
#1310=CARTESIAN_POINT('',(-6.394281256548E1,4.642089252344E0,
-1.321524613449E0));
#1311=CARTESIAN_POINT('',(-6.469939732302E1,4.642095086615E0,
-7.434501328659E-1));
#1312=CARTESIAN_POINT('',(-6.605087328470E1,4.642095322289E0,
-1.814047807648E-1));
#1313=CARTESIAN_POINT('',(-6.699423118836E1,4.642088859554E0,
-5.268795377769E-2));
#1314=CARTESIAN_POINT('',(-6.748499672414E1,4.642088859554E0,
-5.199285656526E-2));
#1316=DIRECTION('',(-5.164980403376E-1,-6.849878564746E-1,-5.138301380901E-1));
#1317=VECTOR('',#1316,6.849459570689E-1);
#1318=CARTESIAN_POINT('',(-6.175734444363E1,5.111267552925E0,
-2.807833107054E0));
#1319=LINE('',#1318,#1317);
#1320=CARTESIAN_POINT('',(-6.175734444363E1,5.111267552925E0,
-2.807833107054E0));
#1321=CARTESIAN_POINT('',(-6.138757744784E1,5.108549985196E0,
-3.179250296247E0));
#1322=CARTESIAN_POINT('',(-6.055084744883E1,5.100571486620E0,
-3.824858843922E0));
#1323=CARTESIAN_POINT('',(-5.908669717366E1,5.096591607991E0,
-4.434578824810E0));
#1324=CARTESIAN_POINT('',(-5.803884848474E1,5.097955857021E0,
-4.573095705032E0));
#1325=CARTESIAN_POINT('',(-5.751471869676E1,5.098495113295E0,
-4.573048526221E0));
#1327=DIRECTION('',(1.072198879919E-4,-6.755912164175E-1,-7.372764046159E-1));
#1328=VECTOR('',#1327,6.755664277413E-1);
#1329=CARTESIAN_POINT('',(-5.751471869676E1,5.098495113295E0,
-4.573048526221E0));
#1330=LINE('',#1329,#1328);
#1331=CARTESIAN_POINT('',(-5.751464626261E1,4.642088368607E0,
-5.071127713146E0));
#1332=CARTESIAN_POINT('',(-5.809478826131E1,4.642088368607E0,
-5.070549378381E0));
#1333=CARTESIAN_POINT('',(-5.920983025680E1,4.642095369750E0,
-4.918497710136E0));
#1334=CARTESIAN_POINT('',(-6.080734164887E1,4.642095656919E0,
-4.254140797243E0));
#1335=CARTESIAN_POINT('',(-6.170157732676E1,4.642087889992E0,
-3.570785328707E0));
#1336=CARTESIAN_POINT('',(-6.211111768819E1,4.642087889992E0,
-3.159778982759E0));
#1338=DIRECTION('',(1.E0,1.446863314276E-7,-1.229408883700E-9));
#1339=VECTOR('',#1338,1.150294374204E2);
#1340=CARTESIAN_POINT('',(-5.751471869676E1,5.098495113295E0,
-4.573048526221E0));
#1341=LINE('',#1340,#1339);
#1342=DIRECTION('',(5.042823597630E-4,-6.755760123879E-1,-7.372901716321E-1));
#1343=VECTOR('',#1342,6.756092290834E-1);
#1344=CARTESIAN_POINT('',(5.751471872364E1,5.098511756483E0,-4.573048667640E0));
#1345=LINE('',#1344,#1343);
#1346=CARTESIAN_POINT('',(5.751471872364E1,5.098511756483E0,-4.573048667640E0));
#1347=CARTESIAN_POINT('',(5.803885320368E1,5.097885082656E0,-4.573103494495E0));
#1348=CARTESIAN_POINT('',(5.908670708094E1,5.096467867960E0,-4.434584226503E0));
#1349=CARTESIAN_POINT('',(6.055081845315E1,5.100457500358E0,-3.824881970435E0));
#1350=CARTESIAN_POINT('',(6.138757169316E1,5.108477350403E0,-3.179268314425E0));
#1351=CARTESIAN_POINT('',(6.175734637044E1,5.111288185971E0,-2.807835210655E0));
#1353=DIRECTION('',(5.160826581572E-1,-6.849720865502E-1,-5.142683449294E-1));
#1354=VECTOR('',#1353,6.849896649108E-1);
#1355=CARTESIAN_POINT('',(6.175734637044E1,5.111288185971E0,-2.807835210655E0));
#1356=LINE('',#1355,#1354);
#1357=CARTESIAN_POINT('',(6.211085765751E1,4.642089385932E0,-3.160103711923E0));
#1358=CARTESIAN_POINT('',(6.170134636442E1,4.642089385932E0,-3.570910274172E0));
#1359=CARTESIAN_POINT('',(6.080715266216E1,4.642094692009E0,-4.254058240777E0));
#1360=CARTESIAN_POINT('',(5.920995724160E1,4.642096503028E0,-4.918285450016E0));
#1361=CARTESIAN_POINT('',(5.809506173946E1,4.642086367566E0,-5.070473455226E0));
#1362=CARTESIAN_POINT('',(5.751505942146E1,4.642086367566E0,-5.071168712107E0));
#1364=CARTESIAN_POINT('',(1.527590025282E2,6.007421447804E0,-7.440199797597E1));
#1365=CARTESIAN_POINT('',(1.527590025282E2,6.040931020901E0,-7.478501414911E1));
#1366=CARTESIAN_POINT('',(1.528984541578E2,6.113322366269E0,-7.561245101293E1));
#1367=CARTESIAN_POINT('',(1.536400499539E2,6.214484100247E0,-7.676873492335E1));
#1368=CARTESIAN_POINT('',(1.548067789627E2,6.279614551060E0,-7.751317938264E1));
#1369=CARTESIAN_POINT('',(1.560090025282E2,6.297832130865E0,-7.772140727264E1));
#1370=CARTESIAN_POINT('',(1.572112260937E2,6.279614551060E0,-7.751317938264E1));
#1371=CARTESIAN_POINT('',(1.583779551025E2,6.214484100247E0,-7.676873492335E1));
#1372=CARTESIAN_POINT('',(1.591195508986E2,6.113322366269E0,-7.561245101293E1));
#1373=CARTESIAN_POINT('',(1.592590025282E2,6.040931020901E0,-7.478501414911E1));
#1374=CARTESIAN_POINT('',(1.592590025282E2,6.007421447804E0,-7.440199797597E1));
#1376=CARTESIAN_POINT('',(1.592590025282E2,5.045046149019E0,-6.340199797597E1));
#1377=CARTESIAN_POINT('',(1.592590025282E2,5.011536575922E0,-6.301898180283E1));
#1378=CARTESIAN_POINT('',(1.591195508986E2,4.939145230554E0,-6.219154493901E1));
#1379=CARTESIAN_POINT('',(1.583779551025E2,4.837983496575E0,-6.103526102859E1));
#1380=CARTESIAN_POINT('',(1.572112260937E2,4.772853045763E0,-6.029081656930E1));
#1381=CARTESIAN_POINT('',(1.560090025282E2,4.754635465958E0,-6.008258867930E1));
#1382=CARTESIAN_POINT('',(1.548067789627E2,4.772853045763E0,-6.029081656930E1));
#1383=CARTESIAN_POINT('',(1.536400499539E2,4.837983496575E0,-6.103526102859E1));
#1384=CARTESIAN_POINT('',(1.528984541578E2,4.939145230554E0,-6.219154493901E1));
#1385=CARTESIAN_POINT('',(1.527590025282E2,5.011536575922E0,-6.301898180283E1));
#1386=CARTESIAN_POINT('',(1.527590025282E2,5.045046149019E0,-6.340199797597E1));
#1388=DIRECTION('',(1.E0,0.E0,0.E0));
#1389=VECTOR('',#1388,3.195000105023E2);
#1390=CARTESIAN_POINT('',(-1.597500061212E2,6.430784201549E0,
-7.924105637369E1));
#1391=LINE('',#1390,#1389);
#1392=DIRECTION('',(2.165764922375E-7,7.660444480460E-1,-6.427876038148E-1));
#1393=VECTOR('',#1392,7.071067862539E-1);
#1394=CARTESIAN_POINT('',(1.597500043811E2,6.430784201550E0,-7.924105637369E1));
#1395=LINE('',#1394,#1393);
#1396=CARTESIAN_POINT('',(-1.597500061820E2,1.319867628288E1,
-7.915085245517E1));
#1397=DIRECTION('',(0.E0,-8.715574274765E-2,9.961946980917E-1));
#1398=DIRECTION('',(-4.628713213609E-8,9.961946980917E-1,8.715574274765E-2));
#1399=AXIS2_PLACEMENT_3D('',#1396,#1397,#1398);
#1401=CARTESIAN_POINT('',(-1.597500061820E2,1.319867628288E1,
-7.915085245517E1));
#1402=DIRECTION('',(0.E0,-8.715574274765E-2,9.961946980917E-1));
#1403=DIRECTION('',(-1.E0,-1.907096702782E-13,-1.591615728104E-14));
#1404=AXIS2_PLACEMENT_3D('',#1401,#1402,#1403);
#1406=DIRECTION('',(1.E0,0.E0,0.E0));
#1407=VECTOR('',#1406,3.195000107514E2);
#1408=CARTESIAN_POINT('',(-1.597500062171E2,6.972459429335E0,
-7.969557585047E1));
#1409=LINE('',#1408,#1407);
#1410=CARTESIAN_POINT('',(1.597500044418E2,1.319867628288E1,-7.915085245517E1));
#1411=DIRECTION('',(0.E0,-8.715574274765E-2,9.961946980917E-1));
#1412=DIRECTION('',(4.787259513254E-8,-9.961946980917E-1,-8.715574274765E-2));
#1413=AXIS2_PLACEMENT_3D('',#1410,#1411,#1412);
#1415=CARTESIAN_POINT('',(1.597500044418E2,1.319867628288E1,-7.915085245517E1));
#1416=DIRECTION('',(0.E0,-8.715574274765E-2,9.961946980917E-1));
#1417=DIRECTION('',(1.E0,-2.086153472193E-13,-1.818989403547E-14));
#1418=AXIS2_PLACEMENT_3D('',#1415,#1416,#1417);
#1420=DIRECTION('',(-1.E0,0.E0,0.E0));
#1421=VECTOR('',#1420,3.195000106876E2);
#1422=CARTESIAN_POINT('',(1.597500044396E2,1.942489313740E1,-7.860612906758E1));
#1423=LINE('',#1422,#1421);
#1424=DIRECTION('',(0.E0,-1.E0,0.E0));
#1425=VECTOR('',#1424,1.634672219522E0);
#1426=CARTESIAN_POINT('',(1.592590025282E2,7.642093667326E0,-7.440199797597E1));
#1427=LINE('',#1426,#1425);
#1428=DIRECTION('',(0.E0,1.E0,0.E0));
#1429=VECTOR('',#1428,1.634672219522E0);
#1430=CARTESIAN_POINT('',(1.527590025282E2,6.007421447804E0,-7.440199797597E1));
#1431=LINE('',#1430,#1429);
#1432=DIRECTION('',(0.E0,8.715574274765E-2,-9.961946980917E-1));
#1433=VECTOR('',#1432,1.104201821298E1);
#1434=CARTESIAN_POINT('',(1.592590025282E2,5.045046149019E0,-6.340199797597E1));
#1435=LINE('',#1434,#1433);
#1436=DIRECTION('',(0.E0,0.E0,1.E0));
#1437=VECTOR('',#1436,1.1E1);
#1438=CARTESIAN_POINT('',(1.592590025282E2,7.642093667326E0,-7.440199797597E1));
#1439=LINE('',#1438,#1437);
#1440=DIRECTION('',(0.E0,-1.E0,0.E0));
#1441=VECTOR('',#1440,2.597047518307E0);
#1442=CARTESIAN_POINT('',(1.527590025282E2,7.642093667326E0,-6.340199797597E1));
#1443=LINE('',#1442,#1441);
#1444=DIRECTION('',(0.E0,1.E0,0.E0));
#1445=VECTOR('',#1444,2.597047518307E0);
#1446=CARTESIAN_POINT('',(1.592590025282E2,5.045046149019E0,-6.340199797597E1));
#1447=LINE('',#1446,#1445);
#1448=DIRECTION('',(0.E0,-8.715574274765E-2,9.961946980917E-1));
#1449=VECTOR('',#1448,1.104201821298E1);
#1450=CARTESIAN_POINT('',(1.527590025282E2,6.007421447804E0,-7.440199797597E1));
#1451=LINE('',#1450,#1449);
#1452=DIRECTION('',(0.E0,0.E0,-1.E0));
#1453=VECTOR('',#1452,1.1E1);
#1454=CARTESIAN_POINT('',(1.527590025282E2,7.642093667326E0,-6.340199797597E1));
#1455=LINE('',#1454,#1453);
#1456=CARTESIAN_POINT('',(1.560090025282E2,7.642093667326E0,-6.340199797597E1));
#1457=DIRECTION('',(0.E0,1.E0,0.E0));
#1458=DIRECTION('',(-1.E0,0.E0,0.E0));
#1459=AXIS2_PLACEMENT_3D('',#1456,#1457,#1458);
#1461=CARTESIAN_POINT('',(1.560090025282E2,7.642093667326E0,-7.440199797597E1));
#1462=DIRECTION('',(0.E0,1.E0,0.E0));
#1463=DIRECTION('',(1.E0,0.E0,0.E0));
#1464=AXIS2_PLACEMENT_3D('',#1461,#1462,#1463);
#1466=DIRECTION('',(0.E0,-1.E0,0.E0));
#1467=VECTOR('',#1466,2.597047518307E0);
#1468=CARTESIAN_POINT('',(-1.592590025282E2,7.642093667326E0,
-6.340199797597E1));
#1469=LINE('',#1468,#1467);
#1470=CARTESIAN_POINT('',(-1.592590025282E2,5.045046149019E0,
-6.340199797597E1));
#1471=CARTESIAN_POINT('',(-1.592590025282E2,5.011536575922E0,
-6.301898180283E1));
#1472=CARTESIAN_POINT('',(-1.591195508986E2,4.939145230554E0,
-6.219154493901E1));
#1473=CARTESIAN_POINT('',(-1.583779551025E2,4.837983496575E0,
-6.103526102859E1));
#1474=CARTESIAN_POINT('',(-1.572112260937E2,4.772853045763E0,
-6.029081656930E1));
#1475=CARTESIAN_POINT('',(-1.560090025282E2,4.754635465958E0,
-6.008258867930E1));
#1476=CARTESIAN_POINT('',(-1.548067789627E2,4.772853045763E0,
-6.029081656930E1));
#1477=CARTESIAN_POINT('',(-1.536400499539E2,4.837983496575E0,
-6.103526102859E1));
#1478=CARTESIAN_POINT('',(-1.528984541578E2,4.939145230554E0,
-6.219154493901E1));
#1479=CARTESIAN_POINT('',(-1.527590025282E2,5.011536575922E0,
-6.301898180283E1));
#1480=CARTESIAN_POINT('',(-1.527590025282E2,5.045046149019E0,
-6.340199797597E1));
#1482=DIRECTION('',(0.E0,1.E0,0.E0));
#1483=VECTOR('',#1482,2.597047518307E0);
#1484=CARTESIAN_POINT('',(-1.527590025282E2,5.045046149019E0,
-6.340199797597E1));
#1485=LINE('',#1484,#1483);
#1486=DIRECTION('',(0.E0,-8.715574274765E-2,9.961946980917E-1));
#1487=VECTOR('',#1486,1.104201821298E1);
#1488=CARTESIAN_POINT('',(-1.592590025282E2,6.007421447804E0,
-7.440199797597E1));
#1489=LINE('',#1488,#1487);
#1490=DIRECTION('',(0.E0,-1.E0,0.E0));
#1491=VECTOR('',#1490,1.634672219522E0);
#1492=CARTESIAN_POINT('',(-1.527590025282E2,7.642093667326E0,
-7.440199797597E1));
#1493=LINE('',#1492,#1491);
#1494=CARTESIAN_POINT('',(-1.527590025282E2,6.007421447804E0,
-7.440199797597E1));
#1495=CARTESIAN_POINT('',(-1.527590025282E2,6.040931020901E0,
-7.478501414911E1));
#1496=CARTESIAN_POINT('',(-1.528984541578E2,6.113322366269E0,
-7.561245101293E1));
#1497=CARTESIAN_POINT('',(-1.536400499539E2,6.214484100247E0,
-7.676873492335E1));
#1498=CARTESIAN_POINT('',(-1.548067789627E2,6.279614551060E0,
-7.751317938264E1));
#1499=CARTESIAN_POINT('',(-1.560090025282E2,6.297832130865E0,
-7.772140727264E1));
#1500=CARTESIAN_POINT('',(-1.572112260937E2,6.279614551060E0,
-7.751317938264E1));
#1501=CARTESIAN_POINT('',(-1.583779551025E2,6.214484100247E0,
-7.676873492335E1));
#1502=CARTESIAN_POINT('',(-1.591195508986E2,6.113322366269E0,
-7.561245101293E1));
#1503=CARTESIAN_POINT('',(-1.592590025282E2,6.040931020901E0,
-7.478501414911E1));
#1504=CARTESIAN_POINT('',(-1.592590025282E2,6.007421447804E0,
-7.440199797597E1));
#1506=DIRECTION('',(0.E0,1.E0,0.E0));
#1507=VECTOR('',#1506,1.634672219522E0);
#1508=CARTESIAN_POINT('',(-1.592590025282E2,6.007421447804E0,
-7.440199797597E1));
#1509=LINE('',#1508,#1507);
#1510=DIRECTION('',(0.E0,8.715574274765E-2,-9.961946980917E-1));
#1511=VECTOR('',#1510,1.104201821298E1);
#1512=CARTESIAN_POINT('',(-1.527590025282E2,5.045046149019E0,
-6.340199797597E1));
#1513=LINE('',#1512,#1511);
#1514=CARTESIAN_POINT('',(-1.560090025282E2,7.642093667326E0,
-7.440199797597E1));
#1515=DIRECTION('',(0.E0,1.E0,0.E0));
#1516=DIRECTION('',(1.E0,0.E0,0.E0));
#1517=AXIS2_PLACEMENT_3D('',#1514,#1515,#1516);
#1519=DIRECTION('',(0.E0,0.E0,1.E0));
#1520=VECTOR('',#1519,1.1E1);
#1521=CARTESIAN_POINT('',(-1.592590025282E2,7.642093667326E0,
-7.440199797597E1));
#1522=LINE('',#1521,#1520);
#1523=CARTESIAN_POINT('',(-1.560090025282E2,7.642093667326E0,
-6.340199797597E1));
#1524=DIRECTION('',(0.E0,1.E0,0.E0));
#1525=DIRECTION('',(-1.E0,0.E0,0.E0));
#1526=AXIS2_PLACEMENT_3D('',#1523,#1524,#1525);
#1528=DIRECTION('',(0.E0,0.E0,-1.E0));
#1529=VECTOR('',#1528,1.1E1);
#1530=CARTESIAN_POINT('',(-1.527590025282E2,7.642093667326E0,
-6.340199797597E1));
#1531=LINE('',#1530,#1529);
#1532=DIRECTION('',(0.E0,-1.E0,0.E0));
#1533=VECTOR('',#1532,1.E0);
#1534=CARTESIAN_POINT('',(1.560090025282E2,5.642093667326E0,-1.260192040094E0));
#1535=LINE('',#1534,#1533);
#1536=DIRECTION('',(0.E0,1.E0,0.E0));
#1537=VECTOR('',#1536,1.E0);
#1538=CARTESIAN_POINT('',(1.560090025282E2,4.642093667326E0,-7.760192040094E0));
#1539=LINE('',#1538,#1537);
#1540=DIRECTION('',(1.E0,0.E0,0.E0));
#1541=VECTOR('',#1540,1.1E1);
#1542=CARTESIAN_POINT('',(1.450090025282E2,4.642093667326E0,-1.260192040094E0));
#1543=LINE('',#1542,#1541);
#1544=DIRECTION('',(-1.E0,0.E0,0.E0));
#1545=VECTOR('',#1544,1.1E1);
#1546=CARTESIAN_POINT('',(1.560090025282E2,5.642093667326E0,-7.760192040094E0));
#1547=LINE('',#1546,#1545);
#1548=CARTESIAN_POINT('',(1.450090025282E2,5.642093667326E0,-4.510192040094E0));
#1549=DIRECTION('',(0.E0,1.E0,0.E0));
#1550=DIRECTION('',(0.E0,0.E0,-1.E0));
#1551=AXIS2_PLACEMENT_3D('',#1548,#1549,#1550);
#1553=CARTESIAN_POINT('',(1.450090025282E2,5.642093667326E0,-4.510192040094E0));
#1554=DIRECTION('',(0.E0,1.E0,0.E0));
#1555=DIRECTION('',(-1.E0,0.E0,0.E0));
#1556=AXIS2_PLACEMENT_3D('',#1553,#1554,#1555);
#1558=DIRECTION('',(1.E0,0.E0,0.E0));
#1559=VECTOR('',#1558,1.1E1);
#1560=CARTESIAN_POINT('',(1.450090025282E2,5.642093667326E0,-1.260192040094E0));
#1561=LINE('',#1560,#1559);
#1562=CARTESIAN_POINT('',(1.560090025282E2,5.642093667326E0,-4.510192040094E0));
#1563=DIRECTION('',(0.E0,1.E0,0.E0));
#1564=DIRECTION('',(0.E0,0.E0,1.E0));
#1565=AXIS2_PLACEMENT_3D('',#1562,#1563,#1564);
#1567=CARTESIAN_POINT('',(1.475086269477E2,5.642079835804E0,-1.761495000437E0));
#1568=CARTESIAN_POINT('',(1.472868125042E2,5.642079835804E0,-1.761528424597E0));
#1569=CARTESIAN_POINT('',(1.468562071272E2,5.642100594386E0,-1.810662857712E0));
#1570=CARTESIAN_POINT('',(1.462304255544E2,5.642090169900E0,-2.029030184145E0));
#1571=CARTESIAN_POINT('',(1.458629693947E2,5.642097209947E0,-2.258937396360E0));
#1572=CARTESIAN_POINT('',(1.456892159004E2,5.642097209947E0,-2.396802918712E0));
#1574=CARTESIAN_POINT('',(1.447590052662E2,5.642093533462E0,-4.466502265686E0));
#1575=CARTESIAN_POINT('',(1.447590107698E2,5.642093533462E0,-4.803873343567E0));
#1576=CARTESIAN_POINT('',(1.448733197294E2,5.642093729309E0,-5.432141270700E0));
#1577=CARTESIAN_POINT('',(1.453699788658E2,5.642093651181E0,-6.289095392020E0));
#1578=CARTESIAN_POINT('',(1.460976453076E2,5.642093669922E0,-6.899235180151E0));
#1579=CARTESIAN_POINT('',(1.470132643238E2,5.642093673088E0,-7.239243836120E0));
#1580=CARTESIAN_POINT('',(1.479816951678E2,5.642093641682E0,-7.243041557029E0));
#1581=CARTESIAN_POINT('',(1.488990178780E2,5.642093764138E0,-6.911927575443E0));
#1582=CARTESIAN_POINT('',(1.496396930042E2,5.642093305720E0,-6.301232400546E0));
#1583=CARTESIAN_POINT('',(1.501433903363E2,5.642095016936E0,-5.437696338851E0));
#1584=CARTESIAN_POINT('',(1.502589970862E2,5.642090759306E0,-4.805811820850E0));
#1585=CARTESIAN_POINT('',(1.502589970862E2,5.642090759306E0,-4.466485283519E0));
#1587=CARTESIAN_POINT('',(1.493289212070E2,5.642102542326E0,-2.396918972312E0));
#1588=CARTESIAN_POINT('',(1.491551296958E2,5.642102542326E0,-2.259024155909E0));
#1589=CARTESIAN_POINT('',(1.487876612052E2,5.642087681456E0,-2.029078302705E0));
#1590=CARTESIAN_POINT('',(1.481613773847E2,5.642101305370E0,-1.810535378313E0));
#1591=CARTESIAN_POINT('',(1.477304016941E2,5.642079835804E0,-1.761461581634E0));
#1592=CARTESIAN_POINT('',(1.475086269477E2,5.642079835804E0,-1.761495000437E0));
#1594=DIRECTION('',(-1.E0,0.E0,0.E0));
#1595=VECTOR('',#1594,1.1E1);
#1596=CARTESIAN_POINT('',(1.560090025282E2,4.642093667326E0,-7.760192040094E0));
#1597=LINE('',#1596,#1595);
#1598=DIRECTION('',(0.E0,1.E0,0.E0));
#1599=VECTOR('',#1598,1.E0);
#1600=CARTESIAN_POINT('',(1.450090025282E2,4.642093667326E0,-1.260192040094E0));
#1601=LINE('',#1600,#1599);
#1602=DIRECTION('',(0.E0,-1.E0,0.E0));
#1603=VECTOR('',#1602,1.E0);
#1604=CARTESIAN_POINT('',(1.450090025282E2,5.642093667326E0,-7.760192040094E0));
#1605=LINE('',#1604,#1603);
#1606=CARTESIAN_POINT('',(1.475090025282E2,5.821795634708E0,-4.450725823372E0));
#1607=DIRECTION('',(0.E0,9.961946980917E-1,8.715574274765E-2));
#1608=DIRECTION('',(-9.999999998659E-1,1.427205215262E-6,-1.631303025753E-5));
#1609=AXIS2_PLACEMENT_3D('',#1606,#1607,#1608);
#1611=CARTESIAN_POINT('',(1.475090025282E2,6.967419537514E0,-4.350496719212E0));
#1612=DIRECTION('',(0.E0,-9.961946980917E-1,-8.715574274765E-2));
#1613=DIRECTION('',(5.680127035390E-6,-8.715574274625E-2,9.961946980757E-1));
#1614=AXIS2_PLACEMENT_3D('',#1611,#1612,#1613);
#1616=CARTESIAN_POINT('',(1.475090025282E2,6.967419537514E0,-4.350496719212E0));
#1617=DIRECTION('',(0.E0,-9.961946980917E-1,-8.715574274765E-2));
#1618=DIRECTION('',(-1.E0,-3.051353614225E-10,3.487713451378E-9));
#1619=AXIS2_PLACEMENT_3D('',#1616,#1617,#1618);
#1621=DIRECTION('',(7.071067811865E-1,-7.044160268603E-1,-6.162841148751E-2));
#1622=VECTOR('',#1621,1.626345596729E0);
#1623=CARTESIAN_POINT('',(1.491090025282E2,6.967419536479E0,-4.350496707381E0));
#1624=LINE('',#1623,#1622);
#1625=CARTESIAN_POINT('',(1.475090025282E2,5.821795634708E0,-4.450725823372E0));
#1626=DIRECTION('',(0.E0,9.961946980917E-1,8.715574274765E-2));
#1627=DIRECTION('',(1.E0,0.E0,2.809873545960E-14));
#1628=AXIS2_PLACEMENT_3D('',#1625,#1626,#1627);
#1630=DIRECTION('',(7.071067810619E-1,7.044148196048E-1,6.164221035391E-2));
#1631=VECTOR('',#1630,1.626345596755E0);
#1632=CARTESIAN_POINT('',(1.447590025284E2,5.821797597117E0,-4.450748253805E0));
#1633=LINE('',#1632,#1631);
#1634=DIRECTION('',(4.357928611743E-12,-9.961946970511E-1,-8.715575464190E-2));
#1635=VECTOR('',#1634,2.282643702294E-1);
#1636=CARTESIAN_POINT('',(1.459090025282E2,7.194815292418E0,-4.330602162977E0));
#1637=LINE('',#1636,#1635);
#1638=DIRECTION('',(-4.357928611743E-12,9.961947033106E-1,8.715568309623E-2));
#1639=VECTOR('',#1638,2.282643702294E-1);
#1640=CARTESIAN_POINT('',(1.491090025282E2,6.967419536479E0,-4.350496707381E0));
#1641=LINE('',#1640,#1639);
#1642=DIRECTION('',(-2.759825059712E-4,-7.660412616510E-1,6.427913419468E-1));
#1643=VECTOR('',#1642,1.548076549891E0);
#1644=CARTESIAN_POINT('',(1.475090541897E2,6.827970349215E0,-2.756585203378E0));
#1645=LINE('',#1644,#1643);
#1646=CARTESIAN_POINT('',(1.475090025282E2,5.821795634709E0,-4.450725823372E0));
#1647=DIRECTION('',(0.E0,9.961946980917E-1,8.715574274765E-2));
#1648=DIRECTION('',(6.617831404615E-1,-6.534025257524E-2,7.468425044106E-1));
#1649=AXIS2_PLACEMENT_3D('',#1646,#1647,#1648);
#1651=CARTESIAN_POINT('',(1.475090025282E2,6.967419537514E0,-4.350496719212E0));
#1652=DIRECTION('',(0.E0,-9.961946980917E-1,-8.715574274765E-2));
#1653=DIRECTION('',(1.E0,0.E0,4.829470157119E-14));
#1654=AXIS2_PLACEMENT_3D('',#1651,#1652,#1653);
#1656=CARTESIAN_POINT('',(1.493289212070E2,5.642102542326E0,-2.396918972312E0));
#1657=CARTESIAN_POINT('',(1.495279106592E2,5.642102542326E0,-2.573245123862E0));
#1658=CARTESIAN_POINT('',(1.498600192678E2,5.642089137923E0,-2.965145596808E0));
#1659=CARTESIAN_POINT('',(1.501858099620E2,5.642096207735E0,-3.689558973581E0));
#1660=CARTESIAN_POINT('',(1.502589970862E2,5.642090759306E0,-4.199407190754E0));
#1661=CARTESIAN_POINT('',(1.502589970862E2,5.642090759306E0,-4.466485283519E0));
#1663=DIRECTION('',(3.016699517081E-5,9.961767040727E-1,8.736116616018E-2));
#1664=VECTOR('',#1663,1.803945754693E-1);
#1665=CARTESIAN_POINT('',(1.502589970862E2,5.642090759306E0,-4.466485283519E0));
#1666=LINE('',#1665,#1664);
#1667=DIRECTION('',(-1.517716537010E-5,9.961793079191E-1,8.733147338483E-2));
#1668=VECTOR('',#1667,1.803932908721E-1);
#1669=CARTESIAN_POINT('',(1.447590052662E2,5.642093533462E0,-4.466502265686E0));
#1670=LINE('',#1669,#1668);
#1671=CARTESIAN_POINT('',(1.447590052662E2,5.642093533462E0,-4.466502265686E0));
#1672=CARTESIAN_POINT('',(1.447590009096E2,5.642093533462E0,-4.199439988687E0));
#1673=CARTESIAN_POINT('',(1.448321796698E2,5.642094202145E0,-3.689527058799E0));
#1674=CARTESIAN_POINT('',(1.451581393272E2,5.642091996255E0,-2.964899185690E0));
#1675=CARTESIAN_POINT('',(1.454902134791E2,5.642097209947E0,-2.573103550642E0));
#1676=CARTESIAN_POINT('',(1.456892159004E2,5.642097209947E0,-2.396802918712E0));
#1678=DIRECTION('',(0.E0,-1.E0,0.E0));
#1679=VECTOR('',#1678,1.E0);
#1680=CARTESIAN_POINT('',(-1.450090025282E2,5.642093667326E0,
-1.260192040094E0));
#1681=LINE('',#1680,#1679);
#1682=DIRECTION('',(0.E0,1.E0,0.E0));
#1683=VECTOR('',#1682,1.E0);
#1684=CARTESIAN_POINT('',(-1.450090025282E2,4.642093667326E0,
-7.760192040094E0));
#1685=LINE('',#1684,#1683);
#1686=CARTESIAN_POINT('',(-1.450090025282E2,5.642093667326E0,
-4.510192040094E0));
#1687=DIRECTION('',(0.E0,1.E0,0.E0));
#1688=DIRECTION('',(0.E0,0.E0,1.E0));
#1689=AXIS2_PLACEMENT_3D('',#1686,#1687,#1688);
#1691=CARTESIAN_POINT('',(-1.450090025282E2,5.642093667326E0,
-4.510192040094E0));
#1692=DIRECTION('',(0.E0,1.E0,0.E0));
#1693=DIRECTION('',(1.E0,0.E0,0.E0));
#1694=AXIS2_PLACEMENT_3D('',#1691,#1692,#1693);
#1696=CARTESIAN_POINT('',(-1.560090025282E2,5.642093667326E0,
-4.510192040094E0));
#1697=DIRECTION('',(0.E0,1.E0,0.E0));
#1698=DIRECTION('',(0.E0,0.E0,-1.E0));
#1699=AXIS2_PLACEMENT_3D('',#1696,#1697,#1698);
#1701=CARTESIAN_POINT('',(-1.493288292742E2,5.642097581238E0,
-2.396837469316E0));
#1702=CARTESIAN_POINT('',(-1.495282586707E2,5.642097581238E0,
-2.573538186710E0));
#1703=CARTESIAN_POINT('',(-1.498606597347E2,5.642090721582E0,
-2.966270070630E0));
#1704=CARTESIAN_POINT('',(-1.501864116938E2,5.642098106563E0,
-3.691043448777E0));
#1705=CARTESIAN_POINT('',(-1.502589904966E2,5.642085272936E0,
-4.200018897690E0));
#1706=CARTESIAN_POINT('',(-1.502589904966E2,5.642085272936E0,
-4.466548432665E0));
#1708=CARTESIAN_POINT('',(-1.502589904966E2,5.642085272936E0,
-4.466548432665E0));
#1709=CARTESIAN_POINT('',(-1.502589904966E2,5.642085272936E0,
-4.800602950205E0));
#1710=CARTESIAN_POINT('',(-1.501475678599E2,5.642097561211E0,
-5.424467763004E0));
#1711=CARTESIAN_POINT('',(-1.496501885023E2,5.642092630312E0,
-6.286605797202E0));
#1712=CARTESIAN_POINT('',(-1.489272915623E2,5.642093921496E0,
-6.894840751840E0));
#1713=CARTESIAN_POINT('',(-1.480098412156E2,5.642093687659E0,
-7.238759341721E0));
#1714=CARTESIAN_POINT('',(-1.470396579866E2,5.642093331822E0,
-7.243815439190E0));
#1715=CARTESIAN_POINT('',(-1.461215543356E2,5.642094989008E0,
-6.913012865077E0));
#1716=CARTESIAN_POINT('',(-1.453799942685E2,5.642088716104E0,
-6.304689474611E0));
#1717=CARTESIAN_POINT('',(-1.448710956542E2,5.642112150534E0,
-5.429682676592E0));
#1718=CARTESIAN_POINT('',(-1.447590260546E2,5.642053840656E0,
-4.802459072712E0));
#1719=CARTESIAN_POINT('',(-1.447590043148E2,5.642053840656E0,
-4.466710323863E0));
#1721=CARTESIAN_POINT('',(-1.447590043148E2,5.642053840656E0,
-4.466710323863E0));
#1722=CARTESIAN_POINT('',(-1.447589733839E2,5.642053840656E0,
-4.200240303895E0));
#1723=CARTESIAN_POINT('',(-1.448316659073E2,5.642111814968E0,
-3.691059518266E0));
#1724=CARTESIAN_POINT('',(-1.451575817619E2,5.642089890583E0,
-2.966071107375E0));
#1725=CARTESIAN_POINT('',(-1.454899172702E2,5.642090381299E0,
-2.573348686085E0));
#1726=CARTESIAN_POINT('',(-1.456893117777E2,5.642090381299E0,
-2.396703996680E0));
#1728=DIRECTION('',(-1.E0,0.E0,0.E0));
#1729=VECTOR('',#1728,1.1E1);
#1730=CARTESIAN_POINT('',(-1.450090025282E2,5.642093667326E0,
-1.260192040094E0));
#1731=LINE('',#1730,#1729);
#1732=DIRECTION('',(0.E0,-1.E0,0.E0));
#1733=VECTOR('',#1732,1.E0);
#1734=CARTESIAN_POINT('',(-1.560090025282E2,5.642093667326E0,
-7.760192040094E0));
#1735=LINE('',#1734,#1733);
#1736=DIRECTION('',(0.E0,1.E0,0.E0));
#1737=VECTOR('',#1736,1.E0);
#1738=CARTESIAN_POINT('',(-1.560090025282E2,4.642093667326E0,
-1.260192040094E0));
#1739=LINE('',#1738,#1737);
#1740=DIRECTION('',(1.E0,0.E0,0.E0));
#1741=VECTOR('',#1740,1.1E1);
#1742=CARTESIAN_POINT('',(-1.560090025282E2,5.642093667326E0,
-7.760192040094E0));
#1743=LINE('',#1742,#1741);
#1744=CARTESIAN_POINT('',(-1.475090025282E2,5.821795634709E0,
-4.450725823372E0));
#1745=DIRECTION('',(0.E0,9.961946980917E-1,8.715574274765E-2));
#1746=DIRECTION('',(-1.E0,0.E0,2.809873545961E-14));
#1747=AXIS2_PLACEMENT_3D('',#1744,#1745,#1746);
#1749=CARTESIAN_POINT('',(-1.493288292742E2,5.642097581238E0,
-2.396837469316E0));
#1750=CARTESIAN_POINT('',(-1.491543376696E2,5.642097581238E0,
-2.258400733124E0));
#1751=CARTESIAN_POINT('',(-1.487857551848E2,5.642091101638E0,
-2.028048045307E0));
#1752=CARTESIAN_POINT('',(-1.481594207414E2,5.642096776366E0,
-1.809945126073E0));
#1753=CARTESIAN_POINT('',(-1.477296369825E2,5.642088123357E0,
-1.761480218104E0));
#1754=CARTESIAN_POINT('',(-1.475086249808E2,5.642088123357E0,
-1.761508801681E0));
#1756=CARTESIAN_POINT('',(-1.475090025282E2,6.967419537514E0,
-4.350496719212E0));
#1757=DIRECTION('',(0.E0,-9.961946980917E-1,-8.715574274765E-2));
#1758=DIRECTION('',(-5.682226831283E-6,-8.715574274625E-2,9.961946980757E-1));
#1759=AXIS2_PLACEMENT_3D('',#1756,#1757,#1758);
#1761=DIRECTION('',(-7.071067811866E-1,-7.044160264027E-1,-6.162841671622E-2));
#1762=VECTOR('',#1761,1.626345596728E0);
#1763=CARTESIAN_POINT('',(-1.491090025282E2,6.967419537514E0,
-4.350496719212E0));
#1764=LINE('',#1763,#1762);
#1765=DIRECTION('',(6.669219812107E-5,-9.961464217108E-1,-8.770576984947E-2));
#1766=VECTOR('',#1765,1.804055687556E-1);
#1767=CARTESIAN_POINT('',(-1.502590025282E2,5.821795634709E0,
-4.450725823372E0));
#1768=LINE('',#1767,#1766);
#1769=DIRECTION('',(-9.891820544840E-6,-9.961010374099E-1,-8.821974366910E-2));
#1770=VECTOR('',#1769,1.804510662184E-1);
#1771=CARTESIAN_POINT('',(-1.447590025298E2,5.821801334918E0,
-4.450790977056E0));
#1772=LINE('',#1771,#1770);
#1773=CARTESIAN_POINT('',(-1.475090025282E2,5.821795634709E0,
-4.450725823372E0));
#1774=DIRECTION('',(0.E0,9.961946980917E-1,8.715574274765E-2));
#1775=DIRECTION('',(9.999999978877E-1,5.664911156734E-6,-6.475023081332E-5));
#1776=AXIS2_PLACEMENT_3D('',#1773,#1774,#1775);
#1778=CARTESIAN_POINT('',(-1.475090025282E2,6.967419537514E0,
-4.350496719212E0));
#1779=DIRECTION('',(0.E0,-9.961946980917E-1,-8.715574274765E-2));
#1780=DIRECTION('',(-1.E0,0.E0,4.829470157120E-14));
#1781=AXIS2_PLACEMENT_3D('',#1778,#1779,#1780);
#1783=CARTESIAN_POINT('',(-1.475090025282E2,6.967419537514E0,
-4.350496719212E0));
#1784=DIRECTION('',(0.E0,-9.961946980917E-1,-8.715574274765E-2));
#1785=DIRECTION('',(1.E0,-3.327976783041E-10,3.803897752341E-9));
#1786=AXIS2_PLACEMENT_3D('',#1783,#1784,#1785);
#1788=DIRECTION('',(2.772570647319E-4,-7.660434392879E-1,6.427887462086E-1));
#1789=VECTOR('',#1788,1.548061330517E0);
#1790=CARTESIAN_POINT('',(-1.475090541917E2,6.827970349215E0,
-2.756585203378E0));
#1791=LINE('',#1790,#1789);
#1792=CARTESIAN_POINT('',(-1.475086249808E2,5.642088123357E0,
-1.761508801681E0));
#1793=CARTESIAN_POINT('',(-1.472877551609E2,5.642088123357E0,
-1.761537366870E0));
#1794=CARTESIAN_POINT('',(-1.468582267968E2,5.642095816374E0,
-1.810065470152E0));
#1795=CARTESIAN_POINT('',(-1.462323811064E2,5.642094461610E0,
-2.028019405541E0));
#1796=CARTESIAN_POINT('',(-1.458638065487E2,5.642090381299E0,
-2.258282230699E0));
#1797=CARTESIAN_POINT('',(-1.456893117777E2,5.642090381299E0,
-2.396703996680E0));
#1799=CARTESIAN_POINT('',(-1.475090025282E2,5.821795634709E0,
-4.450725823372E0));
#1800=DIRECTION('',(0.E0,9.961946980917E-1,8.715574274765E-2));
#1801=DIRECTION('',(6.616981110067E-1,-6.534679361309E-2,7.469172688154E-1));
#1802=AXIS2_PLACEMENT_3D('',#1799,#1800,#1801);
#1804=DIRECTION('',(-7.071067802536E-1,7.044128784732E-1,6.166439783661E-2));
#1805=VECTOR('',#1804,1.626345596704E0);
#1806=CARTESIAN_POINT('',(-1.447590025298E2,5.821801334918E0,
-4.450790977056E0));
#1807=LINE('',#1806,#1805);
#1808=DIRECTION('',(-4.357928611743E-12,-9.961946987759E-1,-8.715573492763E-2));
#1809=VECTOR('',#1808,2.282643702294E-1);
#1810=CARTESIAN_POINT('',(-1.491090025282E2,7.194815293056E0,
-4.330602170267E0));
#1811=LINE('',#1810,#1809);
#1812=DIRECTION('',(1.261309051946E-10,9.961921520156E-1,8.718483963729E-2));
#1813=VECTOR('',#1812,2.282643703267E-1);
#1814=CARTESIAN_POINT('',(-1.459090025282E2,6.967420118084E0,
-4.350503355161E0));
#1815=LINE('',#1814,#1813);
#1816=DIRECTION('',(-1.E0,4.989901531689E-9,6.023068355019E-9));
#1817=VECTOR('',#1816,9.483075637699E1);
#1818=CARTESIAN_POINT('',(-6.748528136661E1,1.245243373069E1,1.089446782849E0));
#1819=LINE('',#1818,#1817);
#1820=DIRECTION('',(-1.722614121389E-4,7.660409341613E-1,-6.427917683942E-1));
#1821=VECTOR('',#1820,7.074633851942E-1);
#1822=CARTESIAN_POINT('',(-1.623160377436E2,1.245243420389E1,1.089447354021E0));
#1823=LINE('',#1822,#1821);
#1824=DIRECTION('',(-1.788095035412E-7,-7.660444379887E-1,6.427876158005E-1));
#1825=VECTOR('',#1824,7.071067864066E-1);
#1826=CARTESIAN_POINT('',(-6.748528124018E1,1.299410895148E1,
6.349272974981E-1));
#1827=LINE('',#1826,#1825);
#1828=CARTESIAN_POINT('',(-6.748528137424E1,1.297536818263E1,
-4.887721404205E0));
#1829=DIRECTION('',(0.E0,-9.961946980917E-1,-8.715574274765E-2));
#1830=DIRECTION('',(7.071067776452E-1,-6.162841702486E-2,7.044160299306E-1));
#1831=AXIS2_PLACEMENT_3D('',#1828,#1829,#1830);
#1833=DIRECTION('',(4.565394490870E-9,9.961946981902E-1,8.715574162178E-2));
#1834=VECTOR('',#1833,1.670000004399E0);
#1835=CARTESIAN_POINT('',(-6.748528137424E1,1.078878858033E1,
9.438966939570E-1));
#1836=LINE('',#1835,#1834);
#1837=DIRECTION('',(-1.643946558094E-8,9.961946967967E-1,8.715575755007E-2));
#1838=VECTOR('',#1837,1.670000004353E0);
#1839=CARTESIAN_POINT('',(-6.324264069857E1,1.094195253552E1,
-8.067753247683E-1));
#1840=LINE('',#1839,#1838);
#1841=DIRECTION('',(1.E0,0.E0,0.E0));
#1842=VECTOR('',#1841,9.484471775567E1);
#1843=CARTESIAN_POINT('',(6.748528137424E1,1.078878858033E1,9.438966939570E-1));
#1844=LINE('',#1843,#1842);
#1845=DIRECTION('',(-1.E0,0.E0,0.E0));
#1846=VECTOR('',#1845,3.2466E2);
#1847=CARTESIAN_POINT('',(1.623299991299E2,1.157319026506E1,-8.021855588869E0));
#1848=LINE('',#1847,#1846);
#1849=CARTESIAN_POINT('',(-6.748528137424E1,1.131172303682E1,
-5.033271494593E0));
#1850=DIRECTION('',(0.E0,9.961946980917E-1,8.715574274765E-2));
#1851=DIRECTION('',(6.773840747580E-13,-8.715574274765E-2,9.961946980917E-1));
#1852=AXIS2_PLACEMENT_3D('',#1849,#1850,#1851);
#1854=DIRECTION('',(7.071067811869E-1,6.162841671482E-2,-7.044160264025E-1));
#1855=VECTOR('',#1854,2.100505084734E0);
#1856=CARTESIAN_POINT('',(-6.324264069857E1,1.094195253552E1,
-8.067753247683E-1));
#1857=LINE('',#1856,#1855);
#1858=CARTESIAN_POINT('',(-5.751471862576E1,1.070163283758E1,1.940091392048E0));
#1859=DIRECTION('',(0.E0,-9.961946980917E-1,-8.715574274765E-2));
#1860=DIRECTION('',(-7.071067811909E-1,6.162841671583E-2,-7.044160263984E-1));
#1861=AXIS2_PLACEMENT_3D('',#1858,#1859,#1860);
#1863=CARTESIAN_POINT('',(5.751471862576E1,1.070163283758E1,1.940091392048E0));
#1864=DIRECTION('',(0.E0,-9.961946980917E-1,-8.715574274765E-2));
#1865=DIRECTION('',(-4.973799150321E-13,8.715574274765E-2,-9.961946980917E-1));
#1866=AXIS2_PLACEMENT_3D('',#1863,#1864,#1865);
#1868=DIRECTION('',(7.071067811869E-1,-6.162841671482E-2,7.044160264025E-1));
#1869=VECTOR('',#1868,2.100505081645E0);
#1870=CARTESIAN_POINT('',(6.175735930924E1,1.107140333820E1,-2.286404769999E0));
#1871=LINE('',#1870,#1869);
#1872=CARTESIAN_POINT('',(6.748528137424E1,1.131172303682E1,-5.033271494593E0));
#1873=DIRECTION('',(0.E0,9.961946980917E-1,8.715574274765E-2));
#1874=DIRECTION('',(-7.071067811870E-1,-6.162841671617E-2,7.044160264023E-1));
#1875=AXIS2_PLACEMENT_3D('',#1872,#1873,#1874);
#1877=DIRECTION('',(2.400055463012E-13,8.715574274766E-2,-9.961946980917E-1));
#1878=VECTOR('',#1877,9.E0);
#1879=CARTESIAN_POINT('',(1.623299991299E2,6.764162000040E0,5.917874932564E-1));
#1880=LINE('',#1879,#1878);
#1881=DIRECTION('',(5.305385760342E-13,-8.715574274769E-2,9.961946980917E-1));
#1882=VECTOR('',#1881,9.E0);
#1883=CARTESIAN_POINT('',(1.623299991299E2,1.157319026506E1,-8.021855588869E0));
#1884=LINE('',#1883,#1882);
#1885=CARTESIAN_POINT('',(-1.623300008701E2,9.560876974915E0,
-8.197910189219E0));
#1886=DIRECTION('',(0.E0,8.715574274765E-2,-9.961946980917E-1));
#1887=DIRECTION('',(9.427002632857E-13,-9.961946980917E-1,-8.715574274765E-2));
#1888=AXIS2_PLACEMENT_3D('',#1885,#1886,#1887);
#1890=CARTESIAN_POINT('',(-1.623300008701E2,9.560876974915E0,
-8.197910189219E0));
#1891=DIRECTION('',(0.E0,8.715574274765E-2,-9.961946980917E-1));
#1892=DIRECTION('',(-1.E0,6.067753560328E-14,0.E0));
#1893=AXIS2_PLACEMENT_3D('',#1890,#1891,#1892);
#1895=CARTESIAN_POINT('',(1.623299991299E2,9.560876974915E0,-8.197910189219E0));
#1896=DIRECTION('',(0.E0,8.715574274765E-2,-9.961946980917E-1));
#1897=DIRECTION('',(-9.286301101023E-13,9.961946980917E-1,8.715574274765E-2));
#1898=AXIS2_PLACEMENT_3D('',#1895,#1896,#1897);
#1900=CARTESIAN_POINT('',(1.623299991299E2,9.560876974915E0,-8.197910189219E0));
#1901=DIRECTION('',(0.E0,8.715574274765E-2,-9.961946980917E-1));
#1902=DIRECTION('',(1.E0,6.067753560328E-14,0.E0));
#1903=AXIS2_PLACEMENT_3D('',#1900,#1901,#1902);
#1905=DIRECTION('',(6.884369617587E-13,8.715574274769E-2,-9.961946980917E-1));
#1906=VECTOR('',#1905,9.E0);
#1907=CARTESIAN_POINT('',(-1.623300008701E2,1.078878858033E1,
9.438966939568E-1));
#1908=LINE('',#1907,#1906);
#1909=DIRECTION('',(1.610563534390E-13,-8.715574274766E-2,9.961946980917E-1));
#1910=VECTOR('',#1909,9.E0);
#1911=CARTESIAN_POINT('',(-1.623300008701E2,7.548563684769E0,
-8.373964789569E0));
#1912=LINE('',#1911,#1910);
#1913=DIRECTION('',(1.487591003425E-8,9.961946990948E-1,8.715573128313E-2));
#1914=VECTOR('',#1913,1.669999990725E0);
#1915=CARTESIAN_POINT('',(-6.175735930924E1,1.107140333820E1,
-2.286404769995E0));
#1916=LINE('',#1915,#1914);
#1917=CARTESIAN_POINT('',(-5.751471862576E1,1.236527798340E1,2.085641482436E0));
#1918=DIRECTION('',(0.E0,9.961946980917E-1,8.715574274765E-2));
#1919=DIRECTION('',(0.E0,8.715574274765E-2,-9.961946980917E-1));
#1920=AXIS2_PLACEMENT_3D('',#1917,#1918,#1919);
#1922=DIRECTION('',(-4.999996763504E-1,7.479939376608E-1,-4.364692347374E-1));
#1923=VECTOR('',#1922,7.071067664878E-1);
#1924=CARTESIAN_POINT('',(-6.175735928440E1,1.273504847644E1,
-2.140854699561E0));
#1925=LINE('',#1924,#1923);
#1926=DIRECTION('',(-7.071067831539E-1,-6.162841008008E-2,7.044160250085E-1));
#1927=VECTOR('',#1926,2.100505152850E0);
#1928=CARTESIAN_POINT('',(-6.175735928440E1,1.273504847644E1,
-2.140854699561E0));
#1929=LINE('',#1928,#1927);
#1930=DIRECTION('',(-5.000001128330E-1,7.479938830686E-1,-4.364688282787E-1));
#1931=VECTOR('',#1930,7.071067863486E-1);
#1932=CARTESIAN_POINT('',(-6.324264072603E1,1.260559768351E1,
-6.612252092803E-1));
#1933=LINE('',#1932,#1931);
#1934=DIRECTION('',(-1.E0,0.E0,0.E0));
#1935=VECTOR('',#1934,1.150294374566E2);
#1936=CARTESIAN_POINT('',(5.751471872830E1,1.288821243044E1,-3.891526703008E0));
#1937=LINE('',#1936,#1935);
#1938=DIRECTION('',(-4.428399998588E-7,7.660444550971E-1,-6.427875954115E-1));
#1939=VECTOR('',#1938,7.071067667054E-1);
#1940=CARTESIAN_POINT('',(-5.751471872830E1,1.288821243044E1,
-3.891526703008E0));
#1941=LINE('',#1940,#1939);
#1942=DIRECTION('',(-1.E0,0.E0,0.E0));
#1943=VECTOR('',#1942,1.150294372515E2);
#1944=CARTESIAN_POINT('',(5.751471862576E1,1.122456729407E1,-4.037076796502E0));
#1945=LINE('',#1944,#1943);
#1946=DIRECTION('',(-6.140045737671E-8,9.961946978874E-1,8.715574508373E-2));
#1947=VECTOR('',#1946,1.669999990862E0);
#1948=CARTESIAN_POINT('',(-5.751471862576E1,1.122456729407E1,
-4.037076796502E0));
#1949=LINE('',#1948,#1947);
#1950=DIRECTION('',(6.140127428812E-8,9.961946978874E-1,8.715574508373E-2));
#1951=VECTOR('',#1950,1.669999990862E0);
#1952=CARTESIAN_POINT('',(5.751471862576E1,1.122456729407E1,-4.037076796502E0));
#1953=LINE('',#1952,#1951);
#1954=CARTESIAN_POINT('',(5.751471862576E1,1.236527798340E1,2.085641482436E0));
#1955=DIRECTION('',(0.E0,9.961946980917E-1,8.715574274765E-2));
#1956=DIRECTION('',(7.071067797907E-1,6.162841683787E-2,-7.044160277933E-1));
#1957=AXIS2_PLACEMENT_3D('',#1954,#1955,#1956);
#1959=DIRECTION('',(4.428381107235E-7,7.660444550971E-1,-6.427875954115E-1));
#1960=VECTOR('',#1959,7.071067667054E-1);
#1961=CARTESIAN_POINT('',(5.751471872830E1,1.288821243044E1,-3.891526703008E0));
#1962=LINE('',#1961,#1960);
#1963=DIRECTION('',(-7.071067831539E-1,6.162841008009E-2,-7.044160250085E-1));
#1964=VECTOR('',#1963,2.100505152850E0);
#1965=CARTESIAN_POINT('',(6.324264072603E1,1.260559768351E1,
-6.612252092798E-1));
#1966=LINE('',#1965,#1964);
#1967=DIRECTION('',(4.999996763515E-1,7.479939376600E-1,-4.364692347374E-1));
#1968=VECTOR('',#1967,7.071067664886E-1);
#1969=CARTESIAN_POINT('',(6.175735928440E1,1.273504847645E1,-2.140854699560E0));
#1970=LINE('',#1969,#1968);
#1971=DIRECTION('',(-1.487309339176E-8,9.961946990946E-1,8.715573128531E-2));
#1972=VECTOR('',#1971,1.669999990727E0);
#1973=CARTESIAN_POINT('',(6.175735930924E1,1.107140333820E1,-2.286404769999E0));
#1974=LINE('',#1973,#1972);
#1975=DIRECTION('',(4.563930857934E-9,-9.961946981902E-1,-8.715574162186E-2));
#1976=VECTOR('',#1975,1.670000004398E0);
#1977=CARTESIAN_POINT('',(6.748528136662E1,1.245243373069E1,1.089446782849E0));
#1978=LINE('',#1977,#1976);
#1979=DIRECTION('',(1.775029353732E-8,9.961946966825E-1,8.715575885527E-2));
#1980=VECTOR('',#1979,1.670000004355E0);
#1981=CARTESIAN_POINT('',(6.324264069638E1,1.094195253571E1,
-8.067753269476E-1));
#1982=LINE('',#1981,#1980);
#1983=CARTESIAN_POINT('',(6.748528137424E1,1.297536818263E1,-4.887721404205E0));
#1984=DIRECTION('',(0.E0,-9.961946980917E-1,-8.715574274765E-2));
#1985=DIRECTION('',(0.E0,-8.715574274765E-2,9.961946980917E-1));
#1986=AXIS2_PLACEMENT_3D('',#1983,#1984,#1985);
#1988=DIRECTION('',(5.000001128315E-1,7.479938830680E-1,-4.364688282813E-1));
#1989=VECTOR('',#1988,7.071067863494E-1);
#1990=CARTESIAN_POINT('',(6.324264072603E1,1.260559768351E1,
-6.612252092798E-1));
#1991=LINE('',#1990,#1989);
#1992=DIRECTION('',(7.764810969215E-11,9.961946980870E-1,8.715574280210E-2));
#1993=VECTOR('',#1992,5.000000030375E-1);
#1994=CARTESIAN_POINT('',(1.462891615914E2,1.860933969066E1,-6.928431041270E1));
#1995=LINE('',#1994,#1993);
#1996=CARTESIAN_POINT('',(1.464101057476E2,1.908978431989E1,-6.903896099564E1));
#1997=CARTESIAN_POINT('',(1.464101057476E2,1.903455193167E1,-6.904909723706E1));
#1998=CARTESIAN_POINT('',(1.464101164651E2,1.892399718011E1,-6.906535453802E1));
#1999=CARTESIAN_POINT('',(1.464101125517E2,1.875792516331E1,-6.905301428551E1));
#2000=CARTESIAN_POINT('',(1.464101122699E2,1.864699049578E1,-6.906966432459E1));
#2001=CARTESIAN_POINT('',(1.464101122699E2,1.859147316983E1,-6.908009514507E1));
#2003=CARTESIAN_POINT('',(1.458188819796E2,1.913055188515E1,-6.950493643421E1));
#2004=CARTESIAN_POINT('',(1.458193396982E2,1.907534772886E1,-6.950950705042E1));
#2005=CARTESIAN_POINT('',(1.458200195649E2,1.896484362780E1,-6.951879944233E1));
#2006=CARTESIAN_POINT('',(1.458196279617E2,1.879884227951E1,-6.953354046592E1));
#2007=CARTESIAN_POINT('',(1.458199923703E2,1.868791251172E1,-6.954304026063E1));
#2008=CARTESIAN_POINT('',(1.458202005103E2,1.863239029218E1,-6.954777999413E1));
#2010=DIRECTION('',(5.696364269155E-8,-9.961946953147E-1,-8.715577448917E-2));
#2011=VECTOR('',#2010,5.000000000013E-1);
#2012=CARTESIAN_POINT('',(1.455804548684E2,1.913043846173E1,-6.950363999859E1));
#2013=LINE('',#2012,#2011);
#2014=DIRECTION('',(-2.461320041587E-11,9.961946980778E-1,8.715574290737E-2));
#2015=VECTOR('',#2014,4.999999990017E-1);
#2016=CARTESIAN_POINT('',(1.450053337764E2,1.859214994701E1,-6.908783072314E1));
#2017=LINE('',#2016,#2015);
#2018=CARTESIAN_POINT('',(1.451241409581E2,1.910800677067E1,-6.924724458686E1));
#2019=CARTESIAN_POINT('',(1.451271797286E2,1.905283659910E1,-6.925379181718E1));
#2020=CARTESIAN_POINT('',(1.451311754527E2,1.894238554948E1,-6.926572601484E1));
#2021=CARTESIAN_POINT('',(1.451189579305E2,1.877637417757E1,-6.927332934693E1));
#2022=CARTESIAN_POINT('',(1.451226340665E2,1.866547740751E1,-6.928511367364E1));
#2023=CARTESIAN_POINT('',(1.451254305980E2,1.860997333393E1,-6.929155296776E1));
#2025=DIRECTION('',(-1.216411346391E-6,8.715574344045E-2,-9.961946980304E-1));
#2026=VECTOR('',#2025,6.842024832491E0);
#2027=CARTESIAN_POINT('',(1.450053420991E2,1.849392553414E1,-6.222826398985E1));
#2028=LINE('',#2027,#2026);
#2029=DIRECTION('',(2.545767169486E-7,-8.715574293162E-2,9.961946980756E-1));
#2030=VECTOR('',#2029,6.839556550592E0);
#2031=CARTESIAN_POINT('',(1.450053337764E2,1.859214994701E1,-6.908783072314E1));
#2032=LINE('',#2031,#2030);
#2033=CARTESIAN_POINT('',(1.450053420991E2,1.849392553414E1,-6.222826398985E1));
#2034=CARTESIAN_POINT('',(1.450053420991E2,1.843877280705E1,-6.223989309641E1));
#2035=CARTESIAN_POINT('',(1.450053301246E2,1.832835555676E1,-6.225846764846E1));
#2036=CARTESIAN_POINT('',(1.450053340735E2,1.816238472009E1,-6.224465662908E1));
#2037=CARTESIAN_POINT('',(1.450053355176E2,1.805152665332E1,-6.226291146204E1));
#2038=CARTESIAN_POINT('',(1.450053355176E2,1.799604331452E1,-6.227430075025E1));
#2040=CARTESIAN_POINT('',(1.468643994925E2,1.789290889539E1,-6.109546891031E1));
#2041=CARTESIAN_POINT('',(1.468643994925E2,1.794807107802E1,-6.109064284468E1));
#2042=CARTESIAN_POINT('',(1.468642486290E2,1.805852878980E1,-6.108111868596E1));
#2043=CARTESIAN_POINT('',(1.468634258580E2,1.822457983390E1,-6.106681117852E1));
#2044=CARTESIAN_POINT('',(1.468639133195E2,1.833553911599E1,-6.105742647255E1));
#2045=CARTESIAN_POINT('',(1.468639133195E2,1.839106551473E1,-6.105256854214E1));
#2047=DIRECTION('',(-8.715285083697E-1,4.273636646394E-2,-4.884789269562E-1));
#2048=VECTOR('',#2047,1.993531948073E0);
#2049=CARTESIAN_POINT('',(1.468639133195E2,1.839106551473E1,-6.105256854214E1));
#2050=LINE('',#2049,#2048);
#2051=DIRECTION('',(3.628724731112E-8,-9.961946998735E-1,-8.715572238176E-2));
#2052=VECTOR('',#2051,4.999999955066E-1);
#2053=CARTESIAN_POINT('',(1.451264933944E2,1.847626182662E1,-6.202636688898E1));
#2054=LINE('',#2053,#2052);
#2055=DIRECTION('',(0.E0,-9.961946980919E-1,-8.715574274589E-2));
#2056=VECTOR('',#2055,4.999999965104E-1);
#2057=CARTESIAN_POINT('',(1.481279793028E2,1.829043769790E1,-5.990238733268E1));
#2058=LINE('',#2057,#2056);
#2059=DIRECTION('',(2.444267011005E-12,9.961946980919E-1,8.715574274536E-2));
#2060=VECTOR('',#2059,5.000000000021E-1);
#2061=CARTESIAN_POINT('',(1.481279793028E2,1.800882158452E1,-6.242035705130E1));
#2062=LINE('',#2061,#2060);
#2063=DIRECTION('',(0.E0,-9.961946980919E-1,-8.715574274549E-2));
#2064=VECTOR('',#2063,4.999999999403E-1);
#2065=CARTESIAN_POINT('',(1.493951195498E2,1.839868009806E1,-6.113960362894E1));
#2066=LINE('',#2065,#2064);
#2067=DIRECTION('',(5.570655048344E-12,9.961946980921E-1,8.715574274338E-2));
#2068=VECTOR('',#2067,5.000000000014E-1);
#2069=CARTESIAN_POINT('',(1.475493012198E2,1.799686515396E1,-6.228369442467E1));
#2070=LINE('',#2069,#2068);
#2071=DIRECTION('',(7.844391838560E-12,9.961946980992E-1,8.715574266194E-2));
#2072=VECTOR('',#2071,4.999999977201E-1);
#2073=CARTESIAN_POINT('',(1.464101131335E2,1.806479372850E1,-6.306012154760E1));
#2074=LINE('',#2073,#2072);
#2075=CARTESIAN_POINT('',(1.465288811471E2,1.854512751071E1,-6.281350520438E1));
#2076=CARTESIAN_POINT('',(1.465293384625E2,1.848991878739E1,-6.281807640576E1));
#2077=CARTESIAN_POINT('',(1.465300338847E2,1.837940612955E1,-6.282734157298E1));
#2078=CARTESIAN_POINT('',(1.465296313890E2,1.821340460960E1,-6.284209668210E1));
#2079=CARTESIAN_POINT('',(1.465300092887E2,1.810248092576E1,-6.285158639648E1));
#2080=CARTESIAN_POINT('',(1.465302256309E2,1.804696349511E1,-6.285632104742E1));
#2082=DIRECTION('',(1.221737519619E-6,-8.715574310252E-2,9.961946980599E-1));
#2083=VECTOR('',#2082,6.045421975151E0);
#2084=CARTESIAN_POINT('',(1.464101057476E2,1.908978431989E1,-6.903896099564E1));
#2085=LINE('',#2084,#2083);
#2086=DIRECTION('',(-1.429068114326E-7,8.715574222614E-2,-9.961946981374E-1));
#2087=VECTOR('',#2086,6.042968918351E0);
#2088=CARTESIAN_POINT('',(1.464101131335E2,1.806479372850E1,-6.306012154760E1));
#2089=LINE('',#2088,#2087);
#2090=DIRECTION('',(8.710310448851E-1,-4.281333853684E-2,4.893586996159E-1));
#2091=VECTOR('',#2090,5.383976654274E-1);
#2092=CARTESIAN_POINT('',(1.458202005103E2,1.863239029218E1,-6.954777999413E1));
#2093=LINE('',#2092,#2091);
#2094=CARTESIAN_POINT('',(1.462891615914E2,1.860933969066E1,-6.928431041270E1));
#2095=CARTESIAN_POINT('',(1.463628236113E2,1.860571500157E1,-6.924288002679E1));
#2096=CARTESIAN_POINT('',(1.464093958203E2,1.859894533961E1,-6.916550239804E1));
#2097=CARTESIAN_POINT('',(1.464101122699E2,1.859158279073E1,-6.908134811769E1));
#2098=CARTESIAN_POINT('',(1.464101122699E2,1.859147316983E1,-6.908009514507E1));
#2100=CARTESIAN_POINT('',(1.464101131335E2,1.806479372850E1,-6.306012154760E1));
#2101=CARTESIAN_POINT('',(1.464101131335E2,1.805752520629E1,-6.297704195853E1));
#2102=CARTESIAN_POINT('',(1.464553802460E2,1.805072987275E1,-6.289936777289E1));
#2103=CARTESIAN_POINT('',(1.465293908144E2,1.804700493597E1,-6.285679471856E1));
#2104=CARTESIAN_POINT('',(1.465302256309E2,1.804696349511E1,-6.285632104742E1));
#2106=DIRECTION('',(8.709964579786E-1,-4.281868604199E-2,4.894197894592E-1));
#2107=VECTOR('',#2106,1.170011174631E0);
#2108=CARTESIAN_POINT('',(1.465302256309E2,1.804696349511E1,-6.285632104742E1));
#2109=LINE('',#2108,#2107);
#2110=CARTESIAN_POINT('',(1.481263605520E2,1.789706472525E1,-6.114297030466E1));
#2111=DIRECTION('',(0.E0,-9.961946980918E-1,-8.715574274753E-2));
#2112=DIRECTION('',(-4.500304944211E-1,7.783122769076E-2,-8.896150032948E-1));
#2113=AXIS2_PLACEMENT_3D('',#2110,#2111,#2112);
#2115=CARTESIAN_POINT('',(1.481279793028E2,1.800882158452E1,-6.242035705130E1));
#2116=CARTESIAN_POINT('',(1.488277846502E2,1.800882158452E1,-6.242035705130E1));
#2117=CARTESIAN_POINT('',(1.493951195497E2,1.796036142513E1,-6.186645489423E1));
#2118=CARTESIAN_POINT('',(1.493951195498E2,1.790058274908E1,-6.118318150031E1));
#2120=CARTESIAN_POINT('',(1.493951195498E2,1.790058274908E1,-6.118318150031E1));
#2121=CARTESIAN_POINT('',(1.493951195497E2,1.784080411702E1,-6.049990860939E1));
#2122=CARTESIAN_POINT('',(1.488277846504E2,1.779234035232E1,-5.994596520372E1));
#2123=CARTESIAN_POINT('',(1.481279793028E2,1.779234035233E1,-5.994596520375E1));
#2125=CARTESIAN_POINT('',(1.481279793028E2,1.779234035233E1,-5.994596520375E1));
#2126=CARTESIAN_POINT('',(1.474650978761E2,1.779234035233E1,-5.994596520375E1));
#2127=CARTESIAN_POINT('',(1.469160485600E2,1.783626960337E1,-6.044807483594E1));
#2128=CARTESIAN_POINT('',(1.468648612727E2,1.789234683668E1,-6.108904454977E1));
#2129=CARTESIAN_POINT('',(1.468643994925E2,1.789290889539E1,-6.109546891031E1));
#2131=DIRECTION('',(-8.714413748542E-1,4.274986187744E-2,-4.886331747863E-1));
#2132=VECTOR('',#2131,1.994289151359E0);
#2133=CARTESIAN_POINT('',(1.468643994925E2,1.789290889539E1,-6.109546891031E1));
#2134=LINE('',#2133,#2132);
#2135=CARTESIAN_POINT('',(1.451264934126E2,1.797816448116E1,-6.206994474978E1));
#2136=CARTESIAN_POINT('',(1.450526637226E2,1.798178630915E1,-6.211134243305E1));
#2137=CARTESIAN_POINT('',(1.450060850500E2,1.798855582567E1,-6.218871793437E1));
#2138=CARTESIAN_POINT('',(1.450053355176E2,1.799593304811E1,-6.227304039939E1));
#2139=CARTESIAN_POINT('',(1.450053355176E2,1.799604331452E1,-6.227430075025E1));
#2141=CARTESIAN_POINT('',(1.450053337764E2,1.859214994701E1,-6.908783072314E1));
#2142=CARTESIAN_POINT('',(1.450053337764E2,1.859941446438E1,-6.917086453666E1));
#2143=CARTESIAN_POINT('',(1.450505970295E2,1.860621221146E1,-6.924856127852E1));
#2144=CARTESIAN_POINT('',(1.451246153105E2,1.860993289626E1,-6.929109076314E1));
#2145=CARTESIAN_POINT('',(1.451254305980E2,1.860997333393E1,-6.929155296776E1));
#2147=DIRECTION('',(8.710102958112E-1,4.281654155167E-2,-4.893953497536E-1));
#2148=VECTOR('',#2147,5.224097822004E-1);
#2149=CARTESIAN_POINT('',(1.451254305980E2,1.860997333393E1,-6.929155296776E1));
#2150=LINE('',#2149,#2148);
#2151=CARTESIAN_POINT('',(1.457008301729E2,1.861376223893E1,-6.933486036984E1));
#2152=DIRECTION('',(1.470257801604E-11,-9.961946981369E-1,-8.715574223200E-2));
#2153=DIRECTION('',(-4.917127650588E-1,7.589151284989E-2,-8.674439664644E-1));
#2154=AXIS2_PLACEMENT_3D('',#2151,#2152,#2153);
#2156=CARTESIAN_POINT('',(1.481280035404E2,1.793924064223E1,-6.162504324162E1));
#2157=CARTESIAN_POINT('',(1.478780657013E2,1.793901914491E1,-6.162251151575E1));
#2158=CARTESIAN_POINT('',(1.474729144929E2,1.790057181378E1,-6.118305650999E1));
#2159=CARTESIAN_POINT('',(1.478780657013E2,1.786216250239E1,-6.074403607191E1));
#2160=CARTESIAN_POINT('',(1.481280035404E2,1.786192199521E1,-6.074128706219E1));
#2162=CARTESIAN_POINT('',(1.481280035404E2,1.786192199521E1,-6.074128706219E1));
#2163=CARTESIAN_POINT('',(1.483779009835E2,1.786214354032E1,-6.074381933451E1));
#2164=CARTESIAN_POINT('',(1.487832178154E2,1.790059080243E1,-6.118327355108E1));
#2165=CARTESIAN_POINT('',(1.483779009835E2,1.793900012971E1,-6.162229417092E1));
#2166=CARTESIAN_POINT('',(1.481280035404E2,1.793924064223E1,-6.162504324162E1));
#2168=DIRECTION('',(0.E0,-9.961946980919E-1,-8.715574274546E-2));
#2169=VECTOR('',#2168,4.999999999979E-1);
#2170=CARTESIAN_POINT('',(1.481280035404E2,1.836001934425E1,-6.069770919082E1));
#2171=LINE('',#2170,#2169);
#2172=DIRECTION('',(0.E0,-9.961946980919E-1,-8.715574274547E-2));
#2173=VECTOR('',#2172,4.999999999979E-1);
#2174=CARTESIAN_POINT('',(1.481280035404E2,1.843733799127E1,-6.158146537025E1));
#2175=LINE('',#2174,#2173);
#2176=CARTESIAN_POINT('',(1.481280035404E2,1.843733799127E1,-6.158146537025E1));
#2177=CARTESIAN_POINT('',(1.483779009835E2,1.843709747875E1,-6.157871629955E1));
#2178=CARTESIAN_POINT('',(1.487832178154E2,1.839868815146E1,-6.113969567970E1));
#2179=CARTESIAN_POINT('',(1.483779009835E2,1.836024088937E1,-6.070024146314E1));
#2180=CARTESIAN_POINT('',(1.481280035404E2,1.836001934425E1,-6.069770919082E1));
#2182=CARTESIAN_POINT('',(1.481280035404E2,1.836001934425E1,-6.069770919082E1));
#2183=CARTESIAN_POINT('',(1.478780657013E2,1.836025985144E1,-6.070045820053E1));
#2184=CARTESIAN_POINT('',(1.474729144929E2,1.839866916282E1,-6.113947863861E1));
#2185=CARTESIAN_POINT('',(1.478780657013E2,1.843711649396E1,-6.157893364437E1));
#2186=CARTESIAN_POINT('',(1.481280035404E2,1.843733799127E1,-6.158146537025E1));
#2188=DIRECTION('',(1.404032444957E-11,9.961946980907E-1,8.715574276009E-2));
#2189=VECTOR('',#2188,5.000000003221E-1);
#2190=CARTESIAN_POINT('',(1.519082689208E2,1.888553834089E1,-7.244127543897E1));
#2191=LINE('',#2190,#2189);
#2192=DIRECTION('',(1.289891343201E-5,-9.966083745584E-1,-8.229062883212E-2));
#2193=VECTOR('',#2192,5.000059605419E-1);
#2194=CARTESIAN_POINT('',(1.520291726975E2,1.936598235338E1,-7.219591900384E1));
#2195=LINE('',#2194,#2193);
#2196=DIRECTION('',(4.759960563324E-3,-9.964125156313E-1,-8.449521565546E-2));
#2197=VECTOR('',#2196,5.000074458744E-1);
#2198=CARTESIAN_POINT('',(1.486352825804E2,1.954458711069E1,-7.423738071728E1));
#2199=LINE('',#2198,#2197);
#2200=DIRECTION('',(-1.786263301829E-4,-9.962034393069E-1,-8.705558917049E-2));
#2201=VECTOR('',#2200,5.000000105E-1);
#2202=CARTESIAN_POINT('',(1.483969214141E2,1.954448770527E1,-7.423624450808E1));
#2203=LINE('',#2202,#2201);
#2204=CARTESIAN_POINT('',(1.474712643144E2,1.949907210295E1,-7.371714179839E1));
#2205=CARTESIAN_POINT('',(1.474747367548E2,1.944359801465E1,-7.372395732336E1));
#2206=CARTESIAN_POINT('',(1.474793942151E2,1.933274761541E1,-7.373630928566E1));
#2207=CARTESIAN_POINT('',(1.474666760897E2,1.916676500487E1,-7.374363637954E1));
#2208=CARTESIAN_POINT('',(1.474710547062E2,1.905630528871E1,-7.375577355612E1));
#2209=CARTESIAN_POINT('',(1.474742950009E2,1.900112458394E1,-7.376243223490E1));
#2211=DIRECTION('',(-8.710388894017E-1,4.281212628561E-2,-4.893448426138E-1));
#2212=VECTOR('',#2211,1.189221896889E0);
#2213=CARTESIAN_POINT('',(1.485100055890E2,1.941256451772E1,-7.272835557467E1));
#2214=LINE('',#2213,#2212);
#2215=DIRECTION('',(2.555966186766E-5,-9.961959538324E-1,-8.714138462686E-2));
#2216=VECTOR('',#2215,5.000000002132E-1);
#2217=CARTESIAN_POINT('',(1.474741470687E2,1.946347763576E1,-7.331029517663E1));
#2218=LINE('',#2217,#2216);
#2219=DIRECTION('',(8.710390807343E-1,-4.281209671285E-2,4.893445046269E-1));
#2220=VECTOR('',#2219,1.189284299423E0);
#2221=CARTESIAN_POINT('',(1.474741598486E2,1.896537965863E1,-7.335386586897E1));
#2222=LINE('',#2221,#2220);
#2223=CARTESIAN_POINT('',(1.505043058707E2,1.881643216826E1,-7.165138827700E1));
#2224=CARTESIAN_POINT('',(1.505043804069E2,1.887193551422E1,-7.164649015798E1));
#2225=CARTESIAN_POINT('',(1.505045755419E2,1.898283117262E1,-7.163667672648E1));
#2226=CARTESIAN_POINT('',(1.505048049190E2,1.914884186391E1,-7.162202650349E1));
#2227=CARTESIAN_POINT('',(1.505053186457E2,1.925929317289E1,-7.161206329633E1));
#2228=CARTESIAN_POINT('',(1.505056347790E2,1.931446365635E1,-7.160705749686E1));
#2230=DIRECTION('',(-8.710080304542E-1,4.281689127653E-2,-4.893993509454E-1));
#2231=VECTOR('',#2230,2.291171975683E0);
#2232=CARTESIAN_POINT('',(1.505056347790E2,1.931446365635E1,-7.160705749686E1));
#2233=LINE('',#2232,#2231);
#2234=DIRECTION('',(1.347248254356E-4,-9.962012152611E-1,-8.708111483893E-2));
#2235=VECTOR('',#2234,5.000000059354E-1);
#2236=CARTESIAN_POINT('',(1.485100055890E2,1.941256451772E1,-7.272835557467E1));
#2237=LINE('',#2236,#2235);
#2238=DIRECTION('',(1.534772278606E-11,9.961946980869E-1,8.715574280298E-2));
#2239=VECTOR('',#2238,5.000000099805E-1);
#2240=CARTESIAN_POINT('',(1.506244007098E2,1.879860671089E1,-7.144764236690E1));
#2241=LINE('',#2240,#2239);
#2242=DIRECTION('',(1.719584420200E-4,8.715574307011E-2,-9.961946832222E-1));
#2243=VECTOR('',#2242,4.661152312989E0);
#2244=CARTESIAN_POINT('',(1.506235991853E2,1.889045787647E1,-6.676064934274E1));
#2245=LINE('',#2244,#2243);
#2246=DIRECTION('',(-4.190122601244E-12,-8.715574220384E-2,9.961946981393E-1));
#2247=VECTOR('',#2246,4.659938678857E0);
#2248=CARTESIAN_POINT('',(1.506244007098E2,1.879860671089E1,-7.144764236690E1));
#2249=LINE('',#2248,#2247);
#2250=CARTESIAN_POINT('',(1.506235991853E2,1.889045787647E1,-6.676064934274E1));
#2251=CARTESIAN_POINT('',(1.506235991853E2,1.883459619617E1,-6.676553660649E1));
#2252=CARTESIAN_POINT('',(1.506247747546E2,1.872590750670E1,-6.679340068901E1));
#2253=CARTESIAN_POINT('',(1.506242938399E2,1.855878860379E1,-6.677243277814E1));
#2254=CARTESIAN_POINT('',(1.506244007098E2,1.844907976610E1,-6.680048312460E1));
#2255=CARTESIAN_POINT('',(1.506244007098E2,1.839246629671E1,-6.680543616137E1));
#2257=DIRECTION('',(0.E0,-9.961946980919E-1,-8.715574274606E-2));
#2258=VECTOR('',#2257,4.999999999009E-1);
#2259=CARTESIAN_POINT('',(1.500604166546E2,1.880051668316E1,-6.573261679923E1));
#2260=LINE('',#2259,#2258);
#2261=DIRECTION('',(0.E0,-9.961946980919E-1,-8.715574274549E-2));
#2262=VECTOR('',#2261,4.999999999925E-1);
#2263=CARTESIAN_POINT('',(1.513275569015E2,1.869227806646E1,-6.449544376349E1));
#2264=LINE('',#2263,#2262);
#2265=DIRECTION('',(-1.614353095663E-11,9.961946980912E-1,8.715574275444E-2));
#2266=VECTOR('',#2265,4.999999999950E-1);
#2267=CARTESIAN_POINT('',(1.520291820867E2,1.839254163233E1,-6.680629726734E1));
#2268=LINE('',#2267,#2266);
#2269=DIRECTION('',(0.E0,-9.961946980919E-1,-8.715574274544E-2));
#2270=VECTOR('',#2269,4.999999999954E-1);
#2271=CARTESIAN_POINT('',(1.525946123170E2,1.880051668190E1,-6.573261679934E1));
#2272=LINE('',#2271,#2270);
#2273=DIRECTION('',(1.721534695325E-6,-8.715574268263E-2,9.961946980959E-1));
#2274=VECTOR('',#2273,5.453953547698E0);
#2275=CARTESIAN_POINT('',(1.520291726975E2,1.936598235338E1,-7.219591900384E1));
#2276=LINE('',#2275,#2274);
#2277=DIRECTION('',(-5.392347295272E-7,8.715574262445E-2,-9.961946981024E-1));
#2278=VECTOR('',#2277,5.451512191101E0);
#2279=CARTESIAN_POINT('',(1.520291820867E2,1.839254163233E1,-6.680629726734E1));
#2280=LINE('',#2279,#2278);
#2281=DIRECTION('',(8.709307953248E-1,-4.282882787005E-2,4.895357405320E-1));
#2282=VECTOR('',#2281,3.755299895523E0);
#2283=CARTESIAN_POINT('',(1.486376625961E2,1.904637343371E1,-7.427962895425E1));
#2284=LINE('',#2283,#2282);
#2285=CARTESIAN_POINT('',(1.519082689208E2,1.888553834089E1,-7.244127543897E1));
#2286=CARTESIAN_POINT('',(1.519819733564E2,1.888191004304E1,-7.239980380472E1));
#2287=CARTESIAN_POINT('',(1.520283932466E2,1.887514412323E1,-7.232246948447E1));
#2288=CARTESIAN_POINT('',(1.520291791470E2,1.886778171197E1,-7.223831624172E1));
#2289=CARTESIAN_POINT('',(1.520291791470E2,1.886767222577E1,-7.223706480875E1));
#2291=CARTESIAN_POINT('',(1.520291820867E2,1.839254163233E1,-6.680629726734E1));
#2292=CARTESIAN_POINT('',(1.523699744631E2,1.837314183085E1,-6.658455652173E1));
#2293=CARTESIAN_POINT('',(1.525946123170E2,1.834002989415E1,-6.620608535344E1));
#2294=CARTESIAN_POINT('',(1.525946123170E2,1.830241933286E1,-6.577619467071E1));
#2296=CARTESIAN_POINT('',(1.525946123170E2,1.830241933286E1,-6.577619467071E1));
#2297=CARTESIAN_POINT('',(1.525946123170E2,1.824264087684E1,-6.509292379191E1));
#2298=CARTESIAN_POINT('',(1.520273198332E2,1.819418071742E1,-6.453902163484E1));
#2299=CARTESIAN_POINT('',(1.513275569015E2,1.819418071742E1,-6.453902163486E1));
#2301=CARTESIAN_POINT('',(1.513275569015E2,1.819418071742E1,-6.453902163486E1));
#2302=CARTESIAN_POINT('',(1.506277111581E2,1.819418071742E1,-6.453902163488E1));
#2303=CARTESIAN_POINT('',(1.500604166546E2,1.824264087820E1,-6.509292379182E1));
#2304=CARTESIAN_POINT('',(1.500604166546E2,1.830241933421E1,-6.577619467059E1));
#2306=CARTESIAN_POINT('',(1.500604166546E2,1.830241933421E1,-6.577619467059E1));
#2307=CARTESIAN_POINT('',(1.500604166546E2,1.833960018929E1,-6.620117378869E1));
#2308=CARTESIAN_POINT('',(1.502821604021E2,1.837272487344E1,-6.657978913494E1));
#2309=CARTESIAN_POINT('',(1.506209998458E2,1.839227214059E1,-6.680321694674E1));
#2310=CARTESIAN_POINT('',(1.506244007098E2,1.839246629671E1,-6.680543616137E1));
#2312=CARTESIAN_POINT('',(1.506244007098E2,1.879860671089E1,-7.144764236690E1));
#2313=CARTESIAN_POINT('',(1.506244007097E2,1.880587122826E1,-7.153067618042E1));
#2314=CARTESIAN_POINT('',(1.505791310125E2,1.881267007729E1,-7.160838853157E1));
#2315=CARTESIAN_POINT('',(1.505051347495E2,1.881639105334E1,-7.165091833136E1));
#2316=CARTESIAN_POINT('',(1.505043058707E2,1.881643216826E1,-7.165138827700E1));
#2318=DIRECTION('',(-8.710090977308E-1,4.281673069854E-2,-4.893974655048E-1));
#2319=VECTOR('',#2318,2.289566118710E0);
#2320=CARTESIAN_POINT('',(1.505043058707E2,1.881643216826E1,-7.165138827700E1));
#2321=LINE('',#2320,#2319);
#2322=CARTESIAN_POINT('',(1.475894686904E2,1.898324872002E1,-7.355811017538E1));
#2323=DIRECTION('',(-2.046803402209E-11,-9.961946980924E-1,-8.715574273989E-2));
#2324=DIRECTION('',(-4.901857600014E-1,-7.596651330391E-2,8.683012205153E-1));
#2325=AXIS2_PLACEMENT_3D('',#2322,#2323,#2324);
#2327=DIRECTION('',(8.714184408454E-1,4.275341442694E-2,-4.886737628618E-1));
#2328=VECTOR('',#2327,1.058661438359E0);
#2329=CARTESIAN_POINT('',(1.474742950009E2,1.900112458394E1,-7.376243223490E1));
#2330=LINE('',#2329,#2328);
#2331=CARTESIAN_POINT('',(1.485171179659E2,1.902776473768E1,-7.406693058364E1));
#2332=DIRECTION('',(-1.281835325878E-11,-9.961946981473E-1,-8.715574211286E-2));
#2333=DIRECTION('',(-4.905865987671E-1,7.594685501710E-2,-8.680765313745E-1));
#2334=AXIS2_PLACEMENT_3D('',#2331,#2332,#2333);
#2336=CARTESIAN_POINT('',(1.513275306442E2,1.826376042743E1,-6.533432135976E1));
#2337=CARTESIAN_POINT('',(1.515774280873E2,1.826398205326E1,-6.533685455457E1));
#2338=CARTESIAN_POINT('',(1.519827287608E2,1.830243108820E1,-6.577632903497E1));
#2339=CARTESIAN_POINT('',(1.515774280873E2,1.834083486212E1,-6.621528617947E1));
#2340=CARTESIAN_POINT('',(1.513275306442E2,1.834107546569E1,-6.621803629090E1));
#2342=CARTESIAN_POINT('',(1.513275306442E2,1.834107546569E1,-6.621803629090E1));
#2343=CARTESIAN_POINT('',(1.510775847259E2,1.834085389452E1,-6.621550372081E1));
#2344=CARTESIAN_POINT('',(1.506724496758E2,1.830241208837E1,-6.577611186585E1));
#2345=CARTESIAN_POINT('',(1.510775847258E2,1.826400102052E1,-6.533707135137E1));
#2346=CARTESIAN_POINT('',(1.513275306442E2,1.826376042743E1,-6.533432135976E1));
#2348=DIRECTION('',(0.E0,-9.961946980920E-1,-8.715574274490E-2));
#2349=VECTOR('',#2348,5.000000000002E-1);
#2350=CARTESIAN_POINT('',(1.513275306442E2,1.883917281474E1,-6.617445841953E1));
#2351=LINE('',#2350,#2349);
#2352=DIRECTION('',(-5.684341886079E-14,-9.961946980919E-1,-8.715574274546E-2));
#2353=VECTOR('',#2352,5.000000000002E-1);
#2354=CARTESIAN_POINT('',(1.513275306442E2,1.876185777647E1,-6.529074348839E1));
#2355=LINE('',#2354,#2353);
#2356=CARTESIAN_POINT('',(1.513275306442E2,1.876185777647E1,-6.529074348839E1));
#2357=CARTESIAN_POINT('',(1.510775847258E2,1.876209836957E1,-6.529349348E1));
#2358=CARTESIAN_POINT('',(1.506724496758E2,1.880050943742E1,-6.573253399448E1));
#2359=CARTESIAN_POINT('',(1.510775847259E2,1.883895124357E1,-6.617192584944E1));
#2360=CARTESIAN_POINT('',(1.513275306442E2,1.883917281474E1,-6.617445841953E1));
#2362=CARTESIAN_POINT('',(1.513275306442E2,1.883917281474E1,-6.617445841953E1));
#2363=CARTESIAN_POINT('',(1.515774280873E2,1.883893221117E1,-6.617170830810E1));
#2364=CARTESIAN_POINT('',(1.519827287608E2,1.880052843725E1,-6.573275116359E1));
#2365=CARTESIAN_POINT('',(1.515774280873E2,1.876207940230E1,-6.529327668319E1));
#2366=CARTESIAN_POINT('',(1.513275306442E2,1.876185777647E1,-6.529074348839E1));
#2368=CARTESIAN_POINT('',(1.492196472983E2,1.922781265079E1,-7.061663213378E1));
#2369=CARTESIAN_POINT('',(1.492196472983E2,1.917257932357E1,-7.062677031220E1));
#2370=CARTESIAN_POINT('',(1.492196593515E2,1.906202335516E1,-7.064303046171E1));
#2371=CARTESIAN_POINT('',(1.492196554579E2,1.889595124422E1,-7.063068902968E1));
#2372=CARTESIAN_POINT('',(1.492196537877E2,1.878501807352E1,-7.064733936558E1));
#2373=CARTESIAN_POINT('',(1.492196537877E2,1.872950185248E1,-7.065777021212E1));
#2375=DIRECTION('',(1.388353491111E-6,-8.715574181308E-2,9.961946981725E-1));
#2376=VECTOR('',#2375,6.043805640324E0);
#2377=CARTESIAN_POINT('',(1.492196472983E2,1.922781265079E1,-7.061663213378E1));
#2378=LINE('',#2377,#2376);
#2379=DIRECTION('',(-3.147669715348E-7,8.715574233423E-2,-9.961946981279E-1));
#2380=VECTOR('',#2379,6.041356528101E0);
#2381=CARTESIAN_POINT('',(1.492196556893E2,1.820296293957E1,-6.463940286932E1));
#2382=LINE('',#2381,#2380);
#2383=DIRECTION('',(-2.688693721712E-11,9.961946980925E-1,8.715574273871E-2));
#2384=VECTOR('',#2383,4.999999982155E-1);
#2385=CARTESIAN_POINT('',(1.492196556893E2,1.820296293957E1,-6.463940286932E1));
#2386=LINE('',#2385,#2384);
#2387=CARTESIAN_POINT('',(1.493383406964E2,1.868330712646E1,-6.439290544634E1));
#2388=CARTESIAN_POINT('',(1.493389794697E2,1.862795932073E1,-6.439736920464E1));
#2389=CARTESIAN_POINT('',(1.493399855670E2,1.851726078943E1,-6.440648766775E1));
#2390=CARTESIAN_POINT('',(1.493393430986E2,1.835126009522E1,-6.442137936034E1));
#2391=CARTESIAN_POINT('',(1.493400502503E2,1.824049684200E1,-6.443065358955E1));
#2392=CARTESIAN_POINT('',(1.493404732079E2,1.818510182314E1,-6.443524937429E1));
#2394=DIRECTION('',(0.E0,-9.961946980919E-1,-8.715574274551E-2));
#2395=VECTOR('',#2394,4.999999999986E-1);
#2396=CARTESIAN_POINT('',(1.541441041155E2,1.918305979057E1,-7.010510453959E1));
#2397=LINE('',#2396,#2395);
#2398=DIRECTION('',(0.E0,-9.961946980919E-1,-8.715574274545E-2));
#2399=VECTOR('',#2398,4.999999999986E-1);
#2400=CARTESIAN_POINT('',(1.541441041155E2,1.910574470830E1,-6.922138910542E1));
#2401=LINE('',#2400,#2399);
#2402=CARTESIAN_POINT('',(1.541441041155E2,1.910574470830E1,-6.922138910542E1));
#2403=CARTESIAN_POINT('',(1.538941662764E2,1.910598534764E1,-6.922413962561E1));
#2404=CARTESIAN_POINT('',(1.534890352660E2,1.914438992071E1,-6.966310590450E1));
#2405=CARTESIAN_POINT('',(1.538941662764E2,1.918283817552E1,-7.010257146785E1));
#2406=CARTESIAN_POINT('',(1.541441041155E2,1.918305979057E1,-7.010510453959E1));
#2408=CARTESIAN_POINT('',(1.541441041155E2,1.918305979057E1,-7.010510453959E1));
#2409=CARTESIAN_POINT('',(1.543940419545E2,1.918281916415E1,-7.010235416702E1));
#2410=CARTESIAN_POINT('',(1.547992779945E2,1.914440893419E1,-6.966332322953E1));
#2411=CARTESIAN_POINT('',(1.543940419546E2,1.910596633204E1,-6.922392227629E1));
#2412=CARTESIAN_POINT('',(1.541441041155E2,1.910574470830E1,-6.922138910542E1));
#2414=CARTESIAN_POINT('',(1.534339513448E2,1.855954772351E1,-6.871518562446E1));
#2415=CARTESIAN_POINT('',(1.534339513448E2,1.905764507255E1,-6.867160775308E1));
#2416=VERTEX_POINT('',#2414);
#2417=VERTEX_POINT('',#2415);
#2418=VERTEX_POINT('',#850);
#2419=CARTESIAN_POINT('',(1.529116639921E2,1.864720761793E1,-6.971714280252E1));
#2420=VERTEX_POINT('',#2419);
#2421=VERTEX_POINT('',#209);
#2422=VERTEX_POINT('',#214);
#2423=CARTESIAN_POINT('',(1.533129977829E2,1.868314183878E1,-6.439101617210E1));
#2424=CARTESIAN_POINT('',(1.533129977828E2,1.818504448874E1,-6.443459404352E1));
#2425=VERTEX_POINT('',#2423);
#2426=VERTEX_POINT('',#2424);
#2427=CARTESIAN_POINT('',(1.514219803678E2,1.858786314845E1,-6.330197578959E1));
#2428=CARTESIAN_POINT('',(1.514225136877E2,1.808979222218E1,-6.334585567478E1));
#2429=VERTEX_POINT('',#2427);
#2430=VERTEX_POINT('',#2428);
#2431=CARTESIAN_POINT('',(1.511882534781E2,1.809002734774E1,-6.334854317220E1));
#2432=VERTEX_POINT('',#2431);
#2433=CARTESIAN_POINT('',(1.511882534782E2,1.858812469679E1,-6.330496530080E1));
#2434=VERTEX_POINT('',#2433);
#2435=CARTESIAN_POINT('',(1.471050392139E2,1.884539037744E1,-7.198238210928E1));
#2436=CARTESIAN_POINT('',(1.490987421826E2,1.874736636792E1,-7.086196255791E1));
#2437=VERTEX_POINT('',#2435);
#2438=VERTEX_POINT('',#2436);
#2439=VERTEX_POINT('',#240);
#2440=CARTESIAN_POINT('',(1.492196556893E2,1.820296293957E1,-6.463940286932E1));
#2441=VERTEX_POINT('',#2440);
#2442=VERTEX_POINT('',#246);
#2443=CARTESIAN_POINT('',(1.541441041155E2,1.875449519371E1,-7.094344540507E1));
#2444=VERTEX_POINT('',#2443);
#2445=CARTESIAN_POINT('',(1.553765805954E2,1.864720761796E1,-6.971714280291E1));
#2446=VERTEX_POINT('',#2445);
#2447=CARTESIAN_POINT('',(1.548387731183E2,1.855858510602E1,-6.870418285613E1));
#2448=VERTEX_POINT('',#2447);
#2449=CARTESIAN_POINT('',(1.548387731176E2,1.813388088476E1,-6.384979138419E1));
#2450=VERTEX_POINT('',#2449);
#2451=VERTEX_POINT('',#291);
#2452=CARTESIAN_POINT('',(1.515163969043E2,1.795156309752E1,-6.176588955014E1));
#2453=VERTEX_POINT('',#2452);
#2454=CARTESIAN_POINT('',(1.512841370601E2,1.795124866257E1,-6.176229554214E1));
#2455=VERTEX_POINT('',#2454);
#2456=CARTESIAN_POINT('',(1.499220543376E2,1.801835572704E1,-6.252933279890E1));
#2457=VERTEX_POINT('',#2456);
#2458=CARTESIAN_POINT('',(1.479357855960E2,1.811603659986E1,-6.364583027270E1));
#2459=VERTEX_POINT('',#2458);
#2460=VERTEX_POINT('',#310);
#2461=CARTESIAN_POINT('',(1.478148763322E2,1.866044031824E1,-6.986839323909E1));
#2462=VERTEX_POINT('',#2461);
#2463=VERTEX_POINT('',#316);
#2464=CARTESIAN_POINT('',(1.458237978816E2,1.877024810625E1,-7.112350201934E1));
#2465=VERTEX_POINT('',#2464);
#2466=CARTESIAN_POINT('',(1.455825670970E2,1.877054843983E1,-7.112693484788E1));
#2467=VERTEX_POINT('',#2466);
#2468=CARTESIAN_POINT('',(1.437215776988E2,1.867905955986E1,-7.008121217330E1));
#2469=VERTEX_POINT('',#2468);
#2470=VERTEX_POINT('',#335);
#2471=CARTESIAN_POINT('',(1.436005463401E2,1.808852421415E1,-6.333136225328E1));
#2472=VERTEX_POINT('',#2471);
#2473=VERTEX_POINT('',#341);
#2474=CARTESIAN_POINT('',(1.423185758858E2,1.811589577308E1,-6.364422064059E1));
#2475=VERTEX_POINT('',#2474);
#2476=VERTEX_POINT('',#347);
#2477=CARTESIAN_POINT('',(1.422039249320E2,1.873065685687E1,-7.067097195507E1));
#2478=VERTEX_POINT('',#2477);
#2479=VERTEX_POINT('',#353);
#2480=CARTESIAN_POINT('',(1.442975301687E2,1.884528010310E1,-7.198112166775E1));
#2481=VERTEX_POINT('',#2480);
#2482=CARTESIAN_POINT('',(1.455808775859E2,1.890823700635E1,-7.270072236468E1));
#2483=VERTEX_POINT('',#2482);
#2484=CARTESIAN_POINT('',(1.458215784231E2,1.890849957381E1,-7.270372352457E1));
#2485=VERTEX_POINT('',#2484);
#2486=VERTEX_POINT('',#372);
#2487=VERTEX_POINT('',#376);
#2488=CARTESIAN_POINT('',(1.471049709924E2,1.934349103302E1,-7.193884203169E1));
#2489=VERTEX_POINT('',#2488);
#2490=CARTESIAN_POINT('',(1.490987021274E2,1.924546568098E1,-7.081840719199E1));
#2491=VERTEX_POINT('',#2490);
#2492=CARTESIAN_POINT('',(1.458208832365E2,1.940663160919E1,-7.266054211977E1));
#2493=VERTEX_POINT('',#2492);
#2494=CARTESIAN_POINT('',(1.455807956095E2,1.940633111364E1,-7.265710743998E1));
#2495=VERTEX_POINT('',#2494);
#2496=CARTESIAN_POINT('',(1.442975292524E2,1.934337740719E1,-7.193754328260E1));
#2497=VERTEX_POINT('',#2496);
#2498=VERTEX_POINT('',#412);
#2499=CARTESIAN_POINT('',(1.422039461129E2,1.922820383405E1,-7.062110331786E1));
#2500=VERTEX_POINT('',#2499);
#2501=VERTEX_POINT('',#427);
#2502=CARTESIAN_POINT('',(1.423185403825E2,1.861399486889E1,-6.360066272102E1));
#2503=VERTEX_POINT('',#2502);
#2504=VERTEX_POINT('',#439);
#2505=CARTESIAN_POINT('',(1.436005463401E2,1.858662156095E1,-6.328778438211E1));
#2506=VERTEX_POINT('',#2505);
#2507=VERTEX_POINT('',#465);
#2508=CARTESIAN_POINT('',(1.437215402979E2,1.917715507717E1,-7.003761328234E1));
#2509=VERTEX_POINT('',#2508);
#2510=CARTESIAN_POINT('',(1.455830780057E2,1.926867163043E1,-7.108365234682E1));
#2511=VERTEX_POINT('',#2510);
#2512=CARTESIAN_POINT('',(1.458236637028E2,1.926835285655E1,-7.108000874478E1));
#2513=VERTEX_POINT('',#2512);
#2514=VERTEX_POINT('',#489);
#2515=CARTESIAN_POINT('',(1.478148763322E2,1.915853766625E1,-6.982481536775E1));
#2516=VERTEX_POINT('',#2515);
#2517=VERTEX_POINT('',#511);
#2518=CARTESIAN_POINT('',(1.479358278742E2,1.861413186997E1,-6.360222864690E1));
#2519=VERTEX_POINT('',#2518);
#2520=CARTESIAN_POINT('',(1.499222106885E2,1.851644551232E1,-6.248566847344E1));
#2521=VERTEX_POINT('',#2520);
#2522=CARTESIAN_POINT('',(1.512846042363E2,1.844932245088E1,-6.171844837044E1));
#2523=VERTEX_POINT('',#2522);
#2524=CARTESIAN_POINT('',(1.515164035482E2,1.844966078785E1,-6.172231557969E1));
#2525=VERTEX_POINT('',#2524);
#2526=VERTEX_POINT('',#547);
#2527=CARTESIAN_POINT('',(1.548387731176E2,1.863197823711E1,-6.380621351242E1));
#2528=VERTEX_POINT('',#2527);
#2529=VERTEX_POINT('',#569);
#2530=CARTESIAN_POINT('',(1.553765805954E2,1.914530496700E1,-6.967356493138E1));
#2531=VERTEX_POINT('',#2530);
#2532=CARTESIAN_POINT('',(1.541441041155E2,1.925259254275E1,-7.089986753369E1));
#2533=VERTEX_POINT('',#2532);
#2534=CARTESIAN_POINT('',(1.623160840871E2,1.299410922001E1,6.349265891255E-1));
#2535=CARTESIAN_POINT('',(6.748528124018E1,1.299410895148E1,6.349272974986E-1));
#2536=VERTEX_POINT('',#2534);
#2537=VERTEX_POINT('',#2535);
#2538=CARTESIAN_POINT('',(6.359619429552E1,1.313450922076E1,
-9.698551706445E-1));
#2539=VERTEX_POINT('',#2538);
#2540=CARTESIAN_POINT('',(6.211091243879E1,1.326396005106E1,-2.449485048807E0));
#2541=VERTEX_POINT('',#2540);
#2542=CARTESIAN_POINT('',(5.751471938984E1,1.342988766030E1,-4.346046183784E0));
#2543=VERTEX_POINT('',#2542);
#2544=CARTESIAN_POINT('',(-5.751471904143E1,1.342988764823E1,
-4.346046161278E0));
#2545=VERTEX_POINT('',#2544);
#2546=CARTESIAN_POINT('',(-6.211091215506E1,1.326396008889E1,
-2.449485364132E0));
#2547=VERTEX_POINT('',#2546);
#2548=CARTESIAN_POINT('',(-6.359619419899E1,1.313450923437E1,
-9.698552797858E-1));
#2549=VERTEX_POINT('',#2548);
#2550=CARTESIAN_POINT('',(-6.748528106290E1,1.299410894657E1,
6.349273066667E-1));
#2551=VERTEX_POINT('',#2550);
#2552=CARTESIAN_POINT('',(-1.623161596122E2,1.299438011637E1,
6.346957135777E-1));
#2553=VERTEX_POINT('',#2552);
#2554=CARTESIAN_POINT('',(-1.597545489291E2,1.809072049667E1,
-5.761963475439E1));
#2555=VERTEX_POINT('',#2554);
#2556=CARTESIAN_POINT('',(-1.597500061200E2,1.987941262224E1,
-7.806445384677E1));
#2557=VERTEX_POINT('',#2556);
#2558=CARTESIAN_POINT('',(1.597500043799E2,1.987941262225E1,-7.806445384677E1));
#2559=VERTEX_POINT('',#2558);
#2560=CARTESIAN_POINT('',(1.597565503017E2,1.809072130528E1,-5.761964197756E1));
#2561=VERTEX_POINT('',#2560);
#2562=VERTEX_POINT('',#640);
#2563=VERTEX_POINT('',#644);
#2564=CARTESIAN_POINT('',(1.458188819796E2,1.913055188515E1,-6.950493643421E1));
#2565=VERTEX_POINT('',#2564);
#2566=CARTESIAN_POINT('',(1.455804547572E2,1.913043845482E1,-6.950363991953E1));
#2567=VERTEX_POINT('',#2566);
#2568=CARTESIAN_POINT('',(1.451241409581E2,1.910800677067E1,-6.924724458686E1));
#2569=VERTEX_POINT('',#2568);
#2570=VERTEX_POINT('',#663);
#2571=CARTESIAN_POINT('',(1.450053420991E2,1.849392553414E1,-6.222826398985E1));
#2572=VERTEX_POINT('',#2571);
#2573=VERTEX_POINT('',#669);
#2574=CARTESIAN_POINT('',(1.468639133195E2,1.839106551473E1,-6.105256854214E1));
#2575=VERTEX_POINT('',#2574);
#2576=VERTEX_POINT('',#675);
#2577=VERTEX_POINT('',#680);
#2578=VERTEX_POINT('',#685);
#2579=CARTESIAN_POINT('',(1.475493012198E2,1.849496250301E1,-6.224011655330E1));
#2580=VERTEX_POINT('',#2579);
#2581=CARTESIAN_POINT('',(1.465288811471E2,1.854512751071E1,-6.281350520438E1));
#2582=VERTEX_POINT('',#2581);
#2583=VERTEX_POINT('',#700);
#2584=VERTEX_POINT('',#702);
#2585=VERTEX_POINT('',#706);
#2586=CARTESIAN_POINT('',(1.486352825804E2,1.954458711069E1,-7.423738071728E1));
#2587=VERTEX_POINT('',#2586);
#2588=CARTESIAN_POINT('',(1.483969214088E2,1.954448770489E1,-7.423624450369E1));
#2589=VERTEX_POINT('',#2588);
#2590=CARTESIAN_POINT('',(1.474712643144E2,1.949907210295E1,-7.371714179839E1));
#2591=VERTEX_POINT('',#2590);
#2592=CARTESIAN_POINT('',(1.474741403387E2,1.946347796367E1,-7.331029892471E1));
#2593=VERTEX_POINT('',#2592);
#2594=CARTESIAN_POINT('',(1.485100055890E2,1.941256451772E1,-7.272835557467E1));
#2595=VERTEX_POINT('',#2594);
#2596=CARTESIAN_POINT('',(1.505056347790E2,1.931446365635E1,-7.160705749686E1));
#2597=VERTEX_POINT('',#2596);
#2598=VERTEX_POINT('',#730);
#2599=CARTESIAN_POINT('',(1.506235991853E2,1.889045787647E1,-6.676064934274E1));
#2600=VERTEX_POINT('',#2599);
#2601=VERTEX_POINT('',#736);
#2602=VERTEX_POINT('',#741);
#2603=VERTEX_POINT('',#746);
#2604=VERTEX_POINT('',#751);
#2605=VERTEX_POINT('',#753);
#2606=CARTESIAN_POINT('',(1.493383406964E2,1.868330712646E1,-6.439290544634E1));
#2607=VERTEX_POINT('',#2606);
#2608=VERTEX_POINT('',#874);
#2609=CARTESIAN_POINT('',(1.623160361092E2,1.245243372595E1,1.089446784453E0));
#2610=CARTESIAN_POINT('',(6.748528136662E1,1.245243373069E1,1.089446782849E0));
#2611=VERTEX_POINT('',#2609);
#2612=VERTEX_POINT('',#2610);
#2613=CARTESIAN_POINT('',(6.748528137424E1,6.764162000040E0,5.917874932564E-1));
#2614=CARTESIAN_POINT('',(1.623299991299E2,6.764162000040E0,5.917874932564E-1));
#2615=VERTEX_POINT('',#2613);
#2616=VERTEX_POINT('',#2614);
#2617=CARTESIAN_POINT('',(1.643499991299E2,8.776475290186E0,7.678420936066E-1));
#2618=VERTEX_POINT('',#2617);
#2619=CARTESIAN_POINT('',(1.623299991299E2,1.078878858033E1,9.438966939569E-1));
#2620=VERTEX_POINT('',#2619);
#2621=CARTESIAN_POINT('',(6.748528137424E1,1.078878858033E1,9.438966939570E-1));
#2622=VERTEX_POINT('',#2621);
#2623=VERTEX_POINT('',#910);
#2624=CARTESIAN_POINT('',(6.748528137341E1,5.098518787890E0,4.460775948511E-1));
#2625=VERTEX_POINT('',#2624);
#2626=CARTESIAN_POINT('',(6.324264068712E1,6.917325956229E0,-1.158884536883E0));
#2627=VERTEX_POINT('',#2626);
#2628=CARTESIAN_POINT('',(6.175735937114E1,7.046776752512E0,-2.638513909030E0));
#2629=VERTEX_POINT('',#2628);
#2630=CARTESIAN_POINT('',(5.751471862577E1,7.199940713779E0,-4.389185997202E0));
#2631=VERTEX_POINT('',#2630);
#2632=CARTESIAN_POINT('',(-5.751471862576E1,7.199940713778E0,
-4.389185997202E0));
#2633=VERTEX_POINT('',#2632);
#2634=CARTESIAN_POINT('',(-6.175735931290E1,7.046776757588E0,
-2.638513967043E0));
#2635=VERTEX_POINT('',#2634);
#2636=CARTESIAN_POINT('',(-6.324264069352E1,6.917325955671E0,
-1.158884530502E0));
#2637=VERTEX_POINT('',#2636);
#2638=CARTESIAN_POINT('',(-6.748528137424E1,6.764162000040E0,
5.917874932565E-1));
#2639=VERTEX_POINT('',#2638);
#2640=CARTESIAN_POINT('',(-1.623300008701E2,6.764162000040E0,
5.917874932564E-1));
#2641=VERTEX_POINT('',#2640);
#2642=CARTESIAN_POINT('',(-1.623300008701E2,7.548563684769E0,
-8.373964789569E0));
#2643=VERTEX_POINT('',#2642);
#2644=CARTESIAN_POINT('',(1.623299991299E2,7.548563684769E0,-8.373964789569E0));
#2645=VERTEX_POINT('',#2644);
#2646=CARTESIAN_POINT('',(1.491090025282E2,7.194815293369E0,-4.330602173837E0));
#2647=CARTESIAN_POINT('',(1.459090025282E2,7.194815292431E0,-4.330602163127E0));
#2648=VERTEX_POINT('',#2646);
#2649=VERTEX_POINT('',#2647);
#2650=CARTESIAN_POINT('',(-1.459090025282E2,7.194815292431E0,
-4.330602163127E0));
#2651=CARTESIAN_POINT('',(-1.491090025282E2,7.194815293369E0,
-4.330602173837E0));
#2652=VERTEX_POINT('',#2650);
#2653=VERTEX_POINT('',#2651);
#2654=VERTEX_POINT('',#980);
#2655=CARTESIAN_POINT('',(6.748534053968E1,4.642086620292E0,
-5.202642405912E-2));
#2656=VERTEX_POINT('',#2655);
#2657=VERTEX_POINT('',#992);
#2658=CARTESIAN_POINT('',(1.623021030475E2,4.642092834878E0,
-5.203796391126E-2));
#2659=VERTEX_POINT('',#2658);
#2660=VERTEX_POINT('',#1013);
#2661=VERTEX_POINT('',#1037);
#2662=VERTEX_POINT('',#1047);
#2663=VERTEX_POINT('',#1054);
#2664=CARTESIAN_POINT('',(1.665000044418E2,1.315509841151E1,-7.865275510612E1));
#2665=VERTEX_POINT('',#2664);
#2666=CARTESIAN_POINT('',(1.597500043716E2,6.430784199389E0,-7.924105636967E1));
#2667=VERTEX_POINT('',#2666);
#2668=CARTESIAN_POINT('',(1.597500044396E2,1.942489313740E1,-7.860612906758E1));
#2669=VERTEX_POINT('',#2668);
#2670=CARTESIAN_POINT('',(1.660000044418E2,1.319867628288E1,-7.915085245517E1));
#2671=VERTEX_POINT('',#2670);
#2672=CARTESIAN_POINT('',(1.597500047410E2,6.972459419809E0,-7.969557584734E1));
#2673=VERTEX_POINT('',#2672);
#2674=CARTESIAN_POINT('',(-1.597500062481E2,1.942489313740E1,
-7.860612906758E1));
#2675=VERTEX_POINT('',#2674);
#2676=CARTESIAN_POINT('',(-1.665000061820E2,1.315509841151E1,
-7.865275510612E1));
#2677=VERTEX_POINT('',#2676);
#2678=CARTESIAN_POINT('',(-1.597500061117E2,6.430784199389E0,
-7.924105636967E1));
#2679=VERTEX_POINT('',#2678);
#2680=CARTESIAN_POINT('',(-1.597500062171E2,6.972459429335E0,
-7.969557585047E1));
#2681=VERTEX_POINT('',#2680);
#2682=CARTESIAN_POINT('',(-1.660000061820E2,1.319867628288E1,
-7.915085245517E1));
#2683=VERTEX_POINT('',#2682);
#2684=VERTEX_POINT('',#1124);
#2685=VERTEX_POINT('',#1107);
#2686=VERTEX_POINT('',#1112);
#2687=VERTEX_POINT('',#1138);
#2688=VERTEX_POINT('',#1105);
#2689=VERTEX_POINT('',#1160);
#2690=VERTEX_POINT('',#1172);
#2691=CARTESIAN_POINT('',(-6.748528135049E1,5.098507661179E0,
4.460773936071E-1));
#2692=VERTEX_POINT('',#2691);
#2693=CARTESIAN_POINT('',(-6.748528136661E1,1.245243373069E1,1.089446782849E0));
#2694=VERTEX_POINT('',#2693);
#2695=CARTESIAN_POINT('',(-6.748528137424E1,1.078878858033E1,
9.438966939570E-1));
#2696=VERTEX_POINT('',#2695);
#2697=CARTESIAN_POINT('',(-1.623300008701E2,1.078878858033E1,
9.438966939568E-1));
#2698=VERTEX_POINT('',#2697);
#2699=CARTESIAN_POINT('',(-1.643500008701E2,8.776475290186E0,
7.678420936066E-1));
#2700=VERTEX_POINT('',#2699);
#2701=CARTESIAN_POINT('',(-6.324264621866E1,5.111265356769E0,
-1.316898742792E0));
#2702=VERTEX_POINT('',#2701);
#2703=CARTESIAN_POINT('',(-6.175734444363E1,5.111267552925E0,
-2.807833107054E0));
#2704=VERTEX_POINT('',#2703);
#2705=CARTESIAN_POINT('',(-5.751471869676E1,5.098495113295E0,
-4.573048526221E0));
#2706=VERTEX_POINT('',#2705);
#2707=CARTESIAN_POINT('',(5.751471872364E1,5.098511756483E0,-4.573048667640E0));
#2708=VERTEX_POINT('',#2707);
#2709=CARTESIAN_POINT('',(6.175734637044E1,5.111288185971E0,-2.807835210655E0));
#2710=VERTEX_POINT('',#2709);
#2711=CARTESIAN_POINT('',(6.211085765751E1,4.642089385932E0,-3.160103711923E0));
#2712=VERTEX_POINT('',#2711);
#2713=CARTESIAN_POINT('',(-6.748499672414E1,4.642088859554E0,
-5.199285656526E-2));
#2714=VERTEX_POINT('',#2713);
#2715=VERTEX_POINT('',#1309);
#2716=CARTESIAN_POINT('',(-6.211111768819E1,4.642087889992E0,
-3.159778982759E0));
#2717=VERTEX_POINT('',#2716);
#2718=VERTEX_POINT('',#1331);
#2719=CARTESIAN_POINT('',(5.751505942146E1,4.642086367566E0,-5.071168712107E0));
#2720=VERTEX_POINT('',#2719);
#2721=CARTESIAN_POINT('',(1.560090025282E2,4.642093667326E0,-7.760192040094E0));
#2722=CARTESIAN_POINT('',(1.560090025282E2,4.642093667326E0,-1.260192040094E0));
#2723=VERTEX_POINT('',#2721);
#2724=VERTEX_POINT('',#2722);
#2725=CARTESIAN_POINT('',(1.450090025282E2,4.642093667326E0,-1.260192040094E0));
#2726=VERTEX_POINT('',#2725);
#2727=CARTESIAN_POINT('',(1.417590025282E2,4.642093667326E0,-4.510192040094E0));
#2728=VERTEX_POINT('',#2727);
#2729=CARTESIAN_POINT('',(1.450090025282E2,4.642093667326E0,-7.760192040094E0));
#2730=VERTEX_POINT('',#2729);
#2731=CARTESIAN_POINT('',(-1.450090025282E2,4.642093667326E0,
-7.760192040094E0));
#2732=CARTESIAN_POINT('',(-1.417590025282E2,4.642093667326E0,
-4.510192040094E0));
#2733=VERTEX_POINT('',#2731);
#2734=VERTEX_POINT('',#2732);
#2735=CARTESIAN_POINT('',(-1.450090025282E2,4.642093667326E0,
-1.260192040094E0));
#2736=VERTEX_POINT('',#2735);
#2737=CARTESIAN_POINT('',(-1.560090025282E2,4.642093667326E0,
-1.260192040094E0));
#2738=VERTEX_POINT('',#2737);
#2739=CARTESIAN_POINT('',(-1.560090025282E2,4.642093667326E0,
-7.760192040094E0));
#2740=VERTEX_POINT('',#2739);
#2741=VERTEX_POINT('',#1364);
#2742=VERTEX_POINT('',#1374);
#2743=CARTESIAN_POINT('',(1.592590025282E2,5.045046149019E0,-6.340199797597E1));
#2744=VERTEX_POINT('',#2743);
#2745=VERTEX_POINT('',#1386);
#2746=VERTEX_POINT('',#1470);
#2747=VERTEX_POINT('',#1480);
#2748=CARTESIAN_POINT('',(-1.592590025282E2,6.007421447804E0,
-7.440199797597E1));
#2749=VERTEX_POINT('',#2748);
#2750=VERTEX_POINT('',#1494);
#2751=CARTESIAN_POINT('',(1.592590025282E2,7.642093667326E0,-7.440199797597E1));
#2752=VERTEX_POINT('',#2751);
#2753=CARTESIAN_POINT('',(1.527590025282E2,7.642093667326E0,-7.440199797597E1));
#2754=VERTEX_POINT('',#2753);
#2755=CARTESIAN_POINT('',(1.592590025282E2,7.642093667326E0,-6.340199797597E1));
#2756=VERTEX_POINT('',#2755);
#2757=CARTESIAN_POINT('',(1.527590025282E2,7.642093667326E0,-6.340199797597E1));
#2758=VERTEX_POINT('',#2757);
#2759=CARTESIAN_POINT('',(-1.592590025282E2,7.642093667326E0,
-6.340199797597E1));
#2760=VERTEX_POINT('',#2759);
#2761=CARTESIAN_POINT('',(-1.527590025282E2,7.642093667326E0,
-6.340199797597E1));
#2762=VERTEX_POINT('',#2761);
#2763=CARTESIAN_POINT('',(-1.592590025282E2,7.642093667326E0,
-7.440199797597E1));
#2764=VERTEX_POINT('',#2763);
#2765=CARTESIAN_POINT('',(-1.527590025282E2,7.642093667326E0,
-7.440199797597E1));
#2766=VERTEX_POINT('',#2765);
#2767=CARTESIAN_POINT('',(1.560090025282E2,5.642093667326E0,-1.260192040094E0));
#2768=VERTEX_POINT('',#2767);
#2769=CARTESIAN_POINT('',(1.560090025282E2,5.642093667326E0,-7.760192040094E0));
#2770=VERTEX_POINT('',#2769);
#2771=CARTESIAN_POINT('',(1.450090025282E2,5.642093667326E0,-1.260192040094E0));
#2772=VERTEX_POINT('',#2771);
#2773=CARTESIAN_POINT('',(1.450090025282E2,5.642093667326E0,-7.760192040094E0));
#2774=VERTEX_POINT('',#2773);
#2775=CARTESIAN_POINT('',(1.417590025282E2,5.642093667326E0,-4.510192040094E0));
#2776=VERTEX_POINT('',#2775);
#2777=VERTEX_POINT('',#1567);
#2778=VERTEX_POINT('',#1572);
#2779=VERTEX_POINT('',#1671);
#2780=VERTEX_POINT('',#1585);
#2781=VERTEX_POINT('',#1656);
#2782=CARTESIAN_POINT('',(1.447590025284E2,5.821797597117E0,-4.450748253805E0));
#2783=CARTESIAN_POINT('',(1.459090025282E2,6.967419537270E0,-4.350496716422E0));
#2784=VERTEX_POINT('',#2782);
#2785=VERTEX_POINT('',#2783);
#2786=CARTESIAN_POINT('',(1.475090541897E2,6.827970349215E0,-2.756585203378E0));
#2787=VERTEX_POINT('',#2786);
#2788=CARTESIAN_POINT('',(1.491090025282E2,6.967419537514E0,-4.350496719212E0));
#2789=VERTEX_POINT('',#2788);
#2790=CARTESIAN_POINT('',(1.502590025282E2,5.821795632929E0,-4.450725803037E0));
#2791=VERTEX_POINT('',#2790);
#2792=CARTESIAN_POINT('',(-1.450090025282E2,5.642093667326E0,
-1.260192040094E0));
#2793=CARTESIAN_POINT('',(-1.417590025282E2,5.642093667326E0,
-4.510192040094E0));
#2794=VERTEX_POINT('',#2792);
#2795=VERTEX_POINT('',#2793);
#2796=CARTESIAN_POINT('',(-1.450090025282E2,5.642093667326E0,
-7.760192040094E0));
#2797=VERTEX_POINT('',#2796);
#2798=CARTESIAN_POINT('',(-1.560090025282E2,5.642093667326E0,
-1.260192040094E0));
#2799=VERTEX_POINT('',#2798);
#2800=CARTESIAN_POINT('',(-1.560090025282E2,5.642093667326E0,
-7.760192040094E0));
#2801=VERTEX_POINT('',#2800);
#2802=VERTEX_POINT('',#1749);
#2803=VERTEX_POINT('',#1754);
#2804=VERTEX_POINT('',#1706);
#2805=VERTEX_POINT('',#1719);
#2806=VERTEX_POINT('',#1726);
#2807=CARTESIAN_POINT('',(-1.502590025282E2,5.821795634709E0,
-4.450725823372E0));
#2808=VERTEX_POINT('',#2807);
#2809=CARTESIAN_POINT('',(-1.475090541917E2,6.827970349215E0,
-2.756585203378E0));
#2810=VERTEX_POINT('',#2809);
#2811=CARTESIAN_POINT('',(-1.491090025282E2,6.967419537514E0,
-4.350496719212E0));
#2812=VERTEX_POINT('',#2811);
#2813=CARTESIAN_POINT('',(-1.447590025340E2,5.821811213215E0,
-4.450903886507E0));
#2814=VERTEX_POINT('',#2813);
#2815=CARTESIAN_POINT('',(-1.459090025282E2,6.967420118084E0,
-4.350503355161E0));
#2816=VERTEX_POINT('',#2815);
#2817=CARTESIAN_POINT('',(-6.324264070837E1,1.260559768048E1,
-6.612252246242E-1));
#2818=VERTEX_POINT('',#2817);
#2819=CARTESIAN_POINT('',(-6.324264069857E1,1.094195253552E1,
-8.067753247683E-1));
#2820=VERTEX_POINT('',#2819);
#2821=CARTESIAN_POINT('',(-6.175735930924E1,1.107140333820E1,
-2.286404769995E0));
#2822=VERTEX_POINT('',#2821);
#2823=CARTESIAN_POINT('',(-6.175735928440E1,1.273504847644E1,
-2.140854699561E0));
#2824=VERTEX_POINT('',#2823);
#2825=CARTESIAN_POINT('',(1.623299991299E2,1.157319026506E1,-8.021855588869E0));
#2826=VERTEX_POINT('',#2825);
#2827=CARTESIAN_POINT('',(-1.623300008701E2,1.157319026506E1,
-8.021855588869E0));
#2828=VERTEX_POINT('',#2827);
#2829=CARTESIAN_POINT('',(-5.751471862576E1,1.122456729407E1,
-4.037076796502E0));
#2830=VERTEX_POINT('',#2829);
#2831=CARTESIAN_POINT('',(5.751471862576E1,1.122456729407E1,-4.037076796502E0));
#2832=VERTEX_POINT('',#2831);
#2833=CARTESIAN_POINT('',(6.175735931289E1,1.107140333788E1,-2.286404766354E0));
#2834=VERTEX_POINT('',#2833);
#2835=CARTESIAN_POINT('',(6.324264069638E1,1.094195253571E1,
-8.067753269476E-1));
#2836=VERTEX_POINT('',#2835);
#2837=CARTESIAN_POINT('',(1.643499991299E2,9.560876974915E0,-8.197910189219E0));
#2838=VERTEX_POINT('',#2837);
#2839=CARTESIAN_POINT('',(-1.643500008701E2,9.560876974915E0,
-8.197910189219E0));
#2840=VERTEX_POINT('',#2839);
#2841=CARTESIAN_POINT('',(-5.751471862576E1,1.288821243989E1,
-3.891526706116E0));
#2842=VERTEX_POINT('',#2841);
#2843=CARTESIAN_POINT('',(5.751471872830E1,1.288821243044E1,-3.891526703008E0));
#2844=VERTEX_POINT('',#2843);
#2845=CARTESIAN_POINT('',(6.175735930451E1,1.273504848443E1,-2.140854684325E0));
#2846=VERTEX_POINT('',#2845);
#2847=CARTESIAN_POINT('',(6.324264072603E1,1.260559768351E1,
-6.612252092798E-1));
#2848=VERTEX_POINT('',#2847);
#2849=CARTESIAN_POINT('',(1.462891615914E2,1.860933969066E1,-6.928431041270E1));
#2850=VERTEX_POINT('',#2849);
#2851=VERTEX_POINT('',#2001);
#2852=VERTEX_POINT('',#2008);
#2853=CARTESIAN_POINT('',(1.455804548969E2,1.863234111407E1,-6.954721788583E1));
#2854=VERTEX_POINT('',#2853);
#2855=VERTEX_POINT('',#2023);
#2856=CARTESIAN_POINT('',(1.450053337764E2,1.859214994701E1,-6.908783072314E1));
#2857=VERTEX_POINT('',#2856);
#2858=VERTEX_POINT('',#2038);
#2859=CARTESIAN_POINT('',(1.451264934126E2,1.797816448116E1,-6.206994474978E1));
#2860=VERTEX_POINT('',#2859);
#2861=VERTEX_POINT('',#2040);
#2862=CARTESIAN_POINT('',(1.481279793028E2,1.779234035233E1,-5.994596520375E1));
#2863=VERTEX_POINT('',#2862);
#2864=CARTESIAN_POINT('',(1.493951195498E2,1.790058274908E1,-6.118318150031E1));
#2865=VERTEX_POINT('',#2864);
#2866=CARTESIAN_POINT('',(1.481279793028E2,1.800882158452E1,-6.242035705130E1));
#2867=VERTEX_POINT('',#2866);
#2868=CARTESIAN_POINT('',(1.475493012198E2,1.799686515396E1,-6.228369442467E1));
#2869=VERTEX_POINT('',#2868);
#2870=VERTEX_POINT('',#2080);
#2871=CARTESIAN_POINT('',(1.464101131335E2,1.806479372850E1,-6.306012154760E1));
#2872=VERTEX_POINT('',#2871);
#2873=VERTEX_POINT('',#2156);
#2874=VERTEX_POINT('',#2160);
#2875=CARTESIAN_POINT('',(1.481280035404E2,1.843733799127E1,-6.158146537025E1));
#2876=VERTEX_POINT('',#2875);
#2877=VERTEX_POINT('',#2182);
#2878=CARTESIAN_POINT('',(1.519082689208E2,1.888553834089E1,-7.244127543897E1));
#2879=VERTEX_POINT('',#2878);
#2880=CARTESIAN_POINT('',(1.520291791470E2,1.886767222577E1,-7.223706480875E1));
#2881=VERTEX_POINT('',#2880);
#2882=CARTESIAN_POINT('',(1.486376625961E2,1.904637343371E1,-7.427962895425E1));
#2883=VERTEX_POINT('',#2882);
#2884=CARTESIAN_POINT('',(1.483968321009E2,1.904638597516E1,-7.427977230358E1));
#2885=VERTEX_POINT('',#2884);
#2886=VERTEX_POINT('',#2209);
#2887=CARTESIAN_POINT('',(1.474741598486E2,1.896537965863E1,-7.335386586897E1));
#2888=VERTEX_POINT('',#2887);
#2889=CARTESIAN_POINT('',(1.485100729515E2,1.891446390418E1,-7.277189613260E1));
#2890=VERTEX_POINT('',#2889);
#2891=VERTEX_POINT('',#2223);
#2892=CARTESIAN_POINT('',(1.506244007098E2,1.879860671089E1,-7.144764236690E1));
#2893=VERTEX_POINT('',#2892);
#2894=VERTEX_POINT('',#2255);
#2895=CARTESIAN_POINT('',(1.500604166546E2,1.830241933421E1,-6.577619467059E1));
#2896=VERTEX_POINT('',#2895);
#2897=CARTESIAN_POINT('',(1.513275569015E2,1.819418071742E1,-6.453902163486E1));
#2898=VERTEX_POINT('',#2897);
#2899=CARTESIAN_POINT('',(1.525946123170E2,1.830241933286E1,-6.577619467071E1));
#2900=VERTEX_POINT('',#2899);
#2901=CARTESIAN_POINT('',(1.520291820867E2,1.839254163233E1,-6.680629726734E1));
#2902=VERTEX_POINT('',#2901);
#2903=VERTEX_POINT('',#2336);
#2904=VERTEX_POINT('',#2340);
#2905=CARTESIAN_POINT('',(1.513275306442E2,1.876185777647E1,-6.529074348839E1));
#2906=VERTEX_POINT('',#2905);
#2907=VERTEX_POINT('',#2362);
#2908=CARTESIAN_POINT('',(1.541441041155E2,1.910574470830E1,-6.922138910542E1));
#2909=VERTEX_POINT('',#2908);
#2910=VERTEX_POINT('',#2408);
#2911=CARTESIAN_POINT('',(1.529289230730E2,1.866542748468E1,-6.992539683258E1));
#2912=CARTESIAN_POINT('',(1.529172722631E2,1.865926458971E1,-6.985495462075E1));
#2913=CARTESIAN_POINT('',(1.528776396588E2,1.861625753327E1,-6.936338171622E1));
#2914=CARTESIAN_POINT('',(1.531554760474E2,1.857317441974E1,-6.887093947522E1));
#2915=CARTESIAN_POINT('',(1.535519816973E2,1.855292297246E1,-6.863946437362E1));
#2916=CARTESIAN_POINT('',(1.536158078107E2,1.855027973203E1,-6.860925199724E1));
#2918=DIRECTION('',(0.E0,9.961946980917E-1,8.715574274766E-2));
#2919=VECTOR('',#2918,1.E0);
#2920=SURFACE_OF_LINEAR_EXTRUSION('',#2917,#2919);
#2922=ORIENTED_EDGE('',*,*,#2921,.T.);
#2924=ORIENTED_EDGE('',*,*,#2923,.F.);
#2926=ORIENTED_EDGE('',*,*,#2925,.T.);
#2928=ORIENTED_EDGE('',*,*,#2927,.F.);
#2929=EDGE_LOOP('',(#2922,#2924,#2926,#2928));
#2930=FACE_OUTER_BOUND('',#2929,.F.);
#2931=ADVANCED_FACE('',(#2930),#2920,.F.);
#2932=CARTESIAN_POINT('',(1.534339513448E2,1.770481510980E1,-6.468240376772E1));
#2933=DIRECTION('',(-1.E0,0.E0,0.E0));
#2934=DIRECTION('',(0.E0,0.E0,1.E0));
#2935=AXIS2_PLACEMENT_3D('',#2932,#2933,#2934);
#2936=PLANE('',#2935);
#2938=ORIENTED_EDGE('',*,*,#2937,.F.);
#2940=ORIENTED_EDGE('',*,*,#2939,.T.);
#2941=ORIENTED_EDGE('',*,*,#2921,.F.);
#2943=ORIENTED_EDGE('',*,*,#2942,.T.);
#2944=EDGE_LOOP('',(#2938,#2940,#2941,#2943));
#2945=FACE_OUTER_BOUND('',#2944,.F.);
#2946=ADVANCED_FACE('',(#2945),#2936,.F.);
#2947=CARTESIAN_POINT('',(1.534338942221E2,1.820335506743E1,-6.464388493551E1));
#2948=CARTESIAN_POINT('',(1.534339312323E2,1.820320714226E1,-6.464219414317E1));
#2949=CARTESIAN_POINT('',(1.534339634029E2,1.820294936887E1,-6.463924777992E1));
#2950=CARTESIAN_POINT('',(1.534332629296E2,1.819543562655E1,-6.455336531220E1));
#2951=CARTESIAN_POINT('',(1.533858142684E2,1.818853452043E1,-6.447448530829E1));
#2952=CARTESIAN_POINT('',(1.533099917815E2,1.818489853254E1,-6.443292577657E1));
#2953=CARTESIAN_POINT('',(1.533084716558E2,1.818482745524E1,-6.443211335928E1));
#2955=DIRECTION('',(0.E0,9.961946980917E-1,8.715574274763E-2));
#2956=VECTOR('',#2955,1.E0);
#2957=SURFACE_OF_LINEAR_EXTRUSION('',#2954,#2956);
#2959=ORIENTED_EDGE('',*,*,#2958,.F.);
#2961=ORIENTED_EDGE('',*,*,#2960,.F.);
#2962=ORIENTED_EDGE('',*,*,#2937,.T.);
#2964=ORIENTED_EDGE('',*,*,#2963,.F.);
#2965=EDGE_LOOP('',(#2959,#2961,#2962,#2964));
#2966=FACE_OUTER_BOUND('',#2965,.F.);
#2967=ADVANCED_FACE('',(#2966),#2957,.F.);
#2968=CARTESIAN_POINT('',(1.514252686519E2,1.759183269426E1,-6.339100884883E1));
#2969=DIRECTION('',(-5.004934789922E-1,7.545423939869E-2,-8.624459027922E-1));
#2970=DIRECTION('',(-8.649115359169E-1,0.E0,5.019243319843E-1));
#2971=AXIS2_PLACEMENT_3D('',#2968,#2969,#2970);
#2972=PLANE('',#2971);
#2974=ORIENTED_EDGE('',*,*,#2973,.F.);
#2976=ORIENTED_EDGE('',*,*,#2975,.T.);
#2977=ORIENTED_EDGE('',*,*,#2958,.T.);
#2979=ORIENTED_EDGE('',*,*,#2978,.F.);
#2980=EDGE_LOOP('',(#2974,#2976,#2977,#2979));
#2981=FACE_OUTER_BOUND('',#2980,.F.);
#2982=ADVANCED_FACE('',(#2981),#2972,.F.);
#2983=CARTESIAN_POINT('',(1.513077175611E2,1.810765294181E1,-6.355000463428E1));
#2984=DIRECTION('',(0.E0,9.961946980917E-1,8.715574274770E-2));
#2985=DIRECTION('',(4.855427133591E-1,-7.619267855600E-2,8.708863009821E-1));
#2986=AXIS2_PLACEMENT_3D('',#2983,#2984,#2985);
#2987=CYLINDRICAL_SURFACE('',#2986,2.348809259816E-1);
#2989=ORIENTED_EDGE('',*,*,#2988,.F.);
#2991=ORIENTED_EDGE('',*,*,#2990,.T.);
#2993=ORIENTED_EDGE('',*,*,#2992,.F.);
#2994=ORIENTED_EDGE('',*,*,#2973,.T.);
#2995=EDGE_LOOP('',(#2989,#2991,#2993,#2994));
#2996=FACE_OUTER_BOUND('',#2995,.F.);
#2997=ADVANCED_FACE('',(#2996),#2987,.T.);
#2998=CARTESIAN_POINT('',(1.491862957015E2,1.873995913949E1,-7.077729754511E1));
#2999=DIRECTION('',(0.E0,9.961946980917E-1,8.715574274766E-2));
#3000=DIRECTION('',(1.E0,0.E0,0.E0));
#3001=AXIS2_PLACEMENT_3D('',#2998,#2999,#3000);
#3002=PLANE('',#3001);
#3004=ORIENTED_EDGE('',*,*,#3003,.T.);
#3006=ORIENTED_EDGE('',*,*,#3005,.T.);
#3008=ORIENTED_EDGE('',*,*,#3007,.F.);
#3010=ORIENTED_EDGE('',*,*,#3009,.T.);
#3012=ORIENTED_EDGE('',*,*,#3011,.T.);
#3013=ORIENTED_EDGE('',*,*,#2988,.T.);
#3014=ORIENTED_EDGE('',*,*,#2978,.T.);
#3015=ORIENTED_EDGE('',*,*,#2963,.T.);
#3016=ORIENTED_EDGE('',*,*,#2942,.F.);
#3017=ORIENTED_EDGE('',*,*,#2927,.T.);
#3019=ORIENTED_EDGE('',*,*,#3018,.T.);
#3021=ORIENTED_EDGE('',*,*,#3020,.T.);
#3023=ORIENTED_EDGE('',*,*,#3022,.T.);
#3025=ORIENTED_EDGE('',*,*,#3024,.F.);
#3027=ORIENTED_EDGE('',*,*,#3026,.T.);
#3029=ORIENTED_EDGE('',*,*,#3028,.T.);
#3031=ORIENTED_EDGE('',*,*,#3030,.T.);
#3033=ORIENTED_EDGE('',*,*,#3032,.F.);
#3035=ORIENTED_EDGE('',*,*,#3034,.T.);
#3037=ORIENTED_EDGE('',*,*,#3036,.T.);
#3039=ORIENTED_EDGE('',*,*,#3038,.F.);
#3041=ORIENTED_EDGE('',*,*,#3040,.T.);
#3043=ORIENTED_EDGE('',*,*,#3042,.T.);
#3045=ORIENTED_EDGE('',*,*,#3044,.T.);
#3047=ORIENTED_EDGE('',*,*,#3046,.T.);
#3049=ORIENTED_EDGE('',*,*,#3048,.T.);
#3051=ORIENTED_EDGE('',*,*,#3050,.F.);
#3053=ORIENTED_EDGE('',*,*,#3052,.T.);
#3055=ORIENTED_EDGE('',*,*,#3054,.F.);
#3057=ORIENTED_EDGE('',*,*,#3056,.T.);
#3059=ORIENTED_EDGE('',*,*,#3058,.F.);
#3061=ORIENTED_EDGE('',*,*,#3060,.T.);
#3063=ORIENTED_EDGE('',*,*,#3062,.T.);
#3065=ORIENTED_EDGE('',*,*,#3064,.T.);
#3067=ORIENTED_EDGE('',*,*,#3066,.T.);
#3069=ORIENTED_EDGE('',*,*,#3068,.T.);
#3070=EDGE_LOOP('',(#3004,#3006,#3008,#3010,#3012,#3013,#3014,#3015,#3016,#3017,
#3019,#3021,#3023,#3025,#3027,#3029,#3031,#3033,#3035,#3037,#3039,#3041,#3043,
#3045,#3047,#3049,#3051,#3053,#3055,#3057,#3059,#3061,#3063,#3065,#3067,#3069));
#3071=FACE_OUTER_BOUND('',#3070,.F.);
#3073=ORIENTED_EDGE('',*,*,#3072,.T.);
#3075=ORIENTED_EDGE('',*,*,#3074,.T.);
#3076=EDGE_LOOP('',(#3073,#3075));
#3077=FACE_BOUND('',#3076,.F.);
#3078=ADVANCED_FACE('',(#3071,#3077),#3002,.T.);
#3079=CARTESIAN_POINT('',(1.471048467691E2,1.834729092198E1,-7.202593590415E1));
#3080=DIRECTION('',(4.912925854033E-1,7.591218140720E-2,-8.676802039010E-1));
#3081=DIRECTION('',(0.E0,-9.961946980917E-1,-8.715574274766E-2));
#3082=AXIS2_PLACEMENT_3D('',#3079,#3080,#3081);
#3083=PLANE('',#3082);
#3085=ORIENTED_EDGE('',*,*,#3084,.F.);
#3087=ORIENTED_EDGE('',*,*,#3086,.F.);
#3089=ORIENTED_EDGE('',*,*,#3088,.T.);
#3090=ORIENTED_EDGE('',*,*,#3003,.F.);
#3091=EDGE_LOOP('',(#3085,#3087,#3089,#3090));
#3092=FACE_OUTER_BOUND('',#3091,.F.);
#3093=ADVANCED_FACE('',(#3092),#3083,.F.);
#3094=CARTESIAN_POINT('',(1.458242950658E2,1.841027078621E1,-7.274579904630E1));
#3095=DIRECTION('',(4.913139867088E-1,7.591112926730E-2,-8.676681778869E-1));
#3096=DIRECTION('',(0.E0,-9.961946980917E-1,-8.715574274766E-2));
#3097=AXIS2_PLACEMENT_3D('',#3094,#3095,#3096);
#3098=PLANE('',#3097);
#3100=ORIENTED_EDGE('',*,*,#3099,.F.);
#3102=ORIENTED_EDGE('',*,*,#3101,.F.);
#3103=ORIENTED_EDGE('',*,*,#3084,.T.);
#3104=ORIENTED_EDGE('',*,*,#3068,.F.);
#3105=EDGE_LOOP('',(#3100,#3102,#3103,#3104));
#3106=FACE_OUTER_BOUND('',#3105,.F.);
#3107=ADVANCED_FACE('',(#3106),#3098,.F.);
#3108=CARTESIAN_POINT('',(1.457039121431E2,1.888978775111E1,-7.248984641236E1));
#3109=DIRECTION('',(-2.580137194858E-14,9.961946980917E-1,8.715574274770E-2));
#3110=DIRECTION('',(4.769111473970E-1,7.660567172090E-2,-8.756068344575E-1));
#3111=AXIS2_PLACEMENT_3D('',#3108,#3109,#3110);
#3112=CYLINDRICAL_SURFACE('',#3111,2.448242326110E-1);
#3113=ORIENTED_EDGE('',*,*,#3066,.F.);
#3115=ORIENTED_EDGE('',*,*,#3114,.F.);
#3117=ORIENTED_EDGE('',*,*,#3116,.F.);
#3118=ORIENTED_EDGE('',*,*,#3099,.T.);
#3119=EDGE_LOOP('',(#3113,#3115,#3117,#3118));
#3120=FACE_OUTER_BOUND('',#3119,.F.);
#3121=ADVANCED_FACE('',(#3120),#3112,.F.);
#3122=CARTESIAN_POINT('',(1.442975300303E2,1.834718274726E1,-7.202469946151E1));
#3123=DIRECTION('',(-4.905064843927E-1,7.595078618928E-2,-8.681214585794E-1));
#3124=DIRECTION('',(-8.706362325539E-1,0.E0,4.919273834260E-1));
#3125=AXIS2_PLACEMENT_3D('',#3122,#3123,#3124);
#3126=PLANE('',#3125);
#3128=ORIENTED_EDGE('',*,*,#3127,.F.);
#3130=ORIENTED_EDGE('',*,*,#3129,.F.);
#3131=ORIENTED_EDGE('',*,*,#3114,.T.);
#3132=ORIENTED_EDGE('',*,*,#3064,.F.);
#3133=EDGE_LOOP('',(#3128,#3130,#3131,#3132));
#3134=FACE_OUTER_BOUND('',#3133,.F.);
#3135=ADVANCED_FACE('',(#3134),#3126,.F.);
#3136=CARTESIAN_POINT('',(1.423251249228E2,1.825041742892E1,-7.091866681173E1));
#3137=DIRECTION('',(-4.905228796114E-1,7.594998186483E-2,-8.681122651089E-1));
#3138=DIRECTION('',(-8.706269589577E-1,0.E0,4.919437959118E-1));
#3139=AXIS2_PLACEMENT_3D('',#3136,#3137,#3138);
#3140=PLANE('',#3139);
#3142=ORIENTED_EDGE('',*,*,#3141,.F.);
#3144=ORIENTED_EDGE('',*,*,#3143,.T.);
#3145=ORIENTED_EDGE('',*,*,#3127,.T.);
#3146=ORIENTED_EDGE('',*,*,#3062,.F.);
#3147=EDGE_LOOP('',(#3142,#3144,#3145,#3146));
#3148=FACE_OUTER_BOUND('',#3147,.F.);
#3149=ADVANCED_FACE('',(#3148),#3140,.F.);
#3150=CARTESIAN_POINT('',(1.423296149680E2,1.874872905739E1,-7.087753816567E1));
#3151=CARTESIAN_POINT('',(1.423280576129E2,1.874865648668E1,-7.087670867854E1));
#3152=CARTESIAN_POINT('',(1.423254357442E2,1.874853109724E1,-7.087527547052E1));
#3153=CARTESIAN_POINT('',(1.422494965657E2,1.874473935365E1,-7.083193564306E1));
#3154=CARTESIAN_POINT('',(1.422030950805E2,1.873778586479E1,-7.075245690173E1));
#3155=CARTESIAN_POINT('',(1.422039428485E2,1.873033816698E1,-7.066732932620E1));
#3156=CARTESIAN_POINT('',(1.422039877533E2,1.873016546519E1,-7.066535533572E1));
#3157=CARTESIAN_POINT('',(1.422039973527E2,1.873013126406E1,-7.066496441504E1));
#3158=CARTESIAN_POINT('',(1.422040441350E2,1.872996954613E1,-7.066311597059E1));
#3159=CARTESIAN_POINT('',(1.422041129790E2,1.872980794374E1,-7.066126886024E1));
#3160=CARTESIAN_POINT('',(1.422041975715E2,1.872965616438E1,-7.065953421833E1));
#3162=DIRECTION('',(0.E0,9.961946980917E-1,8.715574274767E-2));
#3163=VECTOR('',#3162,1.E0);
#3164=SURFACE_OF_LINEAR_EXTRUSION('',#3161,#3163);
#3166=ORIENTED_EDGE('',*,*,#3165,.T.);
#3168=ORIENTED_EDGE('',*,*,#3167,.F.);
#3169=ORIENTED_EDGE('',*,*,#3141,.T.);
#3170=ORIENTED_EDGE('',*,*,#3060,.F.);
#3171=EDGE_LOOP('',(#3166,#3168,#3169,#3170));
#3172=FACE_OUTER_BOUND('',#3171,.F.);
#3173=ADVANCED_FACE('',(#3172),#3164,.F.);
#3174=CARTESIAN_POINT('',(1.421975464248E2,1.763568618642E1,-6.389225655786E1));
#3175=DIRECTION('',(-9.999995662539E-1,8.117620238564E-5,-9.278482390074E-4));
#3176=DIRECTION('',(-9.278482420645E-4,0.E0,9.999995695487E-1));
#3177=AXIS2_PLACEMENT_3D('',#3174,#3175,#3176);
#3178=PLANE('',#3177);
#3180=ORIENTED_EDGE('',*,*,#3179,.F.);
#3182=ORIENTED_EDGE('',*,*,#3181,.T.);
#3183=ORIENTED_EDGE('',*,*,#3165,.F.);
#3184=ORIENTED_EDGE('',*,*,#3058,.T.);
#3185=EDGE_LOOP('',(#3180,#3182,#3183,#3184));
#3186=FACE_OUTER_BOUND('',#3185,.F.);
#3187=ADVANCED_FACE('',(#3186),#3178,.F.);
#3188=CARTESIAN_POINT('',(1.421976085142E2,1.813424573700E1,-6.385396167441E1));
#3189=CARTESIAN_POINT('',(1.421975698390E2,1.813409757838E1,-6.385226821379E1));
#3190=CARTESIAN_POINT('',(1.421975339963E2,1.813383318081E1,-6.384924613581E1));
#3191=CARTESIAN_POINT('',(1.421981951468E2,1.812630753410E1,-6.376322760019E1));
#3192=CARTESIAN_POINT('',(1.422456992882E2,1.811938862785E1,-6.368414413989E1));
#3193=CARTESIAN_POINT('',(1.423215869665E2,1.811574957087E1,-6.364254952826E1));
#3194=CARTESIAN_POINT('',(1.423231096907E2,1.811567837772E1,-6.364173578678E1));
#3196=DIRECTION('',(0.E0,9.961946980917E-1,8.715574274766E-2));
#3197=VECTOR('',#3196,1.E0);
#3198=SURFACE_OF_LINEAR_EXTRUSION('',#3195,#3197);
#3200=ORIENTED_EDGE('',*,*,#3199,.F.);
#3202=ORIENTED_EDGE('',*,*,#3201,.F.);
#3203=ORIENTED_EDGE('',*,*,#3179,.T.);
#3204=ORIENTED_EDGE('',*,*,#3056,.F.);
#3205=EDGE_LOOP('',(#3200,#3202,#3203,#3204));
#3206=FACE_OUTER_BOUND('',#3205,.F.);
#3207=ADVANCED_FACE('',(#3206),#3198,.F.);
#3208=CARTESIAN_POINT('',(1.432387985631E2,1.757255884723E1,-6.317070776913E1));
#3209=DIRECTION('',(-4.912967564801E-1,-7.591197635172E-2,8.676778601062E-1));
#3210=DIRECTION('',(-1.527014128177E-1,9.882723706163E-1,1.953752598430E-14));
#3211=AXIS2_PLACEMENT_3D('',#3208,#3209,#3210);
#3212=PLANE('',#3211);
#3214=ORIENTED_EDGE('',*,*,#3213,.T.);
#3216=ORIENTED_EDGE('',*,*,#3215,.T.);
#3217=ORIENTED_EDGE('',*,*,#3199,.T.);
#3218=ORIENTED_EDGE('',*,*,#3054,.T.);
#3219=EDGE_LOOP('',(#3214,#3216,#3217,#3218));
#3220=FACE_OUTER_BOUND('',#3219,.F.);
#3221=ADVANCED_FACE('',(#3220),#3212,.F.);
#3222=CARTESIAN_POINT('',(1.432292042098E2,1.807115193130E1,-6.313279617552E1));
#3223=CARTESIAN_POINT('',(1.432323883399E2,1.807097936705E1,-6.313082375679E1));
#3224=CARTESIAN_POINT('',(1.432371883848E2,1.807073151324E1,-6.312799077463E1));
#3225=CARTESIAN_POINT('',(1.434017287571E2,1.806284358700E1,-6.303783136528E1));
#3226=CARTESIAN_POINT('',(1.436045226834E2,1.807302217490E1,-6.315417315725E1));
#3227=CARTESIAN_POINT('',(1.436004660117E2,1.808916098298E1,-6.333864057776E1));
#3228=CARTESIAN_POINT('',(1.436003034291E2,1.808948283738E1,-6.334231939039E1));
#3230=DIRECTION('',(0.E0,9.961946980917E-1,8.715574274765E-2));
#3231=VECTOR('',#3230,1.E0);
#3232=SURFACE_OF_LINEAR_EXTRUSION('',#3229,#3231);
#3234=ORIENTED_EDGE('',*,*,#3233,.T.);
#3236=ORIENTED_EDGE('',*,*,#3235,.F.);
#3237=ORIENTED_EDGE('',*,*,#3213,.F.);
#3238=ORIENTED_EDGE('',*,*,#3052,.F.);
#3239=EDGE_LOOP('',(#3234,#3236,#3237,#3238));
#3240=FACE_OUTER_BOUND('',#3239,.F.);
#3241=ADVANCED_FACE('',(#3240),#3232,.F.);
#3242=CARTESIAN_POINT('',(1.436005463401E2,1.816309288490E1,-6.992054270633E1));
#3243=DIRECTION('',(1.E0,0.E0,0.E0));
#3244=DIRECTION('',(0.E0,1.E0,0.E0));
#3245=AXIS2_PLACEMENT_3D('',#3242,#3243,#3244);
#3246=PLANE('',#3245);
#3248=ORIENTED_EDGE('',*,*,#3247,.F.);
#3250=ORIENTED_EDGE('',*,*,#3249,.T.);
#3251=ORIENTED_EDGE('',*,*,#3233,.F.);
#3252=ORIENTED_EDGE('',*,*,#3050,.T.);
#3253=EDGE_LOOP('',(#3248,#3250,#3251,#3252));
#3254=FACE_OUTER_BOUND('',#3253,.F.);
#3255=ADVANCED_FACE('',(#3254),#3246,.F.);
#3256=CARTESIAN_POINT('',(1.436005693791E2,1.866087678201E1,-6.987338206273E1));
#3257=CARTESIAN_POINT('',(1.436005433869E2,1.866102376721E1,-6.987506211135E1));
#3258=CARTESIAN_POINT('',(1.436005322328E2,1.866123823024E1,-6.987751343506E1));
#3259=CARTESIAN_POINT('',(1.436015006939E2,1.866870683286E1,-6.996287995366E1));
#3260=CARTESIAN_POINT('',(1.436487701614E2,1.867556913761E1,-7.004131645586E1));
#3261=CARTESIAN_POINT('',(1.437245658645E2,1.867920467060E1,-7.008287078817E1));
#3262=CARTESIAN_POINT('',(1.437260768139E2,1.867927534676E1,-7.008367862038E1));
#3264=DIRECTION('',(0.E0,9.961946980917E-1,8.715574274762E-2));
#3265=VECTOR('',#3264,1.E0);
#3266=SURFACE_OF_LINEAR_EXTRUSION('',#3263,#3265);
#3268=ORIENTED_EDGE('',*,*,#3267,.F.);
#3270=ORIENTED_EDGE('',*,*,#3269,.F.);
#3271=ORIENTED_EDGE('',*,*,#3247,.T.);
#3272=ORIENTED_EDGE('',*,*,#3048,.F.);
#3273=EDGE_LOOP('',(#3268,#3270,#3271,#3272));
#3274=FACE_OUTER_BOUND('',#3273,.F.);
#3275=ADVANCED_FACE('',(#3274),#3266,.F.);
#3276=CARTESIAN_POINT('',(1.455796935321E2,1.827231211427E1,-7.116892421040E1));
#3277=DIRECTION('',(4.913050730998E-1,-7.591156748920E-2,8.676731867862E-1));
#3278=DIRECTION('',(-1.526980849590E-1,-9.882728848096E-1,0.E0));
#3279=AXIS2_PLACEMENT_3D('',#3276,#3277,#3278);
#3280=PLANE('',#3279);
#3282=ORIENTED_EDGE('',*,*,#3281,.T.);
#3284=ORIENTED_EDGE('',*,*,#3283,.T.);
#3285=ORIENTED_EDGE('',*,*,#3267,.T.);
#3286=ORIENTED_EDGE('',*,*,#3046,.F.);
#3287=EDGE_LOOP('',(#3282,#3284,#3285,#3286));
#3288=FACE_OUTER_BOUND('',#3287,.F.);
#3289=ADVANCED_FACE('',(#3288),#3280,.F.);
#3290=CARTESIAN_POINT('',(1.457001097956E2,1.875175147081E1,-7.091208450884E1));
#3291=DIRECTION('',(0.E0,9.961946980917E-1,8.715574274770E-2));
#3292=DIRECTION('',(-4.754974589250E-1,7.667239678892E-2,-8.763695054750E-1));
#3293=AXIS2_PLACEMENT_3D('',#3290,#3291,#3292);
#3294=CYLINDRICAL_SURFACE('',#3293,2.456222307372E-1);
#3295=ORIENTED_EDGE('',*,*,#3044,.F.);
#3297=ORIENTED_EDGE('',*,*,#3296,.F.);
#3299=ORIENTED_EDGE('',*,*,#3298,.F.);
#3300=ORIENTED_EDGE('',*,*,#3281,.F.);
#3301=EDGE_LOOP('',(#3295,#3297,#3299,#3300));
#3302=FACE_OUTER_BOUND('',#3301,.F.);
#3303=ADVANCED_FACE('',(#3302),#3294,.T.);
#3304=CARTESIAN_POINT('',(1.476939227703E2,1.818021054319E1,-7.011619843587E1));
#3305=DIRECTION('',(-4.913079897685E-1,-7.591142409747E-2,8.676715478112E-1));
#3306=DIRECTION('',(-1.526969178880E-1,9.882730651331E-1,2.851792298791E-14));
#3307=AXIS2_PLACEMENT_3D('',#3304,#3305,#3306);
#3308=PLANE('',#3307);
#3310=ORIENTED_EDGE('',*,*,#3309,.T.);
#3312=ORIENTED_EDGE('',*,*,#3311,.T.);
#3313=ORIENTED_EDGE('',*,*,#3296,.T.);
#3314=ORIENTED_EDGE('',*,*,#3042,.F.);
#3315=EDGE_LOOP('',(#3310,#3312,#3313,#3314));
#3316=FACE_OUTER_BOUND('',#3315,.F.);
#3317=ADVANCED_FACE('',(#3316),#3308,.F.);
#3318=CARTESIAN_POINT('',(1.476907511842E2,1.867846179700E1,-7.007437970393E1));
#3319=CARTESIAN_POINT('',(1.476922540948E2,1.867839038249E1,-7.007356343239E1));
#3320=CARTESIAN_POINT('',(1.476944305063E2,1.867828435939E1,-7.007235158283E1));
#3321=CARTESIAN_POINT('',(1.477696621370E2,1.867448659998E1,-7.002894299415E1));
#3322=CARTESIAN_POINT('',(1.478157806161E2,1.866756919853E1,-6.994987673386E1));
#3323=CARTESIAN_POINT('',(1.478148580789E2,1.866014682137E1,-6.986503857471E1));
#3324=CARTESIAN_POINT('',(1.478148214344E2,1.865999976093E1,-6.986335766619E1));
#3326=DIRECTION('',(0.E0,9.961946980917E-1,8.715574274767E-2));
#3327=VECTOR('',#3326,1.E0);
#3328=SURFACE_OF_LINEAR_EXTRUSION('',#3325,#3327);
#3330=ORIENTED_EDGE('',*,*,#3329,.T.);
#3332=ORIENTED_EDGE('',*,*,#3331,.F.);
#3333=ORIENTED_EDGE('',*,*,#3309,.F.);
#3334=ORIENTED_EDGE('',*,*,#3040,.F.);
#3335=EDGE_LOOP('',(#3330,#3332,#3333,#3334));
#3336=FACE_OUTER_BOUND('',#3335,.F.);
#3337=ADVANCED_FACE('',(#3336),#3328,.F.);
#3338=CARTESIAN_POINT('',(1.478148763322E2,1.763580509939E1,-6.389361573931E1));
#3339=DIRECTION('',(-1.E0,0.E0,0.E0));
#3340=DIRECTION('',(0.E0,0.E0,1.E0));
#3341=AXIS2_PLACEMENT_3D('',#3338,#3339,#3340);
#3342=PLANE('',#3341);
#3344=ORIENTED_EDGE('',*,*,#3343,.F.);
#3346=ORIENTED_EDGE('',*,*,#3345,.T.);
#3347=ORIENTED_EDGE('',*,*,#3329,.F.);
#3348=ORIENTED_EDGE('',*,*,#3038,.T.);
#3349=EDGE_LOOP('',(#3344,#3346,#3347,#3348));
#3350=FACE_OUTER_BOUND('',#3349,.F.);
#3351=ADVANCED_FACE('',(#3350),#3342,.F.);
#3352=CARTESIAN_POINT('',(1.478149335345E2,1.813434499644E1,-6.385509621483E1));
#3353=CARTESIAN_POINT('',(1.478148964896E2,1.813419699789E1,-6.385340458363E1));
#3354=CARTESIAN_POINT('',(1.478148643021E2,1.813393919916E1,-6.385045793063E1));
#3355=CARTESIAN_POINT('',(1.478155647767E2,1.812642191299E1,-6.376453495655E1));
#3356=CARTESIAN_POINT('',(1.478630546118E2,1.811952099293E1,-6.368565707937E1));
#3357=CARTESIAN_POINT('',(1.479388320776E2,1.811588871431E1,-6.364413994476E1));
#3358=CARTESIAN_POINT('',(1.479403512517E2,1.811581771319E1,-6.364332839820E1));
#3360=DIRECTION('',(0.E0,9.961946980917E-1,8.715574274766E-2));
#3361=VECTOR('',#3360,1.E0);
#3362=SURFACE_OF_LINEAR_EXTRUSION('',#3359,#3361);
#3364=ORIENTED_EDGE('',*,*,#3363,.F.);
#3366=ORIENTED_EDGE('',*,*,#3365,.F.);
#3367=ORIENTED_EDGE('',*,*,#3343,.T.);
#3368=ORIENTED_EDGE('',*,*,#3036,.F.);
#3369=EDGE_LOOP('',(#3364,#3366,#3367,#3368));
#3370=FACE_OUTER_BOUND('',#3369,.F.);
#3371=ADVANCED_FACE('',(#3370),#3362,.F.);
#3372=CARTESIAN_POINT('',(1.499225210301E2,1.752026697922E1,-6.257300898276E1));
#3373=DIRECTION('',(-4.913015899214E-1,-7.591173873069E-2,8.676751440854E-1));
#3374=DIRECTION('',(-1.526994787266E-1,9.882726694575E-1,0.E0));
#3375=AXIS2_PLACEMENT_3D('',#3372,#3373,#3374);
#3376=PLANE('',#3375);
#3378=ORIENTED_EDGE('',*,*,#3377,.F.);
#3380=ORIENTED_EDGE('',*,*,#3379,.T.);
#3381=ORIENTED_EDGE('',*,*,#3363,.T.);
#3382=ORIENTED_EDGE('',*,*,#3034,.F.);
#3383=EDGE_LOOP('',(#3378,#3380,#3381,#3382));
#3384=FACE_OUTER_BOUND('',#3383,.F.);
#3385=ADVANCED_FACE('',(#3384),#3376,.F.);
#3386=CARTESIAN_POINT('',(1.512814994560E2,1.745327923743E1,-6.180733559053E1));
#3387=DIRECTION('',(-4.919399435281E-1,-7.588032898127E-2,8.673161290068E-1));
#3388=DIRECTION('',(-1.524443083432E-1,9.883120624852E-1,0.E0));
#3389=AXIS2_PLACEMENT_3D('',#3386,#3387,#3388);
#3390=PLANE('',#3389);
#3392=ORIENTED_EDGE('',*,*,#3391,.T.);
#3394=ORIENTED_EDGE('',*,*,#3393,.T.);
#3395=ORIENTED_EDGE('',*,*,#3377,.T.);
#3396=ORIENTED_EDGE('',*,*,#3032,.T.);
#3397=EDGE_LOOP('',(#3392,#3394,#3395,#3396));
#3398=FACE_OUTER_BOUND('',#3397,.F.);
#3399=ADVANCED_FACE('',(#3398),#3390,.F.);
#3400=CARTESIAN_POINT('',(1.513970950008E2,1.796920367014E1,-6.196752221776E1));
#3401=DIRECTION('',(0.E0,9.961946980917E-1,8.715574274766E-2));
#3402=DIRECTION('',(-4.769032569726E-1,-7.660604485439E-2,8.756110993933E-1));
#3403=AXIS2_PLACEMENT_3D('',#3400,#3401,#3402);
#3404=CYLINDRICAL_SURFACE('',#3403,2.349465195297E-1);
#3405=ORIENTED_EDGE('',*,*,#3030,.F.);
#3407=ORIENTED_EDGE('',*,*,#3406,.F.);
#3409=ORIENTED_EDGE('',*,*,#3408,.F.);
#3410=ORIENTED_EDGE('',*,*,#3391,.F.);
#3411=EDGE_LOOP('',(#3405,#3407,#3409,#3410));
#3412=FACE_OUTER_BOUND('',#3411,.F.);
#3413=ADVANCED_FACE('',(#3412),#3404,.F.);
#3414=CARTESIAN_POINT('',(1.547176054572E2,1.761790473675E1,-6.368901365813E1));
#3415=DIRECTION('',(5.077520980734E-1,-7.508495346533E-2,8.582249452592E-1));
#3416=DIRECTION('',(-1.462863692867E-1,-9.892422848630E-1,-1.406990054543E-14));
#3417=AXIS2_PLACEMENT_3D('',#3414,#3415,#3416);
#3418=PLANE('',#3417);
#3420=ORIENTED_EDGE('',*,*,#3419,.T.);
#3422=ORIENTED_EDGE('',*,*,#3421,.T.);
#3423=ORIENTED_EDGE('',*,*,#3406,.T.);
#3424=ORIENTED_EDGE('',*,*,#3028,.F.);
#3425=EDGE_LOOP('',(#3420,#3422,#3423,#3424));
#3426=FACE_OUTER_BOUND('',#3425,.F.);
#3427=ADVANCED_FACE('',(#3426),#3418,.F.);
#3428=CARTESIAN_POINT('',(1.547129849464E2,1.811578113481E1,-6.364291030560E1));
#3429=CARTESIAN_POINT('',(1.547145073750E2,1.811585201804E1,-6.364372050453E1));
#3430=CARTESIAN_POINT('',(1.547171767533E2,1.811597949765E1,-6.364517760311E1));
#3431=CARTESIAN_POINT('',(1.547932233348E2,1.811977415636E1,-6.368855075056E1));
#3432=CARTESIAN_POINT('',(1.548396841092E2,1.812674194288E1,-6.376819291509E1));
#3433=CARTESIAN_POINT('',(1.548387546143E2,1.813417666171E1,-6.385317214009E1));
#3434=CARTESIAN_POINT('',(1.548387174674E2,1.813432486974E1,-6.385486616558E1));
#3436=DIRECTION('',(0.E0,9.961946980917E-1,8.715574274767E-2));
#3437=VECTOR('',#3436,1.E0);
#3438=SURFACE_OF_LINEAR_EXTRUSION('',#3435,#3437);
#3440=ORIENTED_EDGE('',*,*,#3439,.T.);
#3442=ORIENTED_EDGE('',*,*,#3441,.F.);
#3443=ORIENTED_EDGE('',*,*,#3419,.F.);
#3444=ORIENTED_EDGE('',*,*,#3026,.F.);
#3445=EDGE_LOOP('',(#3440,#3442,#3443,#3444));
#3446=FACE_OUTER_BOUND('',#3445,.F.);
#3447=ADVANCED_FACE('',(#3446),#3438,.F.);
#3448=CARTESIAN_POINT('',(1.548387731176E2,1.806048780435E1,-6.874776126909E1));
#3449=DIRECTION('',(1.E0,0.E0,0.E0));
#3450=DIRECTION('',(0.E0,1.E0,0.E0));
#3451=AXIS2_PLACEMENT_3D('',#3448,#3449,#3450);
#3452=PLANE('',#3451);
#3454=ORIENTED_EDGE('',*,*,#3453,.F.);
#3456=ORIENTED_EDGE('',*,*,#3455,.T.);
#3457=ORIENTED_EDGE('',*,*,#3439,.F.);
#3458=ORIENTED_EDGE('',*,*,#3024,.T.);
#3459=EDGE_LOOP('',(#3454,#3456,#3457,#3458));
#3460=FACE_OUTER_BOUND('',#3459,.F.);
#3461=ADVANCED_FACE('',(#3460),#3452,.F.);
#3462=CARTESIAN_POINT('',(1.541434450526E2,1.814924742490E1,-6.976228837408E1));
#3463=DIRECTION('',(1.668391968333E-11,9.961946980910E-1,8.715574275660E-2));
#3464=DIRECTION('',(5.636533390751E-1,-7.199164134448E-2,8.228682257361E-1));
#3465=AXIS2_PLACEMENT_3D('',#3462,#3463,#3464);
#3466=CYLINDRICAL_SURFACE('',#3465,1.233136546891E0);
#3468=ORIENTED_EDGE('',*,*,#3467,.F.);
#3470=ORIENTED_EDGE('',*,*,#3469,.F.);
#3471=ORIENTED_EDGE('',*,*,#3453,.T.);
#3472=ORIENTED_EDGE('',*,*,#3022,.F.);
#3473=EDGE_LOOP('',(#3468,#3470,#3471,#3472));
#3474=FACE_OUTER_BOUND('',#3473,.F.);
#3475=ADVANCED_FACE('',(#3474),#3466,.F.);
#3476=CARTESIAN_POINT('',(1.541448403257E2,1.864714195472E1,-6.971639226860E1));
#3477=DIRECTION('',(5.684187630618E-14,9.961946980918E-1,8.715574274760E-2));
#3478=DIRECTION('',(9.999998129387E-1,5.330929910731E-5,-6.093280776727E-4));
#3479=AXIS2_PLACEMENT_3D('',#3476,#3477,#3478);
#3480=CYLINDRICAL_SURFACE('',#3479,1.231740500118E0);
#3482=ORIENTED_EDGE('',*,*,#3481,.F.);
#3484=ORIENTED_EDGE('',*,*,#3483,.F.);
#3485=ORIENTED_EDGE('',*,*,#3467,.T.);
#3486=ORIENTED_EDGE('',*,*,#3020,.F.);
#3487=EDGE_LOOP('',(#3482,#3484,#3485,#3486));
#3488=FACE_OUTER_BOUND('',#3487,.F.);
#3489=ADVANCED_FACE('',(#3488),#3480,.F.);
#3490=CARTESIAN_POINT('',(1.541433964736E2,1.864714263246E1,-6.971640001516E1));
#3491=DIRECTION('',(0.E0,9.961946980917E-1,8.715574274766E-2));
#3492=DIRECTION('',(5.745093557678E-4,8.715572836431E-2,-9.961945336892E-1));
#3493=AXIS2_PLACEMENT_3D('',#3490,#3491,#3492);
#3494=CYLINDRICAL_SURFACE('',#3493,1.231732707231E0);
#3495=ORIENTED_EDGE('',*,*,#2925,.F.);
#3497=ORIENTED_EDGE('',*,*,#3496,.F.);
#3498=ORIENTED_EDGE('',*,*,#3481,.T.);
#3499=ORIENTED_EDGE('',*,*,#3018,.F.);
#3500=EDGE_LOOP('',(#3495,#3497,#3498,#3499));
#3501=FACE_OUTER_BOUND('',#3500,.F.);
#3502=ADVANCED_FACE('',(#3501),#3494,.F.);
#3503=CARTESIAN_POINT('',(1.5975E2,1.295053107519E1,1.133024655719E0));
#3504=DIRECTION('',(0.E0,-9.961946980917E-1,-8.715574274765E-2));
#3505=DIRECTION('',(0.E0,8.715574274765E-2,-9.961946980917E-1));
#3506=AXIS2_PLACEMENT_3D('',#3503,#3504,#3505);
#3507=PLANE('',#3506);
#3509=ORIENTED_EDGE('',*,*,#3508,.T.);
#3511=ORIENTED_EDGE('',*,*,#3510,.T.);
#3513=ORIENTED_EDGE('',*,*,#3512,.T.);
#3515=ORIENTED_EDGE('',*,*,#3514,.T.);
#3517=ORIENTED_EDGE('',*,*,#3516,.T.);
#3519=ORIENTED_EDGE('',*,*,#3518,.T.);
#3521=ORIENTED_EDGE('',*,*,#3520,.T.);
#3523=ORIENTED_EDGE('',*,*,#3522,.T.);
#3525=ORIENTED_EDGE('',*,*,#3524,.T.);
#3527=ORIENTED_EDGE('',*,*,#3526,.T.);
#3529=ORIENTED_EDGE('',*,*,#3528,.T.);
#3531=ORIENTED_EDGE('',*,*,#3530,.F.);
#3533=ORIENTED_EDGE('',*,*,#3532,.T.);
#3535=ORIENTED_EDGE('',*,*,#3534,.T.);
#3536=EDGE_LOOP('',(#3509,#3511,#3513,#3515,#3517,#3519,#3521,#3523,#3525,#3527,
#3529,#3531,#3533,#3535));
#3537=FACE_OUTER_BOUND('',#3536,.F.);
#3539=ORIENTED_EDGE('',*,*,#3538,.T.);
#3541=ORIENTED_EDGE('',*,*,#3540,.T.);
#3543=ORIENTED_EDGE('',*,*,#3542,.T.);
#3545=ORIENTED_EDGE('',*,*,#3544,.T.);
#3547=ORIENTED_EDGE('',*,*,#3546,.T.);
#3549=ORIENTED_EDGE('',*,*,#3548,.F.);
#3551=ORIENTED_EDGE('',*,*,#3550,.T.);
#3553=ORIENTED_EDGE('',*,*,#3552,.F.);
#3555=ORIENTED_EDGE('',*,*,#3554,.T.);
#3557=ORIENTED_EDGE('',*,*,#3556,.T.);
#3559=ORIENTED_EDGE('',*,*,#3558,.T.);
#3561=ORIENTED_EDGE('',*,*,#3560,.T.);
#3563=ORIENTED_EDGE('',*,*,#3562,.T.);
#3565=ORIENTED_EDGE('',*,*,#3564,.T.);
#3567=ORIENTED_EDGE('',*,*,#3566,.F.);
#3568=EDGE_LOOP('',(#3539,#3541,#3543,#3545,#3547,#3549,#3551,#3553,#3555,#3557,
#3559,#3561,#3563,#3565,#3567));
#3569=FACE_BOUND('',#3568,.F.);
#3571=ORIENTED_EDGE('',*,*,#3570,.T.);
#3573=ORIENTED_EDGE('',*,*,#3572,.T.);
#3575=ORIENTED_EDGE('',*,*,#3574,.T.);
#3577=ORIENTED_EDGE('',*,*,#3576,.T.);
#3579=ORIENTED_EDGE('',*,*,#3578,.T.);
#3581=ORIENTED_EDGE('',*,*,#3580,.F.);
#3583=ORIENTED_EDGE('',*,*,#3582,.F.);
#3585=ORIENTED_EDGE('',*,*,#3584,.T.);
#3587=ORIENTED_EDGE('',*,*,#3586,.F.);
#3589=ORIENTED_EDGE('',*,*,#3588,.T.);
#3591=ORIENTED_EDGE('',*,*,#3590,.T.);
#3593=ORIENTED_EDGE('',*,*,#3592,.T.);
#3595=ORIENTED_EDGE('',*,*,#3594,.T.);
#3597=ORIENTED_EDGE('',*,*,#3596,.F.);
#3598=EDGE_LOOP('',(#3571,#3573,#3575,#3577,#3579,#3581,#3583,#3585,#3587,#3589,
#3591,#3593,#3595,#3597));
#3599=FACE_BOUND('',#3598,.F.);
#3601=ORIENTED_EDGE('',*,*,#3600,.T.);
#3602=ORIENTED_EDGE('',*,*,#3086,.T.);
#3603=ORIENTED_EDGE('',*,*,#3101,.T.);
#3604=ORIENTED_EDGE('',*,*,#3116,.T.);
#3605=ORIENTED_EDGE('',*,*,#3129,.T.);
#3606=ORIENTED_EDGE('',*,*,#3143,.F.);
#3607=ORIENTED_EDGE('',*,*,#3167,.T.);
#3608=ORIENTED_EDGE('',*,*,#3181,.F.);
#3609=ORIENTED_EDGE('',*,*,#3201,.T.);
#3610=ORIENTED_EDGE('',*,*,#3215,.F.);
#3611=ORIENTED_EDGE('',*,*,#3235,.T.);
#3612=ORIENTED_EDGE('',*,*,#3249,.F.);
#3613=ORIENTED_EDGE('',*,*,#3269,.T.);
#3614=ORIENTED_EDGE('',*,*,#3283,.F.);
#3615=ORIENTED_EDGE('',*,*,#3298,.T.);
#3616=ORIENTED_EDGE('',*,*,#3311,.F.);
#3617=ORIENTED_EDGE('',*,*,#3331,.T.);
#3618=ORIENTED_EDGE('',*,*,#3345,.F.);
#3619=ORIENTED_EDGE('',*,*,#3365,.T.);
#3620=ORIENTED_EDGE('',*,*,#3379,.F.);
#3621=ORIENTED_EDGE('',*,*,#3393,.F.);
#3622=ORIENTED_EDGE('',*,*,#3408,.T.);
#3623=ORIENTED_EDGE('',*,*,#3421,.F.);
#3624=ORIENTED_EDGE('',*,*,#3441,.T.);
#3625=ORIENTED_EDGE('',*,*,#3455,.F.);
#3626=ORIENTED_EDGE('',*,*,#3469,.T.);
#3627=ORIENTED_EDGE('',*,*,#3483,.T.);
#3628=ORIENTED_EDGE('',*,*,#3496,.T.);
#3629=ORIENTED_EDGE('',*,*,#2923,.T.);
#3630=ORIENTED_EDGE('',*,*,#2939,.F.);
#3631=ORIENTED_EDGE('',*,*,#2960,.T.);
#3632=ORIENTED_EDGE('',*,*,#2975,.F.);
#3633=ORIENTED_EDGE('',*,*,#2992,.T.);
#3635=ORIENTED_EDGE('',*,*,#3634,.T.);
#3637=ORIENTED_EDGE('',*,*,#3636,.T.);
#3639=ORIENTED_EDGE('',*,*,#3638,.F.);
#3640=EDGE_LOOP('',(#3601,#3602,#3603,#3604,#3605,#3606,#3607,#3608,#3609,#3610,
#3611,#3612,#3613,#3614,#3615,#3616,#3617,#3618,#3619,#3620,#3621,#3622,#3623,
#3624,#3625,#3626,#3627,#3628,#3629,#3630,#3631,#3632,#3633,#3635,#3637,#3639));
#3641=FACE_BOUND('',#3640,.F.);
#3642=ADVANCED_FACE('',(#3537,#3569,#3599,#3641),#3507,.F.);
#3643=CARTESIAN_POINT('',(1.149006587726E2,1.272327133635E1,8.621870455094E-1));
#3644=DIRECTION('',(0.E0,6.427876096865E-1,7.660444431190E-1));
#3645=DIRECTION('',(0.E0,7.660444431190E-1,-6.427876096865E-1));
#3646=AXIS2_PLACEMENT_3D('',#3643,#3644,#3645);
#3647=PLANE('',#3646);
#3649=ORIENTED_EDGE('',*,*,#3648,.T.);
#3651=ORIENTED_EDGE('',*,*,#3650,.T.);
#3652=ORIENTED_EDGE('',*,*,#3508,.F.);
#3654=ORIENTED_EDGE('',*,*,#3653,.F.);
#3655=EDGE_LOOP('',(#3649,#3651,#3652,#3654));
#3656=FACE_OUTER_BOUND('',#3655,.F.);
#3657=ADVANCED_FACE('',(#3656),#3647,.T.);
#3658=CARTESIAN_POINT('',(1.5975E2,0.E0,0.E0));
#3659=DIRECTION('',(0.E0,8.715574274765E-2,-9.961946980917E-1));
#3660=DIRECTION('',(-1.E0,0.E0,0.E0));
#3661=AXIS2_PLACEMENT_3D('',#3658,#3659,#3660);
#3662=PLANE('',#3661);
#3664=ORIENTED_EDGE('',*,*,#3663,.T.);
#3666=ORIENTED_EDGE('',*,*,#3665,.T.);
#3668=ORIENTED_EDGE('',*,*,#3667,.T.);
#3670=ORIENTED_EDGE('',*,*,#3669,.F.);
#3672=ORIENTED_EDGE('',*,*,#3671,.F.);
#3673=ORIENTED_EDGE('',*,*,#3648,.F.);
#3675=ORIENTED_EDGE('',*,*,#3674,.T.);
#3677=ORIENTED_EDGE('',*,*,#3676,.F.);
#3679=ORIENTED_EDGE('',*,*,#3678,.F.);
#3680=EDGE_LOOP('',(#3664,#3666,#3668,#3670,#3672,#3673,#3675,#3677,#3679));
#3681=FACE_OUTER_BOUND('',#3680,.F.);
#3682=ADVANCED_FACE('',(#3681),#3662,.F.);
#3683=CARTESIAN_POINT('',(-1.623300008701E2,6.764162000040E0,
5.917874932563E-1));
#3684=DIRECTION('',(0.E0,-9.961946980917E-1,-8.715574274765E-2));
#3685=DIRECTION('',(1.E0,0.E0,0.E0));
#3686=AXIS2_PLACEMENT_3D('',#3683,#3684,#3685);
#3687=PLANE('',#3686);
#3688=ORIENTED_EDGE('',*,*,#3663,.F.);
#3690=ORIENTED_EDGE('',*,*,#3689,.T.);
#3692=ORIENTED_EDGE('',*,*,#3691,.T.);
#3694=ORIENTED_EDGE('',*,*,#3693,.T.);
#3696=ORIENTED_EDGE('',*,*,#3695,.T.);
#3698=ORIENTED_EDGE('',*,*,#3697,.T.);
#3700=ORIENTED_EDGE('',*,*,#3699,.T.);
#3702=ORIENTED_EDGE('',*,*,#3701,.T.);
#3704=ORIENTED_EDGE('',*,*,#3703,.T.);
#3706=ORIENTED_EDGE('',*,*,#3705,.F.);
#3708=ORIENTED_EDGE('',*,*,#3707,.T.);
#3710=ORIENTED_EDGE('',*,*,#3709,.F.);
#3711=EDGE_LOOP('',(#3688,#3690,#3692,#3694,#3696,#3698,#3700,#3702,#3704,#3706,
#3708,#3710));
#3712=FACE_OUTER_BOUND('',#3711,.F.);
#3714=ORIENTED_EDGE('',*,*,#3713,.T.);
#3716=ORIENTED_EDGE('',*,*,#3715,.T.);
#3717=EDGE_LOOP('',(#3714,#3716));
#3718=FACE_BOUND('',#3717,.F.);
#3720=ORIENTED_EDGE('',*,*,#3719,.T.);
#3722=ORIENTED_EDGE('',*,*,#3721,.T.);
#3723=EDGE_LOOP('',(#3720,#3722));
#3724=FACE_BOUND('',#3723,.F.);
#3725=ADVANCED_FACE('',(#3712,#3718,#3724),#3687,.F.);
#3726=CARTESIAN_POINT('',(6.748528137424E1,-1.348023396496E0,
-6.140855790621E0));
#3727=DIRECTION('',(0.E0,9.961946980917E-1,8.715574274765E-2));
#3728=DIRECTION('',(0.E0,-8.715574274765E-2,9.961946980917E-1));
#3729=AXIS2_PLACEMENT_3D('',#3726,#3727,#3728);
#3730=CYLINDRICAL_SURFACE('',#3729,6.E0);
#3731=ORIENTED_EDGE('',*,*,#3678,.T.);
#3733=ORIENTED_EDGE('',*,*,#3732,.F.);
#3735=ORIENTED_EDGE('',*,*,#3734,.T.);
#3736=ORIENTED_EDGE('',*,*,#3689,.F.);
#3737=EDGE_LOOP('',(#3731,#3733,#3735,#3736));
#3738=FACE_OUTER_BOUND('',#3737,.F.);
#3739=ADVANCED_FACE('',(#3738),#3730,.T.);
#3740=CARTESIAN_POINT('',(6.270500086328E1,5.402099561327E0,-1.448592568097E0));
#3741=CARTESIAN_POINT('',(6.298583992498E1,5.052774943372E0,-1.689213146101E0));
#3742=CARTESIAN_POINT('',(6.326667898668E1,4.703450325417E0,-1.929833724105E0));
#3743=CARTESIAN_POINT('',(6.354751804838E1,4.354125707461E0,-2.170454302109E0));
#3744=CARTESIAN_POINT('',(6.280768227545E1,5.400771438800E0,-1.329005644860E0));
#3745=CARTESIAN_POINT('',(6.308246704070E1,5.052057216413E0,-1.576614529396E0));
#3746=CARTESIAN_POINT('',(6.335725180596E1,4.703342994026E0,-1.824223413932E0));
#3747=CARTESIAN_POINT('',(6.363203657121E1,4.354628771639E0,-2.071832298468E0));
#3748=CARTESIAN_POINT('',(6.403703254583E1,5.386001295663E0,9.288284719681E-4));
#3749=CARTESIAN_POINT('',(6.423937079238E1,5.044075386569E0,
-3.243853944440E-1));
#3750=CARTESIAN_POINT('',(6.444170903893E1,4.702149477474E0,
-6.496996173599E-1));
#3751=CARTESIAN_POINT('',(6.464404728548E1,4.360223568380E0,
-9.750138402759E-1));
#3752=CARTESIAN_POINT('',(6.599071283526E1,5.376987624216E0,8.125382712279E-1));
#3753=CARTESIAN_POINT('',(6.607839251163E1,5.039204920409E0,4.399112094413E-1));
#3754=CARTESIAN_POINT('',(6.616607218800E1,4.701422216602E0,6.728414765468E-2));
#3755=CARTESIAN_POINT('',(6.625375186437E1,4.363639512795E0,
-3.053429141319E-1));
#3756=CARTESIAN_POINT('',(6.780059146573E1,5.377735586627E0,7.451898494416E-1));
#3757=CARTESIAN_POINT('',(6.778209324800E1,5.039609431296E0,3.765588083935E-1));
#3758=CARTESIAN_POINT('',(6.776359503027E1,4.701483275966E0,7.927767345360E-3));
#3759=CARTESIAN_POINT('',(6.774509681254E1,4.363357120635E0,
-3.607032737027E-1));
#3760=CARTESIAN_POINT('',(6.795777594975E1,5.377864687225E0,7.335653335529E-1));
#3761=CARTESIAN_POINT('',(6.793005632359E1,5.039679224116E0,3.656187017046E-1));
#3762=CARTESIAN_POINT('',(6.790233669743E1,4.701493761007E0,
-2.327930143718E-3));
#3763=CARTESIAN_POINT('',(6.787461707127E1,4.363308297898E0,
-3.702745619920E-1));
#3764=B_SPLINE_SURFACE_WITH_KNOTS('',3,3,((#3740,#3741,#3742,#3743),(#3744,
#3745,#3746,#3747),(#3748,#3749,#3750,#3751),(#3752,#3753,#3754,#3755),(#3756,
#3757,#3758,#3759),(#3760,#3761,#3762,#3763)),.UNSPECIFIED.,.F.,.F.,.F.,(4,1,1,
4),(4,4),(-9.543475973999E-2,0.E0,1.E0,1.095426771387E0),(-3.694049065818E-4,
9.999810707182E-1),.UNSPECIFIED.);
#3765=ORIENTED_EDGE('',*,*,#3732,.T.);
#3767=ORIENTED_EDGE('',*,*,#3766,.F.);
#3769=ORIENTED_EDGE('',*,*,#3768,.T.);
#3771=ORIENTED_EDGE('',*,*,#3770,.F.);
#3772=EDGE_LOOP('',(#3765,#3767,#3769,#3771));
#3773=FACE_OUTER_BOUND('',#3772,.F.);
#3774=ADVANCED_FACE('',(#3773),#3764,.F.);
#3775=CARTESIAN_POINT('',(1.148936226925E2,4.870304731639E0,1.970136584307E-1));
#3776=DIRECTION('',(0.E0,-7.372773368101E-1,6.755902076157E-1));
#3777=DIRECTION('',(0.E0,-6.755902076157E-1,-7.372773368101E-1));
#3778=AXIS2_PLACEMENT_3D('',#3775,#3776,#3777);
#3779=PLANE('',#3778);
#3780=ORIENTED_EDGE('',*,*,#3676,.T.);
#3782=ORIENTED_EDGE('',*,*,#3781,.T.);
#3784=ORIENTED_EDGE('',*,*,#3783,.F.);
#3785=ORIENTED_EDGE('',*,*,#3766,.T.);
#3786=EDGE_LOOP('',(#3780,#3782,#3784,#3785));
#3787=FACE_OUTER_BOUND('',#3786,.F.);
#3788=ADVANCED_FACE('',(#3787),#3779,.T.);
#3789=CARTESIAN_POINT('',(1.621085285532E2,5.382859523780E0,7.499851898803E-1));
#3790=CARTESIAN_POINT('',(1.620874723160E2,5.045523061833E0,3.821235731340E-1));
#3791=CARTESIAN_POINT('',(1.620664160787E2,4.708186599887E0,1.426195638764E-2));
#3792=CARTESIAN_POINT('',(1.620453598414E2,4.370850137940E0,
-3.535996603587E-1));
#3793=CARTESIAN_POINT('',(1.621728453752E2,5.379103221099E0,7.498938898832E-1));
#3794=CARTESIAN_POINT('',(1.621587892625E2,5.041356993033E0,3.817086514477E-1));
#3795=CARTESIAN_POINT('',(1.621447331498E2,4.703610764967E0,1.352341301222E-2));
#3796=CARTESIAN_POINT('',(1.621306770371E2,4.365864536901E0,
-3.546618254233E-1));
#3797=CARTESIAN_POINT('',(1.625914209869E2,5.366972313450E0,7.504258216689E-1));
#3798=CARTESIAN_POINT('',(1.626229287124E2,5.027902459398E0,3.801929371296E-1));
#3799=CARTESIAN_POINT('',(1.626544364380E2,4.688832605347E0,9.960052590382E-3));
#3800=CARTESIAN_POINT('',(1.626859441635E2,4.349762751295E0,
-3.602728319489E-1));
#3801=CARTESIAN_POINT('',(1.633702226445E2,5.489849810010E0,7.647157794521E-1));
#3802=CARTESIAN_POINT('',(1.634865816700E2,5.164187349059E0,3.913640951768E-1));
#3803=CARTESIAN_POINT('',(1.636029406955E2,4.838524888107E0,1.801241090148E-2));
#3804=CARTESIAN_POINT('',(1.637192997210E2,4.512862427156E0,
-3.553392733738E-1));
#3805=CARTESIAN_POINT('',(1.643328009657E2,5.980209296716E0,8.133341379214E-1));
#3806=CARTESIAN_POINT('',(1.645541376776E2,5.708141180772E0,4.377388212244E-1));
#3807=CARTESIAN_POINT('',(1.647754743895E2,5.436073064827E0,6.214350452734E-2));
#3808=CARTESIAN_POINT('',(1.649968111014E2,5.164004948883E0,
-3.134518121697E-1));
#3809=CARTESIAN_POINT('',(1.650964985269E2,6.743299233546E0,8.861190554649E-1));
#3810=CARTESIAN_POINT('',(1.654012536352E2,6.554766499023E0,5.105288963936E-1));
#3811=CARTESIAN_POINT('',(1.657060087435E2,6.366233764499E0,1.349387373222E-1));
#3812=CARTESIAN_POINT('',(1.660107638519E2,6.177701029975E0,
-2.406514217491E-1));
#3813=CARTESIAN_POINT('',(1.655851705148E2,7.703964442968E0,9.758983961097E-1));
#3814=CARTESIAN_POINT('',(1.659433867915E2,7.620753418271E0,6.025725046644E-1));
#3815=CARTESIAN_POINT('',(1.663016030681E2,7.537542393574E0,2.292466132191E-1));
#3816=CARTESIAN_POINT('',(1.666598193447E2,7.454331368877E0,
-1.440792782262E-1));
#3817=CARTESIAN_POINT('',(1.657510739159E2,8.766772749818E0,1.073753579460E0));
#3818=CARTESIAN_POINT('',(1.661274712706E2,8.800222778163E0,7.047274166888E-1));
#3819=CARTESIAN_POINT('',(1.665038686252E2,8.833672806509E0,3.357012539177E-1));
#3820=CARTESIAN_POINT('',(1.668802659799E2,8.867122834854E0,
-3.332490885340E-2));
#3821=CARTESIAN_POINT('',(1.655784895854E2,9.827229930830E0,1.170060907585E0));
#3822=CARTESIAN_POINT('',(1.659359737035E2,9.977162874207E0,8.069462805276E-1));
#3823=CARTESIAN_POINT('',(1.662934578217E2,1.012709581758E1,4.438316534698E-1));
#3824=CARTESIAN_POINT('',(1.666509419399E2,1.027702876096E1,8.071702641202E-2));
#3825=CARTESIAN_POINT('',(1.650853157575E2,1.078097243314E1,1.255341026467E0));
#3826=CARTESIAN_POINT('',(1.653887058198E2,1.103565457428E1,8.991615972521E-1));
#3827=CARTESIAN_POINT('',(1.656920958822E2,1.129033671541E1,5.429821680370E-1));
#3828=CARTESIAN_POINT('',(1.659954859445E2,1.154501885654E1,1.868027388220E-1));
#3829=CARTESIAN_POINT('',(1.643188840985E2,1.153647212143E1,1.321406841466E0));
#3830=CARTESIAN_POINT('',(1.645382157755E2,1.187401597453E1,9.725154825660E-1));
#3831=CARTESIAN_POINT('',(1.647575474525E2,1.221155982764E1,6.236241236664E-1));
#3832=CARTESIAN_POINT('',(1.649768791296E2,1.254910368074E1,2.747327647669E-1));
#3833=CARTESIAN_POINT('',(1.633568187987E2,1.201549619229E1,1.361410139558E0));
#3834=CARTESIAN_POINT('',(1.634706852941E2,1.240536122370E1,1.019407204381E0));
#3835=CARTESIAN_POINT('',(1.635845517894E2,1.279522625510E1,6.774042692028E-1));
#3836=CARTESIAN_POINT('',(1.636984182848E2,1.318509128650E1,3.354013340251E-1));
#3837=CARTESIAN_POINT('',(1.625981411985E2,1.213139695921E1,1.369008881420E0));
#3838=CARTESIAN_POINT('',(1.626290191339E2,1.253367144918E1,1.031172956197E0));
#3839=CARTESIAN_POINT('',(1.626598970694E2,1.293594593915E1,6.933370309731E-1));
#3840=CARTESIAN_POINT('',(1.626907750048E2,1.333822042912E1,3.555011057496E-1));
#3841=CARTESIAN_POINT('',(1.621871178241E2,1.211987039805E1,1.366329398381E0));
#3842=CARTESIAN_POINT('',(1.621730079987E2,1.252068991993E1,1.030392350558E0));
#3843=CARTESIAN_POINT('',(1.621588981733E2,1.292150944182E1,6.944553027337E-1));
#3844=CARTESIAN_POINT('',(1.621447883479E2,1.332232896370E1,3.585182549100E-1));
#3845=CARTESIAN_POINT('',(1.621227678620E2,1.211623608980E1,1.365742575809E0));
#3846=CARTESIAN_POINT('',(1.621016136790E2,1.251662652750E1,1.030093988728E0));
#3847=CARTESIAN_POINT('',(1.620804594960E2,1.291701696521E1,6.944454016462E-1));
#3848=CARTESIAN_POINT('',(1.620593053130E2,1.331740740292E1,3.587968145648E-1));
#3849=B_SPLINE_SURFACE_WITH_KNOTS('',3,3,((#3789,#3790,#3791,#3792),(#3793,
#3794,#3795,#3796),(#3797,#3798,#3799,#3800),(#3801,#3802,#3803,#3804),(#3805,
#3806,#3807,#3808),(#3809,#3810,#3811,#3812),(#3813,#3814,#3815,#3816),(#3817,
#3818,#3819,#3820),(#3821,#3822,#3823,#3824),(#3825,#3826,#3827,#3828),(#3829,
#3830,#3831,#3832),(#3833,#3834,#3835,#3836),(#3837,#3838,#3839,#3840),(#3841,
#3842,#3843,#3844),(#3845,#3846,#3847,#3848)),.UNSPECIFIED.,.F.,.F.,.F.,(4,1,1,
1,1,1,1,1,1,1,1,1,4),(4,4),(-1.822302692133E-2,0.E0,9.999998156295E-2,
1.999999830057E-1,2.999999844486E-1,3.999999858914E-1,4.999999873342E-1,
5.999999887770E-1,6.999999902199E-1,7.999999916627E-1,8.999999931055E-1,1.E0,
1.018597009887E0),(-6.106574139063E-1,1.610643206116E0),.UNSPECIFIED.);
#3850=ORIENTED_EDGE('',*,*,#3674,.F.);
#3851=ORIENTED_EDGE('',*,*,#3653,.T.);
#3853=ORIENTED_EDGE('',*,*,#3852,.F.);
#3855=ORIENTED_EDGE('',*,*,#3854,.F.);
#3856=ORIENTED_EDGE('',*,*,#3781,.F.);
#3857=EDGE_LOOP('',(#3850,#3851,#3853,#3855,#3856));
#3858=FACE_OUTER_BOUND('',#3857,.F.);
#3859=ADVANCED_FACE('',(#3858),#3849,.F.);
#3860=CARTESIAN_POINT('',(1.610384518434E2,1.010364626566E1,-2.899122146091E1));
#3861=DIRECTION('',(-4.357795025175E-2,4.357795025172E-2,-9.980991556472E-1));
#3862=DIRECTION('',(-1.002504147555E-1,9.938149122443E-1,4.776792378029E-2));
#3863=AXIS2_PLACEMENT_3D('',#3860,#3861,#3862);
#3864=CONICAL_SURFACE('',#3863,5.466745843413E0,2.497623568591E0);
#3865=ORIENTED_EDGE('',*,*,#3854,.T.);
#3866=ORIENTED_EDGE('',*,*,#3852,.T.);
#3867=ORIENTED_EDGE('',*,*,#3534,.F.);
#3869=ORIENTED_EDGE('',*,*,#3868,.T.);
#3871=ORIENTED_EDGE('',*,*,#3870,.T.);
#3873=ORIENTED_EDGE('',*,*,#3872,.T.);
#3875=ORIENTED_EDGE('',*,*,#3874,.F.);
#3876=EDGE_LOOP('',(#3865,#3866,#3867,#3869,#3871,#3873,#3875));
#3877=FACE_OUTER_BOUND('',#3876,.F.);
#3878=ADVANCED_FACE('',(#3877),#3864,.T.);
#3879=CARTESIAN_POINT('',(1.597500044418E2,2.247363585300E1,-1.851641254476E2));
#3880=DIRECTION('',(0.E0,-8.715574274765E-2,9.961946980917E-1));
#3881=DIRECTION('',(0.E0,9.961946980917E-1,8.715574274765E-2));
#3882=AXIS2_PLACEMENT_3D('',#3879,#3880,#3881);
#3883=CYLINDRICAL_SURFACE('',#3882,6.749999999999E0);
#3885=ORIENTED_EDGE('',*,*,#3884,.F.);
#3887=ORIENTED_EDGE('',*,*,#3886,.F.);
#3889=ORIENTED_EDGE('',*,*,#3888,.T.);
#3890=ORIENTED_EDGE('',*,*,#3872,.F.);
#3891=ORIENTED_EDGE('',*,*,#3870,.F.);
#3892=ORIENTED_EDGE('',*,*,#3868,.F.);
#3893=ORIENTED_EDGE('',*,*,#3532,.F.);
#3894=EDGE_LOOP('',(#3885,#3887,#3889,#3890,#3891,#3892,#3893));
#3895=FACE_OUTER_BOUND('',#3894,.F.);
#3896=ADVANCED_FACE('',(#3895),#3883,.T.);
#3897=CARTESIAN_POINT('',(1.597500044418E2,1.317688734719E1,-7.890180378064E1));
#3898=DIRECTION('',(0.E0,-8.715574274765E-2,9.961946980917E-1));
#3899=DIRECTION('',(-1.E0,0.E0,0.E0));
#3900=AXIS2_PLACEMENT_3D('',#3897,#3898,#3899);
#3901=CONICAL_SURFACE('',#3900,6.499999999997E0,4.5E1);
#3902=ORIENTED_EDGE('',*,*,#3886,.T.);
#3903=ORIENTED_EDGE('',*,*,#3884,.T.);
#3905=ORIENTED_EDGE('',*,*,#3904,.T.);
#3907=ORIENTED_EDGE('',*,*,#3906,.F.);
#3909=ORIENTED_EDGE('',*,*,#3908,.F.);
#3911=ORIENTED_EDGE('',*,*,#3910,.F.);
#3912=EDGE_LOOP('',(#3902,#3903,#3905,#3907,#3909,#3911));
#3913=FACE_OUTER_BOUND('',#3912,.F.);
#3914=ADVANCED_FACE('',(#3913),#3901,.T.);
#3915=CARTESIAN_POINT('',(-8.700539169126E-7,1.965215288479E1,
-7.833529145278E1));
#3916=DIRECTION('',(0.E0,7.660444431190E-1,-6.427876096865E-1));
#3917=DIRECTION('',(0.E0,-6.427876096865E-1,-7.660444431190E-1));
#3918=AXIS2_PLACEMENT_3D('',#3915,#3916,#3917);
#3919=PLANE('',#3918);
#3920=ORIENTED_EDGE('',*,*,#3530,.T.);
#3922=ORIENTED_EDGE('',*,*,#3921,.T.);
#3924=ORIENTED_EDGE('',*,*,#3923,.F.);
#3925=ORIENTED_EDGE('',*,*,#3904,.F.);
#3926=EDGE_LOOP('',(#3920,#3922,#3924,#3925));
#3927=FACE_OUTER_BOUND('',#3926,.F.);
#3928=ADVANCED_FACE('',(#3927),#3919,.T.);
#3929=CARTESIAN_POINT('',(-1.597500061820E2,1.317688734719E1,
-7.890180378064E1));
#3930=DIRECTION('',(0.E0,-8.715574274765E-2,9.961946980917E-1));
#3931=DIRECTION('',(-1.E0,0.E0,0.E0));
#3932=AXIS2_PLACEMENT_3D('',#3929,#3930,#3931);
#3933=CONICAL_SURFACE('',#3932,6.499999999997E0,4.5E1);
#3935=ORIENTED_EDGE('',*,*,#3934,.T.);
#3937=ORIENTED_EDGE('',*,*,#3936,.T.);
#3939=ORIENTED_EDGE('',*,*,#3938,.T.);
#3941=ORIENTED_EDGE('',*,*,#3940,.F.);
#3943=ORIENTED_EDGE('',*,*,#3942,.F.);
#3944=ORIENTED_EDGE('',*,*,#3921,.F.);
#3945=EDGE_LOOP('',(#3935,#3937,#3939,#3941,#3943,#3944));
#3946=FACE_OUTER_BOUND('',#3945,.F.);
#3947=ADVANCED_FACE('',(#3946),#3933,.T.);
#3948=CARTESIAN_POINT('',(-1.597500061820E2,-3.048742707047E0,
1.065579963846E2));
#3949=DIRECTION('',(0.E0,8.715574274765E-2,-9.961946980917E-1));
#3950=DIRECTION('',(0.E0,9.961946980917E-1,8.715574274765E-2));
#3951=AXIS2_PLACEMENT_3D('',#3948,#3949,#3950);
#3952=CYLINDRICAL_SURFACE('',#3951,6.749999999999E0);
#3953=ORIENTED_EDGE('',*,*,#3936,.F.);
#3954=ORIENTED_EDGE('',*,*,#3934,.F.);
#3955=ORIENTED_EDGE('',*,*,#3528,.F.);
#3957=ORIENTED_EDGE('',*,*,#3956,.F.);
#3959=ORIENTED_EDGE('',*,*,#3958,.F.);
#3961=ORIENTED_EDGE('',*,*,#3960,.F.);
#3963=ORIENTED_EDGE('',*,*,#3962,.T.);
#3964=EDGE_LOOP('',(#3953,#3954,#3955,#3957,#3959,#3961,#3963));
#3965=FACE_OUTER_BOUND('',#3964,.F.);
#3966=ADVANCED_FACE('',(#3965),#3952,.T.);
#3967=CARTESIAN_POINT('',(-1.610384592587E2,1.010364059059E1,
-2.899109148042E1));
#3968=DIRECTION('',(4.357795025173E-2,4.357795025175E-2,-9.980991556472E-1));
#3969=DIRECTION('',(-1.002504674623E-1,-9.938149068283E-1,-4.776792584508E-2));
#3970=AXIS2_PLACEMENT_3D('',#3967,#3968,#3969);
#3971=CONICAL_SURFACE('',#3970,5.466740162939E0,2.497623568584E0);
#3973=ORIENTED_EDGE('',*,*,#3972,.F.);
#3975=ORIENTED_EDGE('',*,*,#3974,.T.);
#3977=ORIENTED_EDGE('',*,*,#3976,.F.);
#3978=ORIENTED_EDGE('',*,*,#3960,.T.);
#3979=ORIENTED_EDGE('',*,*,#3958,.T.);
#3980=ORIENTED_EDGE('',*,*,#3956,.T.);
#3981=ORIENTED_EDGE('',*,*,#3526,.F.);
#3982=EDGE_LOOP('',(#3973,#3975,#3977,#3978,#3979,#3980,#3981));
#3983=FACE_OUTER_BOUND('',#3982,.F.);
#3984=ADVANCED_FACE('',(#3983),#3971,.T.);
#3985=CARTESIAN_POINT('',(-1.623102847758E2,1.211746354074E1,1.367177857927E0));
#3986=CARTESIAN_POINT('',(-1.623064209180E2,1.252061701723E1,1.030365086911E0));
#3987=CARTESIAN_POINT('',(-1.623025570602E2,1.292377049372E1,
6.935523158956E-1));
#3988=CARTESIAN_POINT('',(-1.622986932024E2,1.332692397022E1,
3.567395448800E-1));
#3989=CARTESIAN_POINT('',(-1.623099516441E2,1.211949859377E1,1.367071283631E0));
#3990=CARTESIAN_POINT('',(-1.623075872192E2,1.252182050465E1,1.030265638281E0));
#3991=CARTESIAN_POINT('',(-1.623052227942E2,1.292414241553E1,
6.934599929315E-1));
#3992=CARTESIAN_POINT('',(-1.623028583693E2,1.332646432641E1,
3.566543475820E-1));
#3993=CARTESIAN_POINT('',(-1.623188109712E2,1.212500654721E1,1.366816580857E0));
#3994=CARTESIAN_POINT('',(-1.623216045724E2,1.252506462636E1,1.029983661899E0));
#3995=CARTESIAN_POINT('',(-1.623243981737E2,1.292512270551E1,
6.931507429410E-1));
#3996=CARTESIAN_POINT('',(-1.623271917749E2,1.332518078465E1,
3.563178239831E-1));
#3997=CARTESIAN_POINT('',(-1.623866766946E2,1.212003220850E1,1.367281140869E0));
#3998=CARTESIAN_POINT('',(-1.623935015961E2,1.252193196123E1,1.030110591426E0));
#3999=CARTESIAN_POINT('',(-1.624003264976E2,1.292383171395E1,
6.929400419823E-1));
#4000=CARTESIAN_POINT('',(-1.624071513991E2,1.332573146668E1,
3.557694925388E-1));
#4001=CARTESIAN_POINT('',(-1.624680646214E2,1.211926124769E1,1.367258309825E0));
#4002=CARTESIAN_POINT('',(-1.624852362223E2,1.252011991597E1,1.029692737728E0));
#4003=CARTESIAN_POINT('',(-1.625024078233E2,1.292097858425E1,
6.921271656318E-1));
#4004=CARTESIAN_POINT('',(-1.625195794243E2,1.332183725254E1,
3.545615935351E-1));
#4005=CARTESIAN_POINT('',(-1.626271269269E2,1.210890239922E1,1.367110007615E0));
#4006=CARTESIAN_POINT('',(-1.626608306796E2,1.250930833926E1,1.028739829778E0));
#4007=CARTESIAN_POINT('',(-1.626945344323E2,1.290971427930E1,
6.903696519403E-1));
#4008=CARTESIAN_POINT('',(-1.627282381850E2,1.331012021933E1,
3.519994741028E-1));
#4009=CARTESIAN_POINT('',(-1.629326431845E2,1.207317566633E1,1.364930361616E0));
#4010=CARTESIAN_POINT('',(-1.630004353838E2,1.246934812823E1,1.024931817796E0));
#4011=CARTESIAN_POINT('',(-1.630682275830E2,1.286552059013E1,
6.849332739749E-1));
#4012=CARTESIAN_POINT('',(-1.631360197823E2,1.326169305203E1,
3.449347301541E-1));
#4013=CARTESIAN_POINT('',(-1.635417395108E2,1.192771963608E1,1.354122828382E0));
#4014=CARTESIAN_POINT('',(-1.636758004535E2,1.230845351792E1,1.010523844543E0));
#4015=CARTESIAN_POINT('',(-1.638098613961E2,1.268918739976E1,
6.669248607049E-1));
#4016=CARTESIAN_POINT('',(-1.639439223388E2,1.306992128160E1,
3.233258768663E-1));
#4017=CARTESIAN_POINT('',(-1.643396702329E2,1.152092411531E1,1.320027527588E0));
#4018=CARTESIAN_POINT('',(-1.645615328515E2,1.185700468362E1,
9.706639386734E-1));
#4019=CARTESIAN_POINT('',(-1.647833954702E2,1.219308525193E1,
6.213003497587E-1));
#4020=CARTESIAN_POINT('',(-1.650052580888E2,1.252916582023E1,
2.719367608440E-1));
#4021=CARTESIAN_POINT('',(-1.650998622505E2,1.076117091531E1,1.253563427123E0));
#4022=CARTESIAN_POINT('',(-1.654050886671E2,1.101390474880E1,
8.969151493920E-1));
#4023=CARTESIAN_POINT('',(-1.657103150838E2,1.126663858228E1,
5.402668716616E-1));
#4024=CARTESIAN_POINT('',(-1.660155415004E2,1.151937241577E1,
1.836185939311E-1));
#4025=CARTESIAN_POINT('',(-1.655861195845E2,9.803864370398E0,1.167925989805E0));
#4026=CARTESIAN_POINT('',(-1.659447479586E2,9.951352035647E0,
8.043525793185E-1));
#4027=CARTESIAN_POINT('',(-1.663033763326E2,1.009883970090E1,
4.407791688318E-1));
#4028=CARTESIAN_POINT('',(-1.666620047067E2,1.024632736614E1,
7.720575834521E-2));
#4029=CARTESIAN_POINT('',(-1.657510589910E2,8.742657083332E0,1.071521346065E0));
#4030=CARTESIAN_POINT('',(-1.661277715063E2,8.773485758297E0,
7.020644971659E-1));
#4031=CARTESIAN_POINT('',(-1.665044840216E2,8.804314433263E0,
3.326076482666E-1));
#4032=CARTESIAN_POINT('',(-1.668811965369E2,8.835143108229E0,
-3.684920063264E-2));
#4033=CARTESIAN_POINT('',(-1.655777118402E2,7.681219669012E0,
9.737624608304E-1));
#4034=CARTESIAN_POINT('',(-1.659354139685E2,7.595440705490E0,
6.000445348673E-1));
#4035=CARTESIAN_POINT('',(-1.662931160969E2,7.509661741967E0,
2.263266089043E-1));
#4036=CARTESIAN_POINT('',(-1.666508182252E2,7.423882778444E0,
-1.473913170588E-1));
#4037=CARTESIAN_POINT('',(-1.650827256956E2,6.724597854857E0,
8.843288285930E-1));
#4038=CARTESIAN_POINT('',(-1.653862315496E2,6.533855161866E0,
5.083943300455E-1));
#4039=CARTESIAN_POINT('',(-1.656897374037E2,6.343112468875E0,
1.324598314980E-1));
#4040=CARTESIAN_POINT('',(-1.659932432577E2,6.152369775885E0,
-2.434746670496E-1));
#4041=CARTESIAN_POINT('',(-1.643137741087E2,5.966000505048E0,
8.119348224177E-1));
#4042=CARTESIAN_POINT('',(-1.645332193975E2,5.692146739475E0,
4.360417391425E-1));
#4043=CARTESIAN_POINT('',(-1.647526646863E2,5.418292973902E0,
6.014865586737E-2));
#4044=CARTESIAN_POINT('',(-1.649721099751E2,5.144439208328E0,
-3.157444274078E-1));
#4045=CARTESIAN_POINT('',(-1.633472857369E2,5.483889787279E0,
7.640561260897E-1));
#4046=CARTESIAN_POINT('',(-1.634612414064E2,5.157300607919E0,
3.904665206807E-1));
#4047=CARTESIAN_POINT('',(-1.635751970758E2,4.830711428560E0,
1.687691527165E-2));
#4048=CARTESIAN_POINT('',(-1.636891527453E2,4.504122249201E0,
-3.567126901374E-1));
#4049=CARTESIAN_POINT('',(-1.625494114028E2,5.361786840858E0,
7.497625690933E-1));
#4050=CARTESIAN_POINT('',(-1.625763655345E2,5.021863819295E0,
3.793888477295E-1));
#4051=CARTESIAN_POINT('',(-1.626033196663E2,4.681940797733E0,
9.015126365652E-3));
#4052=CARTESIAN_POINT('',(-1.626302737980E2,4.342017776170E0,
-3.613585949982E-1));
#4053=CARTESIAN_POINT('',(-1.621006312948E2,5.381668098300E0,
7.498210786793E-1));
#4054=CARTESIAN_POINT('',(-1.620786958202E2,5.043916142378E0,
3.816773118618E-1));
#4055=CARTESIAN_POINT('',(-1.620567603455E2,4.706164186456E0,
1.353354504430E-2));
#4056=CARTESIAN_POINT('',(-1.620348248708E2,4.368412230534E0,
-3.546102217732E-1));
#4057=CARTESIAN_POINT('',(-1.620003318642E2,5.390577904061E0,
7.502425651924E-1));
#4058=CARTESIAN_POINT('',(-1.619674724967E2,5.053798558439E0,
3.826184059966E-1));
#4059=CARTESIAN_POINT('',(-1.619346131291E2,4.717019212818E0,
1.499424680079E-2));
#4060=CARTESIAN_POINT('',(-1.619017537616E2,4.380239867196E0,
-3.526299123950E-1));
#4061=B_SPLINE_SURFACE_WITH_KNOTS('',3,3,((#3985,#3986,#3987,#3988),(#3989,
#3990,#3991,#3992),(#3993,#3994,#3995,#3996),(#3997,#3998,#3999,#4000),(#4001,
#4002,#4003,#4004),(#4005,#4006,#4007,#4008),(#4009,#4010,#4011,#4012),(#4013,
#4014,#4015,#4016),(#4017,#4018,#4019,#4020),(#4021,#4022,#4023,#4024),(#4025,
#4026,#4027,#4028),(#4029,#4030,#4031,#4032),(#4033,#4034,#4035,#4036),(#4037,
#4038,#4039,#4040),(#4041,#4042,#4043,#4044),(#4045,#4046,#4047,#4048),(#4049,
#4050,#4051,#4052),(#4053,#4054,#4055,#4056),(#4057,#4058,#4059,#4060)),
.UNSPECIFIED.,.F.,.F.,.F.,(4,1,1,1,1,1,1,1,1,1,1,1,1,1,1,1,4),(4,4),(
-2.015010604057E-3,0.E0,6.238433435956E-3,1.248921161423E-2,2.499076797079E-2,
4.999388068388E-2,1.000001061101E-1,2.000000970484E-1,3.000000879868E-1,
4.000000789250E-1,5.000000698633E-1,6.000000608017E-1,7.000000517400E-1,
8.000000426784E-1,9.000000336166E-1,1.E0,1.028912946351E0),(-2.967266190423E-6,
1.000898568199E0),.UNSPECIFIED.);
#4063=ORIENTED_EDGE('',*,*,#4062,.F.);
#4065=ORIENTED_EDGE('',*,*,#4064,.T.);
#4066=ORIENTED_EDGE('',*,*,#3974,.F.);
#4067=ORIENTED_EDGE('',*,*,#3972,.T.);
#4069=ORIENTED_EDGE('',*,*,#4068,.F.);
#4070=EDGE_LOOP('',(#4063,#4065,#4066,#4067,#4069));
#4071=FACE_OUTER_BOUND('',#4070,.F.);
#4072=ADVANCED_FACE('',(#4071),#4061,.F.);
#4073=CARTESIAN_POINT('',(-1.5975E2,0.E0,0.E0));
#4074=DIRECTION('',(0.E0,-8.715574274765E-2,9.961946980917E-1));
#4075=DIRECTION('',(-1.E0,0.E0,0.E0));
#4076=AXIS2_PLACEMENT_3D('',#4073,#4074,#4075);
#4077=PLANE('',#4076);
#4078=ORIENTED_EDGE('',*,*,#3703,.F.);
#4080=ORIENTED_EDGE('',*,*,#4079,.T.);
#4082=ORIENTED_EDGE('',*,*,#4081,.F.);
#4083=ORIENTED_EDGE('',*,*,#4062,.T.);
#4085=ORIENTED_EDGE('',*,*,#4084,.F.);
#4087=ORIENTED_EDGE('',*,*,#4086,.F.);
#4089=ORIENTED_EDGE('',*,*,#4088,.T.);
#4091=ORIENTED_EDGE('',*,*,#4090,.T.);
#4093=ORIENTED_EDGE('',*,*,#4092,.T.);
#4094=EDGE_LOOP('',(#4078,#4080,#4082,#4083,#4085,#4087,#4089,#4091,#4093));
#4095=FACE_OUTER_BOUND('',#4094,.F.);
#4096=ADVANCED_FACE('',(#4095),#4077,.T.);
#4097=CARTESIAN_POINT('',(-6.748528137424E1,-1.348023396496E0,
-6.140855790621E0));
#4098=DIRECTION('',(0.E0,-9.961946980917E-1,-8.715574274765E-2));
#4099=DIRECTION('',(0.E0,-8.715574274765E-2,9.961946980917E-1));
#4100=AXIS2_PLACEMENT_3D('',#4097,#4098,#4099);
#4101=CYLINDRICAL_SURFACE('',#4100,6.E0);
#4102=ORIENTED_EDGE('',*,*,#4079,.F.);
#4103=ORIENTED_EDGE('',*,*,#3701,.F.);
#4105=ORIENTED_EDGE('',*,*,#4104,.F.);
#4107=ORIENTED_EDGE('',*,*,#4106,.F.);
#4108=EDGE_LOOP('',(#4102,#4103,#4105,#4107));
#4109=FACE_OUTER_BOUND('',#4108,.F.);
#4110=ADVANCED_FACE('',(#4109),#4101,.T.);
#4111=CARTESIAN_POINT('',(-6.E1,-1.435179139243E0,-5.144661092529E0));
#4112=DIRECTION('',(7.071067811865E-1,-6.162841671621E-2,7.044160264028E-1));
#4113=DIRECTION('',(0.E0,-9.961946980917E-1,-8.715574274764E-2));
#4114=AXIS2_PLACEMENT_3D('',#4111,#4112,#4113);
#4115=PLANE('',#4114);
#4116=ORIENTED_EDGE('',*,*,#3699,.F.);
#4118=ORIENTED_EDGE('',*,*,#4117,.F.);
#4120=ORIENTED_EDGE('',*,*,#4119,.T.);
#4121=ORIENTED_EDGE('',*,*,#4104,.T.);
#4122=EDGE_LOOP('',(#4116,#4118,#4120,#4121));
#4123=FACE_OUTER_BOUND('',#4122,.F.);
#4124=ADVANCED_FACE('',(#4123),#4115,.T.);
#4125=CARTESIAN_POINT('',(-5.751471862576E1,-1.958113595729E0,
8.325070960211E-1));
#4126=DIRECTION('',(0.E0,9.961946980917E-1,8.715574274765E-2));
#4127=DIRECTION('',(0.E0,8.715574274765E-2,-9.961946980917E-1));
#4128=AXIS2_PLACEMENT_3D('',#4125,#4126,#4127);
#4129=CYLINDRICAL_SURFACE('',#4128,6.E0);
#4130=ORIENTED_EDGE('',*,*,#3697,.F.);
#4132=ORIENTED_EDGE('',*,*,#4131,.F.);
#4134=ORIENTED_EDGE('',*,*,#4133,.F.);
#4135=ORIENTED_EDGE('',*,*,#4117,.T.);
#4136=EDGE_LOOP('',(#4130,#4132,#4134,#4135));
#4137=FACE_OUTER_BOUND('',#4136,.F.);
#4138=ADVANCED_FACE('',(#4137),#4129,.F.);
#4139=CARTESIAN_POINT('',(-6.E1,-1.435179139243E0,-5.144661092529E0));
#4140=DIRECTION('',(0.E0,8.715574274765E-2,-9.961946980917E-1));
#4141=DIRECTION('',(-1.E0,0.E0,0.E0));
#4142=AXIS2_PLACEMENT_3D('',#4139,#4140,#4141);
#4143=PLANE('',#4142);
#4144=ORIENTED_EDGE('',*,*,#3695,.F.);
#4146=ORIENTED_EDGE('',*,*,#4145,.F.);
#4148=ORIENTED_EDGE('',*,*,#4147,.F.);
#4149=ORIENTED_EDGE('',*,*,#4131,.T.);
#4150=EDGE_LOOP('',(#4144,#4146,#4148,#4149));
#4151=FACE_OUTER_BOUND('',#4150,.F.);
#4152=ADVANCED_FACE('',(#4151),#4143,.F.);
#4153=CARTESIAN_POINT('',(5.751471862576E1,-1.958113595729E0,
8.325070960211E-1));
#4154=DIRECTION('',(0.E0,-9.961946980917E-1,-8.715574274765E-2));
#4155=DIRECTION('',(0.E0,8.715574274765E-2,-9.961946980917E-1));
#4156=AXIS2_PLACEMENT_3D('',#4153,#4154,#4155);
#4157=CYLINDRICAL_SURFACE('',#4156,6.E0);
#4158=ORIENTED_EDGE('',*,*,#3693,.F.);
#4160=ORIENTED_EDGE('',*,*,#4159,.F.);
#4162=ORIENTED_EDGE('',*,*,#4161,.F.);
#4163=ORIENTED_EDGE('',*,*,#4145,.T.);
#4164=EDGE_LOOP('',(#4158,#4160,#4162,#4163));
#4165=FACE_OUTER_BOUND('',#4164,.F.);
#4166=ADVANCED_FACE('',(#4165),#4157,.F.);
#4167=CARTESIAN_POINT('',(6.E1,-1.435179139243E0,-5.144661092529E0));
#4168=DIRECTION('',(7.071067811865E-1,6.162841671621E-2,-7.044160264028E-1));
#4169=DIRECTION('',(0.E0,-9.961946980917E-1,-8.715574274764E-2));
#4170=AXIS2_PLACEMENT_3D('',#4167,#4168,#4169);
#4171=PLANE('',#4170);
#4172=ORIENTED_EDGE('',*,*,#3691,.F.);
#4173=ORIENTED_EDGE('',*,*,#3734,.F.);
#4175=ORIENTED_EDGE('',*,*,#4174,.T.);
#4176=ORIENTED_EDGE('',*,*,#4159,.T.);
#4177=EDGE_LOOP('',(#4172,#4173,#4175,#4176));
#4178=FACE_OUTER_BOUND('',#4177,.F.);
#4179=ADVANCED_FACE('',(#4178),#4171,.F.);
#4180=CARTESIAN_POINT('',(6.267677669530E1,4.876686563147E0,-2.238474591687E0));
#4181=DIRECTION('',(-4.852703278515E-1,-7.285699749222E-1,4.834237277470E-1));
#4182=DIRECTION('',(5.161579021146E-1,-6.849713801626E-1,-5.141937654647E-1));
#4183=AXIS2_PLACEMENT_3D('',#4180,#4181,#4182);
#4184=PLANE('',#4183);
#4185=ORIENTED_EDGE('',*,*,#4174,.F.);
#4186=ORIENTED_EDGE('',*,*,#3770,.T.);
#4188=ORIENTED_EDGE('',*,*,#4187,.F.);
#4190=ORIENTED_EDGE('',*,*,#4189,.F.);
#4191=EDGE_LOOP('',(#4185,#4186,#4188,#4190));
#4192=FACE_OUTER_BOUND('',#4191,.F.);
#4193=ADVANCED_FACE('',(#4192),#4184,.T.);
#4194=CARTESIAN_POINT('',(-1.6233E2,4.642093667326E0,4.498749026795E-1));
#4195=DIRECTION('',(0.E0,1.E0,0.E0));
#4196=DIRECTION('',(1.E0,0.E0,0.E0));
#4197=AXIS2_PLACEMENT_3D('',#4194,#4195,#4196);
#4198=PLANE('',#4197);
#4200=ORIENTED_EDGE('',*,*,#4199,.T.);
#4202=ORIENTED_EDGE('',*,*,#4201,.F.);
#4204=ORIENTED_EDGE('',*,*,#4203,.T.);
#4206=ORIENTED_EDGE('',*,*,#4205,.F.);
#4208=ORIENTED_EDGE('',*,*,#4207,.T.);
#4210=ORIENTED_EDGE('',*,*,#4209,.F.);
#4211=ORIENTED_EDGE('',*,*,#4187,.T.);
#4212=ORIENTED_EDGE('',*,*,#3768,.F.);
#4213=ORIENTED_EDGE('',*,*,#3783,.T.);
#4214=ORIENTED_EDGE('',*,*,#3874,.T.);
#4216=ORIENTED_EDGE('',*,*,#4215,.T.);
#4217=ORIENTED_EDGE('',*,*,#3976,.T.);
#4218=EDGE_LOOP('',(#4200,#4202,#4204,#4206,#4208,#4210,#4211,#4212,#4213,#4214,
#4216,#4217));
#4219=FACE_OUTER_BOUND('',#4218,.F.);
#4221=ORIENTED_EDGE('',*,*,#4220,.T.);
#4223=ORIENTED_EDGE('',*,*,#4222,.F.);
#4225=ORIENTED_EDGE('',*,*,#4224,.T.);
#4227=ORIENTED_EDGE('',*,*,#4226,.T.);
#4229=ORIENTED_EDGE('',*,*,#4228,.F.);
#4230=EDGE_LOOP('',(#4221,#4223,#4225,#4227,#4229));
#4231=FACE_BOUND('',#4230,.F.);
#4233=ORIENTED_EDGE('',*,*,#4232,.T.);
#4235=ORIENTED_EDGE('',*,*,#4234,.T.);
#4237=ORIENTED_EDGE('',*,*,#4236,.T.);
#4239=ORIENTED_EDGE('',*,*,#4238,.T.);
#4241=ORIENTED_EDGE('',*,*,#4240,.T.);
#4242=EDGE_LOOP('',(#4233,#4235,#4237,#4239,#4241));
#4243=FACE_BOUND('',#4242,.F.);
#4244=ADVANCED_FACE('',(#4219,#4231,#4243),#4198,.F.);
#4245=CARTESIAN_POINT('',(-1.148936235625E2,4.870304731639E0,
1.970136584307E-1));
#4246=DIRECTION('',(0.E0,-7.372773368101E-1,6.755902076157E-1));
#4247=DIRECTION('',(0.E0,-6.755902076157E-1,-7.372773368101E-1));
#4248=AXIS2_PLACEMENT_3D('',#4245,#4246,#4247);
#4249=PLANE('',#4248);
#4250=ORIENTED_EDGE('',*,*,#4081,.T.);
#4252=ORIENTED_EDGE('',*,*,#4251,.T.);
#4253=ORIENTED_EDGE('',*,*,#4199,.F.);
#4254=ORIENTED_EDGE('',*,*,#4064,.F.);
#4255=EDGE_LOOP('',(#4250,#4252,#4253,#4254));
#4256=FACE_OUTER_BOUND('',#4255,.F.);
#4257=ADVANCED_FACE('',(#4256),#4249,.T.);
#4258=CARTESIAN_POINT('',(-6.795776905360E1,5.378459398302E0,
7.340109469765E-1));
#4259=CARTESIAN_POINT('',(-6.793004254155E1,5.040030575770E0,
3.659549349898E-1));
#4260=CARTESIAN_POINT('',(-6.790231602950E1,4.701601753237E0,
-2.101076996881E-3));
#4261=CARTESIAN_POINT('',(-6.787458951745E1,4.363172930704E0,
-3.701570889836E-1));
#4262=CARTESIAN_POINT('',(-6.780056076006E1,5.378226186008E0,
7.456170143579E-1));
#4263=CARTESIAN_POINT('',(-6.778205938401E1,5.039906143392E0,
3.768754189289E-1));
#4264=CARTESIAN_POINT('',(-6.776355800795E1,4.701586100776E0,
8.133823499900E-3));
#4265=CARTESIAN_POINT('',(-6.774505663190E1,4.363266058160E0,
-3.606077719291E-1));
#4266=CARTESIAN_POINT('',(-6.599070094236E1,5.376370160564E0,
8.127427806170E-1));
#4267=CARTESIAN_POINT('',(-6.607840440198E1,5.038920142076E0,
4.399950387250E-1));
#4268=CARTESIAN_POINT('',(-6.616610786160E1,4.701470123587E0,
6.724729683296E-2));
#4269=CARTESIAN_POINT('',(-6.625381132122E1,4.364020105099E0,
-3.055004450591E-1));
#4270=CARTESIAN_POINT('',(-6.403710933609E1,5.385386306720E0,
1.205835826088E-3));
#4271=CARTESIAN_POINT('',(-6.423950596084E1,5.043792383979E0,
-3.242176988412E-1));
#4272=CARTESIAN_POINT('',(-6.444190258559E1,4.702198461238E0,
-6.496412335084E-1));
#4273=CARTESIAN_POINT('',(-6.464429921034E1,4.360604538497E0,
-9.750647681757E-1));
#4274=CARTESIAN_POINT('',(-6.280758694518E1,5.401269577173E0,
-1.328502623891E0));
#4275=CARTESIAN_POINT('',(-6.308244272961E1,5.052359056353E0,
-1.576199668751E0));
#4276=CARTESIAN_POINT('',(-6.335729851405E1,4.703448535533E0,
-1.823896713611E0));
#4277=CARTESIAN_POINT('',(-6.363215429849E1,4.354538014714E0,
-2.071593758471E0));
#4278=CARTESIAN_POINT('',(-6.270488061614E1,5.402702337844E0,
-1.448079220061E0));
#4279=CARTESIAN_POINT('',(-6.298579212656E1,5.053131759301E0,
-1.688785483940E0));
#4280=CARTESIAN_POINT('',(-6.326670363698E1,4.703561180758E0,
-1.929491747820E0));
#4281=CARTESIAN_POINT('',(-6.354761514740E1,4.353990602215E0,
-2.170198011699E0));
#4282=B_SPLINE_SURFACE_WITH_KNOTS('',3,3,((#4258,#4259,#4260,#4261),(#4262,
#4263,#4264,#4265),(#4266,#4267,#4268,#4269),(#4270,#4271,#4272,#4273),(#4274,
#4275,#4276,#4277),(#4278,#4279,#4280,#4281)),.UNSPECIFIED.,.F.,.F.,.F.,(4,1,1,
4),(4,4),(-9.544315691806E-2,0.E0,1.E0,1.095443156918E0),(-6.871331675763E-4,
9.999754340115E-1),.UNSPECIFIED.);
#4283=ORIENTED_EDGE('',*,*,#4106,.T.);
#4285=ORIENTED_EDGE('',*,*,#4284,.T.);
#4286=ORIENTED_EDGE('',*,*,#4201,.T.);
#4287=ORIENTED_EDGE('',*,*,#4251,.F.);
#4288=EDGE_LOOP('',(#4283,#4285,#4286,#4287));
#4289=FACE_OUTER_BOUND('',#4288,.F.);
#4290=ADVANCED_FACE('',(#4289),#4282,.F.);
#4291=CARTESIAN_POINT('',(-6.267677669530E1,4.876686563147E0,
-2.238474591687E0));
#4292=DIRECTION('',(4.852703278515E-1,-7.285699749222E-1,4.834237277470E-1));
#4293=DIRECTION('',(-5.161579021146E-1,-6.849713801626E-1,-5.141937654647E-1));
#4294=AXIS2_PLACEMENT_3D('',#4291,#4292,#4293);
#4295=PLANE('',#4294);
#4296=ORIENTED_EDGE('',*,*,#4119,.F.);
#4298=ORIENTED_EDGE('',*,*,#4297,.T.);
#4299=ORIENTED_EDGE('',*,*,#4203,.F.);
#4300=ORIENTED_EDGE('',*,*,#4284,.F.);
#4301=EDGE_LOOP('',(#4296,#4298,#4299,#4300));
#4302=FACE_OUTER_BOUND('',#4301,.F.);
#4303=ADVANCED_FACE('',(#4302),#4295,.T.);
#4304=CARTESIAN_POINT('',(-6.180803440173E1,5.401215753030E0,
-2.305700954789E0));
#4305=CARTESIAN_POINT('',(-6.208734498340E1,5.052067382302E0,
-2.548053542613E0));
#4306=CARTESIAN_POINT('',(-6.236665556507E1,4.702919011574E0,
-2.790406130436E0));
#4307=CARTESIAN_POINT('',(-6.264596614673E1,4.353770640846E0,
-3.032758718259E0));
#4308=CARTESIAN_POINT('',(-6.172255804167E1,5.400006184175E0,
-2.404332433451E0));
#4309=CARTESIAN_POINT('',(-6.199627748866E1,5.051414183246E0,
-2.653055254891E0));
#4310=CARTESIAN_POINT('',(-6.226999693564E1,4.702822182318E0,
-2.901778076331E0));
#4311=CARTESIAN_POINT('',(-6.254371638262E1,4.354230181390E0,
-3.150500897771E0));
#4312=CARTESIAN_POINT('',(-6.061824405687E1,5.385401807289E0,
-3.595212375631E0));
#4313=CARTESIAN_POINT('',(-6.081978241465E1,5.043527374155E0,
-3.920834030660E0));
#4314=CARTESIAN_POINT('',(-6.102132077242E1,4.701652941020E0,
-4.246455685688E0));
#4315=CARTESIAN_POINT('',(-6.122285913020E1,4.359778507885E0,
-4.572077340717E0));
#4316=CARTESIAN_POINT('',(-5.887683278296E1,5.376511568363E0,
-4.320146282139E0));
#4317=CARTESIAN_POINT('',(-5.896526552598E1,5.038725828069E0,
-4.692439003427E0));
#4318=CARTESIAN_POINT('',(-5.905369826900E1,4.700940087774E0,
-5.064731724716E0));
#4319=CARTESIAN_POINT('',(-5.914213101202E1,4.363154347480E0,
-5.437024446004E0));
#4320=CARTESIAN_POINT('',(-5.725362367688E1,5.377191296277E0,
-4.264719605171E0));
#4321=CARTESIAN_POINT('',(-5.723667223456E1,5.039092713148E0,
-4.633384611277E0));
#4322=CARTESIAN_POINT('',(-5.721972079224E1,4.700994130019E0,
-5.002049617383E0));
#4323=CARTESIAN_POINT('',(-5.720276934992E1,4.362895546890E0,
-5.370714623489E0));
#4324=CARTESIAN_POINT('',(-5.712341310274E1,5.377299666070E0,
-4.255882855372E0));
#4325=CARTESIAN_POINT('',(-5.709800776115E1,5.039151221915E0,
-4.623973576463E0));
#4326=CARTESIAN_POINT('',(-5.707260241957E1,4.701002777760E0,
-4.992064297555E0));
#4327=CARTESIAN_POINT('',(-5.704719707798E1,4.362854333605E0,
-5.360155018646E0));
#4328=B_SPLINE_SURFACE_WITH_KNOTS('',3,3,((#4304,#4305,#4306,#4307),(#4308,
#4309,#4310,#4311),(#4312,#4313,#4314,#4315),(#4316,#4317,#4318,#4319),(#4320,
#4321,#4322,#4323),(#4324,#4325,#4326,#4327)),.UNSPECIFIED.,.F.,.F.,.F.,(4,1,1,
4),(4,4),(-8.746848807883E-2,0.E0,1.E0,1.087460923308E0),(1.068678302609E-4,
1.000432447913E0),.UNSPECIFIED.);
#4329=ORIENTED_EDGE('',*,*,#4133,.T.);
#4331=ORIENTED_EDGE('',*,*,#4330,.T.);
#4332=ORIENTED_EDGE('',*,*,#4205,.T.);
#4333=ORIENTED_EDGE('',*,*,#4297,.F.);
#4334=EDGE_LOOP('',(#4329,#4331,#4332,#4333));
#4335=FACE_OUTER_BOUND('',#4334,.F.);
#4336=ADVANCED_FACE('',(#4335),#4328,.F.);
#4337=CARTESIAN_POINT('',(0.E0,4.870304731639E0,-4.822085529286E0));
#4338=DIRECTION('',(0.E0,-7.372773368101E-1,6.755902076157E-1));
#4339=DIRECTION('',(0.E0,-6.755902076157E-1,-7.372773368101E-1));
#4340=AXIS2_PLACEMENT_3D('',#4337,#4338,#4339);
#4341=PLANE('',#4340);
#4342=ORIENTED_EDGE('',*,*,#4147,.T.);
#4344=ORIENTED_EDGE('',*,*,#4343,.T.);
#4345=ORIENTED_EDGE('',*,*,#4207,.F.);
#4346=ORIENTED_EDGE('',*,*,#4330,.F.);
#4347=EDGE_LOOP('',(#4342,#4344,#4345,#4346));
#4348=FACE_OUTER_BOUND('',#4347,.F.);
#4349=ADVANCED_FACE('',(#4348),#4341,.T.);
#4350=CARTESIAN_POINT('',(5.751468536500E1,5.377254074179E0,-4.268903617130E0));
#4351=CARTESIAN_POINT('',(5.751468733832E1,5.038181837070E0,-4.638933117705E0));
#4352=CARTESIAN_POINT('',(5.751468931164E1,4.699109599962E0,-5.008962618281E0));
#4353=CARTESIAN_POINT('',(5.751469128496E1,4.360037362854E0,-5.378992118856E0));
#4354=CARTESIAN_POINT('',(5.751754511413E1,5.377272024240E0,-4.268821501045E0));
#4355=CARTESIAN_POINT('',(5.751676843652E1,5.038209546495E0,-4.638825402714E0));
#4356=CARTESIAN_POINT('',(5.751599175890E1,4.699147068749E0,-5.008829304384E0));
#4357=CARTESIAN_POINT('',(5.751521508128E1,4.360084591003E0,-5.378833206053E0));
#4358=CARTESIAN_POINT('',(5.751843634514E1,5.377245623362E0,-4.268932603440E0));
#4359=CARTESIAN_POINT('',(5.751911217266E1,5.038169181215E0,-4.638973421461E0));
#4360=CARTESIAN_POINT('',(5.751978800018E1,4.699092739067E0,-5.009014239482E0));
#4361=CARTESIAN_POINT('',(5.752046382769E1,4.360016296919E0,-5.379055057503E0));
#4362=CARTESIAN_POINT('',(5.752525127633E1,5.377258720253E0,-4.268861676008E0));
#4363=CARTESIAN_POINT('',(5.752568992340E1,5.038189004619E0,-4.638883790437E0));
#4364=CARTESIAN_POINT('',(5.752612857047E1,4.699119288985E0,-5.008905904866E0));
#4365=CARTESIAN_POINT('',(5.752656721754E1,4.360049573351E0,-5.378928019295E0));
#4366=CARTESIAN_POINT('',(5.753483244667E1,5.377251114272E0,-4.268859628016E0));
#4367=CARTESIAN_POINT('',(5.753632001847E1,5.038176941446E0,-4.638891187112E0));
#4368=CARTESIAN_POINT('',(5.753780759028E1,4.699102768619E0,-5.008922746207E0));
#4369=CARTESIAN_POINT('',(5.753929516208E1,4.360028595793E0,-5.378954305303E0));
#4370=CARTESIAN_POINT('',(5.754974506799E1,5.377256717966E0,-4.268751277593E0));
#4371=CARTESIAN_POINT('',(5.755196566837E1,5.038184426849E0,-4.638771586654E0));
#4372=CARTESIAN_POINT('',(5.755418626875E1,4.699112135732E0,-5.008791895715E0));
#4373=CARTESIAN_POINT('',(5.755640686912E1,4.360039844615E0,-5.378812204776E0));
#4374=CARTESIAN_POINT('',(5.756711434715E1,5.377257266938E0,-4.268595130266E0));
#4375=CARTESIAN_POINT('',(5.757054212534E1,5.038183299881E0,-4.638607918620E0));
#4376=CARTESIAN_POINT('',(5.757396990352E1,4.699109332824E0,-5.008620706973E0));
#4377=CARTESIAN_POINT('',(5.757739768170E1,4.360035365767E0,-5.378633495326E0));
#4378=CARTESIAN_POINT('',(5.759045491189E1,5.377261314724E0,-4.268301579297E0));
#4379=CARTESIAN_POINT('',(5.759537772445E1,5.038185952626E0,-4.638296137036E0));
#4380=CARTESIAN_POINT('',(5.760030053700E1,4.699110590529E0,-5.008290694775E0));
#4381=CARTESIAN_POINT('',(5.760522334956E1,4.360035228431E0,-5.378285252514E0));
#4382=CARTESIAN_POINT('',(5.761956422060E1,5.377267272984E0,-4.267798049137E0));
#4383=CARTESIAN_POINT('',(5.762639478099E1,5.038188941529E0,-4.637761895832E0));
#4384=CARTESIAN_POINT('',(5.763322534138E1,4.699110610075E0,-5.007725742527E0));
#4385=CARTESIAN_POINT('',(5.764005590177E1,4.360032278620E0,-5.377689589222E0));
#4386=CARTESIAN_POINT('',(5.766616480006E1,5.377280925087E0,-4.266691991114E0));
#4387=CARTESIAN_POINT('',(5.767602527720E1,5.038196396155E0,-4.636586744711E0));
#4388=CARTESIAN_POINT('',(5.768588575433E1,4.699111867222E0,-5.006481498307E0));
#4389=CARTESIAN_POINT('',(5.769574623146E1,4.360027338290E0,-5.376376251903E0));
#4390=CARTESIAN_POINT('',(5.772438291564E1,5.377304680423E0,-4.264751859537E0));
#4391=CARTESIAN_POINT('',(5.773803699676E1,5.038209163638E0,-4.634524335437E0));
#4392=CARTESIAN_POINT('',(5.775169107788E1,4.699113646853E0,-5.004296811336E0));
#4393=CARTESIAN_POINT('',(5.776534515900E1,4.360018130067E0,-5.374069287236E0));
#4394=CARTESIAN_POINT('',(5.781748182374E1,5.377357318780E0,-4.260461680674E0));
#4395=CARTESIAN_POINT('',(5.783719790466E1,5.038237560272E0,-4.629961650208E0));
#4396=CARTESIAN_POINT('',(5.785691398559E1,4.699117801764E0,-4.999461619743E0));
#4397=CARTESIAN_POINT('',(5.787663006652E1,4.359998043256E0,-5.368961589278E0));
#4398=CARTESIAN_POINT('',(5.793372261552E1,5.377450230072E0,-4.252886138730E0));
#4399=CARTESIAN_POINT('',(5.796100937343E1,5.038287633851E0,-4.621902271445E0));
#4400=CARTESIAN_POINT('',(5.798829613134E1,4.699125037629E0,-4.990918404159E0));
#4401=CARTESIAN_POINT('',(5.801558288926E1,4.359962441408E0,-5.359934536873E0));
#4402=CARTESIAN_POINT('',(5.811932797003E1,5.377656286519E0,-4.236086987664E0));
#4403=CARTESIAN_POINT('',(5.815870277758E1,5.038398691763E0,-4.604026096263E0));
#4404=CARTESIAN_POINT('',(5.819807758513E1,4.699141097007E0,-4.971965204862E0));
#4405=CARTESIAN_POINT('',(5.823745239268E1,4.359883502251E0,-5.339904313461E0));
#4406=CARTESIAN_POINT('',(5.835042692036E1,5.378020458620E0,-4.206396585358E0));
#4407=CARTESIAN_POINT('',(5.840485422428E1,5.038594940171E0,-4.572426674495E0));
#4408=CARTESIAN_POINT('',(5.845928152820E1,4.699169421721E0,-4.938456763632E0));
#4409=CARTESIAN_POINT('',(5.851370883213E1,4.359743903272E0,-5.304486852770E0));
#4410=CARTESIAN_POINT('',(5.871742831688E1,5.378826371252E0,-4.140692083009E0));
#4411=CARTESIAN_POINT('',(5.879576313934E1,5.039029208940E0,-4.502489046671E0));
#4412=CARTESIAN_POINT('',(5.887409796180E1,4.699232046628E0,-4.864286010333E0));
#4413=CARTESIAN_POINT('',(5.895243278425E1,4.359434884315E0,-5.226082973995E0));
#4414=CARTESIAN_POINT('',(5.916946980475E1,5.380244459468E0,-4.025077997409E0));
#4415=CARTESIAN_POINT('',(5.927725923010E1,5.039793303057E0,-4.379414458394E0));
#4416=CARTESIAN_POINT('',(5.938504865545E1,4.699342146646E0,-4.733750919380E0));
#4417=CARTESIAN_POINT('',(5.949283808080E1,4.358890990235E0,-5.088087380365E0));
#4418=CARTESIAN_POINT('',(5.987184847848E1,5.383355999353E0,-3.771400054481E0));
#4419=CARTESIAN_POINT('',(6.002542479125E1,5.041469786264E0,-4.109347005792E0));
#4420=CARTESIAN_POINT('',(6.017900110402E1,4.699583573174E0,-4.447293957103E0));
#4421=CARTESIAN_POINT('',(6.033257741680E1,4.357697360084E0,-4.785240908413E0));
#4422=CARTESIAN_POINT('',(6.069833342205E1,5.388762372864E0,-3.330628714415E0));
#4423=CARTESIAN_POINT('',(6.090583606599E1,5.044382594403E0,-3.640067526438E0));
#4424=CARTESIAN_POINT('',(6.111333870993E1,4.700002815943E0,-3.949506338461E0));
#4425=CARTESIAN_POINT('',(6.132084135387E1,4.355623037482E0,-4.258945150484E0));
#4426=CARTESIAN_POINT('',(6.132904675520E1,5.395079490609E0,-2.815606200780E0));
#4427=CARTESIAN_POINT('',(6.157778618740E1,5.047785948379E0,-3.091698804956E0));
#4428=CARTESIAN_POINT('',(6.182652561960E1,4.700492406149E0,-3.367791409133E0));
#4429=CARTESIAN_POINT('',(6.207526505180E1,4.353198863919E0,-3.643884013309E0));
#4430=CARTESIAN_POINT('',(6.163266912890E1,5.398957933595E0,-2.499404190783E0));
#4431=CARTESIAN_POINT('',(6.190129887990E1,5.049875417812E0,-2.755011834869E0));
#4432=CARTESIAN_POINT('',(6.216992863089E1,4.700792902029E0,-3.010619478955E0));
#4433=CARTESIAN_POINT('',(6.243855838189E1,4.351710386246E0,-3.266227123041E0));
#4434=CARTESIAN_POINT('',(6.167702342103E1,5.399545618909E0,-2.451491335901E0));
#4435=CARTESIAN_POINT('',(6.194855983605E1,5.050192026004E0,-2.703994730157E0));
#4436=CARTESIAN_POINT('',(6.222009625106E1,4.700838433099E0,-2.956498124413E0));
#4437=CARTESIAN_POINT('',(6.249163266607E1,4.351484840195E0,-3.209001518669E0));
#4438=B_SPLINE_SURFACE_WITH_KNOTS('',3,3,((#4350,#4351,#4352,#4353),(#4354,
#4355,#4356,#4357),(#4358,#4359,#4360,#4361),(#4362,#4363,#4364,#4365),(#4366,
#4367,#4368,#4369),(#4370,#4371,#4372,#4373),(#4374,#4375,#4376,#4377),(#4378,
#4379,#4380,#4381),(#4382,#4383,#4384,#4385),(#4386,#4387,#4388,#4389),(#4390,
#4391,#4392,#4393),(#4394,#4395,#4396,#4397),(#4398,#4399,#4400,#4401),(#4402,
#4403,#4404,#4405),(#4406,#4407,#4408,#4409),(#4410,#4411,#4412,#4413),(#4414,
#4415,#4416,#4417),(#4418,#4419,#4420,#4421),(#4422,#4423,#4424,#4425),(#4426,
#4427,#4428,#4429),(#4430,#4431,#4432,#4433),(#4434,#4435,#4436,#4437)),
.UNSPECIFIED.,.F.,.F.,.F.,(4,1,1,1,1,1,1,1,1,1,1,1,1,1,1,1,1,1,1,4),(4,4),(
-5.340072909292E-6,9.712276420057E-4,1.947795356921E-3,3.900930786751E-3,
7.807201646410E-3,1.171347250607E-2,1.561974336573E-2,2.343228508505E-2,
3.124482680437E-2,4.686991024301E-2,6.249499368165E-2,9.374516055893E-2,
1.249953274362E-1,1.874956611908E-1,2.499959949453E-1,3.749966624544E-1,
4.999973299635E-1,7.499986649818E-1,1.E0,1.043740981713E0),(9.068806662427E-5,
1.003228446349E0),.UNSPECIFIED.);
#4439=ORIENTED_EDGE('',*,*,#4161,.T.);
#4440=ORIENTED_EDGE('',*,*,#4189,.T.);
#4441=ORIENTED_EDGE('',*,*,#4209,.T.);
#4442=ORIENTED_EDGE('',*,*,#4343,.F.);
#4443=EDGE_LOOP('',(#4439,#4440,#4441,#4442));
#4444=FACE_OUTER_BOUND('',#4443,.F.);
#4445=ADVANCED_FACE('',(#4444),#4438,.F.);
#4446=CARTESIAN_POINT('',(1.5975E2,6.474362070766E0,-7.973915371871E1));
#4447=DIRECTION('',(0.E0,9.961946980917E-1,8.715574274765E-2));
#4448=DIRECTION('',(1.E0,0.E0,0.E0));
#4449=AXIS2_PLACEMENT_3D('',#4446,#4447,#4448);
#4450=PLANE('',#4449);
#4452=ORIENTED_EDGE('',*,*,#4451,.F.);
#4453=ORIENTED_EDGE('',*,*,#3962,.F.);
#4454=ORIENTED_EDGE('',*,*,#4215,.F.);
#4455=ORIENTED_EDGE('',*,*,#3888,.F.);
#4456=EDGE_LOOP('',(#4452,#4453,#4454,#4455));
#4457=FACE_OUTER_BOUND('',#4456,.F.);
#4459=ORIENTED_EDGE('',*,*,#4458,.T.);
#4461=ORIENTED_EDGE('',*,*,#4460,.F.);
#4463=ORIENTED_EDGE('',*,*,#4462,.T.);
#4465=ORIENTED_EDGE('',*,*,#4464,.F.);
#4466=EDGE_LOOP('',(#4459,#4461,#4463,#4465));
#4467=FACE_BOUND('',#4466,.F.);
#4469=ORIENTED_EDGE('',*,*,#4468,.F.);
#4471=ORIENTED_EDGE('',*,*,#4470,.F.);
#4473=ORIENTED_EDGE('',*,*,#4472,.F.);
#4475=ORIENTED_EDGE('',*,*,#4474,.F.);
#4476=EDGE_LOOP('',(#4469,#4471,#4473,#4475));
#4477=FACE_BOUND('',#4476,.F.);
#4478=ADVANCED_FACE('',(#4457,#4467,#4477),#4450,.F.);
#4479=CARTESIAN_POINT('',(-8.700539595452E-7,6.701621809602E0,
-7.946831610850E1));
#4480=DIRECTION('',(0.E0,-6.427876096865E-1,-7.660444431190E-1));
#4481=DIRECTION('',(0.E0,7.660444431190E-1,-6.427876096865E-1));
#4482=AXIS2_PLACEMENT_3D('',#4479,#4480,#4481);
#4483=PLANE('',#4482);
#4484=ORIENTED_EDGE('',*,*,#4451,.T.);
#4485=ORIENTED_EDGE('',*,*,#3910,.T.);
#4487=ORIENTED_EDGE('',*,*,#4486,.F.);
#4488=ORIENTED_EDGE('',*,*,#3938,.F.);
#4489=EDGE_LOOP('',(#4484,#4485,#4487,#4488));
#4490=FACE_OUTER_BOUND('',#4489,.F.);
#4491=ADVANCED_FACE('',(#4490),#4483,.T.);
#4492=CARTESIAN_POINT('',(1.5975E2,1.992299049500E1,-7.856255119162E1));
#4493=DIRECTION('',(0.E0,-8.715574274765E-2,9.961946980917E-1));
#4494=DIRECTION('',(-1.E0,0.E0,0.E0));
#4495=AXIS2_PLACEMENT_3D('',#4492,#4493,#4494);
#4496=PLANE('',#4495);
#4497=ORIENTED_EDGE('',*,*,#3942,.T.);
#4498=ORIENTED_EDGE('',*,*,#3940,.T.);
#4499=ORIENTED_EDGE('',*,*,#4486,.T.);
#4500=ORIENTED_EDGE('',*,*,#3908,.T.);
#4501=ORIENTED_EDGE('',*,*,#3906,.T.);
#4502=ORIENTED_EDGE('',*,*,#3923,.T.);
#4503=EDGE_LOOP('',(#4497,#4498,#4499,#4500,#4501,#4502));
#4504=FACE_OUTER_BOUND('',#4503,.F.);
#4505=ADVANCED_FACE('',(#4504),#4496,.F.);
#4506=CARTESIAN_POINT('',(1.560090025282E2,7.642093667326E0,-7.440199797597E1));
#4507=DIRECTION('',(0.E0,-1.E0,0.E0));
#4508=DIRECTION('',(1.E0,0.E0,0.E0));
#4509=AXIS2_PLACEMENT_3D('',#4506,#4507,#4508);
#4510=CYLINDRICAL_SURFACE('',#4509,3.25E0);
#4512=ORIENTED_EDGE('',*,*,#4511,.T.);
#4513=ORIENTED_EDGE('',*,*,#4458,.F.);
#4515=ORIENTED_EDGE('',*,*,#4514,.T.);
#4517=ORIENTED_EDGE('',*,*,#4516,.F.);
#4518=EDGE_LOOP('',(#4512,#4513,#4515,#4517));
#4519=FACE_OUTER_BOUND('',#4518,.F.);
#4520=ADVANCED_FACE('',(#4519),#4510,.F.);
#4521=CARTESIAN_POINT('',(1.592590025282E2,7.642093667326E0,-7.440199797597E1));
#4522=DIRECTION('',(1.E0,0.E0,0.E0));
#4523=DIRECTION('',(0.E0,1.E0,0.E0));
#4524=AXIS2_PLACEMENT_3D('',#4521,#4522,#4523);
#4525=PLANE('',#4524);
#4527=ORIENTED_EDGE('',*,*,#4526,.F.);
#4528=ORIENTED_EDGE('',*,*,#4460,.T.);
#4529=ORIENTED_EDGE('',*,*,#4511,.F.);
#4531=ORIENTED_EDGE('',*,*,#4530,.T.);
#4532=EDGE_LOOP('',(#4527,#4528,#4529,#4531));
#4533=FACE_OUTER_BOUND('',#4532,.F.);
#4534=ADVANCED_FACE('',(#4533),#4525,.F.);
#4535=CARTESIAN_POINT('',(1.560090025282E2,7.642093667326E0,-6.340199797597E1));
#4536=DIRECTION('',(0.E0,-1.E0,0.E0));
#4537=DIRECTION('',(1.E0,0.E0,0.E0));
#4538=AXIS2_PLACEMENT_3D('',#4535,#4536,#4537);
#4539=CYLINDRICAL_SURFACE('',#4538,3.25E0);
#4541=ORIENTED_EDGE('',*,*,#4540,.T.);
#4542=ORIENTED_EDGE('',*,*,#4462,.F.);
#4543=ORIENTED_EDGE('',*,*,#4526,.T.);
#4545=ORIENTED_EDGE('',*,*,#4544,.F.);
#4546=EDGE_LOOP('',(#4541,#4542,#4543,#4545));
#4547=FACE_OUTER_BOUND('',#4546,.F.);
#4548=ADVANCED_FACE('',(#4547),#4539,.F.);
#4549=CARTESIAN_POINT('',(1.527590025282E2,7.642093667326E0,-6.340199797597E1));
#4550=DIRECTION('',(-1.E0,0.E0,0.E0));
#4551=DIRECTION('',(0.E0,0.E0,1.E0));
#4552=AXIS2_PLACEMENT_3D('',#4549,#4550,#4551);
#4553=PLANE('',#4552);
#4554=ORIENTED_EDGE('',*,*,#4514,.F.);
#4555=ORIENTED_EDGE('',*,*,#4464,.T.);
#4556=ORIENTED_EDGE('',*,*,#4540,.F.);
#4558=ORIENTED_EDGE('',*,*,#4557,.T.);
#4559=EDGE_LOOP('',(#4554,#4555,#4556,#4558));
#4560=FACE_OUTER_BOUND('',#4559,.F.);
#4561=ADVANCED_FACE('',(#4560),#4553,.F.);
#4562=CARTESIAN_POINT('',(0.E0,7.642093667326E0,0.E0));
#4563=DIRECTION('',(0.E0,-1.E0,0.E0));
#4564=DIRECTION('',(0.E0,0.E0,-1.E0));
#4565=AXIS2_PLACEMENT_3D('',#4562,#4563,#4564);
#4566=PLANE('',#4565);
#4567=ORIENTED_EDGE('',*,*,#4544,.T.);
#4568=ORIENTED_EDGE('',*,*,#4530,.F.);
#4569=ORIENTED_EDGE('',*,*,#4516,.T.);
#4570=ORIENTED_EDGE('',*,*,#4557,.F.);
#4571=EDGE_LOOP('',(#4567,#4568,#4569,#4570));
#4572=FACE_OUTER_BOUND('',#4571,.F.);
#4573=ADVANCED_FACE('',(#4572),#4566,.T.);
#4574=CARTESIAN_POINT('',(-1.560090025282E2,7.642093667326E0,
-6.340199797597E1));
#4575=DIRECTION('',(0.E0,1.E0,0.E0));
#4576=DIRECTION('',(-1.E0,0.E0,0.E0));
#4577=AXIS2_PLACEMENT_3D('',#4574,#4575,#4576);
#4578=CYLINDRICAL_SURFACE('',#4577,3.25E0);
#4580=ORIENTED_EDGE('',*,*,#4579,.T.);
#4581=ORIENTED_EDGE('',*,*,#4468,.T.);
#4583=ORIENTED_EDGE('',*,*,#4582,.T.);
#4585=ORIENTED_EDGE('',*,*,#4584,.F.);
#4586=EDGE_LOOP('',(#4580,#4581,#4583,#4585));
#4587=FACE_OUTER_BOUND('',#4586,.F.);
#4588=ADVANCED_FACE('',(#4587),#4578,.F.);
#4589=CARTESIAN_POINT('',(-1.592590025282E2,7.642093667326E0,
-7.440199797597E1));
#4590=DIRECTION('',(1.E0,0.E0,0.E0));
#4591=DIRECTION('',(0.E0,1.E0,0.E0));
#4592=AXIS2_PLACEMENT_3D('',#4589,#4590,#4591);
#4593=PLANE('',#4592);
#4595=ORIENTED_EDGE('',*,*,#4594,.F.);
#4596=ORIENTED_EDGE('',*,*,#4470,.T.);
#4597=ORIENTED_EDGE('',*,*,#4579,.F.);
#4599=ORIENTED_EDGE('',*,*,#4598,.F.);
#4600=EDGE_LOOP('',(#4595,#4596,#4597,#4599));
#4601=FACE_OUTER_BOUND('',#4600,.F.);
#4602=ADVANCED_FACE('',(#4601),#4593,.T.);
#4603=CARTESIAN_POINT('',(-1.560090025282E2,7.642093667326E0,
-7.440199797597E1));
#4604=DIRECTION('',(0.E0,1.E0,0.E0));
#4605=DIRECTION('',(-1.E0,0.E0,0.E0));
#4606=AXIS2_PLACEMENT_3D('',#4603,#4604,#4605);
#4607=CYLINDRICAL_SURFACE('',#4606,3.25E0);
#4609=ORIENTED_EDGE('',*,*,#4608,.T.);
#4610=ORIENTED_EDGE('',*,*,#4472,.T.);
#4611=ORIENTED_EDGE('',*,*,#4594,.T.);
#4613=ORIENTED_EDGE('',*,*,#4612,.F.);
#4614=EDGE_LOOP('',(#4609,#4610,#4611,#4613));
#4615=FACE_OUTER_BOUND('',#4614,.F.);
#4616=ADVANCED_FACE('',(#4615),#4607,.F.);
#4617=CARTESIAN_POINT('',(-1.527590025282E2,7.642093667326E0,
-6.340199797597E1));
#4618=DIRECTION('',(-1.E0,0.E0,0.E0));
#4619=DIRECTION('',(0.E0,0.E0,1.E0));
#4620=AXIS2_PLACEMENT_3D('',#4617,#4618,#4619);
#4621=PLANE('',#4620);
#4622=ORIENTED_EDGE('',*,*,#4582,.F.);
#4623=ORIENTED_EDGE('',*,*,#4474,.T.);
#4624=ORIENTED_EDGE('',*,*,#4608,.F.);
#4626=ORIENTED_EDGE('',*,*,#4625,.F.);
#4627=EDGE_LOOP('',(#4622,#4623,#4624,#4626));
#4628=FACE_OUTER_BOUND('',#4627,.F.);
#4629=ADVANCED_FACE('',(#4628),#4621,.T.);
#4630=CARTESIAN_POINT('',(0.E0,7.642093667326E0,0.E0));
#4631=DIRECTION('',(0.E0,1.E0,0.E0));
#4632=DIRECTION('',(1.E0,0.E0,0.E0));
#4633=AXIS2_PLACEMENT_3D('',#4630,#4631,#4632);
#4634=PLANE('',#4633);
#4635=ORIENTED_EDGE('',*,*,#4612,.T.);
#4636=ORIENTED_EDGE('',*,*,#4598,.T.);
#4637=ORIENTED_EDGE('',*,*,#4584,.T.);
#4638=ORIENTED_EDGE('',*,*,#4625,.T.);
#4639=EDGE_LOOP('',(#4635,#4636,#4637,#4638));
#4640=FACE_OUTER_BOUND('',#4639,.F.);
#4641=ADVANCED_FACE('',(#4640),#4634,.F.);
#4642=CARTESIAN_POINT('',(1.560090025282E2,5.642093667326E0,-4.510192040094E0));
#4643=DIRECTION('',(0.E0,-1.E0,0.E0));
#4644=DIRECTION('',(0.E0,0.E0,-1.E0));
#4645=AXIS2_PLACEMENT_3D('',#4642,#4643,#4644);
#4646=CYLINDRICAL_SURFACE('',#4645,3.25E0);
#4648=ORIENTED_EDGE('',*,*,#4647,.T.);
#4649=ORIENTED_EDGE('',*,*,#4220,.F.);
#4651=ORIENTED_EDGE('',*,*,#4650,.T.);
#4653=ORIENTED_EDGE('',*,*,#4652,.F.);
#4654=EDGE_LOOP('',(#4648,#4649,#4651,#4653));
#4655=FACE_OUTER_BOUND('',#4654,.F.);
#4656=ADVANCED_FACE('',(#4655),#4646,.F.);
#4657=CARTESIAN_POINT('',(1.560090025282E2,5.642093667326E0,-1.260192040094E0));
#4658=DIRECTION('',(0.E0,0.E0,1.E0));
#4659=DIRECTION('',(1.E0,0.E0,0.E0));
#4660=AXIS2_PLACEMENT_3D('',#4657,#4658,#4659);
#4661=PLANE('',#4660);
#4663=ORIENTED_EDGE('',*,*,#4662,.F.);
#4665=ORIENTED_EDGE('',*,*,#4664,.F.);
#4666=ORIENTED_EDGE('',*,*,#4222,.T.);
#4667=ORIENTED_EDGE('',*,*,#4647,.F.);
#4668=EDGE_LOOP('',(#4663,#4665,#4666,#4667));
#4669=FACE_OUTER_BOUND('',#4668,.F.);
#4670=ADVANCED_FACE('',(#4669),#4661,.F.);
#4671=CARTESIAN_POINT('',(1.560090025282E2,5.642093667326E0,-4.510192040094E0));
#4672=DIRECTION('',(0.E0,1.E0,0.E0));
#4673=DIRECTION('',(1.E0,0.E0,0.E0));
#4674=AXIS2_PLACEMENT_3D('',#4671,#4672,#4673);
#4675=PLANE('',#4674);
#4677=ORIENTED_EDGE('',*,*,#4676,.T.);
#4679=ORIENTED_EDGE('',*,*,#4678,.T.);
#4681=ORIENTED_EDGE('',*,*,#4680,.T.);
#4682=ORIENTED_EDGE('',*,*,#4662,.T.);
#4683=ORIENTED_EDGE('',*,*,#4652,.T.);
#4684=EDGE_LOOP('',(#4677,#4679,#4681,#4682,#4683));
#4685=FACE_OUTER_BOUND('',#4684,.F.);
#4687=ORIENTED_EDGE('',*,*,#4686,.T.);
#4689=ORIENTED_EDGE('',*,*,#4688,.F.);
#4691=ORIENTED_EDGE('',*,*,#4690,.T.);
#4693=ORIENTED_EDGE('',*,*,#4692,.F.);
#4695=ORIENTED_EDGE('',*,*,#4694,.T.);
#4696=EDGE_LOOP('',(#4687,#4689,#4691,#4693,#4695));
#4697=FACE_BOUND('',#4696,.F.);
#4698=ADVANCED_FACE('',(#4685,#4697),#4675,.F.);
#4699=CARTESIAN_POINT('',(1.560090025282E2,5.642093667326E0,-7.760192040094E0));
#4700=DIRECTION('',(0.E0,0.E0,-1.E0));
#4701=DIRECTION('',(0.E0,-1.E0,0.E0));
#4702=AXIS2_PLACEMENT_3D('',#4699,#4700,#4701);
#4703=PLANE('',#4702);
#4704=ORIENTED_EDGE('',*,*,#4228,.T.);
#4706=ORIENTED_EDGE('',*,*,#4705,.F.);
#4707=ORIENTED_EDGE('',*,*,#4676,.F.);
#4708=ORIENTED_EDGE('',*,*,#4650,.F.);
#4709=EDGE_LOOP('',(#4704,#4706,#4707,#4708));
#4710=FACE_OUTER_BOUND('',#4709,.F.);
#4711=ADVANCED_FACE('',(#4710),#4703,.F.);
#4712=CARTESIAN_POINT('',(1.450090025282E2,5.142093667326E0,-4.510192040094E0));
#4713=DIRECTION('',(0.E0,-1.E0,0.E0));
#4714=DIRECTION('',(1.E0,0.E0,0.E0));
#4715=AXIS2_PLACEMENT_3D('',#4712,#4713,#4714);
#4716=CYLINDRICAL_SURFACE('',#4715,3.25E0);
#4717=ORIENTED_EDGE('',*,*,#4664,.T.);
#4718=ORIENTED_EDGE('',*,*,#4680,.F.);
#4719=ORIENTED_EDGE('',*,*,#4678,.F.);
#4720=ORIENTED_EDGE('',*,*,#4705,.T.);
#4721=ORIENTED_EDGE('',*,*,#4226,.F.);
#4722=ORIENTED_EDGE('',*,*,#4224,.F.);
#4723=EDGE_LOOP('',(#4717,#4718,#4719,#4720,#4721,#4722));
#4724=FACE_OUTER_BOUND('',#4723,.F.);
#4725=ADVANCED_FACE('',(#4724),#4716,.F.);
#4726=CARTESIAN_POINT('',(1.475090025282E2,6.394607586111E0,-4.400611271292E0));
#4727=DIRECTION('',(0.E0,-9.961946980917E-1,-8.715574274765E-2));
#4728=DIRECTION('',(-1.E0,0.E0,0.E0));
#4729=AXIS2_PLACEMENT_3D('',#4726,#4727,#4728);
#4730=CONICAL_SURFACE('',#4729,2.175E0,4.499999999999E1);
#4732=ORIENTED_EDGE('',*,*,#4731,.F.);
#4734=ORIENTED_EDGE('',*,*,#4733,.T.);
#4735=ORIENTED_EDGE('',*,*,#4686,.F.);
#4737=ORIENTED_EDGE('',*,*,#4736,.F.);
#4739=ORIENTED_EDGE('',*,*,#4738,.T.);
#4740=EDGE_LOOP('',(#4732,#4734,#4735,#4737,#4739));
#4741=FACE_OUTER_BOUND('',#4740,.F.);
#4742=ADVANCED_FACE('',(#4741),#4730,.F.);
#4743=CARTESIAN_POINT('',(1.475090025282E2,6.394607586111E0,-4.400611271292E0));
#4744=DIRECTION('',(0.E0,-9.961946980917E-1,-8.715574274765E-2));
#4745=DIRECTION('',(-1.E0,0.E0,0.E0));
#4746=AXIS2_PLACEMENT_3D('',#4743,#4744,#4745);
#4747=CONICAL_SURFACE('',#4746,2.175E0,4.499999999999E1);
#4749=ORIENTED_EDGE('',*,*,#4748,.T.);
#4751=ORIENTED_EDGE('',*,*,#4750,.T.);
#4753=ORIENTED_EDGE('',*,*,#4752,.T.);
#4754=ORIENTED_EDGE('',*,*,#4731,.T.);
#4755=EDGE_LOOP('',(#4749,#4751,#4753,#4754));
#4756=FACE_OUTER_BOUND('',#4755,.F.);
#4757=ADVANCED_FACE('',(#4756),#4747,.F.);
#4758=CARTESIAN_POINT('',(1.475090025282E2,6.967419537514E0,-4.350496719212E0));
#4759=DIRECTION('',(0.E0,-9.961946980917E-1,-8.715574274765E-2));
#4760=DIRECTION('',(1.E0,0.E0,0.E0));
#4761=AXIS2_PLACEMENT_3D('',#4758,#4759,#4760);
#4762=CYLINDRICAL_SURFACE('',#4761,1.6E0);
#4763=ORIENTED_EDGE('',*,*,#3713,.F.);
#4765=ORIENTED_EDGE('',*,*,#4764,.F.);
#4766=ORIENTED_EDGE('',*,*,#4748,.F.);
#4768=ORIENTED_EDGE('',*,*,#4767,.F.);
#4769=EDGE_LOOP('',(#4763,#4765,#4766,#4768));
#4770=FACE_OUTER_BOUND('',#4769,.F.);
#4771=ADVANCED_FACE('',(#4770),#4762,.F.);
#4772=CARTESIAN_POINT('',(1.475090025282E2,6.967419537514E0,-4.350496719212E0));
#4773=DIRECTION('',(0.E0,-9.961946980917E-1,-8.715574274765E-2));
#4774=DIRECTION('',(1.E0,0.E0,0.E0));
#4775=AXIS2_PLACEMENT_3D('',#4772,#4773,#4774);
#4776=CYLINDRICAL_SURFACE('',#4775,1.6E0);
#4777=ORIENTED_EDGE('',*,*,#3715,.F.);
#4778=ORIENTED_EDGE('',*,*,#4767,.T.);
#4779=ORIENTED_EDGE('',*,*,#4738,.F.);
#4781=ORIENTED_EDGE('',*,*,#4780,.F.);
#4782=ORIENTED_EDGE('',*,*,#4764,.T.);
#4783=EDGE_LOOP('',(#4777,#4778,#4779,#4781,#4782));
#4784=FACE_OUTER_BOUND('',#4783,.F.);
#4785=ADVANCED_FACE('',(#4784),#4776,.F.);
#4786=CARTESIAN_POINT('',(1.475090025282E2,6.394607586112E0,-4.400611271292E0));
#4787=DIRECTION('',(0.E0,-9.961946980917E-1,-8.715574274765E-2));
#4788=DIRECTION('',(-1.E0,0.E0,0.E0));
#4789=AXIS2_PLACEMENT_3D('',#4786,#4787,#4788);
#4790=CONICAL_SURFACE('',#4789,2.174999999999E0,4.499999999999E1);
#4791=ORIENTED_EDGE('',*,*,#4736,.T.);
#4792=ORIENTED_EDGE('',*,*,#4694,.F.);
#4794=ORIENTED_EDGE('',*,*,#4793,.T.);
#4795=ORIENTED_EDGE('',*,*,#4750,.F.);
#4796=ORIENTED_EDGE('',*,*,#4780,.T.);
#4797=EDGE_LOOP('',(#4791,#4792,#4794,#4795,#4796));
#4798=FACE_OUTER_BOUND('',#4797,.F.);
#4799=ADVANCED_FACE('',(#4798),#4790,.F.);
#4800=CARTESIAN_POINT('',(1.475090025282E2,6.967419537514E0,-4.350496719212E0));
#4801=DIRECTION('',(0.E0,-9.961946980917E-1,-8.715574274765E-2));
#4802=DIRECTION('',(1.E0,0.E0,0.E0));
#4803=AXIS2_PLACEMENT_3D('',#4800,#4801,#4802);
#4804=CYLINDRICAL_SURFACE('',#4803,2.75E0);
#4805=ORIENTED_EDGE('',*,*,#4793,.F.);
#4806=ORIENTED_EDGE('',*,*,#4692,.T.);
#4808=ORIENTED_EDGE('',*,*,#4807,.T.);
#4809=EDGE_LOOP('',(#4805,#4806,#4808));
#4810=FACE_OUTER_BOUND('',#4809,.F.);
#4811=ADVANCED_FACE('',(#4810),#4804,.F.);
#4812=CARTESIAN_POINT('',(1.475090025282E2,6.967419537514E0,-4.350496719212E0));
#4813=DIRECTION('',(0.E0,-9.961946980917E-1,-8.715574274765E-2));
#4814=DIRECTION('',(1.E0,0.E0,0.E0));
#4815=AXIS2_PLACEMENT_3D('',#4812,#4813,#4814);
#4816=CYLINDRICAL_SURFACE('',#4815,2.75E0);
#4817=ORIENTED_EDGE('',*,*,#4752,.F.);
#4818=ORIENTED_EDGE('',*,*,#4807,.F.);
#4819=ORIENTED_EDGE('',*,*,#4690,.F.);
#4821=ORIENTED_EDGE('',*,*,#4820,.T.);
#4822=EDGE_LOOP('',(#4817,#4818,#4819,#4821));
#4823=FACE_OUTER_BOUND('',#4822,.F.);
#4824=ADVANCED_FACE('',(#4823),#4816,.F.);
#4825=CARTESIAN_POINT('',(1.475090025282E2,6.967419537514E0,-4.350496719212E0));
#4826=DIRECTION('',(0.E0,-9.961946980917E-1,-8.715574274765E-2));
#4827=DIRECTION('',(1.E0,0.E0,0.E0));
#4828=AXIS2_PLACEMENT_3D('',#4825,#4826,#4827);
#4829=CYLINDRICAL_SURFACE('',#4828,2.75E0);
#4830=ORIENTED_EDGE('',*,*,#4820,.F.);
#4831=ORIENTED_EDGE('',*,*,#4688,.T.);
#4832=ORIENTED_EDGE('',*,*,#4733,.F.);
#4833=EDGE_LOOP('',(#4830,#4831,#4832));
#4834=FACE_OUTER_BOUND('',#4833,.F.);
#4835=ADVANCED_FACE('',(#4834),#4829,.F.);
#4836=CARTESIAN_POINT('',(-1.450090025282E2,5.142093667326E0,
-4.510192040094E0));
#4837=DIRECTION('',(0.E0,1.E0,0.E0));
#4838=DIRECTION('',(-1.E0,0.E0,0.E0));
#4839=AXIS2_PLACEMENT_3D('',#4836,#4837,#4838);
#4840=CYLINDRICAL_SURFACE('',#4839,3.25E0);
#4842=ORIENTED_EDGE('',*,*,#4841,.F.);
#4844=ORIENTED_EDGE('',*,*,#4843,.T.);
#4845=ORIENTED_EDGE('',*,*,#4234,.F.);
#4846=ORIENTED_EDGE('',*,*,#4232,.F.);
#4848=ORIENTED_EDGE('',*,*,#4847,.T.);
#4850=ORIENTED_EDGE('',*,*,#4849,.F.);
#4851=EDGE_LOOP('',(#4842,#4844,#4845,#4846,#4848,#4850));
#4852=FACE_OUTER_BOUND('',#4851,.F.);
#4853=ADVANCED_FACE('',(#4852),#4840,.F.);
#4854=CARTESIAN_POINT('',(-1.560090025282E2,5.642093667326E0,
-4.510192040094E0));
#4855=DIRECTION('',(0.E0,-1.E0,0.E0));
#4856=DIRECTION('',(0.E0,0.E0,-1.E0));
#4857=AXIS2_PLACEMENT_3D('',#4854,#4855,#4856);
#4858=PLANE('',#4857);
#4860=ORIENTED_EDGE('',*,*,#4859,.F.);
#4861=ORIENTED_EDGE('',*,*,#4841,.T.);
#4862=ORIENTED_EDGE('',*,*,#4849,.T.);
#4864=ORIENTED_EDGE('',*,*,#4863,.F.);
#4866=ORIENTED_EDGE('',*,*,#4865,.T.);
#4867=EDGE_LOOP('',(#4860,#4861,#4862,#4864,#4866));
#4868=FACE_OUTER_BOUND('',#4867,.F.);
#4870=ORIENTED_EDGE('',*,*,#4869,.F.);
#4872=ORIENTED_EDGE('',*,*,#4871,.T.);
#4874=ORIENTED_EDGE('',*,*,#4873,.T.);
#4876=ORIENTED_EDGE('',*,*,#4875,.T.);
#4878=ORIENTED_EDGE('',*,*,#4877,.F.);
#4879=EDGE_LOOP('',(#4870,#4872,#4874,#4876,#4878));
#4880=FACE_BOUND('',#4879,.F.);
#4881=ADVANCED_FACE('',(#4868,#4880),#4858,.T.);
#4882=CARTESIAN_POINT('',(-1.560090025282E2,5.642093667326E0,
-1.260192040094E0));
#4883=DIRECTION('',(0.E0,0.E0,-1.E0));
#4884=DIRECTION('',(0.E0,-1.E0,0.E0));
#4885=AXIS2_PLACEMENT_3D('',#4882,#4883,#4884);
#4886=PLANE('',#4885);
#4887=ORIENTED_EDGE('',*,*,#4236,.F.);
#4888=ORIENTED_EDGE('',*,*,#4843,.F.);
#4889=ORIENTED_EDGE('',*,*,#4859,.T.);
#4891=ORIENTED_EDGE('',*,*,#4890,.F.);
#4892=EDGE_LOOP('',(#4887,#4888,#4889,#4891));
#4893=FACE_OUTER_BOUND('',#4892,.F.);
#4894=ADVANCED_FACE('',(#4893),#4886,.T.);
#4895=CARTESIAN_POINT('',(-1.560090025282E2,5.642093667326E0,
-4.510192040094E0));
#4896=DIRECTION('',(0.E0,1.E0,0.E0));
#4897=DIRECTION('',(0.E0,0.E0,-1.E0));
#4898=AXIS2_PLACEMENT_3D('',#4895,#4896,#4897);
#4899=CYLINDRICAL_SURFACE('',#4898,3.25E0);
#4901=ORIENTED_EDGE('',*,*,#4900,.T.);
#4902=ORIENTED_EDGE('',*,*,#4238,.F.);
#4903=ORIENTED_EDGE('',*,*,#4890,.T.);
#4904=ORIENTED_EDGE('',*,*,#4865,.F.);
#4905=EDGE_LOOP('',(#4901,#4902,#4903,#4904));
#4906=FACE_OUTER_BOUND('',#4905,.F.);
#4907=ADVANCED_FACE('',(#4906),#4899,.F.);
#4908=CARTESIAN_POINT('',(-1.560090025282E2,5.642093667326E0,
-7.760192040094E0));
#4909=DIRECTION('',(0.E0,0.E0,1.E0));
#4910=DIRECTION('',(1.E0,0.E0,0.E0));
#4911=AXIS2_PLACEMENT_3D('',#4908,#4909,#4910);
#4912=PLANE('',#4911);
#4913=ORIENTED_EDGE('',*,*,#4863,.T.);
#4914=ORIENTED_EDGE('',*,*,#4847,.F.);
#4915=ORIENTED_EDGE('',*,*,#4240,.F.);
#4916=ORIENTED_EDGE('',*,*,#4900,.F.);
#4917=EDGE_LOOP('',(#4913,#4914,#4915,#4916));
#4918=FACE_OUTER_BOUND('',#4917,.F.);
#4919=ADVANCED_FACE('',(#4918),#4912,.T.);
#4920=CARTESIAN_POINT('',(-1.475090025282E2,6.394607586112E0,
-4.400611271292E0));
#4921=DIRECTION('',(0.E0,-9.961946980917E-1,-8.715574274765E-2));
#4922=DIRECTION('',(-1.E0,0.E0,0.E0));
#4923=AXIS2_PLACEMENT_3D('',#4920,#4921,#4922);
#4924=CONICAL_SURFACE('',#4923,2.174999999999E0,4.499999999999E1);
#4926=ORIENTED_EDGE('',*,*,#4925,.T.);
#4927=ORIENTED_EDGE('',*,*,#4869,.T.);
#4929=ORIENTED_EDGE('',*,*,#4928,.F.);
#4931=ORIENTED_EDGE('',*,*,#4930,.T.);
#4933=ORIENTED_EDGE('',*,*,#4932,.T.);
#4934=EDGE_LOOP('',(#4926,#4927,#4929,#4931,#4933));
#4935=FACE_OUTER_BOUND('',#4934,.F.);
#4936=ADVANCED_FACE('',(#4935),#4924,.F.);
#4937=CARTESIAN_POINT('',(-1.475090025282E2,6.967419537514E0,
-4.350496719212E0));
#4938=DIRECTION('',(0.E0,9.961946980917E-1,8.715574274765E-2));
#4939=DIRECTION('',(-1.E0,0.E0,0.E0));
#4940=AXIS2_PLACEMENT_3D('',#4937,#4938,#4939);
#4941=CYLINDRICAL_SURFACE('',#4940,2.75E0);
#4942=ORIENTED_EDGE('',*,*,#4871,.F.);
#4943=ORIENTED_EDGE('',*,*,#4925,.F.);
#4945=ORIENTED_EDGE('',*,*,#4944,.T.);
#4946=EDGE_LOOP('',(#4942,#4943,#4945));
#4947=FACE_OUTER_BOUND('',#4946,.F.);
#4948=ADVANCED_FACE('',(#4947),#4941,.F.);
#4949=CARTESIAN_POINT('',(-1.475090025282E2,6.967419537514E0,
-4.350496719212E0));
#4950=DIRECTION('',(0.E0,9.961946980917E-1,8.715574274765E-2));
#4951=DIRECTION('',(-1.E0,0.E0,0.E0));
#4952=AXIS2_PLACEMENT_3D('',#4949,#4950,#4951);
#4953=CYLINDRICAL_SURFACE('',#4952,2.75E0);
#4954=ORIENTED_EDGE('',*,*,#4873,.F.);
#4955=ORIENTED_EDGE('',*,*,#4944,.F.);
#4957=ORIENTED_EDGE('',*,*,#4956,.F.);
#4959=ORIENTED_EDGE('',*,*,#4958,.T.);
#4960=EDGE_LOOP('',(#4954,#4955,#4957,#4959));
#4961=FACE_OUTER_BOUND('',#4960,.F.);
#4962=ADVANCED_FACE('',(#4961),#4953,.F.);
#4963=CARTESIAN_POINT('',(-1.475090025282E2,6.394607586111E0,
-4.400611271292E0));
#4964=DIRECTION('',(0.E0,-9.961946980917E-1,-8.715574274765E-2));
#4965=DIRECTION('',(-1.E0,0.E0,0.E0));
#4966=AXIS2_PLACEMENT_3D('',#4963,#4964,#4965);
#4967=CONICAL_SURFACE('',#4966,2.175E0,4.499999999999E1);
#4969=ORIENTED_EDGE('',*,*,#4968,.F.);
#4970=ORIENTED_EDGE('',*,*,#4956,.T.);
#4971=ORIENTED_EDGE('',*,*,#4932,.F.);
#4973=ORIENTED_EDGE('',*,*,#4972,.T.);
#4974=EDGE_LOOP('',(#4969,#4970,#4971,#4973));
#4975=FACE_OUTER_BOUND('',#4974,.F.);
#4976=ADVANCED_FACE('',(#4975),#4967,.F.);
#4977=CARTESIAN_POINT('',(-1.475090025282E2,6.394607586112E0,
-4.400611271292E0));
#4978=DIRECTION('',(0.E0,-9.961946980917E-1,-8.715574274765E-2));
#4979=DIRECTION('',(-1.E0,0.E0,0.E0));
#4980=AXIS2_PLACEMENT_3D('',#4977,#4978,#4979);
#4981=CONICAL_SURFACE('',#4980,2.174999999999E0,4.499999999999E1);
#4983=ORIENTED_EDGE('',*,*,#4982,.T.);
#4984=ORIENTED_EDGE('',*,*,#4928,.T.);
#4985=ORIENTED_EDGE('',*,*,#4877,.T.);
#4987=ORIENTED_EDGE('',*,*,#4986,.T.);
#4988=ORIENTED_EDGE('',*,*,#4968,.T.);
#4989=EDGE_LOOP('',(#4983,#4984,#4985,#4987,#4988));
#4990=FACE_OUTER_BOUND('',#4989,.F.);
#4991=ADVANCED_FACE('',(#4990),#4981,.F.);
#4992=CARTESIAN_POINT('',(-1.475090025282E2,6.967419537514E0,
-4.350496719212E0));
#4993=DIRECTION('',(0.E0,9.961946980917E-1,8.715574274765E-2));
#4994=DIRECTION('',(-1.E0,0.E0,0.E0));
#4995=AXIS2_PLACEMENT_3D('',#4992,#4993,#4994);
#4996=CYLINDRICAL_SURFACE('',#4995,1.6E0);
#4997=ORIENTED_EDGE('',*,*,#3721,.F.);
#4999=ORIENTED_EDGE('',*,*,#4998,.T.);
#5000=ORIENTED_EDGE('',*,*,#4930,.F.);
#5001=ORIENTED_EDGE('',*,*,#4982,.F.);
#5003=ORIENTED_EDGE('',*,*,#5002,.T.);
#5004=EDGE_LOOP('',(#4997,#4999,#5000,#5001,#5003));
#5005=FACE_OUTER_BOUND('',#5004,.F.);
#5006=ADVANCED_FACE('',(#5005),#4996,.F.);
#5007=CARTESIAN_POINT('',(-1.475090025282E2,6.967419537514E0,
-4.350496719212E0));
#5008=DIRECTION('',(0.E0,9.961946980917E-1,8.715574274765E-2));
#5009=DIRECTION('',(-1.E0,0.E0,0.E0));
#5010=AXIS2_PLACEMENT_3D('',#5007,#5008,#5009);
#5011=CYLINDRICAL_SURFACE('',#5010,1.6E0);
#5012=ORIENTED_EDGE('',*,*,#3719,.F.);
#5013=ORIENTED_EDGE('',*,*,#5002,.F.);
#5014=ORIENTED_EDGE('',*,*,#4972,.F.);
#5015=ORIENTED_EDGE('',*,*,#4998,.F.);
#5016=EDGE_LOOP('',(#5012,#5013,#5014,#5015));
#5017=FACE_OUTER_BOUND('',#5016,.F.);
#5018=ADVANCED_FACE('',(#5017),#5011,.F.);
#5019=CARTESIAN_POINT('',(-1.475090025282E2,6.967419537514E0,
-4.350496719212E0));
#5020=DIRECTION('',(0.E0,9.961946980917E-1,8.715574274765E-2));
#5021=DIRECTION('',(-1.E0,0.E0,0.E0));
#5022=AXIS2_PLACEMENT_3D('',#5019,#5020,#5021);
#5023=CYLINDRICAL_SURFACE('',#5022,2.75E0);
#5024=ORIENTED_EDGE('',*,*,#4958,.F.);
#5025=ORIENTED_EDGE('',*,*,#4986,.F.);
#5026=ORIENTED_EDGE('',*,*,#4875,.F.);
#5027=EDGE_LOOP('',(#5024,#5025,#5026));
#5028=FACE_OUTER_BOUND('',#5027,.F.);
#5029=ADVANCED_FACE('',(#5028),#5023,.F.);
#5030=CARTESIAN_POINT('',(-1.149006596427E2,1.272327133635E1,
8.621870455094E-1));
#5031=DIRECTION('',(0.E0,6.427876096865E-1,7.660444431190E-1));
#5032=DIRECTION('',(0.E0,7.660444431190E-1,-6.427876096865E-1));
#5033=AXIS2_PLACEMENT_3D('',#5030,#5031,#5032);
#5034=PLANE('',#5033);
#5035=ORIENTED_EDGE('',*,*,#4084,.T.);
#5036=ORIENTED_EDGE('',*,*,#4068,.T.);
#5037=ORIENTED_EDGE('',*,*,#3524,.F.);
#5039=ORIENTED_EDGE('',*,*,#5038,.T.);
#5040=EDGE_LOOP('',(#5035,#5036,#5037,#5039));
#5041=FACE_OUTER_BOUND('',#5040,.F.);
#5042=ADVANCED_FACE('',(#5041),#5034,.T.);
#5043=CARTESIAN_POINT('',(-6.748528137424E1,1.322441685715E1,
-4.865932468518E0));
#5044=DIRECTION('',(0.E0,-9.961946980917E-1,-8.715574274765E-2));
#5045=DIRECTION('',(-1.E0,0.E0,0.E0));
#5046=AXIS2_PLACEMENT_3D('',#5043,#5044,#5045);
#5047=CONICAL_SURFACE('',#5046,5.749999999994E0,4.499999999999E1);
#5049=ORIENTED_EDGE('',*,*,#5048,.T.);
#5050=ORIENTED_EDGE('',*,*,#5038,.F.);
#5051=ORIENTED_EDGE('',*,*,#3522,.F.);
#5053=ORIENTED_EDGE('',*,*,#5052,.F.);
#5054=EDGE_LOOP('',(#5049,#5050,#5051,#5053));
#5055=FACE_OUTER_BOUND('',#5054,.F.);
#5056=ADVANCED_FACE('',(#5055),#5047,.T.);
#5057=CARTESIAN_POINT('',(-6.748528137424E1,-1.348023396496E0,
-6.140855790621E0));
#5058=DIRECTION('',(0.E0,-9.961946980917E-1,-8.715574274765E-2));
#5059=DIRECTION('',(0.E0,-8.715574274765E-2,9.961946980917E-1));
#5060=AXIS2_PLACEMENT_3D('',#5057,#5058,#5059);
#5061=CYLINDRICAL_SURFACE('',#5060,6.E0);
#5062=ORIENTED_EDGE('',*,*,#4086,.T.);
#5063=ORIENTED_EDGE('',*,*,#5048,.F.);
#5065=ORIENTED_EDGE('',*,*,#5064,.F.);
#5067=ORIENTED_EDGE('',*,*,#5066,.F.);
#5068=EDGE_LOOP('',(#5062,#5063,#5065,#5067));
#5069=FACE_OUTER_BOUND('',#5068,.F.);
#5070=ADVANCED_FACE('',(#5069),#5061,.T.);
#5071=CARTESIAN_POINT('',(-6.E1,-1.435179139243E0,-5.144661092529E0));
#5072=DIRECTION('',(7.071067811865E-1,-6.162841671621E-2,7.044160264028E-1));
#5073=DIRECTION('',(0.E0,-9.961946980917E-1,-8.715574274764E-2));
#5074=AXIS2_PLACEMENT_3D('',#5071,#5072,#5073);
#5075=PLANE('',#5074);
#5077=ORIENTED_EDGE('',*,*,#5076,.F.);
#5078=ORIENTED_EDGE('',*,*,#5064,.T.);
#5080=ORIENTED_EDGE('',*,*,#5079,.F.);
#5082=ORIENTED_EDGE('',*,*,#5081,.F.);
#5083=EDGE_LOOP('',(#5077,#5078,#5080,#5082));
#5084=FACE_OUTER_BOUND('',#5083,.F.);
#5085=ADVANCED_FACE('',(#5084),#5075,.T.);
#5086=CARTESIAN_POINT('',(1.623299991299E2,1.078878858033E1,9.438966939569E-1));
#5087=DIRECTION('',(0.E0,9.961946980917E-1,8.715574274765E-2));
#5088=DIRECTION('',(-1.E0,0.E0,0.E0));
#5089=AXIS2_PLACEMENT_3D('',#5086,#5087,#5088);
#5090=PLANE('',#5089);
#5091=ORIENTED_EDGE('',*,*,#3669,.T.);
#5093=ORIENTED_EDGE('',*,*,#5092,.F.);
#5095=ORIENTED_EDGE('',*,*,#5094,.T.);
#5097=ORIENTED_EDGE('',*,*,#5096,.F.);
#5098=ORIENTED_EDGE('',*,*,#4088,.F.);
#5099=ORIENTED_EDGE('',*,*,#5066,.T.);
#5100=ORIENTED_EDGE('',*,*,#5076,.T.);
#5102=ORIENTED_EDGE('',*,*,#5101,.T.);
#5104=ORIENTED_EDGE('',*,*,#5103,.F.);
#5106=ORIENTED_EDGE('',*,*,#5105,.T.);
#5108=ORIENTED_EDGE('',*,*,#5107,.T.);
#5110=ORIENTED_EDGE('',*,*,#5109,.T.);
#5111=EDGE_LOOP('',(#5091,#5093,#5095,#5097,#5098,#5099,#5100,#5102,#5104,#5106,
#5108,#5110));
#5112=FACE_OUTER_BOUND('',#5111,.F.);
#5113=ADVANCED_FACE('',(#5112),#5090,.F.);
#5114=CARTESIAN_POINT('',(1.623299991299E2,8.776475290186E0,7.678420936066E-1));
#5115=DIRECTION('',(0.E0,-8.715574274765E-2,9.961946980917E-1));
#5116=DIRECTION('',(1.E0,0.E0,0.E0));
#5117=AXIS2_PLACEMENT_3D('',#5114,#5115,#5116);
#5118=CYLINDRICAL_SURFACE('',#5117,2.02E0);
#5119=ORIENTED_EDGE('',*,*,#3667,.F.);
#5120=ORIENTED_EDGE('',*,*,#3665,.F.);
#5121=ORIENTED_EDGE('',*,*,#3709,.T.);
#5123=ORIENTED_EDGE('',*,*,#5122,.F.);
#5125=ORIENTED_EDGE('',*,*,#5124,.F.);
#5126=ORIENTED_EDGE('',*,*,#5092,.T.);
#5127=EDGE_LOOP('',(#5119,#5120,#5121,#5123,#5125,#5126));
#5128=FACE_OUTER_BOUND('',#5127,.F.);
#5129=ADVANCED_FACE('',(#5128),#5118,.F.);
#5130=CARTESIAN_POINT('',(0.E0,7.844016847289E-1,-8.965752282826E0));
#5131=DIRECTION('',(0.E0,-8.715574274765E-2,9.961946980917E-1));
#5132=DIRECTION('',(1.E0,0.E0,0.E0));
#5133=AXIS2_PLACEMENT_3D('',#5130,#5131,#5132);
#5134=PLANE('',#5133);
#5136=ORIENTED_EDGE('',*,*,#5135,.T.);
#5138=ORIENTED_EDGE('',*,*,#5137,.T.);
#5139=ORIENTED_EDGE('',*,*,#5094,.F.);
#5140=ORIENTED_EDGE('',*,*,#5124,.T.);
#5141=ORIENTED_EDGE('',*,*,#5122,.T.);
#5142=ORIENTED_EDGE('',*,*,#3707,.F.);
#5143=EDGE_LOOP('',(#5136,#5138,#5139,#5140,#5141,#5142));
#5144=FACE_OUTER_BOUND('',#5143,.F.);
#5145=ADVANCED_FACE('',(#5144),#5134,.T.);
#5146=CARTESIAN_POINT('',(-1.623300008701E2,8.776475290186E0,
7.678420936066E-1));
#5147=DIRECTION('',(0.E0,-8.715574274765E-2,9.961946980917E-1));
#5148=DIRECTION('',(1.E0,0.E0,0.E0));
#5149=AXIS2_PLACEMENT_3D('',#5146,#5147,#5148);
#5150=CYLINDRICAL_SURFACE('',#5149,2.02E0);
#5151=ORIENTED_EDGE('',*,*,#4092,.F.);
#5152=ORIENTED_EDGE('',*,*,#4090,.F.);
#5153=ORIENTED_EDGE('',*,*,#5096,.T.);
#5154=ORIENTED_EDGE('',*,*,#5137,.F.);
#5155=ORIENTED_EDGE('',*,*,#5135,.F.);
#5156=ORIENTED_EDGE('',*,*,#3705,.T.);
#5157=EDGE_LOOP('',(#5151,#5152,#5153,#5154,#5155,#5156));
#5158=FACE_OUTER_BOUND('',#5157,.F.);
#5159=ADVANCED_FACE('',(#5158),#5150,.F.);
#5160=CARTESIAN_POINT('',(-5.751471862576E1,-1.958113595729E0,
8.325070960211E-1));
#5161=DIRECTION('',(0.E0,9.961946980917E-1,8.715574274765E-2));
#5162=DIRECTION('',(0.E0,8.715574274765E-2,-9.961946980917E-1));
#5163=AXIS2_PLACEMENT_3D('',#5160,#5161,#5162);
#5164=CYLINDRICAL_SURFACE('',#5163,6.E0);
#5165=ORIENTED_EDGE('',*,*,#5101,.F.);
#5166=ORIENTED_EDGE('',*,*,#5081,.T.);
#5168=ORIENTED_EDGE('',*,*,#5167,.F.);
#5170=ORIENTED_EDGE('',*,*,#5169,.F.);
#5171=EDGE_LOOP('',(#5165,#5166,#5168,#5170));
#5172=FACE_OUTER_BOUND('',#5171,.F.);
#5173=ADVANCED_FACE('',(#5172),#5164,.F.);
#5174=CARTESIAN_POINT('',(-5.751471862576E1,1.261432665792E1,2.107430418123E0));
#5175=DIRECTION('',(0.E0,9.961946980917E-1,8.715574274765E-2));
#5176=DIRECTION('',(-1.E0,0.E0,0.E0));
#5177=AXIS2_PLACEMENT_3D('',#5174,#5175,#5176);
#5178=CONICAL_SURFACE('',#5177,6.25E0,4.500000000001E1);
#5179=ORIENTED_EDGE('',*,*,#5167,.T.);
#5181=ORIENTED_EDGE('',*,*,#5180,.T.);
#5182=ORIENTED_EDGE('',*,*,#3518,.F.);
#5184=ORIENTED_EDGE('',*,*,#5183,.F.);
#5185=EDGE_LOOP('',(#5179,#5181,#5182,#5184));
#5186=FACE_OUTER_BOUND('',#5185,.F.);
#5187=ADVANCED_FACE('',(#5186),#5178,.F.);
#5188=CARTESIAN_POINT('',(-6.267677669530E1,1.293477886172E1,
-1.555355031798E0));
#5189=DIRECTION('',(5.E-1,6.608381550289E-1,5.597257657621E-1));
#5190=DIRECTION('',(-5.E-1,7.479938977766E-1,-4.364689323297E-1));
#5191=AXIS2_PLACEMENT_3D('',#5188,#5189,#5190);
#5192=PLANE('',#5191);
#5193=ORIENTED_EDGE('',*,*,#5079,.T.);
#5194=ORIENTED_EDGE('',*,*,#5052,.T.);
#5195=ORIENTED_EDGE('',*,*,#3520,.F.);
#5196=ORIENTED_EDGE('',*,*,#5180,.F.);
#5197=EDGE_LOOP('',(#5193,#5194,#5195,#5196));
#5198=FACE_OUTER_BOUND('',#5197,.F.);
#5199=ADVANCED_FACE('',(#5198),#5192,.T.);
#5200=CARTESIAN_POINT('',(1.243449787580E-14,1.315905005009E1,
-4.118786444949E0));
#5201=DIRECTION('',(0.E0,6.427876096865E-1,7.660444431190E-1));
#5202=DIRECTION('',(0.E0,7.660444431190E-1,-6.427876096865E-1));
#5203=AXIS2_PLACEMENT_3D('',#5200,#5201,#5202);
#5204=PLANE('',#5203);
#5206=ORIENTED_EDGE('',*,*,#5205,.T.);
#5207=ORIENTED_EDGE('',*,*,#5183,.T.);
#5208=ORIENTED_EDGE('',*,*,#3516,.F.);
#5210=ORIENTED_EDGE('',*,*,#5209,.F.);
#5211=EDGE_LOOP('',(#5206,#5207,#5208,#5210));
#5212=FACE_OUTER_BOUND('',#5211,.F.);
#5213=ADVANCED_FACE('',(#5212),#5204,.T.);
#5214=CARTESIAN_POINT('',(-6.E1,-1.435179139243E0,-5.144661092529E0));
#5215=DIRECTION('',(0.E0,8.715574274765E-2,-9.961946980917E-1));
#5216=DIRECTION('',(-1.E0,0.E0,0.E0));
#5217=AXIS2_PLACEMENT_3D('',#5214,#5215,#5216);
#5218=PLANE('',#5217);
#5219=ORIENTED_EDGE('',*,*,#5103,.T.);
#5220=ORIENTED_EDGE('',*,*,#5169,.T.);
#5221=ORIENTED_EDGE('',*,*,#5205,.F.);
#5223=ORIENTED_EDGE('',*,*,#5222,.F.);
#5224=EDGE_LOOP('',(#5219,#5220,#5221,#5223));
#5225=FACE_OUTER_BOUND('',#5224,.F.);
#5226=ADVANCED_FACE('',(#5225),#5218,.F.);
#5227=CARTESIAN_POINT('',(5.751471862576E1,-1.958113595729E0,
8.325070960211E-1));
#5228=DIRECTION('',(0.E0,-9.961946980917E-1,-8.715574274765E-2));
#5229=DIRECTION('',(0.E0,8.715574274765E-2,-9.961946980917E-1));
#5230=AXIS2_PLACEMENT_3D('',#5227,#5228,#5229);
#5231=CYLINDRICAL_SURFACE('',#5230,6.E0);
#5232=ORIENTED_EDGE('',*,*,#5105,.F.);
#5233=ORIENTED_EDGE('',*,*,#5222,.T.);
#5235=ORIENTED_EDGE('',*,*,#5234,.F.);
#5237=ORIENTED_EDGE('',*,*,#5236,.F.);
#5238=EDGE_LOOP('',(#5232,#5233,#5235,#5237));
#5239=FACE_OUTER_BOUND('',#5238,.F.);
#5240=ADVANCED_FACE('',(#5239),#5231,.F.);
#5241=CARTESIAN_POINT('',(5.751471862576E1,1.261432665792E1,2.107430418123E0));
#5242=DIRECTION('',(0.E0,9.961946980917E-1,8.715574274765E-2));
#5243=DIRECTION('',(-1.E0,0.E0,0.E0));
#5244=AXIS2_PLACEMENT_3D('',#5241,#5242,#5243);
#5245=CONICAL_SURFACE('',#5244,6.25E0,4.500000000001E1);
#5246=ORIENTED_EDGE('',*,*,#5234,.T.);
#5247=ORIENTED_EDGE('',*,*,#5209,.T.);
#5248=ORIENTED_EDGE('',*,*,#3514,.F.);
#5250=ORIENTED_EDGE('',*,*,#5249,.F.);
#5251=EDGE_LOOP('',(#5246,#5247,#5248,#5250));
#5252=FACE_OUTER_BOUND('',#5251,.F.);
#5253=ADVANCED_FACE('',(#5252),#5245,.F.);
#5254=CARTESIAN_POINT('',(6.267677669530E1,1.293477886172E1,-1.555355031798E0));
#5255=DIRECTION('',(-5.E-1,6.608381550289E-1,5.597257657621E-1));
#5256=DIRECTION('',(5.E-1,7.479938977766E-1,-4.364689323297E-1));
#5257=AXIS2_PLACEMENT_3D('',#5254,#5255,#5256);
#5258=PLANE('',#5257);
#5260=ORIENTED_EDGE('',*,*,#5259,.T.);
#5261=ORIENTED_EDGE('',*,*,#5249,.T.);
#5262=ORIENTED_EDGE('',*,*,#3512,.F.);
#5264=ORIENTED_EDGE('',*,*,#5263,.F.);
#5265=EDGE_LOOP('',(#5260,#5261,#5262,#5264));
#5266=FACE_OUTER_BOUND('',#5265,.F.);
#5267=ADVANCED_FACE('',(#5266),#5258,.T.);
#5268=CARTESIAN_POINT('',(6.E1,-1.435179139243E0,-5.144661092529E0));
#5269=DIRECTION('',(7.071067811865E-1,6.162841671621E-2,-7.044160264028E-1));
#5270=DIRECTION('',(0.E0,-9.961946980917E-1,-8.715574274764E-2));
#5271=AXIS2_PLACEMENT_3D('',#5268,#5269,#5270);
#5272=PLANE('',#5271);
#5273=ORIENTED_EDGE('',*,*,#5107,.F.);
#5274=ORIENTED_EDGE('',*,*,#5236,.T.);
#5275=ORIENTED_EDGE('',*,*,#5259,.F.);
#5277=ORIENTED_EDGE('',*,*,#5276,.F.);
#5278=EDGE_LOOP('',(#5273,#5274,#5275,#5277));
#5279=FACE_OUTER_BOUND('',#5278,.F.);
#5280=ADVANCED_FACE('',(#5279),#5272,.F.);
#5281=CARTESIAN_POINT('',(6.748528137424E1,-1.348023396496E0,
-6.140855790621E0));
#5282=DIRECTION('',(0.E0,9.961946980917E-1,8.715574274765E-2));
#5283=DIRECTION('',(0.E0,-8.715574274765E-2,9.961946980917E-1));
#5284=AXIS2_PLACEMENT_3D('',#5281,#5282,#5283);
#5285=CYLINDRICAL_SURFACE('',#5284,6.E0);
#5286=ORIENTED_EDGE('',*,*,#3671,.T.);
#5287=ORIENTED_EDGE('',*,*,#5109,.F.);
#5288=ORIENTED_EDGE('',*,*,#5276,.T.);
#5290=ORIENTED_EDGE('',*,*,#5289,.F.);
#5291=EDGE_LOOP('',(#5286,#5287,#5288,#5290));
#5292=FACE_OUTER_BOUND('',#5291,.F.);
#5293=ADVANCED_FACE('',(#5292),#5285,.T.);
#5294=CARTESIAN_POINT('',(6.748528137424E1,1.322441685715E1,-4.865932468518E0));
#5295=DIRECTION('',(0.E0,-9.961946980917E-1,-8.715574274765E-2));
#5296=DIRECTION('',(-1.E0,0.E0,0.E0));
#5297=AXIS2_PLACEMENT_3D('',#5294,#5295,#5296);
#5298=CONICAL_SURFACE('',#5297,5.749999999994E0,4.499999999999E1);
#5299=ORIENTED_EDGE('',*,*,#5289,.T.);
#5300=ORIENTED_EDGE('',*,*,#5263,.T.);
#5301=ORIENTED_EDGE('',*,*,#3510,.F.);
#5302=ORIENTED_EDGE('',*,*,#3650,.F.);
#5303=EDGE_LOOP('',(#5299,#5300,#5301,#5302));
#5304=FACE_OUTER_BOUND('',#5303,.F.);
#5305=ADVANCED_FACE('',(#5304),#5298,.T.);
#5306=CARTESIAN_POINT('',(1.464100558477E2,1.859103027753E1,-6.907503286353E1));
#5307=CARTESIAN_POINT('',(1.464100929289E2,1.859117811629E1,-6.907672266834E1));
#5308=CARTESIAN_POINT('',(1.464101251340E2,1.859143553975E1,-6.907966503195E1));
#5309=CARTESIAN_POINT('',(1.464094246584E2,1.859894533645E1,-6.916550240102E1));
#5310=CARTESIAN_POINT('',(1.463618915904E2,1.860585039481E1,-6.924442757930E1));
#5311=CARTESIAN_POINT('',(1.462861591887E2,1.860948561226E1,-6.928597830488E1));
#5312=CARTESIAN_POINT('',(1.462846409689E2,1.860955667029E1,-6.928679050182E1));
#5314=DIRECTION('',(0.E0,9.961946980917E-1,8.715574274765E-2));
#5315=VECTOR('',#5314,1.E0);
#5316=SURFACE_OF_LINEAR_EXTRUSION('',#5313,#5315);
#5318=ORIENTED_EDGE('',*,*,#5317,.T.);
#5319=ORIENTED_EDGE('',*,*,#3538,.F.);
#5321=ORIENTED_EDGE('',*,*,#5320,.T.);
#5323=ORIENTED_EDGE('',*,*,#5322,.F.);
#5324=EDGE_LOOP('',(#5318,#5319,#5321,#5323));
#5325=FACE_OUTER_BOUND('',#5324,.F.);
#5326=ADVANCED_FACE('',(#5325),#5316,.F.);
#5327=CARTESIAN_POINT('',(1.458212007358E2,1.813424377130E1,-6.959079582892E1));
#5328=DIRECTION('',(4.912278365320E-1,7.591536425032E-2,-8.677165839644E-1));
#5329=DIRECTION('',(0.E0,-9.961946980917E-1,-8.715574274765E-2));
#5330=AXIS2_PLACEMENT_3D('',#5327,#5328,#5329);
#5331=PLANE('',#5330);
#5333=ORIENTED_EDGE('',*,*,#5332,.F.);
#5334=ORIENTED_EDGE('',*,*,#3540,.F.);
#5335=ORIENTED_EDGE('',*,*,#5317,.F.);
#5337=ORIENTED_EDGE('',*,*,#5336,.F.);
#5338=EDGE_LOOP('',(#5333,#5334,#5335,#5337));
#5339=FACE_OUTER_BOUND('',#5338,.F.);
#5340=ADVANCED_FACE('',(#5339),#5331,.F.);
#5341=CARTESIAN_POINT('',(1.457008301729E2,1.811566488985E1,-6.937843824096E1));
#5342=DIRECTION('',(-1.470257801604E-11,9.961946981369E-1,8.715574223200E-2));
#5343=DIRECTION('',(4.879707433935E-1,7.607475987331E-2,-8.695384893737E-1));
#5344=AXIS2_PLACEMENT_3D('',#5341,#5342,#5343);
#5345=CYLINDRICAL_SURFACE('',#5344,2.448082701977E-1);
#5347=ORIENTED_EDGE('',*,*,#5346,.F.);
#5348=ORIENTED_EDGE('',*,*,#3542,.F.);
#5349=ORIENTED_EDGE('',*,*,#5332,.T.);
#5351=ORIENTED_EDGE('',*,*,#5350,.F.);
#5352=EDGE_LOOP('',(#5347,#5348,#5349,#5351));
#5353=FACE_OUTER_BOUND('',#5352,.F.);
#5354=ADVANCED_FACE('',(#5353),#5345,.F.);
#5355=CARTESIAN_POINT('',(1.451263277342E2,1.811192008387E1,-6.933563491403E1));
#5356=DIRECTION('',(-4.912647837590E-1,7.591354811300E-2,-8.676958254199E-1));
#5357=DIRECTION('',(-8.702068915787E-1,0.E0,4.926864782485E-1));
#5358=AXIS2_PLACEMENT_3D('',#5355,#5356,#5357);
#5359=PLANE('',#5358);
#5361=ORIENTED_EDGE('',*,*,#5360,.F.);
#5362=ORIENTED_EDGE('',*,*,#3544,.F.);
#5363=ORIENTED_EDGE('',*,*,#5346,.T.);
#5365=ORIENTED_EDGE('',*,*,#5364,.F.);
#5366=EDGE_LOOP('',(#5361,#5362,#5363,#5365));
#5367=FACE_OUTER_BOUND('',#5366,.F.);
#5368=ADVANCED_FACE('',(#5367),#5359,.F.);
#5369=CARTESIAN_POINT('',(1.451299246363E2,1.861019079357E1,-6.929403856449E1));
#5370=CARTESIAN_POINT('',(1.451284152887E2,1.861011956190E1,-6.929322438267E1));
#5371=CARTESIAN_POINT('',(1.451260956761E2,1.861000731133E1,-6.929194135274E1));
#5372=CARTESIAN_POINT('',(1.450505970298E2,1.860621204779E1,-6.924856129206E1));
#5373=CARTESIAN_POINT('',(1.450044285113E2,1.859927851081E1,-6.916931060171E1));
#5374=CARTESIAN_POINT('',(1.450053520825E2,1.859185592052E1,-6.908447000642E1));
#5375=CARTESIAN_POINT('',(1.450053888323E2,1.859170859647E1,-6.908278608489E1));
#5377=DIRECTION('',(0.E0,9.961946980917E-1,8.715574274763E-2));
#5378=VECTOR('',#5377,1.E0);
#5379=SURFACE_OF_LINEAR_EXTRUSION('',#5376,#5378);
#5381=ORIENTED_EDGE('',*,*,#5380,.T.);
#5382=ORIENTED_EDGE('',*,*,#3546,.F.);
#5383=ORIENTED_EDGE('',*,*,#5360,.T.);
#5385=ORIENTED_EDGE('',*,*,#5384,.F.);
#5386=EDGE_LOOP('',(#5381,#5382,#5383,#5385));
#5387=FACE_OUTER_BOUND('',#5386,.F.);
#5388=ADVANCED_FACE('',(#5387),#5379,.F.);
#5389=CARTESIAN_POINT('',(1.450053337764E2,1.749794597635E1,-6.231787875258E1));
#5390=DIRECTION('',(-1.E0,0.E0,0.E0));
#5391=DIRECTION('',(0.E0,0.E0,1.E0));
#5392=AXIS2_PLACEMENT_3D('',#5389,#5390,#5391);
#5393=PLANE('',#5392);
#5395=ORIENTED_EDGE('',*,*,#5394,.F.);
#5396=ORIENTED_EDGE('',*,*,#3548,.T.);
#5397=ORIENTED_EDGE('',*,*,#5380,.F.);
#5399=ORIENTED_EDGE('',*,*,#5398,.T.);
#5400=EDGE_LOOP('',(#5395,#5396,#5397,#5399));
#5401=FACE_OUTER_BOUND('',#5400,.F.);
#5402=ADVANCED_FACE('',(#5401),#5393,.F.);
#5403=CARTESIAN_POINT('',(1.450053928619E2,1.799648712223E1,-6.227937350232E1));
#5404=CARTESIAN_POINT('',(1.450053557562E2,1.799633897210E1,-6.227768013853E1));
#5405=CARTESIAN_POINT('',(1.450053234760E2,1.799608059272E1,-6.227472684867E1));
#5406=CARTESIAN_POINT('',(1.450060271323E2,1.798855578759E1,-6.218871793260E1));
#5407=CARTESIAN_POINT('',(1.450535964481E2,1.798165091901E1,-6.210979492353E1));
#5408=CARTESIAN_POINT('',(1.451295028503E2,1.797801866786E1,-6.206827810289E1));
#5409=CARTESIAN_POINT('',(1.451310246717E2,1.797794766594E1,-6.206746654728E1));
#5411=DIRECTION('',(0.E0,9.961946980917E-1,8.715574274766E-2));
#5412=VECTOR('',#5411,1.E0);
#5413=SURFACE_OF_LINEAR_EXTRUSION('',#5410,#5412);
#5415=ORIENTED_EDGE('',*,*,#5414,.F.);
#5416=ORIENTED_EDGE('',*,*,#3550,.F.);
#5417=ORIENTED_EDGE('',*,*,#5394,.T.);
#5419=ORIENTED_EDGE('',*,*,#5418,.F.);
#5420=EDGE_LOOP('',(#5415,#5416,#5417,#5419));
#5421=FACE_OUTER_BOUND('',#5420,.F.);
#5422=ADVANCED_FACE('',(#5421),#5413,.F.);
#5423=CARTESIAN_POINT('',(1.468644060185E2,1.739481122258E1,-6.113904312275E1));
#5424=DIRECTION('',(-4.904996740035E-1,-7.595112028619E-2,8.681252773245E-1));
#5425=DIRECTION('',(-1.530207781136E-1,9.882229715330E-1,0.E0));
#5426=AXIS2_PLACEMENT_3D('',#5423,#5424,#5425);
#5427=PLANE('',#5426);
#5429=ORIENTED_EDGE('',*,*,#5428,.T.);
#5430=ORIENTED_EDGE('',*,*,#3552,.T.);
#5431=ORIENTED_EDGE('',*,*,#5414,.T.);
#5433=ORIENTED_EDGE('',*,*,#5432,.F.);
#5434=EDGE_LOOP('',(#5429,#5430,#5431,#5433));
#5435=FACE_OUTER_BOUND('',#5434,.F.);
#5436=ADVANCED_FACE('',(#5435),#5427,.F.);
#5437=CARTESIAN_POINT('',(1.468669031016E2,1.791097758134E1,-6.130199497841E1));
#5438=CARTESIAN_POINT('',(1.468602624553E2,1.790487392870E1,-6.123222990863E1));
#5439=CARTESIAN_POINT('',(1.468594830947E2,1.789826355161E1,-6.115667295263E1));
#5440=CARTESIAN_POINT('',(1.469158168647E2,1.783628778975E1,-6.044828675321E1));
#5441=CARTESIAN_POINT('',(1.475225682243E2,1.778774220194E1,-5.989340814539E1));
#5442=CARTESIAN_POINT('',(1.482694860520E2,1.779282651064E1,-5.995152205971E1));
#5443=CARTESIAN_POINT('',(1.483418045764E2,1.779383616309E1,-5.996306244002E1));
#5445=DIRECTION('',(0.E0,9.961946980917E-1,8.715574274765E-2));
#5446=VECTOR('',#5445,1.E0);
#5447=SURFACE_OF_LINEAR_EXTRUSION('',#5444,#5446);
#5449=ORIENTED_EDGE('',*,*,#5448,.F.);
#5450=ORIENTED_EDGE('',*,*,#3554,.F.);
#5451=ORIENTED_EDGE('',*,*,#5428,.F.);
#5453=ORIENTED_EDGE('',*,*,#5452,.F.);
#5454=EDGE_LOOP('',(#5449,#5450,#5451,#5453));
#5455=FACE_OUTER_BOUND('',#5454,.F.);
#5456=ADVANCED_FACE('',(#5455),#5447,.F.);
#5457=CARTESIAN_POINT('',(1.479221122946E2,1.779372715936E1,-5.996181652163E1));
#5458=CARTESIAN_POINT('',(1.479917074106E2,1.779279149710E1,-5.995112185298E1));
#5459=CARTESIAN_POINT('',(1.487730464414E2,1.778766441595E1,-5.989251904742E1));
#5460=CARTESIAN_POINT('',(1.494531108855E2,1.784575794347E1,-6.055653110534E1));
#5461=CARTESIAN_POINT('',(1.493891918429E2,1.791292176898E1,-6.132421714381E1));
#5462=CARTESIAN_POINT('',(1.493768719943E2,1.791922893626E1,-6.139630839566E1));
#5464=DIRECTION('',(0.E0,9.961946980917E-1,8.715574274764E-2));
#5465=VECTOR('',#5464,1.E0);
#5466=SURFACE_OF_LINEAR_EXTRUSION('',#5463,#5465);
#5468=ORIENTED_EDGE('',*,*,#5467,.F.);
#5469=ORIENTED_EDGE('',*,*,#3556,.F.);
#5470=ORIENTED_EDGE('',*,*,#5448,.T.);
#5472=ORIENTED_EDGE('',*,*,#5471,.F.);
#5473=EDGE_LOOP('',(#5468,#5469,#5470,#5472));
#5474=FACE_OUTER_BOUND('',#5473,.F.);
#5475=ADVANCED_FACE('',(#5474),#5466,.F.);
#5476=CARTESIAN_POINT('',(1.493782234249E2,1.788264160950E1,-6.097811333711E1));
#5477=CARTESIAN_POINT('',(1.493896256406E2,1.788870799893E1,-6.104745248558E1));
#5478=CARTESIAN_POINT('',(1.494509486320E2,1.795559266110E1,-6.181194767258E1));
#5479=CARTESIAN_POINT('',(1.487709696796E2,1.801367456032E1,-6.247582681849E1));
#5480=CARTESIAN_POINT('',(1.479864887088E2,1.800833558996E1,-6.241480210801E1));
#5481=CARTESIAN_POINT('',(1.479141873842E2,1.800732629893E1,-6.240326585874E1));
#5483=DIRECTION('',(0.E0,9.961946980917E-1,8.715574274765E-2));
#5484=VECTOR('',#5483,1.E0);
#5485=SURFACE_OF_LINEAR_EXTRUSION('',#5482,#5484);
#5487=ORIENTED_EDGE('',*,*,#5486,.T.);
#5488=ORIENTED_EDGE('',*,*,#3558,.F.);
#5489=ORIENTED_EDGE('',*,*,#5467,.T.);
#5491=ORIENTED_EDGE('',*,*,#5490,.F.);
#5492=EDGE_LOOP('',(#5487,#5488,#5489,#5491));
#5493=FACE_OUTER_BOUND('',#5492,.F.);
#5494=ADVANCED_FACE('',(#5493),#5485,.F.);
#5495=CARTESIAN_POINT('',(1.481263605520E2,1.789706472525E1,-6.114297030466E1));
#5496=DIRECTION('',(0.E0,9.961946980918E-1,8.715574274753E-2));
#5497=DIRECTION('',(1.262413059567E-3,8.715567329802E-2,-9.961939042803E-1));
#5498=AXIS2_PLACEMENT_3D('',#5495,#5496,#5497);
#5499=CYLINDRICAL_SURFACE('',#5498,1.282267178255E0);
#5501=ORIENTED_EDGE('',*,*,#5500,.T.);
#5502=ORIENTED_EDGE('',*,*,#3560,.F.);
#5503=ORIENTED_EDGE('',*,*,#5486,.F.);
#5505=ORIENTED_EDGE('',*,*,#5504,.F.);
#5506=EDGE_LOOP('',(#5501,#5502,#5503,#5505));
#5507=FACE_OUTER_BOUND('',#5506,.F.);
#5508=ADVANCED_FACE('',(#5507),#5499,.F.);
#5509=CARTESIAN_POINT('',(1.465310666953E2,1.754882479566E1,-6.289942631834E1));
#5510=DIRECTION('',(4.912892937861E-1,7.591234322570E-2,-8.676820534949E-1));
#5511=DIRECTION('',(0.E0,-9.961946980917E-1,-8.715574274766E-2));
#5512=AXIS2_PLACEMENT_3D('',#5509,#5510,#5511);
#5513=PLANE('',#5512);
#5515=ORIENTED_EDGE('',*,*,#5514,.F.);
#5516=ORIENTED_EDGE('',*,*,#3562,.F.);
#5517=ORIENTED_EDGE('',*,*,#5500,.F.);
#5519=ORIENTED_EDGE('',*,*,#5518,.F.);
#5520=EDGE_LOOP('',(#5515,#5516,#5517,#5519));
#5521=FACE_OUTER_BOUND('',#5520,.F.);
#5522=ADVANCED_FACE('',(#5521),#5513,.F.);
#5523=CARTESIAN_POINT('',(1.465347196257E2,1.804674584043E1,-6.285383328007E1));
#5524=CARTESIAN_POINT('',(1.465332102994E2,1.804681713761E1,-6.285464821052E1));
#5525=CARTESIAN_POINT('',(1.465308710258E2,1.804693043952E1,-6.285594325728E1));
#5526=CARTESIAN_POINT('',(1.464553802456E2,1.805072959447E1,-6.289936779708E1));
#5527=CARTESIAN_POINT('',(1.464092077912E2,1.805766111525E1,-6.297859544211E1));
#5528=CARTESIAN_POINT('',(1.464101314460E2,1.806508799330E1,-6.306348504670E1));
#5529=CARTESIAN_POINT('',(1.464101682089E2,1.806523544407E1,-6.306517041675E1));
#5531=DIRECTION('',(0.E0,9.961946980917E-1,8.715574274766E-2));
#5532=VECTOR('',#5531,1.E0);
#5533=SURFACE_OF_LINEAR_EXTRUSION('',#5530,#5532);
#5535=ORIENTED_EDGE('',*,*,#5534,.T.);
#5536=ORIENTED_EDGE('',*,*,#3564,.F.);
#5537=ORIENTED_EDGE('',*,*,#5514,.T.);
#5539=ORIENTED_EDGE('',*,*,#5538,.F.);
#5540=EDGE_LOOP('',(#5535,#5536,#5537,#5539));
#5541=FACE_OUTER_BOUND('',#5540,.F.);
#5542=ADVANCED_FACE('',(#5541),#5533,.F.);
#5543=CARTESIAN_POINT('',(1.464101131335E2,1.809337476581E1,-6.912366095861E1));
#5544=DIRECTION('',(1.E0,0.E0,0.E0));
#5545=DIRECTION('',(0.E0,1.E0,0.E0));
#5546=AXIS2_PLACEMENT_3D('',#5543,#5544,#5545);
#5547=PLANE('',#5546);
#5548=ORIENTED_EDGE('',*,*,#5320,.F.);
#5549=ORIENTED_EDGE('',*,*,#3566,.T.);
#5550=ORIENTED_EDGE('',*,*,#5534,.F.);
#5552=ORIENTED_EDGE('',*,*,#5551,.T.);
#5553=EDGE_LOOP('',(#5548,#5549,#5550,#5552));
#5554=FACE_OUTER_BOUND('',#5553,.F.);
#5555=ADVANCED_FACE('',(#5554),#5547,.F.);
#5556=CARTESIAN_POINT('',(1.463767385022E2,1.860192805034E1,-6.919959497676E1));
#5557=DIRECTION('',(2.572157813064E-14,9.961946980917E-1,8.715574274762E-2));
#5558=DIRECTION('',(1.E0,0.E0,-2.951220116972E-13));
#5559=AXIS2_PLACEMENT_3D('',#5556,#5557,#5558);
#5560=PLANE('',#5559);
#5561=ORIENTED_EDGE('',*,*,#5336,.T.);
#5562=ORIENTED_EDGE('',*,*,#5322,.T.);
#5563=ORIENTED_EDGE('',*,*,#5551,.F.);
#5564=ORIENTED_EDGE('',*,*,#5538,.T.);
#5565=ORIENTED_EDGE('',*,*,#5518,.T.);
#5566=ORIENTED_EDGE('',*,*,#5504,.T.);
#5567=ORIENTED_EDGE('',*,*,#5490,.T.);
#5568=ORIENTED_EDGE('',*,*,#5471,.T.);
#5569=ORIENTED_EDGE('',*,*,#5452,.T.);
#5570=ORIENTED_EDGE('',*,*,#5432,.T.);
#5571=ORIENTED_EDGE('',*,*,#5418,.T.);
#5572=ORIENTED_EDGE('',*,*,#5398,.F.);
#5573=ORIENTED_EDGE('',*,*,#5384,.T.);
#5574=ORIENTED_EDGE('',*,*,#5364,.T.);
#5575=ORIENTED_EDGE('',*,*,#5350,.T.);
#5576=EDGE_LOOP('',(#5561,#5562,#5563,#5564,#5565,#5566,#5567,#5568,#5569,#5570,
#5571,#5572,#5573,#5574,#5575));
#5577=FACE_OUTER_BOUND('',#5576,.F.);
#5579=ORIENTED_EDGE('',*,*,#5578,.T.);
#5581=ORIENTED_EDGE('',*,*,#5580,.T.);
#5582=EDGE_LOOP('',(#5579,#5581));
#5583=FACE_BOUND('',#5582,.F.);
#5584=ADVANCED_FACE('',(#5577,#5583),#5560,.T.);
#5585=CARTESIAN_POINT('',(1.483318991067E2,1.793513946788E1,-6.157816660431E1));
#5586=CARTESIAN_POINT('',(1.482625416406E2,1.793804652112E1,-6.161139437495E1));
#5587=CARTESIAN_POINT('',(1.479312638717E2,1.794406745190E1,-6.168021392860E1));
#5588=CARTESIAN_POINT('',(1.474729144929E2,1.790057181378E1,-6.118305650999E1));
#5589=CARTESIAN_POINT('',(1.479368551860E2,1.785658911750E1,-6.068033199103E1));
#5590=CARTESIAN_POINT('',(1.482770614443E2,1.786337959656E1,-6.075794752182E1));
#5591=CARTESIAN_POINT('',(1.483537800700E2,1.786696748233E1,-6.079895724390E1));
#5593=DIRECTION('',(0.E0,9.961946980917E-1,8.715574274765E-2));
#5594=VECTOR('',#5593,1.E0);
#5595=SURFACE_OF_LINEAR_EXTRUSION('',#5592,#5594);
#5597=ORIENTED_EDGE('',*,*,#5596,.F.);
#5599=ORIENTED_EDGE('',*,*,#5598,.F.);
#5601=ORIENTED_EDGE('',*,*,#5600,.T.);
#5602=ORIENTED_EDGE('',*,*,#5578,.F.);
#5603=EDGE_LOOP('',(#5597,#5599,#5601,#5602));
#5604=FACE_OUTER_BOUND('',#5603,.F.);
#5605=ADVANCED_FACE('',(#5604),#5595,.T.);
#5606=CARTESIAN_POINT('',(1.479241135515E2,1.786602543931E1,-6.078818964285E1));
#5607=CARTESIAN_POINT('',(1.479934584103E2,1.786311675360E1,-6.075494321304E1));
#5608=CARTESIAN_POINT('',(1.483246668719E2,1.785709389600E1,-6.068610163571E1));
#5609=CARTESIAN_POINT('',(1.487832178154E2,1.790059080242E1,-6.118327355108E1));
#5610=CARTESIAN_POINT('',(1.483190862812E2,1.794457362919E1,-6.168599956150E1));
#5611=CARTESIAN_POINT('',(1.479789763777E2,1.793778298222E1,-6.160838211146E1));
#5612=CARTESIAN_POINT('',(1.479022937123E2,1.793419494166E1,-6.156737062031E1));
#5614=DIRECTION('',(0.E0,9.961946980917E-1,8.715574274766E-2));
#5615=VECTOR('',#5614,1.E0);
#5616=SURFACE_OF_LINEAR_EXTRUSION('',#5613,#5615);
#5617=ORIENTED_EDGE('',*,*,#5600,.F.);
#5619=ORIENTED_EDGE('',*,*,#5618,.F.);
#5620=ORIENTED_EDGE('',*,*,#5596,.T.);
#5621=ORIENTED_EDGE('',*,*,#5580,.F.);
#5622=EDGE_LOOP('',(#5617,#5619,#5620,#5621));
#5623=FACE_OUTER_BOUND('',#5622,.F.);
#5624=ADVANCED_FACE('',(#5623),#5616,.T.);
#5625=CARTESIAN_POINT('',(1.5975E2,1.295053107519E1,1.133024655719E0));
#5626=DIRECTION('',(0.E0,-9.961946980917E-1,-8.715574274765E-2));
#5627=DIRECTION('',(0.E0,8.715574274765E-2,-9.961946980917E-1));
#5628=AXIS2_PLACEMENT_3D('',#5625,#5626,#5627);
#5629=PLANE('',#5628);
#5630=ORIENTED_EDGE('',*,*,#5618,.T.);
#5631=ORIENTED_EDGE('',*,*,#5598,.T.);
#5632=EDGE_LOOP('',(#5630,#5631));
#5633=FACE_OUTER_BOUND('',#5632,.F.);
#5634=ADVANCED_FACE('',(#5633),#5629,.F.);
#5635=CARTESIAN_POINT('',(1.520291207344E2,1.886722933202E1,-7.223200250253E1));
#5636=CARTESIAN_POINT('',(1.520291577465E2,1.886737717313E1,-7.223369233418E1));
#5637=CARTESIAN_POINT('',(1.520291898761E2,1.886763446354E1,-7.223663317703E1));
#5638=CARTESIAN_POINT('',(1.520284915330E2,1.887514416677E1,-7.232246947773E1));
#5639=CARTESIAN_POINT('',(1.519810429929E2,1.888204536122E1,-7.240135049121E1));
#5640=CARTESIAN_POINT('',(1.519052648007E2,1.888568441002E1,-7.244294500939E1));
#5641=CARTESIAN_POINT('',(1.519037456450E2,1.888575554608E1,-7.244375809832E1));
#5643=DIRECTION('',(0.E0,9.961946980917E-1,8.715574274764E-2));
#5644=VECTOR('',#5643,1.E0);
#5645=SURFACE_OF_LINEAR_EXTRUSION('',#5642,#5644);
#5647=ORIENTED_EDGE('',*,*,#5646,.T.);
#5648=ORIENTED_EDGE('',*,*,#3570,.F.);
#5650=ORIENTED_EDGE('',*,*,#5649,.T.);
#5652=ORIENTED_EDGE('',*,*,#5651,.F.);
#5653=EDGE_LOOP('',(#5647,#5648,#5650,#5652));
#5654=FACE_OUTER_BOUND('',#5653,.F.);
#5655=ADVANCED_FACE('',(#5654),#5645,.F.);
#5656=CARTESIAN_POINT('',(1.486375439502E2,1.854828209320E1,-7.432327550359E1));
#5657=DIRECTION('',(4.914060908426E-1,7.590660051596E-2,-8.676164140223E-1));
#5658=DIRECTION('',(0.E0,-9.961946980917E-1,-8.715574274765E-2));
#5659=AXIS2_PLACEMENT_3D('',#5656,#5657,#5658);
#5660=PLANE('',#5659);
#5662=ORIENTED_EDGE('',*,*,#5661,.F.);
#5663=ORIENTED_EDGE('',*,*,#3572,.F.);
#5664=ORIENTED_EDGE('',*,*,#5646,.F.);
#5666=ORIENTED_EDGE('',*,*,#5665,.F.);
#5667=EDGE_LOOP('',(#5662,#5663,#5664,#5666));
#5668=FACE_OUTER_BOUND('',#5667,.F.);
#5669=ADVANCED_FACE('',(#5668),#5660,.F.);
#5670=CARTESIAN_POINT('',(1.485171179659E2,1.852966738858E1,-7.411050845470E1));
#5671=DIRECTION('',(1.281835325878E-11,9.961946981473E-1,8.715574211286E-2));
#5672=DIRECTION('',(4.919658208314E-1,7.587905401288E-2,-8.673015624890E-1));
#5673=AXIS2_PLACEMENT_3D('',#5670,#5671,#5672);
#5674=CYLINDRICAL_SURFACE('',#5673,2.451877662149E-1);
#5676=ORIENTED_EDGE('',*,*,#5675,.F.);
#5677=ORIENTED_EDGE('',*,*,#3574,.F.);
#5678=ORIENTED_EDGE('',*,*,#5661,.T.);
#5680=ORIENTED_EDGE('',*,*,#5679,.F.);
#5681=EDGE_LOOP('',(#5676,#5677,#5678,#5680));
#5682=FACE_OUTER_BOUND('',#5681,.F.);
#5683=ADVANCED_FACE('',(#5682),#5674,.F.);
#5684=CARTESIAN_POINT('',(1.474743465294E2,1.850302994336E1,-7.380604106408E1));
#5685=DIRECTION('',(-4.905389273726E-1,7.594919455184E-2,-8.681032660802E-1));
#5686=DIRECTION('',(-8.706178814996E-1,0.E0,4.919598605712E-1));
#5687=AXIS2_PLACEMENT_3D('',#5684,#5685,#5686);
#5688=PLANE('',#5687);
#5690=ORIENTED_EDGE('',*,*,#5689,.F.);
#5691=ORIENTED_EDGE('',*,*,#3576,.F.);
#5692=ORIENTED_EDGE('',*,*,#5675,.T.);
#5694=ORIENTED_EDGE('',*,*,#5693,.F.);
#5695=EDGE_LOOP('',(#5690,#5691,#5692,#5694));
#5696=FACE_OUTER_BOUND('',#5695,.F.);
#5697=ADVANCED_FACE('',(#5696),#5688,.F.);
#5698=CARTESIAN_POINT('',(1.475894686904E2,1.848515137098E1,-7.360168804675E1));
#5699=DIRECTION('',(2.046803402209E-11,9.961946980924E-1,8.715574273989E-2));
#5700=DIRECTION('',(-4.896467449461E-1,7.599291412507E-2,-8.686029830518E-1));
#5701=AXIS2_PLACEMENT_3D('',#5698,#5699,#5700);
#5702=CYLINDRICAL_SURFACE('',#5701,2.352257875171E-1);
#5704=ORIENTED_EDGE('',*,*,#5703,.F.);
#5705=ORIENTED_EDGE('',*,*,#3578,.F.);
#5706=ORIENTED_EDGE('',*,*,#5689,.T.);
#5708=ORIENTED_EDGE('',*,*,#5707,.F.);
#5709=EDGE_LOOP('',(#5704,#5705,#5706,#5708));
#5710=FACE_OUTER_BOUND('',#5709,.F.);
#5711=ADVANCED_FACE('',(#5710),#5702,.F.);
#5712=CARTESIAN_POINT('',(1.485098826404E2,1.841636439371E1,-7.281544929883E1));
#5713=DIRECTION('',(-4.912980267665E-1,-7.591191390236E-2,8.676771463067E-1));
#5714=DIRECTION('',(-1.527009045124E-1,9.882724491561E-1,0.E0));
#5715=AXIS2_PLACEMENT_3D('',#5712,#5713,#5714);
#5716=PLANE('',#5715);
#5718=ORIENTED_EDGE('',*,*,#5717,.F.);
#5719=ORIENTED_EDGE('',*,*,#3580,.T.);
#5720=ORIENTED_EDGE('',*,*,#5703,.T.);
#5722=ORIENTED_EDGE('',*,*,#5721,.T.);
#5723=EDGE_LOOP('',(#5718,#5719,#5720,#5722));
#5724=FACE_OUTER_BOUND('',#5723,.F.);
#5725=ADVANCED_FACE('',(#5724),#5716,.F.);
#5726=CARTESIAN_POINT('',(1.505034491677E2,1.831837693875E1,-7.169544756358E1));
#5727=DIRECTION('',(-4.913103116714E-1,-7.591130994531E-2,8.676702430461E-1));
#5728=DIRECTION('',(-1.526959888136E-1,9.882732086828E-1,-1.770544585828E-14));
#5729=AXIS2_PLACEMENT_3D('',#5726,#5727,#5728);
#5730=PLANE('',#5729);
#5732=ORIENTED_EDGE('',*,*,#5731,.T.);
#5733=ORIENTED_EDGE('',*,*,#3582,.T.);
#5734=ORIENTED_EDGE('',*,*,#5717,.T.);
#5736=ORIENTED_EDGE('',*,*,#5735,.F.);
#5737=EDGE_LOOP('',(#5732,#5733,#5734,#5736));
#5738=FACE_OUTER_BOUND('',#5737,.F.);
#5739=ADVANCED_FACE('',(#5738),#5730,.F.);
#5740=CARTESIAN_POINT('',(1.504998128962E2,1.881664959475E1,-7.165387345989E1));
#5741=CARTESIAN_POINT('',(1.505013218761E2,1.881657837587E1,-7.165305942439E1));
#5742=CARTESIAN_POINT('',(1.505036548243E2,1.881646547202E1,-7.165176892749E1));
#5743=CARTESIAN_POINT('',(1.505791310120E2,1.881267017825E1,-7.160838852121E1));
#5744=CARTESIAN_POINT('',(1.506253061037E2,1.880573525044E1,-7.152912193350E1));
#5745=CARTESIAN_POINT('',(1.506243823977E2,1.879831263228E1,-7.144428101973E1));
#5746=CARTESIAN_POINT('',(1.506243456355E2,1.879816528061E1,-7.144259678244E1));
#5748=DIRECTION('',(0.E0,9.961946980917E-1,8.715574274765E-2));
#5749=VECTOR('',#5748,1.E0);
#5750=SURFACE_OF_LINEAR_EXTRUSION('',#5747,#5749);
#5752=ORIENTED_EDGE('',*,*,#5751,.T.);
#5753=ORIENTED_EDGE('',*,*,#3584,.F.);
#5754=ORIENTED_EDGE('',*,*,#5731,.F.);
#5756=ORIENTED_EDGE('',*,*,#5755,.F.);
#5757=EDGE_LOOP('',(#5752,#5753,#5754,#5756));
#5758=FACE_OUTER_BOUND('',#5757,.F.);
#5759=ADVANCED_FACE('',(#5758),#5750,.F.);
#5760=CARTESIAN_POINT('',(1.506244007098E2,1.789436858739E1,-6.684900993069E1));
#5761=DIRECTION('',(-1.E0,0.E0,0.E0));
#5762=DIRECTION('',(0.E0,0.E0,1.E0));
#5763=AXIS2_PLACEMENT_3D('',#5760,#5761,#5762);
#5764=PLANE('',#5763);
#5766=ORIENTED_EDGE('',*,*,#5765,.F.);
#5767=ORIENTED_EDGE('',*,*,#3586,.T.);
#5768=ORIENTED_EDGE('',*,*,#5751,.F.);
#5770=ORIENTED_EDGE('',*,*,#5769,.T.);
#5771=EDGE_LOOP('',(#5766,#5767,#5768,#5770));
#5772=FACE_OUTER_BOUND('',#5771,.F.);
#5773=ADVANCED_FACE('',(#5772),#5764,.F.);
#5774=CARTESIAN_POINT('',(1.508066767105E2,1.840111032703E1,-6.690423789648E1));
#5775=CARTESIAN_POINT('',(1.507429379747E2,1.839865114208E1,-6.687612928420E1));
#5776=CARTESIAN_POINT('',(1.506784068179E2,1.839558390537E1,-6.684107060819E1));
#5777=CARTESIAN_POINT('',(1.502821604022E2,1.837272473941E1,-6.657978914566E1));
#5778=CARTESIAN_POINT('',(1.500241083516E2,1.833417637650E1,-6.613917934135E1));
#5779=CARTESIAN_POINT('',(1.500664218403E2,1.829000030627E1,-6.563424454819E1));
#5780=CARTESIAN_POINT('',(1.500789061922E2,1.828365111005E1,-6.556167290334E1));
#5782=DIRECTION('',(0.E0,9.961946980917E-1,8.715574274764E-2));
#5783=VECTOR('',#5782,1.E0);
#5784=SURFACE_OF_LINEAR_EXTRUSION('',#5781,#5783);
#5786=ORIENTED_EDGE('',*,*,#5785,.F.);
#5787=ORIENTED_EDGE('',*,*,#3588,.F.);
#5788=ORIENTED_EDGE('',*,*,#5765,.T.);
#5790=ORIENTED_EDGE('',*,*,#5789,.F.);
#5791=EDGE_LOOP('',(#5786,#5787,#5788,#5790));
#5792=FACE_OUTER_BOUND('',#5791,.F.);
#5793=ADVANCED_FACE('',(#5792),#5784,.F.);
#5794=CARTESIAN_POINT('',(1.500773116237E2,1.832036047176E1,-6.598126282679E1));
#5795=CARTESIAN_POINT('',(1.500659102154E2,1.831429408423E1,-6.591192370003E1));
#5796=CARTESIAN_POINT('',(1.500045913299E2,1.824740965941E1,-6.514743122607E1));
#5797=CARTESIAN_POINT('',(1.506845193575E2,1.818932797444E1,-6.448355452917E1));
#5798=CARTESIAN_POINT('',(1.514690495435E2,1.819466666533E1,-6.454457604511E1));
#5799=CARTESIAN_POINT('',(1.515413531008E2,1.819567585794E1,-6.455611116944E1));
#5801=DIRECTION('',(0.E0,9.961946980917E-1,8.715574274766E-2));
#5802=VECTOR('',#5801,1.E0);
#5803=SURFACE_OF_LINEAR_EXTRUSION('',#5800,#5802);
#5805=ORIENTED_EDGE('',*,*,#5804,.F.);
#5806=ORIENTED_EDGE('',*,*,#3590,.F.);
#5807=ORIENTED_EDGE('',*,*,#5785,.T.);
#5809=ORIENTED_EDGE('',*,*,#5808,.F.);
#5810=EDGE_LOOP('',(#5805,#5806,#5807,#5809));
#5811=FACE_OUTER_BOUND('',#5810,.F.);
#5812=ADVANCED_FACE('',(#5811),#5803,.F.);
#5813=CARTESIAN_POINT('',(1.511216899237E2,1.819556758502E1,-6.455487360434E1));
#5814=CARTESIAN_POINT('',(1.511912851536E2,1.819463188489E1,-6.454417850288E1));
#5815=CARTESIAN_POINT('',(1.519725825158E2,1.818950485934E1,-6.448557633277E1));
#5816=CARTESIAN_POINT('',(1.526525998489E2,1.824759437988E1,-6.514954259073E1));
#5817=CARTESIAN_POINT('',(1.525886849444E2,1.831475846692E1,-6.591723161844E1));
#5818=CARTESIAN_POINT('',(1.525763657972E2,1.832106575473E1,-6.598932424800E1));
#5820=DIRECTION('',(0.E0,9.961946980917E-1,8.715574274765E-2));
#5821=VECTOR('',#5820,1.E0);
#5822=SURFACE_OF_LINEAR_EXTRUSION('',#5819,#5821);
#5824=ORIENTED_EDGE('',*,*,#5823,.F.);
#5825=ORIENTED_EDGE('',*,*,#3592,.F.);
#5826=ORIENTED_EDGE('',*,*,#5804,.T.);
#5828=ORIENTED_EDGE('',*,*,#5827,.F.);
#5829=EDGE_LOOP('',(#5824,#5825,#5826,#5828));
#5830=FACE_OUTER_BOUND('',#5829,.F.);
#5831=ADVANCED_FACE('',(#5830),#5822,.F.);
#5832=CARTESIAN_POINT('',(1.525775077303E2,1.828436886098E1,-6.556987683313E1));
#5833=CARTESIAN_POINT('',(1.525890516232E2,1.829047312176E1,-6.563964885309E1));
#5834=CARTESIAN_POINT('',(1.526299555246E2,1.833482025548E1,-6.614653891092E1));
#5835=CARTESIAN_POINT('',(1.523316193409E2,1.837879542999E1,-6.664917745569E1));
#5836=CARTESIAN_POINT('',(1.519094206911E2,1.839876660746E1,-6.687744905871E1));
#5837=CARTESIAN_POINT('',(1.518450006303E2,1.840123361221E1,-6.690564705201E1));
#5839=DIRECTION('',(0.E0,9.961946980917E-1,8.715574274766E-2));
#5840=VECTOR('',#5839,1.E0);
#5841=SURFACE_OF_LINEAR_EXTRUSION('',#5838,#5840);
#5843=ORIENTED_EDGE('',*,*,#5842,.T.);
#5844=ORIENTED_EDGE('',*,*,#3594,.F.);
#5845=ORIENTED_EDGE('',*,*,#5823,.T.);
#5847=ORIENTED_EDGE('',*,*,#5846,.F.);
#5848=EDGE_LOOP('',(#5843,#5844,#5845,#5847));
#5849=FACE_OUTER_BOUND('',#5848,.F.);
#5850=ADVANCED_FACE('',(#5849),#5841,.F.);
#5851=CARTESIAN_POINT('',(1.520291820867E2,1.836957341676E1,-7.228062598490E1));
#5852=DIRECTION('',(1.E0,0.E0,0.E0));
#5853=DIRECTION('',(0.E0,1.E0,0.E0));
#5854=AXIS2_PLACEMENT_3D('',#5851,#5852,#5853);
#5855=PLANE('',#5854);
#5856=ORIENTED_EDGE('',*,*,#5649,.F.);
#5857=ORIENTED_EDGE('',*,*,#3596,.T.);
#5858=ORIENTED_EDGE('',*,*,#5842,.F.);
#5860=ORIENTED_EDGE('',*,*,#5859,.T.);
#5861=EDGE_LOOP('',(#5856,#5857,#5858,#5860));
#5862=FACE_OUTER_BOUND('',#5861,.F.);
#5863=ADVANCED_FACE('',(#5862),#5855,.F.);
#5864=CARTESIAN_POINT('',(1.519958420445E2,1.887812534801E1,-7.235654453494E1));
#5865=DIRECTION('',(-1.790161774594E-14,9.961946980917E-1,8.715574274765E-2));
#5866=DIRECTION('',(1.E0,0.E0,2.053980286505E-13));
#5867=AXIS2_PLACEMENT_3D('',#5864,#5865,#5866);
#5868=PLANE('',#5867);
#5869=ORIENTED_EDGE('',*,*,#5665,.T.);
#5870=ORIENTED_EDGE('',*,*,#5651,.T.);
#5871=ORIENTED_EDGE('',*,*,#5859,.F.);
#5872=ORIENTED_EDGE('',*,*,#5846,.T.);
#5873=ORIENTED_EDGE('',*,*,#5827,.T.);
#5874=ORIENTED_EDGE('',*,*,#5808,.T.);
#5875=ORIENTED_EDGE('',*,*,#5789,.T.);
#5876=ORIENTED_EDGE('',*,*,#5769,.F.);
#5877=ORIENTED_EDGE('',*,*,#5755,.T.);
#5878=ORIENTED_EDGE('',*,*,#5735,.T.);
#5879=ORIENTED_EDGE('',*,*,#5721,.F.);
#5880=ORIENTED_EDGE('',*,*,#5707,.T.);
#5881=ORIENTED_EDGE('',*,*,#5693,.T.);
#5882=ORIENTED_EDGE('',*,*,#5679,.T.);
#5883=EDGE_LOOP('',(#5869,#5870,#5871,#5872,#5873,#5874,#5875,#5876,#5877,#5878,
#5879,#5880,#5881,#5882));
#5884=FACE_OUTER_BOUND('',#5883,.F.);
#5886=ORIENTED_EDGE('',*,*,#5885,.T.);
#5888=ORIENTED_EDGE('',*,*,#5887,.T.);
#5889=EDGE_LOOP('',(#5886,#5888));
#5890=FACE_BOUND('',#5889,.F.);
#5891=ADVANCED_FACE('',(#5884,#5890),#5868,.T.);
#5892=CARTESIAN_POINT('',(1.511236401305E2,1.826786396208E1,-6.538122497560E1));
#5893=CARTESIAN_POINT('',(1.511929859108E2,1.826495518165E1,-6.534797746311E1));
#5894=CARTESIAN_POINT('',(1.515241964664E2,1.825893221104E1,-6.527913459396E1));
#5895=CARTESIAN_POINT('',(1.519827287608E2,1.830243108820E1,-6.577632903496E1));
#5896=CARTESIAN_POINT('',(1.515186151586E2,1.834640760988E1,-6.627898297777E1));
#5897=CARTESIAN_POINT('',(1.511785013153E2,1.833961807041E1,-6.620137818659E1));
#5898=CARTESIAN_POINT('',(1.511018161459E2,1.833603057938E1,-6.616037297648E1));
#5900=DIRECTION('',(0.E0,9.961946980917E-1,8.715574274764E-2));
#5901=VECTOR('',#5900,1.E0);
#5902=SURFACE_OF_LINEAR_EXTRUSION('',#5899,#5901);
#5904=ORIENTED_EDGE('',*,*,#5903,.F.);
#5906=ORIENTED_EDGE('',*,*,#5905,.F.);
#5908=ORIENTED_EDGE('',*,*,#5907,.T.);
#5909=ORIENTED_EDGE('',*,*,#5885,.F.);
#5910=EDGE_LOOP('',(#5904,#5906,#5908,#5909));
#5911=FACE_OUTER_BOUND('',#5910,.F.);
#5912=ADVANCED_FACE('',(#5911),#5902,.T.);
#5913=CARTESIAN_POINT('',(1.515314270496E2,1.833697541071E1,-6.617117244800E1));
#5914=CARTESIAN_POINT('',(1.514620679377E2,1.833988169100E1,-6.620439138369E1));
#5915=CARTESIAN_POINT('',(1.511307783951E2,1.834590125026E1,-6.627319526096E1));
#5916=CARTESIAN_POINT('',(1.506724496758E2,1.830241208837E1,-6.577611186586E1));
#5917=CARTESIAN_POINT('',(1.511363709056E2,1.825842747180E1,-6.527336539796E1));
#5918=CARTESIAN_POINT('',(1.514765920982E2,1.826521799574E1,-6.535098144185E1));
#5919=CARTESIAN_POINT('',(1.515533151231E2,1.826880592797E1,-6.539199169498E1));
#5921=DIRECTION('',(0.E0,9.961946980917E-1,8.715574274765E-2));
#5922=VECTOR('',#5921,1.E0);
#5923=SURFACE_OF_LINEAR_EXTRUSION('',#5920,#5922);
#5924=ORIENTED_EDGE('',*,*,#5907,.F.);
#5926=ORIENTED_EDGE('',*,*,#5925,.F.);
#5927=ORIENTED_EDGE('',*,*,#5903,.T.);
#5928=ORIENTED_EDGE('',*,*,#5887,.F.);
#5929=EDGE_LOOP('',(#5924,#5926,#5927,#5928));
#5930=FACE_OUTER_BOUND('',#5929,.F.);
#5931=ADVANCED_FACE('',(#5930),#5923,.T.);
#5932=CARTESIAN_POINT('',(1.5975E2,1.295053107519E1,1.133024655719E0));
#5933=DIRECTION('',(0.E0,-9.961946980917E-1,-8.715574274765E-2));
#5934=DIRECTION('',(0.E0,8.715574274765E-2,-9.961946980917E-1));
#5935=AXIS2_PLACEMENT_3D('',#5932,#5933,#5934);
#5936=PLANE('',#5935);
#5937=ORIENTED_EDGE('',*,*,#5925,.T.);
#5938=ORIENTED_EDGE('',*,*,#5905,.T.);
#5939=EDGE_LOOP('',(#5937,#5938));
#5940=FACE_OUTER_BOUND('',#5939,.F.);
#5941=ADVANCED_FACE('',(#5940),#5936,.F.);
#5942=CARTESIAN_POINT('',(1.492195963707E2,1.872905873211E1,-7.065270531900E1));
#5943=CARTESIAN_POINT('',(1.492196334170E2,1.872920664886E1,-7.065439601500E1));
#5944=CARTESIAN_POINT('',(1.492196655842E2,1.872946413840E1,-7.065733913381E1));
#5945=CARTESIAN_POINT('',(1.492189661773E2,1.873697766453E1,-7.074321913049E1));
#5946=CARTESIAN_POINT('',(1.491714753708E2,1.874388193051E1,-7.082213525169E1));
#5947=CARTESIAN_POINT('',(1.490956979959E2,1.874751413872E1,-7.086365158150E1));
#5948=CARTESIAN_POINT('',(1.490941788599E2,1.874758513535E1,-7.086446307672E1));
#5950=DIRECTION('',(0.E0,9.961946980917E-1,8.715574274764E-2));
#5951=VECTOR('',#5950,1.E0);
#5952=SURFACE_OF_LINEAR_EXTRUSION('',#5949,#5951);
#5953=ORIENTED_EDGE('',*,*,#3088,.F.);
#5954=ORIENTED_EDGE('',*,*,#3600,.F.);
#5956=ORIENTED_EDGE('',*,*,#5955,.T.);
#5957=ORIENTED_EDGE('',*,*,#3005,.F.);
#5958=EDGE_LOOP('',(#5953,#5954,#5956,#5957));
#5959=FACE_OUTER_BOUND('',#5958,.F.);
#5960=ADVANCED_FACE('',(#5959),#5952,.F.);
#5961=CARTESIAN_POINT('',(1.492196556893E2,1.823140341244E1,-7.070133560891E1));
#5962=DIRECTION('',(1.E0,0.E0,0.E0));
#5963=DIRECTION('',(0.E0,1.E0,0.E0));
#5964=AXIS2_PLACEMENT_3D('',#5961,#5962,#5963);
#5965=PLANE('',#5964);
#5966=ORIENTED_EDGE('',*,*,#5955,.F.);
#5967=ORIENTED_EDGE('',*,*,#3638,.T.);
#5969=ORIENTED_EDGE('',*,*,#5968,.F.);
#5970=ORIENTED_EDGE('',*,*,#3007,.T.);
#5971=EDGE_LOOP('',(#5966,#5967,#5969,#5970));
#5972=FACE_OUTER_BOUND('',#5971,.F.);
#5973=ADVANCED_FACE('',(#5972),#5965,.F.);
#5974=CARTESIAN_POINT('',(1.493449917900E2,1.818488491724E1,-6.443277015286E1));
#5975=CARTESIAN_POINT('',(1.493434744410E2,1.818495594225E1,-6.443358197249E1));
#5976=CARTESIAN_POINT('',(1.493408905871E2,1.818507998348E1,-6.443499977029E1));
#5977=CARTESIAN_POINT('',(1.492650703704E2,1.818887765762E1,-6.447840738436E1));
#5978=CARTESIAN_POINT('',(1.492187473994E2,1.819583443074E1,-6.455792366503E1));
#5979=CARTESIAN_POINT('',(1.492196741187E2,1.820325797489E1,-6.464277516298E1));
#5980=CARTESIAN_POINT('',(1.492197111169E2,1.820340580781E1,-6.464446490095E1));
#5982=DIRECTION('',(0.E0,9.961946980917E-1,8.715574274767E-2));
#5983=VECTOR('',#5982,1.E0);
#5984=SURFACE_OF_LINEAR_EXTRUSION('',#5981,#5983);
#5985=ORIENTED_EDGE('',*,*,#5968,.T.);
#5986=ORIENTED_EDGE('',*,*,#3636,.F.);
#5988=ORIENTED_EDGE('',*,*,#5987,.T.);
#5989=ORIENTED_EDGE('',*,*,#3009,.F.);
#5990=EDGE_LOOP('',(#5985,#5986,#5988,#5989));
#5991=FACE_OUTER_BOUND('',#5990,.F.);
#5992=ADVANCED_FACE('',(#5991),#5984,.F.);
#5993=CARTESIAN_POINT('',(1.493406072313E2,1.768699757256E1,-6.447874838509E1));
#5994=DIRECTION('',(5.083793710211E-1,7.505270501589E-2,-8.578563437954E-1));
#5995=DIRECTION('',(0.E0,-9.961946980917E-1,-8.715574274765E-2));
#5996=AXIS2_PLACEMENT_3D('',#5993,#5994,#5995);
#5997=PLANE('',#5996);
#5998=ORIENTED_EDGE('',*,*,#5987,.F.);
#5999=ORIENTED_EDGE('',*,*,#3634,.F.);
#6000=ORIENTED_EDGE('',*,*,#2990,.F.);
#6001=ORIENTED_EDGE('',*,*,#3011,.F.);
#6002=EDGE_LOOP('',(#5998,#5999,#6000,#6001));
#6003=FACE_OUTER_BOUND('',#6002,.F.);
#6004=ADVANCED_FACE('',(#6003),#5997,.F.);
#6005=CARTESIAN_POINT('',(1.539402102086E2,1.861174821063E1,-6.931183992247E1));
#6006=CARTESIAN_POINT('',(1.540095632097E2,1.860884134633E1,-6.927861431144E1));
#6007=CARTESIAN_POINT('',(1.543408304325E2,1.860282108702E1,-6.920980243272E1));
#6008=CARTESIAN_POINT('',(1.547992779945E2,1.864631158515E1,-6.970690110090E1));
#6009=CARTESIAN_POINT('',(1.543352434913E2,1.869029501756E1,-7.020963403397E1));
#6010=CARTESIAN_POINT('',(1.539950584534E2,1.868350505380E1,-7.013202439289E1));
#6011=CARTESIAN_POINT('',(1.539183534128E2,1.867991753922E1,-7.009101891357E1));
#6013=DIRECTION('',(0.E0,9.961946980917E-1,8.715574274765E-2));
#6014=VECTOR('',#6013,1.E0);
#6015=SURFACE_OF_LINEAR_EXTRUSION('',#6012,#6014);
#6017=ORIENTED_EDGE('',*,*,#6016,.F.);
#6019=ORIENTED_EDGE('',*,*,#6018,.F.);
#6021=ORIENTED_EDGE('',*,*,#6020,.T.);
#6022=ORIENTED_EDGE('',*,*,#3072,.F.);
#6023=EDGE_LOOP('',(#6017,#6019,#6021,#6022));
#6024=FACE_OUTER_BOUND('',#6023,.F.);
#6025=ADVANCED_FACE('',(#6024),#6015,.T.);
#6026=CARTESIAN_POINT('',(1.543480003539E2,1.868086133161E1,-7.010180651022E1));
#6027=CARTESIAN_POINT('',(1.542786417313E2,1.868376837999E1,-7.013503422524E1));
#6028=CARTESIAN_POINT('',(1.539473613390E2,1.868978921148E1,-7.020385264387E1));
#6029=CARTESIAN_POINT('',(1.534890352660E2,1.864629257167E1,-6.970668377587E1));
#6030=CARTESIAN_POINT('',(1.539529535189E2,1.860231523598E1,-6.920402052881E1));
#6031=CARTESIAN_POINT('',(1.542931646626E2,1.860910470901E1,-6.928162456072E1));
#6032=CARTESIAN_POINT('',(1.543698863863E2,1.861269212965E1,-6.932262896628E1));
#6034=DIRECTION('',(0.E0,9.961946980917E-1,8.715574274764E-2));
#6035=VECTOR('',#6034,1.E0);
#6036=SURFACE_OF_LINEAR_EXTRUSION('',#6033,#6035);
#6037=ORIENTED_EDGE('',*,*,#6020,.F.);
#6039=ORIENTED_EDGE('',*,*,#6038,.F.);
#6040=ORIENTED_EDGE('',*,*,#6016,.T.);
#6041=ORIENTED_EDGE('',*,*,#3074,.F.);
#6042=EDGE_LOOP('',(#6037,#6039,#6040,#6041));
#6043=FACE_OUTER_BOUND('',#6042,.F.);
#6044=ADVANCED_FACE('',(#6043),#6036,.T.);
#6045=CARTESIAN_POINT('',(1.5975E2,1.295053107519E1,1.133024655719E0));
#6046=DIRECTION('',(0.E0,-9.961946980917E-1,-8.715574274765E-2));
#6047=DIRECTION('',(0.E0,8.715574274765E-2,-9.961946980917E-1));
#6048=AXIS2_PLACEMENT_3D('',#6045,#6046,#6047);
#6049=PLANE('',#6048);
#6050=ORIENTED_EDGE('',*,*,#6038,.T.);
#6051=ORIENTED_EDGE('',*,*,#6018,.T.);
#6052=EDGE_LOOP('',(#6050,#6051));
#6053=FACE_OUTER_BOUND('',#6052,.F.);
#6054=ADVANCED_FACE('',(#6053),#6049,.F.);
#6058=DIMENSIONAL_EXPONENTS(0.E0,0.E0,0.E0,0.E0,0.E0,0.E0,0.E0);
#6060=PLANE_ANGLE_MEASURE_WITH_UNIT(PLANE_ANGLE_MEASURE(1.745329251994E-2),
#6059);
#6061=(CONVERSION_BASED_UNIT('DEGREE',#6060)NAMED_UNIT(*)PLANE_ANGLE_UNIT());
#6063=UNCERTAINTY_MEASURE_WITH_UNIT(LENGTH_MEASURE(3.437488922787E-2),#6057,
'closure',
'Maximum model space distance between geometric entities at asserted connectivities');
#6064=(GEOMETRIC_REPRESENTATION_CONTEXT(3)GLOBAL_UNCERTAINTY_ASSIGNED_CONTEXT((
#6063))GLOBAL_UNIT_ASSIGNED_CONTEXT((#6057,#6061,#6062))REPRESENTATION_CONTEXT(
'ID2','3'));
#6065=CARTESIAN_POINT('',(0.E0,0.E0,0.E0));
#6066=DIRECTION('',(0.E0,0.E0,1.E0));
#6067=DIRECTION('',(1.E0,0.E0,0.E0));
#6070=MECHANICAL_CONTEXT('',#168,'mechanical');
#6071=PRODUCT('PRT0002_3_STP_4_1','PRT0002_3_STP_4_1','NOT SPECIFIED',(#6070));
#6072=PRODUCT_DEFINITION_FORMATION_WITH_SPECIFIED_SOURCE('1','LAST_VERSION',
#6071,.MADE.);
#6078=CARTESIAN_POINT('',(-1.599131985232E2,-1.334106151297E1,
1.201255022235E2));
#6079=DIRECTION('',(0.E0,0.E0,1.E0));
#6080=DIRECTION('',(1.E0,0.E0,0.E0));
#6081=AXIS2_PLACEMENT_3D('',#6078,#6079,#6080);
#6082=ITEM_DEFINED_TRANSFORMATION('','',#6068,#6081);
#6083=CARTESIAN_POINT('',(0.E0,0.E0,0.E0));
#6084=DIRECTION('',(0.E0,0.E0,1.E0));
#6085=DIRECTION('',(1.E0,0.E0,0.E0));
#6087=(REPRESENTATION_RELATIONSHIP('','',#6069,#179)REPRESENTATION_RELATIONSHIP_WITH_TRANSFORMATION(#6082)SHAPE_REPRESENTATION_RELATIONSHIP());
#6088=CONTEXT_DEPENDENT_SHAPE_REPRESENTATION(#6087,#6077);
#6089=DIRECTION('',(0.E0,-1.E0,0.E0));
#6090=VECTOR('',#6089,2.E0);
#6091=CARTESIAN_POINT('',(-2.5E-1,1.5E0,3.15E0));
#6092=LINE('',#6091,#6090);
#6093=DIRECTION('',(0.E0,1.E0,0.E0));
#6094=VECTOR('',#6093,2.E0);
#6095=CARTESIAN_POINT('',(-2.5E-1,-5.E-1,-3.15E0));
#6096=LINE('',#6095,#6094);
#6097=CARTESIAN_POINT('',(-2.5E-1,1.5E0,0.E0));
#6098=DIRECTION('',(0.E0,-1.E0,0.E0));
#6099=DIRECTION('',(0.E0,0.E0,1.E0));
#6100=AXIS2_PLACEMENT_3D('',#6097,#6098,#6099);
#6102=CARTESIAN_POINT('',(-2.5E-1,1.5E0,0.E0));
#6103=DIRECTION('',(0.E0,-1.E0,0.E0));
#6104=DIRECTION('',(-1.E0,0.E0,0.E0));
#6105=AXIS2_PLACEMENT_3D('',#6102,#6103,#6104);
#6107=DIRECTION('',(1.E0,0.E0,0.E0));
#6108=VECTOR('',#6107,1.1E1);
#6109=CARTESIAN_POINT('',(-2.5E-1,1.5E0,-3.15E0));
#6110=LINE('',#6109,#6108);
#6111=CARTESIAN_POINT('',(1.075E1,1.5E0,0.E0));
#6112=DIRECTION('',(0.E0,-1.E0,0.E0));
#6113=DIRECTION('',(1.522591576629E-14,0.E0,-1.E0));
#6114=AXIS2_PLACEMENT_3D('',#6111,#6112,#6113);
#6116=DIRECTION('',(-1.E0,0.E0,0.E0));
#6117=VECTOR('',#6116,1.1E1);
#6118=CARTESIAN_POINT('',(1.075E1,1.5E0,3.15E0));
#6119=LINE('',#6118,#6117);
#6120=DIRECTION('',(1.E0,0.E0,0.E0));
#6121=VECTOR('',#6120,1.1E1);
#6122=CARTESIAN_POINT('',(-2.5E-1,-5.E-1,-3.15E0));
#6123=LINE('',#6122,#6121);
#6124=CARTESIAN_POINT('',(-2.5E-1,-5.E-1,0.E0));
#6125=DIRECTION('',(0.E0,1.E0,0.E0));
#6126=DIRECTION('',(0.E0,0.E0,-1.E0));
#6127=AXIS2_PLACEMENT_3D('',#6124,#6125,#6126);
#6129=CARTESIAN_POINT('',(-2.5E-1,-5.E-1,0.E0));
#6130=DIRECTION('',(0.E0,1.E0,0.E0));
#6131=DIRECTION('',(-1.E0,0.E0,0.E0));
#6132=AXIS2_PLACEMENT_3D('',#6129,#6130,#6131);
#6134=CARTESIAN_POINT('',(1.075E1,-5.E-1,0.E0));
#6135=DIRECTION('',(0.E0,1.E0,0.E0));
#6136=DIRECTION('',(4.793343852350E-14,0.E0,1.E0));
#6137=AXIS2_PLACEMENT_3D('',#6134,#6135,#6136);
#6139=DIRECTION('',(-1.E0,0.E0,0.E0));
#6140=VECTOR('',#6139,1.1E1);
#6141=CARTESIAN_POINT('',(1.075E1,-5.E-1,3.15E0));
#6142=LINE('',#6141,#6140);
#6143=DIRECTION('',(-5.329070518201E-14,-1.E0,0.E0));
#6144=VECTOR('',#6143,2.E0);
#6145=CARTESIAN_POINT('',(1.075E1,1.5E0,-3.15E0));
#6146=LINE('',#6145,#6144);
#6147=DIRECTION('',(-5.506706202141E-14,1.E0,0.E0));
#6148=VECTOR('',#6147,2.E0);
#6149=CARTESIAN_POINT('',(1.075E1,-5.E-1,3.15E0));
#6150=LINE('',#6149,#6148);
#6151=CARTESIAN_POINT('',(-3.4E0,1.5E0,0.E0));
#6152=CARTESIAN_POINT('',(-2.5E-1,1.5E0,-3.15E0));
#6153=VERTEX_POINT('',#6151);
#6154=VERTEX_POINT('',#6152);
#6155=CARTESIAN_POINT('',(-2.5E-1,1.5E0,3.15E0));
#6156=VERTEX_POINT('',#6155);
#6157=CARTESIAN_POINT('',(-2.5E-1,-5.E-1,3.15E0));
#6158=VERTEX_POINT('',#6157);
#6159=CARTESIAN_POINT('',(-3.4E0,-5.E-1,0.E0));
#6160=VERTEX_POINT('',#6159);
#6161=CARTESIAN_POINT('',(-2.5E-1,-5.E-1,-3.15E0));
#6162=VERTEX_POINT('',#6161);
#6163=CARTESIAN_POINT('',(1.075E1,1.5E0,-3.15E0));
#6164=VERTEX_POINT('',#6163);
#6165=CARTESIAN_POINT('',(1.075E1,1.5E0,3.15E0));
#6166=VERTEX_POINT('',#6165);
#6167=CARTESIAN_POINT('',(1.075E1,-5.E-1,-3.15E0));
#6168=VERTEX_POINT('',#6167);
#6169=CARTESIAN_POINT('',(1.075E1,-5.E-1,3.15E0));
#6170=VERTEX_POINT('',#6169);
#6171=CARTESIAN_POINT('',(-2.5E-1,1.5E0,0.E0));
#6172=DIRECTION('',(0.E0,1.E0,0.E0));
#6173=DIRECTION('',(-1.E0,0.E0,0.E0));
#6174=AXIS2_PLACEMENT_3D('',#6171,#6172,#6173);
#6175=CYLINDRICAL_SURFACE('',#6174,3.15E0);
#6177=ORIENTED_EDGE('',*,*,#6176,.F.);
#6179=ORIENTED_EDGE('',*,*,#6178,.F.);
#6181=ORIENTED_EDGE('',*,*,#6180,.T.);
#6183=ORIENTED_EDGE('',*,*,#6182,.F.);
#6185=ORIENTED_EDGE('',*,*,#6184,.F.);
#6187=ORIENTED_EDGE('',*,*,#6186,.T.);
#6188=EDGE_LOOP('',(#6177,#6179,#6181,#6183,#6185,#6187));
#6189=FACE_OUTER_BOUND('',#6188,.F.);
#6190=ADVANCED_FACE('',(#6189),#6175,.T.);
#6191=CARTESIAN_POINT('',(1.075E1,1.5E0,0.E0));
#6192=DIRECTION('',(0.E0,1.E0,0.E0));
#6193=DIRECTION('',(1.E0,0.E0,0.E0));
#6194=AXIS2_PLACEMENT_3D('',#6191,#6192,#6193);
#6195=PLANE('',#6194);
#6196=ORIENTED_EDGE('',*,*,#6178,.T.);
#6197=ORIENTED_EDGE('',*,*,#6176,.T.);
#6199=ORIENTED_EDGE('',*,*,#6198,.T.);
#6201=ORIENTED_EDGE('',*,*,#6200,.T.);
#6203=ORIENTED_EDGE('',*,*,#6202,.T.);
#6204=EDGE_LOOP('',(#6196,#6197,#6199,#6201,#6203));
#6205=FACE_OUTER_BOUND('',#6204,.F.);
#6206=ADVANCED_FACE('',(#6205),#6195,.T.);
#6207=CARTESIAN_POINT('',(1.075E1,1.5E0,-3.15E0));
#6208=DIRECTION('',(0.E0,0.E0,1.E0));
#6209=DIRECTION('',(1.E0,0.E0,0.E0));
#6210=AXIS2_PLACEMENT_3D('',#6207,#6208,#6209);
#6211=PLANE('',#6210);
#6212=ORIENTED_EDGE('',*,*,#6186,.F.);
#6214=ORIENTED_EDGE('',*,*,#6213,.T.);
#6216=ORIENTED_EDGE('',*,*,#6215,.F.);
#6217=ORIENTED_EDGE('',*,*,#6198,.F.);
#6218=EDGE_LOOP('',(#6212,#6214,#6216,#6217));
#6219=FACE_OUTER_BOUND('',#6218,.F.);
#6220=ADVANCED_FACE('',(#6219),#6211,.F.);
#6221=CARTESIAN_POINT('',(0.E0,-5.E-1,0.E0));
#6222=DIRECTION('',(0.E0,-1.E0,0.E0));
#6223=DIRECTION('',(1.E0,0.E0,0.E0));
#6224=AXIS2_PLACEMENT_3D('',#6221,#6222,#6223);
#6225=PLANE('',#6224);
#6226=ORIENTED_EDGE('',*,*,#6184,.T.);
#6227=ORIENTED_EDGE('',*,*,#6182,.T.);
#6229=ORIENTED_EDGE('',*,*,#6228,.F.);
#6231=ORIENTED_EDGE('',*,*,#6230,.T.);
#6232=ORIENTED_EDGE('',*,*,#6213,.F.);
#6233=EDGE_LOOP('',(#6226,#6227,#6229,#6231,#6232));
#6234=FACE_OUTER_BOUND('',#6233,.F.);
#6235=ADVANCED_FACE('',(#6234),#6225,.T.);
#6236=CARTESIAN_POINT('',(-1.075E1,1.5E0,3.15E0));
#6237=DIRECTION('',(0.E0,0.E0,-1.E0));
#6238=DIRECTION('',(0.E0,-1.E0,0.E0));
#6239=AXIS2_PLACEMENT_3D('',#6236,#6237,#6238);
#6240=PLANE('',#6239);
#6242=ORIENTED_EDGE('',*,*,#6241,.F.);
#6243=ORIENTED_EDGE('',*,*,#6228,.T.);
#6244=ORIENTED_EDGE('',*,*,#6180,.F.);
#6245=ORIENTED_EDGE('',*,*,#6202,.F.);
#6246=EDGE_LOOP('',(#6242,#6243,#6244,#6245));
#6247=FACE_OUTER_BOUND('',#6246,.F.);
#6248=ADVANCED_FACE('',(#6247),#6240,.F.);
#6249=CARTESIAN_POINT('',(1.075E1,1.5E0,0.E0));
#6250=DIRECTION('',(0.E0,-1.E0,0.E0));
#6251=DIRECTION('',(0.E0,0.E0,-1.E0));
#6252=AXIS2_PLACEMENT_3D('',#6249,#6250,#6251);
#6253=CYLINDRICAL_SURFACE('',#6252,3.15E0);
#6254=ORIENTED_EDGE('',*,*,#6215,.T.);
#6255=ORIENTED_EDGE('',*,*,#6230,.F.);
#6256=ORIENTED_EDGE('',*,*,#6241,.T.);
#6257=ORIENTED_EDGE('',*,*,#6200,.F.);
#6258=EDGE_LOOP('',(#6254,#6255,#6256,#6257));
#6259=FACE_OUTER_BOUND('',#6258,.F.);
#6260=ADVANCED_FACE('',(#6259),#6253,.T.);
#6264=DIMENSIONAL_EXPONENTS(0.E0,0.E0,0.E0,0.E0,0.E0,0.E0,0.E0);
#6266=PLANE_ANGLE_MEASURE_WITH_UNIT(PLANE_ANGLE_MEASURE(1.745329251994E-2),
#6265);
#6267=(CONVERSION_BASED_UNIT('DEGREE',#6266)NAMED_UNIT(*)PLANE_ANGLE_UNIT());
#6269=UNCERTAINTY_MEASURE_WITH_UNIT(LENGTH_MEASURE(1.852177168853E-3),#6263,
'closure',
'Maximum model space distance between geometric entities at asserted connectivities');
#6270=(GEOMETRIC_REPRESENTATION_CONTEXT(3)GLOBAL_UNCERTAINTY_ASSIGNED_CONTEXT((
#6269))GLOBAL_UNIT_ASSIGNED_CONTEXT((#6263,#6267,#6268))REPRESENTATION_CONTEXT(
'ID3','3'));
#6271=CARTESIAN_POINT('',(0.E0,0.E0,0.E0));
#6272=DIRECTION('',(0.E0,0.E0,1.E0));
#6273=DIRECTION('',(1.E0,0.E0,0.E0));
#6276=DESIGN_CONTEXT('',#168,'design');
#6277=MECHANICAL_CONTEXT('',#168,'mechanical');
#6278=PRODUCT('PRT0004_1_STP_2_1','PRT0004_1_STP_2_1','NOT SPECIFIED',(#6277));
#6279=PRODUCT_DEFINITION_FORMATION_WITH_SPECIFIED_SOURCE('1','LAST_VERSION',
#6278,.MADE.);
#6285=CARTESIAN_POINT('',(-1.465419599499E1,-9.198967845645E0,
1.156153101834E2));
#6286=DIRECTION('',(0.E0,0.E0,1.E0));
#6287=DIRECTION('',(1.E0,0.E0,0.E0));
#6288=AXIS2_PLACEMENT_3D('',#6285,#6286,#6287);
#6289=ITEM_DEFINED_TRANSFORMATION('','',#6274,#6288);
#6290=CARTESIAN_POINT('',(0.E0,0.E0,0.E0));
#6291=DIRECTION('',(0.E0,0.E0,1.E0));
#6292=DIRECTION('',(1.E0,0.E0,0.E0));
#6294=(REPRESENTATION_RELATIONSHIP('','',#6275,#179)REPRESENTATION_RELATIONSHIP_WITH_TRANSFORMATION(#6289)SHAPE_REPRESENTATION_RELATIONSHIP());
#6295=CONTEXT_DEPENDENT_SHAPE_REPRESENTATION(#6294,#6284);
#6298=CARTESIAN_POINT('',(-3.156722010514E2,-9.198967845644E0,
1.156153101834E2));
#6299=DIRECTION('',(0.E0,0.E0,1.E0));
#6300=DIRECTION('',(1.E0,0.E0,0.E0));
#6301=AXIS2_PLACEMENT_3D('',#6298,#6299,#6300);
#6302=ITEM_DEFINED_TRANSFORMATION('','',#6274,#6301);
#6303=CARTESIAN_POINT('',(0.E0,0.E0,0.E0));
#6304=DIRECTION('',(0.E0,0.E0,1.E0));
#6305=DIRECTION('',(1.E0,0.E0,0.E0));
#6307=(REPRESENTATION_RELATIONSHIP('','',#6275,#179)REPRESENTATION_RELATIONSHIP_WITH_TRANSFORMATION(#6302)SHAPE_REPRESENTATION_RELATIONSHIP());
#6308=CONTEXT_DEPENDENT_SHAPE_REPRESENTATION(#6307,#6297);
#6311=CARTESIAN_POINT('',(-3.904195994989E0,-9.198967845645E0,
6.510001562893E1));
#6312=DIRECTION('',(0.E0,0.E0,1.E0));
#6313=DIRECTION('',(1.E0,0.E0,0.E0));
#6314=AXIS2_PLACEMENT_3D('',#6311,#6312,#6313);
#6315=ITEM_DEFINED_TRANSFORMATION('','',#166,#6314);
#6316=CARTESIAN_POINT('',(0.E0,0.E0,0.E0));
#6317=DIRECTION('',(0.E0,0.E0,1.E0));
#6318=DIRECTION('',(1.E0,0.E0,0.E0));
#6320=(REPRESENTATION_RELATIONSHIP('','',#167,#179)REPRESENTATION_RELATIONSHIP_WITH_TRANSFORMATION(#6315)SHAPE_REPRESENTATION_RELATIONSHIP());
#6321=CONTEXT_DEPENDENT_SHAPE_REPRESENTATION(#6320,#6310);
#6322=CARTESIAN_POINT('',(-1.6233E2,1.000502554149E1,-1.016669189981E1));
#6323=DIRECTION('',(0.E0,-8.715574274765E-2,9.961946980917E-1));
#6324=DIRECTION('',(-1.040734569511E-9,9.961946980917E-1,8.715574274765E-2));
#6325=AXIS2_PLACEMENT_3D('',#6322,#6323,#6324);
#6327=DIRECTION('',(1.E0,0.E0,0.E0));
#6328=VECTOR('',#6327,3.2466E2);
#6329=CARTESIAN_POINT('',(-1.6233E2,8.093196233738E0,-1.033395529083E1));
#6330=LINE('',#6329,#6328);
#6331=CARTESIAN_POINT('',(1.6233E2,1.000502554149E1,-1.016669189981E1));
#6332=DIRECTION('',(0.E0,-8.715574274765E-2,9.961946980917E-1));
#6333=DIRECTION('',(-1.054448321559E-11,-9.961946980917E-1,-8.715574274765E-2));
#6334=AXIS2_PLACEMENT_3D('',#6331,#6332,#6333);
#6336=DIRECTION('',(-1.E0,0.E0,0.E0));
#6337=VECTOR('',#6336,3.246600000089E2);
#6338=CARTESIAN_POINT('',(1.623300000056E2,1.191685484924E1,-9.999428508785E0));
#6339=LINE('',#6338,#6337);
#6340=CARTESIAN_POINT('',(-1.6233E2,9.212779839911E0,-1.111282094151E0));
#6341=DIRECTION('',(0.E0,8.715574274765E-2,-9.961946980917E-1));
#6342=DIRECTION('',(-9.794166066731E-1,-2.010811300784E-1,-1.759231933084E-2));
#6343=AXIS2_PLACEMENT_3D('',#6340,#6341,#6342);
#6345=CARTESIAN_POINT('',(-1.6233E2,9.212779839908E0,-1.111282094150E0));
#6346=DIRECTION('',(1.E0,-1.245776593601E-8,2.128402744084E-8));
#6347=DIRECTION('',(1.055533182677E-8,9.961946980919E-1,8.715574274571E-2));
#6348=AXIS2_PLACEMENT_3D('',#6345,#6346,#6347);
#6350=CARTESIAN_POINT('',(-1.6233E2,9.212779839908E0,-1.111282094150E0));
#6351=DIRECTION('',(1.E0,-1.246538775711E-8,5.039671370056E-9));
#6352=DIRECTION('',(-6.106128982330E-9,-8.708956439815E-2,9.962004857321E-1));
#6353=AXIS2_PLACEMENT_3D('',#6350,#6351,#6352);
#6355=CARTESIAN_POINT('',(-1.6233E2,9.212779839908E0,-1.111282094150E0));
#6356=DIRECTION('',(1.E0,-1.260789975116E-8,-2.986955571499E-7));
#6357=DIRECTION('',(-1.251297750701E-8,-9.999999495055E-1,3.177876450372E-4));
#6358=AXIS2_PLACEMENT_3D('',#6355,#6356,#6357);
#6360=CARTESIAN_POINT('',(-1.6233E2,9.212779839911E0,-1.111282094151E0));
#6361=DIRECTION('',(0.E0,8.715574274765E-2,-9.961946980917E-1));
#6362=DIRECTION('',(0.E0,-9.961946980917E-1,-8.715574274765E-2));
#6363=AXIS2_PLACEMENT_3D('',#6360,#6361,#6362);
#6365=CARTESIAN_POINT('',(-1.6233E2,9.212779839911E0,-1.111282094150E0));
#6366=DIRECTION('',(0.E0,8.715574274765E-2,-9.961946980917E-1));
#6367=DIRECTION('',(-3.826834368109E-1,-9.203638901287E-1,-8.052140670488E-2));
#6368=AXIS2_PLACEMENT_3D('',#6365,#6366,#6367);
#6370=DIRECTION('',(9.999999997153E-1,2.377263333177E-5,2.079880949101E-6));
#6371=VECTOR('',#6370,9.567127852924E1);
#6372=CARTESIAN_POINT('',(-1.623299999993E2,1.112233478943E1,
-9.442176879998E-1));
#6373=LINE('',#6372,#6371);
#6374=DIRECTION('',(-4.445574194692E-10,8.740594445765E-2,-9.961727766173E-1));
#6375=VECTOR('',#6374,9.090000282415E0);
#6376=CARTESIAN_POINT('',(-1.623299999993E2,1.112233478943E1,
-9.442176879998E-1));
#6377=LINE('',#6376,#6375);
#6378=DIRECTION('',(1.516083588747E-9,-8.790633119331E-2,9.961287451611E-1));
#6379=VECTOR('',#6378,9.090002580352E0);
#6380=CARTESIAN_POINT('',(1.623300000056E2,1.191685484924E1,-9.999428508785E0));
#6381=LINE('',#6380,#6379);
#6382=CARTESIAN_POINT('',(6.665872149726E1,1.148107613550E1,-5.018455018326E0));
#6383=DIRECTION('',(0.E0,-9.961946980917E-1,-8.715574274765E-2));
#6384=DIRECTION('',(2.268872403185E-12,-8.715574274765E-2,9.961946980917E-1));
#6385=AXIS2_PLACEMENT_3D('',#6382,#6383,#6384);
#6387=DIRECTION('',(-7.071616392186E-1,5.873349401944E-2,-7.046082547757E-1));
#6388=VECTOR('',#6387,2.098879392949E0);
#6389=CARTESIAN_POINT('',(6.376663955456E1,1.122901458533E1,-2.137378320586E0));
#6390=LINE('',#6389,#6388);
#6391=CARTESIAN_POINT('',(5.668815874878E1,1.085279102853E1,1.953316020156E0));
#6392=DIRECTION('',(0.E0,9.961946980917E-1,8.715574274765E-2));
#6393=DIRECTION('',(7.075449979377E-1,6.159019992561E-2,-7.039792064872E-1));
#6394=AXIS2_PLACEMENT_3D('',#6391,#6392,#6393);
#6396=DIRECTION('',(-1.E0,-1.408195302934E-11,1.606766049551E-10));
#6397=VECTOR('',#6396,1.133750100069E2);
#6398=CARTESIAN_POINT('',(5.668848532821E1,1.154823923488E1,-5.925839687496E0));
#6399=LINE('',#6398,#6397);
#6400=CARTESIAN_POINT('',(-5.668815874878E1,1.085279102852E1,1.953316020155E0));
#6401=DIRECTION('',(0.E0,9.961946980917E-1,8.715574274765E-2));
#6402=DIRECTION('',(6.197584311650E-4,8.715572600937E-2,-9.961945067723E-1));
#6403=AXIS2_PLACEMENT_3D('',#6400,#6401,#6402);
#6405=DIRECTION('',(-7.071616374358E-1,-5.873619299178E-2,7.046080315834E-1));
#6406=VECTOR('',#6405,2.100840809737E0);
#6407=CARTESIAN_POINT('',(-6.228100552593E1,1.135240997644E1,
-3.617647626594E0));
#6408=LINE('',#6407,#6406);
#6409=CARTESIAN_POINT('',(-6.665872149726E1,1.148107613550E1,
-5.018455018326E0));
#6410=DIRECTION('',(0.E0,-9.961946980917E-1,-8.715574274765E-2));
#6411=DIRECTION('',(7.071067811888E-1,-6.162841671602E-2,7.044160264005E-1));
#6412=AXIS2_PLACEMENT_3D('',#6409,#6410,#6411);
#6414=CARTESIAN_POINT('',(1.262244011934E2,1.137442655930E1,-3.799444784339E0));
#6415=CARTESIAN_POINT('',(1.262243005878E2,1.136934422303E1,-3.741353414961E0));
#6416=CARTESIAN_POINT('',(1.262539210157E2,1.136057332475E1,-3.641101588841E0));
#6417=CARTESIAN_POINT('',(1.263680632177E2,1.135041439034E1,-3.524984437229E0));
#6418=CARTESIAN_POINT('',(1.265267309580E2,1.134666921413E1,-3.482176877270E0));
#6419=CARTESIAN_POINT('',(1.266853089707E2,1.135023630594E1,-3.522948923223E0));
#6420=CARTESIAN_POINT('',(1.268021556139E2,1.136039570158E1,-3.639071346708E0));
#6421=CARTESIAN_POINT('',(1.268325033700E2,1.136928485198E1,-3.740674800680E0));
#6422=CARTESIAN_POINT('',(1.268324022397E2,1.137439605344E1,-3.799096100719E0));
#6424=DIRECTION('',(6.062612984938E-1,-6.931195656490E-2,7.922392887416E-1));
#6425=VECTOR('',#6424,2.033422255012E0);
#6426=CARTESIAN_POINT('',(1.268326386403E2,1.150520755070E1,-5.294278356173E0));
#6427=LINE('',#6426,#6425);
#6428=CARTESIAN_POINT('',(1.280654238570E2,1.136426707568E1,-3.683321355151E0));
#6429=CARTESIAN_POINT('',(1.280924187770E2,1.136124460594E1,-3.648774367843E0));
#6430=CARTESIAN_POINT('',(1.281486365997E2,1.135546882689E1,-3.582756911394E0));
#6431=CARTESIAN_POINT('',(1.282606113860E2,1.134971661657E1,-3.517008846394E0));
#6432=CARTESIAN_POINT('',(1.283482642134E2,1.134851827813E1,-3.503311775633E0));
#6433=CARTESIAN_POINT('',(1.283928013871E2,1.134857217160E1,-3.503927780664E0));
#6434=CARTESIAN_POINT('',(1.283963761877E2,1.134858079043E1,-3.504026294326E0));
#6436=CARTESIAN_POINT('',(1.283963761877E2,1.134858079043E1,-3.504026294326E0));
#6437=CARTESIAN_POINT('',(1.283994515814E2,1.134857224842E1,-3.503928658677E0));
#6438=CARTESIAN_POINT('',(1.284415129647E2,1.134851406951E1,-3.503263670535E0));
#6439=CARTESIAN_POINT('',(1.285250749529E2,1.134995992368E1,-3.519789859605E0));
#6440=CARTESIAN_POINT('',(1.286302311973E2,1.135576680030E1,-3.586162762927E0));
#6441=CARTESIAN_POINT('',(1.286975100148E2,1.136493704559E1,-3.690979146203E0));
#6442=CARTESIAN_POINT('',(1.287138769272E2,1.137199624751E1,-3.771666193397E0));
#6443=CARTESIAN_POINT('',(1.287138726485E2,1.137543043684E1,-3.810919157057E0));
#6445=CARTESIAN_POINT('',(1.287136306069E2,1.156970062184E1,-6.031437532499E0));
#6446=CARTESIAN_POINT('',(1.287137390728E2,1.157478231865E1,-6.089521592805E0));
#6447=CARTESIAN_POINT('',(1.286841359893E2,1.158355247537E1,-6.189764942798E0));
#6448=CARTESIAN_POINT('',(1.285700236899E2,1.159371142569E1,-6.305882276385E0));
#6449=CARTESIAN_POINT('',(1.284113822989E2,1.159745818690E1,-6.348707952911E0));
#6450=CARTESIAN_POINT('',(1.282528163616E2,1.159389270723E1,-6.307954333837E0));
#6451=CARTESIAN_POINT('',(1.281359772918E2,1.158373858146E1,-6.191892145214E0));
#6452=CARTESIAN_POINT('',(1.281055980891E2,1.157484438834E1,-6.090231052643E0));
#6453=CARTESIAN_POINT('',(1.281057060563E2,1.156973383141E1,-6.031817119582E0));
#6455=DIRECTION('',(-6.058771639837E-1,6.933746650789E-2,-7.925308687372E-1));
#6456=VECTOR('',#6455,1.933447791091E0);
#6457=CARTESIAN_POINT('',(1.281054679246E2,1.144380906420E1,-4.592490444225E0));
#6458=LINE('',#6457,#6456);
#6459=CARTESIAN_POINT('',(1.269340360602E2,1.157786943566E1,-6.124807501756E0));
#6460=CARTESIAN_POINT('',(1.269057151586E2,1.158116471929E1,-6.162472766033E0));
#6461=CARTESIAN_POINT('',(1.268481440196E2,1.158755120023E1,-6.235470577170E0));
#6462=CARTESIAN_POINT('',(1.267310609939E2,1.159424222254E1,-6.311949312088E0));
#6463=CARTESIAN_POINT('',(1.266404432044E2,1.159556024522E1,-6.327014380259E0));
#6464=CARTESIAN_POINT('',(1.265964205006E2,1.159556024522E1,-6.327014380259E0));
#6466=CARTESIAN_POINT('',(1.265323778981E2,1.159556024522E1,-6.327014380259E0));
#6467=CARTESIAN_POINT('',(1.264933648308E2,1.159556024521E1,-6.327014380250E0));
#6468=CARTESIAN_POINT('',(1.264129008910E2,1.159416842060E1,-6.311105751987E0));
#6469=CARTESIAN_POINT('',(1.263077439333E2,1.158836252322E1,-6.244744041299E0));
#6470=CARTESIAN_POINT('',(1.262405006662E2,1.157919125643E1,-6.139915982248E0));
#6471=CARTESIAN_POINT('',(1.262241599622E2,1.157213234259E1,-6.059232227818E0));
#6472=CARTESIAN_POINT('',(1.262241641531E2,1.156869764734E1,-6.019973481566E0));
#6474=CARTESIAN_POINT('',(1.293429970380E2,1.145461977018E1,-4.716057378995E0));
#6475=CARTESIAN_POINT('',(1.293429970380E2,1.144727148847E1,-4.632066134743E0));
#6476=CARTESIAN_POINT('',(1.293513454312E2,1.143332987768E1,-4.472712794163E0));
#6477=CARTESIAN_POINT('',(1.293963943745E2,1.141376940553E1,-4.249135574351E0));
#6478=CARTESIAN_POINT('',(1.294710943307E2,1.139693210557E1,-4.056684355221E0));
#6479=CARTESIAN_POINT('',(1.295692475948E2,1.138264903249E1,-3.893428082888E0));
#6480=CARTESIAN_POINT('',(1.296900985261E2,1.137080540936E1,-3.758054851059E0));
#6481=CARTESIAN_POINT('',(1.298356159362E2,1.136124060408E1,-3.648728626383E0));
#6482=CARTESIAN_POINT('',(1.300087698734E2,1.135371646785E1,-3.562727355735E0));
#6483=CARTESIAN_POINT('',(1.302130069013E2,1.134848342630E1,-3.502913417163E0));
#6484=CARTESIAN_POINT('',(1.304431674850E2,1.134594962543E1,-3.473951940748E0));
#6485=CARTESIAN_POINT('',(1.306835566422E2,1.134603264551E1,-3.474900864551E0));
#6486=CARTESIAN_POINT('',(1.309141924538E2,1.134871970487E1,-3.505614093622E0));
#6487=CARTESIAN_POINT('',(1.311186599127E2,1.135414336919E1,-3.567606860449E0));
#6488=CARTESIAN_POINT('',(1.312920335862E2,1.136181848112E1,-3.655333791221E0));
#6489=CARTESIAN_POINT('',(1.314378282823E2,1.137158421290E1,-3.766956616213E0));
#6490=CARTESIAN_POINT('',(1.315587723577E2,1.138360793062E1,-3.904388338682E0));
#6491=CARTESIAN_POINT('',(1.316562362688E2,1.139797216908E1,-4.068572335517E0));
#6492=CARTESIAN_POINT('',(1.317306517692E2,1.141488715083E1,-4.261911461673E0));
#6493=CARTESIAN_POINT('',(1.317761771838E2,1.143466758179E1,-4.488002822133E0));
#6494=CARTESIAN_POINT('',(1.317846387E2,1.144884496893E1,-4.650051098638E0));
#6495=CARTESIAN_POINT('',(1.317846387E2,1.145637088566E1,-4.736072720518E0));
#6497=CARTESIAN_POINT('',(1.317846387E2,1.156939079722E1,-6.027896220931E0));
#6498=CARTESIAN_POINT('',(1.317846387E2,1.157356047490E1,-6.075555854811E0));
#6499=CARTESIAN_POINT('',(1.317613270749E2,1.158178950074E1,-6.169614050519E0));
#6500=CARTESIAN_POINT('',(1.316721042947E2,1.159148407201E1,-6.280423507307E0));
#6501=CARTESIAN_POINT('',(1.315429985798E2,1.159651046595E1,-6.337875452834E0));
#6502=CARTESIAN_POINT('',(1.314044530787E2,1.159640480325E1,-6.336667722683E0));
#6503=CARTESIAN_POINT('',(1.312780376495E2,1.159125005329E1,-6.277748661131E0));
#6504=CARTESIAN_POINT('',(1.311910544274E2,1.158165816260E1,-6.168112848796E0));
#6505=CARTESIAN_POINT('',(1.311682112099E2,1.157351071321E1,-6.074987076151E0));
#6506=CARTESIAN_POINT('',(1.311682112099E2,1.156939079722E1,-6.027896220931E0));
#6508=CARTESIAN_POINT('',(1.311682112099E2,1.145427927550E1,-4.712165507017E0));
#6509=CARTESIAN_POINT('',(1.311682112099E2,1.144960596640E1,-4.658749339497E0));
#6510=CARTESIAN_POINT('',(1.311624703984E2,1.144082514138E1,-4.558384050280E0));
#6511=CARTESIAN_POINT('',(1.311306684914E2,1.142867320363E1,-4.419486766195E0));
#6512=CARTESIAN_POINT('',(1.310795835745E2,1.141846965628E1,-4.302859686328E0));
#6513=CARTESIAN_POINT('',(1.310098087806E2,1.141011196741E1,-4.207330865353E0));
#6514=CARTESIAN_POINT('',(1.309205487309E2,1.140359112289E1,-4.132797271459E0));
#6515=CARTESIAN_POINT('',(1.308120974538E2,1.139876138350E1,-4.077593097601E0));
#6516=CARTESIAN_POINT('',(1.306849671351E2,1.139605479706E1,-4.046656673076E0));
#6517=CARTESIAN_POINT('',(1.305493728176E2,1.139537245266E1,-4.038857440858E0));
#6518=CARTESIAN_POINT('',(1.304161370563E2,1.139646948544E1,-4.051396582963E0));
#6519=CARTESIAN_POINT('',(1.302959334195E2,1.139960098713E1,-4.087189811064E0));
#6520=CARTESIAN_POINT('',(1.301944742110E2,1.140467170306E1,-4.145148359374E0));
#6521=CARTESIAN_POINT('',(1.301105848589E2,1.141134810307E1,-4.221459960606E0));
#6522=CARTESIAN_POINT('',(1.300442216818E2,1.141982464255E1,-4.318347250293E0));
#6523=CARTESIAN_POINT('',(1.299955548519E2,1.143014938726E1,-4.436359622349E0));
#6524=CARTESIAN_POINT('',(1.299650586220E2,1.144242257373E1,-4.576642785576E0));
#6525=CARTESIAN_POINT('',(1.299594245281E2,1.145128796704E1,-4.677974694867E0));
#6526=CARTESIAN_POINT('',(1.299594245281E2,1.145601823046E1,-4.732041853131E0));
#6528=CARTESIAN_POINT('',(1.299594245281E2,1.156939079722E1,-6.027896220930E0));
#6529=CARTESIAN_POINT('',(1.299594245281E2,1.157356047490E1,-6.075555854812E0));
#6530=CARTESIAN_POINT('',(1.299361129031E2,1.158178950074E1,-6.169614050526E0));
#6531=CARTESIAN_POINT('',(1.298468901228E2,1.159148407201E1,-6.280423507320E0));
#6532=CARTESIAN_POINT('',(1.297177844078E2,1.159651046595E1,-6.337875452849E0));
#6533=CARTESIAN_POINT('',(1.295792389068E2,1.159640480325E1,-6.336667722699E0));
#6534=CARTESIAN_POINT('',(1.294528234776E2,1.159125005329E1,-6.277748661144E0));
#6535=CARTESIAN_POINT('',(1.293658402555E2,1.158165816260E1,-6.168112848803E0));
#6536=CARTESIAN_POINT('',(1.293429970380E2,1.157351071321E1,-6.074987076154E0));
#6537=CARTESIAN_POINT('',(1.293429970380E2,1.156939079722E1,-6.027896220931E0));
#6539=CARTESIAN_POINT('',(1.350882742582E2,1.137473728696E1,-3.802996417693E0));
#6540=CARTESIAN_POINT('',(1.350882742582E2,1.137056764030E1,-3.755337138293E0));
#6541=CARTESIAN_POINT('',(1.351115852854E2,1.136233882935E1,-3.661281398723E0));
#6542=CARTESIAN_POINT('',(1.352008033414E2,1.135264440780E1,-3.550473653289E0));
#6543=CARTESIAN_POINT('',(1.353299056578E2,1.134761808511E1,-3.493022522144E0));
#6544=CARTESIAN_POINT('',(1.354684482379E2,1.134772282868E1,-3.494219746549E0));
#6545=CARTESIAN_POINT('',(1.355948725784E2,1.135287535136E1,-3.553113350331E0));
#6546=CARTESIAN_POINT('',(1.356818625104E2,1.136246801709E1,-3.662758021369E0));
#6547=CARTESIAN_POINT('',(1.357047017483E2,1.137061620805E1,-3.755892270239E0));
#6548=CARTESIAN_POINT('',(1.357047017483E2,1.137473728696E1,-3.802996417693E0));
#6550=CARTESIAN_POINT('',(1.368414928247E2,1.137473728696E1,-3.802996417693E0));
#6551=CARTESIAN_POINT('',(1.368414928247E2,1.137056795835E1,-3.755340773621E0));
#6552=CARTESIAN_POINT('',(1.368648011609E2,1.136233953430E1,-3.661289456366E0));
#6553=CARTESIAN_POINT('',(1.369540099870E2,1.135264542779E1,-3.550485311886E0));
#6554=CARTESIAN_POINT('',(1.370830983102E2,1.134761803402E1,-3.493021938108E0));
#6555=CARTESIAN_POINT('',(1.372216323259E2,1.134772290014E1,-3.494220563402E0));
#6556=CARTESIAN_POINT('',(1.373480376762E2,1.135287598777E1,-3.553120624541E0));
#6557=CARTESIAN_POINT('',(1.374350161580E2,1.136246829330E1,-3.662761178399E0));
#6558=CARTESIAN_POINT('',(1.374578505516E2,1.137061615796E1,-3.755891697733E0));
#6559=CARTESIAN_POINT('',(1.374578505516E2,1.137473728696E1,-3.802996417693E0));
#6561=CARTESIAN_POINT('',(1.374578505516E2,1.156939079722E1,-6.027896220931E0));
#6562=CARTESIAN_POINT('',(1.374578505516E2,1.157356155372E1,-6.075568185926E0));
#6563=CARTESIAN_POINT('',(1.374345489500E2,1.158179110946E1,-6.169632438400E0));
#6564=CARTESIAN_POINT('',(1.373453300709E2,1.159148598164E1,-6.280445334557E0));
#6565=CARTESIAN_POINT('',(1.372162365611E2,1.159651080856E1,-6.337879369012E0));
#6566=CARTESIAN_POINT('',(1.370777052997E2,1.159640437921E1,-6.336662875978E0));
#6567=CARTESIAN_POINT('',(1.369513060808E2,1.159124892729E1,-6.277735790878E0));
#6568=CARTESIAN_POINT('',(1.368643335138E2,1.158165743409E1,-6.168104521973E0));
#6569=CARTESIAN_POINT('',(1.368414928247E2,1.157351045236E1,-6.074984094592E0));
#6570=CARTESIAN_POINT('',(1.368414928247E2,1.156939079722E1,-6.027896220931E0));
#6572=CARTESIAN_POINT('',(1.357047017483E2,1.156939079722E1,-6.027896220931E0));
#6573=CARTESIAN_POINT('',(1.357047017483E2,1.157356151313E1,-6.075567721947E0));
#6574=CARTESIAN_POINT('',(1.356813957407E2,1.158179117589E1,-6.169633197624E0));
#6575=CARTESIAN_POINT('',(1.355921699527E2,1.159148617334E1,-6.280447525529E0));
#6576=CARTESIAN_POINT('',(1.354630635738E2,1.159651056671E1,-6.337876604581E0));
#6577=CARTESIAN_POINT('',(1.353245230237E2,1.159640465331E1,-6.336666008904E0));
#6578=CARTESIAN_POINT('',(1.351981034375E2,1.159125034897E1,-6.277752040658E0));
#6579=CARTESIAN_POINT('',(1.351111181646E2,1.158165829342E1,-6.168114344011E0));
#6580=CARTESIAN_POINT('',(1.350882742582E2,1.157351077030E1,-6.074987728704E0));
#6581=CARTESIAN_POINT('',(1.350882742582E2,1.156939079722E1,-6.027896220930E0));
#6583=CARTESIAN_POINT('',(1.388635787007E2,1.137473728696E1,-3.802996417693E0));
#6584=CARTESIAN_POINT('',(1.388635787007E2,1.137056760929E1,-3.755336783851E0));
#6585=CARTESIAN_POINT('',(1.388868903257E2,1.136233858345E1,-3.661278588095E0));
#6586=CARTESIAN_POINT('',(1.389761131059E2,1.135264401218E1,-3.550469131339E0));
#6587=CARTESIAN_POINT('',(1.391052188209E2,1.134761761824E1,-3.493017185768E0));
#6588=CARTESIAN_POINT('',(1.392437643219E2,1.134772328094E1,-3.494224915960E0));
#6589=CARTESIAN_POINT('',(1.393701797512E2,1.135287803089E1,-3.553143977475E0));
#6590=CARTESIAN_POINT('',(1.394571629733E2,1.136246992159E1,-3.662779789819E0));
#6591=CARTESIAN_POINT('',(1.394800061908E2,1.137061737097E1,-3.755905562470E0));
#6592=CARTESIAN_POINT('',(1.394800061908E2,1.137473728696E1,-3.802996417693E0));
#6594=DIRECTION('',(5.953911517177E-1,7.002405972220E-2,-8.003786650807E-1));
#6595=VECTOR('',#6594,1.498288275498E0);
#6596=CARTESIAN_POINT('',(1.394800061908E2,1.144520752448E1,-4.608474918322E0));
#6597=LINE('',#6596,#6595);
#6598=CARTESIAN_POINT('',(1.399798274586E2,1.157545788119E1,-6.097243308003E0));
#6599=DIRECTION('',(0.E0,9.961946980917E-1,8.715574274765E-2));
#6600=DIRECTION('',(8.034359816260E-1,-5.189175804492E-2,5.931255085357E-1));
#6601=AXIS2_PLACEMENT_3D('',#6598,#6599,#6600);
#6603=CARTESIAN_POINT('',(1.404646132661E2,1.157045896353E1,-6.040105417677E0));
#6604=CARTESIAN_POINT('',(1.404646132661E2,1.157281789425E1,-6.067068119237E0));
#6605=CARTESIAN_POINT('',(1.404591125595E2,1.157729462519E1,-6.118237387989E0));
#6606=CARTESIAN_POINT('',(1.404336869903E2,1.158344489166E1,-6.188535255367E0));
#6607=CARTESIAN_POINT('',(1.403939633205E2,1.158856650993E1,-6.247075620122E0));
#6608=CARTESIAN_POINT('',(1.403404337785E2,1.159260888926E1,-6.293280227271E0));
#6609=CARTESIAN_POINT('',(1.402749997114E2,1.159535004781E1,-6.324611812908E0));
#6610=CARTESIAN_POINT('',(1.402020251486E2,1.159668842974E1,-6.339909588304E0));
#6611=CARTESIAN_POINT('',(1.401264929844E2,1.159668332801E1,-6.339851275258E0));
#6612=CARTESIAN_POINT('',(1.400522899049E2,1.159506435161E1,-6.321346290345E0));
#6613=CARTESIAN_POINT('',(1.399832203965E2,1.159177618717E1,-6.283762398846E0));
#6614=CARTESIAN_POINT('',(1.399210688039E2,1.158681082203E1,-6.227008015626E0));
#6615=CARTESIAN_POINT('',(1.398855110610E2,1.158277499770E1,-6.180878332445E0));
#6616=CARTESIAN_POINT('',(1.398682383074E2,1.158055415840E1,-6.155494023094E0));
#6618=DIRECTION('',(-5.737338617210E-1,-7.138419566378E-2,8.159250900200E-1));
#6619=VECTOR('',#6618,1.206952223648E0);
#6620=CARTESIAN_POINT('',(1.398682383074E2,1.158055415840E1,-6.155494023094E0));
#6621=LINE('',#6620,#6619);
#6622=DIRECTION('',(-5.700759117553E-1,7.160646313833E-2,-8.184656188706E-1));
#6623=VECTOR('',#6622,1.193525836382E0);
#6624=CARTESIAN_POINT('',(1.391757689472E2,1.149439684471E1,-5.170711421364E0));
#6625=LINE('',#6624,#6623);
#6626=CARTESIAN_POINT('',(1.384953686178E2,1.157986100852E1,-6.147571283676E0));
#6627=CARTESIAN_POINT('',(1.384783094334E2,1.158205166013E1,-6.172610546185E0));
#6628=CARTESIAN_POINT('',(1.384432080784E2,1.158611436027E1,-6.219047421243E0));
#6629=CARTESIAN_POINT('',(1.383813076944E2,1.159123255247E1,-6.277548625690E0));
#6630=CARTESIAN_POINT('',(1.383101287334E2,1.159465573111E1,-6.316675736665E0));
#6631=CARTESIAN_POINT('',(1.382330200154E2,1.159630076858E1,-6.335478600978E0));
#6632=CARTESIAN_POINT('',(1.381547726230E2,1.159635319332E1,-6.336077818471E0));
#6633=CARTESIAN_POINT('',(1.380797859385E2,1.159481244607E1,-6.318466996779E0));
#6634=CARTESIAN_POINT('',(1.380125155489E2,1.159185636288E1,-6.284678811388E0));
#6635=CARTESIAN_POINT('',(1.379561563697E2,1.158761718611E1,-6.236224799143E0));
#6636=CARTESIAN_POINT('',(1.379147851527E2,1.158233289119E1,-6.175825031826E0));
#6637=CARTESIAN_POINT('',(1.378891227712E2,1.157650828607E1,-6.109249490771E0));
#6638=CARTESIAN_POINT('',(1.378829176291E2,1.157243601031E1,-6.062703165746E0));
#6639=CARTESIAN_POINT('',(1.378829176292E2,1.157044876283E1,-6.039988823127E0));
#6641=CARTESIAN_POINT('',(1.382789566449E2,1.157163135654E1,-6.053505931071E0));
#6642=DIRECTION('',(0.E0,9.961946980917E-1,8.715574274765E-2));
#6643=DIRECTION('',(-9.994136039548E-1,-2.984302522581E-3,3.411073392038E-2));
#6644=AXIS2_PLACEMENT_3D('',#6641,#6642,#6643);
#6646=DIRECTION('',(5.928511988104E-1,-7.018756760046E-2,8.022475686616E-1));
#6647=VECTOR('',#6646,1.524403039004E0);
#6648=CARTESIAN_POINT('',(1.379598345315E2,1.155115586075E1,-5.819469943303E0));
#6649=LINE('',#6648,#6647);
#6650=CARTESIAN_POINT('',(1.324138328527E2,1.137473728696E1,-3.802996417693E0));
#6651=CARTESIAN_POINT('',(1.324138328527E2,1.137056764030E1,-3.755337138293E0));
#6652=CARTESIAN_POINT('',(1.324371438798E2,1.136233882935E1,-3.661281398725E0));
#6653=CARTESIAN_POINT('',(1.325263619358E2,1.135264440780E1,-3.550473653331E0));
#6654=CARTESIAN_POINT('',(1.326554642522E2,1.134761808511E1,-3.493022522149E0));
#6655=CARTESIAN_POINT('',(1.327940068324E2,1.134772282868E1,-3.494219746553E0));
#6656=CARTESIAN_POINT('',(1.329204311728E2,1.135287535136E1,-3.553113350335E0));
#6657=CARTESIAN_POINT('',(1.330074211048E2,1.136246801709E1,-3.662758021372E0));
#6658=CARTESIAN_POINT('',(1.330302603428E2,1.137061620806E1,-3.755892270240E0));
#6659=CARTESIAN_POINT('',(1.330302603428E2,1.137473728696E1,-3.802996417693E0));
#6661=CARTESIAN_POINT('',(1.334985805941E2,1.142322129679E1,-4.357171185958E0));
#6662=CARTESIAN_POINT('',(1.335816467412E2,1.142322129679E1,-4.357171185957E0));
#6663=CARTESIAN_POINT('',(1.337376703205E2,1.142421064289E1,-4.368479463501E0));
#6664=CARTESIAN_POINT('',(1.339531539678E2,1.142859350362E1,-4.418575790954E0));
#6665=CARTESIAN_POINT('',(1.341359855982E2,1.143508442788E1,-4.492767394689E0));
#6666=CARTESIAN_POINT('',(1.342887196547E2,1.144348804537E1,-4.588821182125E0));
#6667=CARTESIAN_POINT('',(1.344117130135E2,1.145365451313E1,-4.705024440373E0));
#6668=CARTESIAN_POINT('',(1.345085700343E2,1.146523711016E1,-4.837414130178E0));
#6669=CARTESIAN_POINT('',(1.345794215468E2,1.147834429893E1,-4.987229983401E0));
#6670=CARTESIAN_POINT('',(1.346221505348E2,1.149316744707E1,-5.156659341884E0));
#6671=CARTESIAN_POINT('',(1.346314968404E2,1.150366833031E1,-5.276684986612E0));
#6672=CARTESIAN_POINT('',(1.346314267853E2,1.150915581201E1,-5.339407189454E0));
#6674=CARTESIAN_POINT('',(1.346314267853E2,1.150915581201E1,-5.339407189454E0));
#6675=CARTESIAN_POINT('',(1.346317838757E2,1.151466471961E1,-5.402374291538E0));
#6676=CARTESIAN_POINT('',(1.346226926348E2,1.152526334773E1,-5.523517165231E0));
#6677=CARTESIAN_POINT('',(1.345798502049E2,1.154023785068E1,-5.694676517110E0));
#6678=CARTESIAN_POINT('',(1.345095862009E2,1.155344350032E1,-5.845617783219E0));
#6679=CARTESIAN_POINT('',(1.344154463264E2,1.156498252914E1,-5.977509486103E0));
#6680=CARTESIAN_POINT('',(1.342971506072E2,1.157486532598E1,-6.090470370924E0));
#6681=CARTESIAN_POINT('',(1.341517916541E2,1.158285644774E1,-6.181809310528E0));
#6682=CARTESIAN_POINT('',(1.339799890264E2,1.158900207163E1,-6.252054113055E0));
#6683=CARTESIAN_POINT('',(1.337796108771E2,1.159318905572E1,-6.299911560228E0));
#6684=CARTESIAN_POINT('',(1.336351057064E2,1.159416178494E1,-6.311029906122E0));
#6685=CARTESIAN_POINT('',(1.335586466952E2,1.159416178494E1,-6.311029906122E0));
#6687=CARTESIAN_POINT('',(1.327220465977E2,1.159416178494E1,-6.311029906122E0));
#6688=CARTESIAN_POINT('',(1.326830335304E2,1.159416178494E1,-6.311029906127E0));
#6689=CARTESIAN_POINT('',(1.326025694401E2,1.159276996032E1,-6.295121277849E0));
#6690=CARTESIAN_POINT('',(1.324974131887E2,1.158696406294E1,-6.228759567192E0));
#6691=CARTESIAN_POINT('',(1.324301673331E2,1.157779279614E1,-6.123931508004E0));
#6692=CARTESIAN_POINT('',(1.324138328527E2,1.157073388233E1,-6.043247753904E0));
#6693=CARTESIAN_POINT('',(1.324138328527E2,1.156729918707E1,-6.003989007431E0));
#6695=CARTESIAN_POINT('',(1.429872107187E2,1.159765185538E1,-6.350921593759E0));
#6696=CARTESIAN_POINT('',(1.429179908494E2,1.159765184788E1,-6.350921508039E0));
#6697=CARTESIAN_POINT('',(1.427858120885E2,1.159676393225E1,-6.340772585993E0));
#6698=CARTESIAN_POINT('',(1.426013225990E2,1.159292715676E1,-6.296918041508E0));
#6699=CARTESIAN_POINT('',(1.424416921461E2,1.158720154415E1,-6.231473989865E0));
#6700=CARTESIAN_POINT('',(1.423074195307E2,1.157978323123E1,-6.146682285273E0));
#6701=CARTESIAN_POINT('',(1.421989155915E2,1.157086233460E1,-6.044715970157E0));
#6702=CARTESIAN_POINT('',(1.421135051982E2,1.156073451379E1,-5.928954448651E0));
#6703=CARTESIAN_POINT('',(1.420517626202E2,1.154942013208E1,-5.799630473860E0));
#6704=CARTESIAN_POINT('',(1.420147703280E2,1.153701813938E1,-5.657875048634E0));
#6705=CARTESIAN_POINT('',(1.420063963639E2,1.152836672101E1,-5.558988884112E0));
#6706=CARTESIAN_POINT('',(1.420064602578E2,1.152394539177E1,-5.508452859737E0));
#6708=CARTESIAN_POINT('',(1.420064602578E2,1.152394539177E1,-5.508452859737E0));
#6709=CARTESIAN_POINT('',(1.420062007095E2,1.151955190187E1,-5.458235040292E0));
#6710=CARTESIAN_POINT('',(1.420112586681E2,1.151120169471E1,-5.362791735677E0));
#6711=CARTESIAN_POINT('',(1.420394827730E2,1.149931083312E1,-5.226878565815E0));
#6712=CARTESIAN_POINT('',(1.420922690754E2,1.148873787524E1,-5.106029104207E0));
#6713=CARTESIAN_POINT('',(1.421703746214E2,1.147937664372E1,-4.999029738391E0));
#6714=CARTESIAN_POINT('',(1.422735706974E2,1.147103546566E1,-4.903689636807E0));
#6715=CARTESIAN_POINT('',(1.424058494976E2,1.146401930907E1,-4.823494600073E0));
#6716=CARTESIAN_POINT('',(1.425636708700E2,1.145820886025E1,-4.757080866212E0));
#6717=CARTESIAN_POINT('',(1.427426670672E2,1.145311834353E1,-4.698895993848E0));
#6718=CARTESIAN_POINT('',(1.428692016424E2,1.145016501978E1,-4.665139348978E0));
#6719=CARTESIAN_POINT('',(1.429351673838E2,1.144869759491E1,-4.648366605951E0));
#6721=CARTESIAN_POINT('',(1.429351673838E2,1.144869759491E1,-4.648366605951E0));
#6722=CARTESIAN_POINT('',(1.429683610225E2,1.144795919389E1,-4.639926643627E0));
#6723=CARTESIAN_POINT('',(1.430319472904E2,1.144649019902E1,-4.623135955319E0));
#6724=CARTESIAN_POINT('',(1.431228809848E2,1.144417045079E1,-4.596621111787E0));
#6725=CARTESIAN_POINT('',(1.432057399934E2,1.144184632538E1,-4.570056236813E0));
#6726=CARTESIAN_POINT('',(1.432808605901E2,1.143949152918E1,-4.543140793051E0));
#6727=CARTESIAN_POINT('',(1.433470463120E2,1.143688977777E1,-4.513402638389E0));
#6728=CARTESIAN_POINT('',(1.434030313650E2,1.143392671973E1,-4.479534729994E0));
#6729=CARTESIAN_POINT('',(1.434484957368E2,1.143058045203E1,-4.441286715115E0));
#6730=CARTESIAN_POINT('',(1.434819829829E2,1.142653387033E1,-4.395034074665E0));
#6731=CARTESIAN_POINT('',(1.434985771660E2,1.142161885275E1,-4.338855166691E0));
#6732=CARTESIAN_POINT('',(1.435002639069E2,1.141813386472E1,-4.299021571233E0));
#6733=CARTESIAN_POINT('',(1.434993784896E2,1.141631315554E1,-4.278210770156E0));
#6735=CARTESIAN_POINT('',(1.434993784896E2,1.141631315554E1,-4.278210770156E0));
#6736=CARTESIAN_POINT('',(1.434987264030E2,1.141455844183E1,-4.258154300563E0));
#6737=CARTESIAN_POINT('',(1.434921348117E2,1.141104436755E1,-4.217988247755E0));
#6738=CARTESIAN_POINT('',(1.434666902608E2,1.140604542204E1,-4.160850039094E0));
#6739=CARTESIAN_POINT('',(1.434223732102E2,1.140170404796E1,-4.111227906353E0));
#6740=CARTESIAN_POINT('',(1.433611549496E2,1.139822010789E1,-4.071406289150E0));
#6741=CARTESIAN_POINT('',(1.432847197344E2,1.139563715895E1,-4.041883047601E0));
#6742=CARTESIAN_POINT('',(1.431941585931E2,1.139416868980E1,-4.025098368423E0));
#6743=CARTESIAN_POINT('',(1.431293886702E2,1.139392659409E1,-4.022331201825E0));
#6744=CARTESIAN_POINT('',(1.430952738900E2,1.139392659409E1,-4.022331201828E0));
#6746=CARTESIAN_POINT('',(1.430952738900E2,1.139392659409E1,-4.022331201828E0));
#6747=CARTESIAN_POINT('',(1.430154496902E2,1.139392659409E1,-4.022331201834E0));
#6748=CARTESIAN_POINT('',(1.428539468385E2,1.139540290020E1,-4.039205457875E0));
#6749=CARTESIAN_POINT('',(1.426136526820E2,1.140276119197E1,-4.123311117636E0));
#6750=CARTESIAN_POINT('',(1.424638505448E2,1.141053457947E1,-4.212161343366E0));
#6751=CARTESIAN_POINT('',(1.423891678467E2,1.141524180800E1,-4.265965211650E0));
#6753=CARTESIAN_POINT('',(1.423891678467E2,1.141524180800E1,-4.265965211650E0));
#6754=CARTESIAN_POINT('',(1.423506511016E2,1.141779168373E1,-4.295110424625E0));
#6755=CARTESIAN_POINT('',(1.422620369157E2,1.142134845450E1,-4.335764500621E0));
#6756=CARTESIAN_POINT('',(1.421217394331E2,1.142068967789E1,-4.328234649521E0));
#6757=CARTESIAN_POINT('',(1.420029588558E2,1.141520361483E1,-4.265528661811E0));
#6758=CARTESIAN_POINT('',(1.419266129694E2,1.140583849147E1,-4.158484811968E0));
#6759=CARTESIAN_POINT('',(1.419056252985E2,1.139449196374E1,-4.028793406594E0));
#6760=CARTESIAN_POINT('',(1.419402984816E2,1.138375741701E1,-3.906096975989E0));
#6761=CARTESIAN_POINT('',(1.419953009548E2,1.137803511833E1,-3.840690802709E0));
#6762=CARTESIAN_POINT('',(1.420268836294E2,1.137601306551E1,-3.817578633223E0));
#6764=CARTESIAN_POINT('',(1.420268836294E2,1.137601306551E1,-3.817578633223E0));
#6765=CARTESIAN_POINT('',(1.420281039631E2,1.137593626940E1,-3.816700849685E0));
#6766=CARTESIAN_POINT('',(1.421017047780E2,1.137131736019E1,-3.763906475474E0));
#6767=CARTESIAN_POINT('',(1.422592533988E2,1.136299128074E1,-3.668738952399E0));
#6768=CARTESIAN_POINT('',(1.425131679526E2,1.135378374373E1,-3.563496322578E0));
#6769=CARTESIAN_POINT('',(1.427782107457E2,1.134814358300E1,-3.499028990483E0));
#6770=CARTESIAN_POINT('',(1.430360298823E2,1.134601222177E1,-3.474667420136E0));
#6771=CARTESIAN_POINT('',(1.432723777934E2,1.134693176278E1,-3.485177821930E0));
#6772=CARTESIAN_POINT('',(1.434793178504E2,1.135046849531E1,-3.525602859778E0));
#6773=CARTESIAN_POINT('',(1.436535612200E2,1.135624172007E1,-3.591591120775E0));
#6774=CARTESIAN_POINT('',(1.437963650959E2,1.136372595927E1,-3.677136366201E0));
#6775=CARTESIAN_POINT('',(1.439103347226E2,1.137267249159E1,-3.779395698572E0));
#6776=CARTESIAN_POINT('',(1.439982230221E2,1.138292338040E1,-3.896563893864E0));
#6777=CARTESIAN_POINT('',(1.440635502259E2,1.139452347150E1,-4.029153541790E0));
#6778=CARTESIAN_POINT('',(1.441035245570E2,1.140781388265E1,-4.181063636423E0));
#6779=CARTESIAN_POINT('',(1.441121017126E2,1.141729993682E1,-4.289489731815E0));
#6780=CARTESIAN_POINT('',(1.441120323829E2,1.142229010509E1,-4.346527616034E0));
#6782=CARTESIAN_POINT('',(1.441120323829E2,1.142229010509E1,-4.346527616034E0));
#6783=CARTESIAN_POINT('',(1.441123629055E2,1.142692730100E1,-4.399531007911E0));
#6784=CARTESIAN_POINT('',(1.441055085497E2,1.143575438190E1,-4.500425004298E0));
#6785=CARTESIAN_POINT('',(1.440692407453E2,1.144829499505E1,-4.643764868508E0));
#6786=CARTESIAN_POINT('',(1.440024202143E2,1.145935209363E1,-4.770148083565E0));
#6787=CARTESIAN_POINT('',(1.439063158301E2,1.146918304275E1,-4.882516346196E0));
#6788=CARTESIAN_POINT('',(1.437785084469E2,1.147781671559E1,-4.981199678317E0));
#6789=CARTESIAN_POINT('',(1.436180101555E2,1.148496334149E1,-5.062885986152E0));
#6790=CARTESIAN_POINT('',(1.434302151071E2,1.149114159442E1,-5.133503740315E0));
#6791=CARTESIAN_POINT('',(1.432947938875E2,1.149451416337E1,-5.172052379724E0));
#6792=CARTESIAN_POINT('',(1.432233590951E2,1.149613579967E1,-5.190587767484E0));
#6794=CARTESIAN_POINT('',(1.432233590951E2,1.149613579967E1,-5.190587767484E0));
#6795=CARTESIAN_POINT('',(1.431911915065E2,1.149685386120E1,-5.198795248333E0));
#6796=CARTESIAN_POINT('',(1.431292710901E2,1.149825935190E1,-5.214860080581E0));
#6797=CARTESIAN_POINT('',(1.430401242946E2,1.150040290227E1,-5.239360973408E0));
#6798=CARTESIAN_POINT('',(1.429580887980E2,1.150252835783E1,-5.263655041614E0));
#6799=CARTESIAN_POINT('',(1.428826114139E2,1.150458745386E1,-5.287190616940E0));
#6800=CARTESIAN_POINT('',(1.428144296137E2,1.150680203164E1,-5.312503356777E0));
#6801=CARTESIAN_POINT('',(1.427547636824E2,1.150931798479E1,-5.341260832939E0));
#6802=CARTESIAN_POINT('',(1.427042053061E2,1.151214414119E1,-5.373563948427E0));
#6803=CARTESIAN_POINT('',(1.426628846927E2,1.151537844432E1,-5.410532202346E0));
#6804=CARTESIAN_POINT('',(1.426343850295E2,1.151939771373E1,-5.456472661945E0));
#6805=CARTESIAN_POINT('',(1.426202333416E2,1.152410235087E1,-5.510246910454E0));
#6806=CARTESIAN_POINT('',(1.426183702226E2,1.152742536224E1,-5.548229104159E0));
#6807=CARTESIAN_POINT('',(1.426188940802E2,1.152915918504E1,-5.568046789413E0));
#6809=CARTESIAN_POINT('',(1.426188940802E2,1.152915918504E1,-5.568046789413E0));
#6810=CARTESIAN_POINT('',(1.426191631750E2,1.153065576669E1,-5.585152796008E0));
#6811=CARTESIAN_POINT('',(1.426255129769E2,1.153380272241E1,-5.621122664529E0));
#6812=CARTESIAN_POINT('',(1.426492498188E2,1.153831664548E1,-5.672717041278E0));
#6813=CARTESIAN_POINT('',(1.426868549932E2,1.154254339989E1,-5.721029065257E0));
#6814=CARTESIAN_POINT('',(1.427397051985E2,1.154599689574E1,-5.760502703515E0));
#6815=CARTESIAN_POINT('',(1.428063721171E2,1.154833564090E1,-5.787234682934E0));
#6816=CARTESIAN_POINT('',(1.428844261275E2,1.154981448683E1,-5.804137969327E0));
#6817=CARTESIAN_POINT('',(1.429739422815E2,1.155041071359E1,-5.810952872410E0));
#6818=CARTESIAN_POINT('',(1.430743572746E2,1.154990799923E1,-5.805206820911E0));
#6819=CARTESIAN_POINT('',(1.431853935351E2,1.154822781334E1,-5.786002208329E0));
#6820=CARTESIAN_POINT('',(1.433061809378E2,1.154503490412E1,-5.749507088914E0));
#6821=CARTESIAN_POINT('',(1.434357640971E2,1.154021973910E1,-5.694469500866E0));
#6822=CARTESIAN_POINT('',(1.435227263656E2,1.153610928374E1,-5.647486781107E0));
#6823=CARTESIAN_POINT('',(1.435675706429E2,1.153380910352E1,-5.621195600938E0));
#6825=CARTESIAN_POINT('',(1.435675706429E2,1.153380910352E1,-5.621195600938E0));
#6826=CARTESIAN_POINT('',(1.436096997977E2,1.153166677739E1,-5.596708701191E0));
#6827=CARTESIAN_POINT('',(1.437009583282E2,1.152904271825E1,-5.566715567895E0));
#6828=CARTESIAN_POINT('',(1.438378512962E2,1.153104587085E1,-5.589611706938E0));
#6829=CARTESIAN_POINT('',(1.439462994234E2,1.153754854525E1,-5.663937615385E0));
#6830=CARTESIAN_POINT('',(1.440091962232E2,1.154745974895E1,-5.777223192068E0));
#6831=CARTESIAN_POINT('',(1.440178178734E2,1.155860250175E1,-5.904585439327E0));
#6832=CARTESIAN_POINT('',(1.439730769485E2,1.156901159879E1,-6.023561962945E0));
#6833=CARTESIAN_POINT('',(1.439112984449E2,1.157420426107E1,-6.082914364441E0));
#6834=CARTESIAN_POINT('',(1.438757843879E2,1.157601828289E1,-6.103648728745E0));
#6836=CARTESIAN_POINT('',(1.438757843879E2,1.157601828289E1,-6.103648728745E0));
#6837=CARTESIAN_POINT('',(1.437935539808E2,1.158057143527E1,-6.155691498521E0));
#6838=CARTESIAN_POINT('',(1.436137922637E2,1.158845032748E1,-6.245747648589E0));
#6839=CARTESIAN_POINT('',(1.433132645846E2,1.159605546126E1,-6.332674725486E0));
#6840=CARTESIAN_POINT('',(1.430986399924E2,1.159765186745E1,-6.350921731753E0));
#6841=CARTESIAN_POINT('',(1.429872107187E2,1.159765185538E1,-6.350921593759E0));
#6843=CARTESIAN_POINT('',(1.471392363524E2,1.145461977018E1,-4.716057378996E0));
#6844=CARTESIAN_POINT('',(1.471392363524E2,1.144727184280E1,-4.632070184744E0));
#6845=CARTESIAN_POINT('',(1.471475857341E2,1.143333083814E1,-4.472723772359E0));
#6846=CARTESIAN_POINT('',(1.471926356317E2,1.141377112406E1,-4.249155217347E0));
#6847=CARTESIAN_POINT('',(1.472673363841E2,1.139693419134E1,-4.056708195760E0));
#6848=CARTESIAN_POINT('',(1.473654912155E2,1.138265109042E1,-3.893451605177E0));
#6849=CARTESIAN_POINT('',(1.474863437235E2,1.137080714746E1,-3.758074717688E0));
#6850=CARTESIAN_POINT('',(1.476318613976E2,1.136124194631E1,-3.648743968259E0));
#6851=CARTESIAN_POINT('',(1.478050120349E2,1.135371742030E1,-3.562738242456E0));
#6852=CARTESIAN_POINT('',(1.480092428747E2,1.134848391020E1,-3.502918948290E0));
#6853=CARTESIAN_POINT('',(1.482393979816E2,1.134594965083E1,-3.473952231106E0));
#6854=CARTESIAN_POINT('',(1.484797856636E2,1.134603258877E1,-3.474900216182E0));
#6855=CARTESIAN_POINT('',(1.487104227145E2,1.134871996554E1,-3.505617073114E0));
#6856=CARTESIAN_POINT('',(1.489148919398E2,1.135414415652E1,-3.567615859750E0));
#6857=CARTESIAN_POINT('',(1.490882663185E2,1.136181980890E1,-3.655348967881E0));
#6858=CARTESIAN_POINT('',(1.492340618019E2,1.137158596415E1,-3.766976633210E0));
#6859=CARTESIAN_POINT('',(1.493550070477E2,1.138360994557E1,-3.904411369720E0));
#6860=CARTESIAN_POINT('',(1.494524727074E2,1.139797420121E1,-4.068595563001E0));
#6861=CARTESIAN_POINT('',(1.495268894484E2,1.141488889840E1,-4.261931436555E0));
#6862=CARTESIAN_POINT('',(1.495724156228E2,1.143466861626E1,-4.488014646260E0));
#6863=CARTESIAN_POINT('',(1.495808780144E2,1.144884537968E1,-4.650055793527E0));
#6864=CARTESIAN_POINT('',(1.495808780144E2,1.145637088566E1,-4.736072720518E0));
#6866=CARTESIAN_POINT('',(1.495808780144E2,1.156939079722E1,-6.027896220931E0));
#6867=CARTESIAN_POINT('',(1.495808780144E2,1.157356047490E1,-6.075555854809E0));
#6868=CARTESIAN_POINT('',(1.495575663893E2,1.158178950073E1,-6.169614050512E0));
#6869=CARTESIAN_POINT('',(1.494683436091E2,1.159148407201E1,-6.280423507294E0));
#6870=CARTESIAN_POINT('',(1.493392378942E2,1.159651046594E1,-6.337875452817E0));
#6871=CARTESIAN_POINT('',(1.492006923932E2,1.159640480324E1,-6.336667722667E0));
#6872=CARTESIAN_POINT('',(1.490742769639E2,1.159125005329E1,-6.277748661118E0));
#6873=CARTESIAN_POINT('',(1.489872937418E2,1.158165816259E1,-6.168112848788E0));
#6874=CARTESIAN_POINT('',(1.489644505243E2,1.157351071321E1,-6.074987076149E0));
#6875=CARTESIAN_POINT('',(1.489644505243E2,1.156939079722E1,-6.027896220931E0));
#6877=CARTESIAN_POINT('',(1.489644505243E2,1.145427927550E1,-4.712165507017E0));
#6878=CARTESIAN_POINT('',(1.489644505243E2,1.144960619451E1,-4.658751946808E0));
#6879=CARTESIAN_POINT('',(1.489587102393E2,1.144082576447E1,-4.558391172173E0));
#6880=CARTESIAN_POINT('',(1.489269115441E2,1.142867430587E1,-4.419499364877E0));
#6881=CARTESIAN_POINT('',(1.488758314281E2,1.141847105538E1,-4.302875678138E0));
#6882=CARTESIAN_POINT('',(1.488060638541E2,1.141011349521E1,-4.207348328215E0));
#6883=CARTESIAN_POINT('',(1.487168134004E2,1.140359264162E1,-4.132814630673E0));
#6884=CARTESIAN_POINT('',(1.486083742612E2,1.139876264500E1,-4.077607516691E0));
#6885=CARTESIAN_POINT('',(1.484812559224E2,1.139605545423E1,-4.046664184511E0));
#6886=CARTESIAN_POINT('',(1.483456699350E2,1.139537232305E1,-4.038855959442E0));
#6887=CARTESIAN_POINT('',(1.482124381886E2,1.139646891291E1,-4.051390038868E0));
#6888=CARTESIAN_POINT('',(1.480922338772E2,1.139959983624E1,-4.087176656343E0));
#6889=CARTESIAN_POINT('',(1.479907695522E2,1.140467007263E1,-4.145129723467E0));
#6890=CARTESIAN_POINT('',(1.479068704793E2,1.141134607244E1,-4.221436750489E0));
#6891=CARTESIAN_POINT('',(1.478404921442E2,1.141982243216E1,-4.318321985405E0));
#6892=CARTESIAN_POINT('',(1.477918093149E2,1.143014750300E1,-4.436338085102E0));
#6893=CARTESIAN_POINT('',(1.477613008589E2,1.144242149024E1,-4.576630401203E0));
#6894=CARTESIAN_POINT('',(1.477556638425E2,1.145128759789E1,-4.677970475413E0));
#6895=CARTESIAN_POINT('',(1.477556638425E2,1.145601823046E1,-4.732041853131E0));
#6897=CARTESIAN_POINT('',(1.477556638425E2,1.156939079722E1,-6.027896220931E0));
#6898=CARTESIAN_POINT('',(1.477556638425E2,1.157356047490E1,-6.075555854809E0));
#6899=CARTESIAN_POINT('',(1.477323522174E2,1.158178950073E1,-6.169614050514E0));
#6900=CARTESIAN_POINT('',(1.476431294372E2,1.159148407201E1,-6.280423507299E0));
#6901=CARTESIAN_POINT('',(1.475140237223E2,1.159651046594E1,-6.337875452823E0));
#6902=CARTESIAN_POINT('',(1.473754782212E2,1.159640480324E1,-6.336667722673E0));
#6903=CARTESIAN_POINT('',(1.472490627919E2,1.159125005329E1,-6.277748661123E0));
#6904=CARTESIAN_POINT('',(1.471620795699E2,1.158165816259E1,-6.168112848791E0));
#6905=CARTESIAN_POINT('',(1.471392363524E2,1.157351071321E1,-6.074987076150E0));
#6906=CARTESIAN_POINT('',(1.471392363524E2,1.156939079722E1,-6.027896220931E0));
#6908=CARTESIAN_POINT('',(1.502100024039E2,1.137682889712E1,-3.826903631194E0));
#6909=CARTESIAN_POINT('',(1.502100024039E2,1.137343396485E1,-3.788099377808E0));
#6910=CARTESIAN_POINT('',(1.502260392306E2,1.136642869349E1,-3.708028759759E0));
#6911=CARTESIAN_POINT('',(1.502924639750E2,1.135726140190E1,-3.603246137380E0));
#6912=CARTESIAN_POINT('',(1.503976815142E2,1.135138341234E1,-3.536060409332E0));
#6913=CARTESIAN_POINT('',(1.504787614181E2,1.134996629924E1,-3.519862732499E0));
#6914=CARTESIAN_POINT('',(1.505182161490E2,1.134996629924E1,-3.519862732502E0));
#6916=CARTESIAN_POINT('',(1.513027729115E2,1.134996629924E1,-3.519862732502E0));
#6917=CARTESIAN_POINT('',(1.513908586890E2,1.134996629924E1,-3.519862732504E0));
#6918=CARTESIAN_POINT('',(1.515614378103E2,1.135101475980E1,-3.531846691461E0));
#6919=CARTESIAN_POINT('',(1.518044492124E2,1.135572426306E1,-3.585676560041E0));
#6920=CARTESIAN_POINT('',(1.520237201960E2,1.136324973631E1,-3.671693112903E0));
#6921=CARTESIAN_POINT('',(1.522190492226E2,1.137324604085E1,-3.785951396644E0));
#6922=CARTESIAN_POINT('',(1.523893733638E2,1.138552146595E1,-3.926260147560E0));
#6923=CARTESIAN_POINT('',(1.525322592400E2,1.139988685204E1,-4.090457261894E0));
#6924=CARTESIAN_POINT('',(1.526467496781E2,1.141599059495E1,-4.274523885612E0));
#6925=CARTESIAN_POINT('',(1.527299796918E2,1.143364122395E1,-4.476271498247E0));
#6926=CARTESIAN_POINT('',(1.527803583951E2,1.145254150487E1,-4.692302697752E0));
#6927=CARTESIAN_POINT('',(1.527919939764E2,1.146558662344E1,-4.841409085327E0));
#6928=CARTESIAN_POINT('',(1.527919240125E2,1.147218915009E1,-4.916876310324E0));
#6930=CARTESIAN_POINT('',(1.527919240125E2,1.147218915009E1,-4.916876310324E0));
#6931=CARTESIAN_POINT('',(1.527922617669E2,1.147878810646E1,-4.992302726710E0));
#6932=CARTESIAN_POINT('',(1.527811451458E2,1.149181714345E1,-5.141225301095E0));
#6933=CARTESIAN_POINT('',(1.527315541184E2,1.151068994634E1,-5.356942425072E0));
#6934=CARTESIAN_POINT('',(1.526491024417E2,1.152829027613E1,-5.558115115137E0));
#6935=CARTESIAN_POINT('',(1.525353130959E2,1.154433159630E1,-5.741468243621E0));
#6936=CARTESIAN_POINT('',(1.523931936646E2,1.155863370247E1,-5.904942065206E0));
#6937=CARTESIAN_POINT('',(1.522234500254E2,1.157086715926E1,-6.044771116134E0));
#6938=CARTESIAN_POINT('',(1.520282990548E2,1.158083913614E1,-6.158751333531E0));
#6939=CARTESIAN_POINT('',(1.518084822142E2,1.158837359314E1,-6.244870571070E0));
#6940=CARTESIAN_POINT('',(1.515638805332E2,1.159310878267E1,-6.298994035044E0));
#6941=CARTESIAN_POINT('',(1.513918185382E2,1.159416178494E1,-6.311029906121E0));
#6942=CARTESIAN_POINT('',(1.513027729115E2,1.159416178494E1,-6.311029906122E0));
#6944=CARTESIAN_POINT('',(1.505182161490E2,1.159416178494E1,-6.311029906122E0));
#6945=CARTESIAN_POINT('',(1.504792030817E2,1.159416178494E1,-6.311029906126E0));
#6946=CARTESIAN_POINT('',(1.503987389914E2,1.159276996032E1,-6.295121277864E0));
#6947=CARTESIAN_POINT('',(1.502935827399E2,1.158696406294E1,-6.228759567191E0));
#6948=CARTESIAN_POINT('',(1.502263368844E2,1.157779279614E1,-6.123931508004E0));
#6949=CARTESIAN_POINT('',(1.502100024039E2,1.157073388233E1,-6.043247753903E0));
#6950=CARTESIAN_POINT('',(1.502100024039E2,1.156729918707E1,-6.003989007431E0));
#6952=CARTESIAN_POINT('',(1.533689491208E2,1.137473728696E1,-3.802996417693E0));
#6953=CARTESIAN_POINT('',(1.533689491208E2,1.137056760929E1,-3.755336783855E0));
#6954=CARTESIAN_POINT('',(1.533922607459E2,1.136233858345E1,-3.661278588108E0));
#6955=CARTESIAN_POINT('',(1.534814835262E2,1.135264401218E1,-3.550469131363E0));
#6956=CARTESIAN_POINT('',(1.536105892411E2,1.134761761824E1,-3.493017185797E0));
#6957=CARTESIAN_POINT('',(1.537491347421E2,1.134772328094E1,-3.494224915988E0));
#6958=CARTESIAN_POINT('',(1.538755501714E2,1.135287803089E1,-3.553143977498E0));
#6959=CARTESIAN_POINT('',(1.539625333934E2,1.136246992159E1,-3.662779789831E0));
#6960=CARTESIAN_POINT('',(1.539853766109E2,1.137061737097E1,-3.755905562474E0));
#6961=CARTESIAN_POINT('',(1.539853766109E2,1.137473728696E1,-3.802996417693E0));
#6963=CARTESIAN_POINT('',(1.539853766109E2,1.156939079722E1,-6.027896220931E0));
#6964=CARTESIAN_POINT('',(1.539853766109E2,1.157356047490E1,-6.075555854810E0));
#6965=CARTESIAN_POINT('',(1.539620649858E2,1.158178950074E1,-6.169614050516E0));
#6966=CARTESIAN_POINT('',(1.538728422056E2,1.159148407200E1,-6.280423507262E0));
#6967=CARTESIAN_POINT('',(1.537437364907E2,1.159651046595E1,-6.337875452827E0));
#6968=CARTESIAN_POINT('',(1.536051909897E2,1.159640480325E1,-6.336667722677E0));
#6969=CARTESIAN_POINT('',(1.534787755604E2,1.159125005329E1,-6.277748661126E0));
#6970=CARTESIAN_POINT('',(1.533917923383E2,1.158165816260E1,-6.168112848793E0));
#6971=CARTESIAN_POINT('',(1.533689491208E2,1.157351071321E1,-6.074987076150E0));
#6972=CARTESIAN_POINT('',(1.533689491208E2,1.156939079722E1,-6.027896220931E0));
#6974=CARTESIAN_POINT('',(1.575402185452E2,1.147218600852E1,-4.916840402003E0));
#6975=CARTESIAN_POINT('',(1.575409420581E2,1.148625374724E1,-5.077635391279E0));
#6976=CARTESIAN_POINT('',(1.574919614219E2,1.151334602338E1,-5.387301524628E0));
#6977=CARTESIAN_POINT('',(1.572780322471E2,1.154902125769E1,-5.795071318695E0));
#6978=CARTESIAN_POINT('',(1.569519576220E2,1.157667533094E1,-6.111158822371E0));
#6979=CARTESIAN_POINT('',(1.565266084901E2,1.159467116776E1,-6.316852178423E0));
#6980=CARTESIAN_POINT('',(1.560427695344E2,1.160040316624E1,-6.382369220865E0));
#6981=CARTESIAN_POINT('',(1.555610896026E2,1.159399707196E1,-6.309147228206E0));
#6982=CARTESIAN_POINT('',(1.551400269858E2,1.157544278778E1,-6.097070789586E0));
#6983=CARTESIAN_POINT('',(1.548159397159E2,1.154731621967E1,-5.775582645057E0));
#6984=CARTESIAN_POINT('',(1.546079885751E2,1.151166433504E1,-5.368079738940E0));
#6985=CARTESIAN_POINT('',(1.545611221414E2,1.148497141733E1,-5.062978293420E0));
#6986=CARTESIAN_POINT('',(1.545618373784E2,1.147148206067E1,-4.908794241267E0));
#6988=CARTESIAN_POINT('',(1.545618373784E2,1.147148206067E1,-4.908794241267E0));
#6989=CARTESIAN_POINT('',(1.545616904963E2,1.145747528794E1,-4.748696096402E0));
#6990=CARTESIAN_POINT('',(1.546115161249E2,1.143043764212E1,-4.439654390558E0));
#6991=CARTESIAN_POINT('',(1.548260919831E2,1.139486605046E1,-4.033069237346E0));
#6992=CARTESIAN_POINT('',(1.551527701141E2,1.136729914808E1,-3.717978101297E0));
#6993=CARTESIAN_POINT('',(1.555776037219E2,1.134941167901E1,-3.513523394267E0));
#6994=CARTESIAN_POINT('',(1.560604546068E2,1.134373601824E1,-3.448650294870E0));
#6995=CARTESIAN_POINT('',(1.565410893609E2,1.135014402595E1,-3.521894158104E0));
#6996=CARTESIAN_POINT('',(1.569612728906E2,1.136864575683E1,-3.733369909830E0));
#6997=CARTESIAN_POINT('',(1.572845521047E2,1.139666138113E1,-4.053589960786E0));
#6998=CARTESIAN_POINT('',(1.574926511749E2,1.143213963277E1,-4.459108232707E0));
#6999=CARTESIAN_POINT('',(1.575403584324E2,1.145872275458E1,-4.762954705294E0));
#7000=CARTESIAN_POINT('',(1.575402185452E2,1.147218600852E1,-4.916840402003E0));
#7002=CARTESIAN_POINT('',(1.446491679408E2,1.156939320676E1,-6.027923762107E0));
#7003=DIRECTION('',(0.E0,9.961946980917E-1,8.715574274765E-2));
#7004=DIRECTION('',(1.362517513597E-3,8.715566184730E-2,-9.961937733965E-1));
#7005=AXIS2_PLACEMENT_3D('',#7002,#7003,#7004);
#7007=CARTESIAN_POINT('',(1.446491679408E2,1.156939320676E1,-6.027923762107E0));
#7008=DIRECTION('',(0.E0,9.961946980917E-1,8.715574274765E-2));
#7009=DIRECTION('',(-1.E0,0.E0,-8.447361239658E-14));
#7010=AXIS2_PLACEMENT_3D('',#7007,#7008,#7009);
#7012=CARTESIAN_POINT('',(1.452413987524E2,1.137473937574E1,-3.803020292577E0));
#7013=CARTESIAN_POINT('',(1.452413987524E2,1.137056865058E1,-3.755348685804E0));
#7014=CARTESIAN_POINT('',(1.452646870509E2,1.136233915243E1,-3.661285091641E0));
#7015=CARTESIAN_POINT('',(1.453538945996E2,1.135264382587E1,-3.550467001935E0));
#7016=CARTESIAN_POINT('',(1.454829797219E2,1.134761819557E1,-3.493023784734E0));
#7017=CARTESIAN_POINT('',(1.456215081469E2,1.134772276684E1,-3.494219039829E0));
#7018=CARTESIAN_POINT('',(1.457479213537E2,1.135287513447E1,-3.553110871329E0));
#7019=CARTESIAN_POINT('',(1.458349071467E2,1.136246681266E1,-3.662744254728E0));
#7020=CARTESIAN_POINT('',(1.458577564332E2,1.137061438040E1,-3.755871380133E0));
#7021=CARTESIAN_POINT('',(1.458577564332E2,1.137473519818E1,-3.802972542809E0));
#7023=CARTESIAN_POINT('',(1.464500415710E2,1.156938989154E1,-6.027885868949E0));
#7024=DIRECTION('',(0.E0,9.961946980917E-1,8.715574274765E-2));
#7025=DIRECTION('',(-2.873336970980E-3,-8.715538296516E-2,9.961905857590E-1));
#7026=AXIS2_PLACEMENT_3D('',#7023,#7024,#7025);
#7028=CARTESIAN_POINT('',(1.464500415710E2,1.156938989154E1,-6.027885868949E0));
#7029=DIRECTION('',(0.E0,9.961946980917E-1,8.715574274765E-2));
#7030=DIRECTION('',(1.E0,0.E0,-6.882064400736E-14));
#7031=AXIS2_PLACEMENT_3D('',#7028,#7029,#7030);
#7033=DIRECTION('',(9.999999999684E-1,-7.924212420143E-6,-6.932787088826E-7));
#7034=VECTOR('',#7033,9.567127852512E1);
#7035=CARTESIAN_POINT('',(6.665872149726E1,1.111854419140E1,
-9.445493180477E-1));
#7036=LINE('',#7035,#7034);
#7037=DIRECTION('',(9.999999994976E-1,-3.169854325015E-5,-4.236521565390E-8));
#7038=VECTOR('',#7037,9.567127857735E1);
#7039=CARTESIAN_POINT('',(6.665872149726E1,7.299747578642E0,-1.112072894604E0));
#7040=LINE('',#7039,#7038);
#7041=CARTESIAN_POINT('',(1.623300000119E2,9.203682405513E0,-1.112078016532E0));
#7042=DIRECTION('',(-1.E0,0.E0,0.E0));
#7043=DIRECTION('',(0.E0,-1.E0,0.E0));
#7044=AXIS2_PLACEMENT_3D('',#7041,#7042,#7043);
#7046=CARTESIAN_POINT('',(1.623300000230E2,9.203682405513E0,-1.112078016532E0));
#7047=DIRECTION('',(-1.E0,0.E0,0.E0));
#7048=DIRECTION('',(0.E0,-8.358289689583E-2,9.965008275694E-1));
#7049=AXIS2_PLACEMENT_3D('',#7046,#7047,#7048);
#7051=CARTESIAN_POINT('',(1.6233E2,9.212779839908E0,-1.111282094150E0));
#7052=DIRECTION('',(-3.877453913503E-14,8.715574274845E-2,-9.961946980917E-1));
#7053=DIRECTION('',(6.267046451325E-9,9.961946980917E-1,8.715574274845E-2));
#7054=AXIS2_PLACEMENT_3D('',#7051,#7052,#7053);
#7056=CARTESIAN_POINT('',(1.6233E2,9.212779839908E0,-1.111282094150E0));
#7057=DIRECTION('',(3.865366360323E-12,8.715574276732E-2,-9.961946980900E-1));
#7058=DIRECTION('',(9.846426997892E-1,-1.739173176378E-1,-1.521579368378E-2));
#7059=AXIS2_PLACEMENT_3D('',#7056,#7057,#7058);
#7061=CARTESIAN_POINT('',(1.6233E2,9.212779839908E0,-1.111282094150E0));
#7062=DIRECTION('',(-1.465459698036E-13,8.715574274793E-2,-9.961946980917E-1));
#7063=DIRECTION('',(9.794166065676E-1,-2.010811305881E-1,-1.759231937563E-2));
#7064=AXIS2_PLACEMENT_3D('',#7061,#7062,#7063);
#7066=CARTESIAN_POINT('',(1.623300000348E2,9.203682405513E0,-1.112078016532E0));
#7067=DIRECTION('',(-1.E0,0.E0,0.E0));
#7068=DIRECTION('',(0.E0,-9.961938696074E-1,-8.716521184826E-2));
#7069=AXIS2_PLACEMENT_3D('',#7066,#7067,#7068);
#7071=CARTESIAN_POINT('',(-5.668815874878E1,7.047327320763E0,1.620381086267E0));
#7072=DIRECTION('',(0.E0,-9.961946980917E-1,-8.715574274765E-2));
#7073=DIRECTION('',(-7.071067811884E-1,6.162841671605E-2,-7.044160264009E-1));
#7074=AXIS2_PLACEMENT_3D('',#7071,#7072,#7073);
#7076=CARTESIAN_POINT('',(5.668815874878E1,7.047327320763E0,1.620381086267E0));
#7077=DIRECTION('',(0.E0,-9.961946980917E-1,-8.715574274765E-2));
#7078=DIRECTION('',(2.308590178133E-12,8.715574274765E-2,-9.961946980917E-1));
#7079=AXIS2_PLACEMENT_3D('',#7076,#7077,#7078);
#7081=DIRECTION('',(7.071337056629E-1,-5.873702067531E-2,7.046359944806E-1));
#7082=VECTOR('',#7081,2.099669133316E0);
#7083=CARTESIAN_POINT('',(6.228138119793E1,7.540873734527E0,-3.951026853571E0));
#7084=LINE('',#7083,#7082);
#7085=CARTESIAN_POINT('',(6.665872149726E1,7.675612399195E0,-5.351389954711E0));
#7086=DIRECTION('',(0.E0,9.961946980917E-1,8.715574274765E-2));
#7087=DIRECTION('',(-7.075447971738E-1,-6.159021744504E-2,7.039794067353E-1));
#7088=AXIS2_PLACEMENT_3D('',#7085,#7086,#7087);
#7090=DIRECTION('',(9.999999902516E-1,-1.392308733511E-4,-1.055965030949E-5));
#7091=VECTOR('',#7090,4.360454281929E1);
#7092=CARTESIAN_POINT('',(6.665905857777E1,7.307024729470E0,-1.278120453293E0));
#7093=LINE('',#7092,#7091);
#7094=DIRECTION('',(9.999999990385E-1,4.362997075097E-5,4.415053522938E-6));
#7095=VECTOR('',#7094,5.206639910069E1);
#7096=CARTESIAN_POINT('',(1.102636009720E2,7.300953630891E0,-1.278580902017E0));
#7097=LINE('',#7096,#7095);
#7098=DIRECTION('',(-2.488526623595E-9,8.690553541307E-2,-9.962165567358E-1));
#7099=VECTOR('',#7098,9.089995747939E0);
#7100=CARTESIAN_POINT('',(1.623300000226E2,7.303225286361E0,-1.278351026078E0));
#7101=LINE('',#7100,#7099);
#7102=DIRECTION('',(-3.850799495808E-9,-8.690553541282E-2,9.962165567358E-1));
#7103=VECTOR('',#7102,9.089995739053E0);
#7104=CARTESIAN_POINT('',(-1.6233E2,8.093196233738E0,-1.033395529083E1));
#7105=LINE('',#7104,#7103);
#7106=DIRECTION('',(9.999999990382E-1,-4.363521448988E-5,-4.415408104387E-6));
#7107=VECTOR('',#7106,5.206016038264E1);
#7108=CARTESIAN_POINT('',(-1.623300000350E2,7.303225287135E0,
-1.278351034931E0));
#7109=LINE('',#7108,#7107);
#7110=DIRECTION('',(9.999999902542E-1,1.392125917443E-4,1.055807720369E-5));
#7111=VECTOR('',#7110,4.361027411757E1);
#7112=CARTESIAN_POINT('',(-1.102698397024E2,7.300953630871E0,
-1.278580901785E0));
#7113=LINE('',#7112,#7111);
#7114=CARTESIAN_POINT('',(-6.665872149726E1,7.675612399197E0,
-5.351389954711E0));
#7115=DIRECTION('',(0.E0,9.961946980917E-1,8.715574274765E-2));
#7116=DIRECTION('',(-6.194568754548E-4,-8.715572602565E-2,9.961945069584E-1));
#7117=AXIS2_PLACEMENT_3D('',#7114,#7115,#7116);
#7119=DIRECTION('',(7.071337082089E-1,5.873702057175E-2,-7.046359919342E-1));
#7120=VECTOR('',#7119,2.099669219520E0);
#7121=CARTESIAN_POINT('',(-6.376612813256E1,7.411480468282E0,
-2.472055012786E0));
#7122=LINE('',#7121,#7120);
#7123=CARTESIAN_POINT('',(1.475090025282E2,7.739447841865E0,-6.290592669748E0));
#7124=DIRECTION('',(0.E0,-9.961946980917E-1,-8.715574274765E-2));
#7125=DIRECTION('',(-1.E0,-1.776356839400E-14,2.010835942201E-13));
#7126=AXIS2_PLACEMENT_3D('',#7123,#7124,#7125);
#7128=CARTESIAN_POINT('',(1.475090025282E2,7.739447841865E0,-6.290592669748E0));
#7129=DIRECTION('',(0.E0,-9.961946980917E-1,-8.715574274765E-2));
#7130=DIRECTION('',(1.E0,-1.634248292248E-14,1.897149104479E-13));
#7131=AXIS2_PLACEMENT_3D('',#7128,#7129,#7130);
#7133=CARTESIAN_POINT('',(-1.475090025282E2,7.739447841865E0,
-6.290592669748E0));
#7134=DIRECTION('',(0.E0,-9.961946980917E-1,-8.715574274765E-2));
#7135=DIRECTION('',(-1.E0,-1.563194018672E-14,1.783462266758E-13));
#7136=AXIS2_PLACEMENT_3D('',#7133,#7134,#7135);
#7138=CARTESIAN_POINT('',(-1.475090025282E2,7.739447841865E0,
-6.290592669748E0));
#7139=DIRECTION('',(0.E0,-9.961946980917E-1,-8.715574274765E-2));
#7140=DIRECTION('',(1.E0,-1.634248292248E-14,1.897149104479E-13));
#7141=AXIS2_PLACEMENT_3D('',#7138,#7139,#7140);
#7143=CARTESIAN_POINT('',(-5.668815874878E1,9.639461119252E0,
-6.093051506991E0));
#7144=DIRECTION('',(1.E0,0.E0,0.E0));
#7145=DIRECTION('',(0.E0,-8.715574274759E-2,9.961946980918E-1));
#7146=AXIS2_PLACEMENT_3D('',#7143,#7144,#7145);
#7148=CARTESIAN_POINT('',(-6.228137338797E1,9.437539970343E0,
-3.785082213927E0));
#7149=DIRECTION('',(-7.071067811860E-1,-6.162841671626E-2,7.044160264033E-1));
#7150=DIRECTION('',(-1.235085224925E-5,-9.961936214921E-1,-8.716804658789E-2));
#7151=AXIS2_PLACEMENT_3D('',#7148,#7149,#7150);
#7153=CARTESIAN_POINT('',(-6.228137338797E1,9.437539970343E0,
-3.785082213927E0));
#7154=DIRECTION('',(-7.071067811860E-1,-6.162841671626E-2,7.044160264033E-1));
#7155=DIRECTION('',(7.071067811871E-1,-6.162841671619E-2,7.044160264022E-1));
#7156=AXIS2_PLACEMENT_3D('',#7153,#7154,#7155);
#7158=CARTESIAN_POINT('',(-6.228137338797E1,9.437539970343E0,
-3.785082213926E0));
#7159=DIRECTION('',(-7.071067811860E-1,-6.162841671627E-2,7.044160264033E-1));
#7160=DIRECTION('',(7.055164667278E-1,5.285189183237E-3,7.086738191518E-1));
#7161=AXIS2_PLACEMENT_3D('',#7158,#7159,#7160);
#7163=CARTESIAN_POINT('',(-5.668815874878E1,9.639461119252E0,
-6.093051506991E0));
#7164=DIRECTION('',(1.E0,0.E0,0.E0));
#7165=DIRECTION('',(0.E0,9.961888363178E-1,8.722271719982E-2));
#7166=AXIS2_PLACEMENT_3D('',#7163,#7164,#7165);
#7168=CARTESIAN_POINT('',(-5.668815874878E1,9.639461119252E0,
-6.093051506991E0));
#7169=DIRECTION('',(1.E0,0.E0,0.E0));
#7170=DIRECTION('',(0.E0,2.566657846166E-3,9.999967061283E-1));
#7171=AXIS2_PLACEMENT_3D('',#7168,#7169,#7170);
#7173=CARTESIAN_POINT('',(-5.668815874878E1,8.950059194118E0,1.786848554915E0));
#7174=DIRECTION('',(0.E0,9.961946980917E-1,8.715574274765E-2));
#7175=DIRECTION('',(0.E0,8.715574274765E-2,-9.961946980917E-1));
#7176=AXIS2_PLACEMENT_3D('',#7173,#7174,#7175);
#7178=DIRECTION('',(7.071040845104E-1,5.874275179319E-2,-7.046652416435E-1));
#7179=VECTOR('',#7178,2.100513874182E0);
#7180=CARTESIAN_POINT('',(-6.241876556390E1,9.322398898978E0,
-9.511629285089E-1));
#7181=LINE('',#7180,#7179);
#7182=CARTESIAN_POINT('',(-6.376665476221E1,9.326284037770E0,
-2.303860938984E0));
#7183=DIRECTION('',(7.071067811871E-1,6.162841671617E-2,-7.044160264022E-1));
#7184=DIRECTION('',(2.388890905313E-5,9.961926154676E-1,8.717954070246E-2));
#7185=AXIS2_PLACEMENT_3D('',#7182,#7183,#7184);
#7187=CARTESIAN_POINT('',(-6.376665476221E1,9.326284037770E0,
-2.303860938985E0));
#7188=DIRECTION('',(7.071067811870E-1,6.162841671617E-2,-7.044160264023E-1));
#7189=DIRECTION('',(7.058712001296E-1,-2.654997721625E-3,7.083352312393E-1));
#7190=AXIS2_PLACEMENT_3D('',#7187,#7188,#7189);
#7192=CARTESIAN_POINT('',(-6.376665476221E1,9.326284037770E0,
-2.303860938984E0));
#7193=DIRECTION('',(7.071067811871E-1,6.162841671617E-2,-7.044160264022E-1));
#7194=DIRECTION('',(7.071022353708E-1,-6.520010657218E-2,7.040989808518E-1));
#7195=AXIS2_PLACEMENT_3D('',#7192,#7193,#7194);
#7197=CARTESIAN_POINT('',(-6.665872149726E1,9.221877274302E0,
-1.110486171779E0));
#7198=DIRECTION('',(-1.E0,0.E0,0.E0));
#7199=DIRECTION('',(0.E0,-9.961923670041E-1,-8.718238309897E-2));
#7200=AXIS2_PLACEMENT_3D('',#7197,#7198,#7199);
#7202=CARTESIAN_POINT('',(-6.665872149726E1,9.221877274302E0,
-1.110486171779E0));
#7203=DIRECTION('',(-1.E0,0.E0,0.E0));
#7204=DIRECTION('',(0.E0,-9.999999948893E-1,-1.011007176665E-4));
#7205=AXIS2_PLACEMENT_3D('',#7202,#7203,#7204);
#7207=CARTESIAN_POINT('',(-6.665872149726E1,9.221877274302E0,
-1.110486171779E0));
#7208=DIRECTION('',(-1.E0,0.E0,0.E0));
#7209=DIRECTION('',(0.E0,-8.968732288622E-2,9.959699714919E-1));
#7210=AXIS2_PLACEMENT_3D('',#7207,#7208,#7209);
#7212=DIRECTION('',(9.999999994934E-1,3.169661713355E-5,-2.929018514159E-6));
#7213=VECTOR('',#7212,9.567127858088E1);
#7214=CARTESIAN_POINT('',(-1.623300000297E2,7.302780085690E0,
-1.110579142948E0));
#7215=LINE('',#7214,#7213);
#7216=DIRECTION('',(-1.E0,0.E0,0.E0));
#7217=VECTOR('',#7216,1.133763174976E2);
#7218=CARTESIAN_POINT('',(5.668815874879E1,7.736729245897E0,-6.259518975639E0));
#7219=LINE('',#7218,#7217);
#7220=CARTESIAN_POINT('',(5.668815874878E1,9.639461119252E0,-6.093051506991E0));
#7221=DIRECTION('',(-1.E0,0.E0,0.E0));
#7222=DIRECTION('',(0.E0,-8.715574274759E-2,9.961946980918E-1));
#7223=AXIS2_PLACEMENT_3D('',#7220,#7221,#7222);
#7225=CARTESIAN_POINT('',(5.668815874878E1,9.639461119252E0,-6.093051506991E0));
#7226=DIRECTION('',(-1.E0,0.E0,0.E0));
#7227=DIRECTION('',(0.E0,1.283329979719E-3,9.999991765317E-1));
#7228=AXIS2_PLACEMENT_3D('',#7225,#7226,#7227);
#7230=CARTESIAN_POINT('',(6.228137338797E1,9.437539970343E0,-3.785082213926E0));
#7231=DIRECTION('',(7.071067811860E-1,-6.162841671627E-2,7.044160264033E-1));
#7232=DIRECTION('',(-2.366011417689E-5,9.961926354193E-1,8.717931277916E-2));
#7233=AXIS2_PLACEMENT_3D('',#7230,#7231,#7232);
#7235=CARTESIAN_POINT('',(6.228137338797E1,9.437539970343E0,-3.785082213927E0));
#7236=DIRECTION('',(7.071067811860E-1,-6.162841671626E-2,7.044160264033E-1));
#7237=DIRECTION('',(-7.053357770362E-1,8.987846373351E-3,7.088163797841E-1));
#7238=AXIS2_PLACEMENT_3D('',#7235,#7236,#7237);
#7240=CARTESIAN_POINT('',(6.228137338332E1,9.437539970748E0,-3.785082218558E0));
#7241=DIRECTION('',(7.071067817738E-1,-6.162841666503E-2,7.044160258177E-1));
#7242=DIRECTION('',(-7.071066540264E-1,-6.103234970250E-2,7.044680490423E-1));
#7243=AXIS2_PLACEMENT_3D('',#7240,#7241,#7242);
#7245=CARTESIAN_POINT('',(5.668815874878E1,9.639461119252E0,-6.093051506991E0));
#7246=DIRECTION('',(-1.E0,0.E0,0.E0));
#7247=DIRECTION('',(0.E0,-9.961946980917E-1,-8.715574274781E-2));
#7248=AXIS2_PLACEMENT_3D('',#7245,#7246,#7247);
#7250=CARTESIAN_POINT('',(5.668815874878E1,8.950059194118E0,1.786848554915E0));
#7251=DIRECTION('',(0.E0,-9.961946980917E-1,-8.715574274765E-2));
#7252=DIRECTION('',(0.E0,8.715574274765E-2,-9.961946980917E-1));
#7253=AXIS2_PLACEMENT_3D('',#7250,#7251,#7252);
#7255=DIRECTION('',(7.069908708368E-1,-6.118321389084E-2,7.045711624041E-1));
#7256=VECTOR('',#7255,2.100505310943E0);
#7257=CARTESIAN_POINT('',(6.093361974973E1,9.454799703489E0,-2.430670344753E0));
#7258=LINE('',#7257,#7256);
#7259=CARTESIAN_POINT('',(6.376665476221E1,9.326284037770E0,-2.303860938985E0));
#7260=DIRECTION('',(-7.071067811871E-1,6.162841671617E-2,-7.044160264022E-1));
#7261=DIRECTION('',(-7.071067811860E-1,-6.162841671651E-2,7.044160264033E-1));
#7262=AXIS2_PLACEMENT_3D('',#7259,#7260,#7261);
#7264=CARTESIAN_POINT('',(6.376665476221E1,9.326284037770E0,-2.303860938984E0));
#7265=DIRECTION('',(-7.071067811871E-1,6.162841671617E-2,-7.044160264022E-1));
#7266=DIRECTION('',(-7.057575568074E-1,-3.906124987163E-14,7.084534360205E-1));
#7267=AXIS2_PLACEMENT_3D('',#7264,#7265,#7266);
#7269=CARTESIAN_POINT('',(6.665872149726E1,9.221877274302E0,-1.110486171779E0));
#7270=DIRECTION('',(1.E0,0.E0,0.E0));
#7271=DIRECTION('',(0.E0,9.961946980916E-1,8.715574274891E-2));
#7272=AXIS2_PLACEMENT_3D('',#7269,#7270,#7271);
#7274=CARTESIAN_POINT('',(6.665872149726E1,9.221877274302E0,-1.110486171779E0));
#7275=DIRECTION('',(1.E0,0.E0,0.E0));
#7276=DIRECTION('',(0.E0,-8.715683145387E-2,9.961946028417E-1));
#7277=AXIS2_PLACEMENT_3D('',#7274,#7275,#7276);
#7279=CARTESIAN_POINT('',(6.665872149726E1,9.221877274302E0,-1.110486171779E0));
#7280=DIRECTION('',(1.E0,0.E0,0.E0));
#7281=DIRECTION('',(0.E0,-9.999996592237E-1,-8.255618955034E-4));
#7282=AXIS2_PLACEMENT_3D('',#7279,#7280,#7281);
#7284=CARTESIAN_POINT('',(6.376665476221E1,9.326284037770E0,-2.303860938984E0));
#7285=DIRECTION('',(-7.071067811871E-1,6.162841671617E-2,-7.044160264022E-1));
#7286=DIRECTION('',(1.227143053514E-5,-9.961936284161E-1,-8.716796746857E-2));
#7287=AXIS2_PLACEMENT_3D('',#7284,#7285,#7286);
#7289=DIRECTION('',(-1.776356839401E-14,-9.961946980917E-1,-8.715574274763E-2));
#7290=VECTOR('',#7289,3.199999999999E0);
#7291=CARTESIAN_POINT('',(1.487590025282E2,1.092727087576E1,-6.011694292955E0));
#7292=LINE('',#7291,#7290);
#7293=DIRECTION('',(-1.776356839401E-14,-9.961946980917E-1,-8.715574274763E-2));
#7294=VECTOR('',#7293,3.199999999999E0);
#7295=CARTESIAN_POINT('',(1.462590025282E2,1.092727087576E1,-6.011694292955E0));
#7296=LINE('',#7295,#7294);
#7297=CARTESIAN_POINT('',(1.475090025282E2,1.092727087576E1,-6.011694292955E0));
#7298=DIRECTION('',(0.E0,9.961946980917E-1,8.715574274765E-2));
#7299=DIRECTION('',(1.E0,0.E0,0.E0));
#7300=AXIS2_PLACEMENT_3D('',#7297,#7298,#7299);
#7302=CARTESIAN_POINT('',(1.475090025282E2,1.092727087576E1,-6.011694292955E0));
#7303=DIRECTION('',(0.E0,9.961946980917E-1,8.715574274765E-2));
#7304=DIRECTION('',(-1.E0,0.E0,0.E0));
#7305=AXIS2_PLACEMENT_3D('',#7302,#7303,#7304);
#7307=DIRECTION('',(-1.776356839401E-14,-9.961946980917E-1,-8.715574274763E-2));
#7308=VECTOR('',#7307,3.199999999999E0);
#7309=CARTESIAN_POINT('',(-1.462590025282E2,1.092727087576E1,
-6.011694292955E0));
#7310=LINE('',#7309,#7308);
#7311=DIRECTION('',(-1.776356839401E-14,-9.961946980917E-1,-8.715574274763E-2));
#7312=VECTOR('',#7311,3.199999999999E0);
#7313=CARTESIAN_POINT('',(-1.487590025282E2,1.092727087576E1,
-6.011694292955E0));
#7314=LINE('',#7313,#7312);
#7315=CARTESIAN_POINT('',(-1.475090025282E2,1.092727087576E1,
-6.011694292955E0));
#7316=DIRECTION('',(0.E0,9.961946980917E-1,8.715574274765E-2));
#7317=DIRECTION('',(1.E0,0.E0,0.E0));
#7318=AXIS2_PLACEMENT_3D('',#7315,#7316,#7317);
#7320=CARTESIAN_POINT('',(-1.475090025282E2,1.092727087576E1,
-6.011694292955E0));
#7321=DIRECTION('',(0.E0,9.961946980917E-1,8.715574274765E-2));
#7322=DIRECTION('',(-1.E0,0.E0,0.E0));
#7323=AXIS2_PLACEMENT_3D('',#7320,#7321,#7322);
#7325=DIRECTION('',(0.E0,-9.961946980917E-1,-8.715574274767E-2));
#7326=VECTOR('',#7325,5.E-1);
#7327=CARTESIAN_POINT('',(1.262244011934E2,1.137442655930E1,-3.799444784339E0));
#7328=LINE('',#7327,#7326);
#7329=DIRECTION('',(-5.492830389585E-8,9.961642431174E-1,8.750314699726E-2));
#7330=VECTOR('',#7329,5.000000304044E-1);
#7331=CARTESIAN_POINT('',(1.268324022672E2,1.087631390159E1,-3.842847676879E0));
#7332=LINE('',#7331,#7330);
#7333=DIRECTION('',(-1.063432784282E-4,8.715574225486E-2,-9.961946924588E-1));
#7334=VECTOR('',#7333,2.229010768715E0);
#7335=CARTESIAN_POINT('',(1.262244011934E2,1.137442655930E1,-3.799444784339E0));
#7336=LINE('',#7335,#7334);
#7337=DIRECTION('',(-2.842170943026E-14,-9.961946980918E-1,-8.715574274685E-2));
#7338=VECTOR('',#7337,5.000000000026E-1);
#7339=CARTESIAN_POINT('',(1.265323778981E2,1.159556024522E1,-6.327014380259E0));
#7340=LINE('',#7339,#7338);
#7341=DIRECTION('',(0.E0,9.961946980918E-1,8.715574274744E-2));
#7342=VECTOR('',#7341,4.999999999992E-1);
#7343=CARTESIAN_POINT('',(1.262241641531E2,1.107060029830E1,-6.063551352940E0));
#7344=LINE('',#7343,#7342);
#7345=DIRECTION('',(1.E0,-3.406117355682E-11,-1.109484480678E-13));
#7346=VECTOR('',#7345,6.404260250001E-2);
#7347=CARTESIAN_POINT('',(1.265323778981E2,1.159556024522E1,-6.327014380259E0));
#7348=LINE('',#7347,#7346);
#7349=DIRECTION('',(-1.620037437542E-12,-9.961946980915E-1,-8.715574275025E-2));
#7350=VECTOR('',#7349,4.999999999974E-1);
#7351=CARTESIAN_POINT('',(1.269340360602E2,1.157786943566E1,-6.124807501756E0));
#7352=LINE('',#7351,#7350);
#7353=DIRECTION('',(-2.842170943037E-14,9.961946980918E-1,8.715574274685E-2));
#7354=VECTOR('',#7353,5.000000000007E-1);
#7355=CARTESIAN_POINT('',(1.265964205006E2,1.109746289617E1,-6.370592251632E0));
#7356=LINE('',#7355,#7354);
#7357=DIRECTION('',(0.E0,-9.961946980917E-1,-8.715574274811E-2));
#7358=VECTOR('',#7357,5.000000000001E-1);
#7359=CARTESIAN_POINT('',(1.281054679246E2,1.144380906420E1,-4.592490444225E0));
#7360=LINE('',#7359,#7358);
#7361=DIRECTION('',(1.648170491646E-4,8.715574156424E-2,-9.961946845611E-1));
#7362=VECTOR('',#7361,1.444824689053E0);
#7363=CARTESIAN_POINT('',(1.281054679246E2,1.144380906420E1,-4.592490444225E0));
#7364=LINE('',#7363,#7362);
#7365=DIRECTION('',(0.E0,-9.961946980917E-1,-8.715574274772E-2));
#7366=VECTOR('',#7365,5.000000000034E-1);
#7367=CARTESIAN_POINT('',(1.287136306069E2,1.156970062184E1,-6.031437532499E0));
#7368=LINE('',#7367,#7366);
#7369=DIRECTION('',(6.195466102041E-8,9.962273894989E-1,8.678126763472E-2));
#7370=VECTOR('',#7369,5.000000353285E-1);
#7371=CARTESIAN_POINT('',(1.281057060254E2,1.107162010146E1,-6.075207756465E0));
#7372=LINE('',#7371,#7370);
#7373=DIRECTION('',(1.085875309808E-4,-8.715574223348E-2,9.961946922186E-1));
#7374=VECTOR('',#7373,2.229000408040E0);
#7375=CARTESIAN_POINT('',(1.287136306069E2,1.156970062184E1,-6.031437532499E0));
#7376=LINE('',#7375,#7374);
#7377=DIRECTION('',(5.684341886069E-14,-9.961946980917E-1,-8.715574274809E-2));
#7378=VECTOR('',#7377,5.000000000011E-1);
#7379=CARTESIAN_POINT('',(1.283963761877E2,1.134858079043E1,-3.504026294326E0));
#7380=LINE('',#7379,#7378);
#7381=DIRECTION('',(0.E0,9.961946980918E-1,8.715574274754E-2));
#7382=VECTOR('',#7381,5.000000000027E-1);
#7383=CARTESIAN_POINT('',(1.287138726485E2,1.087733308779E1,-3.854497028431E0));
#7384=LINE('',#7383,#7382);
#7385=DIRECTION('',(-1.136868377212E-13,-9.961946980917E-1,-8.715574274763E-2));
#7386=VECTOR('',#7385,5.000000000017E-1);
#7387=CARTESIAN_POINT('',(1.280654238570E2,1.136426707568E1,-3.683321355151E0));
#7388=LINE('',#7387,#7386);
#7389=DIRECTION('',(0.E0,-9.961946980918E-1,-8.715574274749E-2));
#7390=VECTOR('',#7389,5.000000000001E-1);
#7391=CARTESIAN_POINT('',(1.268326386403E2,1.150520755070E1,-5.294278356173E0));
#7392=LINE('',#7391,#7390);
#7393=DIRECTION('',(-1.575065473767E-4,-8.715574166667E-2,9.961946857348E-1));
#7394=VECTOR('',#7393,1.500893627384E0);
#7395=CARTESIAN_POINT('',(1.268326386403E2,1.150520755070E1,-5.294278356173E0));
#7396=LINE('',#7395,#7394);
#7397=CARTESIAN_POINT('',(1.265284017439E2,1.087628349879E1,-3.842500171255E0));
#7398=DIRECTION('',(0.E0,-9.961946980917E-1,-8.715574274765E-2));
#7399=DIRECTION('',(9.999999999788E-1,-5.669187570821E-7,6.479911030053E-6));
#7400=AXIS2_PLACEMENT_3D('',#7397,#7398,#7399);
#7402=DIRECTION('',(-1.063432784282E-4,8.715574225521E-2,-9.961946924588E-1));
#7403=VECTOR('',#7402,2.229010768715E0);
#7404=CARTESIAN_POINT('',(1.262244011934E2,1.087632921026E1,-3.843022655713E0));
#7405=LINE('',#7404,#7403);
#7406=CARTESIAN_POINT('',(1.262241641531E2,1.107060029830E1,-6.063551352940E0));
#7407=CARTESIAN_POINT('',(1.262241599622E2,1.107403499354E1,-6.102810099191E0));
#7408=CARTESIAN_POINT('',(1.262405006662E2,1.108109390738E1,-6.183493853622E0));
#7409=CARTESIAN_POINT('',(1.263077439333E2,1.109026517417E1,-6.288321912673E0));
#7410=CARTESIAN_POINT('',(1.264129008910E2,1.109607107155E1,-6.354683623361E0));
#7411=CARTESIAN_POINT('',(1.264933648308E2,1.109746289617E1,-6.370592251624E0));
#7412=CARTESIAN_POINT('',(1.265323778981E2,1.109746289617E1,-6.370592251632E0));
#7414=DIRECTION('',(1.E0,-4.659834818847E-12,2.440865857491E-12));
#7415=VECTOR('',#7414,6.404260250004E-2);
#7416=CARTESIAN_POINT('',(1.265323778981E2,1.109746289617E1,-6.370592251632E0));
#7417=LINE('',#7416,#7415);
#7418=CARTESIAN_POINT('',(1.265964205006E2,1.109746289617E1,-6.370592251632E0));
#7419=CARTESIAN_POINT('',(1.266404432044E2,1.109746289617E1,-6.370592251632E0));
#7420=CARTESIAN_POINT('',(1.267310609939E2,1.109614487350E1,-6.355527183461E0));
#7421=CARTESIAN_POINT('',(1.268481440196E2,1.108945385119E1,-6.279048448543E0));
#7422=CARTESIAN_POINT('',(1.269057151586E2,1.108306737025E1,-6.206050637408E0));
#7423=CARTESIAN_POINT('',(1.269340360602E2,1.107977208662E1,-6.168385373130E0));
#7425=DIRECTION('',(6.058771639837E-1,-6.933746650927E-2,7.925308687371E-1));
#7426=VECTOR('',#7425,1.933447791092E0);
#7427=CARTESIAN_POINT('',(1.269340360602E2,1.107977208662E1,-6.168385373130E0));
#7428=LINE('',#7427,#7426);
#7429=DIRECTION('',(1.648170491522E-4,8.715574156195E-2,-9.961946845613E-1));
#7430=VECTOR('',#7429,1.444636739354E0);
#7431=CARTESIAN_POINT('',(1.281054679246E2,1.094571171516E1,-4.636068315599E0));
#7432=LINE('',#7431,#7430);
#7433=CARTESIAN_POINT('',(1.284096683060E2,1.107165255570E1,-6.075578710113E0));
#7434=DIRECTION('',(0.E0,-9.961946980917E-1,-8.715574274765E-2));
#7435=DIRECTION('',(-9.999999999727E-1,6.443649672007E-7,-7.365125263098E-6));
#7436=AXIS2_PLACEMENT_3D('',#7433,#7434,#7435);
#7438=DIRECTION('',(1.085875309935E-4,-8.715574223317E-2,9.961946922186E-1));
#7439=VECTOR('',#7438,2.229000408040E0);
#7440=CARTESIAN_POINT('',(1.287136306069E2,1.107160327279E1,-6.075015403873E0));
#7441=LINE('',#7440,#7439);
#7442=CARTESIAN_POINT('',(1.287138726485E2,1.087733308779E1,-3.854497028431E0));
#7443=CARTESIAN_POINT('',(1.287138769272E2,1.087389889846E1,-3.815244064771E0));
#7444=CARTESIAN_POINT('',(1.286975100148E2,1.086683969654E1,-3.734557017577E0));
#7445=CARTESIAN_POINT('',(1.286302311973E2,1.085766945125E1,-3.629740634301E0));
#7446=CARTESIAN_POINT('',(1.285250749529E2,1.085186257464E1,-3.563367730979E0));
#7447=CARTESIAN_POINT('',(1.284415129647E2,1.085041672046E1,-3.546841541908E0));
#7448=CARTESIAN_POINT('',(1.283994515814E2,1.085047489937E1,-3.547506530051E0));
#7449=CARTESIAN_POINT('',(1.283963761877E2,1.085048344138E1,-3.547604165700E0));
#7451=CARTESIAN_POINT('',(1.283963761877E2,1.085048344138E1,-3.547604165700E0));
#7452=CARTESIAN_POINT('',(1.283928013871E2,1.085047482256E1,-3.547505652038E0));
#7453=CARTESIAN_POINT('',(1.283482642134E2,1.085042092910E1,-3.546889647005E0));
#7454=CARTESIAN_POINT('',(1.282606113860E2,1.085161926752E1,-3.560586717769E0));
#7455=CARTESIAN_POINT('',(1.281486365997E2,1.085737147785E1,-3.626334782767E0));
#7456=CARTESIAN_POINT('',(1.280924187770E2,1.086314725689E1,-3.692352239217E0));
#7457=CARTESIAN_POINT('',(1.280654238570E2,1.086616972663E1,-3.726899226525E0));
#7459=DIRECTION('',(-6.062612984938E-1,6.931195656573E-2,-7.922392887415E-1));
#7460=VECTOR('',#7459,2.033422255012E0);
#7461=CARTESIAN_POINT('',(1.280654238570E2,1.086616972663E1,-3.726899226525E0));
#7462=LINE('',#7461,#7460);
#7463=DIRECTION('',(-1.575065473937E-4,-8.715574166667E-2,9.961946857348E-1));
#7464=VECTOR('',#7463,1.500719259073E0);
#7465=CARTESIAN_POINT('',(1.268326386403E2,1.100711020165E1,-5.337856227547E0));
#7466=LINE('',#7465,#7464);
#7467=DIRECTION('',(1.136868377218E-13,-9.961946980917E-1,-8.715574274799E-2));
#7468=VECTOR('',#7467,4.999999999991E-1);
#7469=CARTESIAN_POINT('',(1.293429970380E2,1.145461977018E1,-4.716057378995E0));
#7470=LINE('',#7469,#7468);
#7471=DIRECTION('',(0.E0,9.961946980918E-1,8.715574274758E-2));
#7472=VECTOR('',#7471,5.000000000024E-1);
#7473=CARTESIAN_POINT('',(1.317846387E2,1.095827353661E1,-4.779650591892E0));
#7474=LINE('',#7473,#7472);
#7475=DIRECTION('',(6.043269565779E-12,8.715574274703E-2,-9.961946980918E-1));
#7476=VECTOR('',#7475,1.316849853195E0);
#7477=CARTESIAN_POINT('',(1.293429970380E2,1.145461977018E1,-4.716057378995E0));
#7478=LINE('',#7477,#7476);
#7479=DIRECTION('',(5.684341886062E-14,-9.961946980917E-1,-8.715574274809E-2));
#7480=VECTOR('',#7479,5.000000000017E-1);
#7481=CARTESIAN_POINT('',(1.299594245281E2,1.156939079722E1,-6.027896220930E0));
#7482=LINE('',#7481,#7480);
#7483=DIRECTION('',(0.E0,9.961946980917E-1,8.715574274811E-2));
#7484=VECTOR('',#7483,4.999999999983E-1);
#7485=CARTESIAN_POINT('',(1.293429970380E2,1.107129344818E1,-6.071474092305E0));
#7486=LINE('',#7485,#7484);
#7487=DIRECTION('',(-9.526310077500E-12,-8.715574274786E-2,9.961946980917E-1));
#7488=VECTOR('',#7487,1.300804320964E0);
#7489=CARTESIAN_POINT('',(1.299594245281E2,1.156939079722E1,-6.027896220930E0));
#7490=LINE('',#7489,#7488);
#7491=DIRECTION('',(0.E0,-9.961946980917E-1,-8.715574274810E-2));
#7492=VECTOR('',#7491,4.999999999989E-1);
#7493=CARTESIAN_POINT('',(1.311682112099E2,1.145427927550E1,-4.712165507017E0));
#7494=LINE('',#7493,#7492);
#7495=DIRECTION('',(-5.684341886055E-14,9.961946980918E-1,8.715574274753E-2));
#7496=VECTOR('',#7495,5.000000000022E-1);
#7497=CARTESIAN_POINT('',(1.299594245281E2,1.095792088141E1,-4.775619724505E0));
#7498=LINE('',#7497,#7496);
#7499=DIRECTION('',(-9.382398991216E-12,8.715574274774E-2,-9.961946980917E-1));
#7500=VECTOR('',#7499,1.320756591492E0);
#7501=CARTESIAN_POINT('',(1.311682112099E2,1.145427927550E1,-4.712165507017E0));
#7502=LINE('',#7501,#7500);
#7503=DIRECTION('',(0.E0,-9.961946980917E-1,-8.715574274810E-2));
#7504=VECTOR('',#7503,5.000000000019E-1);
#7505=CARTESIAN_POINT('',(1.317846387E2,1.156939079722E1,-6.027896220931E0));
#7506=LINE('',#7505,#7504);
#7507=DIRECTION('',(0.E0,9.961946980917E-1,8.715574274811E-2));
#7508=VECTOR('',#7507,4.999999999986E-1);
#7509=CARTESIAN_POINT('',(1.311682112099E2,1.107129344818E1,-6.071474092305E0));
#7510=LINE('',#7509,#7508);
#7511=DIRECTION('',(5.873893044448E-12,-8.715574274823E-2,9.961946980917E-1));
#7512=VECTOR('',#7511,1.296758056320E0);
#7513=CARTESIAN_POINT('',(1.317846387E2,1.156939079722E1,-6.027896220931E0));
#7514=LINE('',#7513,#7512);
#7515=CARTESIAN_POINT('',(1.317846387E2,1.095827353661E1,-4.779650591892E0));
#7516=CARTESIAN_POINT('',(1.317846387E2,1.095074761988E1,-4.693628970012E0));
#7517=CARTESIAN_POINT('',(1.317761771838E2,1.093657023274E1,-4.531580693507E0));
#7518=CARTESIAN_POINT('',(1.317306517692E2,1.091678980178E1,-4.305489333047E0));
#7519=CARTESIAN_POINT('',(1.316562362688E2,1.089987482003E1,-4.112150206891E0));
#7520=CARTESIAN_POINT('',(1.315587723577E2,1.088551058157E1,-3.947966210056E0));
#7521=CARTESIAN_POINT('',(1.314378282823E2,1.087348686385E1,-3.810534487587E0));
#7522=CARTESIAN_POINT('',(1.312920335862E2,1.086372113207E1,-3.698911662595E0));
#7523=CARTESIAN_POINT('',(1.311186599127E2,1.085604602014E1,-3.611184731823E0));
#7524=CARTESIAN_POINT('',(1.309141924538E2,1.085062235582E1,-3.549191964996E0));
#7525=CARTESIAN_POINT('',(1.306835566422E2,1.084793529646E1,-3.518478735925E0));
#7526=CARTESIAN_POINT('',(1.304431674850E2,1.084785227638E1,-3.517529812122E0));
#7527=CARTESIAN_POINT('',(1.302130069013E2,1.085038607725E1,-3.546491288537E0));
#7528=CARTESIAN_POINT('',(1.300087698734E2,1.085561911880E1,-3.606305227109E0));
#7529=CARTESIAN_POINT('',(1.298356159362E2,1.086314325503E1,-3.692306497757E0));
#7530=CARTESIAN_POINT('',(1.296900985261E2,1.087270806031E1,-3.801632722433E0));
#7531=CARTESIAN_POINT('',(1.295692475948E2,1.088455168344E1,-3.937005954262E0));
#7532=CARTESIAN_POINT('',(1.294710943307E2,1.089883475652E1,-4.100262226595E0));
#7533=CARTESIAN_POINT('',(1.293963943745E2,1.091567205648E1,-4.292713445725E0));
#7534=CARTESIAN_POINT('',(1.293513454312E2,1.093523252863E1,-4.516290665537E0));
#7535=CARTESIAN_POINT('',(1.293429970380E2,1.094917413943E1,-4.675644006117E0));
#7536=CARTESIAN_POINT('',(1.293429970380E2,1.095652242114E1,-4.759635250369E0));
#7538=DIRECTION('',(6.021686460186E-12,8.715574274760E-2,-9.961946980918E-1));
#7539=VECTOR('',#7538,1.316849853195E0);
#7540=CARTESIAN_POINT('',(1.293429970380E2,1.095652242114E1,-4.759635250369E0));
#7541=LINE('',#7540,#7539);
#7542=CARTESIAN_POINT('',(1.293429970380E2,1.107129344818E1,-6.071474092305E0));
#7543=CARTESIAN_POINT('',(1.293429970380E2,1.107541336416E1,-6.118564947528E0));
#7544=CARTESIAN_POINT('',(1.293658402555E2,1.108356081355E1,-6.211690720177E0));
#7545=CARTESIAN_POINT('',(1.294528234776E2,1.109315270425E1,-6.321326532518E0));
#7546=CARTESIAN_POINT('',(1.295792389068E2,1.109830745420E1,-6.380245594073E0));
#7547=CARTESIAN_POINT('',(1.297177844078E2,1.109841311690E1,-6.381453324223E0));
#7548=CARTESIAN_POINT('',(1.298468901228E2,1.109338672297E1,-6.324001378694E0));
#7549=CARTESIAN_POINT('',(1.299361129031E2,1.108369215169E1,-6.213191921899E0));
#7550=CARTESIAN_POINT('',(1.299594245281E2,1.107546312585E1,-6.119133726186E0));
#7551=CARTESIAN_POINT('',(1.299594245281E2,1.107129344818E1,-6.071474092304E0));
#7553=DIRECTION('',(-9.526310077498E-12,-8.715574274829E-2,9.961946980917E-1));
#7554=VECTOR('',#7553,1.300804320964E0);
#7555=CARTESIAN_POINT('',(1.299594245281E2,1.107129344818E1,-6.071474092304E0));
#7556=LINE('',#7555,#7554);
#7557=CARTESIAN_POINT('',(1.299594245281E2,1.095792088141E1,-4.775619724505E0));
#7558=CARTESIAN_POINT('',(1.299594245281E2,1.095319061800E1,-4.721552566241E0));
#7559=CARTESIAN_POINT('',(1.299650586220E2,1.094432522468E1,-4.620220656950E0));
#7560=CARTESIAN_POINT('',(1.299955548519E2,1.093205203821E1,-4.479937493723E0));
#7561=CARTESIAN_POINT('',(1.300442216818E2,1.092172729350E1,-4.361925121667E0));
#7562=CARTESIAN_POINT('',(1.301105848589E2,1.091325075402E1,-4.265037831980E0));
#7563=CARTESIAN_POINT('',(1.301944742110E2,1.090657435401E1,-4.188726230748E0));
#7564=CARTESIAN_POINT('',(1.302959334195E2,1.090150363808E1,-4.130767682438E0));
#7565=CARTESIAN_POINT('',(1.304161370563E2,1.089837213639E1,-4.094974454337E0));
#7566=CARTESIAN_POINT('',(1.305493728176E2,1.089727510361E1,-4.082435312232E0));
#7567=CARTESIAN_POINT('',(1.306849671351E2,1.089795744801E1,-4.090234544450E0));
#7568=CARTESIAN_POINT('',(1.308120974538E2,1.090066403445E1,-4.121170968975E0));
#7569=CARTESIAN_POINT('',(1.309205487309E2,1.090549377384E1,-4.176375142833E0));
#7570=CARTESIAN_POINT('',(1.310098087806E2,1.091201461836E1,-4.250908736727E0));
#7571=CARTESIAN_POINT('',(1.310795835745E2,1.092037230723E1,-4.346437557702E0));
#7572=CARTESIAN_POINT('',(1.311306684914E2,1.093057585458E1,-4.463064637569E0));
#7573=CARTESIAN_POINT('',(1.311624703984E2,1.094272779233E1,-4.601961921654E0));
#7574=CARTESIAN_POINT('',(1.311682112099E2,1.095150861735E1,-4.702327210871E0));
#7575=CARTESIAN_POINT('',(1.311682112099E2,1.095618192646E1,-4.755743378391E0));
#7577=DIRECTION('',(-9.382398991216E-12,8.715574274799E-2,-9.961946980917E-1));
#7578=VECTOR('',#7577,1.320756591492E0);
#7579=CARTESIAN_POINT('',(1.311682112099E2,1.095618192646E1,-4.755743378391E0));
#7580=LINE('',#7579,#7578);
#7581=CARTESIAN_POINT('',(1.311682112099E2,1.107129344818E1,-6.071474092305E0));
#7582=CARTESIAN_POINT('',(1.311682112099E2,1.107541336416E1,-6.118564947525E0));
#7583=CARTESIAN_POINT('',(1.311910544274E2,1.108356081355E1,-6.211690720170E0));
#7584=CARTESIAN_POINT('',(1.312780376495E2,1.109315270425E1,-6.321326532505E0));
#7585=CARTESIAN_POINT('',(1.314044530787E2,1.109830745420E1,-6.380245594057E0));
#7586=CARTESIAN_POINT('',(1.315429985798E2,1.109841311690E1,-6.381453324208E0));
#7587=CARTESIAN_POINT('',(1.316721042947E2,1.109338672297E1,-6.324001378681E0));
#7588=CARTESIAN_POINT('',(1.317613270749E2,1.108369215169E1,-6.213191921892E0));
#7589=CARTESIAN_POINT('',(1.317846387E2,1.107546312585E1,-6.119133726185E0));
#7590=CARTESIAN_POINT('',(1.317846387E2,1.107129344818E1,-6.071474092305E0));
#7592=DIRECTION('',(5.873893044447E-12,-8.715574274863E-2,9.961946980917E-1));
#7593=VECTOR('',#7592,1.296758056320E0);
#7594=CARTESIAN_POINT('',(1.317846387E2,1.107129344818E1,-6.071474092305E0));
#7595=LINE('',#7594,#7593);
#7596=DIRECTION('',(5.684341886095E-14,-9.961946980918E-1,-8.715574274752E-2));
#7597=VECTOR('',#7596,4.999999999988E-1);
#7598=CARTESIAN_POINT('',(1.350882742582E2,1.137473728696E1,-3.802996417693E0));
#7599=LINE('',#7598,#7597);
#7600=DIRECTION('',(0.E0,9.961946980918E-1,8.715574274752E-2));
#7601=VECTOR('',#7600,5.000000000021E-1);
#7602=CARTESIAN_POINT('',(1.357047017483E2,1.087663993791E1,-3.846574289067E0));
#7603=LINE('',#7602,#7601);
#7604=DIRECTION('',(4.632179147251E-12,8.715574274853E-2,-9.961946980917E-1));
#7605=VECTOR('',#7604,2.233398559036E0);
#7606=CARTESIAN_POINT('',(1.350882742582E2,1.137473728696E1,-3.802996417693E0));
#7607=LINE('',#7606,#7605);
#7608=DIRECTION('',(0.E0,-9.961946980917E-1,-8.715574274810E-2));
#7609=VECTOR('',#7608,5.000000000022E-1);
#7610=CARTESIAN_POINT('',(1.357047017483E2,1.156939079722E1,-6.027896220931E0));
#7611=LINE('',#7610,#7609);
#7612=DIRECTION('',(-5.684341886094E-14,9.961946980918E-1,8.715574274744E-2));
#7613=VECTOR('',#7612,4.999999999988E-1);
#7614=CARTESIAN_POINT('',(1.350882742582E2,1.107129344818E1,-6.071474092304E0));
#7615=LINE('',#7614,#7613);
#7616=DIRECTION('',(-2.068383996440E-12,-8.715574274920E-2,9.961946980916E-1));
#7617=VECTOR('',#7616,8.244613034908E-1);
#7618=CARTESIAN_POINT('',(1.357047017483E2,1.156939079722E1,-6.027896220931E0));
#7619=LINE('',#7618,#7617);
#7620=DIRECTION('',(0.E0,-9.961946980918E-1,-8.715574274752E-2));
#7621=VECTOR('',#7620,5.000000000034E-1);
#7622=CARTESIAN_POINT('',(1.357047017483E2,1.149753425995E1,-5.206572241612E0));
#7623=LINE('',#7622,#7621);
#7624=DIRECTION('',(1.E0,-7.031728118957E-13,-6.172294682196E-14));
#7625=VECTOR('',#7624,1.136791076400E0);
#7626=CARTESIAN_POINT('',(1.357047017483E2,1.149753425995E1,-5.206572241612E0));
#7627=LINE('',#7626,#7625);
#7628=DIRECTION('',(0.E0,-9.961946980918E-1,-8.715574274752E-2));
#7629=VECTOR('',#7628,5.000000000001E-1);
#7630=CARTESIAN_POINT('',(1.368414928247E2,1.149753425995E1,-5.206572241612E0));
#7631=LINE('',#7630,#7629);
#7632=DIRECTION('',(1.516814930722E-11,8.715574274782E-2,-9.961946980917E-1));
#7633=VECTOR('',#7632,8.244613034908E-1);
#7634=CARTESIAN_POINT('',(1.368414928247E2,1.149753425995E1,-5.206572241612E0));
#7635=LINE('',#7634,#7633);
#7636=DIRECTION('',(0.E0,-9.961946980917E-1,-8.715574274810E-2));
#7637=VECTOR('',#7636,5.000000000014E-1);
#7638=CARTESIAN_POINT('',(1.374578505516E2,1.156939079722E1,-6.027896220931E0));
#7639=LINE('',#7638,#7637);
#7640=DIRECTION('',(0.E0,9.961946980917E-1,8.715574274810E-2));
#7641=VECTOR('',#7640,4.999999999981E-1);
#7642=CARTESIAN_POINT('',(1.368414928247E2,1.107129344818E1,-6.071474092305E0));
#7643=LINE('',#7642,#7641);
#7644=DIRECTION('',(2.697862580267E-12,-8.715574274690E-2,9.961946980918E-1));
#7645=VECTOR('',#7644,2.233398559036E0);
#7646=CARTESIAN_POINT('',(1.374578505516E2,1.156939079722E1,-6.027896220931E0));
#7647=LINE('',#7646,#7645);
#7648=DIRECTION('',(0.E0,-9.961946980918E-1,-8.715574274752E-2));
#7649=VECTOR('',#7648,4.999999999990E-1);
#7650=CARTESIAN_POINT('',(1.368414928247E2,1.137473728696E1,-3.802996417693E0));
#7651=LINE('',#7650,#7649);
#7652=DIRECTION('',(0.E0,9.961946980918E-1,8.715574274685E-2));
#7653=VECTOR('',#7652,5.000000000022E-1);
#7654=CARTESIAN_POINT('',(1.374578505516E2,1.087663993791E1,-3.846574289067E0));
#7655=LINE('',#7654,#7653);
#7656=DIRECTION('',(6.627733185903E-12,8.715574274542E-2,-9.961946980919E-1));
#7657=VECTOR('',#7656,8.405068357621E-1);
#7658=CARTESIAN_POINT('',(1.368414928247E2,1.137473728696E1,-3.802996417693E0));
#7659=LINE('',#7658,#7657);
#7660=DIRECTION('',(0.E0,-9.961946980917E-1,-8.715574274809E-2));
#7661=VECTOR('',#7660,4.999999999967E-1);
#7662=CARTESIAN_POINT('',(1.368414928247E2,1.144799228451E1,-4.640304871189E0));
#7663=LINE('',#7662,#7661);
#7664=DIRECTION('',(-1.E0,1.546980186171E-12,1.351654405088E-13));
#7665=VECTOR('',#7664,1.136791076400E0);
#7666=CARTESIAN_POINT('',(1.368414928247E2,1.144799228451E1,-4.640304871189E0));
#7667=LINE('',#7666,#7665);
#7668=DIRECTION('',(0.E0,-9.961946980917E-1,-8.715574274809E-2));
#7669=VECTOR('',#7668,5.000000000001E-1);
#7670=CARTESIAN_POINT('',(1.357047017483E2,1.144799228451E1,-4.640304871189E0));
#7671=LINE('',#7670,#7669);
#7672=DIRECTION('',(2.647711777838E-11,-8.715574274647E-2,9.961946980918E-1));
#7673=VECTOR('',#7672,8.405068357621E-1);
#7674=CARTESIAN_POINT('',(1.357047017483E2,1.144799228451E1,-4.640304871189E0));
#7675=LINE('',#7674,#7673);
#7676=CARTESIAN_POINT('',(1.357047017483E2,1.087663993791E1,-3.846574289067E0));
#7677=CARTESIAN_POINT('',(1.357047017483E2,1.087251885901E1,-3.799470141613E0));
#7678=CARTESIAN_POINT('',(1.356818625104E2,1.086437066804E1,-3.706335892743E0));
#7679=CARTESIAN_POINT('',(1.355948725784E2,1.085477800231E1,-3.596691221705E0));
#7680=CARTESIAN_POINT('',(1.354684482379E2,1.084962547963E1,-3.537797617923E0));
#7681=CARTESIAN_POINT('',(1.353299056578E2,1.084952073606E1,-3.536600393518E0));
#7682=CARTESIAN_POINT('',(1.352008033414E2,1.085454705875E1,-3.594051524663E0));
#7683=CARTESIAN_POINT('',(1.351115852854E2,1.086424148030E1,-3.704859270097E0));
#7684=CARTESIAN_POINT('',(1.350882742582E2,1.087247029125E1,-3.798915009667E0));
#7685=CARTESIAN_POINT('',(1.350882742582E2,1.087663993791E1,-3.846574289067E0));
#7687=DIRECTION('',(4.644904914139E-12,8.715574274851E-2,-9.961946980917E-1));
#7688=VECTOR('',#7687,2.233398559036E0);
#7689=CARTESIAN_POINT('',(1.350882742582E2,1.087663993791E1,-3.846574289067E0));
#7690=LINE('',#7689,#7688);
#7691=CARTESIAN_POINT('',(1.350882742582E2,1.107129344818E1,-6.071474092304E0));
#7692=CARTESIAN_POINT('',(1.350882742582E2,1.107541342126E1,-6.118565600077E0));
#7693=CARTESIAN_POINT('',(1.351111181646E2,1.108356094437E1,-6.211692215385E0));
#7694=CARTESIAN_POINT('',(1.351981034375E2,1.109315299992E1,-6.321329912032E0));
#7695=CARTESIAN_POINT('',(1.353245230237E2,1.109830730426E1,-6.380243880278E0));
#7696=CARTESIAN_POINT('',(1.354630635738E2,1.109841321766E1,-6.381454475955E0));
#7697=CARTESIAN_POINT('',(1.355921699527E2,1.109338882429E1,-6.324025396903E0));
#7698=CARTESIAN_POINT('',(1.356813957407E2,1.108369382684E1,-6.213211068997E0));
#7699=CARTESIAN_POINT('',(1.357047017483E2,1.107546416409E1,-6.119145593321E0));
#7700=CARTESIAN_POINT('',(1.357047017483E2,1.107129344818E1,-6.071474092305E0));
#7702=DIRECTION('',(-2.102857063046E-12,-8.715574275065E-2,9.961946980915E-1));
#7703=VECTOR('',#7702,8.244613034911E-1);
#7704=CARTESIAN_POINT('',(1.357047017483E2,1.107129344818E1,-6.071474092305E0));
#7705=LINE('',#7704,#7703);
#7706=DIRECTION('',(1.E0,2.206400023104E-12,1.937631748335E-13));
#7707=VECTOR('',#7706,1.136791076400E0);
#7708=CARTESIAN_POINT('',(1.357047017483E2,1.099943691090E1,-5.250150112986E0));
#7709=LINE('',#7708,#7707);
#7710=DIRECTION('',(1.516814930722E-11,8.715574275020E-2,-9.961946980915E-1));
#7711=VECTOR('',#7710,8.244613034911E-1);
#7712=CARTESIAN_POINT('',(1.368414928247E2,1.099943691090E1,-5.250150112986E0));
#7713=LINE('',#7712,#7711);
#7714=CARTESIAN_POINT('',(1.368414928247E2,1.107129344818E1,-6.071474092305E0));
#7715=CARTESIAN_POINT('',(1.368414928247E2,1.107541310331E1,-6.118561965966E0));
#7716=CARTESIAN_POINT('',(1.368643335138E2,1.108356008505E1,-6.211682393347E0));
#7717=CARTESIAN_POINT('',(1.369513060808E2,1.109315157825E1,-6.321313662252E0));
#7718=CARTESIAN_POINT('',(1.370777052997E2,1.109830703017E1,-6.380240747352E0));
#7719=CARTESIAN_POINT('',(1.372162365611E2,1.109841345952E1,-6.381457240386E0));
#7720=CARTESIAN_POINT('',(1.373453300709E2,1.109338863260E1,-6.324023205931E0));
#7721=CARTESIAN_POINT('',(1.374345489500E2,1.108369376042E1,-6.213210309773E0));
#7722=CARTESIAN_POINT('',(1.374578505516E2,1.107546420468E1,-6.119146057300E0));
#7723=CARTESIAN_POINT('',(1.374578505516E2,1.107129344818E1,-6.071474092305E0));
#7725=DIRECTION('',(2.697862580266E-12,-8.715574274729E-2,9.961946980918E-1));
#7726=VECTOR('',#7725,2.233398559037E0);
#7727=CARTESIAN_POINT('',(1.374578505516E2,1.107129344818E1,-6.071474092305E0));
#7728=LINE('',#7727,#7726);
#7729=CARTESIAN_POINT('',(1.374578505516E2,1.087663993791E1,-3.846574289067E0));
#7730=CARTESIAN_POINT('',(1.374578505516E2,1.087251880892E1,-3.799469569107E0));
#7731=CARTESIAN_POINT('',(1.374350161580E2,1.086437094425E1,-3.706339049773E0));
#7732=CARTESIAN_POINT('',(1.373480376762E2,1.085477863872E1,-3.596698495915E0));
#7733=CARTESIAN_POINT('',(1.372216323259E2,1.084962555109E1,-3.537798434776E0));
#7734=CARTESIAN_POINT('',(1.370830983102E2,1.084952068497E1,-3.536599809482E0));
#7735=CARTESIAN_POINT('',(1.369540099870E2,1.085454807874E1,-3.594063183260E0));
#7736=CARTESIAN_POINT('',(1.368648011609E2,1.086424218525E1,-3.704867327740E0));
#7737=CARTESIAN_POINT('',(1.368414928247E2,1.087247060930E1,-3.798918644995E0));
#7738=CARTESIAN_POINT('',(1.368414928247E2,1.087663993791E1,-3.846574289067E0));
#7740=DIRECTION('',(6.593918220667E-12,8.715574274805E-2,-9.961946980917E-1));
#7741=VECTOR('',#7740,8.405068357624E-1);
#7742=CARTESIAN_POINT('',(1.368414928247E2,1.087663993791E1,-3.846574289067E0));
#7743=LINE('',#7742,#7741);
#7744=DIRECTION('',(-1.E0,-1.362592648829E-12,-1.195393780223E-13));
#7745=VECTOR('',#7744,1.136791076400E0);
#7746=CARTESIAN_POINT('',(1.368414928247E2,1.094989493547E1,-4.683882742563E0));
#7747=LINE('',#7746,#7745);
#7748=DIRECTION('',(2.651093274360E-11,-8.715574274893E-2,9.961946980916E-1));
#7749=VECTOR('',#7748,8.405068357624E-1);
#7750=CARTESIAN_POINT('',(1.357047017483E2,1.094989493547E1,-4.683882742563E0));
#7751=LINE('',#7750,#7749);
#7752=DIRECTION('',(3.817839290868E-12,8.715574275004E-2,-9.961946980915E-1));
#7753=VECTOR('',#7752,7.965560300895E-1);
#7754=CARTESIAN_POINT('',(1.388635787007E2,1.137473728696E1,-3.802996417693E0));
#7755=LINE('',#7754,#7753);
#7756=DIRECTION('',(0.E0,-9.961946980952E-1,-8.715574270793E-2));
#7757=VECTOR('',#7756,5.000000000016E-1);
#7758=CARTESIAN_POINT('',(1.388635787007E2,1.144416171940E1,-4.596521311601E0));
#7759=LINE('',#7758,#7757);
#7760=DIRECTION('',(-1.658122528153E-10,9.961946981149E-1,8.715574248337E-2));
#7761=VECTOR('',#7760,5.000000000050E-1);
#7762=CARTESIAN_POINT('',(1.379598345316E2,1.105305851169E1,-5.863047814545E0));
#7763=LINE('',#7762,#7761);
#7764=DIRECTION('',(2.387423592157E-12,-9.961946980920E-1,-8.715574274476E-2));
#7765=VECTOR('',#7764,4.999999999993E-1);
#7766=CARTESIAN_POINT('',(1.384953686178E2,1.157986100852E1,-6.147571283676E0));
#7767=LINE('',#7766,#7765);
#7768=DIRECTION('',(1.136868377210E-13,9.961946980918E-1,8.715574274742E-2));
#7769=VECTOR('',#7768,5.000000000026E-1);
#7770=CARTESIAN_POINT('',(1.378829176292E2,1.107235141378E1,-6.083566694501E0));
#7771=LINE('',#7770,#7769);
#7772=DIRECTION('',(0.E0,-9.961946980917E-1,-8.715574274808E-2));
#7773=VECTOR('',#7772,4.999999999967E-1);
#7774=CARTESIAN_POINT('',(1.391757689472E2,1.149439684471E1,-5.170711421364E0));
#7775=LINE('',#7774,#7773);
#7776=DIRECTION('',(8.318676236707E-8,-9.961946625716E-1,-8.715614874334E-2));
#7777=VECTOR('',#7776,5.000000000020E-1);
#7778=CARTESIAN_POINT('',(1.404646132661E2,1.157045896353E1,-6.040105417677E0));
#7779=LINE('',#7778,#7777);
#7780=DIRECTION('',(0.E0,9.961946980917E-1,8.715574274807E-2));
#7781=VECTOR('',#7780,4.999999999987E-1);
#7782=CARTESIAN_POINT('',(1.398682383074E2,1.108245680936E1,-6.199071894468E0));
#7783=LINE('',#7782,#7781);
#7784=DIRECTION('',(4.129674380210E-10,-9.961946980432E-1,-8.715574330270E-2));
#7785=VECTOR('',#7784,5.000000000034E-1);
#7786=CARTESIAN_POINT('',(1.403720737728E2,1.155012375216E1,-5.807672888171E0));
#7787=LINE('',#7786,#7785);
#7788=DIRECTION('',(0.E0,-9.961946980918E-1,-8.715574274751E-2));
#7789=VECTOR('',#7788,5.000000000034E-1);
#7790=CARTESIAN_POINT('',(1.394800061908E2,1.144520752448E1,-4.608474918322E0));
#7791=LINE('',#7790,#7789);
#7792=DIRECTION('',(-1.975498861537E-11,-8.715574274939E-2,9.961946980916E-1));
#7793=VECTOR('',#7792,8.085552976458E-1);
#7794=CARTESIAN_POINT('',(1.394800061908E2,1.144520752448E1,-4.608474918322E0));
#7795=LINE('',#7794,#7793);
#7796=DIRECTION('',(0.E0,-9.961946980918E-1,-8.715574274752E-2));
#7797=VECTOR('',#7796,4.999999999989E-1);
#7798=CARTESIAN_POINT('',(1.388635787007E2,1.137473728696E1,-3.802996417693E0));
#7799=LINE('',#7798,#7797);
#7800=DIRECTION('',(5.684341886055E-14,9.961946980918E-1,8.715574274685E-2));
#7801=VECTOR('',#7800,5.000000000022E-1);
#7802=CARTESIAN_POINT('',(1.394800061908E2,1.087663993791E1,-3.846574289067E0));
#7803=LINE('',#7802,#7801);
#7804=DIRECTION('',(3.782158549926E-12,8.715574274663E-2,-9.961946980918E-1));
#7805=VECTOR('',#7804,7.965560300696E-1);
#7806=CARTESIAN_POINT('',(1.388635787007E2,1.087663993791E1,-3.846574289067E0));
#7807=LINE('',#7806,#7805);
#7808=DIRECTION('',(-5.928511988104E-1,7.018756759829E-2,-8.022475686618E-1));
#7809=VECTOR('',#7808,1.524403038864E0);
#7810=CARTESIAN_POINT('',(1.388635787007E2,1.094606437035E1,-4.640099182955E0));
#7811=LINE('',#7810,#7809);
#7812=CARTESIAN_POINT('',(1.382789566449E2,1.107353400749E1,-6.097083802445E0));
#7813=DIRECTION('',(0.E0,-9.961946980917E-1,-8.715574274765E-2));
#7814=DIRECTION('',(-8.053120237319E-1,-5.167038660805E-2,5.905952214340E-1));
#7815=AXIS2_PLACEMENT_3D('',#7812,#7813,#7814);
#7817=CARTESIAN_POINT('',(1.378829176292E2,1.107235141378E1,-6.083566694501E0));
#7818=CARTESIAN_POINT('',(1.378829176291E2,1.107433866126E1,-6.106281037120E0));
#7819=CARTESIAN_POINT('',(1.378891227712E2,1.107841093703E1,-6.152827362145E0));
#7820=CARTESIAN_POINT('',(1.379147851527E2,1.108423554214E1,-6.219402903200E0));
#7821=CARTESIAN_POINT('',(1.379561563697E2,1.108951983706E1,-6.279802670517E0));
#7822=CARTESIAN_POINT('',(1.380125155489E2,1.109375901383E1,-6.328256682762E0));
#7823=CARTESIAN_POINT('',(1.380797859385E2,1.109671509702E1,-6.362044868153E0));
#7824=CARTESIAN_POINT('',(1.381547726230E2,1.109825584427E1,-6.379655689845E0));
#7825=CARTESIAN_POINT('',(1.382330200154E2,1.109820341953E1,-6.379056472352E0));
#7826=CARTESIAN_POINT('',(1.383101287334E2,1.109655838206E1,-6.360253608039E0));
#7827=CARTESIAN_POINT('',(1.383813076944E2,1.109313520342E1,-6.321126497064E0));
#7828=CARTESIAN_POINT('',(1.384432080784E2,1.108801701122E1,-6.262625292618E0));
#7829=CARTESIAN_POINT('',(1.384783094334E2,1.108395431109E1,-6.216188417557E0));
#7830=CARTESIAN_POINT('',(1.384953686178E2,1.108176365947E1,-6.191149155049E0));
#7832=DIRECTION('',(5.700759117553E-1,-7.160646313622E-2,8.184656188708E-1));
#7833=VECTOR('',#7832,1.193525836380E0);
#7834=CARTESIAN_POINT('',(1.384953686178E2,1.108176365947E1,-6.191149155049E0));
#7835=LINE('',#7834,#7833);
#7836=DIRECTION('',(5.737338617210E-1,7.138419566219E-2,-8.159250900201E-1));
#7837=VECTOR('',#7836,1.206952223648E0);
#7838=CARTESIAN_POINT('',(1.391757689472E2,1.099629949567E1,-5.214289292737E0));
#7839=LINE('',#7838,#7837);
#7840=CARTESIAN_POINT('',(1.398682383074E2,1.108245680936E1,-6.199071894468E0));
#7841=CARTESIAN_POINT('',(1.398855110610E2,1.108467764866E1,-6.224456203819E0));
#7842=CARTESIAN_POINT('',(1.399210688039E2,1.108871347298E1,-6.270585887E0));
#7843=CARTESIAN_POINT('',(1.399832203965E2,1.109367883813E1,-6.327340270218E0));
#7844=CARTESIAN_POINT('',(1.400522899049E2,1.109696700257E1,-6.364924161727E0));
#7845=CARTESIAN_POINT('',(1.401264929844E2,1.109858597896E1,-6.383429146601E0));
#7846=CARTESIAN_POINT('',(1.402020251487E2,1.109859108070E1,-6.383487459794E0));
#7847=CARTESIAN_POINT('',(1.402749997113E2,1.109725269873E1,-6.368189683862E0));
#7848=CARTESIAN_POINT('',(1.403404337788E2,1.109451154034E1,-6.336858100135E0));
#7849=CARTESIAN_POINT('',(1.403939633194E2,1.109046916042E1,-6.290653486199E0));
#7850=CARTESIAN_POINT('',(1.404336869944E2,1.108534754439E1,-6.232113146977E0));
#7851=CARTESIAN_POINT('',(1.404591125423E2,1.107919726879E1,-6.161815175308E0));
#7852=CARTESIAN_POINT('',(1.404646133077E2,1.107472056297E1,-6.110646193609E0));
#7853=CARTESIAN_POINT('',(1.404646133077E2,1.107236163224E1,-6.083683492049E0));
#7855=CARTESIAN_POINT('',(1.399798274586E2,1.107736053214E1,-6.140821179377E0));
#7856=DIRECTION('',(0.E0,-9.961946980917E-1,-8.715574274765E-2));
#7857=DIRECTION('',(9.931280010793E-1,-1.020011680146E-2,1.165878685349E-1));
#7858=AXIS2_PLACEMENT_3D('',#7855,#7856,#7857);
#7860=DIRECTION('',(-5.953911517177E-1,-7.002405972218E-2,8.003786650806E-1));
#7861=VECTOR('',#7860,1.498288275845E0);
#7862=CARTESIAN_POINT('',(1.403720737730E2,1.105202640314E1,-5.851250759823E0));
#7863=LINE('',#7862,#7861);
#7864=DIRECTION('',(-1.971983739006E-11,-8.715574274801E-2,9.961946980917E-1));
#7865=VECTOR('',#7864,8.085552976462E-1);
#7866=CARTESIAN_POINT('',(1.394800061908E2,1.094711017543E1,-4.652052789696E0));
#7867=LINE('',#7866,#7865);
#7868=CARTESIAN_POINT('',(1.394800061908E2,1.087663993791E1,-3.846574289067E0));
#7869=CARTESIAN_POINT('',(1.394800061908E2,1.087252002193E1,-3.799483433843E0));
#7870=CARTESIAN_POINT('',(1.394571629733E2,1.086437257254E1,-3.706357661193E0));
#7871=CARTESIAN_POINT('',(1.393701797512E2,1.085478068184E1,-3.596721848849E0));
#7872=CARTESIAN_POINT('',(1.392437643219E2,1.084962593189E1,-3.537802787334E0));
#7873=CARTESIAN_POINT('',(1.391052188209E2,1.084952026919E1,-3.536595057142E0));
#7874=CARTESIAN_POINT('',(1.389761131059E2,1.085454666313E1,-3.594047002713E0));
#7875=CARTESIAN_POINT('',(1.388868903257E2,1.086424123440E1,-3.704856459469E0));
#7876=CARTESIAN_POINT('',(1.388635787007E2,1.087247026025E1,-3.798914655224E0));
#7877=CARTESIAN_POINT('',(1.388635787007E2,1.087663993791E1,-3.846574289067E0));
#7879=DIRECTION('',(0.E0,-9.961946980918E-1,-8.715574274752E-2));
#7880=VECTOR('',#7879,5.000000000026E-1);
#7881=CARTESIAN_POINT('',(1.324138328527E2,1.137473728696E1,-3.802996417693E0));
#7882=LINE('',#7881,#7880);
#7883=DIRECTION('',(0.E0,9.961946980918E-1,8.715574274685E-2));
#7884=VECTOR('',#7883,5.000000000026E-1);
#7885=CARTESIAN_POINT('',(1.330302603428E2,1.087663993791E1,-3.846574289067E0));
#7886=LINE('',#7885,#7884);
#7887=DIRECTION('',(-3.962110260708E-12,8.715574274866E-2,-9.961946980917E-1));
#7888=VECTOR('',#7887,2.209400023865E0);
#7889=CARTESIAN_POINT('',(1.324138328527E2,1.137473728696E1,-3.802996417693E0));
#7890=LINE('',#7889,#7888);
#7891=DIRECTION('',(0.E0,-9.961946980918E-1,-8.715574274752E-2));
#7892=VECTOR('',#7891,5.000000000027E-1);
#7893=CARTESIAN_POINT('',(1.327220465977E2,1.159416178494E1,-6.311029906122E0));
#7894=LINE('',#7893,#7892);
#7895=DIRECTION('',(0.E0,9.961946980918E-1,8.715574274751E-2));
#7896=VECTOR('',#7895,5.000000000027E-1);
#7897=CARTESIAN_POINT('',(1.324138328527E2,1.106920183802E1,-6.047566878805E0));
#7898=LINE('',#7897,#7896);
#7899=DIRECTION('',(1.E0,-3.906880472837E-13,0.E0));
#7900=VECTOR('',#7899,8.366000975E-1);
#7901=CARTESIAN_POINT('',(1.327220465977E2,1.159416178494E1,-6.311029906122E0));
#7902=LINE('',#7901,#7900);
#7903=DIRECTION('',(5.684341886076E-14,-9.961946980918E-1,-8.715574274752E-2));
#7904=VECTOR('',#7903,5.000000000004E-1);
#7905=CARTESIAN_POINT('',(1.346314267853E2,1.150915581201E1,-5.339407189454E0));
#7906=LINE('',#7905,#7904);
#7907=DIRECTION('',(0.E0,9.961946980918E-1,8.715574274752E-2));
#7908=VECTOR('',#7907,5.000000000020E-1);
#7909=CARTESIAN_POINT('',(1.335586466952E2,1.109606443589E1,-6.354607777496E0));
#7910=LINE('',#7909,#7908);
#7911=DIRECTION('',(0.E0,-9.961946980917E-1,-8.715574274811E-2));
#7912=VECTOR('',#7911,4.999999999985E-1);
#7913=CARTESIAN_POINT('',(1.334985805941E2,1.142322129679E1,-4.357171185958E0));
#7914=LINE('',#7913,#7912);
#7915=DIRECTION('',(-1.E0,1.384459127235E-12,-2.503405545137E-13));
#7916=VECTOR('',#7915,4.683202513E-1);
#7917=CARTESIAN_POINT('',(1.334985805941E2,1.142322129679E1,-4.357171185958E0));
#7918=LINE('',#7917,#7916);
#7919=DIRECTION('',(0.E0,-9.961946980917E-1,-8.715574274811E-2));
#7920=VECTOR('',#7919,5.E-1);
#7921=CARTESIAN_POINT('',(1.330302603428E2,1.142322129679E1,-4.357171185958E0));
#7922=LINE('',#7921,#7920);
#7923=DIRECTION('',(-1.987454862642E-11,-8.715574274502E-2,9.961946980920E-1));
#7924=VECTOR('',#7923,5.562916258502E-1);
#7925=CARTESIAN_POINT('',(1.330302603428E2,1.142322129679E1,-4.357171185958E0));
#7926=LINE('',#7925,#7924);
#7927=CARTESIAN_POINT('',(1.330302603428E2,1.087663993791E1,-3.846574289067E0));
#7928=CARTESIAN_POINT('',(1.330302603428E2,1.087251885901E1,-3.799470141613E0));
#7929=CARTESIAN_POINT('',(1.330074211048E2,1.086437066804E1,-3.706335892747E0));
#7930=CARTESIAN_POINT('',(1.329204311728E2,1.085477800231E1,-3.596691221709E0));
#7931=CARTESIAN_POINT('',(1.327940068324E2,1.084962547963E1,-3.537797617927E0));
#7932=CARTESIAN_POINT('',(1.326554642522E2,1.084952073606E1,-3.536600393523E0));
#7933=CARTESIAN_POINT('',(1.325263619358E2,1.085454705875E1,-3.594051524705E0));
#7934=CARTESIAN_POINT('',(1.324371438798E2,1.086424148030E1,-3.704859270099E0));
#7935=CARTESIAN_POINT('',(1.324138328527E2,1.087247029125E1,-3.798915009667E0));
#7936=CARTESIAN_POINT('',(1.324138328527E2,1.087663993791E1,-3.846574289067E0));
#7938=DIRECTION('',(-3.962110260708E-12,8.715574274864E-2,-9.961946980917E-1));
#7939=VECTOR('',#7938,2.209400023865E0);
#7940=CARTESIAN_POINT('',(1.324138328527E2,1.087663993791E1,-3.846574289067E0));
#7941=LINE('',#7940,#7939);
#7942=CARTESIAN_POINT('',(1.324138328527E2,1.106920183802E1,-6.047566878805E0));
#7943=CARTESIAN_POINT('',(1.324138328527E2,1.107263653328E1,-6.086825625278E0));
#7944=CARTESIAN_POINT('',(1.324301673331E2,1.107969544709E1,-6.167509379378E0));
#7945=CARTESIAN_POINT('',(1.324974131887E2,1.108886671389E1,-6.272337438566E0));
#7946=CARTESIAN_POINT('',(1.326025694401E2,1.109467261127E1,-6.338699149223E0));
#7947=CARTESIAN_POINT('',(1.326830335304E2,1.109606443589E1,-6.354607777501E0));
#7948=CARTESIAN_POINT('',(1.327220465977E2,1.109606443589E1,-6.354607777496E0));
#7950=DIRECTION('',(1.E0,3.567151736069E-13,7.006905195850E-14));
#7951=VECTOR('',#7950,8.366000975E-1);
#7952=CARTESIAN_POINT('',(1.327220465977E2,1.109606443589E1,-6.354607777496E0));
#7953=LINE('',#7952,#7951);
#7954=CARTESIAN_POINT('',(1.335586466952E2,1.109606443589E1,-6.354607777496E0));
#7955=CARTESIAN_POINT('',(1.336351057064E2,1.109606443589E1,-6.354607777496E0));
#7956=CARTESIAN_POINT('',(1.337796108771E2,1.109509170667E1,-6.343489431602E0));
#7957=CARTESIAN_POINT('',(1.339799890264E2,1.109090472258E1,-6.295631984429E0));
#7958=CARTESIAN_POINT('',(1.341517916541E2,1.108475909869E1,-6.225387181902E0));
#7959=CARTESIAN_POINT('',(1.342971506072E2,1.107676797693E1,-6.134048242298E0));
#7960=CARTESIAN_POINT('',(1.344154463264E2,1.106688518009E1,-6.021087357477E0));
#7961=CARTESIAN_POINT('',(1.345095862009E2,1.105534615127E1,-5.889195654593E0));
#7962=CARTESIAN_POINT('',(1.345798502049E2,1.104214050163E1,-5.738254388484E0));
#7963=CARTESIAN_POINT('',(1.346226926348E2,1.102716599868E1,-5.567095036605E0));
#7964=CARTESIAN_POINT('',(1.346317838757E2,1.101656737057E1,-5.445952162912E0));
#7965=CARTESIAN_POINT('',(1.346314267853E2,1.101105846296E1,-5.382985060828E0));
#7967=CARTESIAN_POINT('',(1.346314267853E2,1.101105846296E1,-5.382985060828E0));
#7968=CARTESIAN_POINT('',(1.346314968404E2,1.100557098126E1,-5.320262857985E0));
#7969=CARTESIAN_POINT('',(1.346221505348E2,1.099507009802E1,-5.200237213258E0));
#7970=CARTESIAN_POINT('',(1.345794215468E2,1.098024694988E1,-5.030807854775E0));
#7971=CARTESIAN_POINT('',(1.345085700343E2,1.096713976111E1,-4.880992001552E0));
#7972=CARTESIAN_POINT('',(1.344117130135E2,1.095555716408E1,-4.748602311747E0));
#7973=CARTESIAN_POINT('',(1.342887196547E2,1.094539069632E1,-4.632399053499E0));
#7974=CARTESIAN_POINT('',(1.341359855982E2,1.093698707883E1,-4.536345266063E0));
#7975=CARTESIAN_POINT('',(1.339531539678E2,1.093049615457E1,-4.462153662328E0));
#7976=CARTESIAN_POINT('',(1.337376703205E2,1.092611329384E1,-4.412057334875E0));
#7977=CARTESIAN_POINT('',(1.335816467412E2,1.092512394775E1,-4.400749057331E0));
#7978=CARTESIAN_POINT('',(1.334985805941E2,1.092512394775E1,-4.400749057332E0));
#7980=DIRECTION('',(-1.E0,-1.968587087767E-12,-5.480940928368E-13));
#7981=VECTOR('',#7980,4.683202513E-1);
#7982=CARTESIAN_POINT('',(1.334985805941E2,1.092512394775E1,-4.400749057332E0));
#7983=LINE('',#7982,#7981);
#7984=DIRECTION('',(-1.987454862639E-11,-8.715574274965E-2,9.961946980916E-1));
#7985=VECTOR('',#7984,5.562916258508E-1);
#7986=CARTESIAN_POINT('',(1.330302603428E2,1.092512394775E1,-4.400749057332E0));
#7987=LINE('',#7986,#7985);
#7988=DIRECTION('',(-1.E0,-7.271851815967E-13,8.204140510322E-14));
#7989=VECTOR('',#7988,4.763430175E-1);
#7990=CARTESIAN_POINT('',(1.335066033603E2,1.104758042606E1,-5.800433009271E0));
#7991=LINE('',#7990,#7989);
#7992=DIRECTION('',(0.E0,-8.715574274725E-2,9.961946980918E-1));
#7993=VECTOR('',#7992,8.565523679512E-1);
#7994=CARTESIAN_POINT('',(1.330302603428E2,1.104758042606E1,-5.800433009271E0));
#7995=LINE('',#7994,#7993);
#7996=DIRECTION('',(1.E0,-9.784939876724E-13,0.E0));
#7997=VECTOR('',#7996,4.88342285E-1);
#7998=CARTESIAN_POINT('',(1.330302603428E2,1.097292696823E1,-4.947140081680E0));
#7999=LINE('',#7998,#7997);
#8000=CARTESIAN_POINT('',(1.335186026278E2,1.097292696823E1,-4.947140081680E0));
#8001=CARTESIAN_POINT('',(1.335557545572E2,1.097292696823E1,-4.947140081680E0));
#8002=CARTESIAN_POINT('',(1.336261841351E2,1.097338916782E1,-4.952423047189E0));
#8003=CARTESIAN_POINT('',(1.337232059929E2,1.097547443081E1,-4.976257712251E0));
#8004=CARTESIAN_POINT('',(1.338053537148E2,1.097861221143E1,-5.012122708747E0));
#8005=CARTESIAN_POINT('',(1.338736627317E2,1.098283464916E1,-5.060385392937E0));
#8006=CARTESIAN_POINT('',(1.339287398580E2,1.098824133124E1,-5.122184051877E0));
#8007=CARTESIAN_POINT('',(1.339713092343E2,1.099465919357E1,-5.195540554005E0));
#8008=CARTESIAN_POINT('',(1.339989692318E2,1.100175708826E1,-5.276669861512E0));
#8009=CARTESIAN_POINT('',(1.340062451884E2,1.100672477652E1,-5.333450798157E0));
#8010=CARTESIAN_POINT('',(1.340068443545E2,1.100916027268E1,-5.361288646670E0));
#8012=CARTESIAN_POINT('',(1.340068443545E2,1.100916027268E1,-5.361288646670E0));
#8013=CARTESIAN_POINT('',(1.340077457320E2,1.101206355986E1,-5.394473370907E0));
#8014=CARTESIAN_POINT('',(1.340042707852E2,1.101758206523E1,-5.457550175952E0));
#8015=CARTESIAN_POINT('',(1.339816758992E2,1.102530909789E1,-5.545870563468E0));
#8016=CARTESIAN_POINT('',(1.339411853631E2,1.103189996350E1,-5.621204502078E0));
#8017=CARTESIAN_POINT('',(1.338858058339E2,1.103747089384E1,-5.684880527239E0));
#8018=CARTESIAN_POINT('',(1.338139382640E2,1.104194155114E1,-5.735980374023E0));
#8019=CARTESIAN_POINT('',(1.337258092121E2,1.104514327417E1,-5.772576235625E0));
#8020=CARTESIAN_POINT('',(1.336216753959E2,1.104716998264E1,-5.795741619497E0));
#8021=CARTESIAN_POINT('',(1.335465856557E2,1.104758042606E1,-5.800433009268E0));
#8022=CARTESIAN_POINT('',(1.335066033603E2,1.104758042606E1,-5.800433009271E0));
#8024=DIRECTION('',(-1.E0,1.338766565093E-12,2.610408344193E-13));
#8025=VECTOR('',#8024,4.763430175E-1);
#8026=CARTESIAN_POINT('',(1.335066033603E2,1.154567777511E1,-5.756855137897E0));
#8027=LINE('',#8026,#8025);
#8028=DIRECTION('',(0.E0,-9.961946980918E-1,-8.715574274752E-2));
#8029=VECTOR('',#8028,5.000000000034E-1);
#8030=CARTESIAN_POINT('',(1.330302603428E2,1.154567777511E1,-5.756855137897E0));
#8031=LINE('',#8030,#8029);
#8032=CARTESIAN_POINT('',(1.335066033603E2,1.154567777511E1,-5.756855137897E0));
#8033=CARTESIAN_POINT('',(1.335465856557E2,1.154567777511E1,-5.756855137894E0));
#8034=CARTESIAN_POINT('',(1.336216753959E2,1.154526733169E1,-5.752163748123E0));
#8035=CARTESIAN_POINT('',(1.337258092121E2,1.154324062322E1,-5.728998364251E0));
#8036=CARTESIAN_POINT('',(1.338139382640E2,1.154003890019E1,-5.692402502649E0));
#8037=CARTESIAN_POINT('',(1.338858058339E2,1.153556824289E1,-5.641302655865E0));
#8038=CARTESIAN_POINT('',(1.339411853631E2,1.152999731255E1,-5.577626630704E0));
#8039=CARTESIAN_POINT('',(1.339816758992E2,1.152340644694E1,-5.502292692094E0));
#8040=CARTESIAN_POINT('',(1.340042707852E2,1.151567941428E1,-5.413972304578E0));
#8041=CARTESIAN_POINT('',(1.340077457320E2,1.151016090890E1,-5.350895499533E0));
#8042=CARTESIAN_POINT('',(1.340068443545E2,1.150725762173E1,-5.317710775296E0));
#8044=CARTESIAN_POINT('',(1.340068443545E2,1.150725762173E1,-5.317710775296E0));
#8045=CARTESIAN_POINT('',(1.340062451884E2,1.150482212556E1,-5.289872926783E0));
#8046=CARTESIAN_POINT('',(1.339989692318E2,1.149985443731E1,-5.233091990138E0));
#8047=CARTESIAN_POINT('',(1.339713092343E2,1.149275654262E1,-5.151962682631E0));
#8048=CARTESIAN_POINT('',(1.339287398580E2,1.148633868029E1,-5.078606180503E0));
#8049=CARTESIAN_POINT('',(1.338736627317E2,1.148093199821E1,-5.016807521563E0));
#8050=CARTESIAN_POINT('',(1.338053537148E2,1.147670956048E1,-4.968544837373E0));
#8051=CARTESIAN_POINT('',(1.337232059929E2,1.147357177986E1,-4.932679840877E0));
#8052=CARTESIAN_POINT('',(1.336261841351E2,1.147148651687E1,-4.908845175815E0));
#8053=CARTESIAN_POINT('',(1.335557545572E2,1.147102431728E1,-4.903562210306E0));
#8054=CARTESIAN_POINT('',(1.335186026278E2,1.147102431728E1,-4.903562210306E0));
#8056=DIRECTION('',(0.E0,-9.961946980918E-1,-8.715574274752E-2));
#8057=VECTOR('',#8056,5.000000000024E-1);
#8058=CARTESIAN_POINT('',(1.335066033603E2,1.154567777511E1,-5.756855137897E0));
#8059=LINE('',#8058,#8057);
#8060=DIRECTION('',(0.E0,-9.961946980918E-1,-8.715574274753E-2));
#8061=VECTOR('',#8060,5.000000000020E-1);
#8062=CARTESIAN_POINT('',(1.340068443545E2,1.150725762173E1,-5.317710775296E0));
#8063=LINE('',#8062,#8061);
#8064=DIRECTION('',(0.E0,9.961946980918E-1,8.715574274751E-2));
#8065=VECTOR('',#8064,5.000000000029E-1);
#8066=CARTESIAN_POINT('',(1.335186026278E2,1.097292696823E1,-4.947140081680E0));
#8067=LINE('',#8066,#8065);
#8068=DIRECTION('',(1.E0,-1.862412348284E-12,-7.275048235483E-14));
#8069=VECTOR('',#8068,4.88342285E-1);
#8070=CARTESIAN_POINT('',(1.330302603428E2,1.147102431728E1,-4.903562210306E0));
#8071=LINE('',#8070,#8069);
#8072=DIRECTION('',(0.E0,-8.715574274725E-2,9.961946980918E-1));
#8073=VECTOR('',#8072,8.565523679512E-1);
#8074=CARTESIAN_POINT('',(1.330302603428E2,1.154567777511E1,-5.756855137897E0));
#8075=LINE('',#8074,#8073);
#8076=DIRECTION('',(0.E0,-9.961946980918E-1,-8.715574274751E-2));
#8077=VECTOR('',#8076,5.000000000034E-1);
#8078=CARTESIAN_POINT('',(1.330302603428E2,1.147102431728E1,-4.903562210306E0));
#8079=LINE('',#8078,#8077);
#8080=DIRECTION('',(0.E0,-9.961946980918E-1,-8.715574274687E-2));
#8081=VECTOR('',#8080,5.000000000007E-1);
#8082=CARTESIAN_POINT('',(1.429872107187E2,1.159765185538E1,-6.350921593759E0));
#8083=LINE('',#8082,#8081);
#8084=DIRECTION('',(0.E0,-9.961946980918E-1,-8.715574274753E-2));
#8085=VECTOR('',#8084,5.000000000017E-1);
#8086=CARTESIAN_POINT('',(1.438757843879E2,1.157601828289E1,-6.103648728745E0));
#8087=LINE('',#8086,#8085);
#8088=DIRECTION('',(5.684341886077E-14,-9.961946980918E-1,-8.715574274752E-2));
#8089=VECTOR('',#8088,5.000000000003E-1);
#8090=CARTESIAN_POINT('',(1.435675706429E2,1.153380910352E1,-5.621195600938E0));
#8091=LINE('',#8090,#8089);
#8092=DIRECTION('',(0.E0,-9.961946980918E-1,-8.715574274751E-2));
#8093=VECTOR('',#8092,4.999999999995E-1);
#8094=CARTESIAN_POINT('',(1.426188940802E2,1.152915918504E1,-5.568046789413E0));
#8095=LINE('',#8094,#8093);
#8096=DIRECTION('',(5.684341886086E-14,-9.961946980917E-1,-8.715574274810E-2));
#8097=VECTOR('',#8096,4.999999999995E-1);
#8098=CARTESIAN_POINT('',(1.432233590951E2,1.149613579967E1,-5.190587767484E0));
#8099=LINE('',#8098,#8097);
#8100=DIRECTION('',(0.E0,-9.961946980918E-1,-8.715574274752E-2));
#8101=VECTOR('',#8100,5.000000000002E-1);
#8102=CARTESIAN_POINT('',(1.441120323829E2,1.142229010509E1,-4.346527616034E0));
#8103=LINE('',#8102,#8101);
#8104=DIRECTION('',(0.E0,-9.961946980918E-1,-8.715574274752E-2));
#8105=VECTOR('',#8104,4.999999999998E-1);
#8106=CARTESIAN_POINT('',(1.420268836294E2,1.137601306551E1,-3.817578633223E0));
#8107=LINE('',#8106,#8105);
#8108=DIRECTION('',(5.684341886069E-14,-9.961946980918E-1,-8.715574274751E-2));
#8109=VECTOR('',#8108,5.000000000011E-1);
#8110=CARTESIAN_POINT('',(1.423891678467E2,1.141524180800E1,-4.265965211650E0));
#8111=LINE('',#8110,#8109);
#8112=DIRECTION('',(5.684341886056E-14,-9.961946980918E-1,-8.715574274752E-2));
#8113=VECTOR('',#8112,5.000000000022E-1);
#8114=CARTESIAN_POINT('',(1.430952738900E2,1.139392659409E1,-4.022331201828E0));
#8115=LINE('',#8114,#8113);
#8116=DIRECTION('',(0.E0,-9.961946980917E-1,-8.715574274810E-2));
#8117=VECTOR('',#8116,5.000000000012E-1);
#8118=CARTESIAN_POINT('',(1.434993784896E2,1.141631315554E1,-4.278210770156E0));
#8119=LINE('',#8118,#8117);
#8120=DIRECTION('',(0.E0,-9.961946980918E-1,-8.715574274743E-2));
#8121=VECTOR('',#8120,5.000000000014E-1);
#8122=CARTESIAN_POINT('',(1.429351673838E2,1.144869759491E1,-4.648366605951E0));
#8123=LINE('',#8122,#8121);
#8124=DIRECTION('',(0.E0,-9.961946980918E-1,-8.715574274751E-2));
#8125=VECTOR('',#8124,5.000000000002E-1);
#8126=CARTESIAN_POINT('',(1.420064602578E2,1.152394539177E1,-5.508452859737E0));
#8127=LINE('',#8126,#8125);
#8128=CARTESIAN_POINT('',(1.420064602578E2,1.102584804273E1,-5.552030731111E0));
#8129=CARTESIAN_POINT('',(1.420063963639E2,1.103026937196E1,-5.602566755486E0));
#8130=CARTESIAN_POINT('',(1.420147703280E2,1.103892079034E1,-5.701452920008E0));
#8131=CARTESIAN_POINT('',(1.420517626202E2,1.105132278304E1,-5.843208345234E0));
#8132=CARTESIAN_POINT('',(1.421135051982E2,1.106263716475E1,-5.972532320025E0));
#8133=CARTESIAN_POINT('',(1.421989155915E2,1.107276498556E1,-6.088293841531E0));
#8134=CARTESIAN_POINT('',(1.423074195307E2,1.108168588219E1,-6.190260156647E0));
#8135=CARTESIAN_POINT('',(1.424416921461E2,1.108910419511E1,-6.275051861239E0));
#8136=CARTESIAN_POINT('',(1.426013225990E2,1.109482980772E1,-6.340495912882E0));
#8137=CARTESIAN_POINT('',(1.427858120885E2,1.109866658321E1,-6.384350457366E0));
#8138=CARTESIAN_POINT('',(1.429179908494E2,1.109955449883E1,-6.394499379412E0));
#8139=CARTESIAN_POINT('',(1.429872107187E2,1.109955450633E1,-6.394499465132E0));
#8141=CARTESIAN_POINT('',(1.429872107187E2,1.109955450633E1,-6.394499465132E0));
#8142=CARTESIAN_POINT('',(1.430986399924E2,1.109955451840E1,-6.394499603126E0));
#8143=CARTESIAN_POINT('',(1.433132645846E2,1.109795811221E1,-6.376252596861E0));
#8144=CARTESIAN_POINT('',(1.436137922637E2,1.109035297843E1,-6.289325519963E0));
#8145=CARTESIAN_POINT('',(1.437935539808E2,1.108247408622E1,-6.199269369895E0));
#8146=CARTESIAN_POINT('',(1.438757843879E2,1.107792093384E1,-6.147226600119E0));
#8148=CARTESIAN_POINT('',(1.438757843879E2,1.107792093384E1,-6.147226600119E0));
#8149=CARTESIAN_POINT('',(1.439112984449E2,1.107610691202E1,-6.126492235815E0));
#8150=CARTESIAN_POINT('',(1.439730769485E2,1.107091424974E1,-6.067139834319E0));
#8151=CARTESIAN_POINT('',(1.440178178734E2,1.106050515270E1,-5.948163310701E0));
#8152=CARTESIAN_POINT('',(1.440091962232E2,1.104936239990E1,-5.820801063442E0));
#8153=CARTESIAN_POINT('',(1.439462994234E2,1.103945119620E1,-5.707515486759E0));
#8154=CARTESIAN_POINT('',(1.438378512962E2,1.103294852180E1,-5.633189578312E0));
#8155=CARTESIAN_POINT('',(1.437009583282E2,1.103094536920E1,-5.610293439269E0));
#8156=CARTESIAN_POINT('',(1.436096997977E2,1.103356942834E1,-5.640286572565E0));
#8157=CARTESIAN_POINT('',(1.435675706429E2,1.103571175448E1,-5.664773472312E0));
#8159=CARTESIAN_POINT('',(1.435675706429E2,1.103571175448E1,-5.664773472312E0));
#8160=CARTESIAN_POINT('',(1.435227263656E2,1.103801193470E1,-5.691064652481E0));
#8161=CARTESIAN_POINT('',(1.434357640971E2,1.104212239006E1,-5.738047372239E0));
#8162=CARTESIAN_POINT('',(1.433061809378E2,1.104693755508E1,-5.793084960287E0));
#8163=CARTESIAN_POINT('',(1.431853935351E2,1.105013046430E1,-5.829580079703E0));
#8164=CARTESIAN_POINT('',(1.430743572746E2,1.105181065019E1,-5.848784692285E0));
#8165=CARTESIAN_POINT('',(1.429739422815E2,1.105231336455E1,-5.854530743784E0));
#8166=CARTESIAN_POINT('',(1.428844261275E2,1.105171713779E1,-5.847715840701E0));
#8167=CARTESIAN_POINT('',(1.428063721171E2,1.105023829186E1,-5.830812554308E0));
#8168=CARTESIAN_POINT('',(1.427397051985E2,1.104789954670E1,-5.804080574889E0));
#8169=CARTESIAN_POINT('',(1.426868549932E2,1.104444605085E1,-5.764606936631E0));
#8170=CARTESIAN_POINT('',(1.426492498188E2,1.104021929644E1,-5.716294912652E0));
#8171=CARTESIAN_POINT('',(1.426255129769E2,1.103570537337E1,-5.664700535902E0));
#8172=CARTESIAN_POINT('',(1.426191631750E2,1.103255841765E1,-5.628730667381E0));
#8173=CARTESIAN_POINT('',(1.426188940802E2,1.103106183599E1,-5.611624660787E0));
#8175=CARTESIAN_POINT('',(1.426188940802E2,1.103106183599E1,-5.611624660787E0));
#8176=CARTESIAN_POINT('',(1.426183702226E2,1.102932801319E1,-5.591806975533E0));
#8177=CARTESIAN_POINT('',(1.426202333416E2,1.102600500183E1,-5.553824781827E0));
#8178=CARTESIAN_POINT('',(1.426343850295E2,1.102130036469E1,-5.500050533319E0));
#8179=CARTESIAN_POINT('',(1.426628846927E2,1.101728109528E1,-5.454110073720E0));
#8180=CARTESIAN_POINT('',(1.427042053061E2,1.101404679215E1,-5.417141819801E0));
#8181=CARTESIAN_POINT('',(1.427547636824E2,1.101122063575E1,-5.384838704313E0));
#8182=CARTESIAN_POINT('',(1.428144296137E2,1.100870468260E1,-5.356081228151E0));
#8183=CARTESIAN_POINT('',(1.428826114139E2,1.100649010482E1,-5.330768488314E0));
#8184=CARTESIAN_POINT('',(1.429580887980E2,1.100443100879E1,-5.307232912988E0));
#8185=CARTESIAN_POINT('',(1.430401242946E2,1.100230555323E1,-5.282938844782E0));
#8186=CARTESIAN_POINT('',(1.431292710901E2,1.100016200286E1,-5.258437951954E0));
#8187=CARTESIAN_POINT('',(1.431911915065E2,1.099875651216E1,-5.242373119707E0));
#8188=CARTESIAN_POINT('',(1.432233590951E2,1.099803845063E1,-5.234165638858E0));
#8190=CARTESIAN_POINT('',(1.432233590951E2,1.099803845063E1,-5.234165638858E0));
#8191=CARTESIAN_POINT('',(1.432947938875E2,1.099641681432E1,-5.215630251098E0));
#8192=CARTESIAN_POINT('',(1.434302151071E2,1.099304424538E1,-5.177081611689E0));
#8193=CARTESIAN_POINT('',(1.436180101555E2,1.098686599245E1,-5.106463857525E0));
#8194=CARTESIAN_POINT('',(1.437785084469E2,1.097971936655E1,-5.024777549691E0));
#8195=CARTESIAN_POINT('',(1.439063158301E2,1.097108569371E1,-4.926094217570E0));
#8196=CARTESIAN_POINT('',(1.440024202143E2,1.096125474459E1,-4.813725954939E0));
#8197=CARTESIAN_POINT('',(1.440692407453E2,1.095019764601E1,-4.687342739882E0));
#8198=CARTESIAN_POINT('',(1.441055085497E2,1.093765703286E1,-4.544002875671E0));
#8199=CARTESIAN_POINT('',(1.441123629055E2,1.092882995196E1,-4.443108879284E0));
#8200=CARTESIAN_POINT('',(1.441120323829E2,1.092419275604E1,-4.390105487408E0));
#8202=CARTESIAN_POINT('',(1.441120323829E2,1.092419275604E1,-4.390105487408E0));
#8203=CARTESIAN_POINT('',(1.441121017126E2,1.091920258778E1,-4.333067603189E0));
#8204=CARTESIAN_POINT('',(1.441035245570E2,1.090971653360E1,-4.224641507797E0));
#8205=CARTESIAN_POINT('',(1.440635502259E2,1.089642612245E1,-4.072731413164E0));
#8206=CARTESIAN_POINT('',(1.439982230221E2,1.088482603135E1,-3.940141765238E0));
#8207=CARTESIAN_POINT('',(1.439103347226E2,1.087457514254E1,-3.822973569946E0));
#8208=CARTESIAN_POINT('',(1.437963650959E2,1.086562861022E1,-3.720714237575E0));
#8209=CARTESIAN_POINT('',(1.436535612200E2,1.085814437102E1,-3.635168992149E0));
#8210=CARTESIAN_POINT('',(1.434793178504E2,1.085237114626E1,-3.569180731152E0));
#8211=CARTESIAN_POINT('',(1.432723777934E2,1.084883441373E1,-3.528755693304E0));
#8212=CARTESIAN_POINT('',(1.430360298823E2,1.084791487272E1,-3.518245291510E0));
#8213=CARTESIAN_POINT('',(1.427782107457E2,1.085004623395E1,-3.542606861857E0));
#8214=CARTESIAN_POINT('',(1.425131679526E2,1.085568639468E1,-3.607074193952E0));
#8215=CARTESIAN_POINT('',(1.422592533988E2,1.086489393170E1,-3.712316823771E0));
#8216=CARTESIAN_POINT('',(1.421017047780E2,1.087322001112E1,-3.807484346851E0));
#8217=CARTESIAN_POINT('',(1.420281039631E2,1.087783892035E1,-3.860278721059E0));
#8218=CARTESIAN_POINT('',(1.420268836294E2,1.087791571646E1,-3.861156504597E0));
#8220=CARTESIAN_POINT('',(1.420268836294E2,1.087791571646E1,-3.861156504597E0));
#8221=CARTESIAN_POINT('',(1.419953009548E2,1.087993776928E1,-3.884268674082E0));
#8222=CARTESIAN_POINT('',(1.419402984816E2,1.088566006797E1,-3.949674847363E0));
#8223=CARTESIAN_POINT('',(1.419056252985E2,1.089639461470E1,-4.072371277968E0));
#8224=CARTESIAN_POINT('',(1.419266129694E2,1.090774114243E1,-4.202062683342E0));
#8225=CARTESIAN_POINT('',(1.420029588558E2,1.091710626579E1,-4.309106533184E0));
#8226=CARTESIAN_POINT('',(1.421217394331E2,1.092259232885E1,-4.371812520895E0));
#8227=CARTESIAN_POINT('',(1.422620369157E2,1.092325110546E1,-4.379342371994E0));
#8228=CARTESIAN_POINT('',(1.423506511016E2,1.091969433468E1,-4.338688295999E0));
#8229=CARTESIAN_POINT('',(1.423891678467E2,1.091714445895E1,-4.309543083024E0));
#8231=CARTESIAN_POINT('',(1.423891678467E2,1.091714445895E1,-4.309543083024E0));
#8232=CARTESIAN_POINT('',(1.424638505448E2,1.091243723042E1,-4.255739214740E0));
#8233=CARTESIAN_POINT('',(1.426136526820E2,1.090466384292E1,-4.166888989010E0));
#8234=CARTESIAN_POINT('',(1.428539468385E2,1.089730555115E1,-4.082783329249E0));
#8235=CARTESIAN_POINT('',(1.430154496902E2,1.089582924504E1,-4.065909073208E0));
#8236=CARTESIAN_POINT('',(1.430952738900E2,1.089582924504E1,-4.065909073202E0));
#8238=CARTESIAN_POINT('',(1.430952738900E2,1.089582924504E1,-4.065909073202E0));
#8239=CARTESIAN_POINT('',(1.431293886702E2,1.089582924504E1,-4.065909073199E0));
#8240=CARTESIAN_POINT('',(1.431941585931E2,1.089607134075E1,-4.068676239797E0));
#8241=CARTESIAN_POINT('',(1.432847197344E2,1.089753980990E1,-4.085460918975E0));
#8242=CARTESIAN_POINT('',(1.433611549496E2,1.090012275884E1,-4.114984160524E0));
#8243=CARTESIAN_POINT('',(1.434223732102E2,1.090360669891E1,-4.154805777727E0));
#8244=CARTESIAN_POINT('',(1.434666902608E2,1.090794807299E1,-4.204427910468E0));
#8245=CARTESIAN_POINT('',(1.434921348117E2,1.091294701850E1,-4.261566119129E0));
#8246=CARTESIAN_POINT('',(1.434987264030E2,1.091646109278E1,-4.301732171937E0));
#8247=CARTESIAN_POINT('',(1.434993784896E2,1.091821580650E1,-4.321788641531E0));
#8249=CARTESIAN_POINT('',(1.434993784896E2,1.091821580650E1,-4.321788641531E0));
#8250=CARTESIAN_POINT('',(1.435002639069E2,1.092003651567E1,-4.342599442607E0));
#8251=CARTESIAN_POINT('',(1.434985771660E2,1.092352150370E1,-4.382433038064E0));
#8252=CARTESIAN_POINT('',(1.434819829829E2,1.092843652128E1,-4.438611946039E0));
#8253=CARTESIAN_POINT('',(1.434484957368E2,1.093248310298E1,-4.484864586489E0));
#8254=CARTESIAN_POINT('',(1.434030313650E2,1.093582937068E1,-4.523112601368E0));
#8255=CARTESIAN_POINT('',(1.433470463120E2,1.093879242872E1,-4.556980509763E0));
#8256=CARTESIAN_POINT('',(1.432808605901E2,1.094139418013E1,-4.586718664425E0));
#8257=CARTESIAN_POINT('',(1.432057399934E2,1.094374897633E1,-4.613634108187E0));
#8258=CARTESIAN_POINT('',(1.431228809848E2,1.094607310174E1,-4.640198983161E0));
#8259=CARTESIAN_POINT('',(1.430319472904E2,1.094839284997E1,-4.666713826693E0));
#8260=CARTESIAN_POINT('',(1.429683610225E2,1.094986184484E1,-4.683504515E0));
#8261=CARTESIAN_POINT('',(1.429351673838E2,1.095060024587E1,-4.691944477325E0));
#8263=CARTESIAN_POINT('',(1.429351673838E2,1.095060024587E1,-4.691944477325E0));
#8264=CARTESIAN_POINT('',(1.428692016424E2,1.095206767074E1,-4.708717220352E0));
#8265=CARTESIAN_POINT('',(1.427426670672E2,1.095502099448E1,-4.742473865222E0));
#8266=CARTESIAN_POINT('',(1.425636708700E2,1.096011151120E1,-4.800658737586E0));
#8267=CARTESIAN_POINT('',(1.424058494976E2,1.096592196002E1,-4.867072471447E0));
#8268=CARTESIAN_POINT('',(1.422735706974E2,1.097293811661E1,-4.947267508181E0));
#8269=CARTESIAN_POINT('',(1.421703746214E2,1.098127929467E1,-5.042607609765E0));
#8270=CARTESIAN_POINT('',(1.420922690754E2,1.099064052619E1,-5.149606975581E0));
#8271=CARTESIAN_POINT('',(1.420394827730E2,1.100121348407E1,-5.270456437189E0));
#8272=CARTESIAN_POINT('',(1.420112586681E2,1.101310434566E1,-5.406369607051E0));
#8273=CARTESIAN_POINT('',(1.420062007095E2,1.102145455282E1,-5.501812911666E0));
#8274=CARTESIAN_POINT('',(1.420064602578E2,1.102584804273E1,-5.552030731111E0));
#8276=DIRECTION('',(0.E0,-9.961946980917E-1,-8.715574274804E-2));
#8277=VECTOR('',#8276,4.999999999979E-1);
#8278=CARTESIAN_POINT('',(1.471392363524E2,1.145461977018E1,-4.716057378996E0));
#8279=LINE('',#8278,#8277);
#8280=DIRECTION('',(0.E0,9.961946980918E-1,8.715574274757E-2));
#8281=VECTOR('',#8280,5.000000000012E-1);
#8282=CARTESIAN_POINT('',(1.495808780144E2,1.095827353661E1,-4.779650591892E0));
#8283=LINE('',#8282,#8281);
#8284=DIRECTION('',(6.043269565778E-13,8.715574274787E-2,-9.961946980917E-1));
#8285=VECTOR('',#8284,1.316849853195E0);
#8286=CARTESIAN_POINT('',(1.471392363524E2,1.145461977018E1,-4.716057378996E0));
#8287=LINE('',#8286,#8285);
#8288=DIRECTION('',(0.E0,-9.961946980917E-1,-8.715574274810E-2));
#8289=VECTOR('',#8288,5.000000000014E-1);
#8290=CARTESIAN_POINT('',(1.477556638425E2,1.156939079722E1,-6.027896220931E0));
#8291=LINE('',#8290,#8289);
#8292=DIRECTION('',(0.E0,9.961946980917E-1,8.715574274810E-2));
#8293=VECTOR('',#8292,4.999999999981E-1);
#8294=CARTESIAN_POINT('',(1.471392363524E2,1.107129344818E1,-6.071474092305E0));
#8295=LINE('',#8294,#8293);
#8296=DIRECTION('',(-7.144732558121E-12,-8.715574274753E-2,9.961946980918E-1));
#8297=VECTOR('',#8296,1.300804320965E0);
#8298=CARTESIAN_POINT('',(1.477556638425E2,1.156939079722E1,-6.027896220931E0));
#8299=LINE('',#8298,#8297);
#8300=DIRECTION('',(-5.684341886092E-14,-9.961946980917E-1,-8.715574274810E-2));
#8301=VECTOR('',#8300,4.999999999991E-1);
#8302=CARTESIAN_POINT('',(1.489644505243E2,1.145427927550E1,-4.712165507017E0));
#8303=LINE('',#8302,#8301);
#8304=DIRECTION('',(0.E0,9.961946980918E-1,8.715574274686E-2));
#8305=VECTOR('',#8304,5.000000000023E-1);
#8306=CARTESIAN_POINT('',(1.477556638425E2,1.095792088141E1,-4.775619724505E0));
#8307=LINE('',#8306,#8305);
#8308=DIRECTION('',(7.746934946876E-12,8.715574274668E-2,-9.961946980918E-1));
#8309=VECTOR('',#8308,1.320756591492E0);
#8310=CARTESIAN_POINT('',(1.489644505243E2,1.145427927550E1,-4.712165507017E0));
#8311=LINE('',#8310,#8309);
#8312=DIRECTION('',(0.E0,-9.961946980917E-1,-8.715574274810E-2));
#8313=VECTOR('',#8312,5.000000000014E-1);
#8314=CARTESIAN_POINT('',(1.495808780144E2,1.156939079722E1,-6.027896220931E0));
#8315=LINE('',#8314,#8313);
#8316=DIRECTION('',(0.E0,9.961946980917E-1,8.715574274810E-2));
#8317=VECTOR('',#8316,4.999999999981E-1);
#8318=CARTESIAN_POINT('',(1.489644505243E2,1.107129344818E1,-6.071474092305E0));
#8319=LINE('',#8318,#8317);
#8320=DIRECTION('',(-1.095875567994E-11,-8.715574274891E-2,9.961946980916E-1));
#8321=VECTOR('',#8320,1.296758056320E0);
#8322=CARTESIAN_POINT('',(1.495808780144E2,1.156939079722E1,-6.027896220931E0));
#8323=LINE('',#8322,#8321);
#8324=CARTESIAN_POINT('',(1.495808780144E2,1.095827353661E1,-4.779650591892E0));
#8325=CARTESIAN_POINT('',(1.495808780144E2,1.095074803063E1,-4.693633664901E0));
#8326=CARTESIAN_POINT('',(1.495724156228E2,1.093657126722E1,-4.531592517633E0));
#8327=CARTESIAN_POINT('',(1.495268894484E2,1.091679154936E1,-4.305509307929E0));
#8328=CARTESIAN_POINT('',(1.494524727074E2,1.089987685217E1,-4.112173434375E0));
#8329=CARTESIAN_POINT('',(1.493550070477E2,1.088551259653E1,-3.947989241094E0));
#8330=CARTESIAN_POINT('',(1.492340618019E2,1.087348861511E1,-3.810554504584E0));
#8331=CARTESIAN_POINT('',(1.490882663185E2,1.086372245986E1,-3.698926839255E0));
#8332=CARTESIAN_POINT('',(1.489148919398E2,1.085604680748E1,-3.611193731124E0));
#8333=CARTESIAN_POINT('',(1.487104227145E2,1.085062261650E1,-3.549194944488E0));
#8334=CARTESIAN_POINT('',(1.484797856636E2,1.084793523973E1,-3.518478087556E0));
#8335=CARTESIAN_POINT('',(1.482393979816E2,1.084785230179E1,-3.517530102480E0));
#8336=CARTESIAN_POINT('',(1.480092428747E2,1.085038656116E1,-3.546496819664E0));
#8337=CARTESIAN_POINT('',(1.478050120349E2,1.085562007126E1,-3.606316113830E0));
#8338=CARTESIAN_POINT('',(1.476318613976E2,1.086314459727E1,-3.692321839633E0));
#8339=CARTESIAN_POINT('',(1.474863437235E2,1.087270979842E1,-3.801652589062E0));
#8340=CARTESIAN_POINT('',(1.473654912155E2,1.088455374138E1,-3.937029476551E0));
#8341=CARTESIAN_POINT('',(1.472673363841E2,1.089883684230E1,-4.100286067134E0));
#8342=CARTESIAN_POINT('',(1.471926356317E2,1.091567377502E1,-4.292733088721E0));
#8343=CARTESIAN_POINT('',(1.471475857341E2,1.093523348910E1,-4.516301643732E0));
#8344=CARTESIAN_POINT('',(1.471392363524E2,1.094917449376E1,-4.675648056118E0));
#8345=CARTESIAN_POINT('',(1.471392363524E2,1.095652242114E1,-4.759635250369E0));
#8347=DIRECTION('',(6.043269565778E-13,8.715574274772E-2,-9.961946980917E-1));
#8348=VECTOR('',#8347,1.316849853195E0);
#8349=CARTESIAN_POINT('',(1.471392363524E2,1.095652242114E1,-4.759635250369E0));
#8350=LINE('',#8349,#8348);
#8351=CARTESIAN_POINT('',(1.471392363524E2,1.107129344818E1,-6.071474092305E0));
#8352=CARTESIAN_POINT('',(1.471392363524E2,1.107541336416E1,-6.118564947524E0));
#8353=CARTESIAN_POINT('',(1.471620795699E2,1.108356081355E1,-6.211690720165E0));
#8354=CARTESIAN_POINT('',(1.472490627919E2,1.109315270425E1,-6.321326532497E0));
#8355=CARTESIAN_POINT('',(1.473754782212E2,1.109830745420E1,-6.380245594047E0));
#8356=CARTESIAN_POINT('',(1.475140237223E2,1.109841311690E1,-6.381453324197E0));
#8357=CARTESIAN_POINT('',(1.476431294372E2,1.109338672297E1,-6.324001378673E0));
#8358=CARTESIAN_POINT('',(1.477323522174E2,1.108369215169E1,-6.213191921887E0));
#8359=CARTESIAN_POINT('',(1.477556638425E2,1.107546312585E1,-6.119133726183E0));
#8360=CARTESIAN_POINT('',(1.477556638425E2,1.107129344818E1,-6.071474092305E0));
#8362=DIRECTION('',(-7.144732558118E-12,-8.715574274828E-2,9.961946980917E-1));
#8363=VECTOR('',#8362,1.300804320965E0);
#8364=CARTESIAN_POINT('',(1.477556638425E2,1.107129344818E1,-6.071474092305E0));
#8365=LINE('',#8364,#8363);
#8366=CARTESIAN_POINT('',(1.477556638425E2,1.095792088141E1,-4.775619724505E0));
#8367=CARTESIAN_POINT('',(1.477556638425E2,1.095319024884E1,-4.721548346787E0));
#8368=CARTESIAN_POINT('',(1.477613008589E2,1.094432414119E1,-4.620208272577E0));
#8369=CARTESIAN_POINT('',(1.477918093149E2,1.093205015395E1,-4.479915956476E0));
#8370=CARTESIAN_POINT('',(1.478404921442E2,1.092172508311E1,-4.361899856779E0));
#8371=CARTESIAN_POINT('',(1.479068704793E2,1.091324872339E1,-4.265014621863E0));
#8372=CARTESIAN_POINT('',(1.479907695522E2,1.090657272358E1,-4.188707594841E0));
#8373=CARTESIAN_POINT('',(1.480922338772E2,1.090150248719E1,-4.130754527717E0));
#8374=CARTESIAN_POINT('',(1.482124381886E2,1.089837156386E1,-4.094967910242E0));
#8375=CARTESIAN_POINT('',(1.483456699350E2,1.089727497400E1,-4.082433830816E0));
#8376=CARTESIAN_POINT('',(1.484812559224E2,1.089795810518E1,-4.090242055885E0));
#8377=CARTESIAN_POINT('',(1.486083742612E2,1.090066529595E1,-4.121185388065E0));
#8378=CARTESIAN_POINT('',(1.487168134004E2,1.090549529257E1,-4.176392502047E0));
#8379=CARTESIAN_POINT('',(1.488060638541E2,1.091201614616E1,-4.250926199589E0));
#8380=CARTESIAN_POINT('',(1.488758314281E2,1.092037370633E1,-4.346453549512E0));
#8381=CARTESIAN_POINT('',(1.489269115441E2,1.093057695682E1,-4.463077236251E0));
#8382=CARTESIAN_POINT('',(1.489587102393E2,1.094272841542E1,-4.601969043547E0));
#8383=CARTESIAN_POINT('',(1.489644505243E2,1.095150884546E1,-4.702329818182E0));
#8384=CARTESIAN_POINT('',(1.489644505243E2,1.095618192646E1,-4.755743378391E0));
#8386=DIRECTION('',(7.746934946876E-12,8.715574274742E-2,-9.961946980918E-1));
#8387=VECTOR('',#8386,1.320756591492E0);
#8388=CARTESIAN_POINT('',(1.489644505243E2,1.095618192646E1,-4.755743378391E0));
#8389=LINE('',#8388,#8387);
#8390=CARTESIAN_POINT('',(1.489644505243E2,1.107129344818E1,-6.071474092305E0));
#8391=CARTESIAN_POINT('',(1.489644505243E2,1.107541336416E1,-6.118564947523E0));
#8392=CARTESIAN_POINT('',(1.489872937418E2,1.108356081355E1,-6.211690720162E0));
#8393=CARTESIAN_POINT('',(1.490742769639E2,1.109315270425E1,-6.321326532492E0));
#8394=CARTESIAN_POINT('',(1.492006923932E2,1.109830745420E1,-6.380245594041E0));
#8395=CARTESIAN_POINT('',(1.493392378942E2,1.109841311690E1,-6.381453324191E0));
#8396=CARTESIAN_POINT('',(1.494683436091E2,1.109338672297E1,-6.324001378668E0));
#8397=CARTESIAN_POINT('',(1.495575663893E2,1.108369215169E1,-6.213191921885E0));
#8398=CARTESIAN_POINT('',(1.495808780144E2,1.107546312585E1,-6.119133726183E0));
#8399=CARTESIAN_POINT('',(1.495808780144E2,1.107129344818E1,-6.071474092305E0));
#8401=DIRECTION('',(-1.095875567994E-11,-8.715574274875E-2,9.961946980916E-1));
#8402=VECTOR('',#8401,1.296758056320E0);
#8403=CARTESIAN_POINT('',(1.495808780144E2,1.107129344818E1,-6.071474092305E0));
#8404=LINE('',#8403,#8402);
#8405=DIRECTION('',(0.E0,-9.961946980917E-1,-8.715574274766E-2));
#8406=VECTOR('',#8405,5.000000000029E-1);
#8407=CARTESIAN_POINT('',(1.502100024039E2,1.137682889712E1,-3.826903631194E0));
#8408=LINE('',#8407,#8406);
#8409=DIRECTION('',(0.E0,9.961946980917E-1,8.715574274809E-2));
#8410=VECTOR('',#8409,4.999999999996E-1);
#8411=CARTESIAN_POINT('',(1.505182161490E2,1.085186895020E1,-3.563440603876E0));
#8412=LINE('',#8411,#8410);
#8413=DIRECTION('',(-5.371171409689E-12,8.715574274739E-2,-9.961946980918E-1));
#8414=VECTOR('',#8413,2.185401488692E0);
#8415=CARTESIAN_POINT('',(1.502100024039E2,1.137682889712E1,-3.826903631194E0));
#8416=LINE('',#8415,#8414);
#8417=DIRECTION('',(0.E0,-9.961946980918E-1,-8.715574274752E-2));
#8418=VECTOR('',#8417,5.000000000027E-1);
#8419=CARTESIAN_POINT('',(1.505182161490E2,1.159416178494E1,-6.311029906122E0));
#8420=LINE('',#8419,#8418);
#8421=DIRECTION('',(0.E0,9.961946980918E-1,8.715574274754E-2));
#8422=VECTOR('',#8421,5.000000000027E-1);
#8423=CARTESIAN_POINT('',(1.502100024039E2,1.106920183802E1,-6.047566878805E0));
#8424=LINE('',#8423,#8422);
#8425=DIRECTION('',(1.E0,-1.462643078362E-12,-1.584907360454E-14));
#8426=VECTOR('',#8425,7.845567625E-1);
#8427=CARTESIAN_POINT('',(1.505182161490E2,1.159416178494E1,-6.311029906122E0));
#8428=LINE('',#8427,#8426);
#8429=DIRECTION('',(0.E0,-9.961946980917E-1,-8.715574274810E-2));
#8430=VECTOR('',#8429,5.000000000008E-1);
#8431=CARTESIAN_POINT('',(1.527919240125E2,1.147218915009E1,-4.916876310324E0));
#8432=LINE('',#8431,#8430);
#8433=DIRECTION('',(0.E0,9.961946980918E-1,8.715574274752E-2));
#8434=VECTOR('',#8433,5.000000000021E-1);
#8435=CARTESIAN_POINT('',(1.513027729115E2,1.109606443589E1,-6.354607777496E0));
#8436=LINE('',#8435,#8434);
#8437=DIRECTION('',(0.E0,-9.961946980917E-1,-8.715574274809E-2));
#8438=VECTOR('',#8437,4.999999999988E-1);
#8439=CARTESIAN_POINT('',(1.513027729115E2,1.134996629924E1,-3.519862732502E0));
#8440=LINE('',#8439,#8438);
#8441=DIRECTION('',(-1.E0,1.729813176267E-12,1.437737391269E-13));
#8442=VECTOR('',#8441,7.845567625E-1);
#8443=CARTESIAN_POINT('',(1.513027729115E2,1.134996629924E1,-3.519862732502E0));
#8444=LINE('',#8443,#8442);
#8445=CARTESIAN_POINT('',(1.505182161490E2,1.085186895020E1,-3.563440603876E0));
#8446=CARTESIAN_POINT('',(1.504787614181E2,1.085186895020E1,-3.563440603873E0));
#8447=CARTESIAN_POINT('',(1.503976815142E2,1.085328606329E1,-3.579638280706E0));
#8448=CARTESIAN_POINT('',(1.502924639750E2,1.085916405285E1,-3.646824008754E0));
#8449=CARTESIAN_POINT('',(1.502260392306E2,1.086833134444E1,-3.751606631133E0));
#8450=CARTESIAN_POINT('',(1.502100024039E2,1.087533661580E1,-3.831677249183E0));
#8451=CARTESIAN_POINT('',(1.502100024039E2,1.087873154807E1,-3.870481502568E0));
#8453=DIRECTION('',(-5.371171409689E-12,8.715574274748E-2,-9.961946980918E-1));
#8454=VECTOR('',#8453,2.185401488692E0);
#8455=CARTESIAN_POINT('',(1.502100024039E2,1.087873154807E1,-3.870481502568E0));
#8456=LINE('',#8455,#8454);
#8457=CARTESIAN_POINT('',(1.502100024039E2,1.106920183802E1,-6.047566878805E0));
#8458=CARTESIAN_POINT('',(1.502100024039E2,1.107263653328E1,-6.086825625277E0));
#8459=CARTESIAN_POINT('',(1.502263368844E2,1.107969544709E1,-6.167509379378E0));
#8460=CARTESIAN_POINT('',(1.502935827399E2,1.108886671389E1,-6.272337438565E0));
#8461=CARTESIAN_POINT('',(1.503987389914E2,1.109467261127E1,-6.338699149238E0));
#8462=CARTESIAN_POINT('',(1.504792030817E2,1.109606443589E1,-6.354607777500E0));
#8463=CARTESIAN_POINT('',(1.505182161490E2,1.109606443589E1,-6.354607777496E0));
#8465=DIRECTION('',(1.E0,-6.883026251114E-13,5.094345087173E-14));
#8466=VECTOR('',#8465,7.845567625E-1);
#8467=CARTESIAN_POINT('',(1.505182161490E2,1.109606443589E1,-6.354607777496E0));
#8468=LINE('',#8467,#8466);
#8469=CARTESIAN_POINT('',(1.513027729115E2,1.109606443589E1,-6.354607777496E0));
#8470=CARTESIAN_POINT('',(1.513918185382E2,1.109606443589E1,-6.354607777495E0));
#8471=CARTESIAN_POINT('',(1.515638805332E2,1.109501143362E1,-6.342571906418E0));
#8472=CARTESIAN_POINT('',(1.518084822142E2,1.109027624409E1,-6.288448442444E0));
#8473=CARTESIAN_POINT('',(1.520282990548E2,1.108274178709E1,-6.202329204905E0));
#8474=CARTESIAN_POINT('',(1.522234500254E2,1.107276981021E1,-6.088348987508E0));
#8475=CARTESIAN_POINT('',(1.523931936646E2,1.106053635342E1,-5.948519936580E0));
#8476=CARTESIAN_POINT('',(1.525353130959E2,1.104623424725E1,-5.785046114995E0));
#8477=CARTESIAN_POINT('',(1.526491024417E2,1.103019292708E1,-5.601692986511E0));
#8478=CARTESIAN_POINT('',(1.527315541184E2,1.101259259729E1,-5.400520296446E0));
#8479=CARTESIAN_POINT('',(1.527811451458E2,1.099371979441E1,-5.184803172469E0));
#8480=CARTESIAN_POINT('',(1.527922617669E2,1.098069075741E1,-5.035880598084E0));
#8481=CARTESIAN_POINT('',(1.527919240125E2,1.097409180105E1,-4.960454181698E0));
#8483=CARTESIAN_POINT('',(1.527919240125E2,1.097409180105E1,-4.960454181698E0));
#8484=CARTESIAN_POINT('',(1.527919939764E2,1.096748927439E1,-4.884986956702E0));
#8485=CARTESIAN_POINT('',(1.527803583951E2,1.095444415582E1,-4.735880569126E0));
#8486=CARTESIAN_POINT('',(1.527299796918E2,1.093554387490E1,-4.519849369621E0));
#8487=CARTESIAN_POINT('',(1.526467496781E2,1.091789324590E1,-4.318101756986E0));
#8488=CARTESIAN_POINT('',(1.525322592400E2,1.090178950299E1,-4.134035133268E0));
#8489=CARTESIAN_POINT('',(1.523893733638E2,1.088742411690E1,-3.969838018934E0));
#8490=CARTESIAN_POINT('',(1.522190492226E2,1.087514869180E1,-3.829529268018E0));
#8491=CARTESIAN_POINT('',(1.520237201960E2,1.086515238726E1,-3.715270984277E0));
#8492=CARTESIAN_POINT('',(1.518044492124E2,1.085762691401E1,-3.629254431415E0));
#8493=CARTESIAN_POINT('',(1.515614378103E2,1.085291741075E1,-3.575424562835E0));
#8494=CARTESIAN_POINT('',(1.513908586890E2,1.085186895020E1,-3.563440603877E0));
#8495=CARTESIAN_POINT('',(1.513027729115E2,1.085186895020E1,-3.563440603876E0));
#8497=DIRECTION('',(-1.E0,7.879253734828E-13,6.113214104608E-14));
#8498=VECTOR('',#8497,7.845567625E-1);
#8499=CARTESIAN_POINT('',(1.513027729115E2,1.085186895020E1,-3.563440603876E0));
#8500=LINE('',#8499,#8498);
#8501=DIRECTION('',(-1.E0,-2.159180616126E-12,0.E0));
#8502=VECTOR('',#8501,4.763430175E-1);
#8503=CARTESIAN_POINT('',(1.513027729115E2,1.104758042606E1,-5.800433009271E0));
#8504=LINE('',#8503,#8502);
#8505=DIRECTION('',(0.E0,-8.715574274806E-2,9.961946980917E-1));
#8506=VECTOR('',#8505,1.689106200772E0);
#8507=CARTESIAN_POINT('',(1.508264298940E2,1.104758042606E1,-5.800433009271E0));
#8508=LINE('',#8507,#8506);
#8509=DIRECTION('',(1.E0,4.392944327799E-12,-6.395500443273E-13));
#8510=VECTOR('',#8509,4.763430175E-1);
#8511=CARTESIAN_POINT('',(1.508264298940E2,1.090036512055E1,-4.117754367548E0));
#8512=LINE('',#8511,#8510);
#8513=CARTESIAN_POINT('',(1.513027729115E2,1.090036512055E1,-4.117754367548E0));
#8514=CARTESIAN_POINT('',(1.513572234492E2,1.090036512055E1,-4.117754367551E0));
#8515=CARTESIAN_POINT('',(1.514636236111E2,1.090115767527E1,-4.126813309419E0));
#8516=CARTESIAN_POINT('',(1.516147735683E2,1.090446383003E1,-4.164602831185E0));
#8517=CARTESIAN_POINT('',(1.517499064408E2,1.090958261349E1,-4.223110793947E0));
#8518=CARTESIAN_POINT('',(1.518667579026E2,1.091633670754E1,-4.300310442168E0));
#8519=CARTESIAN_POINT('',(1.519638707501E2,1.092480864388E1,-4.397145117636E0));
#8520=CARTESIAN_POINT('',(1.520417306308E2,1.093501249302E1,-4.513775646960E0));
#8521=CARTESIAN_POINT('',(1.521007980890E2,1.094677277382E1,-4.648196271649E0));
#8522=CARTESIAN_POINT('',(1.521383822736E2,1.095975129726E1,-4.796541473378E0));
#8523=CARTESIAN_POINT('',(1.521475891019E2,1.096880836253E1,-4.900064203093E0));
#8524=CARTESIAN_POINT('',(1.521475129202E2,1.097338054268E1,-4.952324461366E0));
#8526=CARTESIAN_POINT('',(1.521475129202E2,1.097338054268E1,-4.952324461366E0));
#8527=CARTESIAN_POINT('',(1.521479123500E2,1.097802692378E1,-5.005432840298E0));
#8528=CARTESIAN_POINT('',(1.521391574329E2,1.098720809721E1,-5.110374132876E0));
#8529=CARTESIAN_POINT('',(1.521019597210E2,1.100036108290E1,-5.260713447256E0));
#8530=CARTESIAN_POINT('',(1.520429847301E2,1.101228576660E1,-5.397013205600E0));
#8531=CARTESIAN_POINT('',(1.519647565753E2,1.102266313300E1,-5.515627046333E0));
#8532=CARTESIAN_POINT('',(1.518667622455E2,1.103130302959E1,-5.614381516280E0));
#8533=CARTESIAN_POINT('',(1.517488061389E2,1.103820566401E1,-5.693278988706E0));
#8534=CARTESIAN_POINT('',(1.516127838661E2,1.104343093106E1,-5.753004064416E0));
#8535=CARTESIAN_POINT('',(1.514619525655E2,1.104677973026E1,-5.791281014375E0));
#8536=CARTESIAN_POINT('',(1.513563363183E2,1.104758042606E1,-5.800433009268E0));
#8537=CARTESIAN_POINT('',(1.513027729115E2,1.104758042606E1,-5.800433009271E0));
#8539=DIRECTION('',(-1.E0,-1.044163337677E-12,8.949971465805E-14));
#8540=VECTOR('',#8539,4.763430175E-1);
#8541=CARTESIAN_POINT('',(1.513027729115E2,1.154567777511E1,-5.756855137897E0));
#8542=LINE('',#8541,#8540);
#8543=DIRECTION('',(0.E0,-9.961946980918E-1,-8.715574274752E-2));
#8544=VECTOR('',#8543,5.000000000033E-1);
#8545=CARTESIAN_POINT('',(1.508264298940E2,1.154567777511E1,-5.756855137897E0));
#8546=LINE('',#8545,#8544);
#8547=CARTESIAN_POINT('',(1.513027729115E2,1.154567777511E1,-5.756855137897E0));
#8548=CARTESIAN_POINT('',(1.513563363183E2,1.154567777511E1,-5.756855137894E0));
#8549=CARTESIAN_POINT('',(1.514619525655E2,1.154487707931E1,-5.747703143001E0));
#8550=CARTESIAN_POINT('',(1.516127838661E2,1.154152828011E1,-5.709426193042E0));
#8551=CARTESIAN_POINT('',(1.517488061389E2,1.153630301306E1,-5.649701117332E0));
#8552=CARTESIAN_POINT('',(1.518667622455E2,1.152940037864E1,-5.570803644906E0));
#8553=CARTESIAN_POINT('',(1.519647565753E2,1.152076048205E1,-5.472049174959E0));
#8554=CARTESIAN_POINT('',(1.520429847301E2,1.151038311565E1,-5.353435334226E0));
#8555=CARTESIAN_POINT('',(1.521019597210E2,1.149845843195E1,-5.217135575882E0));
#8556=CARTESIAN_POINT('',(1.521391574329E2,1.148530544626E1,-5.066796261502E0));
#8557=CARTESIAN_POINT('',(1.521479123500E2,1.147612427282E1,-4.961854968924E0));
#8558=CARTESIAN_POINT('',(1.521475129202E2,1.147147789173E1,-4.908746589992E0));
#8560=CARTESIAN_POINT('',(1.521475129202E2,1.147147789173E1,-4.908746589992E0));
#8561=CARTESIAN_POINT('',(1.521475891019E2,1.146690571158E1,-4.856486331720E0));
#8562=CARTESIAN_POINT('',(1.521383822736E2,1.145784864631E1,-4.752963602004E0));
#8563=CARTESIAN_POINT('',(1.521007980890E2,1.144487012287E1,-4.604618400275E0));
#8564=CARTESIAN_POINT('',(1.520417306308E2,1.143310984207E1,-4.470197775586E0));
#8565=CARTESIAN_POINT('',(1.519638707501E2,1.142290599293E1,-4.353567246262E0));
#8566=CARTESIAN_POINT('',(1.518667579026E2,1.141443405659E1,-4.256732570794E0));
#8567=CARTESIAN_POINT('',(1.517499064408E2,1.140767996254E1,-4.179532922573E0));
#8568=CARTESIAN_POINT('',(1.516147735683E2,1.140256117908E1,-4.121024959811E0));
#8569=CARTESIAN_POINT('',(1.514636236111E2,1.139925502432E1,-4.083235438044E0));
#8570=CARTESIAN_POINT('',(1.513572234492E2,1.139846246960E1,-4.074176496177E0));
#8571=CARTESIAN_POINT('',(1.513027729115E2,1.139846246960E1,-4.074176496175E0));
#8573=DIRECTION('',(0.E0,-9.961946980918E-1,-8.715574274752E-2));
#8574=VECTOR('',#8573,5.000000000028E-1);
#8575=CARTESIAN_POINT('',(1.513027729115E2,1.154567777511E1,-5.756855137897E0));
#8576=LINE('',#8575,#8574);
#8577=DIRECTION('',(5.684341886058E-14,-9.961946980918E-1,-8.715574274685E-2));
#8578=VECTOR('',#8577,5.000000000020E-1);
#8579=CARTESIAN_POINT('',(1.521475129202E2,1.147147789173E1,-4.908746589992E0));
#8580=LINE('',#8579,#8578);
#8581=DIRECTION('',(0.E0,9.961946980918E-1,8.715574274686E-2));
#8582=VECTOR('',#8581,5.000000000026E-1);
#8583=CARTESIAN_POINT('',(1.513027729115E2,1.090036512055E1,-4.117754367548E0));
#8584=LINE('',#8583,#8582);
#8585=DIRECTION('',(1.E0,2.811782702174E-12,-7.756641937031E-13));
#8586=VECTOR('',#8585,4.763430175E-1);
#8587=CARTESIAN_POINT('',(1.508264298940E2,1.139846246960E1,-4.074176496174E0));
#8588=LINE('',#8587,#8586);
#8589=DIRECTION('',(0.E0,-8.715574274807E-2,9.961946980917E-1));
#8590=VECTOR('',#8589,1.689106200772E0);
#8591=CARTESIAN_POINT('',(1.508264298940E2,1.154567777511E1,-5.756855137897E0));
#8592=LINE('',#8591,#8590);
#8593=DIRECTION('',(0.E0,-9.961946980918E-1,-8.715574274686E-2));
#8594=VECTOR('',#8593,5.000000000033E-1);
#8595=CARTESIAN_POINT('',(1.508264298940E2,1.139846246960E1,-4.074176496174E0));
#8596=LINE('',#8595,#8594);
#8597=DIRECTION('',(2.557879144498E-12,8.715574274820E-2,-9.961946980917E-1));
#8598=VECTOR('',#8597,2.233398559036E0);
#8599=CARTESIAN_POINT('',(1.533689491208E2,1.137473728696E1,-3.802996417693E0));
#8600=LINE('',#8599,#8598);
#8601=DIRECTION('',(0.E0,-9.961946980917E-1,-8.715574274810E-2));
#8602=VECTOR('',#8601,5.000000000019E-1);
#8603=CARTESIAN_POINT('',(1.539853766109E2,1.156939079722E1,-6.027896220931E0));
#8604=LINE('',#8603,#8602);
#8605=DIRECTION('',(0.E0,9.961946980918E-1,8.715574274744E-2));
#8606=VECTOR('',#8605,4.999999999986E-1);
#8607=CARTESIAN_POINT('',(1.533689491208E2,1.107129344818E1,-6.071474092304E0));
#8608=LINE('',#8607,#8606);
#8609=DIRECTION('',(-2.545153377610E-12,-8.715574274844E-2,9.961946980917E-1));
#8610=VECTOR('',#8609,2.233398559037E0);
#8611=CARTESIAN_POINT('',(1.539853766109E2,1.156939079722E1,-6.027896220931E0));
#8612=LINE('',#8611,#8610);
#8613=DIRECTION('',(0.E0,-9.961946980918E-1,-8.715574274752E-2));
#8614=VECTOR('',#8613,4.999999999989E-1);
#8615=CARTESIAN_POINT('',(1.533689491208E2,1.137473728696E1,-3.802996417693E0));
#8616=LINE('',#8615,#8614);
#8617=DIRECTION('',(0.E0,9.961946980918E-1,8.715574274752E-2));
#8618=VECTOR('',#8617,5.000000000022E-1);
#8619=CARTESIAN_POINT('',(1.539853766109E2,1.087663993791E1,-3.846574289067E0));
#8620=LINE('',#8619,#8618);
#8621=DIRECTION('',(2.545153377610E-12,8.715574274835E-2,-9.961946980917E-1));
#8622=VECTOR('',#8621,2.233398559036E0);
#8623=CARTESIAN_POINT('',(1.533689491208E2,1.087663993791E1,-3.846574289067E0));
#8624=LINE('',#8623,#8622);
#8625=CARTESIAN_POINT('',(1.533689491208E2,1.107129344818E1,-6.071474092304E0));
#8626=CARTESIAN_POINT('',(1.533689491208E2,1.107541336416E1,-6.118564947523E0));
#8627=CARTESIAN_POINT('',(1.533917923383E2,1.108356081355E1,-6.211690720167E0));
#8628=CARTESIAN_POINT('',(1.534787755604E2,1.109315270425E1,-6.321326532500E0));
#8629=CARTESIAN_POINT('',(1.536051909897E2,1.109830745420E1,-6.380245594051E0));
#8630=CARTESIAN_POINT('',(1.537437364907E2,1.109841311690E1,-6.381453324201E0));
#8631=CARTESIAN_POINT('',(1.538728422056E2,1.109338672296E1,-6.324001378636E0));
#8632=CARTESIAN_POINT('',(1.539620649858E2,1.108369215169E1,-6.213191921889E0));
#8633=CARTESIAN_POINT('',(1.539853766109E2,1.107546312585E1,-6.119133726184E0));
#8634=CARTESIAN_POINT('',(1.539853766109E2,1.107129344818E1,-6.071474092305E0));
#8636=DIRECTION('',(-2.545153377609E-12,-8.715574274859E-2,9.961946980917E-1));
#8637=VECTOR('',#8636,2.233398559037E0);
#8638=CARTESIAN_POINT('',(1.539853766109E2,1.107129344818E1,-6.071474092305E0));
#8639=LINE('',#8638,#8637);
#8640=CARTESIAN_POINT('',(1.539853766109E2,1.087663993791E1,-3.846574289067E0));
#8641=CARTESIAN_POINT('',(1.539853766109E2,1.087252002193E1,-3.799483433848E0));
#8642=CARTESIAN_POINT('',(1.539625333934E2,1.086437257254E1,-3.706357661205E0));
#8643=CARTESIAN_POINT('',(1.538755501714E2,1.085478068184E1,-3.596721848872E0));
#8644=CARTESIAN_POINT('',(1.537491347421E2,1.084962593189E1,-3.537802787362E0));
#8645=CARTESIAN_POINT('',(1.536105892411E2,1.084952026919E1,-3.536595057171E0));
#8646=CARTESIAN_POINT('',(1.534814835262E2,1.085454666313E1,-3.594047002737E0));
#8647=CARTESIAN_POINT('',(1.533922607459E2,1.086424123440E1,-3.704856459482E0));
#8648=CARTESIAN_POINT('',(1.533689491208E2,1.087247026025E1,-3.798914655229E0));
#8649=CARTESIAN_POINT('',(1.533689491208E2,1.087663993791E1,-3.846574289067E0));
#8651=DIRECTION('',(-5.684341886097E-14,-9.961946980918E-1,-8.715574274744E-2));
#8652=VECTOR('',#8651,4.999999999986E-1);
#8653=CARTESIAN_POINT('',(1.575402185452E2,1.147218600852E1,-4.916840402003E0));
#8654=LINE('',#8653,#8652);
#8655=DIRECTION('',(-5.684341886097E-14,-9.961946980917E-1,-8.715574274810E-2));
#8656=VECTOR('',#8655,4.999999999986E-1);
#8657=CARTESIAN_POINT('',(1.545618373784E2,1.147148206067E1,-4.908794241267E0));
#8658=LINE('',#8657,#8656);
#8659=CARTESIAN_POINT('',(1.545618373784E2,1.097338471163E1,-4.952372112641E0));
#8660=CARTESIAN_POINT('',(1.545611221414E2,1.098687406829E1,-5.106556164794E0));
#8661=CARTESIAN_POINT('',(1.546079885751E2,1.101356698600E1,-5.411657610313E0));
#8662=CARTESIAN_POINT('',(1.548159397159E2,1.104921887063E1,-5.819160516430E0));
#8663=CARTESIAN_POINT('',(1.551400269858E2,1.107734543874E1,-6.140648660959E0));
#8664=CARTESIAN_POINT('',(1.555610896026E2,1.109589972292E1,-6.352725099579E0));
#8665=CARTESIAN_POINT('',(1.560427695344E2,1.110230581720E1,-6.425947092238E0));
#8666=CARTESIAN_POINT('',(1.565266084901E2,1.109657381872E1,-6.360430049796E0));
#8667=CARTESIAN_POINT('',(1.569519576220E2,1.107857798190E1,-6.154736693744E0));
#8668=CARTESIAN_POINT('',(1.572780322471E2,1.105092390865E1,-5.838649190068E0));
#8669=CARTESIAN_POINT('',(1.574919614219E2,1.101524867434E1,-5.430879396001E0));
#8670=CARTESIAN_POINT('',(1.575409420581E2,1.098815639819E1,-5.121213262653E0));
#8671=CARTESIAN_POINT('',(1.575402185452E2,1.097408865948E1,-4.960418273377E0));
#8673=CARTESIAN_POINT('',(1.575402185452E2,1.097408865948E1,-4.960418273377E0));
#8674=CARTESIAN_POINT('',(1.575403584324E2,1.096062540553E1,-4.806532576668E0));
#8675=CARTESIAN_POINT('',(1.574926511749E2,1.093404228373E1,-4.502686104080E0));
#8676=CARTESIAN_POINT('',(1.572845521047E2,1.089856403209E1,-4.097167832160E0));
#8677=CARTESIAN_POINT('',(1.569612728906E2,1.087054840779E1,-3.776947781204E0));
#8678=CARTESIAN_POINT('',(1.565410893609E2,1.085204667691E1,-3.565472029478E0));
#8679=CARTESIAN_POINT('',(1.560604546068E2,1.084563866920E1,-3.492228166244E0));
#8680=CARTESIAN_POINT('',(1.555776037219E2,1.085131432997E1,-3.557101265641E0));
#8681=CARTESIAN_POINT('',(1.551527701141E2,1.086920179904E1,-3.761555972671E0));
#8682=CARTESIAN_POINT('',(1.548260919831E2,1.089676870142E1,-4.076647108720E0));
#8683=CARTESIAN_POINT('',(1.546115161249E2,1.093234029308E1,-4.483232261932E0));
#8684=CARTESIAN_POINT('',(1.545616904963E2,1.095937793890E1,-4.792273967776E0));
#8685=CARTESIAN_POINT('',(1.545618373784E2,1.097338471163E1,-4.952372112641E0));
#8687=CARTESIAN_POINT('',(1.568957628337E2,1.097338477881E1,-4.952372880504E0));
#8688=CARTESIAN_POINT('',(1.568961648527E2,1.097836280434E1,-5.009271972740E0));
#8689=CARTESIAN_POINT('',(1.568865363554E2,1.098821331430E1,-5.121863816814E0));
#8690=CARTESIAN_POINT('',(1.568437048177E2,1.100234597494E1,-5.283400867059E0));
#8691=CARTESIAN_POINT('',(1.567736970325E2,1.101521655675E1,-5.430512290284E0));
#8692=CARTESIAN_POINT('',(1.566802809082E2,1.102649097204E1,-5.559379446731E0));
#8693=CARTESIAN_POINT('',(1.565660510645E2,1.103587235616E1,-5.666609157960E0));
#8694=CARTESIAN_POINT('',(1.564342122127E2,1.104323596232E1,-5.750775561494E0));
#8695=CARTESIAN_POINT('',(1.562871122704E2,1.104827159191E1,-5.808333071061E0));
#8696=CARTESIAN_POINT('',(1.561295776400E2,1.105079669888E1,-5.837195175804E0));
#8697=CARTESIAN_POINT('',(1.559688401076E2,1.105085215054E1,-5.837828991223E0));
#8698=CARTESIAN_POINT('',(1.558114563303E2,1.104843419274E1,-5.810191607050E0));
#8699=CARTESIAN_POINT('',(1.556646960269E2,1.104350995017E1,-5.753907256879E0));
#8700=CARTESIAN_POINT('',(1.555332704493E2,1.103628355552E1,-5.671309188119E0));
#8701=CARTESIAN_POINT('',(1.554198076610E2,1.102704952475E1,-5.565763733420E0));
#8702=CARTESIAN_POINT('',(1.553274462201E2,1.101592104079E1,-5.438564579720E0));
#8703=CARTESIAN_POINT('',(1.552581292805E2,1.100317597021E1,-5.292887756360E0));
#8704=CARTESIAN_POINT('',(1.552154135916E2,1.098904081325E1,-5.131322173062E0));
#8705=CARTESIAN_POINT('',(1.552058398895E2,1.097913465789E1,-5.018094299184E0));
#8706=CARTESIAN_POINT('',(1.552062298554E2,1.097408861032E1,-4.960417711479E0));
#8708=CARTESIAN_POINT('',(1.552062298554E2,1.097408861032E1,-4.960417711479E0));
#8709=CARTESIAN_POINT('',(1.552060854982E2,1.096500106451E1,-4.856546587577E0));
#8710=CARTESIAN_POINT('',(1.552388282153E2,1.094733488536E1,-4.654621235944E0));
#8711=CARTESIAN_POINT('',(1.553827954435E2,1.092384974930E1,-4.386184902466E0));
#8712=CARTESIAN_POINT('',(1.556082649672E2,1.090620101370E1,-4.184458931403E0));
#8713=CARTESIAN_POINT('',(1.558961760343E2,1.089689892002E1,-4.078135514191E0));
#8714=CARTESIAN_POINT('',(1.562016407922E2,1.089670036179E1,-4.075865983222E0));
#8715=CARTESIAN_POINT('',(1.564895734030E2,1.090551516456E1,-4.176619639917E0));
#8716=CARTESIAN_POINT('',(1.567173277717E2,1.092279064353E1,-4.374079268023E0));
#8717=CARTESIAN_POINT('',(1.568632037505E2,1.094634561334E1,-4.643313805020E0));
#8718=CARTESIAN_POINT('',(1.568959075818E2,1.096417346460E1,-4.847087077398E0));
#8719=CARTESIAN_POINT('',(1.568957628337E2,1.097338477881E1,-4.952372880504E0));
#8721=DIRECTION('',(0.E0,-9.961946980917E-1,-8.715574274810E-2));
#8722=VECTOR('',#8721,5.000000000011E-1);
#8723=CARTESIAN_POINT('',(1.552062298554E2,1.147218595936E1,-4.916839840105E0));
#8724=LINE('',#8723,#8722);
#8725=CARTESIAN_POINT('',(1.552062298554E2,1.147218595936E1,-4.916839840105E0));
#8726=CARTESIAN_POINT('',(1.552058398895E2,1.147723200694E1,-4.974516427810E0));
#8727=CARTESIAN_POINT('',(1.552154135916E2,1.148713816229E1,-5.087744301688E0));
#8728=CARTESIAN_POINT('',(1.552581292805E2,1.150127331926E1,-5.249309884986E0));
#8729=CARTESIAN_POINT('',(1.553274462201E2,1.151401838984E1,-5.394986708346E0));
#8730=CARTESIAN_POINT('',(1.554198076610E2,1.152514687380E1,-5.522185862046E0));
#8731=CARTESIAN_POINT('',(1.555332704493E2,1.153438090457E1,-5.627731316745E0));
#8732=CARTESIAN_POINT('',(1.556646960269E2,1.154160729922E1,-5.710329385505E0));
#8733=CARTESIAN_POINT('',(1.558114563303E2,1.154653154179E1,-5.766613735676E0));
#8734=CARTESIAN_POINT('',(1.559688401076E2,1.154894949959E1,-5.794251119849E0));
#8735=CARTESIAN_POINT('',(1.561295776400E2,1.154889404793E1,-5.793617304430E0));
#8736=CARTESIAN_POINT('',(1.562871122704E2,1.154636894096E1,-5.764755199687E0));
#8737=CARTESIAN_POINT('',(1.564342122127E2,1.154133331137E1,-5.707197690120E0));
#8738=CARTESIAN_POINT('',(1.565660510645E2,1.153396970521E1,-5.623031286586E0));
#8739=CARTESIAN_POINT('',(1.566802809082E2,1.152458832109E1,-5.515801575357E0));
#8740=CARTESIAN_POINT('',(1.567736970325E2,1.151331390580E1,-5.386934418910E0));
#8741=CARTESIAN_POINT('',(1.568437048177E2,1.150044332399E1,-5.239822995685E0));
#8742=CARTESIAN_POINT('',(1.568865363554E2,1.148631066335E1,-5.078285945440E0));
#8743=CARTESIAN_POINT('',(1.568961648527E2,1.147646015339E1,-4.965694101366E0));
#8744=CARTESIAN_POINT('',(1.568957628337E2,1.147148212785E1,-4.908795009130E0));
#8746=CARTESIAN_POINT('',(1.568957628337E2,1.147148212785E1,-4.908795009130E0));
#8747=CARTESIAN_POINT('',(1.568959075818E2,1.146227081365E1,-4.803509206023E0));
#8748=CARTESIAN_POINT('',(1.568632037505E2,1.144444296239E1,-4.599735933646E0));
#8749=CARTESIAN_POINT('',(1.567173277717E2,1.142088799258E1,-4.330501396649E0));
#8750=CARTESIAN_POINT('',(1.564895734030E2,1.140361251361E1,-4.133041768543E0));
#8751=CARTESIAN_POINT('',(1.562016407922E2,1.139479771084E1,-4.032288111848E0));
#8752=CARTESIAN_POINT('',(1.558961760343E2,1.139499626907E1,-4.034557642817E0));
#8753=CARTESIAN_POINT('',(1.556082649672E2,1.140429836275E1,-4.140881060029E0));
#8754=CARTESIAN_POINT('',(1.553827954435E2,1.142194709835E1,-4.342607031092E0));
#8755=CARTESIAN_POINT('',(1.552388282153E2,1.144543223441E1,-4.611043364570E0));
#8756=CARTESIAN_POINT('',(1.552060854982E2,1.146309841355E1,-4.812968716203E0));
#8757=CARTESIAN_POINT('',(1.552062298554E2,1.147218595936E1,-4.916839840105E0));
#8759=DIRECTION('',(0.E0,-9.961946980917E-1,-8.715574274810E-2));
#8760=VECTOR('',#8759,5.000000000011E-1);
#8761=CARTESIAN_POINT('',(1.568957628337E2,1.147148212785E1,-4.908795009130E0));
#8762=LINE('',#8761,#8760);
#8763=DIRECTION('',(3.353761712810E-11,9.961946980917E-1,8.715574274810E-2));
#8764=VECTOR('',#8763,4.999999999967E-1);
#8765=CARTESIAN_POINT('',(1.446501487062E2,1.104655377065E1,-5.788698284179E0));
#8766=LINE('',#8765,#8764);
#8767=DIRECTION('',(4.081357474233E-11,-9.961946980917E-1,-8.715574274810E-2));
#8768=VECTOR('',#8767,4.999999999967E-1);
#8769=CARTESIAN_POINT('',(1.446495547395E2,1.159413541852E1,-6.310728536630E0));
#8770=LINE('',#8769,#8768);
#8771=CARTESIAN_POINT('',(1.446491679408E2,1.107129585772E1,-6.071501633480E0));
#8772=DIRECTION('',(0.E0,-9.961946980917E-1,-8.715574274765E-2));
#8773=DIRECTION('',(3.454794513590E-3,-8.715522261783E-2,9.961887529807E-1));
#8774=AXIS2_PLACEMENT_3D('',#8771,#8772,#8773);
#8776=CARTESIAN_POINT('',(1.446491679408E2,1.107129585772E1,-6.071501633480E0));
#8777=DIRECTION('',(0.E0,-9.961946980917E-1,-8.715574274765E-2));
#8778=DIRECTION('',(-1.E0,0.E0,0.E0));
#8779=AXIS2_PLACEMENT_3D('',#8776,#8777,#8778);
#8781=DIRECTION('',(9.999999999993E-1,1.009503125741E-7,-1.153863644318E-6));
#8782=VECTOR('',#8781,1.800166025580E0);
#8783=CARTESIAN_POINT('',(1.446495547395E2,1.109603806948E1,-6.354306408004E0));
#8784=LINE('',#8783,#8782);
#8785=CARTESIAN_POINT('',(1.464500415710E2,1.107129254250E1,-6.071463740322E0));
#8786=DIRECTION('',(0.E0,-9.961946980917E-1,-8.715574274765E-2));
#8787=DIRECTION('',(-1.129895251676E-3,8.715568711337E-2,-9.961940621889E-1));
#8788=AXIS2_PLACEMENT_3D('',#8785,#8786,#8787);
#8790=CARTESIAN_POINT('',(1.464500415710E2,1.107129254250E1,-6.071463740322E0));
#8791=DIRECTION('',(0.E0,-9.961946980917E-1,-8.715574274765E-2));
#8792=DIRECTION('',(1.E0,0.E0,0.E0));
#8793=AXIS2_PLACEMENT_3D('',#8790,#8791,#8792);
#8795=DIRECTION('',(-9.999999987536E-1,-4.351438849245E-6,4.973714100994E-5));
#8796=VECTOR('',#8795,5.914693253296E-1);
#8797=CARTESIAN_POINT('',(1.464492257578E2,1.104654692014E1,-5.788619982541E0));
#8798=LINE('',#8797,#8796);
#8799=DIRECTION('',(1.110941493915E-11,-8.715574274806E-2,9.961946980917E-1));
#8800=VECTOR('',#8799,1.949458428242E0);
#8801=CARTESIAN_POINT('',(1.458577564332E2,1.104654434640E1,-5.788590564548E0));
#8802=LINE('',#8801,#8800);
#8803=CARTESIAN_POINT('',(1.458577564332E2,1.087663784913E1,-3.846550414183E0));
#8804=CARTESIAN_POINT('',(1.458577564332E2,1.087251703136E1,-3.799449251507E0));
#8805=CARTESIAN_POINT('',(1.458349071467E2,1.086436946362E1,-3.706322126101E0));
#8806=CARTESIAN_POINT('',(1.457479213537E2,1.085477778543E1,-3.596688742703E0));
#8807=CARTESIAN_POINT('',(1.456215081469E2,1.084962541780E1,-3.537796911203E0));
#8808=CARTESIAN_POINT('',(1.454829797219E2,1.084952084653E1,-3.536601656108E0));
#8809=CARTESIAN_POINT('',(1.453538945996E2,1.085454647683E1,-3.594044873309E0));
#8810=CARTESIAN_POINT('',(1.452646870509E2,1.086424180339E1,-3.704862963014E0));
#8811=CARTESIAN_POINT('',(1.452413987524E2,1.087247130153E1,-3.798926557178E0));
#8812=CARTESIAN_POINT('',(1.452413987524E2,1.087664202669E1,-3.846598163951E0));
#8814=DIRECTION('',(9.491114337780E-12,8.715574274850E-2,-9.961946980917E-1));
#8815=VECTOR('',#8814,1.949458428242E0);
#8816=CARTESIAN_POINT('',(1.452413987524E2,1.087664202669E1,-3.846598163951E0));
#8817=LINE('',#8816,#8815);
#8818=DIRECTION('',(-9.999999948167E-1,8.873885319923E-6,-1.014289363077E-4));
#8819=VECTOR('',#8818,5.912500492650E-1);
#8820=CARTESIAN_POINT('',(1.452413987524E2,1.104654852396E1,-5.788638314315E0));
#8821=LINE('',#8820,#8819);
#8822=DIRECTION('',(9.999999999993E-1,1.009503115868E-7,-1.153863644312E-6));
#8823=VECTOR('',#8822,1.800166025589E0);
#8824=CARTESIAN_POINT('',(1.446495547395E2,1.159413541852E1,-6.310728536630E0));
#8825=LINE('',#8824,#8823);
#8826=DIRECTION('',(-2.205524651814E-11,9.961946980917E-1,8.715574274810E-2));
#8827=VECTOR('',#8826,4.999999999967E-1);
#8828=CARTESIAN_POINT('',(1.464497207651E2,1.109603825121E1,-6.354308485150E0));
#8829=LINE('',#8828,#8827);
#8830=DIRECTION('',(-1.762145984685E-11,-9.961946980918E-1,-8.715574274751E-2));
#8831=VECTOR('',#8830,5.000000000001E-1);
#8832=CARTESIAN_POINT('',(1.464492257578E2,1.154464426919E1,-5.745042111168E0));
#8833=LINE('',#8832,#8831);
#8834=DIRECTION('',(-9.999999987536E-1,-4.351433272062E-6,4.973714150024E-5));
#8835=VECTOR('',#8834,5.914693253383E-1);
#8836=CARTESIAN_POINT('',(1.464492257578E2,1.154464426919E1,-5.745042111168E0));
#8837=LINE('',#8836,#8835);
#8838=DIRECTION('',(0.E0,-9.961946980918E-1,-8.715574274752E-2));
#8839=VECTOR('',#8838,5.000000000034E-1);
#8840=CARTESIAN_POINT('',(1.458577564332E2,1.154464169545E1,-5.745012693174E0));
#8841=LINE('',#8840,#8839);
#8842=DIRECTION('',(1.112399422385E-11,-8.715574274940E-2,9.961946980916E-1));
#8843=VECTOR('',#8842,1.949458428242E0);
#8844=CARTESIAN_POINT('',(1.458577564332E2,1.154464169545E1,-5.745012693174E0));
#8845=LINE('',#8844,#8843);
#8846=DIRECTION('',(0.E0,-9.961946980918E-1,-8.715574274750E-2));
#8847=VECTOR('',#8846,5.000000000007E-1);
#8848=CARTESIAN_POINT('',(1.452413987524E2,1.137473937574E1,-3.803020292577E0));
#8849=LINE('',#8848,#8847);
#8850=DIRECTION('',(0.E0,9.961946980918E-1,8.715574274748E-2));
#8851=VECTOR('',#8850,5.000000000008E-1);
#8852=CARTESIAN_POINT('',(1.458577564332E2,1.087663784913E1,-3.846550414183E0));
#8853=LINE('',#8852,#8851);
#8854=DIRECTION('',(9.476535053085E-12,8.715574274815E-2,-9.961946980917E-1));
#8855=VECTOR('',#8854,1.949458428242E0);
#8856=CARTESIAN_POINT('',(1.452413987524E2,1.137473937574E1,-3.803020292577E0));
#8857=LINE('',#8856,#8855);
#8858=DIRECTION('',(0.E0,-9.961946980917E-1,-8.715574274810E-2));
#8859=VECTOR('',#8858,5.E-1);
#8860=CARTESIAN_POINT('',(1.452413987524E2,1.154464587301E1,-5.745060442941E0));
#8861=LINE('',#8860,#8859);
#8862=DIRECTION('',(-9.999999948167E-1,8.873879771032E-6,-1.014289367943E-4));
#8863=VECTOR('',#8862,5.912500492482E-1);
#8864=CARTESIAN_POINT('',(1.452413987524E2,1.154464587301E1,-5.745060442941E0));
#8865=LINE('',#8864,#8863);
#8866=CARTESIAN_POINT('',(1.6233E2,8.093196233738E0,-1.033395529083E1));
#8867=CARTESIAN_POINT('',(1.6233E2,1.191685484924E1,-9.999428508785E0));
#8868=VERTEX_POINT('',#8866);
#8869=VERTEX_POINT('',#8867);
#8870=CARTESIAN_POINT('',(1.623300000226E2,7.303225286361E0,-1.278351026078E0));
#8871=VERTEX_POINT('',#8870);
#8872=CARTESIAN_POINT('',(1.642006857185E2,8.828714880486E0,-1.144883424157E0));
#8873=VERTEX_POINT('',#8872);
#8874=CARTESIAN_POINT('',(1.642106675566E2,8.880597763221E0,-1.140344260086E0));
#8875=VERTEX_POINT('',#8874);
#8876=CARTESIAN_POINT('',(1.623300000120E2,1.111551171326E1,
-9.448146255009E-1));
#8877=VERTEX_POINT('',#8876);
#8878=CARTESIAN_POINT('',(-1.623300000020E2,1.191685484924E1,
-9.999428508785E0));
#8879=CARTESIAN_POINT('',(-1.6233E2,8.093196233738E0,-1.033395529083E1));
#8880=VERTEX_POINT('',#8878);
#8881=VERTEX_POINT('',#8879);
#8882=CARTESIAN_POINT('',(-1.6233E2,7.300950532162E0,-1.278545485175E0));
#8883=CARTESIAN_POINT('',(-1.630644201003E2,7.446479876347E0,
-1.265813317349E0));
#8884=VERTEX_POINT('',#8882);
#8885=VERTEX_POINT('',#8883);
#8886=CARTESIAN_POINT('',(-1.623299999993E2,1.112233478943E1,
-9.442176879998E-1));
#8887=VERTEX_POINT('',#8886);
#8888=CARTESIAN_POINT('',(-1.642096299325E2,8.826878571359E0,
-1.145044080390E0));
#8889=VERTEX_POINT('',#8888);
#8890=CARTESIAN_POINT('',(-1.623300000426E2,9.046438771908E0,
7.914608335934E-1));
#8891=VERTEX_POINT('',#8890);
#8892=CARTESIAN_POINT('',(-1.623300000238E2,7.302779935955E0,
-1.110676389171E0));
#8893=VERTEX_POINT('',#8892);
#8894=CARTESIAN_POINT('',(-6.665872149726E1,1.112460914766E1,
-9.440187031302E-1));
#8895=VERTEX_POINT('',#8894);
#8896=CARTESIAN_POINT('',(-6.665872149726E1,9.050574487589E0,
7.918164737707E-1));
#8897=VERTEX_POINT('',#8896);
#8898=CARTESIAN_POINT('',(-6.665872149726E1,7.311877284063E0,
-1.110679274150E0));
#8899=VERTEX_POINT('',#8898);
#8900=CARTESIAN_POINT('',(6.665872149726E1,1.111854419140E1,
-9.445493180477E-1));
#8901=VERTEX_POINT('',#8900);
#8902=CARTESIAN_POINT('',(6.376665476221E1,1.122901591113E1,-2.137393470338E0));
#8903=VERTEX_POINT('',#8902);
#8904=CARTESIAN_POINT('',(6.228239256252E1,1.135228910560E1,-3.616266066636E0));
#8905=VERTEX_POINT('',#8904);
#8906=CARTESIAN_POINT('',(5.668913845515E1,1.154215926808E1,-5.926199013814E0));
#8907=VERTEX_POINT('',#8906);
#8908=CARTESIAN_POINT('',(-5.668652467868E1,1.154823923328E1,
-5.925839669280E0));
#8909=VERTEX_POINT('',#8908);
#8910=CARTESIAN_POINT('',(-6.228040658827E1,1.134030842320E1,
-3.619033299551E0));
#8911=VERTEX_POINT('',#8910);
#8912=CARTESIAN_POINT('',(-6.376663955293E1,1.122901458519E1,
-2.137378318975E0));
#8913=VERTEX_POINT('',#8912);
#8914=VERTEX_POINT('',#6414);
#8915=VERTEX_POINT('',#6422);
#8916=CARTESIAN_POINT('',(1.268326386403E2,1.150520755070E1,-5.294278356173E0));
#8917=VERTEX_POINT('',#8916);
#8918=CARTESIAN_POINT('',(1.280654238570E2,1.136426707568E1,-3.683321355151E0));
#8919=VERTEX_POINT('',#8918);
#8920=VERTEX_POINT('',#6434);
#8921=VERTEX_POINT('',#6443);
#8922=CARTESIAN_POINT('',(1.287136306069E2,1.156970062184E1,-6.031437532499E0));
#8923=VERTEX_POINT('',#8922);
#8924=VERTEX_POINT('',#6453);
#8925=CARTESIAN_POINT('',(1.281054679246E2,1.144380906420E1,-4.592490444225E0));
#8926=VERTEX_POINT('',#8925);
#8927=CARTESIAN_POINT('',(1.269340360602E2,1.157786943566E1,-6.124807501756E0));
#8928=VERTEX_POINT('',#8927);
#8929=VERTEX_POINT('',#6464);
#8930=CARTESIAN_POINT('',(1.265323778981E2,1.159556024522E1,-6.327014380259E0));
#8931=VERTEX_POINT('',#8930);
#8932=VERTEX_POINT('',#6472);
#8933=VERTEX_POINT('',#6474);
#8934=VERTEX_POINT('',#6495);
#8935=CARTESIAN_POINT('',(1.317846387E2,1.156939079722E1,-6.027896220931E0));
#8936=VERTEX_POINT('',#8935);
#8937=VERTEX_POINT('',#6506);
#8938=CARTESIAN_POINT('',(1.311682112099E2,1.145427927550E1,-4.712165507017E0));
#8939=VERTEX_POINT('',#8938);
#8940=VERTEX_POINT('',#6526);
#8941=CARTESIAN_POINT('',(1.299594245281E2,1.156939079722E1,-6.027896220930E0));
#8942=VERTEX_POINT('',#8941);
#8943=VERTEX_POINT('',#6537);
#8944=VERTEX_POINT('',#6539);
#8945=VERTEX_POINT('',#6548);
#8946=CARTESIAN_POINT('',(1.357047017483E2,1.144799228451E1,-4.640304871189E0));
#8947=VERTEX_POINT('',#8946);
#8948=CARTESIAN_POINT('',(1.368414928247E2,1.144799228451E1,-4.640304871189E0));
#8949=VERTEX_POINT('',#8948);
#8950=CARTESIAN_POINT('',(1.368414928247E2,1.137473728696E1,-3.802996417693E0));
#8951=VERTEX_POINT('',#8950);
#8952=VERTEX_POINT('',#6559);
#8953=CARTESIAN_POINT('',(1.374578505516E2,1.156939079722E1,-6.027896220931E0));
#8954=VERTEX_POINT('',#8953);
#8955=VERTEX_POINT('',#6570);
#8956=CARTESIAN_POINT('',(1.368414928247E2,1.149753425995E1,-5.206572241612E0));
#8957=VERTEX_POINT('',#8956);
#8958=CARTESIAN_POINT('',(1.357047017483E2,1.149753425995E1,-5.206572241612E0));
#8959=VERTEX_POINT('',#8958);
#8960=CARTESIAN_POINT('',(1.357047017483E2,1.156939079722E1,-6.027896220931E0));
#8961=VERTEX_POINT('',#8960);
#8962=VERTEX_POINT('',#6581);
#8963=CARTESIAN_POINT('',(1.388635787007E2,1.137473728696E1,-3.802996417693E0));
#8964=CARTESIAN_POINT('',(1.388635787007E2,1.144416171940E1,-4.596521311601E0));
#8965=VERTEX_POINT('',#8963);
#8966=VERTEX_POINT('',#8964);
#8967=VERTEX_POINT('',#6592);
#8968=CARTESIAN_POINT('',(1.394800061908E2,1.144520752448E1,-4.608474918322E0));
#8969=VERTEX_POINT('',#8968);
#8970=CARTESIAN_POINT('',(1.403720737728E2,1.155012375216E1,-5.807672888171E0));
#8971=VERTEX_POINT('',#8970);
#8972=CARTESIAN_POINT('',(1.404646834376E2,1.157047801776E1,-6.040323208483E0));
#8973=VERTEX_POINT('',#8972);
#8974=VERTEX_POINT('',#6616);
#8975=CARTESIAN_POINT('',(1.391757689472E2,1.149439684471E1,-5.170711421364E0));
#8976=VERTEX_POINT('',#8975);
#8977=CARTESIAN_POINT('',(1.384953686178E2,1.157986100852E1,-6.147571283676E0));
#8978=VERTEX_POINT('',#8977);
#8979=VERTEX_POINT('',#6639);
#8980=CARTESIAN_POINT('',(1.379598345315E2,1.155115586076E1,-5.819469943403E0));
#8981=VERTEX_POINT('',#8980);
#8982=VERTEX_POINT('',#6650);
#8983=VERTEX_POINT('',#6659);
#8984=CARTESIAN_POINT('',(1.330302603428E2,1.142322129679E1,-4.357171185958E0));
#8985=VERTEX_POINT('',#8984);
#8986=CARTESIAN_POINT('',(1.334985805941E2,1.142322129679E1,-4.357171185958E0));
#8987=VERTEX_POINT('',#8986);
#8988=VERTEX_POINT('',#6672);
#8989=VERTEX_POINT('',#6685);
#8990=CARTESIAN_POINT('',(1.327220465977E2,1.159416178494E1,-6.311029906122E0));
#8991=VERTEX_POINT('',#8990);
#8992=VERTEX_POINT('',#6693);
#8993=VERTEX_POINT('',#6695);
#8994=VERTEX_POINT('',#6706);
#8995=VERTEX_POINT('',#6719);
#8996=VERTEX_POINT('',#6733);
#8997=VERTEX_POINT('',#6744);
#8998=VERTEX_POINT('',#6751);
#8999=VERTEX_POINT('',#6762);
#9000=VERTEX_POINT('',#6780);
#9001=VERTEX_POINT('',#6792);
#9002=VERTEX_POINT('',#6807);
#9003=VERTEX_POINT('',#6823);
#9004=VERTEX_POINT('',#6834);
#9005=VERTEX_POINT('',#6843);
#9006=VERTEX_POINT('',#6864);
#9007=CARTESIAN_POINT('',(1.495808780144E2,1.156939079722E1,-6.027896220931E0));
#9008=VERTEX_POINT('',#9007);
#9009=VERTEX_POINT('',#6875);
#9010=CARTESIAN_POINT('',(1.489644505243E2,1.145427927550E1,-4.712165507017E0));
#9011=VERTEX_POINT('',#9010);
#9012=VERTEX_POINT('',#6895);
#9013=CARTESIAN_POINT('',(1.477556638425E2,1.156939079722E1,-6.027896220931E0));
#9014=VERTEX_POINT('',#9013);
#9015=VERTEX_POINT('',#6906);
#9016=VERTEX_POINT('',#6908);
#9017=VERTEX_POINT('',#6914);
#9018=CARTESIAN_POINT('',(1.513027729115E2,1.134996629924E1,-3.519862732502E0));
#9019=VERTEX_POINT('',#9018);
#9020=VERTEX_POINT('',#6928);
#9021=VERTEX_POINT('',#6942);
#9022=CARTESIAN_POINT('',(1.505182161490E2,1.159416178494E1,-6.311029906122E0));
#9023=VERTEX_POINT('',#9022);
#9024=VERTEX_POINT('',#6950);
#9025=CARTESIAN_POINT('',(1.533689491208E2,1.137473728696E1,-3.802996417693E0));
#9026=CARTESIAN_POINT('',(1.533689491208E2,1.156939079722E1,-6.027896220931E0));
#9027=VERTEX_POINT('',#9025);
#9028=VERTEX_POINT('',#9026);
#9029=VERTEX_POINT('',#6961);
#9030=CARTESIAN_POINT('',(1.539853766109E2,1.156939079722E1,-6.027896220931E0));
#9031=VERTEX_POINT('',#9030);
#9032=VERTEX_POINT('',#6974);
#9033=VERTEX_POINT('',#6986);
#9034=CARTESIAN_POINT('',(1.443652826345E2,1.156939320676E1,-6.027923762107E0));
#9035=CARTESIAN_POINT('',(1.446501487062E2,1.154465111969E1,-5.745120412806E0));
#9036=VERTEX_POINT('',#9034);
#9037=VERTEX_POINT('',#9035);
#9038=CARTESIAN_POINT('',(1.446495547395E2,1.159413541852E1,-6.310728536630E0));
#9039=VERTEX_POINT('',#9038);
#9040=CARTESIAN_POINT('',(1.452413987524E2,1.154464587301E1,-5.745060442941E0));
#9041=VERTEX_POINT('',#9040);
#9042=CARTESIAN_POINT('',(1.452413987524E2,1.137473937574E1,-3.803020292577E0));
#9043=VERTEX_POINT('',#9042);
#9044=VERTEX_POINT('',#7021);
#9045=CARTESIAN_POINT('',(1.458577564332E2,1.154464169545E1,-5.745012693174E0));
#9046=VERTEX_POINT('',#9045);
#9047=CARTESIAN_POINT('',(1.464492257578E2,1.154464426919E1,-5.745042111168E0));
#9048=VERTEX_POINT('',#9047);
#9049=CARTESIAN_POINT('',(1.467339669180E2,1.156938989154E1,-6.027885868949E0));
#9050=CARTESIAN_POINT('',(1.464497207651E2,1.159413560025E1,-6.310730613776E0));
#9051=VERTEX_POINT('',#9049);
#9052=VERTEX_POINT('',#9050);
#9053=CARTESIAN_POINT('',(1.335066033603E2,1.154567777511E1,-5.756855137897E0));
#9054=CARTESIAN_POINT('',(1.330302603428E2,1.154567777511E1,-5.756855137897E0));
#9055=VERTEX_POINT('',#9053);
#9056=VERTEX_POINT('',#9054);
#9057=VERTEX_POINT('',#8042);
#9058=VERTEX_POINT('',#8054);
#9059=CARTESIAN_POINT('',(1.330302603428E2,1.147102431728E1,-4.903562210306E0));
#9060=VERTEX_POINT('',#9059);
#9061=CARTESIAN_POINT('',(1.513027729115E2,1.154567777511E1,-5.756855137897E0));
#9062=CARTESIAN_POINT('',(1.508264298940E2,1.154567777511E1,-5.756855137897E0));
#9063=VERTEX_POINT('',#9061);
#9064=VERTEX_POINT('',#9062);
#9065=VERTEX_POINT('',#8558);
#9066=VERTEX_POINT('',#8571);
#9067=CARTESIAN_POINT('',(1.508264298940E2,1.139846246960E1,-4.074176496174E0));
#9068=VERTEX_POINT('',#9067);
#9069=VERTEX_POINT('',#8725);
#9070=VERTEX_POINT('',#8744);
#9071=CARTESIAN_POINT('',(6.665872149726E1,7.299747578642E0,-1.112072894604E0));
#9072=CARTESIAN_POINT('',(1.623300000265E2,7.296714938480E0,-1.112076947738E0));
#9073=VERTEX_POINT('',#9071);
#9074=VERTEX_POINT('',#9072);
#9075=CARTESIAN_POINT('',(6.665872149726E1,9.055407726225E0,7.922455196489E-1));
#9076=VERTEX_POINT('',#9075);
#9077=CARTESIAN_POINT('',(1.623300000230E2,9.044039072442E0,7.912385641256E-1));
#9078=VERTEX_POINT('',#9077);
#9079=CARTESIAN_POINT('',(1.102636009720E2,7.300953630891E0,-1.278580902017E0));
#9080=VERTEX_POINT('',#9079);
#9081=CARTESIAN_POINT('',(6.665905857777E1,7.307024729470E0,-1.278120453293E0));
#9082=VERTEX_POINT('',#9081);
#9083=CARTESIAN_POINT('',(-6.228137338798E1,7.534808096987E0,
-3.951549682564E0));
#9084=CARTESIAN_POINT('',(-5.668815874879E1,7.736729245897E0,
-6.259518975639E0));
#9085=VERTEX_POINT('',#9083);
#9086=VERTEX_POINT('',#9084);
#9087=CARTESIAN_POINT('',(5.668815874879E1,7.736729245897E0,-6.259518975639E0));
#9088=VERTEX_POINT('',#9087);
#9089=CARTESIAN_POINT('',(6.228137338799E1,7.534808096986E0,-3.951549682559E0));
#9090=VERTEX_POINT('',#9089);
#9091=CARTESIAN_POINT('',(6.376612801284E1,7.417545425232E0,-2.471524405737E0));
#9092=VERTEX_POINT('',#9091);
#9093=CARTESIAN_POINT('',(-1.102698397024E2,7.300953630871E0,
-1.278580901785E0));
#9094=CARTESIAN_POINT('',(-6.665956600988E1,7.307024730157E0,
-1.278120461144E0));
#9095=VERTEX_POINT('',#9093);
#9096=VERTEX_POINT('',#9094);
#9097=CARTESIAN_POINT('',(-6.376500484572E1,7.423720699762E0,
-2.472254655535E0));
#9098=VERTEX_POINT('',#9097);
#9099=CARTESIAN_POINT('',(1.462590025282E2,7.739447841865E0,-6.290592669747E0));
#9100=CARTESIAN_POINT('',(1.487590025282E2,7.739447841865E0,-6.290592669747E0));
#9101=VERTEX_POINT('',#9099);
#9102=VERTEX_POINT('',#9100);
#9103=CARTESIAN_POINT('',(-1.487590025282E2,7.739447841865E0,
-6.290592669747E0));
#9104=CARTESIAN_POINT('',(-1.462590025282E2,7.739447841865E0,
-6.290592669747E0));
#9105=VERTEX_POINT('',#9103);
#9106=VERTEX_POINT('',#9104);
#9107=CARTESIAN_POINT('',(-5.668815874878E1,9.472993650604E0,
-4.190319633635E0));
#9108=CARTESIAN_POINT('',(-6.093079943590E1,9.319829694415E0,
-2.439647603498E0));
#9109=VERTEX_POINT('',#9107);
#9110=VERTEX_POINT('',#9108);
#9111=CARTESIAN_POINT('',(-6.093383728105E1,9.447641936561E0,
-2.431514930475E0));
#9112=VERTEX_POINT('',#9111);
#9113=CARTESIAN_POINT('',(-5.668815874878E1,9.644363435738E0,
-4.183057798286E0));
#9114=VERTEX_POINT('',#9113);
#9115=CARTESIAN_POINT('',(-6.241608949265E1,9.201751834218E0,
-9.590318855573E-1));
#9116=VERTEX_POINT('',#9115);
#9117=CARTESIAN_POINT('',(-6.241844076996E1,9.321212992122E0,
-9.509406473177E-1));
#9118=VERTEX_POINT('',#9117);
#9119=CARTESIAN_POINT('',(5.668815874878E1,9.641912279513E0,-4.183053079815E0));
#9120=VERTEX_POINT('',#9119);
#9121=CARTESIAN_POINT('',(5.668815874878E1,9.472993650604E0,-4.190319633635E0));
#9122=VERTEX_POINT('',#9121);
#9123=CARTESIAN_POINT('',(6.093079943238E1,9.319829694722E0,-2.439647607012E0));
#9124=VERTEX_POINT('',#9123);
#9125=CARTESIAN_POINT('',(6.093418205383E1,9.454706756916E0,-2.431242928539E0));
#9126=VERTEX_POINT('',#9125);
#9127=CARTESIAN_POINT('',(6.241608081014E1,9.208573761842E0,
-9.584263285541E-1));
#9128=VERTEX_POINT('',#9127);
#9129=CARTESIAN_POINT('',(6.241865782871E1,9.326284037770E0,
-9.507148761865E-1));
#9130=VERTEX_POINT('',#9129);
#9131=CARTESIAN_POINT('',(1.487590025282E2,1.092727087576E1,-6.011694292955E0));
#9132=VERTEX_POINT('',#9131);
#9133=CARTESIAN_POINT('',(1.462590025282E2,1.092727087576E1,-6.011694292955E0));
#9134=VERTEX_POINT('',#9133);
#9135=CARTESIAN_POINT('',(-1.462590025282E2,1.092727087576E1,
-6.011694292955E0));
#9136=VERTEX_POINT('',#9135);
#9137=CARTESIAN_POINT('',(-1.487590025282E2,1.092727087576E1,
-6.011694292955E0));
#9138=VERTEX_POINT('',#9137);
#9139=CARTESIAN_POINT('',(1.262244011934E2,1.087632921026E1,-3.843022655713E0));
#9140=VERTEX_POINT('',#9139);
#9141=CARTESIAN_POINT('',(1.268324027468E2,1.087628332645E1,-3.842498201356E0));
#9142=VERTEX_POINT('',#9141);
#9143=CARTESIAN_POINT('',(1.262241641531E2,1.107060029830E1,-6.063551352940E0));
#9144=VERTEX_POINT('',#9143);
#9145=CARTESIAN_POINT('',(1.265323778981E2,1.109746289617E1,-6.370592251632E0));
#9146=VERTEX_POINT('',#9145);
#9147=CARTESIAN_POINT('',(1.265964205006E2,1.109746289617E1,-6.370592251632E0));
#9148=VERTEX_POINT('',#9147);
#9149=CARTESIAN_POINT('',(1.269340360602E2,1.107977208662E1,-6.168385373130E0));
#9150=VERTEX_POINT('',#9149);
#9151=CARTESIAN_POINT('',(1.281054679246E2,1.094571171516E1,-4.636068315599E0));
#9152=VERTEX_POINT('',#9151);
#9153=CARTESIAN_POINT('',(1.281057060254E2,1.107162010146E1,-6.075207756465E0));
#9154=VERTEX_POINT('',#9153);
#9155=CARTESIAN_POINT('',(1.287136306069E2,1.107160327279E1,-6.075015403873E0));
#9156=VERTEX_POINT('',#9155);
#9157=CARTESIAN_POINT('',(1.287138726485E2,1.087733308779E1,-3.854497028431E0));
#9158=VERTEX_POINT('',#9157);
#9159=CARTESIAN_POINT('',(1.283963761877E2,1.085048344138E1,-3.547604165700E0));
#9160=VERTEX_POINT('',#9159);
#9161=CARTESIAN_POINT('',(1.280654238570E2,1.086616972663E1,-3.726899226525E0));
#9162=VERTEX_POINT('',#9161);
#9163=CARTESIAN_POINT('',(1.268326386403E2,1.100711020165E1,-5.337856227547E0));
#9164=VERTEX_POINT('',#9163);
#9165=VERTEX_POINT('',#7515);
#9166=VERTEX_POINT('',#7536);
#9167=CARTESIAN_POINT('',(1.293429970380E2,1.107129344818E1,-6.071474092305E0));
#9168=VERTEX_POINT('',#9167);
#9169=VERTEX_POINT('',#7551);
#9170=CARTESIAN_POINT('',(1.299594245281E2,1.095792088141E1,-4.775619724505E0));
#9171=VERTEX_POINT('',#9170);
#9172=VERTEX_POINT('',#7575);
#9173=CARTESIAN_POINT('',(1.311682112099E2,1.107129344818E1,-6.071474092305E0));
#9174=VERTEX_POINT('',#9173);
#9175=VERTEX_POINT('',#7590);
#9176=VERTEX_POINT('',#7676);
#9177=VERTEX_POINT('',#7685);
#9178=CARTESIAN_POINT('',(1.350882742582E2,1.107129344818E1,-6.071474092304E0));
#9179=VERTEX_POINT('',#9178);
#9180=VERTEX_POINT('',#7700);
#9181=CARTESIAN_POINT('',(1.357047017483E2,1.099943691090E1,-5.250150112986E0));
#9182=VERTEX_POINT('',#9181);
#9183=CARTESIAN_POINT('',(1.368414928247E2,1.099943691090E1,-5.250150112986E0));
#9184=VERTEX_POINT('',#9183);
#9185=CARTESIAN_POINT('',(1.368414928247E2,1.107129344818E1,-6.071474092305E0));
#9186=VERTEX_POINT('',#9185);
#9187=VERTEX_POINT('',#7723);
#9188=CARTESIAN_POINT('',(1.374578505516E2,1.087663993791E1,-3.846574289067E0));
#9189=VERTEX_POINT('',#9188);
#9190=VERTEX_POINT('',#7738);
#9191=CARTESIAN_POINT('',(1.368414928247E2,1.094989493547E1,-4.683882742563E0));
#9192=VERTEX_POINT('',#9191);
#9193=CARTESIAN_POINT('',(1.357047017483E2,1.094989493547E1,-4.683882742563E0));
#9194=VERTEX_POINT('',#9193);
#9195=CARTESIAN_POINT('',(1.388635787007E2,1.087663993791E1,-3.846574289067E0));
#9196=CARTESIAN_POINT('',(1.388635787007E2,1.094606437035E1,-4.640099182955E0));
#9197=VERTEX_POINT('',#9195);
#9198=VERTEX_POINT('',#9196);
#9199=CARTESIAN_POINT('',(1.379598345316E2,1.105305851169E1,-5.863047814545E0));
#9200=VERTEX_POINT('',#9199);
#9201=CARTESIAN_POINT('',(1.378829176291E2,1.107235141379E1,-6.083566694578E0));
#9202=VERTEX_POINT('',#9201);
#9203=VERTEX_POINT('',#7830);
#9204=CARTESIAN_POINT('',(1.391757689472E2,1.099629949567E1,-5.214289292737E0));
#9205=VERTEX_POINT('',#9204);
#9206=CARTESIAN_POINT('',(1.398682383074E2,1.108245680936E1,-6.199071894468E0));
#9207=VERTEX_POINT('',#9206);
#9208=VERTEX_POINT('',#7853);
#9209=CARTESIAN_POINT('',(1.403720737730E2,1.105202640315E1,-5.851250759922E0));
#9210=VERTEX_POINT('',#9209);
#9211=CARTESIAN_POINT('',(1.394800061908E2,1.094711017543E1,-4.652052789696E0));
#9212=VERTEX_POINT('',#9211);
#9213=CARTESIAN_POINT('',(1.394800061908E2,1.087663993791E1,-3.846574289067E0));
#9214=VERTEX_POINT('',#9213);
#9215=VERTEX_POINT('',#8128);
#9216=VERTEX_POINT('',#8139);
#9217=VERTEX_POINT('',#8146);
#9218=VERTEX_POINT('',#8157);
#9219=VERTEX_POINT('',#8173);
#9220=VERTEX_POINT('',#8188);
#9221=VERTEX_POINT('',#8200);
#9222=VERTEX_POINT('',#8218);
#9223=VERTEX_POINT('',#8229);
#9224=VERTEX_POINT('',#8236);
#9225=VERTEX_POINT('',#8247);
#9226=VERTEX_POINT('',#8261);
#9227=VERTEX_POINT('',#8324);
#9228=VERTEX_POINT('',#8345);
#9229=CARTESIAN_POINT('',(1.471392363524E2,1.107129344818E1,-6.071474092305E0));
#9230=VERTEX_POINT('',#9229);
#9231=VERTEX_POINT('',#8360);
#9232=CARTESIAN_POINT('',(1.477556638425E2,1.095792088141E1,-4.775619724505E0));
#9233=VERTEX_POINT('',#9232);
#9234=VERTEX_POINT('',#8384);
#9235=CARTESIAN_POINT('',(1.489644505243E2,1.107129344818E1,-6.071474092305E0));
#9236=VERTEX_POINT('',#9235);
#9237=VERTEX_POINT('',#8399);
#9238=VERTEX_POINT('',#8445);
#9239=VERTEX_POINT('',#8451);
#9240=CARTESIAN_POINT('',(1.502100024039E2,1.106920183802E1,-6.047566878805E0));
#9241=VERTEX_POINT('',#9240);
#9242=VERTEX_POINT('',#8463);
#9243=CARTESIAN_POINT('',(1.513027729115E2,1.109606443589E1,-6.354607777496E0));
#9244=VERTEX_POINT('',#9243);
#9245=VERTEX_POINT('',#8481);
#9246=VERTEX_POINT('',#8495);
#9247=CARTESIAN_POINT('',(1.513027729115E2,1.104758042606E1,-5.800433009271E0));
#9248=CARTESIAN_POINT('',(1.508264298940E2,1.104758042606E1,-5.800433009271E0));
#9249=VERTEX_POINT('',#9247);
#9250=VERTEX_POINT('',#9248);
#9251=CARTESIAN_POINT('',(1.508264298940E2,1.090036512055E1,-4.117754367548E0));
#9252=VERTEX_POINT('',#9251);
#9253=CARTESIAN_POINT('',(1.513027729115E2,1.090036512055E1,-4.117754367548E0));
#9254=VERTEX_POINT('',#9253);
#9255=VERTEX_POINT('',#8524);
#9256=CARTESIAN_POINT('',(1.533689491208E2,1.087663993791E1,-3.846574289067E0));
#9257=CARTESIAN_POINT('',(1.533689491208E2,1.107129344818E1,-6.071474092304E0));
#9258=VERTEX_POINT('',#9256);
#9259=VERTEX_POINT('',#9257);
#9260=VERTEX_POINT('',#8634);
#9261=CARTESIAN_POINT('',(1.539853766109E2,1.087663993791E1,-3.846574289067E0));
#9262=VERTEX_POINT('',#9261);
#9263=VERTEX_POINT('',#8659);
#9264=VERTEX_POINT('',#8671);
#9265=VERTEX_POINT('',#8687);
#9266=VERTEX_POINT('',#8706);
#9267=VERTEX_POINT('',#7927);
#9268=VERTEX_POINT('',#7936);
#9269=CARTESIAN_POINT('',(1.324138328527E2,1.106920183802E1,-6.047566878805E0));
#9270=VERTEX_POINT('',#9269);
#9271=VERTEX_POINT('',#7948);
#9272=CARTESIAN_POINT('',(1.335586466952E2,1.109606443589E1,-6.354607777496E0));
#9273=VERTEX_POINT('',#9272);
#9274=VERTEX_POINT('',#7965);
#9275=VERTEX_POINT('',#7978);
#9276=CARTESIAN_POINT('',(1.330302603428E2,1.092512394775E1,-4.400749057332E0));
#9277=VERTEX_POINT('',#9276);
#9278=CARTESIAN_POINT('',(1.335066033603E2,1.104758042606E1,-5.800433009271E0));
#9279=CARTESIAN_POINT('',(1.330302603428E2,1.104758042606E1,-5.800433009271E0));
#9280=VERTEX_POINT('',#9278);
#9281=VERTEX_POINT('',#9279);
#9282=CARTESIAN_POINT('',(1.330302603428E2,1.097292696823E1,-4.947140081680E0));
#9283=VERTEX_POINT('',#9282);
#9284=CARTESIAN_POINT('',(1.335186026278E2,1.097292696823E1,-4.947140081680E0));
#9285=VERTEX_POINT('',#9284);
#9286=VERTEX_POINT('',#8010);
#9287=CARTESIAN_POINT('',(1.443652826345E2,1.107129585772E1,-6.071501633480E0));
#9288=CARTESIAN_POINT('',(1.446495547396E2,1.109603806948E1,-6.354306408003E0));
#9289=VERTEX_POINT('',#9287);
#9290=VERTEX_POINT('',#9288);
#9291=CARTESIAN_POINT('',(1.446501487062E2,1.104655377065E1,-5.788698284179E0));
#9292=VERTEX_POINT('',#9291);
#9293=CARTESIAN_POINT('',(1.464497207651E2,1.109603825121E1,-6.354308485150E0));
#9294=VERTEX_POINT('',#9293);
#9295=CARTESIAN_POINT('',(1.467339669180E2,1.107129254250E1,-6.071463740322E0));
#9296=CARTESIAN_POINT('',(1.464492257578E2,1.104654692015E1,-5.788619982541E0));
#9297=VERTEX_POINT('',#9295);
#9298=VERTEX_POINT('',#9296);
#9299=CARTESIAN_POINT('',(1.458577564332E2,1.104654434640E1,-5.788590564548E0));
#9300=VERTEX_POINT('',#9299);
#9301=CARTESIAN_POINT('',(1.458577564332E2,1.087663784913E1,-3.846550414183E0));
#9302=VERTEX_POINT('',#9301);
#9303=VERTEX_POINT('',#8812);
#9304=CARTESIAN_POINT('',(1.452413987524E2,1.104654852396E1,-5.788638314315E0));
#9305=VERTEX_POINT('',#9304);
#9306=CARTESIAN_POINT('',(1.6233E2,1.611714798494E1,-8.002857110935E1));
#9307=DIRECTION('',(0.E0,8.715574274765E-2,-9.961946980917E-1));
#9308=DIRECTION('',(0.E0,-9.961946980917E-1,-8.715574274765E-2));
#9309=AXIS2_PLACEMENT_3D('',#9306,#9307,#9308);
#9310=CYLINDRICAL_SURFACE('',#9309,1.919132185116E0);
#9312=ORIENTED_EDGE('',*,*,#9311,.F.);
#9314=ORIENTED_EDGE('',*,*,#9313,.F.);
#9316=ORIENTED_EDGE('',*,*,#9315,.F.);
#9318=ORIENTED_EDGE('',*,*,#9317,.F.);
#9320=ORIENTED_EDGE('',*,*,#9319,.F.);
#9322=ORIENTED_EDGE('',*,*,#9321,.F.);
#9323=EDGE_LOOP('',(#9312,#9314,#9316,#9318,#9320,#9322));
#9324=FACE_OUTER_BOUND('',#9323,.F.);
#9325=ADVANCED_FACE('',(#9324),#9310,.T.);
#9326=CARTESIAN_POINT('',(0.E0,9.587131702242E-1,-1.095814167901E1));
#9327=DIRECTION('',(0.E0,-8.715574274765E-2,9.961946980917E-1));
#9328=DIRECTION('',(-1.E0,0.E0,0.E0));
#9329=AXIS2_PLACEMENT_3D('',#9326,#9327,#9328);
#9330=PLANE('',#9329);
#9332=ORIENTED_EDGE('',*,*,#9331,.T.);
#9334=ORIENTED_EDGE('',*,*,#9333,.T.);
#9335=ORIENTED_EDGE('',*,*,#9311,.T.);
#9337=ORIENTED_EDGE('',*,*,#9336,.T.);
#9338=EDGE_LOOP('',(#9332,#9334,#9335,#9337));
#9339=FACE_OUTER_BOUND('',#9338,.F.);
#9340=ADVANCED_FACE('',(#9339),#9330,.F.);
#9341=CARTESIAN_POINT('',(-1.6233E2,1.611714798494E1,-8.002857110935E1));
#9342=DIRECTION('',(0.E0,-8.715574274765E-2,9.961946980917E-1));
#9343=DIRECTION('',(0.E0,-9.961946980917E-1,-8.715574274765E-2));
#9344=AXIS2_PLACEMENT_3D('',#9341,#9342,#9343);
#9345=CYLINDRICAL_SURFACE('',#9344,1.919132185116E0);
#9347=ORIENTED_EDGE('',*,*,#9346,.F.);
#9349=ORIENTED_EDGE('',*,*,#9348,.F.);
#9350=ORIENTED_EDGE('',*,*,#9331,.F.);
#9352=ORIENTED_EDGE('',*,*,#9351,.F.);
#9354=ORIENTED_EDGE('',*,*,#9353,.F.);
#9356=ORIENTED_EDGE('',*,*,#9355,.F.);
#9357=EDGE_LOOP('',(#9347,#9349,#9350,#9352,#9354,#9356));
#9358=FACE_OUTER_BOUND('',#9357,.F.);
#9359=ADVANCED_FACE('',(#9358),#9345,.T.);
#9360=CARTESIAN_POINT('',(-1.6233E2,9.212779839908E0,-1.111282094150E0));
#9361=DIRECTION('',(-1.246775098901E-8,-9.999998899266E-1,4.691980546982E-4));
#9362=DIRECTION('',(-9.999999999999E-1,1.229824177218E-8,-3.612773347950E-7));
#9363=AXIS2_PLACEMENT_3D('',#9360,#9361,#9362);
#9364=SPHERICAL_SURFACE('',#9363,1.909999999995E0);
#9365=ORIENTED_EDGE('',*,*,#9353,.T.);
#9367=ORIENTED_EDGE('',*,*,#9366,.T.);
#9369=ORIENTED_EDGE('',*,*,#9368,.T.);
#9371=ORIENTED_EDGE('',*,*,#9370,.T.);
#9372=ORIENTED_EDGE('',*,*,#9346,.T.);
#9373=ORIENTED_EDGE('',*,*,#9355,.T.);
#9374=EDGE_LOOP('',(#9365,#9367,#9369,#9371,#9372,#9373));
#9375=FACE_OUTER_BOUND('',#9374,.F.);
#9376=ADVANCED_FACE('',(#9375),#9364,.T.);
#9377=CARTESIAN_POINT('',(1.5975E2,9.221877274302E0,-1.110486171779E0));
#9378=DIRECTION('',(1.E0,0.E0,0.E0));
#9379=DIRECTION('',(0.E0,1.E0,0.E0));
#9380=AXIS2_PLACEMENT_3D('',#9377,#9378,#9379);
#9381=CYLINDRICAL_SURFACE('',#9380,1.91E0);
#9383=ORIENTED_EDGE('',*,*,#9382,.T.);
#9385=ORIENTED_EDGE('',*,*,#9384,.F.);
#9387=ORIENTED_EDGE('',*,*,#9386,.F.);
#9389=ORIENTED_EDGE('',*,*,#9388,.F.);
#9390=ORIENTED_EDGE('',*,*,#9368,.F.);
#9391=ORIENTED_EDGE('',*,*,#9366,.F.);
#9392=EDGE_LOOP('',(#9383,#9385,#9387,#9389,#9390,#9391));
#9393=FACE_OUTER_BOUND('',#9392,.F.);
#9394=ADVANCED_FACE('',(#9393),#9381,.T.);
#9395=CARTESIAN_POINT('',(-1.6233E2,1.802897729269E1,-7.986130771833E1));
#9396=DIRECTION('',(0.E0,9.961946980917E-1,8.715574274765E-2));
#9397=DIRECTION('',(1.E0,0.E0,0.E0));
#9398=AXIS2_PLACEMENT_3D('',#9395,#9396,#9397);
#9399=PLANE('',#9398);
#9400=ORIENTED_EDGE('',*,*,#9351,.T.);
#9401=ORIENTED_EDGE('',*,*,#9336,.F.);
#9402=ORIENTED_EDGE('',*,*,#9321,.T.);
#9404=ORIENTED_EDGE('',*,*,#9403,.F.);
#9406=ORIENTED_EDGE('',*,*,#9405,.T.);
#9408=ORIENTED_EDGE('',*,*,#9407,.T.);
#9410=ORIENTED_EDGE('',*,*,#9409,.T.);
#9412=ORIENTED_EDGE('',*,*,#9411,.T.);
#9414=ORIENTED_EDGE('',*,*,#9413,.T.);
#9416=ORIENTED_EDGE('',*,*,#9415,.T.);
#9418=ORIENTED_EDGE('',*,*,#9417,.T.);
#9419=ORIENTED_EDGE('',*,*,#9382,.F.);
#9420=EDGE_LOOP('',(#9400,#9401,#9402,#9404,#9406,#9408,#9410,#9412,#9414,#9416,
#9418,#9419));
#9421=FACE_OUTER_BOUND('',#9420,.F.);
#9423=ORIENTED_EDGE('',*,*,#9422,.T.);
#9425=ORIENTED_EDGE('',*,*,#9424,.F.);
#9427=ORIENTED_EDGE('',*,*,#9426,.T.);
#9429=ORIENTED_EDGE('',*,*,#9428,.T.);
#9431=ORIENTED_EDGE('',*,*,#9430,.T.);
#9433=ORIENTED_EDGE('',*,*,#9432,.F.);
#9435=ORIENTED_EDGE('',*,*,#9434,.T.);
#9437=ORIENTED_EDGE('',*,*,#9436,.F.);
#9439=ORIENTED_EDGE('',*,*,#9438,.T.);
#9441=ORIENTED_EDGE('',*,*,#9440,.T.);
#9443=ORIENTED_EDGE('',*,*,#9442,.F.);
#9445=ORIENTED_EDGE('',*,*,#9444,.T.);
#9447=ORIENTED_EDGE('',*,*,#9446,.F.);
#9448=EDGE_LOOP('',(#9423,#9425,#9427,#9429,#9431,#9433,#9435,#9437,#9439,#9441,
#9443,#9445,#9447));
#9449=FACE_BOUND('',#9448,.F.);
#9451=ORIENTED_EDGE('',*,*,#9450,.T.);
#9453=ORIENTED_EDGE('',*,*,#9452,.F.);
#9455=ORIENTED_EDGE('',*,*,#9454,.T.);
#9457=ORIENTED_EDGE('',*,*,#9456,.F.);
#9459=ORIENTED_EDGE('',*,*,#9458,.T.);
#9461=ORIENTED_EDGE('',*,*,#9460,.F.);
#9463=ORIENTED_EDGE('',*,*,#9462,.T.);
#9465=ORIENTED_EDGE('',*,*,#9464,.F.);
#9466=EDGE_LOOP('',(#9451,#9453,#9455,#9457,#9459,#9461,#9463,#9465));
#9467=FACE_BOUND('',#9466,.F.);
#9469=ORIENTED_EDGE('',*,*,#9468,.T.);
#9471=ORIENTED_EDGE('',*,*,#9470,.F.);
#9473=ORIENTED_EDGE('',*,*,#9472,.F.);
#9475=ORIENTED_EDGE('',*,*,#9474,.F.);
#9477=ORIENTED_EDGE('',*,*,#9476,.T.);
#9479=ORIENTED_EDGE('',*,*,#9478,.F.);
#9481=ORIENTED_EDGE('',*,*,#9480,.T.);
#9483=ORIENTED_EDGE('',*,*,#9482,.F.);
#9485=ORIENTED_EDGE('',*,*,#9484,.F.);
#9487=ORIENTED_EDGE('',*,*,#9486,.F.);
#9489=ORIENTED_EDGE('',*,*,#9488,.T.);
#9491=ORIENTED_EDGE('',*,*,#9490,.F.);
#9492=EDGE_LOOP('',(#9469,#9471,#9473,#9475,#9477,#9479,#9481,#9483,#9485,#9487,
#9489,#9491));
#9493=FACE_BOUND('',#9492,.F.);
#9495=ORIENTED_EDGE('',*,*,#9494,.F.);
#9497=ORIENTED_EDGE('',*,*,#9496,.T.);
#9499=ORIENTED_EDGE('',*,*,#9498,.F.);
#9501=ORIENTED_EDGE('',*,*,#9500,.T.);
#9503=ORIENTED_EDGE('',*,*,#9502,.T.);
#9505=ORIENTED_EDGE('',*,*,#9504,.T.);
#9507=ORIENTED_EDGE('',*,*,#9506,.T.);
#9509=ORIENTED_EDGE('',*,*,#9508,.T.);
#9511=ORIENTED_EDGE('',*,*,#9510,.T.);
#9513=ORIENTED_EDGE('',*,*,#9512,.T.);
#9515=ORIENTED_EDGE('',*,*,#9514,.T.);
#9516=EDGE_LOOP('',(#9495,#9497,#9499,#9501,#9503,#9505,#9507,#9509,#9511,#9513,
#9515));
#9517=FACE_BOUND('',#9516,.F.);
#9519=ORIENTED_EDGE('',*,*,#9518,.T.);
#9521=ORIENTED_EDGE('',*,*,#9520,.F.);
#9523=ORIENTED_EDGE('',*,*,#9522,.F.);
#9525=ORIENTED_EDGE('',*,*,#9524,.T.);
#9527=ORIENTED_EDGE('',*,*,#9526,.T.);
#9529=ORIENTED_EDGE('',*,*,#9528,.F.);
#9531=ORIENTED_EDGE('',*,*,#9530,.T.);
#9533=ORIENTED_EDGE('',*,*,#9532,.F.);
#9534=EDGE_LOOP('',(#9519,#9521,#9523,#9525,#9527,#9529,#9531,#9533));
#9535=FACE_BOUND('',#9534,.F.);
#9537=ORIENTED_EDGE('',*,*,#9536,.T.);
#9539=ORIENTED_EDGE('',*,*,#9538,.T.);
#9541=ORIENTED_EDGE('',*,*,#9540,.T.);
#9543=ORIENTED_EDGE('',*,*,#9542,.T.);
#9545=ORIENTED_EDGE('',*,*,#9544,.T.);
#9547=ORIENTED_EDGE('',*,*,#9546,.T.);
#9549=ORIENTED_EDGE('',*,*,#9548,.T.);
#9551=ORIENTED_EDGE('',*,*,#9550,.T.);
#9553=ORIENTED_EDGE('',*,*,#9552,.T.);
#9555=ORIENTED_EDGE('',*,*,#9554,.T.);
#9557=ORIENTED_EDGE('',*,*,#9556,.T.);
#9559=ORIENTED_EDGE('',*,*,#9558,.T.);
#9560=EDGE_LOOP('',(#9537,#9539,#9541,#9543,#9545,#9547,#9549,#9551,#9553,#9555,
#9557,#9559));
#9561=FACE_BOUND('',#9560,.F.);
#9563=ORIENTED_EDGE('',*,*,#9562,.T.);
#9565=ORIENTED_EDGE('',*,*,#9564,.F.);
#9567=ORIENTED_EDGE('',*,*,#9566,.T.);
#9569=ORIENTED_EDGE('',*,*,#9568,.F.);
#9571=ORIENTED_EDGE('',*,*,#9570,.T.);
#9573=ORIENTED_EDGE('',*,*,#9572,.F.);
#9575=ORIENTED_EDGE('',*,*,#9574,.T.);
#9577=ORIENTED_EDGE('',*,*,#9576,.F.);
#9578=EDGE_LOOP('',(#9563,#9565,#9567,#9569,#9571,#9573,#9575,#9577));
#9579=FACE_BOUND('',#9578,.F.);
#9581=ORIENTED_EDGE('',*,*,#9580,.T.);
#9583=ORIENTED_EDGE('',*,*,#9582,.F.);
#9585=ORIENTED_EDGE('',*,*,#9584,.T.);
#9587=ORIENTED_EDGE('',*,*,#9586,.T.);
#9589=ORIENTED_EDGE('',*,*,#9588,.F.);
#9591=ORIENTED_EDGE('',*,*,#9590,.T.);
#9593=ORIENTED_EDGE('',*,*,#9592,.F.);
#9594=EDGE_LOOP('',(#9581,#9583,#9585,#9587,#9589,#9591,#9593));
#9595=FACE_BOUND('',#9594,.F.);
#9597=ORIENTED_EDGE('',*,*,#9596,.F.);
#9599=ORIENTED_EDGE('',*,*,#9598,.T.);
#9601=ORIENTED_EDGE('',*,*,#9600,.F.);
#9603=ORIENTED_EDGE('',*,*,#9602,.T.);
#9604=EDGE_LOOP('',(#9597,#9599,#9601,#9603));
#9605=FACE_BOUND('',#9604,.F.);
#9607=ORIENTED_EDGE('',*,*,#9606,.T.);
#9609=ORIENTED_EDGE('',*,*,#9608,.T.);
#9610=EDGE_LOOP('',(#9607,#9609));
#9611=FACE_BOUND('',#9610,.F.);
#9613=ORIENTED_EDGE('',*,*,#9612,.T.);
#9615=ORIENTED_EDGE('',*,*,#9614,.T.);
#9617=ORIENTED_EDGE('',*,*,#9616,.F.);
#9619=ORIENTED_EDGE('',*,*,#9618,.F.);
#9621=ORIENTED_EDGE('',*,*,#9620,.T.);
#9623=ORIENTED_EDGE('',*,*,#9622,.F.);
#9625=ORIENTED_EDGE('',*,*,#9624,.F.);
#9627=ORIENTED_EDGE('',*,*,#9626,.T.);
#9629=ORIENTED_EDGE('',*,*,#9628,.T.);
#9631=ORIENTED_EDGE('',*,*,#9630,.F.);
#9632=EDGE_LOOP('',(#9613,#9615,#9617,#9619,#9621,#9623,#9625,#9627,#9629,
#9631));
#9633=FACE_BOUND('',#9632,.F.);
#9634=ADVANCED_FACE('',(#9421,#9449,#9467,#9493,#9517,#9535,#9561,#9579,#9595,
#9605,#9611,#9633),#9399,.T.);
#9635=CARTESIAN_POINT('',(-1.5975E2,9.203682405513E0,-1.112078016532E0));
#9636=DIRECTION('',(-1.E0,0.E0,0.E0));
#9637=DIRECTION('',(0.E0,-1.E0,0.E0));
#9638=AXIS2_PLACEMENT_3D('',#9635,#9636,#9637);
#9639=CYLINDRICAL_SURFACE('',#9638,1.91E0);
#9641=ORIENTED_EDGE('',*,*,#9640,.F.);
#9643=ORIENTED_EDGE('',*,*,#9642,.F.);
#9645=ORIENTED_EDGE('',*,*,#9644,.F.);
#9646=ORIENTED_EDGE('',*,*,#9403,.T.);
#9648=ORIENTED_EDGE('',*,*,#9647,.F.);
#9650=ORIENTED_EDGE('',*,*,#9649,.F.);
#9651=EDGE_LOOP('',(#9641,#9643,#9645,#9646,#9648,#9650));
#9652=FACE_OUTER_BOUND('',#9651,.F.);
#9653=ADVANCED_FACE('',(#9652),#9639,.T.);
#9654=CARTESIAN_POINT('',(-1.5975E2,9.203682405513E0,-1.112078016532E0));
#9655=DIRECTION('',(-1.E0,0.E0,0.E0));
#9656=DIRECTION('',(0.E0,-1.E0,0.E0));
#9657=AXIS2_PLACEMENT_3D('',#9654,#9655,#9656);
#9658=CYLINDRICAL_SURFACE('',#9657,1.91E0);
#9660=ORIENTED_EDGE('',*,*,#9659,.F.);
#9662=ORIENTED_EDGE('',*,*,#9661,.F.);
#9664=ORIENTED_EDGE('',*,*,#9663,.F.);
#9666=ORIENTED_EDGE('',*,*,#9665,.F.);
#9667=ORIENTED_EDGE('',*,*,#9640,.T.);
#9668=EDGE_LOOP('',(#9660,#9662,#9664,#9666,#9667));
#9669=FACE_OUTER_BOUND('',#9668,.F.);
#9670=ADVANCED_FACE('',(#9669),#9658,.T.);
#9671=CARTESIAN_POINT('',(1.6233E2,9.212779839908E0,-1.111282094150E0));
#9672=DIRECTION('',(9.794166065672E-1,-2.010811305900E-1,-1.759231937580E-2));
#9673=DIRECTION('',(-2.018492278419E-1,-9.756896306852E-1,-8.536178180499E-2));
#9674=AXIS2_PLACEMENT_3D('',#9671,#9672,#9673);
#9675=SPHERICAL_SURFACE('',#9674,1.909999999995E0);
#9676=ORIENTED_EDGE('',*,*,#9649,.T.);
#9677=ORIENTED_EDGE('',*,*,#9647,.T.);
#9678=ORIENTED_EDGE('',*,*,#9319,.T.);
#9679=ORIENTED_EDGE('',*,*,#9317,.T.);
#9680=ORIENTED_EDGE('',*,*,#9315,.T.);
#9681=ORIENTED_EDGE('',*,*,#9659,.T.);
#9682=EDGE_LOOP('',(#9676,#9677,#9678,#9679,#9680,#9681));
#9683=FACE_OUTER_BOUND('',#9682,.F.);
#9684=ADVANCED_FACE('',(#9683),#9675,.T.);
#9685=CARTESIAN_POINT('',(-1.6233E2,1.420531867719E1,-8.019583450038E1));
#9686=DIRECTION('',(0.E0,-9.961946980917E-1,-8.715574274765E-2));
#9687=DIRECTION('',(0.E0,8.715574274765E-2,-9.961946980917E-1));
#9688=AXIS2_PLACEMENT_3D('',#9685,#9686,#9687);
#9689=PLANE('',#9688);
#9691=ORIENTED_EDGE('',*,*,#9690,.T.);
#9693=ORIENTED_EDGE('',*,*,#9692,.F.);
#9695=ORIENTED_EDGE('',*,*,#9694,.T.);
#9697=ORIENTED_EDGE('',*,*,#9696,.T.);
#9699=ORIENTED_EDGE('',*,*,#9698,.T.);
#9700=ORIENTED_EDGE('',*,*,#9663,.T.);
#9701=ORIENTED_EDGE('',*,*,#9661,.T.);
#9702=ORIENTED_EDGE('',*,*,#9313,.T.);
#9703=ORIENTED_EDGE('',*,*,#9333,.F.);
#9704=ORIENTED_EDGE('',*,*,#9348,.T.);
#9706=ORIENTED_EDGE('',*,*,#9705,.T.);
#9708=ORIENTED_EDGE('',*,*,#9707,.T.);
#9710=ORIENTED_EDGE('',*,*,#9709,.T.);
#9712=ORIENTED_EDGE('',*,*,#9711,.T.);
#9713=EDGE_LOOP('',(#9691,#9693,#9695,#9697,#9699,#9700,#9701,#9702,#9703,#9704,
#9706,#9708,#9710,#9712));
#9714=FACE_OUTER_BOUND('',#9713,.F.);
#9716=ORIENTED_EDGE('',*,*,#9715,.T.);
#9718=ORIENTED_EDGE('',*,*,#9717,.T.);
#9719=EDGE_LOOP('',(#9716,#9718));
#9720=FACE_BOUND('',#9719,.F.);
#9722=ORIENTED_EDGE('',*,*,#9721,.T.);
#9724=ORIENTED_EDGE('',*,*,#9723,.T.);
#9725=EDGE_LOOP('',(#9722,#9724));
#9726=FACE_BOUND('',#9725,.F.);
#9727=ADVANCED_FACE('',(#9714,#9720,#9726),#9689,.T.);
#9728=CARTESIAN_POINT('',(-5.668815874878E1,8.950059194118E0,1.786848554915E0));
#9729=DIRECTION('',(0.E0,-9.961946980917E-1,-8.715574274765E-2));
#9730=DIRECTION('',(0.E0,8.715574274765E-2,-9.961946980917E-1));
#9731=AXIS2_PLACEMENT_3D('',#9728,#9729,#9730);
#9732=TOROIDAL_SURFACE('',#9731,7.91E0,1.91E0);
#9734=ORIENTED_EDGE('',*,*,#9733,.F.);
#9736=ORIENTED_EDGE('',*,*,#9735,.T.);
#9737=ORIENTED_EDGE('',*,*,#9690,.F.);
#9739=ORIENTED_EDGE('',*,*,#9738,.T.);
#9740=EDGE_LOOP('',(#9734,#9736,#9737,#9739));
#9741=FACE_OUTER_BOUND('',#9740,.F.);
#9742=ADVANCED_FACE('',(#9741),#9732,.T.);
#9743=CARTESIAN_POINT('',(-5.668815874878E1,8.950059194118E0,1.786848554915E0));
#9744=DIRECTION('',(0.E0,-9.961946980917E-1,-8.715574274765E-2));
#9745=DIRECTION('',(0.E0,8.715574274765E-2,-9.961946980917E-1));
#9746=AXIS2_PLACEMENT_3D('',#9743,#9744,#9745);
#9747=TOROIDAL_SURFACE('',#9746,7.91E0,1.91E0);
#9749=ORIENTED_EDGE('',*,*,#9748,.T.);
#9751=ORIENTED_EDGE('',*,*,#9750,.T.);
#9752=ORIENTED_EDGE('',*,*,#9413,.F.);
#9754=ORIENTED_EDGE('',*,*,#9753,.T.);
#9756=ORIENTED_EDGE('',*,*,#9755,.T.);
#9757=ORIENTED_EDGE('',*,*,#9733,.T.);
#9758=EDGE_LOOP('',(#9749,#9751,#9752,#9754,#9756,#9757));
#9759=FACE_OUTER_BOUND('',#9758,.F.);
#9760=ADVANCED_FACE('',(#9759),#9747,.T.);
#9761=CARTESIAN_POINT('',(-7.403792389428E1,8.412889078815E0,7.926731068303E0));
#9762=DIRECTION('',(7.071067811865E-1,6.162841671621E-2,-7.044160264028E-1));
#9763=DIRECTION('',(-7.057575568080E-1,0.E0,-7.084534360199E-1));
#9764=AXIS2_PLACEMENT_3D('',#9761,#9762,#9763);
#9765=CYLINDRICAL_SURFACE('',#9764,1.91E0);
#9766=ORIENTED_EDGE('',*,*,#9711,.F.);
#9768=ORIENTED_EDGE('',*,*,#9767,.F.);
#9770=ORIENTED_EDGE('',*,*,#9769,.F.);
#9772=ORIENTED_EDGE('',*,*,#9771,.T.);
#9773=ORIENTED_EDGE('',*,*,#9748,.F.);
#9774=ORIENTED_EDGE('',*,*,#9738,.F.);
#9775=EDGE_LOOP('',(#9766,#9768,#9770,#9772,#9773,#9774));
#9776=FACE_OUTER_BOUND('',#9775,.F.);
#9777=ADVANCED_FACE('',(#9776),#9765,.T.);
#9778=CARTESIAN_POINT('',(-6.665872149726E1,9.578344262140E0,
-5.184922486974E0));
#9779=DIRECTION('',(0.E0,9.961946980917E-1,8.715574274765E-2));
#9780=DIRECTION('',(0.E0,-8.715574274765E-2,9.961946980917E-1));
#9781=AXIS2_PLACEMENT_3D('',#9778,#9779,#9780);
#9782=TOROIDAL_SURFACE('',#9781,4.09E0,1.91E0);
#9784=ORIENTED_EDGE('',*,*,#9783,.T.);
#9785=ORIENTED_EDGE('',*,*,#9769,.T.);
#9786=ORIENTED_EDGE('',*,*,#9767,.T.);
#9787=ORIENTED_EDGE('',*,*,#9709,.F.);
#9789=ORIENTED_EDGE('',*,*,#9788,.T.);
#9790=ORIENTED_EDGE('',*,*,#9386,.T.);
#9791=ORIENTED_EDGE('',*,*,#9384,.T.);
#9792=ORIENTED_EDGE('',*,*,#9417,.F.);
#9793=EDGE_LOOP('',(#9784,#9785,#9786,#9787,#9789,#9790,#9791,#9792));
#9794=FACE_OUTER_BOUND('',#9793,.F.);
#9795=ADVANCED_FACE('',(#9794),#9782,.T.);
#9796=CARTESIAN_POINT('',(-7.403792389428E1,8.431083947604E0,7.928322913056E0));
#9797=DIRECTION('',(-7.071067811865E-1,-6.162841671621E-2,7.044160264028E-1));
#9798=DIRECTION('',(7.057575568080E-1,0.E0,7.084534360199E-1));
#9799=AXIS2_PLACEMENT_3D('',#9796,#9797,#9798);
#9800=CYLINDRICAL_SURFACE('',#9799,1.91E0);
#9801=ORIENTED_EDGE('',*,*,#9771,.F.);
#9802=ORIENTED_EDGE('',*,*,#9783,.F.);
#9803=ORIENTED_EDGE('',*,*,#9415,.F.);
#9804=ORIENTED_EDGE('',*,*,#9750,.F.);
#9805=EDGE_LOOP('',(#9801,#9802,#9803,#9804));
#9806=FACE_OUTER_BOUND('',#9805,.F.);
#9807=ADVANCED_FACE('',(#9806),#9800,.T.);
#9808=CARTESIAN_POINT('',(1.5975E2,9.203682405513E0,-1.112078016532E0));
#9809=DIRECTION('',(-1.E0,0.E0,0.E0));
#9810=DIRECTION('',(0.E0,-1.E0,0.E0));
#9811=AXIS2_PLACEMENT_3D('',#9808,#9809,#9810);
#9812=CYLINDRICAL_SURFACE('',#9811,1.91E0);
#9813=ORIENTED_EDGE('',*,*,#9388,.T.);
#9814=ORIENTED_EDGE('',*,*,#9788,.F.);
#9815=ORIENTED_EDGE('',*,*,#9707,.F.);
#9816=ORIENTED_EDGE('',*,*,#9705,.F.);
#9817=ORIENTED_EDGE('',*,*,#9370,.F.);
#9818=EDGE_LOOP('',(#9813,#9814,#9815,#9816,#9817));
#9819=FACE_OUTER_BOUND('',#9818,.F.);
#9820=ADVANCED_FACE('',(#9819),#9812,.T.);
#9821=CARTESIAN_POINT('',(-1.6233E2,9.639461119251E0,-6.093051506991E0));
#9822=DIRECTION('',(1.E0,0.E0,0.E0));
#9823=DIRECTION('',(0.E0,0.E0,-1.E0));
#9824=AXIS2_PLACEMENT_3D('',#9821,#9822,#9823);
#9825=CYLINDRICAL_SURFACE('',#9824,1.91E0);
#9826=ORIENTED_EDGE('',*,*,#9753,.F.);
#9827=ORIENTED_EDGE('',*,*,#9411,.F.);
#9829=ORIENTED_EDGE('',*,*,#9828,.F.);
#9831=ORIENTED_EDGE('',*,*,#9830,.F.);
#9833=ORIENTED_EDGE('',*,*,#9832,.F.);
#9834=ORIENTED_EDGE('',*,*,#9692,.T.);
#9835=ORIENTED_EDGE('',*,*,#9735,.F.);
#9836=ORIENTED_EDGE('',*,*,#9755,.F.);
#9837=EDGE_LOOP('',(#9826,#9827,#9829,#9831,#9833,#9834,#9835,#9836));
#9838=FACE_OUTER_BOUND('',#9837,.F.);
#9839=ADVANCED_FACE('',(#9838),#9825,.T.);
#9840=CARTESIAN_POINT('',(5.668815874878E1,8.950059194118E0,1.786848554915E0));
#9841=DIRECTION('',(0.E0,9.961946980917E-1,8.715574274765E-2));
#9842=DIRECTION('',(0.E0,8.715574274765E-2,-9.961946980917E-1));
#9843=AXIS2_PLACEMENT_3D('',#9840,#9841,#9842);
#9844=TOROIDAL_SURFACE('',#9843,7.91E0,1.91E0);
#9846=ORIENTED_EDGE('',*,*,#9845,.F.);
#9847=ORIENTED_EDGE('',*,*,#9830,.T.);
#9848=ORIENTED_EDGE('',*,*,#9828,.T.);
#9849=ORIENTED_EDGE('',*,*,#9409,.F.);
#9851=ORIENTED_EDGE('',*,*,#9850,.T.);
#9853=ORIENTED_EDGE('',*,*,#9852,.T.);
#9854=EDGE_LOOP('',(#9846,#9847,#9848,#9849,#9851,#9853));
#9855=FACE_OUTER_BOUND('',#9854,.F.);
#9856=ADVANCED_FACE('',(#9855),#9844,.T.);
#9857=CARTESIAN_POINT('',(5.668815874878E1,8.950059194118E0,1.786848554915E0));
#9858=DIRECTION('',(0.E0,9.961946980917E-1,8.715574274765E-2));
#9859=DIRECTION('',(0.E0,8.715574274765E-2,-9.961946980917E-1));
#9860=AXIS2_PLACEMENT_3D('',#9857,#9858,#9859);
#9861=TOROIDAL_SURFACE('',#9860,7.91E0,1.91E0);
#9863=ORIENTED_EDGE('',*,*,#9862,.T.);
#9864=ORIENTED_EDGE('',*,*,#9694,.F.);
#9865=ORIENTED_EDGE('',*,*,#9832,.T.);
#9866=ORIENTED_EDGE('',*,*,#9845,.T.);
#9867=EDGE_LOOP('',(#9863,#9864,#9865,#9866));
#9868=FACE_OUTER_BOUND('',#9867,.F.);
#9869=ADVANCED_FACE('',(#9868),#9861,.T.);
#9870=CARTESIAN_POINT('',(7.403792389428E1,8.431083947604E0,7.928322913056E0));
#9871=DIRECTION('',(-7.071067811865E-1,6.162841671621E-2,-7.044160264028E-1));
#9872=DIRECTION('',(-7.057575568080E-1,0.E0,7.084534360199E-1));
#9873=AXIS2_PLACEMENT_3D('',#9870,#9871,#9872);
#9874=CYLINDRICAL_SURFACE('',#9873,1.91E0);
#9876=ORIENTED_EDGE('',*,*,#9875,.F.);
#9877=ORIENTED_EDGE('',*,*,#9696,.F.);
#9878=ORIENTED_EDGE('',*,*,#9862,.F.);
#9879=ORIENTED_EDGE('',*,*,#9852,.F.);
#9881=ORIENTED_EDGE('',*,*,#9880,.T.);
#9883=ORIENTED_EDGE('',*,*,#9882,.F.);
#9884=EDGE_LOOP('',(#9876,#9877,#9878,#9879,#9881,#9883));
#9885=FACE_OUTER_BOUND('',#9884,.F.);
#9886=ADVANCED_FACE('',(#9885),#9874,.T.);
#9887=CARTESIAN_POINT('',(6.665872149726E1,9.578344262140E0,-5.184922486974E0));
#9888=DIRECTION('',(0.E0,-9.961946980917E-1,-8.715574274765E-2));
#9889=DIRECTION('',(0.E0,-8.715574274765E-2,9.961946980917E-1));
#9890=AXIS2_PLACEMENT_3D('',#9887,#9888,#9889);
#9891=TOROIDAL_SURFACE('',#9890,4.09E0,1.91E0);
#9892=ORIENTED_EDGE('',*,*,#9882,.T.);
#9894=ORIENTED_EDGE('',*,*,#9893,.T.);
#9895=ORIENTED_EDGE('',*,*,#9405,.F.);
#9896=ORIENTED_EDGE('',*,*,#9644,.T.);
#9897=ORIENTED_EDGE('',*,*,#9642,.T.);
#9898=ORIENTED_EDGE('',*,*,#9665,.T.);
#9899=ORIENTED_EDGE('',*,*,#9698,.F.);
#9900=ORIENTED_EDGE('',*,*,#9875,.T.);
#9901=EDGE_LOOP('',(#9892,#9894,#9895,#9896,#9897,#9898,#9899,#9900));
#9902=FACE_OUTER_BOUND('',#9901,.F.);
#9903=ADVANCED_FACE('',(#9902),#9891,.T.);
#9904=CARTESIAN_POINT('',(7.403792389428E1,8.431083947604E0,7.928322913056E0));
#9905=DIRECTION('',(-7.071067811865E-1,6.162841671621E-2,-7.044160264028E-1));
#9906=DIRECTION('',(-7.057575568080E-1,0.E0,7.084534360199E-1));
#9907=AXIS2_PLACEMENT_3D('',#9904,#9905,#9906);
#9908=CYLINDRICAL_SURFACE('',#9907,1.91E0);
#9909=ORIENTED_EDGE('',*,*,#9880,.F.);
#9910=ORIENTED_EDGE('',*,*,#9850,.F.);
#9911=ORIENTED_EDGE('',*,*,#9407,.F.);
#9912=ORIENTED_EDGE('',*,*,#9893,.F.);
#9913=EDGE_LOOP('',(#9909,#9910,#9911,#9912));
#9914=FACE_OUTER_BOUND('',#9913,.F.);
#9915=ADVANCED_FACE('',(#9914),#9908,.T.);
#9916=CARTESIAN_POINT('',(1.475090025282E2,1.092727087576E1,-6.011694292955E0));
#9917=DIRECTION('',(0.E0,9.961946980917E-1,8.715574274765E-2));
#9918=DIRECTION('',(-1.E0,0.E0,0.E0));
#9919=AXIS2_PLACEMENT_3D('',#9916,#9917,#9918);
#9920=CYLINDRICAL_SURFACE('',#9919,1.25E0);
#9922=ORIENTED_EDGE('',*,*,#9921,.T.);
#9923=ORIENTED_EDGE('',*,*,#9715,.F.);
#9925=ORIENTED_EDGE('',*,*,#9924,.F.);
#9927=ORIENTED_EDGE('',*,*,#9926,.F.);
#9928=EDGE_LOOP('',(#9922,#9923,#9925,#9927));
#9929=FACE_OUTER_BOUND('',#9928,.F.);
#9930=ADVANCED_FACE('',(#9929),#9920,.F.);
#9931=CARTESIAN_POINT('',(1.475090025282E2,1.092727087576E1,-6.011694292955E0));
#9932=DIRECTION('',(0.E0,9.961946980917E-1,8.715574274765E-2));
#9933=DIRECTION('',(-1.E0,0.E0,0.E0));
#9934=AXIS2_PLACEMENT_3D('',#9931,#9932,#9933);
#9935=CYLINDRICAL_SURFACE('',#9934,1.25E0);
#9936=ORIENTED_EDGE('',*,*,#9924,.T.);
#9937=ORIENTED_EDGE('',*,*,#9717,.F.);
#9938=ORIENTED_EDGE('',*,*,#9921,.F.);
#9940=ORIENTED_EDGE('',*,*,#9939,.F.);
#9941=EDGE_LOOP('',(#9936,#9937,#9938,#9940));
#9942=FACE_OUTER_BOUND('',#9941,.F.);
#9943=ADVANCED_FACE('',(#9942),#9935,.F.);
#9944=CARTESIAN_POINT('',(0.E0,1.032230609740E1,9.030847649673E-1));
#9945=DIRECTION('',(0.E0,9.961946980917E-1,8.715574274765E-2));
#9946=DIRECTION('',(1.E0,0.E0,0.E0));
#9947=AXIS2_PLACEMENT_3D('',#9944,#9945,#9946);
#9948=PLANE('',#9947);
#9949=ORIENTED_EDGE('',*,*,#9926,.T.);
#9950=ORIENTED_EDGE('',*,*,#9939,.T.);
#9951=EDGE_LOOP('',(#9949,#9950));
#9952=FACE_OUTER_BOUND('',#9951,.F.);
#9953=ADVANCED_FACE('',(#9952),#9948,.F.);
#9954=CARTESIAN_POINT('',(-1.475090025282E2,1.092727087576E1,
-6.011694292955E0));
#9955=DIRECTION('',(0.E0,-9.961946980917E-1,-8.715574274765E-2));
#9956=DIRECTION('',(1.E0,0.E0,0.E0));
#9957=AXIS2_PLACEMENT_3D('',#9954,#9955,#9956);
#9958=CYLINDRICAL_SURFACE('',#9957,1.25E0);
#9960=ORIENTED_EDGE('',*,*,#9959,.T.);
#9961=ORIENTED_EDGE('',*,*,#9721,.F.);
#9963=ORIENTED_EDGE('',*,*,#9962,.F.);
#9965=ORIENTED_EDGE('',*,*,#9964,.F.);
#9966=EDGE_LOOP('',(#9960,#9961,#9963,#9965));
#9967=FACE_OUTER_BOUND('',#9966,.F.);
#9968=ADVANCED_FACE('',(#9967),#9958,.F.);
#9969=CARTESIAN_POINT('',(-1.475090025282E2,1.092727087576E1,
-6.011694292955E0));
#9970=DIRECTION('',(0.E0,-9.961946980917E-1,-8.715574274765E-2));
#9971=DIRECTION('',(1.E0,0.E0,0.E0));
#9972=AXIS2_PLACEMENT_3D('',#9969,#9970,#9971);
#9973=CYLINDRICAL_SURFACE('',#9972,1.25E0);
#9974=ORIENTED_EDGE('',*,*,#9962,.T.);
#9975=ORIENTED_EDGE('',*,*,#9723,.F.);
#9976=ORIENTED_EDGE('',*,*,#9959,.F.);
#9978=ORIENTED_EDGE('',*,*,#9977,.F.);
#9979=EDGE_LOOP('',(#9974,#9975,#9976,#9978));
#9980=FACE_OUTER_BOUND('',#9979,.F.);
#9981=ADVANCED_FACE('',(#9980),#9973,.F.);
#9982=CARTESIAN_POINT('',(0.E0,1.032230609740E1,9.030847649673E-1));
#9983=DIRECTION('',(0.E0,-9.961946980917E-1,-8.715574274765E-2));
#9984=DIRECTION('',(0.E0,8.715574274765E-2,-9.961946980917E-1));
#9985=AXIS2_PLACEMENT_3D('',#9982,#9983,#9984);
#9986=PLANE('',#9985);
#9987=ORIENTED_EDGE('',*,*,#9964,.T.);
#9988=ORIENTED_EDGE('',*,*,#9977,.T.);
#9989=EDGE_LOOP('',(#9987,#9988));
#9990=FACE_OUTER_BOUND('',#9989,.F.);
#9991=ADVANCED_FACE('',(#9990),#9986,.T.);
#9992=CARTESIAN_POINT('',(1.265284017439E2,1.087628349879E1,-3.842500171255E0));
#9993=DIRECTION('',(0.E0,9.961946980917E-1,8.715574274765E-2));
#9994=DIRECTION('',(1.E0,0.E0,0.E0));
#9995=AXIS2_PLACEMENT_3D('',#9992,#9993,#9994);
#9996=CYLINDRICAL_SURFACE('',#9995,3.040010029254E-1);
#9997=ORIENTED_EDGE('',*,*,#9422,.F.);
#9999=ORIENTED_EDGE('',*,*,#9998,.T.);
#10001=ORIENTED_EDGE('',*,*,#10000,.F.);
#10003=ORIENTED_EDGE('',*,*,#10002,.T.);
#10004=EDGE_LOOP('',(#9997,#9999,#10001,#10003));
#10005=FACE_OUTER_BOUND('',#10004,.F.);
#10006=ADVANCED_FACE('',(#10005),#9996,.F.);
#10007=CARTESIAN_POINT('',(1.262241641531E2,1.107060029830E1,
-6.063551352940E0));
#10008=DIRECTION('',(-9.999999943456E-1,-9.268427683298E-6,1.059386131845E-4));
#10009=DIRECTION('',(1.063432814764E-4,-8.715574225484E-2,9.961946924588E-1));
#10010=AXIS2_PLACEMENT_3D('',#10007,#10008,#10009);
#10011=PLANE('',#10010);
#10012=ORIENTED_EDGE('',*,*,#9446,.T.);
#10014=ORIENTED_EDGE('',*,*,#10013,.F.);
#10016=ORIENTED_EDGE('',*,*,#10015,.F.);
#10017=ORIENTED_EDGE('',*,*,#9998,.F.);
#10018=EDGE_LOOP('',(#10012,#10014,#10016,#10017));
#10019=FACE_OUTER_BOUND('',#10018,.F.);
#10020=ADVANCED_FACE('',(#10019),#10011,.F.);
#10021=CARTESIAN_POINT('',(1.262243250948E2,1.106976172070E1,
-6.053966367124E0));
#10022=CARTESIAN_POINT('',(1.262242179186E2,1.107004101439E1,
-6.057158708584E0));
#10023=CARTESIAN_POINT('',(1.262235084772E2,1.107375356278E1,
-6.099593330838E0));
#10024=CARTESIAN_POINT('',(1.262405006662E2,1.108109390738E1,
-6.183493853622E0));
#10025=CARTESIAN_POINT('',(1.263077439333E2,1.109026517417E1,
-6.288321912673E0));
#10026=CARTESIAN_POINT('',(1.264129008910E2,1.109607107155E1,
-6.354683623361E0));
#10027=CARTESIAN_POINT('',(1.264965940111E2,1.109751875290E1,
-6.371230696973E0));
#10028=CARTESIAN_POINT('',(1.265387949348E2,1.109745830123E1,
-6.370539731160E0));
#10029=CARTESIAN_POINT('',(1.265419994129E2,1.109744905708E1,
-6.370434070076E0));
#10031=DIRECTION('',(0.E0,9.961946980917E-1,8.715574274765E-2));
#10032=VECTOR('',#10031,1.E0);
#10033=SURFACE_OF_LINEAR_EXTRUSION('',#10030,#10032);
#10034=ORIENTED_EDGE('',*,*,#9444,.F.);
#10036=ORIENTED_EDGE('',*,*,#10035,.T.);
#10038=ORIENTED_EDGE('',*,*,#10037,.F.);
#10039=ORIENTED_EDGE('',*,*,#10013,.T.);
#10040=EDGE_LOOP('',(#10034,#10036,#10038,#10039));
#10041=FACE_OUTER_BOUND('',#10040,.F.);
#10042=ADVANCED_FACE('',(#10041),#10033,.T.);
#10043=CARTESIAN_POINT('',(1.265964205006E2,1.109746289617E1,
-6.370592251632E0));
#10044=DIRECTION('',(0.E0,8.715574274765E-2,-9.961946980917E-1));
#10045=DIRECTION('',(-1.E0,0.E0,0.E0));
#10046=AXIS2_PLACEMENT_3D('',#10043,#10044,#10045);
#10047=PLANE('',#10046);
#10048=ORIENTED_EDGE('',*,*,#9442,.T.);
#10050=ORIENTED_EDGE('',*,*,#10049,.F.);
#10052=ORIENTED_EDGE('',*,*,#10051,.F.);
#10053=ORIENTED_EDGE('',*,*,#10035,.F.);
#10054=EDGE_LOOP('',(#10048,#10050,#10052,#10053));
#10055=FACE_OUTER_BOUND('',#10054,.F.);
#10056=ADVANCED_FACE('',(#10055),#10047,.F.);
#10057=CARTESIAN_POINT('',(1.264130860275E2,1.109320692761E1,
-6.321946308086E0));
#10058=CARTESIAN_POINT('',(1.264628178414E2,1.109593146605E1,
-6.353087925171E0));
#10059=CARTESIAN_POINT('',(1.265718534160E2,1.109846052475E1,
-6.381995198467E0));
#10060=CARTESIAN_POINT('',(1.267310609939E2,1.109614487350E1,
-6.355527183487E0));
#10061=CARTESIAN_POINT('',(1.268481440197E2,1.108945385118E1,
-6.279048448446E0));
#10062=CARTESIAN_POINT('',(1.269464045816E2,1.107855361164E1,
-6.154458140445E0));
#10063=CARTESIAN_POINT('',(1.270103510922E2,1.107058705926E1,
-6.063400030089E0));
#10064=CARTESIAN_POINT('',(1.270575766032E2,1.106708975862E1,
-6.023425700818E0));
#10066=DIRECTION('',(0.E0,9.961946980917E-1,8.715574274765E-2));
#10067=VECTOR('',#10066,1.E0);
#10068=SURFACE_OF_LINEAR_EXTRUSION('',#10065,#10067);
#10069=ORIENTED_EDGE('',*,*,#9440,.F.);
#10071=ORIENTED_EDGE('',*,*,#10070,.T.);
#10073=ORIENTED_EDGE('',*,*,#10072,.F.);
#10074=ORIENTED_EDGE('',*,*,#10049,.T.);
#10075=EDGE_LOOP('',(#10069,#10071,#10073,#10074));
#10076=FACE_OUTER_BOUND('',#10075,.F.);
#10077=ADVANCED_FACE('',(#10076),#10068,.T.);
#10078=CARTESIAN_POINT('',(1.281054679246E2,1.094571171516E1,
-4.636068315591E0));
#10079=DIRECTION('',(7.955582079071E-1,5.280567424046E-2,-6.035716184511E-1));
#10080=DIRECTION('',(-6.058771639793E-1,6.933746650914E-2,-7.925308687404E-1));
#10081=AXIS2_PLACEMENT_3D('',#10078,#10079,#10080);
#10082=PLANE('',#10081);
#10083=ORIENTED_EDGE('',*,*,#9438,.F.);
#10085=ORIENTED_EDGE('',*,*,#10084,.T.);
#10087=ORIENTED_EDGE('',*,*,#10086,.F.);
#10088=ORIENTED_EDGE('',*,*,#10070,.F.);
#10089=EDGE_LOOP('',(#10083,#10085,#10087,#10088));
#10090=FACE_OUTER_BOUND('',#10089,.F.);
#10091=ADVANCED_FACE('',(#10090),#10082,.F.);
#10092=CARTESIAN_POINT('',(1.281057059945E2,1.107160377641E1,
-6.075021160281E0));
#10093=DIRECTION('',(-9.999999864177E-1,1.436475375912E-5,-1.641898867831E-4));
#10094=DIRECTION('',(-1.648170654769E-4,-8.715574156388E-2,9.961946845611E-1));
#10095=AXIS2_PLACEMENT_3D('',#10092,#10093,#10094);
#10096=PLANE('',#10095);
#10097=ORIENTED_EDGE('',*,*,#9436,.T.);
#10099=ORIENTED_EDGE('',*,*,#10098,.F.);
#10101=ORIENTED_EDGE('',*,*,#10100,.F.);
#10102=ORIENTED_EDGE('',*,*,#10084,.F.);
#10103=EDGE_LOOP('',(#10097,#10099,#10101,#10102));
#10104=FACE_OUTER_BOUND('',#10103,.F.);
#10105=ADVANCED_FACE('',(#10104),#10096,.F.);
#10106=CARTESIAN_POINT('',(1.284096683060E2,1.107165255570E1,
-6.075578710113E0));
#10107=DIRECTION('',(0.E0,9.961946980917E-1,8.715574274765E-2));
#10108=DIRECTION('',(1.E0,0.E0,0.E0));
#10109=AXIS2_PLACEMENT_3D('',#10106,#10107,#10108);
#10110=CYLINDRICAL_SURFACE('',#10109,3.039628268172E-1);
#10111=ORIENTED_EDGE('',*,*,#9434,.F.);
#10113=ORIENTED_EDGE('',*,*,#10112,.T.);
#10115=ORIENTED_EDGE('',*,*,#10114,.F.);
#10116=ORIENTED_EDGE('',*,*,#10098,.T.);
#10117=EDGE_LOOP('',(#10111,#10113,#10115,#10116));
#10118=FACE_OUTER_BOUND('',#10117,.F.);
#10119=ADVANCED_FACE('',(#10118),#10110,.F.);
#10120=CARTESIAN_POINT('',(1.287138726485E2,1.087733308779E1,
-3.854497028431E0));
#10121=DIRECTION('',(9.999999941044E-1,9.464026191144E-6,-1.081743143595E-4));
#10122=DIRECTION('',(-1.085875226667E-4,8.715574223382E-2,-9.961946922186E-1));
#10123=AXIS2_PLACEMENT_3D('',#10120,#10121,#10122);
#10124=PLANE('',#10123);
#10125=ORIENTED_EDGE('',*,*,#9432,.T.);
#10127=ORIENTED_EDGE('',*,*,#10126,.F.);
#10129=ORIENTED_EDGE('',*,*,#10128,.F.);
#10130=ORIENTED_EDGE('',*,*,#10112,.F.);
#10131=EDGE_LOOP('',(#10125,#10127,#10129,#10130));
#10132=FACE_OUTER_BOUND('',#10131,.F.);
#10133=ADVANCED_FACE('',(#10132),#10124,.F.);
#10134=CARTESIAN_POINT('',(1.286383568214E2,1.089339257583E1,
-4.038057816513E0));
#10135=CARTESIAN_POINT('',(1.286907408992E2,1.088893678068E1,
-3.987127844965E0));
#10136=CARTESIAN_POINT('',(1.287274818490E2,1.087976682808E1,
-3.882314807190E0));
#10137=CARTESIAN_POINT('',(1.286975100148E2,1.086683969654E1,
-3.734557017577E0));
#10138=CARTESIAN_POINT('',(1.286302311973E2,1.085766945125E1,
-3.629740634301E0));
#10139=CARTESIAN_POINT('',(1.285250749529E2,1.085186257464E1,
-3.563367730980E0));
#10140=CARTESIAN_POINT('',(1.284415129647E2,1.085041672045E1,
-3.546841541906E0));
#10141=CARTESIAN_POINT('',(1.283338128790E2,1.085056569023E1,
-3.548544274310E0));
#10142=CARTESIAN_POINT('',(1.282665489196E2,1.085279558122E1,
-3.574032045016E0));
#10143=CARTESIAN_POINT('',(1.282172866404E2,1.085734170198E1,
-3.625994441121E0));
#10145=DIRECTION('',(0.E0,9.961946980917E-1,8.715574274765E-2));
#10146=VECTOR('',#10145,1.E0);
#10147=SURFACE_OF_LINEAR_EXTRUSION('',#10144,#10146);
#10148=ORIENTED_EDGE('',*,*,#9430,.F.);
#10150=ORIENTED_EDGE('',*,*,#10149,.T.);
#10152=ORIENTED_EDGE('',*,*,#10151,.F.);
#10153=ORIENTED_EDGE('',*,*,#10126,.T.);
#10154=EDGE_LOOP('',(#10148,#10150,#10152,#10153));
#10155=FACE_OUTER_BOUND('',#10154,.F.);
#10156=ADVANCED_FACE('',(#10155),#10147,.T.);
#10157=CARTESIAN_POINT('',(1.284041825248E2,1.085050909833E1,
-3.547897425963E0));
#10158=CARTESIAN_POINT('',(1.284015839543E2,1.085049828127E1,
-3.547773786386E0));
#10159=CARTESIAN_POINT('',(1.283954109008E2,1.085047798027E1,
-3.547541744889E0));
#10160=CARTESIAN_POINT('',(1.283482642134E2,1.085042092910E1,
-3.546889647006E0));
#10161=CARTESIAN_POINT('',(1.282606113860E2,1.085161926752E1,
-3.560586717767E0));
#10162=CARTESIAN_POINT('',(1.281486365997E2,1.085737147785E1,
-3.626334782772E0));
#10163=CARTESIAN_POINT('',(1.280907117288E2,1.086332263780E1,
-3.694356852191E0));
#10164=CARTESIAN_POINT('',(1.280622209045E2,1.086652927926E1,
-3.731008931863E0));
#10165=CARTESIAN_POINT('',(1.280606278563E2,1.086670934818E1,
-3.733067129109E0));
#10167=DIRECTION('',(0.E0,9.961946980917E-1,8.715574274765E-2));
#10168=VECTOR('',#10167,1.E0);
#10169=SURFACE_OF_LINEAR_EXTRUSION('',#10166,#10168);
#10170=ORIENTED_EDGE('',*,*,#9428,.F.);
#10172=ORIENTED_EDGE('',*,*,#10171,.T.);
#10174=ORIENTED_EDGE('',*,*,#10173,.F.);
#10175=ORIENTED_EDGE('',*,*,#10149,.F.);
#10176=EDGE_LOOP('',(#10170,#10172,#10174,#10175));
#10177=FACE_OUTER_BOUND('',#10176,.F.);
#10178=ADVANCED_FACE('',(#10177),#10169,.T.);
#10179=CARTESIAN_POINT('',(1.268326386403E2,1.100711020165E1,
-5.337856227537E0));
#10180=DIRECTION('',(-7.952655141181E-1,-5.283915376961E-2,6.039542912203E-1));
#10181=DIRECTION('',(6.062612984964E-1,-6.931195656456E-2,7.922392887396E-1));
#10182=AXIS2_PLACEMENT_3D('',#10179,#10180,#10181);
#10183=PLANE('',#10182);
#10184=ORIENTED_EDGE('',*,*,#9426,.F.);
#10186=ORIENTED_EDGE('',*,*,#10185,.T.);
#10188=ORIENTED_EDGE('',*,*,#10187,.F.);
#10189=ORIENTED_EDGE('',*,*,#10171,.F.);
#10190=EDGE_LOOP('',(#10184,#10186,#10188,#10189));
#10191=FACE_OUTER_BOUND('',#10190,.F.);
#10192=ADVANCED_FACE('',(#10191),#10183,.F.);
#10193=CARTESIAN_POINT('',(1.268324022948E2,1.087632918917E1,
-3.843022414638E0));
#10194=DIRECTION('',(9.999999875958E-1,-1.372759989678E-5,1.569071848116E-4));
#10195=DIRECTION('',(1.575065447670E-4,8.715574166656E-2,-9.961946857348E-1));
#10196=AXIS2_PLACEMENT_3D('',#10193,#10194,#10195);
#10197=PLANE('',#10196);
#10198=ORIENTED_EDGE('',*,*,#9424,.T.);
#10199=ORIENTED_EDGE('',*,*,#10002,.F.);
#10201=ORIENTED_EDGE('',*,*,#10200,.F.);
#10202=ORIENTED_EDGE('',*,*,#10185,.F.);
#10203=EDGE_LOOP('',(#10198,#10199,#10201,#10202));
#10204=FACE_OUTER_BOUND('',#10203,.F.);
#10205=ADVANCED_FACE('',(#10204),#10197,.F.);
#10206=CARTESIAN_POINT('',(0.E0,1.141875750019E1,-1.004300638016E1));
#10207=DIRECTION('',(0.E0,9.961946980917E-1,8.715574274765E-2));
#10208=DIRECTION('',(1.E0,0.E0,0.E0));
#10209=AXIS2_PLACEMENT_3D('',#10206,#10207,#10208);
#10210=PLANE('',#10209);
#10211=ORIENTED_EDGE('',*,*,#10000,.T.);
#10212=ORIENTED_EDGE('',*,*,#10015,.T.);
#10213=ORIENTED_EDGE('',*,*,#10037,.T.);
#10214=ORIENTED_EDGE('',*,*,#10051,.T.);
#10215=ORIENTED_EDGE('',*,*,#10072,.T.);
#10216=ORIENTED_EDGE('',*,*,#10086,.T.);
#10217=ORIENTED_EDGE('',*,*,#10100,.T.);
#10218=ORIENTED_EDGE('',*,*,#10114,.T.);
#10219=ORIENTED_EDGE('',*,*,#10128,.T.);
#10220=ORIENTED_EDGE('',*,*,#10151,.T.);
#10221=ORIENTED_EDGE('',*,*,#10173,.T.);
#10222=ORIENTED_EDGE('',*,*,#10187,.T.);
#10223=ORIENTED_EDGE('',*,*,#10200,.T.);
#10224=EDGE_LOOP('',(#10211,#10212,#10213,#10214,#10215,#10216,#10217,#10218,
#10219,#10220,#10221,#10222,#10223));
#10225=FACE_OUTER_BOUND('',#10224,.F.);
#10226=ADVANCED_FACE('',(#10225),#10210,.T.);
#10227=CARTESIAN_POINT('',(1.317777411255E2,1.097544641938E1,
-4.975937540012E0));
#10228=CARTESIAN_POINT('',(1.317820168281E2,1.096975472766E1,
-4.910881205986E0));
#10229=CARTESIAN_POINT('',(1.317880735645E2,1.095650278276E1,
-4.759410782739E0));
#10230=CARTESIAN_POINT('',(1.317761771838E2,1.093657023274E1,
-4.531580693507E0));
#10231=CARTESIAN_POINT('',(1.317306517692E2,1.091678980178E1,
-4.305489333047E0));
#10232=CARTESIAN_POINT('',(1.316562362688E2,1.089987482003E1,
-4.112150206891E0));
#10233=CARTESIAN_POINT('',(1.315587723577E2,1.088551058157E1,
-3.947966210056E0));
#10234=CARTESIAN_POINT('',(1.314378282823E2,1.087348686385E1,
-3.810534487587E0));
#10235=CARTESIAN_POINT('',(1.312920335862E2,1.086372113207E1,
-3.698911662595E0));
#10236=CARTESIAN_POINT('',(1.311186599127E2,1.085604602014E1,
-3.611184731823E0));
#10237=CARTESIAN_POINT('',(1.309141924538E2,1.085062235582E1,
-3.549191964996E0));
#10238=CARTESIAN_POINT('',(1.306835566422E2,1.084793529646E1,
-3.518478735925E0));
#10239=CARTESIAN_POINT('',(1.304431674850E2,1.084785227638E1,
-3.517529812122E0));
#10240=CARTESIAN_POINT('',(1.302130069013E2,1.085038607725E1,
-3.546491288537E0));
#10241=CARTESIAN_POINT('',(1.300087698734E2,1.085561911880E1,
-3.606305227109E0));
#10242=CARTESIAN_POINT('',(1.298356159362E2,1.086314325503E1,
-3.692306497757E0));
#10243=CARTESIAN_POINT('',(1.296900985261E2,1.087270806031E1,
-3.801632722433E0));
#10244=CARTESIAN_POINT('',(1.295692475948E2,1.088455168344E1,
-3.937005954262E0));
#10245=CARTESIAN_POINT('',(1.294710943307E2,1.089883475652E1,
-4.100262226595E0));
#10246=CARTESIAN_POINT('',(1.293963943745E2,1.091567205648E1,
-4.292713445725E0));
#10247=CARTESIAN_POINT('',(1.293513454312E2,1.093523252863E1,
-4.516290665537E0));
#10248=CARTESIAN_POINT('',(1.293395605662E2,1.095491296268E1,
-4.741239055992E0));
#10249=CARTESIAN_POINT('',(1.293456760587E2,1.096797167245E1,
-4.890500791723E0));
#10250=CARTESIAN_POINT('',(1.293500566461E2,1.097364663226E1,
-4.955365879271E0));
#10252=DIRECTION('',(0.E0,9.961946980917E-1,8.715574274765E-2));
#10253=VECTOR('',#10252,1.E0);
#10254=SURFACE_OF_LINEAR_EXTRUSION('',#10251,#10253);
#10255=ORIENTED_EDGE('',*,*,#9450,.F.);
#10257=ORIENTED_EDGE('',*,*,#10256,.T.);
#10259=ORIENTED_EDGE('',*,*,#10258,.F.);
#10261=ORIENTED_EDGE('',*,*,#10260,.T.);
#10262=EDGE_LOOP('',(#10255,#10257,#10259,#10261));
#10263=FACE_OUTER_BOUND('',#10262,.F.);
#10264=ADVANCED_FACE('',(#10263),#10254,.T.);
#10265=CARTESIAN_POINT('',(1.293429970380E2,1.107129344818E1,
-6.071474092305E0));
#10266=DIRECTION('',(-1.E0,0.E0,0.E0));
#10267=DIRECTION('',(0.E0,-8.715574274765E-2,9.961946980917E-1));
#10268=AXIS2_PLACEMENT_3D('',#10265,#10266,#10267);
#10269=PLANE('',#10268);
#10270=ORIENTED_EDGE('',*,*,#9464,.T.);
#10272=ORIENTED_EDGE('',*,*,#10271,.F.);
#10274=ORIENTED_EDGE('',*,*,#10273,.F.);
#10275=ORIENTED_EDGE('',*,*,#10256,.F.);
#10276=EDGE_LOOP('',(#10270,#10272,#10274,#10275));
#10277=FACE_OUTER_BOUND('',#10276,.F.);
#10278=ADVANCED_FACE('',(#10277),#10269,.F.);
#10279=CARTESIAN_POINT('',(1.293436455115E2,1.106962189254E1,
-6.052368123920E0));
#10280=CARTESIAN_POINT('',(1.293432113963E2,1.107017752414E1,
-6.058719022155E0));
#10281=CARTESIAN_POINT('',(1.293414153564E2,1.107484922862E1,
-6.112116848757E0));
#10282=CARTESIAN_POINT('',(1.293658402555E2,1.108356081355E1,
-6.211690720177E0));
#10283=CARTESIAN_POINT('',(1.294528234776E2,1.109315270425E1,
-6.321326532518E0));
#10284=CARTESIAN_POINT('',(1.295792389068E2,1.109830745420E1,
-6.380245594073E0));
#10285=CARTESIAN_POINT('',(1.297177844078E2,1.109841311690E1,
-6.381453324223E0));
#10286=CARTESIAN_POINT('',(1.298468901228E2,1.109338672297E1,
-6.324001378694E0));
#10287=CARTESIAN_POINT('',(1.299361129031E2,1.108369215169E1,
-6.213191921900E0));
#10288=CARTESIAN_POINT('',(1.299610231251E2,1.107489881959E1,
-6.112683676087E0));
#10289=CARTESIAN_POINT('',(1.299592104630E2,1.107017753765E1,
-6.058719176562E0));
#10290=CARTESIAN_POINT('',(1.299587770299E2,1.106962193317E1,
-6.052368588269E0));
#10292=DIRECTION('',(0.E0,9.961946980917E-1,8.715574274765E-2));
#10293=VECTOR('',#10292,1.E0);
#10294=SURFACE_OF_LINEAR_EXTRUSION('',#10291,#10293);
#10295=ORIENTED_EDGE('',*,*,#9462,.F.);
#10297=ORIENTED_EDGE('',*,*,#10296,.T.);
#10299=ORIENTED_EDGE('',*,*,#10298,.F.);
#10300=ORIENTED_EDGE('',*,*,#10271,.T.);
#10301=EDGE_LOOP('',(#10295,#10297,#10299,#10300));
#10302=FACE_OUTER_BOUND('',#10301,.F.);
#10303=ADVANCED_FACE('',(#10302),#10294,.T.);
#10304=CARTESIAN_POINT('',(1.299594245281E2,1.095792088141E1,
-4.775619724505E0));
#10305=DIRECTION('',(1.E0,0.E0,0.E0));
#10306=DIRECTION('',(0.E0,8.715574274765E-2,-9.961946980917E-1));
#10307=AXIS2_PLACEMENT_3D('',#10304,#10305,#10306);
#10308=PLANE('',#10307);
#10309=ORIENTED_EDGE('',*,*,#9460,.T.);
#10311=ORIENTED_EDGE('',*,*,#10310,.F.);
#10313=ORIENTED_EDGE('',*,*,#10312,.F.);
#10314=ORIENTED_EDGE('',*,*,#10296,.F.);
#10315=EDGE_LOOP('',(#10309,#10311,#10313,#10314));
#10316=FACE_OUTER_BOUND('',#10315,.F.);
#10317=ADVANCED_FACE('',(#10316),#10308,.F.);
#10318=CARTESIAN_POINT('',(1.299700227991E2,1.097502578752E1,
-4.971129695952E0));
#10319=CARTESIAN_POINT('',(1.299638860894E2,1.096941640116E1,
-4.907014116413E0));
#10320=CARTESIAN_POINT('',(1.299557579931E2,1.095896000621E1,
-4.787496975241E0));
#10321=CARTESIAN_POINT('',(1.299650586220E2,1.094432522468E1,
-4.620220656950E0));
#10322=CARTESIAN_POINT('',(1.299955548519E2,1.093205203821E1,
-4.479937493723E0));
#10323=CARTESIAN_POINT('',(1.300442216818E2,1.092172729350E1,
-4.361925121667E0));
#10324=CARTESIAN_POINT('',(1.301105848589E2,1.091325075402E1,
-4.265037831980E0));
#10325=CARTESIAN_POINT('',(1.301944742110E2,1.090657435401E1,
-4.188726230748E0));
#10326=CARTESIAN_POINT('',(1.302959334195E2,1.090150363808E1,
-4.130767682438E0));
#10327=CARTESIAN_POINT('',(1.304161370563E2,1.089837213639E1,
-4.094974454337E0));
#10328=CARTESIAN_POINT('',(1.305493728176E2,1.089727510361E1,
-4.082435312232E0));
#10329=CARTESIAN_POINT('',(1.306849671351E2,1.089795744801E1,
-4.090234544450E0));
#10330=CARTESIAN_POINT('',(1.308120974538E2,1.090066403445E1,
-4.121170968975E0));
#10331=CARTESIAN_POINT('',(1.309205487309E2,1.090549377384E1,
-4.176375142833E0));
#10332=CARTESIAN_POINT('',(1.310098087806E2,1.091201461836E1,
-4.250908736727E0));
#10333=CARTESIAN_POINT('',(1.310795835745E2,1.092037230723E1,
-4.346437557702E0));
#10334=CARTESIAN_POINT('',(1.311306684914E2,1.093057585458E1,
-4.463064637569E0));
#10335=CARTESIAN_POINT('',(1.311624703984E2,1.094272779233E1,
-4.601961921654E0));
#10336=CARTESIAN_POINT('',(1.311719615030E2,1.095724485646E1,
-4.767892723899E0));
#10337=CARTESIAN_POINT('',(1.311636198737E2,1.096760639314E1,
-4.886325630120E0));
#10338=CARTESIAN_POINT('',(1.311575517048E2,1.097316533667E1,
-4.949864645497E0));
#10340=DIRECTION('',(0.E0,9.961946980917E-1,8.715574274765E-2));
#10341=VECTOR('',#10340,1.E0);
#10342=SURFACE_OF_LINEAR_EXTRUSION('',#10339,#10341);
#10343=ORIENTED_EDGE('',*,*,#9458,.F.);
#10345=ORIENTED_EDGE('',*,*,#10344,.T.);
#10347=ORIENTED_EDGE('',*,*,#10346,.F.);
#10348=ORIENTED_EDGE('',*,*,#10310,.T.);
#10349=EDGE_LOOP('',(#10343,#10345,#10347,#10348));
#10350=FACE_OUTER_BOUND('',#10349,.F.);
#10351=ADVANCED_FACE('',(#10350),#10342,.T.);
#10352=CARTESIAN_POINT('',(1.311682112099E2,1.107129344818E1,
-6.071474092305E0));
#10353=DIRECTION('',(-1.E0,0.E0,0.E0));
#10354=DIRECTION('',(0.E0,-8.715574274765E-2,9.961946980917E-1));
#10355=AXIS2_PLACEMENT_3D('',#10352,#10353,#10354);
#10356=PLANE('',#10355);
#10357=ORIENTED_EDGE('',*,*,#9456,.T.);
#10359=ORIENTED_EDGE('',*,*,#10358,.F.);
#10361=ORIENTED_EDGE('',*,*,#10360,.F.);
#10362=ORIENTED_EDGE('',*,*,#10344,.F.);
#10363=EDGE_LOOP('',(#10357,#10359,#10361,#10362));
#10364=FACE_OUTER_BOUND('',#10363,.F.);
#10365=ADVANCED_FACE('',(#10364),#10356,.F.);
#10366=CARTESIAN_POINT('',(1.311688596833E2,1.106962189254E1,
-6.052368123921E0));
#10367=CARTESIAN_POINT('',(1.311684255681E2,1.107017752414E1,
-6.058719022156E0));
#10368=CARTESIAN_POINT('',(1.311666295283E2,1.107484922862E1,
-6.112116848755E0));
#10369=CARTESIAN_POINT('',(1.311910544274E2,1.108356081355E1,
-6.211690720170E0));
#10370=CARTESIAN_POINT('',(1.312780376495E2,1.109315270425E1,
-6.321326532505E0));
#10371=CARTESIAN_POINT('',(1.314044530787E2,1.109830745420E1,
-6.380245594057E0));
#10372=CARTESIAN_POINT('',(1.315429985798E2,1.109841311690E1,
-6.381453324208E0));
#10373=CARTESIAN_POINT('',(1.316721042947E2,1.109338672297E1,
-6.324001378681E0));
#10374=CARTESIAN_POINT('',(1.317613270749E2,1.108369215169E1,
-6.213191921893E0));
#10375=CARTESIAN_POINT('',(1.317862372970E2,1.107489881959E1,
-6.112683676086E0));
#10376=CARTESIAN_POINT('',(1.317844246348E2,1.107017753765E1,
-6.058719176564E0));
#10377=CARTESIAN_POINT('',(1.317839912017E2,1.106962193317E1,
-6.052368588271E0));
#10379=DIRECTION('',(0.E0,9.961946980917E-1,8.715574274765E-2));
#10380=VECTOR('',#10379,1.E0);
#10381=SURFACE_OF_LINEAR_EXTRUSION('',#10378,#10380);
#10382=ORIENTED_EDGE('',*,*,#9454,.F.);
#10384=ORIENTED_EDGE('',*,*,#10383,.T.);
#10386=ORIENTED_EDGE('',*,*,#10385,.F.);
#10387=ORIENTED_EDGE('',*,*,#10358,.T.);
#10388=EDGE_LOOP('',(#10382,#10384,#10386,#10387));
#10389=FACE_OUTER_BOUND('',#10388,.F.);
#10390=ADVANCED_FACE('',(#10389),#10381,.T.);
#10391=CARTESIAN_POINT('',(1.317846387E2,1.095827353661E1,-4.779650591891E0));
#10392=DIRECTION('',(1.E0,0.E0,0.E0));
#10393=DIRECTION('',(0.E0,8.715574274765E-2,-9.961946980917E-1));
#10394=AXIS2_PLACEMENT_3D('',#10391,#10392,#10393);
#10395=PLANE('',#10394);
#10396=ORIENTED_EDGE('',*,*,#9452,.T.);
#10397=ORIENTED_EDGE('',*,*,#10260,.F.);
#10399=ORIENTED_EDGE('',*,*,#10398,.F.);
#10400=ORIENTED_EDGE('',*,*,#10383,.F.);
#10401=EDGE_LOOP('',(#10396,#10397,#10399,#10400));
#10402=FACE_OUTER_BOUND('',#10401,.F.);
#10403=ADVANCED_FACE('',(#10402),#10395,.F.);
#10404=CARTESIAN_POINT('',(0.E0,1.141875750019E1,-1.004300638016E1));
#10405=DIRECTION('',(0.E0,9.961946980917E-1,8.715574274765E-2));
#10406=DIRECTION('',(1.E0,0.E0,0.E0));
#10407=AXIS2_PLACEMENT_3D('',#10404,#10405,#10406);
#10408=PLANE('',#10407);
#10409=ORIENTED_EDGE('',*,*,#10258,.T.);
#10410=ORIENTED_EDGE('',*,*,#10273,.T.);
#10411=ORIENTED_EDGE('',*,*,#10298,.T.);
#10412=ORIENTED_EDGE('',*,*,#10312,.T.);
#10413=ORIENTED_EDGE('',*,*,#10346,.T.);
#10414=ORIENTED_EDGE('',*,*,#10360,.T.);
#10415=ORIENTED_EDGE('',*,*,#10385,.T.);
#10416=ORIENTED_EDGE('',*,*,#10398,.T.);
#10417=EDGE_LOOP('',(#10409,#10410,#10411,#10412,#10413,#10414,#10415,#10416));
#10418=FACE_OUTER_BOUND('',#10417,.F.);
#10419=ADVANCED_FACE('',(#10418),#10408,.T.);
#10420=CARTESIAN_POINT('',(1.357040536166E2,1.087831151606E1,
-3.865680514789E0));
#10421=CARTESIAN_POINT('',(1.357044874976E2,1.087775587782E1,
-3.859329540602E0));
#10422=CARTESIAN_POINT('',(1.357062830593E2,1.087308301196E1,
-3.805918439368E0));
#10423=CARTESIAN_POINT('',(1.356818625104E2,1.086437066804E1,
-3.706335892743E0));
#10424=CARTESIAN_POINT('',(1.355948725784E2,1.085477800231E1,
-3.596691221705E0));
#10425=CARTESIAN_POINT('',(1.354684482379E2,1.084962547963E1,
-3.537797617923E0));
#10426=CARTESIAN_POINT('',(1.353299056578E2,1.084952073606E1,
-3.536600393518E0));
#10427=CARTESIAN_POINT('',(1.352008033414E2,1.085454705875E1,
-3.594051524663E0));
#10428=CARTESIAN_POINT('',(1.351115852854E2,1.086424148030E1,
-3.704859270097E0));
#10429=CARTESIAN_POINT('',(1.350866756398E2,1.087303460483E1,
-3.805365143413E0));
#10430=CARTESIAN_POINT('',(1.350884883311E2,1.087775586545E1,
-3.859329399198E0));
#10431=CARTESIAN_POINT('',(1.350889217803E2,1.087831147864E1,
-3.865680087028E0));
#10433=DIRECTION('',(0.E0,9.961946980917E-1,8.715574274765E-2));
#10434=VECTOR('',#10433,1.E0);
#10435=SURFACE_OF_LINEAR_EXTRUSION('',#10432,#10434);
#10436=ORIENTED_EDGE('',*,*,#9468,.F.);
#10438=ORIENTED_EDGE('',*,*,#10437,.T.);
#10440=ORIENTED_EDGE('',*,*,#10439,.F.);
#10442=ORIENTED_EDGE('',*,*,#10441,.T.);
#10443=EDGE_LOOP('',(#10436,#10438,#10440,#10442));
#10444=FACE_OUTER_BOUND('',#10443,.F.);
#10445=ADVANCED_FACE('',(#10444),#10435,.T.);
#10446=CARTESIAN_POINT('',(1.350882742582E2,1.107129344818E1,
-6.071474092304E0));
#10447=DIRECTION('',(-1.E0,0.E0,0.E0));
#10448=DIRECTION('',(0.E0,-8.715574274765E-2,9.961946980917E-1));
#10449=AXIS2_PLACEMENT_3D('',#10446,#10447,#10448);
#10450=PLANE('',#10449);
#10451=ORIENTED_EDGE('',*,*,#9490,.T.);
#10453=ORIENTED_EDGE('',*,*,#10452,.F.);
#10455=ORIENTED_EDGE('',*,*,#10454,.F.);
#10456=ORIENTED_EDGE('',*,*,#10437,.F.);
#10457=EDGE_LOOP('',(#10451,#10453,#10455,#10456));
#10458=FACE_OUTER_BOUND('',#10457,.F.);
#10459=ADVANCED_FACE('',(#10458),#10450,.F.);
#10460=CARTESIAN_POINT('',(1.350889227553E2,1.106962186678E1,
-6.052367829492E0));
#10461=CARTESIAN_POINT('',(1.350884886242E2,1.107017750710E1,
-6.058718827381E0));
#10462=CARTESIAN_POINT('',(1.350866925221E2,1.107484927819E1,
-6.112117415275E0));
#10463=CARTESIAN_POINT('',(1.351111181646E2,1.108356094437E1,
-6.211692215385E0));
#10464=CARTESIAN_POINT('',(1.351981034375E2,1.109315299992E1,
-6.321329912032E0));
#10465=CARTESIAN_POINT('',(1.353245230237E2,1.109830730426E1,
-6.380243880278E0));
#10466=CARTESIAN_POINT('',(1.354630635738E2,1.109841321766E1,
-6.381454475955E0));
#10467=CARTESIAN_POINT('',(1.355921699527E2,1.109338882429E1,
-6.324025396903E0));
#10468=CARTESIAN_POINT('',(1.356813957407E2,1.108369382684E1,
-6.213211068998E0));
#10469=CARTESIAN_POINT('',(1.357062998896E2,1.107489983904E1,
-6.112695328482E0));
#10470=CARTESIAN_POINT('',(1.357044877942E2,1.107017752193E1,
-6.058718996896E0));
#10471=CARTESIAN_POINT('',(1.357040546035E2,1.106962191125E1,
-6.052368337706E0));
#10473=DIRECTION('',(0.E0,9.961946980917E-1,8.715574274765E-2));
#10474=VECTOR('',#10473,1.E0);
#10475=SURFACE_OF_LINEAR_EXTRUSION('',#10472,#10474);
#10476=ORIENTED_EDGE('',*,*,#9488,.F.);
#10478=ORIENTED_EDGE('',*,*,#10477,.T.);
#10480=ORIENTED_EDGE('',*,*,#10479,.F.);
#10481=ORIENTED_EDGE('',*,*,#10452,.T.);
#10482=EDGE_LOOP('',(#10476,#10478,#10480,#10481));
#10483=FACE_OUTER_BOUND('',#10482,.F.);
#10484=ADVANCED_FACE('',(#10483),#10475,.T.);
#10485=CARTESIAN_POINT('',(1.357047017483E2,1.099943691090E1,
-5.250150112986E0));
#10486=DIRECTION('',(1.E0,0.E0,0.E0));
#10487=DIRECTION('',(0.E0,8.715574274765E-2,-9.961946980917E-1));
#10488=AXIS2_PLACEMENT_3D('',#10485,#10486,#10487);
#10489=PLANE('',#10488);
#10490=ORIENTED_EDGE('',*,*,#9486,.T.);
#10492=ORIENTED_EDGE('',*,*,#10491,.T.);
#10494=ORIENTED_EDGE('',*,*,#10493,.F.);
#10495=ORIENTED_EDGE('',*,*,#10477,.F.);
#10496=EDGE_LOOP('',(#10490,#10492,#10494,#10495));
#10497=FACE_OUTER_BOUND('',#10496,.F.);
#10498=ADVANCED_FACE('',(#10497),#10489,.F.);
#10499=CARTESIAN_POINT('',(1.368414928247E2,1.099943691090E1,
-5.250150112986E0));
#10500=DIRECTION('',(0.E0,8.715574274765E-2,-9.961946980917E-1));
#10501=DIRECTION('',(-1.E0,0.E0,0.E0));
#10502=AXIS2_PLACEMENT_3D('',#10499,#10500,#10501);
#10503=PLANE('',#10502);
#10504=ORIENTED_EDGE('',*,*,#9484,.T.);
#10506=ORIENTED_EDGE('',*,*,#10505,.T.);
#10508=ORIENTED_EDGE('',*,*,#10507,.F.);
#10509=ORIENTED_EDGE('',*,*,#10491,.F.);
#10510=EDGE_LOOP('',(#10504,#10506,#10508,#10509));
#10511=FACE_OUTER_BOUND('',#10510,.F.);
#10512=ADVANCED_FACE('',(#10511),#10503,.F.);
#10513=CARTESIAN_POINT('',(1.368414928247E2,1.107129344818E1,
-6.071474092305E0));
#10514=DIRECTION('',(-1.E0,0.E0,0.E0));
#10515=DIRECTION('',(0.E0,-8.715574274765E-2,9.961946980917E-1));
#10516=AXIS2_PLACEMENT_3D('',#10513,#10514,#10515);
#10517=PLANE('',#10516);
#10518=ORIENTED_EDGE('',*,*,#9482,.T.);
#10520=ORIENTED_EDGE('',*,*,#10519,.F.);
#10522=ORIENTED_EDGE('',*,*,#10521,.F.);
#10523=ORIENTED_EDGE('',*,*,#10505,.F.);
#10524=EDGE_LOOP('',(#10518,#10520,#10522,#10523));
#10525=FACE_OUTER_BOUND('',#10524,.F.);
#10526=ADVANCED_FACE('',(#10525),#10517,.F.);
#10527=CARTESIAN_POINT('',(1.368421412423E2,1.106962197297E1,
-6.052369043207E0));
#10528=CARTESIAN_POINT('',(1.368417071644E2,1.107017757790E1,
-6.058719636652E0));
#10529=CARTESIAN_POINT('',(1.368399113042E2,1.107484899518E1,
-6.112114180506E0));
#10530=CARTESIAN_POINT('',(1.368643335138E2,1.108356008505E1,
-6.211682393347E0));
#10531=CARTESIAN_POINT('',(1.369513060808E2,1.109315157825E1,
-6.321313662252E0));
#10532=CARTESIAN_POINT('',(1.370777052997E2,1.109830703017E1,
-6.380240747352E0));
#10533=CARTESIAN_POINT('',(1.372162365611E2,1.109841345952E1,
-6.381457240386E0));
#10534=CARTESIAN_POINT('',(1.373453300709E2,1.109338863260E1,
-6.324023205931E0));
#10535=CARTESIAN_POINT('',(1.374345489500E2,1.108369376042E1,
-6.213210309774E0));
#10536=CARTESIAN_POINT('',(1.374594483225E2,1.107489991107E1,
-6.112696151851E0));
#10537=CARTESIAN_POINT('',(1.374576366627E2,1.107017759313E1,
-6.058719810718E0));
#10538=CARTESIAN_POINT('',(1.374572036099E2,1.106962201857E1,
-6.052369564376E0));
#10540=DIRECTION('',(0.E0,9.961946980917E-1,8.715574274765E-2));
#10541=VECTOR('',#10540,1.E0);
#10542=SURFACE_OF_LINEAR_EXTRUSION('',#10539,#10541);
#10543=ORIENTED_EDGE('',*,*,#9480,.F.);
#10545=ORIENTED_EDGE('',*,*,#10544,.T.);
#10547=ORIENTED_EDGE('',*,*,#10546,.F.);
#10548=ORIENTED_EDGE('',*,*,#10519,.T.);
#10549=EDGE_LOOP('',(#10543,#10545,#10547,#10548));
#10550=FACE_OUTER_BOUND('',#10549,.F.);
#10551=ADVANCED_FACE('',(#10550),#10542,.T.);
#10552=CARTESIAN_POINT('',(1.374578505516E2,1.087663993791E1,
-3.846574289067E0));
#10553=DIRECTION('',(1.E0,0.E0,0.E0));
#10554=DIRECTION('',(0.E0,8.715574274765E-2,-9.961946980917E-1));
#10555=AXIS2_PLACEMENT_3D('',#10552,#10553,#10554);
#10556=PLANE('',#10555);
#10557=ORIENTED_EDGE('',*,*,#9478,.T.);
#10559=ORIENTED_EDGE('',*,*,#10558,.F.);
#10561=ORIENTED_EDGE('',*,*,#10560,.F.);
#10562=ORIENTED_EDGE('',*,*,#10544,.F.);
#10563=EDGE_LOOP('',(#10557,#10559,#10561,#10562));
#10564=FACE_OUTER_BOUND('',#10563,.F.);
#10565=ADVANCED_FACE('',(#10564),#10556,.F.);
#10566=CARTESIAN_POINT('',(1.374572026223E2,1.087831140882E1,
-3.865679288923E0));
#10567=CARTESIAN_POINT('',(1.374576363659E2,1.087775580664E1,
-3.859328726928E0));
#10568=CARTESIAN_POINT('',(1.374594315017E2,1.087308293020E1,
-3.805917504834E0));
#10569=CARTESIAN_POINT('',(1.374350161580E2,1.086437094425E1,
-3.706339049773E0));
#10570=CARTESIAN_POINT('',(1.373480376762E2,1.085477863872E1,
-3.596698495915E0));
#10571=CARTESIAN_POINT('',(1.372216323259E2,1.084962555109E1,
-3.537798434776E0));
#10572=CARTESIAN_POINT('',(1.370830983102E2,1.084952068497E1,
-3.536599809482E0));
#10573=CARTESIAN_POINT('',(1.369540099870E2,1.085454807874E1,
-3.594063183260E0));
#10574=CARTESIAN_POINT('',(1.368648011609E2,1.086424218525E1,
-3.704867327740E0));
#10575=CARTESIAN_POINT('',(1.368398944154E2,1.087303488765E1,
-3.805368376020E0));
#10576=CARTESIAN_POINT('',(1.368417068723E2,1.087775579468E1,
-3.859328590257E0));
#10577=CARTESIAN_POINT('',(1.368421402706E2,1.087831137257E1,
-3.865678874635E0));
#10579=DIRECTION('',(0.E0,9.961946980917E-1,8.715574274765E-2));
#10580=VECTOR('',#10579,1.E0);
#10581=SURFACE_OF_LINEAR_EXTRUSION('',#10578,#10580);
#10582=ORIENTED_EDGE('',*,*,#9476,.F.);
#10584=ORIENTED_EDGE('',*,*,#10583,.T.);
#10586=ORIENTED_EDGE('',*,*,#10585,.F.);
#10587=ORIENTED_EDGE('',*,*,#10558,.T.);
#10588=EDGE_LOOP('',(#10582,#10584,#10586,#10587));
#10589=FACE_OUTER_BOUND('',#10588,.F.);
#10590=ADVANCED_FACE('',(#10589),#10581,.T.);
#10591=CARTESIAN_POINT('',(1.368414928247E2,1.094989493547E1,
-4.683882742563E0));
#10592=DIRECTION('',(-1.E0,0.E0,0.E0));
#10593=DIRECTION('',(0.E0,-8.715574274765E-2,9.961946980917E-1));
#10594=AXIS2_PLACEMENT_3D('',#10591,#10592,#10593);
#10595=PLANE('',#10594);
#10596=ORIENTED_EDGE('',*,*,#9474,.T.);
#10598=ORIENTED_EDGE('',*,*,#10597,.T.);
#10600=ORIENTED_EDGE('',*,*,#10599,.F.);
#10601=ORIENTED_EDGE('',*,*,#10583,.F.);
#10602=EDGE_LOOP('',(#10596,#10598,#10600,#10601));
#10603=FACE_OUTER_BOUND('',#10602,.F.);
#10604=ADVANCED_FACE('',(#10603),#10595,.F.);
#10605=CARTESIAN_POINT('',(1.357047017483E2,1.094989493547E1,
-4.683882742563E0));
#10606=DIRECTION('',(0.E0,-8.715574274765E-2,9.961946980917E-1));
#10607=DIRECTION('',(1.E0,0.E0,0.E0));
#10608=AXIS2_PLACEMENT_3D('',#10605,#10606,#10607);
#10609=PLANE('',#10608);
#10610=ORIENTED_EDGE('',*,*,#9472,.T.);
#10612=ORIENTED_EDGE('',*,*,#10611,.T.);
#10614=ORIENTED_EDGE('',*,*,#10613,.F.);
#10615=ORIENTED_EDGE('',*,*,#10597,.F.);
#10616=EDGE_LOOP('',(#10610,#10612,#10614,#10615));
#10617=FACE_OUTER_BOUND('',#10616,.F.);
#10618=ADVANCED_FACE('',(#10617),#10609,.F.);
#10619=CARTESIAN_POINT('',(1.357047017483E2,1.087663993791E1,
-3.846574289067E0));
#10620=DIRECTION('',(1.E0,0.E0,0.E0));
#10621=DIRECTION('',(0.E0,8.715574274765E-2,-9.961946980917E-1));
#10622=AXIS2_PLACEMENT_3D('',#10619,#10620,#10621);
#10623=PLANE('',#10622);
#10624=ORIENTED_EDGE('',*,*,#9470,.T.);
#10625=ORIENTED_EDGE('',*,*,#10441,.F.);
#10627=ORIENTED_EDGE('',*,*,#10626,.F.);
#10628=ORIENTED_EDGE('',*,*,#10611,.F.);
#10629=EDGE_LOOP('',(#10624,#10625,#10627,#10628));
#10630=FACE_OUTER_BOUND('',#10629,.F.);
#10631=ADVANCED_FACE('',(#10630),#10623,.F.);
#10632=CARTESIAN_POINT('',(0.E0,1.141875750019E1,-1.004300638016E1));
#10633=DIRECTION('',(0.E0,9.961946980917E-1,8.715574274765E-2));
#10634=DIRECTION('',(1.E0,0.E0,0.E0));
#10635=AXIS2_PLACEMENT_3D('',#10632,#10633,#10634);
#10636=PLANE('',#10635);
#10637=ORIENTED_EDGE('',*,*,#10439,.T.);
#10638=ORIENTED_EDGE('',*,*,#10454,.T.);
#10639=ORIENTED_EDGE('',*,*,#10479,.T.);
#10640=ORIENTED_EDGE('',*,*,#10493,.T.);
#10641=ORIENTED_EDGE('',*,*,#10507,.T.);
#10642=ORIENTED_EDGE('',*,*,#10521,.T.);
#10643=ORIENTED_EDGE('',*,*,#10546,.T.);
#10644=ORIENTED_EDGE('',*,*,#10560,.T.);
#10645=ORIENTED_EDGE('',*,*,#10585,.T.);
#10646=ORIENTED_EDGE('',*,*,#10599,.T.);
#10647=ORIENTED_EDGE('',*,*,#10613,.T.);
#10648=ORIENTED_EDGE('',*,*,#10626,.T.);
#10649=EDGE_LOOP('',(#10637,#10638,#10639,#10640,#10641,#10642,#10643,#10644,
#10645,#10646,#10647,#10648));
#10650=FACE_OUTER_BOUND('',#10649,.F.);
#10651=ADVANCED_FACE('',(#10650),#10636,.T.);
#10652=CARTESIAN_POINT('',(1.388635787007E2,1.094606437036E1,
-4.640099182991E0));
#10653=DIRECTION('',(-1.E0,0.E0,0.E0));
#10654=DIRECTION('',(0.E0,-8.715574274765E-2,9.961946980917E-1));
#10655=AXIS2_PLACEMENT_3D('',#10652,#10653,#10654);
#10656=PLANE('',#10655);
#10657=ORIENTED_EDGE('',*,*,#9494,.T.);
#10659=ORIENTED_EDGE('',*,*,#10658,.T.);
#10661=ORIENTED_EDGE('',*,*,#10660,.F.);
#10663=ORIENTED_EDGE('',*,*,#10662,.F.);
#10664=EDGE_LOOP('',(#10657,#10659,#10661,#10663));
#10665=FACE_OUTER_BOUND('',#10664,.F.);
#10666=ADVANCED_FACE('',(#10665),#10656,.F.);
#10667=CARTESIAN_POINT('',(1.379598345316E2,1.105305851169E1,
-5.863047814572E0));
#10668=DIRECTION('',(-8.053120240478E-1,-5.167038657066E-2,5.905952210065E-1));
#10669=DIRECTION('',(5.928511988046E-1,-7.018756759950E-2,8.022475686659E-1));
#10670=AXIS2_PLACEMENT_3D('',#10667,#10668,#10669);
#10671=PLANE('',#10670);
#10672=ORIENTED_EDGE('',*,*,#9514,.F.);
#10674=ORIENTED_EDGE('',*,*,#10673,.F.);
#10676=ORIENTED_EDGE('',*,*,#10675,.F.);
#10677=ORIENTED_EDGE('',*,*,#10658,.F.);
#10678=EDGE_LOOP('',(#10672,#10674,#10676,#10677));
#10679=FACE_OUTER_BOUND('',#10678,.F.);
#10680=ADVANCED_FACE('',(#10679),#10671,.F.);
#10681=CARTESIAN_POINT('',(1.382789566449E2,1.107353400749E1,
-6.097083802445E0));
#10682=DIRECTION('',(0.E0,9.961946980917E-1,8.715574274765E-2));
#10683=DIRECTION('',(1.E0,0.E0,0.E0));
#10684=AXIS2_PLACEMENT_3D('',#10681,#10682,#10683);
#10685=CYLINDRICAL_SURFACE('',#10684,3.962713877296E-1);
#10686=ORIENTED_EDGE('',*,*,#9512,.F.);
#10688=ORIENTED_EDGE('',*,*,#10687,.F.);
#10690=ORIENTED_EDGE('',*,*,#10689,.F.);
#10691=ORIENTED_EDGE('',*,*,#10673,.T.);
#10692=EDGE_LOOP('',(#10686,#10688,#10690,#10691));
#10693=FACE_OUTER_BOUND('',#10692,.F.);
#10694=ADVANCED_FACE('',(#10693),#10685,.F.);
#10695=CARTESIAN_POINT('',(1.378834844326E2,1.107087669204E1,
-6.066710547902E0));
#10696=CARTESIAN_POINT('',(1.378831040741E2,1.107136719056E1,
-6.072316971649E0));
#10697=CARTESIAN_POINT('',(1.378821650299E2,1.107384474963E1,
-6.100635601326E0));
#10698=CARTESIAN_POINT('',(1.378891227712E2,1.107841093703E1,
-6.152827362164E0));
#10699=CARTESIAN_POINT('',(1.379147851527E2,1.108423554214E1,
-6.219402903195E0));
#10700=CARTESIAN_POINT('',(1.379561563697E2,1.108951983706E1,
-6.279802670518E0));
#10701=CARTESIAN_POINT('',(1.380125155489E2,1.109375901383E1,
-6.328256682762E0));
#10702=CARTESIAN_POINT('',(1.380797859385E2,1.109671509702E1,
-6.362044868153E0));
#10703=CARTESIAN_POINT('',(1.381547726230E2,1.109825584427E1,
-6.379655689845E0));
#10704=CARTESIAN_POINT('',(1.382330200154E2,1.109820341953E1,
-6.379056472353E0));
#10705=CARTESIAN_POINT('',(1.383101287334E2,1.109655838206E1,
-6.360253608036E0));
#10706=CARTESIAN_POINT('',(1.383813076944E2,1.109313520342E1,
-6.321126497074E0));
#10707=CARTESIAN_POINT('',(1.384432080784E2,1.108801701122E1,
-6.262625292575E0));
#10708=CARTESIAN_POINT('',(1.384817171372E2,1.108355989672E1,
-6.211680240717E0));
#10709=CARTESIAN_POINT('',(1.385016690888E2,1.108094655556E1,
-6.181809614571E0));
#10710=CARTESIAN_POINT('',(1.385047584939E2,1.108053490555E1,
-6.177104433405E0));
#10712=DIRECTION('',(0.E0,9.961946980917E-1,8.715574274765E-2));
#10713=VECTOR('',#10712,1.E0);
#10714=SURFACE_OF_LINEAR_EXTRUSION('',#10711,#10713);
#10715=ORIENTED_EDGE('',*,*,#9510,.F.);
#10717=ORIENTED_EDGE('',*,*,#10716,.T.);
#10719=ORIENTED_EDGE('',*,*,#10718,.F.);
#10720=ORIENTED_EDGE('',*,*,#10687,.T.);
#10721=EDGE_LOOP('',(#10715,#10717,#10719,#10720));
#10722=FACE_OUTER_BOUND('',#10721,.F.);
#10723=ADVANCED_FACE('',(#10722),#10714,.T.);
#10724=CARTESIAN_POINT('',(1.391757689472E2,1.099629949567E1,
-5.214289292734E0));
#10725=DIRECTION('',(8.215920245742E-1,4.968538951100E-2,-5.679066007939E-1));
#10726=DIRECTION('',(-5.700759117487E-1,7.160646313731E-2,-8.184656188753E-1));
#10727=AXIS2_PLACEMENT_3D('',#10724,#10725,#10726);
#10728=PLANE('',#10727);
#10729=ORIENTED_EDGE('',*,*,#9508,.F.);
#10731=ORIENTED_EDGE('',*,*,#10730,.T.);
#10733=ORIENTED_EDGE('',*,*,#10732,.F.);
#10734=ORIENTED_EDGE('',*,*,#10716,.F.);
#10735=EDGE_LOOP('',(#10729,#10731,#10733,#10734));
#10736=FACE_OUTER_BOUND('',#10735,.F.);
#10737=ADVANCED_FACE('',(#10736),#10728,.F.);
#10738=CARTESIAN_POINT('',(1.398682383074E2,1.108245680936E1,
-6.199071894456E0));
#10739=DIRECTION('',(-8.190417913008E-1,5.000420085911E-2,-5.715506311774E-1));
#10740=DIRECTION('',(-5.737338617363E-1,-7.138419566219E-2,8.159250900094E-1));
#10741=AXIS2_PLACEMENT_3D('',#10738,#10739,#10740);
#10742=PLANE('',#10741);
#10743=ORIENTED_EDGE('',*,*,#9506,.F.);
#10745=ORIENTED_EDGE('',*,*,#10744,.F.);
#10747=ORIENTED_EDGE('',*,*,#10746,.F.);
#10748=ORIENTED_EDGE('',*,*,#10730,.F.);
#10749=EDGE_LOOP('',(#10743,#10745,#10747,#10748));
#10750=FACE_OUTER_BOUND('',#10749,.F.);
#10751=ADVANCED_FACE('',(#10750),#10742,.F.);
#10752=CARTESIAN_POINT('',(1.398589659708E2,1.108123740980E1,
-6.185134093720E0));
#10753=CARTESIAN_POINT('',(1.398620078704E2,1.108164635131E1,
-6.189808316656E0));
#10754=CARTESIAN_POINT('',(1.398820884871E2,1.108428918455E1,
-6.220016038787E0));
#10755=CARTESIAN_POINT('',(1.399210688040E2,1.108871347294E1,
-6.270585886515E0));
#10756=CARTESIAN_POINT('',(1.399832203961E2,1.109367883825E1,
-6.327340271646E0));
#10757=CARTESIAN_POINT('',(1.400522899062E2,1.109696700214E1,
-6.364924156850E0));
#10758=CARTESIAN_POINT('',(1.401264929797E2,1.109858598052E1,
-6.383429164435E0));
#10759=CARTESIAN_POINT('',(1.402020251661E2,1.109859107485E1,
-6.383487392904E0));
#10760=CARTESIAN_POINT('',(1.402749996482E2,1.109725271989E1,
-6.368189925713E0));
#10761=CARTESIAN_POINT('',(1.403404340023E2,1.109451146536E1,
-6.336857243063E0));
#10762=CARTESIAN_POINT('',(1.403939625247E2,1.109046942705E1,
-6.290656533780E0));
#10763=CARTESIAN_POINT('',(1.404336900306E2,1.108534652571E1,
-6.232101503465E0));
#10764=CARTESIAN_POINT('',(1.404590999314E2,1.107920149994E1,
-6.161863537544E0));
#10765=CARTESIAN_POINT('',(1.404652489857E2,1.107422004366E1,
-6.104925231715E0));
#10766=CARTESIAN_POINT('',(1.404645185935E2,1.107137618213E1,
-6.072419745687E0));
#10767=CARTESIAN_POINT('',(1.404642719494E2,1.107089003633E1,
-6.066863073821E0));
#10769=DIRECTION('',(0.E0,9.961946980917E-1,8.715574274765E-2));
#10770=VECTOR('',#10769,1.E0);
#10771=SURFACE_OF_LINEAR_EXTRUSION('',#10768,#10770);
#10772=ORIENTED_EDGE('',*,*,#9504,.F.);
#10774=ORIENTED_EDGE('',*,*,#10773,.T.);
#10776=ORIENTED_EDGE('',*,*,#10775,.F.);
#10777=ORIENTED_EDGE('',*,*,#10744,.T.);
#10778=EDGE_LOOP('',(#10772,#10774,#10776,#10777));
#10779=FACE_OUTER_BOUND('',#10778,.F.);
#10780=ADVANCED_FACE('',(#10779),#10771,.T.);
#10781=CARTESIAN_POINT('',(1.399798274586E2,1.107736053214E1,
-6.140821179377E0));
#10782=DIRECTION('',(0.E0,9.961946980917E-1,8.715574274765E-2));
#10783=DIRECTION('',(1.E0,0.E0,0.E0));
#10784=AXIS2_PLACEMENT_3D('',#10781,#10782,#10783);
#10785=CYLINDRICAL_SURFACE('',#10784,4.882110374681E-1);
#10786=ORIENTED_EDGE('',*,*,#9502,.F.);
#10788=ORIENTED_EDGE('',*,*,#10787,.T.);
#10790=ORIENTED_EDGE('',*,*,#10789,.F.);
#10791=ORIENTED_EDGE('',*,*,#10773,.F.);
#10792=EDGE_LOOP('',(#10786,#10788,#10790,#10791));
#10793=FACE_OUTER_BOUND('',#10792,.F.);
#10794=ADVANCED_FACE('',(#10793),#10785,.F.);
#10795=CARTESIAN_POINT('',(1.394800061908E2,1.094711017543E1,
-4.652052789696E0));
#10796=DIRECTION('',(8.034359815551E-1,-5.189175805326E-2,5.931255086310E-1));
#10797=DIRECTION('',(5.953911517168E-1,7.002405972262E-2,-8.003786650813E-1));
#10798=AXIS2_PLACEMENT_3D('',#10795,#10796,#10797);
#10799=PLANE('',#10798);
#10800=ORIENTED_EDGE('',*,*,#9500,.F.);
#10802=ORIENTED_EDGE('',*,*,#10801,.T.);
#10804=ORIENTED_EDGE('',*,*,#10803,.F.);
#10805=ORIENTED_EDGE('',*,*,#10787,.F.);
#10806=EDGE_LOOP('',(#10800,#10802,#10804,#10805));
#10807=FACE_OUTER_BOUND('',#10806,.F.);
#10808=ADVANCED_FACE('',(#10807),#10799,.F.);
#10809=CARTESIAN_POINT('',(1.394800061908E2,1.087663993791E1,
-3.846574289067E0));
#10810=DIRECTION('',(1.E0,0.E0,0.E0));
#10811=DIRECTION('',(0.E0,8.715574274765E-2,-9.961946980917E-1));
#10812=AXIS2_PLACEMENT_3D('',#10809,#10810,#10811);
#10813=PLANE('',#10812);
#10814=ORIENTED_EDGE('',*,*,#9498,.T.);
#10816=ORIENTED_EDGE('',*,*,#10815,.F.);
#10818=ORIENTED_EDGE('',*,*,#10817,.F.);
#10819=ORIENTED_EDGE('',*,*,#10801,.F.);
#10820=EDGE_LOOP('',(#10814,#10816,#10818,#10819));
#10821=FACE_OUTER_BOUND('',#10820,.F.);
#10822=ADVANCED_FACE('',(#10821),#10813,.F.);
#10823=CARTESIAN_POINT('',(1.394793577173E2,1.087831149355E1,
-3.865680257452E0));
#10824=CARTESIAN_POINT('',(1.394797918325E2,1.087775586195E1,
-3.859329359217E0));
#10825=CARTESIAN_POINT('',(1.394815878724E2,1.087308415747E1,
-3.805931532614E0));
#10826=CARTESIAN_POINT('',(1.394571629733E2,1.086437257254E1,
-3.706357661192E0));
#10827=CARTESIAN_POINT('',(1.393701797512E2,1.085478068184E1,
-3.596721848849E0));
#10828=CARTESIAN_POINT('',(1.392437643219E2,1.084962593189E1,
-3.537802787334E0));
#10829=CARTESIAN_POINT('',(1.391052188209E2,1.084952026919E1,
-3.536595057142E0));
#10830=CARTESIAN_POINT('',(1.389761131059E2,1.085454666313E1,
-3.594047002713E0));
#10831=CARTESIAN_POINT('',(1.388868903257E2,1.086424123440E1,
-3.704856459469E0));
#10832=CARTESIAN_POINT('',(1.388619801037E2,1.087303456651E1,
-3.805364705326E0));
#10833=CARTESIAN_POINT('',(1.388637927658E2,1.087775584844E1,
-3.859329204797E0));
#10834=CARTESIAN_POINT('',(1.388642261989E2,1.087831145292E1,
-3.865679793082E0));
#10836=DIRECTION('',(0.E0,9.961946980917E-1,8.715574274765E-2));
#10837=VECTOR('',#10836,1.E0);
#10838=SURFACE_OF_LINEAR_EXTRUSION('',#10835,#10837);
#10839=ORIENTED_EDGE('',*,*,#9496,.F.);
#10840=ORIENTED_EDGE('',*,*,#10662,.T.);
#10842=ORIENTED_EDGE('',*,*,#10841,.F.);
#10843=ORIENTED_EDGE('',*,*,#10815,.T.);
#10844=EDGE_LOOP('',(#10839,#10840,#10842,#10843));
#10845=FACE_OUTER_BOUND('',#10844,.F.);
#10846=ADVANCED_FACE('',(#10845),#10838,.T.);
#10847=CARTESIAN_POINT('',(0.E0,1.141875750019E1,-1.004300638016E1));
#10848=DIRECTION('',(0.E0,9.961946980917E-1,8.715574274765E-2));
#10849=DIRECTION('',(1.E0,0.E0,0.E0));
#10850=AXIS2_PLACEMENT_3D('',#10847,#10848,#10849);
#10851=PLANE('',#10850);
#10852=ORIENTED_EDGE('',*,*,#10660,.T.);
#10853=ORIENTED_EDGE('',*,*,#10675,.T.);
#10854=ORIENTED_EDGE('',*,*,#10689,.T.);
#10855=ORIENTED_EDGE('',*,*,#10718,.T.);
#10856=ORIENTED_EDGE('',*,*,#10732,.T.);
#10857=ORIENTED_EDGE('',*,*,#10746,.T.);
#10858=ORIENTED_EDGE('',*,*,#10775,.T.);
#10859=ORIENTED_EDGE('',*,*,#10789,.T.);
#10860=ORIENTED_EDGE('',*,*,#10803,.T.);
#10861=ORIENTED_EDGE('',*,*,#10817,.T.);
#10862=ORIENTED_EDGE('',*,*,#10841,.T.);
#10863=EDGE_LOOP('',(#10852,#10853,#10854,#10855,#10856,#10857,#10858,#10859,
#10860,#10861,#10862));
#10864=FACE_OUTER_BOUND('',#10863,.F.);
#10865=ADVANCED_FACE('',(#10864),#10851,.T.);
#10866=CARTESIAN_POINT('',(1.330296122110E2,1.087831151606E1,
-3.865680514789E0));
#10867=CARTESIAN_POINT('',(1.330300460920E2,1.087775587782E1,
-3.859329540603E0));
#10868=CARTESIAN_POINT('',(1.330318416537E2,1.087308301196E1,
-3.805918439369E0));
#10869=CARTESIAN_POINT('',(1.330074211048E2,1.086437066804E1,
-3.706335892746E0));
#10870=CARTESIAN_POINT('',(1.329204311728E2,1.085477800231E1,
-3.596691221709E0));
#10871=CARTESIAN_POINT('',(1.327940068324E2,1.084962547963E1,
-3.537797617927E0));
#10872=CARTESIAN_POINT('',(1.326554642522E2,1.084952073606E1,
-3.536600393523E0));
#10873=CARTESIAN_POINT('',(1.325263619358E2,1.085454705875E1,
-3.594051524705E0));
#10874=CARTESIAN_POINT('',(1.324371438798E2,1.086424148030E1,
-3.704859270099E0));
#10875=CARTESIAN_POINT('',(1.324122342342E2,1.087303460483E1,
-3.805365143414E0));
#10876=CARTESIAN_POINT('',(1.324140469256E2,1.087775586545E1,
-3.859329399207E0));
#10877=CARTESIAN_POINT('',(1.324144803748E2,1.087831147864E1,
-3.865680087042E0));
#10879=DIRECTION('',(0.E0,9.961946980917E-1,8.715574274765E-2));
#10880=VECTOR('',#10879,1.E0);
#10881=SURFACE_OF_LINEAR_EXTRUSION('',#10878,#10880);
#10882=ORIENTED_EDGE('',*,*,#9518,.F.);
#10884=ORIENTED_EDGE('',*,*,#10883,.T.);
#10886=ORIENTED_EDGE('',*,*,#10885,.F.);
#10888=ORIENTED_EDGE('',*,*,#10887,.T.);
#10889=EDGE_LOOP('',(#10882,#10884,#10886,#10888));
#10890=FACE_OUTER_BOUND('',#10889,.F.);
#10891=ADVANCED_FACE('',(#10890),#10881,.T.);
#10892=CARTESIAN_POINT('',(1.324138328527E2,1.106920183802E1,
-6.047566878805E0));
#10893=DIRECTION('',(-1.E0,0.E0,0.E0));
#10894=DIRECTION('',(0.E0,-8.715574274765E-2,9.961946980917E-1));
#10895=AXIS2_PLACEMENT_3D('',#10892,#10893,#10894);
#10896=PLANE('',#10895);
#10897=ORIENTED_EDGE('',*,*,#9532,.T.);
#10899=ORIENTED_EDGE('',*,*,#10898,.F.);
#10901=ORIENTED_EDGE('',*,*,#10900,.F.);
#10902=ORIENTED_EDGE('',*,*,#10883,.F.);
#10903=EDGE_LOOP('',(#10897,#10899,#10901,#10902));
#10904=FACE_OUTER_BOUND('',#10903,.F.);
#10905=ADVANCED_FACE('',(#10904),#10896,.F.);
#10906=CARTESIAN_POINT('',(1.324139926215E2,1.106836326042E1,
-6.037981892925E0));
#10907=CARTESIAN_POINT('',(1.324138858876E2,1.106864255411E1,
-6.041174234409E0));
#10908=CARTESIAN_POINT('',(1.324131816158E2,1.107235510252E1,
-6.083608856938E0));
#10909=CARTESIAN_POINT('',(1.324301673331E2,1.107969544709E1,
-6.167509379378E0));
#10910=CARTESIAN_POINT('',(1.324974131887E2,1.108886671389E1,
-6.272337438566E0));
#10911=CARTESIAN_POINT('',(1.326025694401E2,1.109467261127E1,
-6.338699149223E0));
#10912=CARTESIAN_POINT('',(1.326862627167E2,1.109612029262E1,
-6.355246222850E0));
#10913=CARTESIAN_POINT('',(1.327284636339E2,1.109605984095E1,
-6.354555257021E0));
#10914=CARTESIAN_POINT('',(1.327316681108E2,1.109605059680E1,
-6.354449595936E0));
#10916=DIRECTION('',(0.E0,9.961946980917E-1,8.715574274765E-2));
#10917=VECTOR('',#10916,1.E0);
#10918=SURFACE_OF_LINEAR_EXTRUSION('',#10915,#10917);
#10919=ORIENTED_EDGE('',*,*,#9530,.F.);
#10921=ORIENTED_EDGE('',*,*,#10920,.T.);
#10923=ORIENTED_EDGE('',*,*,#10922,.F.);
#10924=ORIENTED_EDGE('',*,*,#10898,.T.);
#10925=EDGE_LOOP('',(#10919,#10921,#10923,#10924));
#10926=FACE_OUTER_BOUND('',#10925,.F.);
#10927=ADVANCED_FACE('',(#10926),#10918,.T.);
#10928=CARTESIAN_POINT('',(1.335586466952E2,1.109606443589E1,
-6.354607777496E0));
#10929=DIRECTION('',(0.E0,8.715574274765E-2,-9.961946980917E-1));
#10930=DIRECTION('',(-1.E0,0.E0,0.E0));
#10931=AXIS2_PLACEMENT_3D('',#10928,#10929,#10930);
#10932=PLANE('',#10931);
#10933=ORIENTED_EDGE('',*,*,#9528,.T.);
#10935=ORIENTED_EDGE('',*,*,#10934,.F.);
#10937=ORIENTED_EDGE('',*,*,#10936,.F.);
#10938=ORIENTED_EDGE('',*,*,#10920,.F.);
#10939=EDGE_LOOP('',(#10933,#10935,#10937,#10938));
#10940=FACE_OUTER_BOUND('',#10939,.F.);
#10941=ADVANCED_FACE('',(#10940),#10932,.F.);
#10942=CARTESIAN_POINT('',(1.333619456185E2,1.109493706031E1,
-6.341721815603E0));
#10943=CARTESIAN_POINT('',(1.334268611730E2,1.109568060376E1,
-6.350220556093E0));
#10944=CARTESIAN_POINT('',(1.335690044364E2,1.109650939324E1,
-6.359693663214E0));
#10945=CARTESIAN_POINT('',(1.337796108771E2,1.109509170667E1,
-6.343489431602E0));
#10946=CARTESIAN_POINT('',(1.339799890264E2,1.109090472258E1,
-6.295631984429E0));
#10947=CARTESIAN_POINT('',(1.341517916541E2,1.108475909869E1,
-6.225387181902E0));
#10948=CARTESIAN_POINT('',(1.342971506072E2,1.107676797693E1,
-6.134048242298E0));
#10949=CARTESIAN_POINT('',(1.344154463264E2,1.106688518009E1,
-6.021087357477E0));
#10950=CARTESIAN_POINT('',(1.345095862009E2,1.105534615127E1,
-5.889195654593E0));
#10951=CARTESIAN_POINT('',(1.345798502049E2,1.104214050163E1,
-5.738254388484E0));
#10952=CARTESIAN_POINT('',(1.346226926348E2,1.102716599868E1,
-5.567095036605E0));
#10953=CARTESIAN_POINT('',(1.346367070622E2,1.101082788754E1,
-5.380349571745E0));
#10954=CARTESIAN_POINT('',(1.346251833568E2,1.099962541412E1,
-5.252304714577E0));
#10955=CARTESIAN_POINT('',(1.346143117223E2,1.099403659050E1,
-5.188424168268E0));
#10957=DIRECTION('',(0.E0,9.961946980917E-1,8.715574274765E-2));
#10958=VECTOR('',#10957,1.E0);
#10959=SURFACE_OF_LINEAR_EXTRUSION('',#10956,#10958);
#10960=ORIENTED_EDGE('',*,*,#9526,.F.);
#10962=ORIENTED_EDGE('',*,*,#10961,.T.);
#10964=ORIENTED_EDGE('',*,*,#10963,.F.);
#10965=ORIENTED_EDGE('',*,*,#10934,.T.);
#10966=EDGE_LOOP('',(#10960,#10962,#10964,#10965));
#10967=FACE_OUTER_BOUND('',#10966,.F.);
#10968=ADVANCED_FACE('',(#10967),#10959,.T.);
#10969=CARTESIAN_POINT('',(1.346154806009E2,1.102816463411E1,
-5.578509491737E0));
#10970=CARTESIAN_POINT('',(1.346258275519E2,1.102254572998E1,
-5.514285123665E0));
#10971=CARTESIAN_POINT('',(1.346366265264E2,1.101133435297E1,
-5.386138498079E0));
#10972=CARTESIAN_POINT('',(1.346221505348E2,1.099507009802E1,
-5.200237213258E0));
#10973=CARTESIAN_POINT('',(1.345794215468E2,1.098024694988E1,
-5.030807854775E0));
#10974=CARTESIAN_POINT('',(1.345085700343E2,1.096713976111E1,
-4.880992001552E0));
#10975=CARTESIAN_POINT('',(1.344117130135E2,1.095555716408E1,
-4.748602311747E0));
#10976=CARTESIAN_POINT('',(1.342887196547E2,1.094539069632E1,
-4.632399053499E0));
#10977=CARTESIAN_POINT('',(1.341359855982E2,1.093698707883E1,
-4.536345266063E0));
#10978=CARTESIAN_POINT('',(1.339531539678E2,1.093049615457E1,
-4.462153662328E0));
#10979=CARTESIAN_POINT('',(1.337376703205E2,1.092611329384E1,
-4.412057334875E0));
#10980=CARTESIAN_POINT('',(1.335157872404E2,1.092470633241E1,
-4.395975692192E0));
#10981=CARTESIAN_POINT('',(1.333672684758E2,1.092545432371E1,
-4.404525271843E0));
#10982=CARTESIAN_POINT('',(1.333024179889E2,1.092607957932E1,
-4.411671976111E0));
#10984=DIRECTION('',(0.E0,9.961946980917E-1,8.715574274765E-2));
#10985=VECTOR('',#10984,1.E0);
#10986=SURFACE_OF_LINEAR_EXTRUSION('',#10983,#10985);
#10987=ORIENTED_EDGE('',*,*,#9524,.F.);
#10989=ORIENTED_EDGE('',*,*,#10988,.T.);
#10991=ORIENTED_EDGE('',*,*,#10990,.F.);
#10992=ORIENTED_EDGE('',*,*,#10961,.F.);
#10993=EDGE_LOOP('',(#10987,#10989,#10991,#10992));
#10994=FACE_OUTER_BOUND('',#10993,.F.);
#10995=ADVANCED_FACE('',(#10994),#10986,.T.);
#10996=CARTESIAN_POINT('',(1.330302603428E2,1.092512394775E1,
-4.400749057332E0));
#10997=DIRECTION('',(0.E0,-8.715574274765E-2,9.961946980917E-1));
#10998=DIRECTION('',(1.E0,0.E0,0.E0));
#10999=AXIS2_PLACEMENT_3D('',#10996,#10997,#10998);
#11000=PLANE('',#10999);
#11001=ORIENTED_EDGE('',*,*,#9522,.T.);
#11003=ORIENTED_EDGE('',*,*,#11002,.T.);
#11005=ORIENTED_EDGE('',*,*,#11004,.F.);
#11006=ORIENTED_EDGE('',*,*,#10988,.F.);
#11007=EDGE_LOOP('',(#11001,#11003,#11005,#11006));
#11008=FACE_OUTER_BOUND('',#11007,.F.);
#11009=ADVANCED_FACE('',(#11008),#11000,.F.);
#11010=CARTESIAN_POINT('',(1.330302603428E2,1.087663993791E1,
-3.846574289067E0));
#11011=DIRECTION('',(1.E0,0.E0,0.E0));
#11012=DIRECTION('',(0.E0,8.715574274765E-2,-9.961946980917E-1));
#11013=AXIS2_PLACEMENT_3D('',#11010,#11011,#11012);
#11014=PLANE('',#11013);
#11015=ORIENTED_EDGE('',*,*,#9520,.T.);
#11016=ORIENTED_EDGE('',*,*,#10887,.F.);
#11018=ORIENTED_EDGE('',*,*,#11017,.F.);
#11019=ORIENTED_EDGE('',*,*,#11002,.F.);
#11020=EDGE_LOOP('',(#11015,#11016,#11018,#11019));
#11021=FACE_OUTER_BOUND('',#11020,.F.);
#11022=ADVANCED_FACE('',(#11021),#11014,.F.);
#11023=CARTESIAN_POINT('',(0.E0,1.141875750019E1,-1.004300638016E1));
#11024=DIRECTION('',(0.E0,9.961946980917E-1,8.715574274765E-2));
#11025=DIRECTION('',(1.E0,0.E0,0.E0));
#11026=AXIS2_PLACEMENT_3D('',#11023,#11024,#11025);
#11027=PLANE('',#11026);
#11028=ORIENTED_EDGE('',*,*,#10885,.T.);
#11029=ORIENTED_EDGE('',*,*,#10900,.T.);
#11030=ORIENTED_EDGE('',*,*,#10922,.T.);
#11031=ORIENTED_EDGE('',*,*,#10936,.T.);
#11032=ORIENTED_EDGE('',*,*,#10963,.T.);
#11033=ORIENTED_EDGE('',*,*,#10990,.T.);
#11034=ORIENTED_EDGE('',*,*,#11004,.T.);
#11035=ORIENTED_EDGE('',*,*,#11017,.T.);
#11036=EDGE_LOOP('',(#11028,#11029,#11030,#11031,#11032,#11033,#11034,#11035));
#11037=FACE_OUTER_BOUND('',#11036,.F.);
#11039=ORIENTED_EDGE('',*,*,#11038,.T.);
#11041=ORIENTED_EDGE('',*,*,#11040,.T.);
#11043=ORIENTED_EDGE('',*,*,#11042,.T.);
#11045=ORIENTED_EDGE('',*,*,#11044,.T.);
#11047=ORIENTED_EDGE('',*,*,#11046,.T.);
#11048=EDGE_LOOP('',(#11039,#11041,#11043,#11045,#11047));
#11049=FACE_BOUND('',#11048,.F.);
#11050=ADVANCED_FACE('',(#11037,#11049),#11027,.T.);
#11051=CARTESIAN_POINT('',(1.330302603428E2,1.104758042606E1,
-5.800433009271E0));
#11052=DIRECTION('',(0.E0,-8.715574274765E-2,9.961946980917E-1));
#11053=DIRECTION('',(1.E0,0.E0,0.E0));
#11054=AXIS2_PLACEMENT_3D('',#11051,#11052,#11053);
#11055=PLANE('',#11054);
#11057=ORIENTED_EDGE('',*,*,#11056,.T.);
#11059=ORIENTED_EDGE('',*,*,#11058,.T.);
#11060=ORIENTED_EDGE('',*,*,#11038,.F.);
#11062=ORIENTED_EDGE('',*,*,#11061,.F.);
#11063=EDGE_LOOP('',(#11057,#11059,#11060,#11062));
#11064=FACE_OUTER_BOUND('',#11063,.F.);
#11065=ADVANCED_FACE('',(#11064),#11055,.F.);
#11066=CARTESIAN_POINT('',(-1.6233E2,1.802897729269E1,-7.986130771833E1));
#11067=DIRECTION('',(0.E0,9.961946980917E-1,8.715574274765E-2));
#11068=DIRECTION('',(1.E0,0.E0,0.E0));
#11069=AXIS2_PLACEMENT_3D('',#11066,#11067,#11068);
#11070=PLANE('',#11069);
#11071=ORIENTED_EDGE('',*,*,#11056,.F.);
#11073=ORIENTED_EDGE('',*,*,#11072,.T.);
#11075=ORIENTED_EDGE('',*,*,#11074,.T.);
#11077=ORIENTED_EDGE('',*,*,#11076,.F.);
#11079=ORIENTED_EDGE('',*,*,#11078,.F.);
#11080=EDGE_LOOP('',(#11071,#11073,#11075,#11077,#11079));
#11081=FACE_OUTER_BOUND('',#11080,.F.);
#11082=ADVANCED_FACE('',(#11081),#11070,.T.);
#11083=CARTESIAN_POINT('',(1.340062462285E2,1.100783817355E1,
-5.346176984441E0));
#11084=CARTESIAN_POINT('',(1.340065072403E2,1.100827840427E1,
-5.351208844623E0));
#11085=CARTESIAN_POINT('',(1.340080248797E2,1.101162025007E1,
-5.389406316899E0));
#11086=CARTESIAN_POINT('',(1.340042707852E2,1.101758206523E1,
-5.457550175952E0));
#11087=CARTESIAN_POINT('',(1.339816758992E2,1.102530909789E1,
-5.545870563468E0));
#11088=CARTESIAN_POINT('',(1.339411853631E2,1.103189996350E1,
-5.621204502078E0));
#11089=CARTESIAN_POINT('',(1.338858058339E2,1.103747089384E1,
-5.684880527239E0));
#11090=CARTESIAN_POINT('',(1.338139382640E2,1.104194155114E1,
-5.735980374023E0));
#11091=CARTESIAN_POINT('',(1.337258092121E2,1.104514327417E1,
-5.772576235625E0));
#11092=CARTESIAN_POINT('',(1.336216753959E2,1.104716998264E1,
-5.795741619497E0));
#11093=CARTESIAN_POINT('',(1.335415110060E2,1.104760816429E1,
-5.800750058699E0));
#11094=CARTESIAN_POINT('',(1.334964789854E2,1.104757691359E1,
-5.800392861529E0));
#11095=CARTESIAN_POINT('',(1.334914201794E2,1.104757003287E1,
-5.800314214529E0));
#11097=DIRECTION('',(0.E0,9.961946980917E-1,8.715574274765E-2));
#11098=VECTOR('',#11097,1.E0);
#11099=SURFACE_OF_LINEAR_EXTRUSION('',#11096,#11098);
#11100=ORIENTED_EDGE('',*,*,#11072,.F.);
#11101=ORIENTED_EDGE('',*,*,#11061,.T.);
#11102=ORIENTED_EDGE('',*,*,#11046,.F.);
#11104=ORIENTED_EDGE('',*,*,#11103,.F.);
#11105=EDGE_LOOP('',(#11100,#11101,#11102,#11104));
#11106=FACE_OUTER_BOUND('',#11105,.F.);
#11107=ADVANCED_FACE('',(#11106),#11099,.T.);
#11108=CARTESIAN_POINT('',(1.335042808013E2,1.097293900432E1,
-4.947277654808E0));
#11109=CARTESIAN_POINT('',(1.335090523375E2,1.097293100725E1,
-4.947186247921E0));
#11110=CARTESIAN_POINT('',(1.335509668495E2,1.097289554853E1,
-4.946780952815E0));
#11111=CARTESIAN_POINT('',(1.336261841351E2,1.097338916782E1,
-4.952423047189E0));
#11112=CARTESIAN_POINT('',(1.337232059929E2,1.097547443081E1,
-4.976257712251E0));
#11113=CARTESIAN_POINT('',(1.338053537148E2,1.097861221143E1,
-5.012122708747E0));
#11114=CARTESIAN_POINT('',(1.338736627317E2,1.098283464916E1,
-5.060385392937E0));
#11115=CARTESIAN_POINT('',(1.339287398580E2,1.098824133124E1,
-5.122184051877E0));
#11116=CARTESIAN_POINT('',(1.339713092343E2,1.099465919357E1,
-5.195540554005E0));
#11117=CARTESIAN_POINT('',(1.339989692318E2,1.100175708826E1,
-5.276669861512E0));
#11118=CARTESIAN_POINT('',(1.340068548719E2,1.100714104038E1,
-5.338208715872E0));
#11119=CARTESIAN_POINT('',(1.340069624300E2,1.100999255713E1,
-5.370801701390E0));
#11120=CARTESIAN_POINT('',(1.340068900340E2,1.101040838649E1,
-5.375554652766E0));
#11122=DIRECTION('',(0.E0,9.961946980917E-1,8.715574274765E-2));
#11123=VECTOR('',#11122,1.E0);
#11124=SURFACE_OF_LINEAR_EXTRUSION('',#11121,#11123);
#11125=ORIENTED_EDGE('',*,*,#11074,.F.);
#11126=ORIENTED_EDGE('',*,*,#11103,.T.);
#11127=ORIENTED_EDGE('',*,*,#11044,.F.);
#11129=ORIENTED_EDGE('',*,*,#11128,.T.);
#11130=EDGE_LOOP('',(#11125,#11126,#11127,#11129));
#11131=FACE_OUTER_BOUND('',#11130,.F.);
#11132=ADVANCED_FACE('',(#11131),#11124,.T.);
#11133=CARTESIAN_POINT('',(1.335186026278E2,1.097292696823E1,
-4.947140081680E0));
#11134=DIRECTION('',(0.E0,8.715574274765E-2,-9.961946980917E-1));
#11135=DIRECTION('',(-1.E0,0.E0,0.E0));
#11136=AXIS2_PLACEMENT_3D('',#11133,#11134,#11135);
#11137=PLANE('',#11136);
#11138=ORIENTED_EDGE('',*,*,#11076,.T.);
#11139=ORIENTED_EDGE('',*,*,#11128,.F.);
#11140=ORIENTED_EDGE('',*,*,#11042,.F.);
#11142=ORIENTED_EDGE('',*,*,#11141,.F.);
#11143=EDGE_LOOP('',(#11138,#11139,#11140,#11142));
#11144=FACE_OUTER_BOUND('',#11143,.F.);
#11145=ADVANCED_FACE('',(#11144),#11137,.F.);
#11146=CARTESIAN_POINT('',(1.330302603428E2,1.097292696823E1,
-4.947140081680E0));
#11147=DIRECTION('',(1.E0,0.E0,0.E0));
#11148=DIRECTION('',(0.E0,8.715574274765E-2,-9.961946980917E-1));
#11149=AXIS2_PLACEMENT_3D('',#11146,#11147,#11148);
#11150=PLANE('',#11149);
#11151=ORIENTED_EDGE('',*,*,#11078,.T.);
#11152=ORIENTED_EDGE('',*,*,#11141,.T.);
#11153=ORIENTED_EDGE('',*,*,#11040,.F.);
#11154=ORIENTED_EDGE('',*,*,#11058,.F.);
#11155=EDGE_LOOP('',(#11151,#11152,#11153,#11154));
#11156=FACE_OUTER_BOUND('',#11155,.F.);
#11157=ADVANCED_FACE('',(#11156),#11150,.F.);
#11158=CARTESIAN_POINT('',(1.420287679292E2,1.100880568841E1,
-5.357235729601E0));
#11159=CARTESIAN_POINT('',(1.420139947449E2,1.101435891858E1,
-5.420709441118E0));
#11160=CARTESIAN_POINT('',(1.420008163921E2,1.102450451919E1,
-5.536674186820E0));
#11161=CARTESIAN_POINT('',(1.420147703280E2,1.103892079034E1,
-5.701452920008E0));
#11162=CARTESIAN_POINT('',(1.420517626202E2,1.105132278304E1,
-5.843208345234E0));
#11163=CARTESIAN_POINT('',(1.421135051982E2,1.106263716475E1,
-5.972532320025E0));
#11164=CARTESIAN_POINT('',(1.421989155915E2,1.107276498556E1,
-6.088293841531E0));
#11165=CARTESIAN_POINT('',(1.423074195307E2,1.108168588219E1,
-6.190260156647E0));
#11166=CARTESIAN_POINT('',(1.424416921461E2,1.108910419511E1,
-6.275051861239E0));
#11167=CARTESIAN_POINT('',(1.426013225990E2,1.109482980772E1,
-6.340495912882E0));
#11168=CARTESIAN_POINT('',(1.427858120885E2,1.109866658321E1,
-6.384350457366E0));
#11169=CARTESIAN_POINT('',(1.429838268862E2,1.109999675480E1,
-6.399554388252E0));
#11170=CARTESIAN_POINT('',(1.431184763613E2,1.109913477168E1,
-6.389701876070E0));
#11171=CARTESIAN_POINT('',(1.431829893554E2,1.109831845436E1,
-6.380371326313E0));
#11173=DIRECTION('',(0.E0,9.961946980917E-1,8.715574274765E-2));
#11174=VECTOR('',#11173,1.E0);
#11175=SURFACE_OF_LINEAR_EXTRUSION('',#11172,#11174);
#11176=ORIENTED_EDGE('',*,*,#9536,.F.);
#11178=ORIENTED_EDGE('',*,*,#11177,.T.);
#11180=ORIENTED_EDGE('',*,*,#11179,.F.);
#11182=ORIENTED_EDGE('',*,*,#11181,.F.);
#11183=EDGE_LOOP('',(#11176,#11178,#11180,#11182));
#11184=FACE_OUTER_BOUND('',#11183,.F.);
#11185=ADVANCED_FACE('',(#11184),#11175,.T.);
#11186=CARTESIAN_POINT('',(1.427902246156E2,1.109871101778E1,
-6.384858346915E0));
#11187=CARTESIAN_POINT('',(1.428553761522E2,1.109926271644E1,
-6.391164291440E0));
#11188=CARTESIAN_POINT('',(1.430324033514E2,1.110004719533E1,
-6.400130926135E0));
#11189=CARTESIAN_POINT('',(1.433132645846E2,1.109795811221E1,
-6.376252596862E0));
#11190=CARTESIAN_POINT('',(1.436137922637E2,1.109035297843E1,
-6.289325519958E0));
#11191=CARTESIAN_POINT('',(1.438527115526E2,1.107988123086E1,
-6.169632897536E0));
#11192=CARTESIAN_POINT('',(1.439843266845E2,1.107145003740E1,
-6.073263915319E0));
#11193=CARTESIAN_POINT('',(1.440341973974E2,1.106772829885E1,
-6.030724249012E0));
#11195=DIRECTION('',(0.E0,9.961946980917E-1,8.715574274765E-2));
#11196=VECTOR('',#11195,1.E0);
#11197=SURFACE_OF_LINEAR_EXTRUSION('',#11194,#11196);
#11198=ORIENTED_EDGE('',*,*,#9558,.F.);
#11200=ORIENTED_EDGE('',*,*,#11199,.T.);
#11202=ORIENTED_EDGE('',*,*,#11201,.F.);
#11203=ORIENTED_EDGE('',*,*,#11177,.F.);
#11204=EDGE_LOOP('',(#11198,#11200,#11202,#11203));
#11205=FACE_OUTER_BOUND('',#11204,.F.);
#11206=ADVANCED_FACE('',(#11205),#11197,.T.);
#11207=CARTESIAN_POINT('',(1.436777673286E2,1.107897546441E1,
-6.159279939476E0));
#11208=CARTESIAN_POINT('',(1.437463480237E2,1.108177557408E1,
-6.191285339577E0));
#11209=CARTESIAN_POINT('',(1.438604901671E2,1.108037749504E1,
-6.175305223068E0));
#11210=CARTESIAN_POINT('',(1.439730769485E2,1.107091424974E1,
-6.067139834318E0));
#11211=CARTESIAN_POINT('',(1.440178178734E2,1.106050515270E1,
-5.948163310701E0));
#11212=CARTESIAN_POINT('',(1.440091962232E2,1.104936239990E1,
-5.820801063442E0));
#11213=CARTESIAN_POINT('',(1.439462994234E2,1.103945119620E1,
-5.707515486759E0));
#11214=CARTESIAN_POINT('',(1.438378512962E2,1.103294852180E1,
-5.633189578311E0));
#11215=CARTESIAN_POINT('',(1.437009583282E2,1.103094536920E1,
-5.610293439272E0));
#11216=CARTESIAN_POINT('',(1.435457906962E2,1.103540707860E1,
-5.661291011100E0));
#11217=CARTESIAN_POINT('',(1.434673979678E2,1.104266878965E1,
-5.744292748108E0));
#11218=CARTESIAN_POINT('',(1.434467827107E2,1.104724077883E1,
-5.796550823455E0));
#11220=DIRECTION('',(0.E0,9.961946980917E-1,8.715574274765E-2));
#11221=VECTOR('',#11220,1.E0);
#11222=SURFACE_OF_LINEAR_EXTRUSION('',#11219,#11221);
#11223=ORIENTED_EDGE('',*,*,#9556,.F.);
#11225=ORIENTED_EDGE('',*,*,#11224,.T.);
#11227=ORIENTED_EDGE('',*,*,#11226,.F.);
#11228=ORIENTED_EDGE('',*,*,#11199,.F.);
#11229=EDGE_LOOP('',(#11223,#11225,#11227,#11228));
#11230=FACE_OUTER_BOUND('',#11229,.F.);
#11231=ADVANCED_FACE('',(#11230),#11222,.T.);
#11232=CARTESIAN_POINT('',(1.435865821212E2,1.103472570774E1,
-5.653502906546E0));
#11233=CARTESIAN_POINT('',(1.435802639191E2,1.103505697881E1,
-5.657289352178E0));
#11234=CARTESIAN_POINT('',(1.435292186308E2,1.103770506406E1,
-5.687557105057E0));
#11235=CARTESIAN_POINT('',(1.434357640971E2,1.104212239006E1,
-5.738047372245E0));
#11236=CARTESIAN_POINT('',(1.433061809378E2,1.104693755508E1,
-5.793084960286E0));
#11237=CARTESIAN_POINT('',(1.431853935351E2,1.105013046430E1,
-5.829580079703E0));
#11238=CARTESIAN_POINT('',(1.430743572746E2,1.105181065019E1,
-5.848784692285E0));
#11239=CARTESIAN_POINT('',(1.429739422815E2,1.105231336455E1,
-5.854530743784E0));
#11240=CARTESIAN_POINT('',(1.428844261275E2,1.105171713779E1,
-5.847715840701E0));
#11241=CARTESIAN_POINT('',(1.428063721171E2,1.105023829186E1,
-5.830812554308E0));
#11242=CARTESIAN_POINT('',(1.427397051985E2,1.104789954670E1,
-5.804080574889E0));
#11243=CARTESIAN_POINT('',(1.426868549932E2,1.104444605085E1,
-5.764606936631E0));
#11244=CARTESIAN_POINT('',(1.426492498188E2,1.104021929644E1,
-5.716294912652E0));
#11245=CARTESIAN_POINT('',(1.426255129769E2,1.103570537337E1,
-5.664700535903E0));
#11246=CARTESIAN_POINT('',(1.426178657268E2,1.103191540357E1,
-5.621380982804E0));
#11247=CARTESIAN_POINT('',(1.426191705216E2,1.102977651184E1,
-5.596933338532E0));
#11248=CARTESIAN_POINT('',(1.426201300235E2,1.102913880660E1,
-5.589644334348E0));
#11250=DIRECTION('',(0.E0,9.961946980917E-1,8.715574274765E-2));
#11251=VECTOR('',#11250,1.E0);
#11252=SURFACE_OF_LINEAR_EXTRUSION('',#11249,#11251);
#11253=ORIENTED_EDGE('',*,*,#9554,.F.);
#11255=ORIENTED_EDGE('',*,*,#11254,.T.);
#11257=ORIENTED_EDGE('',*,*,#11256,.F.);
#11258=ORIENTED_EDGE('',*,*,#11224,.F.);
#11259=EDGE_LOOP('',(#11253,#11255,#11257,#11258));
#11260=FACE_OUTER_BOUND('',#11259,.F.);
#11261=ADVANCED_FACE('',(#11260),#11252,.T.);
#11262=CARTESIAN_POINT('',(1.426496898160E2,1.104693340295E1,
-5.793037500825E0));
#11263=CARTESIAN_POINT('',(1.426391094577E2,1.104254342299E1,
-5.742859800696E0));
#11264=CARTESIAN_POINT('',(1.426151099610E2,1.103514293252E1,
-5.658271807557E0));
#11265=CARTESIAN_POINT('',(1.426202333416E2,1.102600500183E1,
-5.553824781827E0));
#11266=CARTESIAN_POINT('',(1.426343850295E2,1.102130036469E1,
-5.500050533319E0));
#11267=CARTESIAN_POINT('',(1.426628846927E2,1.101728109528E1,
-5.454110073720E0));
#11268=CARTESIAN_POINT('',(1.427042053061E2,1.101404679215E1,
-5.417141819801E0));
#11269=CARTESIAN_POINT('',(1.427547636824E2,1.101122063575E1,
-5.384838704313E0));
#11270=CARTESIAN_POINT('',(1.428144296137E2,1.100870468260E1,
-5.356081228151E0));
#11271=CARTESIAN_POINT('',(1.428826114139E2,1.100649010482E1,
-5.330768488314E0));
#11272=CARTESIAN_POINT('',(1.429580887980E2,1.100443100879E1,
-5.307232912988E0));
#11273=CARTESIAN_POINT('',(1.430401242946E2,1.100230555323E1,
-5.282938844782E0));
#11274=CARTESIAN_POINT('',(1.431292710901E2,1.100016200286E1,
-5.258437951953E0));
#11275=CARTESIAN_POINT('',(1.432548672558E2,1.099731117831E1,
-5.225852878256E0));
#11276=CARTESIAN_POINT('',(1.433509708039E2,1.099523725593E1,
-5.202147836952E0));
#11277=CARTESIAN_POINT('',(1.434147327941E2,1.099382882845E1,
-5.186049437075E0));
#11279=DIRECTION('',(0.E0,9.961946980917E-1,8.715574274765E-2));
#11280=VECTOR('',#11279,1.E0);
#11281=SURFACE_OF_LINEAR_EXTRUSION('',#11278,#11280);
#11282=ORIENTED_EDGE('',*,*,#9552,.F.);
#11284=ORIENTED_EDGE('',*,*,#11283,.T.);
#11286=ORIENTED_EDGE('',*,*,#11285,.F.);
#11287=ORIENTED_EDGE('',*,*,#11254,.F.);
#11288=EDGE_LOOP('',(#11282,#11284,#11286,#11287));
#11289=FACE_OUTER_BOUND('',#11288,.F.);
#11290=ADVANCED_FACE('',(#11289),#11281,.T.);
#11291=CARTESIAN_POINT('',(1.430316544339E2,1.100210973655E1,
-5.280700649973E0));
#11292=CARTESIAN_POINT('',(1.430955803127E2,1.100081454432E1,
-5.265896534992E0));
#11293=CARTESIAN_POINT('',(1.432314089330E2,1.099799537143E1,
-5.233673241392E0));
#11294=CARTESIAN_POINT('',(1.434302151071E2,1.099304424538E1,
-5.177081611690E0));
#11295=CARTESIAN_POINT('',(1.436180101555E2,1.098686599245E1,
-5.106463857525E0));
#11296=CARTESIAN_POINT('',(1.437785084469E2,1.097971936655E1,
-5.024777549691E0));
#11297=CARTESIAN_POINT('',(1.439063158301E2,1.097108569371E1,
-4.926094217570E0));
#11298=CARTESIAN_POINT('',(1.440024202143E2,1.096125474459E1,
-4.813725954939E0));
#11299=CARTESIAN_POINT('',(1.440692407453E2,1.095019764601E1,
-4.687342739882E0));
#11300=CARTESIAN_POINT('',(1.441055085497E2,1.093765703286E1,
-4.544002875671E0));
#11301=CARTESIAN_POINT('',(1.441168171986E2,1.092309368623E1,
-4.377543061974E0));
#11302=CARTESIAN_POINT('',(1.441052185334E2,1.091276989489E1,
-4.259541587062E0));
#11303=CARTESIAN_POINT('',(1.440947993678E2,1.090722907860E1,
-4.196209767140E0));
#11305=DIRECTION('',(0.E0,9.961946980917E-1,8.715574274765E-2));
#11306=VECTOR('',#11305,1.E0);
#11307=SURFACE_OF_LINEAR_EXTRUSION('',#11304,#11306);
#11308=ORIENTED_EDGE('',*,*,#9550,.F.);
#11310=ORIENTED_EDGE('',*,*,#11309,.T.);
#11312=ORIENTED_EDGE('',*,*,#11311,.F.);
#11313=ORIENTED_EDGE('',*,*,#11283,.F.);
#11314=EDGE_LOOP('',(#11308,#11310,#11312,#11313));
#11315=FACE_OUTER_BOUND('',#11314,.F.);
#11316=ADVANCED_FACE('',(#11315),#11307,.T.);
#11317=CARTESIAN_POINT('',(1.440945884883E2,1.094126016009E1,
-4.585186808266E0));
#11318=CARTESIAN_POINT('',(1.441057683288E2,1.093568105005E1,
-4.521417288782E0));
#11319=CARTESIAN_POINT('',(1.441173168059E2,1.092497031078E1,
-4.398992978785E0));
#11320=CARTESIAN_POINT('',(1.441035245570E2,1.090971653360E1,
-4.224641507797E0));
#11321=CARTESIAN_POINT('',(1.440635502259E2,1.089642612245E1,
-4.072731413164E0));
#11322=CARTESIAN_POINT('',(1.439982230221E2,1.088482603135E1,
-3.940141765238E0));
#11323=CARTESIAN_POINT('',(1.439103347226E2,1.087457514254E1,
-3.822973569946E0));
#11324=CARTESIAN_POINT('',(1.437963650959E2,1.086562861022E1,
-3.720714237575E0));
#11325=CARTESIAN_POINT('',(1.436535612200E2,1.085814437102E1,
-3.635168992149E0));
#11326=CARTESIAN_POINT('',(1.434793178504E2,1.085237114626E1,
-3.569180731152E0));
#11327=CARTESIAN_POINT('',(1.432723777934E2,1.084883441373E1,
-3.528755693304E0));
#11328=CARTESIAN_POINT('',(1.430360298823E2,1.084791487272E1,
-3.518245291511E0));
#11329=CARTESIAN_POINT('',(1.427782107457E2,1.085004623395E1,
-3.542606861853E0));
#11330=CARTESIAN_POINT('',(1.425131679526E2,1.085568639468E1,
-3.607074193969E0));
#11331=CARTESIAN_POINT('',(1.422592533988E2,1.086489393170E1,
-3.712316823710E0));
#11332=CARTESIAN_POINT('',(1.421017047781E2,1.087322001112E1,
-3.807484346979E0));
#11333=CARTESIAN_POINT('',(1.419747407379E2,1.088118779487E1,
-3.898556531911E0));
#11334=CARTESIAN_POINT('',(1.419225199273E2,1.088488944630E1,
-3.940866601479E0));
#11335=CARTESIAN_POINT('',(1.418737103341E2,1.088877019246E1,
-3.985223737294E0));
#11337=DIRECTION('',(0.E0,9.961946980917E-1,8.715574274765E-2));
#11338=VECTOR('',#11337,1.E0);
#11339=SURFACE_OF_LINEAR_EXTRUSION('',#11336,#11338);
#11340=ORIENTED_EDGE('',*,*,#9548,.F.);
#11342=ORIENTED_EDGE('',*,*,#11341,.T.);
#11344=ORIENTED_EDGE('',*,*,#11343,.F.);
#11345=ORIENTED_EDGE('',*,*,#11309,.F.);
#11346=EDGE_LOOP('',(#11340,#11342,#11344,#11345));
#11347=FACE_OUTER_BOUND('',#11346,.F.);
#11348=ADVANCED_FACE('',(#11347),#11339,.T.);
#11349=CARTESIAN_POINT('',(1.422289110046E2,1.087558937872E1,
-3.834566342461E0));
#11350=CARTESIAN_POINT('',(1.421514705397E2,1.087302463756E1,
-3.805251216949E0));
#11351=CARTESIAN_POINT('',(1.420401912697E2,1.087526751038E1,
-3.830887370585E0));
#11352=CARTESIAN_POINT('',(1.419402984816E2,1.088566006797E1,
-3.949674847366E0));
#11353=CARTESIAN_POINT('',(1.419056252985E2,1.089639461470E1,
-4.072371277967E0));
#11354=CARTESIAN_POINT('',(1.419266129694E2,1.090774114243E1,
-4.202062683342E0));
#11355=CARTESIAN_POINT('',(1.420029588558E2,1.091710626579E1,
-4.309106533184E0));
#11356=CARTESIAN_POINT('',(1.421217394331E2,1.092259232885E1,
-4.371812520896E0));
#11357=CARTESIAN_POINT('',(1.422620369157E2,1.092325110546E1,
-4.379342371989E0));
#11358=CARTESIAN_POINT('',(1.424119247084E2,1.091723495223E1,
-4.310577425973E0));
#11359=CARTESIAN_POINT('',(1.424786998622E2,1.090908729885E1,
-4.217449321741E0));
#11360=CARTESIAN_POINT('',(1.424909588675E2,1.090405731525E1,
-4.159956346070E0));
#11362=DIRECTION('',(0.E0,9.961946980917E-1,8.715574274765E-2));
#11363=VECTOR('',#11362,1.E0);
#11364=SURFACE_OF_LINEAR_EXTRUSION('',#11361,#11363);
#11365=ORIENTED_EDGE('',*,*,#9546,.F.);
#11367=ORIENTED_EDGE('',*,*,#11366,.T.);
#11369=ORIENTED_EDGE('',*,*,#11368,.F.);
#11370=ORIENTED_EDGE('',*,*,#11341,.F.);
#11371=EDGE_LOOP('',(#11365,#11367,#11369,#11370));
#11372=FACE_OUTER_BOUND('',#11371,.F.);
#11373=ADVANCED_FACE('',(#11372),#11364,.T.);
#11374=CARTESIAN_POINT('',(1.422368507080E2,1.092805787118E1,
-4.434283955562E0));
#11375=CARTESIAN_POINT('',(1.422847822612E2,1.092417981234E1,
-4.389957540176E0));
#11376=CARTESIAN_POINT('',(1.424067063904E2,1.091540249957E1,
-4.289632396157E0));
#11377=CARTESIAN_POINT('',(1.426136526820E2,1.090466384292E1,
-4.166888989018E0));
#11378=CARTESIAN_POINT('',(1.428539468385E2,1.089730555115E1,
-4.082783329247E0));
#11379=CARTESIAN_POINT('',(1.430813707929E2,1.089522665676E1,
-4.059021457589E0));
#11380=CARTESIAN_POINT('',(1.432262314155E2,1.089632451302E1,
-4.071570012056E0));
#11381=CARTESIAN_POINT('',(1.432899095915E2,1.089728387419E1,
-4.082535560390E0));
#11383=DIRECTION('',(0.E0,9.961946980917E-1,8.715574274765E-2));
#11384=VECTOR('',#11383,1.E0);
#11385=SURFACE_OF_LINEAR_EXTRUSION('',#11382,#11384);
#11386=ORIENTED_EDGE('',*,*,#9544,.F.);
#11388=ORIENTED_EDGE('',*,*,#11387,.T.);
#11390=ORIENTED_EDGE('',*,*,#11389,.F.);
#11391=ORIENTED_EDGE('',*,*,#11366,.F.);
#11392=EDGE_LOOP('',(#11386,#11388,#11390,#11391));
#11393=FACE_OUTER_BOUND('',#11392,.F.);
#11394=ADVANCED_FACE('',(#11393),#11385,.T.);
#11395=CARTESIAN_POINT('',(1.430846252076E2,1.089583328929E1,
-4.065955299139E0));
#11396=CARTESIAN_POINT('',(1.430881739814E2,1.089583062811E1,
-4.065924881751E0));
#11397=CARTESIAN_POINT('',(1.431258330482E2,1.089581595491E1,
-4.065757166297E0));
#11398=CARTESIAN_POINT('',(1.431941585931E2,1.089607134075E1,
-4.068676239796E0));
#11399=CARTESIAN_POINT('',(1.432847197344E2,1.089753980990E1,
-4.085460918975E0));
#11400=CARTESIAN_POINT('',(1.433611549496E2,1.090012275884E1,
-4.114984160524E0));
#11401=CARTESIAN_POINT('',(1.434223732102E2,1.090360669891E1,
-4.154805777727E0));
#11402=CARTESIAN_POINT('',(1.434666902608E2,1.090794807299E1,
-4.204427910468E0));
#11403=CARTESIAN_POINT('',(1.434921348117E2,1.091294701850E1,
-4.261566119129E0));
#11404=CARTESIAN_POINT('',(1.434993061898E2,1.091677018565E1,
-4.305265119635E0));
#11405=CARTESIAN_POINT('',(1.434995264152E2,1.091883435849E1,
-4.328858723200E0));
#11406=CARTESIAN_POINT('',(1.434994766648E2,1.091914333439E1,
-4.332390333912E0));
#11408=DIRECTION('',(0.E0,9.961946980917E-1,8.715574274765E-2));
#11409=VECTOR('',#11408,1.E0);
#11410=SURFACE_OF_LINEAR_EXTRUSION('',#11407,#11409);
#11411=ORIENTED_EDGE('',*,*,#9542,.F.);
#11413=ORIENTED_EDGE('',*,*,#11412,.T.);
#11415=ORIENTED_EDGE('',*,*,#11414,.F.);
#11416=ORIENTED_EDGE('',*,*,#11387,.F.);
#11417=EDGE_LOOP('',(#11411,#11413,#11415,#11416));
#11418=FACE_OUTER_BOUND('',#11417,.F.);
#11419=ADVANCED_FACE('',(#11418),#11410,.T.);
#11420=CARTESIAN_POINT('',(1.434984781216E2,1.091694126321E1,
-4.307220545167E0));
#11421=CARTESIAN_POINT('',(1.434988674142E2,1.091736499737E1,
-4.312063848734E0));
#11422=CARTESIAN_POINT('',(1.435004715039E2,1.091960759802E1,
-4.337696891455E0));
#11423=CARTESIAN_POINT('',(1.434985771660E2,1.092352150370E1,
-4.382433038064E0));
#11424=CARTESIAN_POINT('',(1.434819829829E2,1.092843652128E1,
-4.438611946039E0));
#11425=CARTESIAN_POINT('',(1.434484957368E2,1.093248310298E1,
-4.484864586489E0));
#11426=CARTESIAN_POINT('',(1.434030313650E2,1.093582937068E1,
-4.523112601368E0));
#11427=CARTESIAN_POINT('',(1.433470463120E2,1.093879242872E1,
-4.556980509763E0));
#11428=CARTESIAN_POINT('',(1.432808605901E2,1.094139418013E1,
-4.586718664425E0));
#11429=CARTESIAN_POINT('',(1.432057399934E2,1.094374897633E1,
-4.613634108187E0));
#11430=CARTESIAN_POINT('',(1.431228809848E2,1.094607310174E1,
-4.640198983161E0));
#11431=CARTESIAN_POINT('',(1.430319472904E2,1.094839284997E1,
-4.666713826695E0));
#11432=CARTESIAN_POINT('',(1.429636341999E2,1.094997104575E1,
-4.684752687091E0));
#11433=CARTESIAN_POINT('',(1.429256904503E2,1.095081048442E1,
-4.694347514953E0));
#11434=CARTESIAN_POINT('',(1.429209497914E2,1.095091482212E1,
-4.695540100328E0));
#11436=DIRECTION('',(0.E0,9.961946980917E-1,8.715574274765E-2));
#11437=VECTOR('',#11436,1.E0);
#11438=SURFACE_OF_LINEAR_EXTRUSION('',#11435,#11437);
#11439=ORIENTED_EDGE('',*,*,#9540,.F.);
#11441=ORIENTED_EDGE('',*,*,#11440,.T.);
#11443=ORIENTED_EDGE('',*,*,#11442,.F.);
#11444=ORIENTED_EDGE('',*,*,#11412,.F.);
#11445=EDGE_LOOP('',(#11439,#11441,#11443,#11444));
#11446=FACE_OUTER_BOUND('',#11445,.F.);
#11447=ADVANCED_FACE('',(#11446),#11438,.T.);
#11448=CARTESIAN_POINT('',(1.431267001030E2,1.094645195471E1,
-4.644529292340E0));
#11449=CARTESIAN_POINT('',(1.430628926309E2,1.094782628324E1,
-4.660237939351E0));
#11450=CARTESIAN_POINT('',(1.429328012949E2,1.095058325145E1,
-4.691750230256E0));
#11451=CARTESIAN_POINT('',(1.427426670672E2,1.095502099448E1,
-4.742473865224E0));
#11452=CARTESIAN_POINT('',(1.425636708700E2,1.096011151120E1,
-4.800658737586E0));
#11453=CARTESIAN_POINT('',(1.424058494976E2,1.096592196002E1,
-4.867072471447E0));
#11454=CARTESIAN_POINT('',(1.422735706974E2,1.097293811661E1,
-4.947267508181E0));
#11455=CARTESIAN_POINT('',(1.421703746214E2,1.098127929467E1,
-5.042607609765E0));
#11456=CARTESIAN_POINT('',(1.420922690754E2,1.099064052619E1,
-5.149606975581E0));
#11457=CARTESIAN_POINT('',(1.420394827730E2,1.100121348407E1,
-5.270456437189E0));
#11458=CARTESIAN_POINT('',(1.420112586681E2,1.101310434566E1,
-5.406369607051E0));
#11459=CARTESIAN_POINT('',(1.420027273023E2,1.102718881674E1,
-5.567355848176E0));
#11460=CARTESIAN_POINT('',(1.420121014242E2,1.103727966608E1,
-5.682694783946E0));
#11461=CARTESIAN_POINT('',(1.420199824646E2,1.104286459564E1,
-5.746530820973E0));
#11463=DIRECTION('',(0.E0,9.961946980917E-1,8.715574274765E-2));
#11464=VECTOR('',#11463,1.E0);
#11465=SURFACE_OF_LINEAR_EXTRUSION('',#11462,#11464);
#11466=ORIENTED_EDGE('',*,*,#9538,.F.);
#11467=ORIENTED_EDGE('',*,*,#11181,.T.);
#11469=ORIENTED_EDGE('',*,*,#11468,.F.);
#11470=ORIENTED_EDGE('',*,*,#11440,.F.);
#11471=EDGE_LOOP('',(#11466,#11467,#11469,#11470));
#11472=FACE_OUTER_BOUND('',#11471,.F.);
#11473=ADVANCED_FACE('',(#11472),#11465,.T.);
#11474=CARTESIAN_POINT('',(0.E0,1.141875750019E1,-1.004300638016E1));
#11475=DIRECTION('',(0.E0,9.961946980917E-1,8.715574274765E-2));
#11476=DIRECTION('',(1.E0,0.E0,0.E0));
#11477=AXIS2_PLACEMENT_3D('',#11474,#11475,#11476);
#11478=PLANE('',#11477);
#11479=ORIENTED_EDGE('',*,*,#11179,.T.);
#11480=ORIENTED_EDGE('',*,*,#11201,.T.);
#11481=ORIENTED_EDGE('',*,*,#11226,.T.);
#11482=ORIENTED_EDGE('',*,*,#11256,.T.);
#11483=ORIENTED_EDGE('',*,*,#11285,.T.);
#11484=ORIENTED_EDGE('',*,*,#11311,.T.);
#11485=ORIENTED_EDGE('',*,*,#11343,.T.);
#11486=ORIENTED_EDGE('',*,*,#11368,.T.);
#11487=ORIENTED_EDGE('',*,*,#11389,.T.);
#11488=ORIENTED_EDGE('',*,*,#11414,.T.);
#11489=ORIENTED_EDGE('',*,*,#11442,.T.);
#11490=ORIENTED_EDGE('',*,*,#11468,.T.);
#11491=EDGE_LOOP('',(#11479,#11480,#11481,#11482,#11483,#11484,#11485,#11486,
#11487,#11488,#11489,#11490));
#11492=FACE_OUTER_BOUND('',#11491,.F.);
#11493=ADVANCED_FACE('',(#11492),#11478,.T.);
#11494=CARTESIAN_POINT('',(1.471463345402E2,1.097369409151E1,
-4.955908340889E0));
#11495=CARTESIAN_POINT('',(1.471419308999E2,1.096800357335E1,
-4.890865420656E0));
#11496=CARTESIAN_POINT('',(1.471357897407E2,1.095492931878E1,
-4.741426007117E0));
#11497=CARTESIAN_POINT('',(1.471475857341E2,1.093523348910E1,
-4.516301643732E0));
#11498=CARTESIAN_POINT('',(1.471926356317E2,1.091567377502E1,
-4.292733088721E0));
#11499=CARTESIAN_POINT('',(1.472673363841E2,1.089883684230E1,
-4.100286067134E0));
#11500=CARTESIAN_POINT('',(1.473654912155E2,1.088455374138E1,
-3.937029476551E0));
#11501=CARTESIAN_POINT('',(1.474863437235E2,1.087270979842E1,
-3.801652589062E0));
#11502=CARTESIAN_POINT('',(1.476318613976E2,1.086314459727E1,
-3.692321839633E0));
#11503=CARTESIAN_POINT('',(1.478050120349E2,1.085562007126E1,
-3.606316113830E0));
#11504=CARTESIAN_POINT('',(1.480092428747E2,1.085038656116E1,
-3.546496819664E0));
#11505=CARTESIAN_POINT('',(1.482393979816E2,1.084785230179E1,
-3.517530102480E0));
#11506=CARTESIAN_POINT('',(1.484797856636E2,1.084793523973E1,
-3.518478087556E0));
#11507=CARTESIAN_POINT('',(1.487104227145E2,1.085062261650E1,
-3.549194944488E0));
#11508=CARTESIAN_POINT('',(1.489148919398E2,1.085604680748E1,
-3.611193731124E0));
#11509=CARTESIAN_POINT('',(1.490882663185E2,1.086372245986E1,
-3.698926839255E0));
#11510=CARTESIAN_POINT('',(1.492340618019E2,1.087348861511E1,
-3.810554504584E0));
#11511=CARTESIAN_POINT('',(1.493550070477E2,1.088551259653E1,
-3.947989241094E0));
#11512=CARTESIAN_POINT('',(1.494524727074E2,1.089987685217E1,
-4.112173434375E0));
#11513=CARTESIAN_POINT('',(1.495268894484E2,1.091679154936E1,
-4.305509307929E0));
#11514=CARTESIAN_POINT('',(1.495724156228E2,1.093657126722E1,
-4.531592517633E0));
#11515=CARTESIAN_POINT('',(1.495843037865E2,1.095648711273E1,
-4.759231673467E0));
#11516=CARTESIAN_POINT('',(1.495782702470E2,1.096972266958E1,
-4.910514780510E0));
#11517=CARTESIAN_POINT('',(1.495740144898E2,1.097539869978E1,
-4.975392102513E0));
#11519=DIRECTION('',(0.E0,9.961946980917E-1,8.715574274765E-2));
#11520=VECTOR('',#11519,1.E0);
#11521=SURFACE_OF_LINEAR_EXTRUSION('',#11518,#11520);
#11522=ORIENTED_EDGE('',*,*,#9562,.F.);
#11524=ORIENTED_EDGE('',*,*,#11523,.T.);
#11526=ORIENTED_EDGE('',*,*,#11525,.F.);
#11528=ORIENTED_EDGE('',*,*,#11527,.T.);
#11529=EDGE_LOOP('',(#11522,#11524,#11526,#11528));
#11530=FACE_OUTER_BOUND('',#11529,.F.);
#11531=ADVANCED_FACE('',(#11530),#11521,.F.);
#11532=CARTESIAN_POINT('',(1.471392363524E2,1.107129344818E1,
-6.071474092305E0));
#11533=DIRECTION('',(-1.E0,0.E0,0.E0));
#11534=DIRECTION('',(0.E0,-8.715574274765E-2,9.961946980917E-1));
#11535=AXIS2_PLACEMENT_3D('',#11532,#11533,#11534);
#11536=PLANE('',#11535);
#11537=ORIENTED_EDGE('',*,*,#9576,.T.);
#11539=ORIENTED_EDGE('',*,*,#11538,.F.);
#11541=ORIENTED_EDGE('',*,*,#11540,.F.);
#11542=ORIENTED_EDGE('',*,*,#11523,.F.);
#11543=EDGE_LOOP('',(#11537,#11539,#11541,#11542));
#11544=FACE_OUTER_BOUND('',#11543,.F.);
#11545=ADVANCED_FACE('',(#11544),#11536,.F.);
#11546=CARTESIAN_POINT('',(1.477550163443E2,1.106962193317E1,
-6.052368588272E0));
#11547=CARTESIAN_POINT('',(1.477554497774E2,1.107017753765E1,
-6.058719176565E0));
#11548=CARTESIAN_POINT('',(1.477572624395E2,1.107489881959E1,
-6.112683676084E0));
#11549=CARTESIAN_POINT('',(1.477323522174E2,1.108369215169E1,
-6.213191921888E0));
#11550=CARTESIAN_POINT('',(1.476431294372E2,1.109338672297E1,
-6.324001378673E0));
#11551=CARTESIAN_POINT('',(1.475140237223E2,1.109841311690E1,
-6.381453324197E0));
#11552=CARTESIAN_POINT('',(1.473754782212E2,1.109830745420E1,
-6.380245594047E0));
#11553=CARTESIAN_POINT('',(1.472490627919E2,1.109315270425E1,
-6.321326532497E0));
#11554=CARTESIAN_POINT('',(1.471620795699E2,1.108356081355E1,
-6.211690720165E0));
#11555=CARTESIAN_POINT('',(1.471376546708E2,1.107484922862E1,
-6.112116848754E0));
#11556=CARTESIAN_POINT('',(1.471394507107E2,1.107017752414E1,
-6.058719022156E0));
#11557=CARTESIAN_POINT('',(1.471398848259E2,1.106962189254E1,
-6.052368123922E0));
#11559=DIRECTION('',(0.E0,9.961946980917E-1,8.715574274765E-2));
#11560=VECTOR('',#11559,1.E0);
#11561=SURFACE_OF_LINEAR_EXTRUSION('',#11558,#11560);
#11562=ORIENTED_EDGE('',*,*,#9574,.F.);
#11564=ORIENTED_EDGE('',*,*,#11563,.T.);
#11566=ORIENTED_EDGE('',*,*,#11565,.F.);
#11567=ORIENTED_EDGE('',*,*,#11538,.T.);
#11568=EDGE_LOOP('',(#11562,#11564,#11566,#11567));
#11569=FACE_OUTER_BOUND('',#11568,.F.);
#11570=ADVANCED_FACE('',(#11569),#11561,.F.);
#11571=CARTESIAN_POINT('',(1.477556638425E2,1.095792088141E1,
-4.775619724505E0));
#11572=DIRECTION('',(1.E0,0.E0,0.E0));
#11573=DIRECTION('',(0.E0,8.715574274765E-2,-9.961946980917E-1));
#11574=AXIS2_PLACEMENT_3D('',#11571,#11572,#11573);
#11575=PLANE('',#11574);
#11576=ORIENTED_EDGE('',*,*,#9572,.T.);
#11578=ORIENTED_EDGE('',*,*,#11577,.F.);
#11580=ORIENTED_EDGE('',*,*,#11579,.F.);
#11581=ORIENTED_EDGE('',*,*,#11563,.F.);
#11582=EDGE_LOOP('',(#11576,#11578,#11580,#11581));
#11583=FACE_OUTER_BOUND('',#11582,.F.);
#11584=ADVANCED_FACE('',(#11583),#11575,.F.);
#11585=CARTESIAN_POINT('',(1.489536740443E2,1.097327228269E1,
-4.951087044104E0));
#11586=CARTESIAN_POINT('',(1.489598001006E2,1.096767954555E1,
-4.887161765992E0));
#11587=CARTESIAN_POINT('',(1.489682246911E2,1.095728187019E1,
-4.768315792738E0));
#11588=CARTESIAN_POINT('',(1.489587102393E2,1.094272841542E1,
-4.601969043547E0));
#11589=CARTESIAN_POINT('',(1.489269115441E2,1.093057695682E1,
-4.463077236251E0));
#11590=CARTESIAN_POINT('',(1.488758314281E2,1.092037370633E1,
-4.346453549512E0));
#11591=CARTESIAN_POINT('',(1.488060638541E2,1.091201614616E1,
-4.250926199589E0));
#11592=CARTESIAN_POINT('',(1.487168134004E2,1.090549529257E1,
-4.176392502047E0));
#11593=CARTESIAN_POINT('',(1.486083742612E2,1.090066529595E1,
-4.121185388065E0));
#11594=CARTESIAN_POINT('',(1.484812559224E2,1.089795810518E1,
-4.090242055885E0));
#11595=CARTESIAN_POINT('',(1.483456699350E2,1.089727497400E1,
-4.082433830816E0));
#11596=CARTESIAN_POINT('',(1.482124381886E2,1.089837156386E1,
-4.094967910242E0));
#11597=CARTESIAN_POINT('',(1.480922338772E2,1.090150248719E1,
-4.130754527717E0));
#11598=CARTESIAN_POINT('',(1.479907695522E2,1.090657272358E1,
-4.188707594841E0));
#11599=CARTESIAN_POINT('',(1.479068704793E2,1.091324872339E1,
-4.265014621863E0));
#11600=CARTESIAN_POINT('',(1.478404921442E2,1.092172508311E1,
-4.361899856779E0));
#11601=CARTESIAN_POINT('',(1.477918093149E2,1.093205015395E1,
-4.479915956476E0));
#11602=CARTESIAN_POINT('',(1.477613008589E2,1.094432414119E1,
-4.620208272577E0));
#11603=CARTESIAN_POINT('',(1.477520164393E2,1.095892701941E1,
-4.787119934384E0));
#11604=CARTESIAN_POINT('',(1.477600766810E2,1.096935147845E1,
-4.906272046514E0));
#11605=CARTESIAN_POINT('',(1.477661634578E2,1.097493053141E1,
-4.970040913797E0));
#11607=DIRECTION('',(0.E0,9.961946980917E-1,8.715574274765E-2));
#11608=VECTOR('',#11607,1.E0);
#11609=SURFACE_OF_LINEAR_EXTRUSION('',#11606,#11608);
#11610=ORIENTED_EDGE('',*,*,#9570,.F.);
#11612=ORIENTED_EDGE('',*,*,#11611,.T.);
#11614=ORIENTED_EDGE('',*,*,#11613,.F.);
#11615=ORIENTED_EDGE('',*,*,#11577,.T.);
#11616=EDGE_LOOP('',(#11610,#11612,#11614,#11615));
#11617=FACE_OUTER_BOUND('',#11616,.F.);
#11618=ADVANCED_FACE('',(#11617),#11609,.F.);
#11619=CARTESIAN_POINT('',(1.489644505243E2,1.107129344818E1,
-6.071474092305E0));
#11620=DIRECTION('',(-1.E0,0.E0,0.E0));
#11621=DIRECTION('',(0.E0,-8.715574274765E-2,9.961946980917E-1));
#11622=AXIS2_PLACEMENT_3D('',#11619,#11620,#11621);
#11623=PLANE('',#11622);
#11624=ORIENTED_EDGE('',*,*,#9568,.T.);
#11626=ORIENTED_EDGE('',*,*,#11625,.F.);
#11628=ORIENTED_EDGE('',*,*,#11627,.F.);
#11629=ORIENTED_EDGE('',*,*,#11611,.F.);
#11630=EDGE_LOOP('',(#11624,#11626,#11628,#11629));
#11631=FACE_OUTER_BOUND('',#11630,.F.);
#11632=ADVANCED_FACE('',(#11631),#11623,.F.);
#11633=CARTESIAN_POINT('',(1.495802305162E2,1.106962193317E1,
-6.052368588272E0));
#11634=CARTESIAN_POINT('',(1.495806639493E2,1.107017753765E1,
-6.058719176565E0));
#11635=CARTESIAN_POINT('',(1.495824766114E2,1.107489881959E1,
-6.112683676084E0));
#11636=CARTESIAN_POINT('',(1.495575663893E2,1.108369215169E1,
-6.213191921886E0));
#11637=CARTESIAN_POINT('',(1.494683436091E2,1.109338672297E1,
-6.324001378668E0));
#11638=CARTESIAN_POINT('',(1.493392378942E2,1.109841311690E1,
-6.381453324191E0));
#11639=CARTESIAN_POINT('',(1.492006923932E2,1.109830745420E1,
-6.380245594041E0));
#11640=CARTESIAN_POINT('',(1.490742769639E2,1.109315270425E1,
-6.321326532492E0));
#11641=CARTESIAN_POINT('',(1.489872937418E2,1.108356081355E1,
-6.211690720162E0));
#11642=CARTESIAN_POINT('',(1.489628688427E2,1.107484922862E1,
-6.112116848753E0));
#11643=CARTESIAN_POINT('',(1.489646648826E2,1.107017752414E1,
-6.058719022156E0));
#11644=CARTESIAN_POINT('',(1.489650989978E2,1.106962189254E1,
-6.052368123922E0));
#11646=DIRECTION('',(0.E0,9.961946980917E-1,8.715574274765E-2));
#11647=VECTOR('',#11646,1.E0);
#11648=SURFACE_OF_LINEAR_EXTRUSION('',#11645,#11647);
#11649=ORIENTED_EDGE('',*,*,#9566,.F.);
#11651=ORIENTED_EDGE('',*,*,#11650,.T.);
#11653=ORIENTED_EDGE('',*,*,#11652,.F.);
#11654=ORIENTED_EDGE('',*,*,#11625,.T.);
#11655=EDGE_LOOP('',(#11649,#11651,#11653,#11654));
#11656=FACE_OUTER_BOUND('',#11655,.F.);
#11657=ADVANCED_FACE('',(#11656),#11648,.F.);
#11658=CARTESIAN_POINT('',(1.495808780144E2,1.095827353661E1,
-4.779650591891E0));
#11659=DIRECTION('',(1.E0,0.E0,0.E0));
#11660=DIRECTION('',(0.E0,8.715574274765E-2,-9.961946980917E-1));
#11661=AXIS2_PLACEMENT_3D('',#11658,#11659,#11660);
#11662=PLANE('',#11661);
#11663=ORIENTED_EDGE('',*,*,#9564,.T.);
#11664=ORIENTED_EDGE('',*,*,#11527,.F.);
#11666=ORIENTED_EDGE('',*,*,#11665,.F.);
#11667=ORIENTED_EDGE('',*,*,#11650,.F.);
#11668=EDGE_LOOP('',(#11663,#11664,#11666,#11667));
#11669=FACE_OUTER_BOUND('',#11668,.F.);
#11670=ADVANCED_FACE('',(#11669),#11662,.F.);
#11671=CARTESIAN_POINT('',(0.E0,1.141875750019E1,-1.004300638016E1));
#11672=DIRECTION('',(0.E0,9.961946980917E-1,8.715574274765E-2));
#11673=DIRECTION('',(1.E0,0.E0,0.E0));
#11674=AXIS2_PLACEMENT_3D('',#11671,#11672,#11673);
#11675=PLANE('',#11674);
#11676=ORIENTED_EDGE('',*,*,#11525,.T.);
#11677=ORIENTED_EDGE('',*,*,#11540,.T.);
#11678=ORIENTED_EDGE('',*,*,#11565,.T.);
#11679=ORIENTED_EDGE('',*,*,#11579,.T.);
#11680=ORIENTED_EDGE('',*,*,#11613,.T.);
#11681=ORIENTED_EDGE('',*,*,#11627,.T.);
#11682=ORIENTED_EDGE('',*,*,#11652,.T.);
#11683=ORIENTED_EDGE('',*,*,#11665,.T.);
#11684=EDGE_LOOP('',(#11676,#11677,#11678,#11679,#11680,#11681,#11682,#11683));
#11685=FACE_OUTER_BOUND('',#11684,.F.);
#11686=ADVANCED_FACE('',(#11685),#11675,.T.);
#11687=CARTESIAN_POINT('',(1.502851593592E2,1.089478875405E1,
-4.054016206595E0));
#11688=CARTESIAN_POINT('',(1.502330240228E2,1.089032454730E1,
-4.002990090079E0));
#11689=CARTESIAN_POINT('',(1.501965870001E2,1.088119678663E1,
-3.898659308264E0));
#11690=CARTESIAN_POINT('',(1.502260392306E2,1.086833134444E1,
-3.751606631133E0));
#11691=CARTESIAN_POINT('',(1.502924639750E2,1.085916405285E1,
-3.646824008754E0));
#11692=CARTESIAN_POINT('',(1.503976815142E2,1.085328606329E1,
-3.579638280706E0));
#11693=CARTESIAN_POINT('',(1.505446529548E2,1.085071729911E1,
-3.550277171669E0));
#11694=CARTESIAN_POINT('',(1.506484537019E2,1.085377994187E1,
-3.585283338636E0));
#11695=CARTESIAN_POINT('',(1.506989484961E2,1.085805530064E1,
-3.634150913197E0));
#11697=DIRECTION('',(0.E0,9.961946980917E-1,8.715574274765E-2));
#11698=VECTOR('',#11697,1.E0);
#11699=SURFACE_OF_LINEAR_EXTRUSION('',#11696,#11698);
#11700=ORIENTED_EDGE('',*,*,#9580,.F.);
#11702=ORIENTED_EDGE('',*,*,#11701,.T.);
#11704=ORIENTED_EDGE('',*,*,#11703,.F.);
#11706=ORIENTED_EDGE('',*,*,#11705,.T.);
#11707=EDGE_LOOP('',(#11700,#11702,#11704,#11706));
#11708=FACE_OUTER_BOUND('',#11707,.F.);
#11709=ADVANCED_FACE('',(#11708),#11699,.F.);
#11710=CARTESIAN_POINT('',(1.502100024039E2,1.106920183802E1,
-6.047566878805E0));
#11711=DIRECTION('',(-1.E0,0.E0,0.E0));
#11712=DIRECTION('',(0.E0,-8.715574274765E-2,9.961946980917E-1));
#11713=AXIS2_PLACEMENT_3D('',#11710,#11711,#11712);
#11714=PLANE('',#11713);
#11715=ORIENTED_EDGE('',*,*,#9592,.T.);
#11717=ORIENTED_EDGE('',*,*,#11716,.F.);
#11719=ORIENTED_EDGE('',*,*,#11718,.F.);
#11720=ORIENTED_EDGE('',*,*,#11701,.F.);
#11721=EDGE_LOOP('',(#11715,#11717,#11719,#11720));
#11722=FACE_OUTER_BOUND('',#11721,.F.);
#11723=ADVANCED_FACE('',(#11722),#11714,.F.);
#11724=CARTESIAN_POINT('',(1.507023225307E2,1.108958722367E1,
-6.280572903051E0));
#11725=CARTESIAN_POINT('',(1.506512652982E2,1.109406902633E1,
-6.331800141787E0));
#11726=CARTESIAN_POINT('',(1.505464959307E2,1.109722843146E1,
-6.367912307692E0));
#11727=CARTESIAN_POINT('',(1.503987389914E2,1.109467261127E1,
-6.338699149238E0));
#11728=CARTESIAN_POINT('',(1.502935827399E2,1.108886671389E1,
-6.272337438565E0));
#11729=CARTESIAN_POINT('',(1.502263368844E2,1.107969544709E1,
-6.167509379378E0));
#11730=CARTESIAN_POINT('',(1.501967109681E2,1.106689266531E1,
-6.021172913939E0));
#11731=CARTESIAN_POINT('',(1.502320940246E2,1.105784256927E1,
-5.917729842903E0));
#11732=CARTESIAN_POINT('',(1.502819232486E2,1.105342619308E1,
-5.867250432306E0));
#11734=DIRECTION('',(0.E0,9.961946980917E-1,8.715574274765E-2));
#11735=VECTOR('',#11734,1.E0);
#11736=SURFACE_OF_LINEAR_EXTRUSION('',#11733,#11735);
#11737=ORIENTED_EDGE('',*,*,#9590,.F.);
#11739=ORIENTED_EDGE('',*,*,#11738,.T.);
#11741=ORIENTED_EDGE('',*,*,#11740,.F.);
#11742=ORIENTED_EDGE('',*,*,#11716,.T.);
#11743=EDGE_LOOP('',(#11737,#11739,#11741,#11742));
#11744=FACE_OUTER_BOUND('',#11743,.F.);
#11745=ADVANCED_FACE('',(#11744),#11736,.F.);
#11746=CARTESIAN_POINT('',(1.513027729115E2,1.109606443589E1,
-6.354607777496E0));
#11747=DIRECTION('',(0.E0,8.715574274765E-2,-9.961946980917E-1));
#11748=DIRECTION('',(-1.E0,0.E0,0.E0));
#11749=AXIS2_PLACEMENT_3D('',#11746,#11747,#11748);
#11750=PLANE('',#11749);
#11751=ORIENTED_EDGE('',*,*,#9588,.T.);
#11753=ORIENTED_EDGE('',*,*,#11752,.F.);
#11755=ORIENTED_EDGE('',*,*,#11754,.F.);
#11756=ORIENTED_EDGE('',*,*,#11738,.F.);
#11757=EDGE_LOOP('',(#11751,#11753,#11755,#11756));
#11758=FACE_OUTER_BOUND('',#11757,.F.);
#11759=ADVANCED_FACE('',(#11758),#11750,.F.);
#11760=CARTESIAN_POINT('',(1.527773006034E2,1.095694896126E1,
-4.764510626282E0));
#11761=CARTESIAN_POINT('',(1.527868064833E2,1.096261377462E1,
-4.829259739295E0));
#11762=CARTESIAN_POINT('',(1.527971717597E2,1.097493608807E1,
-4.970104426579E0));
#11763=CARTESIAN_POINT('',(1.527811451458E2,1.099371979441E1,
-5.184803172469E0));
#11764=CARTESIAN_POINT('',(1.527315541184E2,1.101259259729E1,
-5.400520296446E0));
#11765=CARTESIAN_POINT('',(1.526491024417E2,1.103019292708E1,
-5.601692986511E0));
#11766=CARTESIAN_POINT('',(1.525353130959E2,1.104623424725E1,
-5.785046114995E0));
#11767=CARTESIAN_POINT('',(1.523931936646E2,1.106053635342E1,
-5.948519936580E0));
#11768=CARTESIAN_POINT('',(1.522234500254E2,1.107276981021E1,
-6.088348987508E0));
#11769=CARTESIAN_POINT('',(1.520282990548E2,1.108274178709E1,
-6.202329204905E0));
#11770=CARTESIAN_POINT('',(1.518084822142E2,1.109027624409E1,
-6.288448442444E0));
#11771=CARTESIAN_POINT('',(1.515638805332E2,1.109501143362E1,
-6.342571906418E0));
#11772=CARTESIAN_POINT('',(1.513259742807E2,1.109646739619E1,
-6.359213634790E0));
#11773=CARTESIAN_POINT('',(1.511713988863E2,1.109576698906E1,
-6.351207944618E0));
#11774=CARTESIAN_POINT('',(1.511063083474E2,1.109519089474E1,
-6.344623156335E0));
#11776=DIRECTION('',(0.E0,9.961946980917E-1,8.715574274765E-2));
#11777=VECTOR('',#11776,1.E0);
#11778=SURFACE_OF_LINEAR_EXTRUSION('',#11775,#11777);
#11779=ORIENTED_EDGE('',*,*,#9586,.F.);
#11781=ORIENTED_EDGE('',*,*,#11780,.T.);
#11783=ORIENTED_EDGE('',*,*,#11782,.F.);
#11784=ORIENTED_EDGE('',*,*,#11752,.T.);
#11785=EDGE_LOOP('',(#11779,#11781,#11783,#11784));
#11786=FACE_OUTER_BOUND('',#11785,.F.);
#11787=ADVANCED_FACE('',(#11786),#11778,.F.);
#11788=CARTESIAN_POINT('',(1.511058133363E2,1.085276189102E1,
-3.573646964320E0));
#11789=CARTESIAN_POINT('',(1.511710597344E2,1.085217250073E1,
-3.566910202382E0));
#11790=CARTESIAN_POINT('',(1.513248455494E2,1.085146320199E1,
-3.558802880633E0));
#11791=CARTESIAN_POINT('',(1.515614378103E2,1.085291741075E1,
-3.575424562835E0));
#11792=CARTESIAN_POINT('',(1.518044492124E2,1.085762691401E1,
-3.629254431415E0));
#11793=CARTESIAN_POINT('',(1.520237201960E2,1.086515238726E1,
-3.715270984277E0));
#11794=CARTESIAN_POINT('',(1.522190492226E2,1.087514869180E1,
-3.829529268018E0));
#11795=CARTESIAN_POINT('',(1.523893733638E2,1.088742411690E1,
-3.969838018934E0));
#11796=CARTESIAN_POINT('',(1.525322592400E2,1.090178950299E1,
-4.134035133268E0));
#11797=CARTESIAN_POINT('',(1.526467496781E2,1.091789324590E1,
-4.318101756986E0));
#11798=CARTESIAN_POINT('',(1.527299796918E2,1.093554387490E1,
-4.519849369621E0));
#11799=CARTESIAN_POINT('',(1.527803583951E2,1.095444415582E1,
-4.735880569126E0));
#11800=CARTESIAN_POINT('',(1.527971116676E2,1.097322692408E1,
-4.950568592673E0));
#11801=CARTESIAN_POINT('',(1.527873098019E2,1.098554056712E1,
-5.091314176681E0));
#11802=CARTESIAN_POINT('',(1.527781096384E2,1.099119378553E1,
-5.155930758850E0));
#11804=DIRECTION('',(0.E0,9.961946980917E-1,8.715574274765E-2));
#11805=VECTOR('',#11804,1.E0);
#11806=SURFACE_OF_LINEAR_EXTRUSION('',#11803,#11805);
#11807=ORIENTED_EDGE('',*,*,#9584,.F.);
#11809=ORIENTED_EDGE('',*,*,#11808,.T.);
#11811=ORIENTED_EDGE('',*,*,#11810,.F.);
#11812=ORIENTED_EDGE('',*,*,#11780,.F.);
#11813=EDGE_LOOP('',(#11807,#11809,#11811,#11812));
#11814=FACE_OUTER_BOUND('',#11813,.F.);
#11815=ADVANCED_FACE('',(#11814),#11806,.F.);
#11816=CARTESIAN_POINT('',(1.505182161490E2,1.085186895020E1,
-3.563440603876E0));
#11817=DIRECTION('',(0.E0,-8.715574274765E-2,9.961946980917E-1));
#11818=DIRECTION('',(1.E0,0.E0,0.E0));
#11819=AXIS2_PLACEMENT_3D('',#11816,#11817,#11818);
#11820=PLANE('',#11819);
#11821=ORIENTED_EDGE('',*,*,#9582,.T.);
#11822=ORIENTED_EDGE('',*,*,#11705,.F.);
#11824=ORIENTED_EDGE('',*,*,#11823,.F.);
#11825=ORIENTED_EDGE('',*,*,#11808,.F.);
#11826=EDGE_LOOP('',(#11821,#11822,#11824,#11825));
#11827=FACE_OUTER_BOUND('',#11826,.F.);
#11828=ADVANCED_FACE('',(#11827),#11820,.F.);
#11829=CARTESIAN_POINT('',(0.E0,1.141875750019E1,-1.004300638016E1));
#11830=DIRECTION('',(0.E0,9.961946980917E-1,8.715574274765E-2));
#11831=DIRECTION('',(1.E0,0.E0,0.E0));
#11832=AXIS2_PLACEMENT_3D('',#11829,#11830,#11831);
#11833=PLANE('',#11832);
#11834=ORIENTED_EDGE('',*,*,#11703,.T.);
#11835=ORIENTED_EDGE('',*,*,#11718,.T.);
#11836=ORIENTED_EDGE('',*,*,#11740,.T.);
#11837=ORIENTED_EDGE('',*,*,#11754,.T.);
#11838=ORIENTED_EDGE('',*,*,#11782,.T.);
#11839=ORIENTED_EDGE('',*,*,#11810,.T.);
#11840=ORIENTED_EDGE('',*,*,#11823,.T.);
#11841=EDGE_LOOP('',(#11834,#11835,#11836,#11837,#11838,#11839,#11840));
#11842=FACE_OUTER_BOUND('',#11841,.F.);
#11844=ORIENTED_EDGE('',*,*,#11843,.T.);
#11846=ORIENTED_EDGE('',*,*,#11845,.T.);
#11848=ORIENTED_EDGE('',*,*,#11847,.T.);
#11850=ORIENTED_EDGE('',*,*,#11849,.T.);
#11852=ORIENTED_EDGE('',*,*,#11851,.T.);
#11853=EDGE_LOOP('',(#11844,#11846,#11848,#11850,#11852));
#11854=FACE_BOUND('',#11853,.F.);
#11855=ADVANCED_FACE('',(#11842,#11854),#11833,.T.);
#11856=CARTESIAN_POINT('',(1.508264298940E2,1.104758042606E1,
-5.800433009271E0));
#11857=DIRECTION('',(0.E0,-8.715574274765E-2,9.961946980917E-1));
#11858=DIRECTION('',(1.E0,0.E0,0.E0));
#11859=AXIS2_PLACEMENT_3D('',#11856,#11857,#11858);
#11860=PLANE('',#11859);
#11862=ORIENTED_EDGE('',*,*,#11861,.T.);
#11864=ORIENTED_EDGE('',*,*,#11863,.T.);
#11865=ORIENTED_EDGE('',*,*,#11843,.F.);
#11867=ORIENTED_EDGE('',*,*,#11866,.F.);
#11868=EDGE_LOOP('',(#11862,#11864,#11865,#11867));
#11869=FACE_OUTER_BOUND('',#11868,.F.);
#11870=ADVANCED_FACE('',(#11869),#11860,.F.);
#11871=CARTESIAN_POINT('',(-1.6233E2,1.802897729269E1,-7.986130771833E1));
#11872=DIRECTION('',(0.E0,9.961946980917E-1,8.715574274765E-2));
#11873=DIRECTION('',(1.E0,0.E0,0.E0));
#11874=AXIS2_PLACEMENT_3D('',#11871,#11872,#11873);
#11875=PLANE('',#11874);
#11876=ORIENTED_EDGE('',*,*,#11861,.F.);
#11878=ORIENTED_EDGE('',*,*,#11877,.T.);
#11880=ORIENTED_EDGE('',*,*,#11879,.T.);
#11882=ORIENTED_EDGE('',*,*,#11881,.F.);
#11884=ORIENTED_EDGE('',*,*,#11883,.F.);
#11885=EDGE_LOOP('',(#11876,#11878,#11880,#11882,#11884));
#11886=FACE_OUTER_BOUND('',#11885,.F.);
#11887=ADVANCED_FACE('',(#11886),#11875,.T.);
#11888=CARTESIAN_POINT('',(1.521226789900E2,1.095632476323E1,
-4.757376010311E0));
#11889=CARTESIAN_POINT('',(1.521391163959E2,1.096189956397E1,
-4.821096274219E0));
#11890=CARTESIAN_POINT('',(1.521534061281E2,1.097226566651E1,
-4.939581368394E0));
#11891=CARTESIAN_POINT('',(1.521391574329E2,1.098720809721E1,
-5.110374132877E0));
#11892=CARTESIAN_POINT('',(1.521019597210E2,1.100036108290E1,
-5.260713447256E0));
#11893=CARTESIAN_POINT('',(1.520429847301E2,1.101228576660E1,
-5.397013205600E0));
#11894=CARTESIAN_POINT('',(1.519647565753E2,1.102266313300E1,
-5.515627046333E0));
#11895=CARTESIAN_POINT('',(1.518667622455E2,1.103130302959E1,
-5.614381516280E0));
#11896=CARTESIAN_POINT('',(1.517488061389E2,1.103820566401E1,
-5.693278988706E0));
#11897=CARTESIAN_POINT('',(1.516127838661E2,1.104343093106E1,
-5.753004064416E0));
#11898=CARTESIAN_POINT('',(1.514619525655E2,1.104677973026E1,
-5.791281014375E0));
#11899=CARTESIAN_POINT('',(1.512905325162E2,1.104807929654E1,
-5.806135124957E0));
#11900=CARTESIAN_POINT('',(1.511715534018E2,1.104696867326E1,
-5.793440642723E0));
#11901=CARTESIAN_POINT('',(1.511077880489E2,1.104569805716E1,
-5.778917434103E0));
#11903=DIRECTION('',(0.E0,9.961946980917E-1,8.715574274765E-2));
#11904=VECTOR('',#11903,1.E0);
#11905=SURFACE_OF_LINEAR_EXTRUSION('',#11902,#11904);
#11906=ORIENTED_EDGE('',*,*,#11877,.F.);
#11907=ORIENTED_EDGE('',*,*,#11866,.T.);
#11908=ORIENTED_EDGE('',*,*,#11851,.F.);
#11910=ORIENTED_EDGE('',*,*,#11909,.F.);
#11911=EDGE_LOOP('',(#11906,#11907,#11908,#11910));
#11912=FACE_OUTER_BOUND('',#11911,.F.);
#11913=ADVANCED_FACE('',(#11912),#11905,.T.);
#11914=CARTESIAN_POINT('',(1.511068509059E2,1.090219050757E1,
-4.138618636693E0));
#11915=CARTESIAN_POINT('',(1.511709646840E2,1.090096172009E1,
-4.124573531396E0));
#11916=CARTESIAN_POINT('',(1.512911237369E2,1.089987275628E1,
-4.112126618108E0));
#11917=CARTESIAN_POINT('',(1.514636236111E2,1.090115767527E1,
-4.126813309418E0));
#11918=CARTESIAN_POINT('',(1.516147735683E2,1.090446383003E1,
-4.164602831185E0));
#11919=CARTESIAN_POINT('',(1.517499064408E2,1.090958261349E1,
-4.223110793947E0));
#11920=CARTESIAN_POINT('',(1.518667579026E2,1.091633670754E1,
-4.300310442168E0));
#11921=CARTESIAN_POINT('',(1.519638707501E2,1.092480864388E1,
-4.397145117636E0));
#11922=CARTESIAN_POINT('',(1.520417306308E2,1.093501249302E1,
-4.513775646960E0));
#11923=CARTESIAN_POINT('',(1.521007980890E2,1.094677277382E1,
-4.648196271649E0));
#11924=CARTESIAN_POINT('',(1.521383822736E2,1.095975129726E1,
-4.796541473377E0));
#11925=CARTESIAN_POINT('',(1.521534199379E2,1.097454435113E1,
-4.965626852791E0));
#11926=CARTESIAN_POINT('',(1.521398998761E2,1.098482114495E1,
-5.083091143602E0));
#11927=CARTESIAN_POINT('',(1.521238437705E2,1.099038012346E1,
-5.146630558704E0));
#11929=DIRECTION('',(0.E0,9.961946980917E-1,8.715574274765E-2));
#11930=VECTOR('',#11929,1.E0);
#11931=SURFACE_OF_LINEAR_EXTRUSION('',#11928,#11930);
#11932=ORIENTED_EDGE('',*,*,#11879,.F.);
#11933=ORIENTED_EDGE('',*,*,#11909,.T.);
#11934=ORIENTED_EDGE('',*,*,#11849,.F.);
#11936=ORIENTED_EDGE('',*,*,#11935,.T.);
#11937=EDGE_LOOP('',(#11932,#11933,#11934,#11936));
#11938=FACE_OUTER_BOUND('',#11937,.F.);
#11939=ADVANCED_FACE('',(#11938),#11931,.T.);
#11940=CARTESIAN_POINT('',(1.513027729115E2,1.090036512055E1,
-4.117754367548E0));
#11941=DIRECTION('',(0.E0,8.715574274765E-2,-9.961946980917E-1));
#11942=DIRECTION('',(-1.E0,0.E0,0.E0));
#11943=AXIS2_PLACEMENT_3D('',#11940,#11941,#11942);
#11944=PLANE('',#11943);
#11945=ORIENTED_EDGE('',*,*,#11881,.T.);
#11946=ORIENTED_EDGE('',*,*,#11935,.F.);
#11947=ORIENTED_EDGE('',*,*,#11847,.F.);
#11949=ORIENTED_EDGE('',*,*,#11948,.F.);
#11950=EDGE_LOOP('',(#11945,#11946,#11947,#11949));
#11951=FACE_OUTER_BOUND('',#11950,.F.);
#11952=ADVANCED_FACE('',(#11951),#11944,.F.);
#11953=CARTESIAN_POINT('',(1.508264298940E2,1.090036512055E1,
-4.117754367548E0));
#11954=DIRECTION('',(1.E0,0.E0,0.E0));
#11955=DIRECTION('',(0.E0,8.715574274765E-2,-9.961946980917E-1));
#11956=AXIS2_PLACEMENT_3D('',#11953,#11954,#11955);
#11957=PLANE('',#11956);
#11958=ORIENTED_EDGE('',*,*,#11883,.T.);
#11959=ORIENTED_EDGE('',*,*,#11948,.T.);
#11960=ORIENTED_EDGE('',*,*,#11845,.F.);
#11961=ORIENTED_EDGE('',*,*,#11863,.F.);
#11962=EDGE_LOOP('',(#11958,#11959,#11960,#11961));
#11963=FACE_OUTER_BOUND('',#11962,.F.);
#11964=ADVANCED_FACE('',(#11963),#11957,.F.);
#11965=CARTESIAN_POINT('',(1.533689491208E2,1.107129344818E1,
-6.071474092304E0));
#11966=DIRECTION('',(-1.E0,0.E0,0.E0));
#11967=DIRECTION('',(0.E0,-8.715574274765E-2,9.961946980917E-1));
#11968=AXIS2_PLACEMENT_3D('',#11965,#11966,#11967);
#11969=PLANE('',#11968);
#11970=ORIENTED_EDGE('',*,*,#9596,.T.);
#11972=ORIENTED_EDGE('',*,*,#11971,.F.);
#11974=ORIENTED_EDGE('',*,*,#11973,.F.);
#11976=ORIENTED_EDGE('',*,*,#11975,.F.);
#11977=EDGE_LOOP('',(#11970,#11972,#11974,#11976));
#11978=FACE_OUTER_BOUND('',#11977,.F.);
#11979=ADVANCED_FACE('',(#11978),#11969,.F.);
#11980=CARTESIAN_POINT('',(1.533695975943E2,1.106962189254E1,
-6.052368123921E0));
#11981=CARTESIAN_POINT('',(1.533691634791E2,1.107017752414E1,
-6.058719022155E0));
#11982=CARTESIAN_POINT('',(1.533673674392E2,1.107484922862E1,
-6.112116848754E0));
#11983=CARTESIAN_POINT('',(1.533917923383E2,1.108356081355E1,
-6.211690720167E0));
#11984=CARTESIAN_POINT('',(1.534787755604E2,1.109315270425E1,
-6.321326532500E0));
#11985=CARTESIAN_POINT('',(1.536051909897E2,1.109830745420E1,
-6.380245594051E0));
#11986=CARTESIAN_POINT('',(1.537437364907E2,1.109841311690E1,
-6.381453324201E0));
#11987=CARTESIAN_POINT('',(1.538728422056E2,1.109338672296E1,
-6.324001378636E0));
#11988=CARTESIAN_POINT('',(1.539620649858E2,1.108369215169E1,
-6.213191921890E0));
#11989=CARTESIAN_POINT('',(1.539869752079E2,1.107489881959E1,
-6.112683676085E0));
#11990=CARTESIAN_POINT('',(1.539851625457E2,1.107017753765E1,
-6.058719176564E0));
#11991=CARTESIAN_POINT('',(1.539847291126E2,1.106962193317E1,
-6.052368588271E0));
#11993=DIRECTION('',(0.E0,9.961946980917E-1,8.715574274765E-2));
#11994=VECTOR('',#11993,1.E0);
#11995=SURFACE_OF_LINEAR_EXTRUSION('',#11992,#11994);
#11996=ORIENTED_EDGE('',*,*,#9602,.F.);
#11998=ORIENTED_EDGE('',*,*,#11997,.T.);
#12000=ORIENTED_EDGE('',*,*,#11999,.F.);
#12001=ORIENTED_EDGE('',*,*,#11971,.T.);
#12002=EDGE_LOOP('',(#11996,#11998,#12000,#12001));
#12003=FACE_OUTER_BOUND('',#12002,.F.);
#12004=ADVANCED_FACE('',(#12003),#11995,.T.);
#12005=CARTESIAN_POINT('',(1.539853766109E2,1.087663993791E1,
-3.846574289067E0));
#12006=DIRECTION('',(1.E0,0.E0,0.E0));
#12007=DIRECTION('',(0.E0,8.715574274765E-2,-9.961946980917E-1));
#12008=AXIS2_PLACEMENT_3D('',#12005,#12006,#12007);
#12009=PLANE('',#12008);
#12010=ORIENTED_EDGE('',*,*,#9600,.T.);
#12012=ORIENTED_EDGE('',*,*,#12011,.F.);
#12014=ORIENTED_EDGE('',*,*,#12013,.F.);
#12015=ORIENTED_EDGE('',*,*,#11997,.F.);
#12016=EDGE_LOOP('',(#12010,#12012,#12014,#12015));
#12017=FACE_OUTER_BOUND('',#12016,.F.);
#12018=ADVANCED_FACE('',(#12017),#12009,.F.);
#12019=CARTESIAN_POINT('',(1.539847281374E2,1.087831149355E1,
-3.865680257450E0));
#12020=CARTESIAN_POINT('',(1.539851622526E2,1.087775586195E1,
-3.859329359216E0));
#12021=CARTESIAN_POINT('',(1.539869582925E2,1.087308415747E1,
-3.805931532618E0));
#12022=CARTESIAN_POINT('',(1.539625333934E2,1.086437257254E1,
-3.706357661205E0));
#12023=CARTESIAN_POINT('',(1.538755501714E2,1.085478068184E1,
-3.596721848872E0));
#12024=CARTESIAN_POINT('',(1.537491347421E2,1.084962593189E1,
-3.537802787362E0));
#12025=CARTESIAN_POINT('',(1.536105892411E2,1.084952026919E1,
-3.536595057171E0));
#12026=CARTESIAN_POINT('',(1.534814835262E2,1.085454666313E1,
-3.594047002737E0));
#12027=CARTESIAN_POINT('',(1.533922607459E2,1.086424123440E1,
-3.704856459482E0));
#12028=CARTESIAN_POINT('',(1.533673505238E2,1.087303456651E1,
-3.805364705330E0));
#12029=CARTESIAN_POINT('',(1.533691631860E2,1.087775584844E1,
-3.859329204805E0));
#12030=CARTESIAN_POINT('',(1.533695966191E2,1.087831145292E1,
-3.865679793095E0));
#12032=DIRECTION('',(0.E0,9.961946980917E-1,8.715574274765E-2));
#12033=VECTOR('',#12032,1.E0);
#12034=SURFACE_OF_LINEAR_EXTRUSION('',#12031,#12033);
#12035=ORIENTED_EDGE('',*,*,#9598,.F.);
#12036=ORIENTED_EDGE('',*,*,#11975,.T.);
#12038=ORIENTED_EDGE('',*,*,#12037,.F.);
#12039=ORIENTED_EDGE('',*,*,#12011,.T.);
#12040=EDGE_LOOP('',(#12035,#12036,#12038,#12039));
#12041=FACE_OUTER_BOUND('',#12040,.F.);
#12042=ADVANCED_FACE('',(#12041),#12034,.T.);
#12043=CARTESIAN_POINT('',(0.E0,1.141875750019E1,-1.004300638016E1));
#12044=DIRECTION('',(0.E0,9.961946980917E-1,8.715574274765E-2));
#12045=DIRECTION('',(1.E0,0.E0,0.E0));
#12046=AXIS2_PLACEMENT_3D('',#12043,#12044,#12045);
#12047=PLANE('',#12046);
#12048=ORIENTED_EDGE('',*,*,#11973,.T.);
#12049=ORIENTED_EDGE('',*,*,#11999,.T.);
#12050=ORIENTED_EDGE('',*,*,#12013,.T.);
#12051=ORIENTED_EDGE('',*,*,#12037,.T.);
#12052=EDGE_LOOP('',(#12048,#12049,#12050,#12051));
#12053=FACE_OUTER_BOUND('',#12052,.F.);
#12054=ADVANCED_FACE('',(#12053),#12047,.T.);
#12055=CARTESIAN_POINT('',(1.575259776002E2,1.095689786537E1,
-4.763926597664E0));
#12056=CARTESIAN_POINT('',(1.575351757354E2,1.096256191652E1,
-4.828666998533E0));
#12057=CARTESIAN_POINT('',(1.575514826841E2,1.098232614415E1,
-5.054573154021E0));
#12058=CARTESIAN_POINT('',(1.574919614219E2,1.101524867434E1,
-5.430879396001E0));
#12059=CARTESIAN_POINT('',(1.572780322471E2,1.105092390865E1,
-5.838649190068E0));
#12060=CARTESIAN_POINT('',(1.569519576220E2,1.107857798190E1,
-6.154736693744E0));
#12061=CARTESIAN_POINT('',(1.565266084901E2,1.109657381872E1,
-6.360430049796E0));
#12062=CARTESIAN_POINT('',(1.560427695344E2,1.110230581720E1,
-6.425947092238E0));
#12063=CARTESIAN_POINT('',(1.555610896026E2,1.109589972292E1,
-6.352725099579E0));
#12064=CARTESIAN_POINT('',(1.551400269858E2,1.107734543874E1,
-6.140648660959E0));
#12065=CARTESIAN_POINT('',(1.548159397159E2,1.104921887063E1,
-5.819160516430E0));
#12066=CARTESIAN_POINT('',(1.546079885751E2,1.101356698600E1,
-5.411657610313E0));
#12067=CARTESIAN_POINT('',(1.545509680676E2,1.098109078509E1,
-5.040452935404E0));
#12068=CARTESIAN_POINT('',(1.545668917988E2,1.096193532257E1,
-4.821504996871E0));
#12069=CARTESIAN_POINT('',(1.545761230266E2,1.095630438755E1,
-4.757143114994E0));
#12071=DIRECTION('',(0.E0,9.961946980917E-1,8.715574274765E-2));
#12072=VECTOR('',#12071,1.E0);
#12073=SURFACE_OF_LINEAR_EXTRUSION('',#12070,#12072);
#12074=ORIENTED_EDGE('',*,*,#9606,.F.);
#12076=ORIENTED_EDGE('',*,*,#12075,.T.);
#12078=ORIENTED_EDGE('',*,*,#12077,.F.);
#12080=ORIENTED_EDGE('',*,*,#12079,.F.);
#12081=EDGE_LOOP('',(#12074,#12076,#12078,#12080));
#12082=FACE_OUTER_BOUND('',#12081,.F.);
#12083=ADVANCED_FACE('',(#12082),#12073,.F.);
#12084=CARTESIAN_POINT('',(1.545753787957E2,1.099057960218E1,
-5.148910610999E0));
#12085=CARTESIAN_POINT('',(1.545664095812E2,1.098491252069E1,
-5.084135573169E0));
#12086=CARTESIAN_POINT('',(1.545509543677E2,1.096520384920E1,
-4.858864427237E0));
#12087=CARTESIAN_POINT('',(1.546115161249E2,1.093234029308E1,
-4.483232261932E0));
#12088=CARTESIAN_POINT('',(1.548260919831E2,1.089676870142E1,
-4.076647108720E0));
#12089=CARTESIAN_POINT('',(1.551527701141E2,1.086920179904E1,
-3.761555972671E0));
#12090=CARTESIAN_POINT('',(1.555776037219E2,1.085131432997E1,
-3.557101265641E0));
#12091=CARTESIAN_POINT('',(1.560604546068E2,1.084563866920E1,
-3.492228166244E0));
#12092=CARTESIAN_POINT('',(1.565410893609E2,1.085204667691E1,
-3.565472029478E0));
#12093=CARTESIAN_POINT('',(1.569612728906E2,1.087054840779E1,
-3.776947781204E0));
#12094=CARTESIAN_POINT('',(1.572845521047E2,1.089856403209E1,
-4.097167832160E0));
#12095=CARTESIAN_POINT('',(1.574926511749E2,1.093404228373E1,
-4.502686104080E0));
#12096=CARTESIAN_POINT('',(1.575507311299E2,1.096640521126E1,
-4.872596058440E0));
#12097=CARTESIAN_POINT('',(1.575356555844E2,1.098553926622E1,
-5.091299307380E0));
#12098=CARTESIAN_POINT('',(1.575266729717E2,1.099117286317E1,
-5.155691615136E0));
#12100=DIRECTION('',(0.E0,9.961946980917E-1,8.715574274765E-2));
#12101=VECTOR('',#12100,1.E0);
#12102=SURFACE_OF_LINEAR_EXTRUSION('',#12099,#12101);
#12103=ORIENTED_EDGE('',*,*,#9608,.F.);
#12104=ORIENTED_EDGE('',*,*,#12079,.T.);
#12106=ORIENTED_EDGE('',*,*,#12105,.F.);
#12107=ORIENTED_EDGE('',*,*,#12075,.F.);
#12108=EDGE_LOOP('',(#12103,#12104,#12106,#12107));
#12109=FACE_OUTER_BOUND('',#12108,.F.);
#12110=ADVANCED_FACE('',(#12109),#12102,.F.);
#12111=CARTESIAN_POINT('',(0.E0,1.141875750019E1,-1.004300638016E1));
#12112=DIRECTION('',(0.E0,9.961946980917E-1,8.715574274765E-2));
#12113=DIRECTION('',(1.E0,0.E0,0.E0));
#12114=AXIS2_PLACEMENT_3D('',#12111,#12112,#12113);
#12115=PLANE('',#12114);
#12116=ORIENTED_EDGE('',*,*,#12077,.T.);
#12117=ORIENTED_EDGE('',*,*,#12105,.T.);
#12118=EDGE_LOOP('',(#12116,#12117));
#12119=FACE_OUTER_BOUND('',#12118,.F.);
#12121=ORIENTED_EDGE('',*,*,#12120,.T.);
#12123=ORIENTED_EDGE('',*,*,#12122,.T.);
#12124=EDGE_LOOP('',(#12121,#12123));
#12125=FACE_BOUND('',#12124,.F.);
#12126=ADVANCED_FACE('',(#12119,#12125),#12115,.T.);
#12127=CARTESIAN_POINT('',(1.552284495765E2,1.095702300309E1,
-4.765356928246E0));
#12128=CARTESIAN_POINT('',(1.552139786295E2,1.096260256828E1,
-4.829131650274E0));
#12129=CARTESIAN_POINT('',(1.552002663050E2,1.097336752691E1,
-4.952175690475E0));
#12130=CARTESIAN_POINT('',(1.552154135916E2,1.098904081325E1,
-5.131322173062E0));
#12131=CARTESIAN_POINT('',(1.552581292805E2,1.100317597021E1,
-5.292887756360E0));
#12132=CARTESIAN_POINT('',(1.553274462201E2,1.101592104079E1,
-5.438564579720E0));
#12133=CARTESIAN_POINT('',(1.554198076610E2,1.102704952475E1,
-5.565763733420E0));
#12134=CARTESIAN_POINT('',(1.555332704493E2,1.103628355552E1,
-5.671309188119E0));
#12135=CARTESIAN_POINT('',(1.556646960269E2,1.104350995017E1,
-5.753907256879E0));
#12136=CARTESIAN_POINT('',(1.558114563303E2,1.104843419274E1,
-5.810191607050E0));
#12137=CARTESIAN_POINT('',(1.559688401076E2,1.105085215054E1,
-5.837828991223E0));
#12138=CARTESIAN_POINT('',(1.561295776400E2,1.105079669888E1,
-5.837195175804E0));
#12139=CARTESIAN_POINT('',(1.562871122704E2,1.104827159191E1,
-5.808333071061E0));
#12140=CARTESIAN_POINT('',(1.564342122127E2,1.104323596232E1,
-5.750775561494E0));
#12141=CARTESIAN_POINT('',(1.565660510645E2,1.103587235616E1,
-5.666609157960E0));
#12142=CARTESIAN_POINT('',(1.566802809082E2,1.102649097204E1,
-5.559379446731E0));
#12143=CARTESIAN_POINT('',(1.567736970325E2,1.101521655675E1,
-5.430512290284E0));
#12144=CARTESIAN_POINT('',(1.568437048177E2,1.100234597494E1,
-5.283400867059E0));
#12145=CARTESIAN_POINT('',(1.568865363554E2,1.098821331430E1,
-5.121863816814E0));
#12146=CARTESIAN_POINT('',(1.569017757950E2,1.097262248575E1,
-4.943659831046E0));
#12147=CARTESIAN_POINT('',(1.568878530602E2,1.096195137792E1,
-4.821688510324E0));
#12148=CARTESIAN_POINT('',(1.568729272343E2,1.095639887193E1,
-4.758223076311E0));
#12150=DIRECTION('',(0.E0,9.961946980917E-1,8.715574274765E-2));
#12151=VECTOR('',#12150,1.E0);
#12152=SURFACE_OF_LINEAR_EXTRUSION('',#12149,#12151);
#12154=ORIENTED_EDGE('',*,*,#12153,.F.);
#12156=ORIENTED_EDGE('',*,*,#12155,.T.);
#12157=ORIENTED_EDGE('',*,*,#12120,.F.);
#12159=ORIENTED_EDGE('',*,*,#12158,.F.);
#12160=EDGE_LOOP('',(#12154,#12156,#12157,#12159));
#12161=FACE_OUTER_BOUND('',#12160,.F.);
#12162=ADVANCED_FACE('',(#12161),#12152,.F.);
#12163=CARTESIAN_POINT('',(-1.6233E2,1.802897729269E1,-7.986130771833E1));
#12164=DIRECTION('',(0.E0,9.961946980917E-1,8.715574274765E-2));
#12165=DIRECTION('',(1.E0,0.E0,0.E0));
#12166=AXIS2_PLACEMENT_3D('',#12163,#12164,#12165);
#12167=PLANE('',#12166);
#12168=ORIENTED_EDGE('',*,*,#12153,.T.);
#12170=ORIENTED_EDGE('',*,*,#12169,.T.);
#12171=EDGE_LOOP('',(#12168,#12170));
#12172=FACE_OUTER_BOUND('',#12171,.F.);
#12173=ADVANCED_FACE('',(#12172),#12167,.T.);
#12174=CARTESIAN_POINT('',(1.568752175243E2,1.099050330818E1,
-5.148038566479E0));
#12175=CARTESIAN_POINT('',(1.568887767450E2,1.098493647372E1,
-5.084409357519E0));
#12176=CARTESIAN_POINT('',(1.569066352667E2,1.097002145129E1,
-4.913929871105E0));
#12177=CARTESIAN_POINT('',(1.568632037505E2,1.094634561334E1,
-4.643313805020E0));
#12178=CARTESIAN_POINT('',(1.567173277717E2,1.092279064353E1,
-4.374079268023E0));
#12179=CARTESIAN_POINT('',(1.564895734030E2,1.090551516456E1,
-4.176619639917E0));
#12180=CARTESIAN_POINT('',(1.562016407922E2,1.089670036179E1,
-4.075865983222E0));
#12181=CARTESIAN_POINT('',(1.558961760343E2,1.089689892002E1,
-4.078135514191E0));
#12182=CARTESIAN_POINT('',(1.556082649672E2,1.090620101370E1,
-4.184458931403E0));
#12183=CARTESIAN_POINT('',(1.553827954435E2,1.092384974930E1,
-4.386184902466E0));
#12184=CARTESIAN_POINT('',(1.552388282153E2,1.094733488536E1,
-4.654621235944E0));
#12185=CARTESIAN_POINT('',(1.551953741031E2,1.097078034741E1,
-4.922604093372E0));
#12186=CARTESIAN_POINT('',(1.552132203912E2,1.098551158060E1,
-5.090982859212E0));
#12187=CARTESIAN_POINT('',(1.552269336986E2,1.099102169047E1,
-5.153963703235E0));
#12189=DIRECTION('',(0.E0,9.961946980917E-1,8.715574274765E-2));
#12190=VECTOR('',#12189,1.E0);
#12191=SURFACE_OF_LINEAR_EXTRUSION('',#12188,#12190);
#12192=ORIENTED_EDGE('',*,*,#12169,.F.);
#12193=ORIENTED_EDGE('',*,*,#12158,.T.);
#12194=ORIENTED_EDGE('',*,*,#12122,.F.);
#12195=ORIENTED_EDGE('',*,*,#12155,.F.);
#12196=EDGE_LOOP('',(#12192,#12193,#12194,#12195));
#12197=FACE_OUTER_BOUND('',#12196,.F.);
#12198=ADVANCED_FACE('',(#12197),#12191,.F.);
#12199=CARTESIAN_POINT('',(1.446491679408E2,1.107129585772E1,
-6.071501633480E0));
#12200=DIRECTION('',(0.E0,9.961946980917E-1,8.715574274765E-2));
#12201=DIRECTION('',(1.E0,0.E0,0.E0));
#12202=AXIS2_PLACEMENT_3D('',#12199,#12200,#12201);
#12203=CYLINDRICAL_SURFACE('',#12202,2.838853063288E-1);
#12205=ORIENTED_EDGE('',*,*,#12204,.F.);
#12207=ORIENTED_EDGE('',*,*,#12206,.F.);
#12209=ORIENTED_EDGE('',*,*,#12208,.T.);
#12210=ORIENTED_EDGE('',*,*,#9614,.F.);
#12211=ORIENTED_EDGE('',*,*,#9612,.F.);
#12213=ORIENTED_EDGE('',*,*,#12212,.T.);
#12214=EDGE_LOOP('',(#12205,#12207,#12209,#12210,#12211,#12213));
#12215=FACE_OUTER_BOUND('',#12214,.F.);
#12216=ADVANCED_FACE('',(#12215),#12203,.F.);
#12217=CARTESIAN_POINT('',(0.E0,1.141875750019E1,-1.004300638016E1));
#12218=DIRECTION('',(0.E0,9.961946980917E-1,8.715574274765E-2));
#12219=DIRECTION('',(1.E0,0.E0,0.E0));
#12220=AXIS2_PLACEMENT_3D('',#12217,#12218,#12219);
#12221=PLANE('',#12220);
#12222=ORIENTED_EDGE('',*,*,#12206,.T.);
#12223=ORIENTED_EDGE('',*,*,#12204,.T.);
#12225=ORIENTED_EDGE('',*,*,#12224,.T.);
#12227=ORIENTED_EDGE('',*,*,#12226,.T.);
#12229=ORIENTED_EDGE('',*,*,#12228,.T.);
#12231=ORIENTED_EDGE('',*,*,#12230,.T.);
#12233=ORIENTED_EDGE('',*,*,#12232,.T.);
#12235=ORIENTED_EDGE('',*,*,#12234,.T.);
#12237=ORIENTED_EDGE('',*,*,#12236,.T.);
#12239=ORIENTED_EDGE('',*,*,#12238,.T.);
#12240=EDGE_LOOP('',(#12222,#12223,#12225,#12227,#12229,#12231,#12233,#12235,
#12237,#12239));
#12241=FACE_OUTER_BOUND('',#12240,.F.);
#12242=ADVANCED_FACE('',(#12241),#12221,.T.);
#12243=CARTESIAN_POINT('',(1.464497207651E2,1.109603825121E1,
-6.354308485150E0));
#12244=DIRECTION('',(-1.158271233720E-6,8.715574274760E-2,-9.961946980911E-1));
#12245=DIRECTION('',(-9.999999999993E-1,-1.009499896781E-7,1.153863661984E-6));
#12246=AXIS2_PLACEMENT_3D('',#12243,#12244,#12245);
#12247=PLANE('',#12246);
#12248=ORIENTED_EDGE('',*,*,#9630,.T.);
#12250=ORIENTED_EDGE('',*,*,#12249,.F.);
#12251=ORIENTED_EDGE('',*,*,#12224,.F.);
#12252=ORIENTED_EDGE('',*,*,#12212,.F.);
#12253=EDGE_LOOP('',(#12248,#12250,#12251,#12252));
#12254=FACE_OUTER_BOUND('',#12253,.F.);
#12255=ADVANCED_FACE('',(#12254),#12247,.F.);
#12256=CARTESIAN_POINT('',(1.464500415710E2,1.107129254250E1,
-6.071463740322E0));
#12257=DIRECTION('',(0.E0,9.961946980917E-1,8.715574274765E-2));
#12258=DIRECTION('',(1.E0,0.E0,0.E0));
#12259=AXIS2_PLACEMENT_3D('',#12256,#12257,#12258);
#12260=CYLINDRICAL_SURFACE('',#12259,2.839253470414E-1);
#12261=ORIENTED_EDGE('',*,*,#12228,.F.);
#12262=ORIENTED_EDGE('',*,*,#12226,.F.);
#12263=ORIENTED_EDGE('',*,*,#12249,.T.);
#12264=ORIENTED_EDGE('',*,*,#9628,.F.);
#12265=ORIENTED_EDGE('',*,*,#9626,.F.);
#12267=ORIENTED_EDGE('',*,*,#12266,.T.);
#12268=EDGE_LOOP('',(#12261,#12262,#12263,#12264,#12265,#12267));
#12269=FACE_OUTER_BOUND('',#12268,.F.);
#12270=ADVANCED_FACE('',(#12269),#12260,.F.);
#12271=CARTESIAN_POINT('',(1.458577564332E2,1.104654434640E1,
-5.788590564548E0));
#12272=DIRECTION('',(4.992712906619E-5,-8.715574263903E-2,9.961946968501E-1));
#12273=DIRECTION('',(9.999999987536E-1,4.351436017021E-6,-4.973714126668E-5));
#12274=AXIS2_PLACEMENT_3D('',#12271,#12272,#12273);
#12275=PLANE('',#12274);
#12276=ORIENTED_EDGE('',*,*,#9624,.T.);
#12278=ORIENTED_EDGE('',*,*,#12277,.T.);
#12279=ORIENTED_EDGE('',*,*,#12230,.F.);
#12280=ORIENTED_EDGE('',*,*,#12266,.F.);
#12281=EDGE_LOOP('',(#12276,#12278,#12279,#12280));
#12282=FACE_OUTER_BOUND('',#12281,.F.);
#12283=ADVANCED_FACE('',(#12282),#12275,.F.);
#12284=CARTESIAN_POINT('',(1.458577564332E2,1.087663784913E1,
-3.846550414183E0));
#12285=DIRECTION('',(1.E0,0.E0,0.E0));
#12286=DIRECTION('',(0.E0,8.715574274765E-2,-9.961946980917E-1));
#12287=AXIS2_PLACEMENT_3D('',#12284,#12285,#12286);
#12288=PLANE('',#12287);
#12289=ORIENTED_EDGE('',*,*,#9622,.T.);
#12291=ORIENTED_EDGE('',*,*,#12290,.F.);
#12292=ORIENTED_EDGE('',*,*,#12232,.F.);
#12293=ORIENTED_EDGE('',*,*,#12277,.F.);
#12294=EDGE_LOOP('',(#12289,#12291,#12292,#12293));
#12295=FACE_OUTER_BOUND('',#12294,.F.);
#12296=ADVANCED_FACE('',(#12295),#12288,.F.);
#12297=CARTESIAN_POINT('',(1.458571079822E2,1.087830935113E1,
-3.865655769510E0));
#12298=CARTESIAN_POINT('',(1.458575420831E2,1.087775373665E1,
-3.859305066922E0));
#12299=CARTESIAN_POINT('',(1.458593384539E2,1.087308114613E1,
-3.805897112885E0));
#12300=CARTESIAN_POINT('',(1.458349071467E2,1.086436946362E1,
-3.706322126101E0));
#12301=CARTESIAN_POINT('',(1.457479213537E2,1.085477778543E1,
-3.596688742703E0));
#12302=CARTESIAN_POINT('',(1.456215081469E2,1.084962541780E1,
-3.537796911203E0));
#12303=CARTESIAN_POINT('',(1.454829797219E2,1.084952084653E1,
-3.536601656108E0));
#12304=CARTESIAN_POINT('',(1.453538945996E2,1.085454647683E1,
-3.594044873309E0));
#12305=CARTESIAN_POINT('',(1.452646870509E2,1.086424180339E1,
-3.704862963014E0));
#12306=CARTESIAN_POINT('',(1.452398018312E2,1.087303561324E1,
-3.805376669535E0));
#12307=CARTESIAN_POINT('',(1.452416125323E2,1.087775789722E1,
-3.859352622452E0));
#12308=CARTESIAN_POINT('',(1.452420453471E2,1.087831347752E1,
-3.865702934343E0));
#12310=DIRECTION('',(0.E0,9.961946980917E-1,8.715574274765E-2));
#12311=VECTOR('',#12310,1.E0);
#12312=SURFACE_OF_LINEAR_EXTRUSION('',#12309,#12311);
#12313=ORIENTED_EDGE('',*,*,#9620,.F.);
#12315=ORIENTED_EDGE('',*,*,#12314,.T.);
#12316=ORIENTED_EDGE('',*,*,#12234,.F.);
#12317=ORIENTED_EDGE('',*,*,#12290,.T.);
#12318=EDGE_LOOP('',(#12313,#12315,#12316,#12317));
#12319=FACE_OUTER_BOUND('',#12318,.F.);
#12320=ADVANCED_FACE('',(#12319),#12312,.T.);
#12321=CARTESIAN_POINT('',(1.452413987524E2,1.104654852396E1,
-5.788638314315E0));
#12322=DIRECTION('',(-1.E0,0.E0,0.E0));
#12323=DIRECTION('',(0.E0,-8.715574274765E-2,9.961946980917E-1));
#12324=AXIS2_PLACEMENT_3D('',#12321,#12322,#12323);
#12325=PLANE('',#12324);
#12326=ORIENTED_EDGE('',*,*,#9618,.T.);
#12328=ORIENTED_EDGE('',*,*,#12327,.T.);
#12329=ORIENTED_EDGE('',*,*,#12236,.F.);
#12330=ORIENTED_EDGE('',*,*,#12314,.F.);
#12331=EDGE_LOOP('',(#12326,#12328,#12329,#12330));
#12332=FACE_OUTER_BOUND('',#12331,.F.);
#12333=ADVANCED_FACE('',(#12332),#12325,.F.);
#12334=CARTESIAN_POINT('',(1.446501487062E2,1.104655377065E1,
-5.788698284179E0));
#12335=DIRECTION('',(-1.018163782194E-4,-8.715574229590E-2,9.961946929282E-1));
#12336=DIRECTION('',(9.999999948167E-1,-8.873882067585E-6,1.014289361611E-4));
#12337=AXIS2_PLACEMENT_3D('',#12334,#12335,#12336);
#12338=PLANE('',#12337);
#12339=ORIENTED_EDGE('',*,*,#9616,.T.);
#12340=ORIENTED_EDGE('',*,*,#12208,.F.);
#12341=ORIENTED_EDGE('',*,*,#12238,.F.);
#12342=ORIENTED_EDGE('',*,*,#12327,.F.);
#12343=EDGE_LOOP('',(#12339,#12340,#12341,#12342));
#12344=FACE_OUTER_BOUND('',#12343,.F.);
#12345=ADVANCED_FACE('',(#12344),#12338,.F.);
#12349=DIMENSIONAL_EXPONENTS(0.E0,0.E0,0.E0,0.E0,0.E0,0.E0,0.E0);
#12351=PLANE_ANGLE_MEASURE_WITH_UNIT(PLANE_ANGLE_MEASURE(1.745329251994E-2),
#12350);
#12352=(CONVERSION_BASED_UNIT('DEGREE',#12351)NAMED_UNIT(*)PLANE_ANGLE_UNIT());
#12354=UNCERTAINTY_MEASURE_WITH_UNIT(LENGTH_MEASURE(3.287210105435E-2),#12348,
'closure',
'Maximum model space distance between geometric entities at asserted connectivities');
#12355=(GEOMETRIC_REPRESENTATION_CONTEXT(3)GLOBAL_UNCERTAINTY_ASSIGNED_CONTEXT((
#12354))GLOBAL_UNIT_ASSIGNED_CONTEXT((#12348,#12352,#12353))REPRESENTATION_CONTEXT('ID4','3'));
#12356=CARTESIAN_POINT('',(0.E0,0.E0,0.E0));
#12357=DIRECTION('',(0.E0,0.E0,1.E0));
#12358=DIRECTION('',(1.E0,0.E0,0.E0));
#12361=MECHANICAL_CONTEXT('',#168,'mechanical');
#12362=PRODUCT('PRT0001_2_STP_12_1','PRT0001_2_STP_12_1','NOT SPECIFIED',
(#12361));
#12363=PRODUCT_DEFINITION_FORMATION_WITH_SPECIFIED_SOURCE('1','LAST_VERSION',
#12362,.MADE.);
#12369=CARTESIAN_POINT('',(-1.599131993933E2,-1.378521007954E1,
1.220942839341E2));
#12370=DIRECTION('',(0.E0,0.E0,1.E0));
#12371=DIRECTION('',(1.E0,0.E0,0.E0));
#12372=AXIS2_PLACEMENT_3D('',#12369,#12370,#12371);
#12373=ITEM_DEFINED_TRANSFORMATION('','',#12359,#12372);
#12374=CARTESIAN_POINT('',(0.E0,0.E0,0.E0));
#12375=DIRECTION('',(0.E0,0.E0,1.E0));
#12376=DIRECTION('',(1.E0,0.E0,0.E0));
#12378=(REPRESENTATION_RELATIONSHIP('','',#12360,#179)REPRESENTATION_RELATIONSHIP_WITH_TRANSFORMATION(#12373)SHAPE_REPRESENTATION_RELATIONSHIP());
#12379=CONTEXT_DEPENDENT_SHAPE_REPRESENTATION(#12378,#12368);
#12381=DIMENSIONAL_EXPONENTS(0.E0,0.E0,0.E0,0.E0,0.E0,0.E0,0.E0);
#12383=PLANE_ANGLE_MEASURE_WITH_UNIT(PLANE_ANGLE_MEASURE(1.745329251994E-2),
#12382);
#12384=(CONVERSION_BASED_UNIT('DEGREE',#12383)NAMED_UNIT(*)PLANE_ANGLE_UNIT());
#12386=UNCERTAINTY_MEASURE_WITH_UNIT(LENGTH_MEASURE(8.659907627683E-2),#12380,
'closure',
'Maximum model space distance between geometric entities at asserted connectivities');
#12387=(GEOMETRIC_REPRESENTATION_CONTEXT(3)GLOBAL_UNCERTAINTY_ASSIGNED_CONTEXT((
#12386))GLOBAL_UNIT_ASSIGNED_CONTEXT((#12380,#12384,#12385))REPRESENTATION_CONTEXT('ID5','3'));
#12388=CARTESIAN_POINT('',(0.E0,0.E0,0.E0));
#12389=DIRECTION('',(0.E0,0.E0,1.E0));
#12390=DIRECTION('',(1.E0,0.E0,0.E0));
#12392=DESIGN_CONTEXT('',#168,'design');
#12393=MECHANICAL_CONTEXT('',#168,'mechanical');
#12394=PRODUCT('_X2_59575A03_X0_4_X2_53F7_X0__A_ASM',
'_X2_59575A03_X0_4_X2_53F7_X0__A_ASM','NOT SPECIFIED',(#12393));
#12395=PRODUCT_DEFINITION_FORMATION_WITH_SPECIFIED_SOURCE('1','LAST_VERSION',
#12394,.MADE.);
#12402=CARTESIAN_POINT('',(0.E0,0.E0,0.E0));
#12403=DIRECTION('',(0.E0,0.E0,1.E0));
#12404=DIRECTION('',(1.E0,0.E0,0.E0));
#12405=AXIS2_PLACEMENT_3D('',#12402,#12403,#12404);
#12406=ITEM_DEFINED_TRANSFORMATION('','',#190,#12405);
#12407=CARTESIAN_POINT('',(0.E0,0.E0,0.E0));
#12408=DIRECTION('',(0.E0,0.E0,1.E0));
#12409=DIRECTION('',(1.E0,0.E0,0.E0));
#12411=(REPRESENTATION_RELATIONSHIP('','',#179,#12399)REPRESENTATION_RELATIONSHIP_WITH_TRANSFORMATION(#12406)SHAPE_REPRESENTATION_RELATIONSHIP());
#12412=CONTEXT_DEPENDENT_SHAPE_REPRESENTATION(#12411,#12401);
#12414=DIMENSIONAL_EXPONENTS(0.E0,0.E0,0.E0,0.E0,0.E0,0.E0,0.E0);
#12416=PLANE_ANGLE_MEASURE_WITH_UNIT(PLANE_ANGLE_MEASURE(1.745329251994E-2),
#12415);
#12417=(CONVERSION_BASED_UNIT('DEGREE',#12416)NAMED_UNIT(*)PLANE_ANGLE_UNIT());
#12419=UNCERTAINTY_MEASURE_WITH_UNIT(LENGTH_MEASURE(8.659907627683E-2),#12413,
'closure',
'Maximum model space distance between geometric entities at asserted connectivities');
#12420=(GEOMETRIC_REPRESENTATION_CONTEXT(3)GLOBAL_UNCERTAINTY_ASSIGNED_CONTEXT((
#12419))GLOBAL_UNIT_ASSIGNED_CONTEXT((#12413,#12417,#12418))REPRESENTATION_CONTEXT('ID6','3'));
#12421=CARTESIAN_POINT('',(0.E0,0.E0,0.E0));
#12422=DIRECTION('',(0.E0,0.E0,1.E0));
#12423=DIRECTION('',(1.E0,0.E0,0.E0));
#12425=MECHANICAL_CONTEXT('',#168,'mechanical');
#12426=PRODUCT('H75-20230508-000_ASM_STP_ASM_1__ASM',
'H75-20230508-000_ASM_STP_ASM_1__ASM','NOT SPECIFIED',(#12425));
#12427=PRODUCT_DEFINITION_FORMATION_WITH_SPECIFIED_SOURCE('1','LAST_VERSION',
#12426,.MADE.);
#12434=CARTESIAN_POINT('',(0.E0,0.E0,0.E0));
#12435=DIRECTION('',(0.E0,0.E0,1.E0));
#12436=DIRECTION('',(1.E0,0.E0,0.E0));
#12437=AXIS2_PLACEMENT_3D('',#12434,#12435,#12436);
#12438=ITEM_DEFINED_TRANSFORMATION('','',#12410,#12437);
#12439=CARTESIAN_POINT('',(0.E0,0.E0,0.E0));
#12440=DIRECTION('',(0.E0,0.E0,1.E0));
#12441=DIRECTION('',(1.E0,0.E0,0.E0));
#12443=(REPRESENTATION_RELATIONSHIP('','',#12399,#12431)REPRESENTATION_RELATIONSHIP_WITH_TRANSFORMATION(#12438)SHAPE_REPRESENTATION_RELATIONSHIP());
#12444=CONTEXT_DEPENDENT_SHAPE_REPRESENTATION(#12443,#12433);
#12446=DIMENSIONAL_EXPONENTS(0.E0,0.E0,0.E0,0.E0,0.E0,0.E0,0.E0);
#12448=PLANE_ANGLE_MEASURE_WITH_UNIT(PLANE_ANGLE_MEASURE(1.745329251994E-2),
#12447);
#12449=(CONVERSION_BASED_UNIT('DEGREE',#12448)NAMED_UNIT(*)PLANE_ANGLE_UNIT());
#12451=UNCERTAINTY_MEASURE_WITH_UNIT(LENGTH_MEASURE(8.659907627683E-2),#12445,
'closure',
'Maximum model space distance between geometric entities at asserted connectivities');
#12452=(GEOMETRIC_REPRESENTATION_CONTEXT(3)GLOBAL_UNCERTAINTY_ASSIGNED_CONTEXT((
#12451))GLOBAL_UNIT_ASSIGNED_CONTEXT((#12445,#12449,#12450))REPRESENTATION_CONTEXT('ID7','3'));
#12453=CARTESIAN_POINT('',(0.E0,0.E0,0.E0));
#12454=DIRECTION('',(0.E0,0.E0,1.E0));
#12455=DIRECTION('',(1.E0,0.E0,0.E0));
#12457=DESIGN_CONTEXT('',#168,'design');
#12458=MECHANICAL_CONTEXT('',#168,'mechanical');
#12459=PRODUCT('H75_X2_624B6258_X0_-FINAL_ASM_1_ASM',
'H75_X2_624B6258_X0_-FINAL_ASM_1_ASM','NOT SPECIFIED',(#12458));
#12460=PRODUCT_DEFINITION_FORMATION_WITH_SPECIFIED_SOURCE('1','LAST_VERSION',
#12459,.MADE.);
#12467=CARTESIAN_POINT('',(0.E0,0.E0,0.E0));
#12468=DIRECTION('',(0.E0,0.E0,1.E0));
#12469=DIRECTION('',(1.E0,0.E0,0.E0));
#12470=AXIS2_PLACEMENT_3D('',#12467,#12468,#12469);
#12471=ITEM_DEFINED_TRANSFORMATION('','',#12442,#12470);
#12472=(REPRESENTATION_RELATIONSHIP('','',#12431,#12464)REPRESENTATION_RELATIONSHIP_WITH_TRANSFORMATION(#12471)SHAPE_REPRESENTATION_RELATIONSHIP());
#12473=CONTEXT_DEPENDENT_SHAPE_REPRESENTATION(#12472,#12466);
#12475=DIMENSIONAL_EXPONENTS(0.E0,0.E0,0.E0,0.E0,0.E0,0.E0,0.E0);
#12477=PLANE_ANGLE_MEASURE_WITH_UNIT(PLANE_ANGLE_MEASURE(1.745329251994E-2),
#12476);
#12478=(CONVERSION_BASED_UNIT('DEGREE',#12477)NAMED_UNIT(*)PLANE_ANGLE_UNIT());
#12480=UNCERTAINTY_MEASURE_WITH_UNIT(LENGTH_MEASURE(8.659907627683E-2),#12474,
'closure',
'Maximum model space distance between geometric entities at asserted connectivities');
#12481=(GEOMETRIC_REPRESENTATION_CONTEXT(3)GLOBAL_UNCERTAINTY_ASSIGNED_CONTEXT((
#12480))GLOBAL_UNIT_ASSIGNED_CONTEXT((#12474,#12478,#12479))REPRESENTATION_CONTEXT('ID8','3'));
#12482=CARTESIAN_POINT('',(0.E0,0.E0,0.E0));
#12483=DIRECTION('',(0.E0,0.E0,1.E0));
#12484=DIRECTION('',(1.E0,0.E0,0.E0));
#12486=MECHANICAL_CONTEXT('',#168,'mechanical');
#12487=PRODUCT('H75-FINAL00_ASM_5_ASM_1_ASM','H75-FINAL00_ASM_5_ASM_1_ASM',
'NOT SPECIFIED',(#12486));
#12488=PRODUCT_DEFINITION_FORMATION_WITH_SPECIFIED_SOURCE('1','LAST_VERSION',
#12487,.MADE.);
#12490=PRODUCT_CATEGORY('part','');
#12491=PRODUCT_RELATED_PRODUCT_CATEGORY('assembly','',(#12394,#12426,#12459,
#12487));
#12492=PRODUCT_CATEGORY_RELATIONSHIP('','',#12490,#12491);
#12493=PRODUCT_CATEGORY('part','');
#12494=PRODUCT_RELATED_PRODUCT_CATEGORY('detail','',(#172,#6071,#6278,#12362));
#12495=PRODUCT_CATEGORY_RELATIONSHIP('','',#12493,#12494);
#12496=SECURITY_CLASSIFICATION_LEVEL('unclassified');
#12497=SECURITY_CLASSIFICATION('','',#12496);
#12498=CC_DESIGN_SECURITY_CLASSIFICATION(#12497,(#173,#6072,#6279,#12363,#12395,
#12427,#12460,#12488,#180,#6076,#6283,#6296,#6309,#12367,#12400,#12432,#12465));
#12499=APPROVAL_STATUS('approved');
#12500=APPROVAL(#12499,'');
#12501=CC_DESIGN_APPROVAL(#12500,(#12497,#173,#6072,#6279,#12363,#12395,#12427,
#12460,#12488,#174,#6073,#6280,#12364,#12396,#12428,#12461,#12489));
#12502=CALENDAR_DATE(124,15,1);
#12503=COORDINATED_UNIVERSAL_TIME_OFFSET(8,0,.AHEAD.);
#12504=LOCAL_TIME(18,59,8.E0,#12503);
#12505=DATE_AND_TIME(#12502,#12504);
#12506=APPROVAL_DATE_TIME(#12505,#12500);
#12507=DATE_TIME_ROLE('creation_date');
#12508=CC_DESIGN_DATE_AND_TIME_ASSIGNMENT(#12505,#12507,(#174,#6073,#6280,
#12364,#12396,#12428,#12461,#12489));
#12509=DATE_TIME_ROLE('classification_date');
#12510=CC_DESIGN_DATE_AND_TIME_ASSIGNMENT(#12505,#12509,(#12497));
#12511=PERSON('UNSPECIFIED','UNSPECIFIED',$,$,$,$);
#12512=ORGANIZATION('UNSPECIFIED','UNSPECIFIED','UNSPECIFIED');
#12513=PERSON_AND_ORGANIZATION(#12511,#12512);
#12514=APPROVAL_ROLE('approver');
#12515=APPROVAL_PERSON_ORGANIZATION(#12513,#12500,#12514);
#12516=PERSON_AND_ORGANIZATION_ROLE('creator');
#12517=CC_DESIGN_PERSON_AND_ORGANIZATION_ASSIGNMENT(#12513,#12516,(#173,#6072,
#6279,#12363,#12395,#12427,#12460,#12488,#174,#6073,#6280,#12364,#12396,#12428,
#12461,#12489));
#12518=PERSON_AND_ORGANIZATION_ROLE('design_supplier');
#12519=CC_DESIGN_PERSON_AND_ORGANIZATION_ASSIGNMENT(#12513,#12518,(#173,#6072,
#6279,#12363,#12395,#12427,#12460,#12488));
#12520=PERSON_AND_ORGANIZATION_ROLE('classification_officer');
#12521=CC_DESIGN_PERSON_AND_ORGANIZATION_ASSIGNMENT(#12513,#12520,(#12497));
#12522=PERSON_AND_ORGANIZATION_ROLE('design_owner');
#12523=CC_DESIGN_PERSON_AND_ORGANIZATION_ASSIGNMENT(#12513,#12522,(#12394,
#12426,#12459,#12487,#172,#6071,#6278,#12362));
#29=CIRCLE('',#28,3.1E0);
#34=CIRCLE('',#33,3.1E0);
#39=CIRCLE('',#38,3.1E0);
#48=CIRCLE('',#47,3.1E0);
#74=EDGE_CURVE('',#55,#56,#4,.T.);
#76=EDGE_CURVE('',#58,#56,#34,.T.);
#78=EDGE_CURVE('',#58,#60,#8,.T.);
#80=EDGE_CURVE('',#55,#60,#39,.T.);
#90=EDGE_CURVE('',#63,#64,#20,.T.);
#92=EDGE_CURVE('',#63,#56,#12,.T.);
#95=EDGE_CURVE('',#64,#55,#52,.T.);
#105=EDGE_CURVE('',#67,#68,#16,.T.);
#107=EDGE_CURVE('',#63,#68,#29,.T.);
#110=EDGE_CURVE('',#67,#64,#48,.T.);
#121=EDGE_CURVE('',#58,#68,#24,.T.);
#124=EDGE_CURVE('',#60,#67,#43,.T.);
#153=CLOSED_SHELL('',(#84,#99,#114,#128,#140,#152));
#154=MANIFOLD_SOLID_BREP('',#153);
#155=(LENGTH_UNIT()NAMED_UNIT(*)SI_UNIT(.MILLI.,.METRE.));
#157=(NAMED_UNIT(*)PLANE_ANGLE_UNIT()SI_UNIT($,.RADIAN.));
#160=(NAMED_UNIT(*)SI_UNIT($,.STERADIAN.)SOLID_ANGLE_UNIT());
#166=AXIS2_PLACEMENT_3D('',#163,#164,#165);
#167=ADVANCED_BREP_SHAPE_REPRESENTATION('',(#166,#154),#162);
#174=PRODUCT_DEFINITION('design','',#173,#170);
#175=PRODUCT_DEFINITION_SHAPE('','SHAPE FOR PRT0003_1_STP_2_1.',#174);
#176=SHAPE_DEFINITION_REPRESENTATION(#175,#167);
#177=SHAPE_DEFINITION_REPRESENTATION(#178,#179);
#178=PRODUCT_DEFINITION_SHAPE('',
'SHAPE FOR _X2_59575A03_X0_4_X2_53F7_X0__A_ASM.',#12396);
#179=SHAPE_REPRESENTATION('',(#190,#185,#6086,#6081,#6293,#6288,#6306,#6301,
#6319,#6314,#12377,#12372,#12391),#12387);
#180=NEXT_ASSEMBLY_USAGE_OCCURRENCE('487','Next assembly relationship',
'PRT0003_1_STP',#12396,#174,$);
#181=PRODUCT_DEFINITION_SHAPE('Placement #487',
'Placement of PRT0003_1_STP_2_1 with respect to _X2_59575A03_X0_4_X2_53F7_X0__A_ASM',#180);
#190=AXIS2_PLACEMENT_3D('',#187,#188,#189);
#215=B_SPLINE_CURVE_WITH_KNOTS('',3,(#209,#210,#211,#212,#213,#214),
.UNSPECIFIED.,.F.,.F.,(4,1,1,4),(0.E0,3.333333333333E-1,6.666666666667E-1,1.E0),
.UNSPECIFIED.);
#241=B_SPLINE_CURVE_WITH_KNOTS('',3,(#236,#237,#238,#239,#240),.UNSPECIFIED.,
.F.,.F.,(4,1,4),(0.E0,9.851340434318E-1,1.E0),.UNSPECIFIED.);
#247=B_SPLINE_CURVE_WITH_KNOTS('',3,(#242,#243,#244,#245,#246),.UNSPECIFIED.,
.F.,.F.,(4,1,4),(0.E0,9.856936640131E-1,1.E0),.UNSPECIFIED.);
#256=CIRCLE('',#255,2.348809259816E-1);
#266=B_SPLINE_CURVE_WITH_KNOTS('',3,(#261,#262,#263,#264,#265),.UNSPECIFIED.,
.F.,.F.,(4,1,4),(0.E0,9.850999179884E-1,1.E0),.UNSPECIFIED.);
#271=B_SPLINE_CURVE_WITH_KNOTS('',3,(#267,#268,#269,#270),.UNSPECIFIED.,.F.,.F.,
(4,4),(0.E0,1.E0),.UNSPECIFIED.);
#276=CIRCLE('',#275,1.231732707231E0);
#281=CIRCLE('',#280,1.231740500118E0);
#286=CIRCLE('',#285,1.233136546891E0);
#292=B_SPLINE_CURVE_WITH_KNOTS('',3,(#287,#288,#289,#290,#291),.UNSPECIFIED.,
.F.,.F.,(4,1,4),(0.E0,9.846770052360E-1,1.E0),.UNSPECIFIED.);
#301=CIRCLE('',#300,2.349465195297E-1);
#311=B_SPLINE_CURVE_WITH_KNOTS('',3,(#306,#307,#308,#309,#310),.UNSPECIFIED.,
.F.,.F.,(4,1,4),(0.E0,9.851106640366E-1,1.E0),.UNSPECIFIED.);
#317=B_SPLINE_CURVE_WITH_KNOTS('',3,(#312,#313,#314,#315,#316),.UNSPECIFIED.,
.F.,.F.,(4,1,4),(0.E0,9.908196196073E-1,1.E0),.UNSPECIFIED.);
#326=CIRCLE('',#325,2.456222307372E-1);
#336=B_SPLINE_CURVE_WITH_KNOTS('',3,(#331,#332,#333,#334,#335),.UNSPECIFIED.,
.F.,.F.,(4,1,4),(0.E0,9.907770199013E-1,1.E0),.UNSPECIFIED.);
#342=B_SPLINE_CURVE_WITH_KNOTS('',3,(#337,#338,#339,#340,#341),.UNSPECIFIED.,
.F.,.F.,(4,1,4),(0.E0,9.900217890658E-1,1.E0),.UNSPECIFIED.);
#348=B_SPLINE_CURVE_WITH_KNOTS('',3,(#343,#344,#345,#346,#347),.UNSPECIFIED.,
.F.,.F.,(4,1,4),(0.E0,9.842603912625E-1,1.E0),.UNSPECIFIED.);
#354=B_SPLINE_CURVE_WITH_KNOTS('',3,(#349,#350,#351,#352,#353),.UNSPECIFIED.,
.F.,.F.,(4,1,4),(0.E0,9.857269588180E-1,1.E0),.UNSPECIFIED.);
#367=CIRCLE('',#366,2.448242326110E-1);
#377=B_SPLINE_CURVE_WITH_KNOTS('',3,(#372,#373,#374,#375,#376),.UNSPECIFIED.,
.F.,.F.,(4,1,4),(0.E0,5.000000000143E-1,1.E0),.UNSPECIFIED.);
#383=B_SPLINE_CURVE_WITH_KNOTS('',3,(#378,#379,#380,#381,#382),.UNSPECIFIED.,
.F.,.F.,(4,1,4),(0.E0,4.999999999638E-1,1.E0),.UNSPECIFIED.);
#418=B_SPLINE_CURVE_WITH_KNOTS('',3,(#412,#413,#414,#415,#416,#417),
.UNSPECIFIED.,.F.,.F.,(4,1,1,4),(0.E0,3.333333333333E-1,6.666666666667E-1,1.E0),
.UNSPECIFIED.);
#433=B_SPLINE_CURVE_WITH_KNOTS('',3,(#427,#428,#429,#430,#431,#432),
.UNSPECIFIED.,.F.,.F.,(4,1,1,4),(0.E0,3.333333333333E-1,6.666666666667E-1,1.E0),
.UNSPECIFIED.);
#440=B_SPLINE_CURVE_WITH_KNOTS('',3,(#434,#435,#436,#437,#438,#439),
.UNSPECIFIED.,.F.,.F.,(4,1,1,4),(0.E0,3.333333333333E-1,6.666666666667E-1,1.E0),
.UNSPECIFIED.);
#471=B_SPLINE_CURVE_WITH_KNOTS('',3,(#465,#466,#467,#468,#469,#470),
.UNSPECIFIED.,.F.,.F.,(4,1,1,4),(0.E0,3.333333333333E-1,6.666666666667E-1,1.E0),
.UNSPECIFIED.);
#490=B_SPLINE_CURVE_WITH_KNOTS('',3,(#484,#485,#486,#487,#488,#489),
.UNSPECIFIED.,.F.,.F.,(4,1,1,4),(0.E0,3.333333333333E-1,6.666666666667E-1,1.E0),
.UNSPECIFIED.);
#517=B_SPLINE_CURVE_WITH_KNOTS('',3,(#511,#512,#513,#514,#515,#516),
.UNSPECIFIED.,.F.,.F.,(4,1,1,4),(0.E0,3.333333333333E-1,6.666666666667E-1,1.E0),
.UNSPECIFIED.);
#548=B_SPLINE_CURVE_WITH_KNOTS('',3,(#542,#543,#544,#545,#546,#547),
.UNSPECIFIED.,.F.,.F.,(4,1,1,4),(0.E0,3.333333333333E-1,6.666666666667E-1,1.E0),
.UNSPECIFIED.);
#575=B_SPLINE_CURVE_WITH_KNOTS('',3,(#569,#570,#571,#572,#573,#574),
.UNSPECIFIED.,.F.,.F.,(4,1,1,4),(0.E0,3.333333333333E-1,6.666666666667E-1,1.E0),
.UNSPECIFIED.);
#592=CIRCLE('',#591,5.499999999993E0);
#601=CIRCLE('',#600,6.499999999997E0);
#610=CIRCLE('',#609,6.499999999997E0);
#619=CIRCLE('',#618,5.499999999993E0);
#645=B_SPLINE_CURVE_WITH_KNOTS('',3,(#640,#641,#642,#643,#644),.UNSPECIFIED.,
.F.,.F.,(4,1,4),(0.E0,5.247457921496E-3,1.E0),.UNSPECIFIED.);
#654=CIRCLE('',#653,2.448082701977E-1);
#664=B_SPLINE_CURVE_WITH_KNOTS('',3,(#659,#660,#661,#662,#663),.UNSPECIFIED.,
.F.,.F.,(4,1,4),(0.E0,5.213536572179E-3,1.E0),.UNSPECIFIED.);
#670=B_SPLINE_CURVE_WITH_KNOTS('',3,(#665,#666,#667,#668,#669),.UNSPECIFIED.,
.F.,.F.,(4,1,4),(0.E0,5.264594014945E-3,1.E0),.UNSPECIFIED.);
#676=B_SPLINE_CURVE_WITH_KNOTS('',3,(#671,#672,#673,#674,#675),.UNSPECIFIED.,
.F.,.F.,(4,1,4),(0.E0,1.041938389332E-2,1.E0),.UNSPECIFIED.);
#681=B_SPLINE_CURVE_WITH_KNOTS('',3,(#677,#678,#679,#680),.UNSPECIFIED.,.F.,.F.,
(4,4),(0.E0,1.E0),.UNSPECIFIED.);
#686=B_SPLINE_CURVE_WITH_KNOTS('',3,(#682,#683,#684,#685),.UNSPECIFIED.,.F.,.F.,
(4,4),(0.E0,1.E0),.UNSPECIFIED.);
#691=CIRCLE('',#690,1.282267178255E0);
#701=B_SPLINE_CURVE_WITH_KNOTS('',3,(#696,#697,#698,#699,#700),.UNSPECIFIED.,
.F.,.F.,(4,1,4),(0.E0,5.231908720987E-3,1.E0),.UNSPECIFIED.);
#707=B_SPLINE_CURVE_WITH_KNOTS('',3,(#702,#703,#704,#705,#706),.UNSPECIFIED.,
.F.,.F.,(4,1,4),(0.E0,5.275432785340E-3,1.E0),.UNSPECIFIED.);
#716=CIRCLE('',#715,2.451877662149E-1);
#725=CIRCLE('',#724,2.352257875171E-1);
#731=B_SPLINE_CURVE_WITH_KNOTS('',3,(#726,#727,#728,#729,#730),.UNSPECIFIED.,
.F.,.F.,(4,1,4),(0.E0,5.222150044651E-3,1.E0),.UNSPECIFIED.);
#737=B_SPLINE_CURVE_WITH_KNOTS('',3,(#732,#733,#734,#735,#736),.UNSPECIFIED.,
.F.,.F.,(4,1,4),(0.E0,8.679696198699E-3,1.E0),.UNSPECIFIED.);
#742=B_SPLINE_CURVE_WITH_KNOTS('',3,(#738,#739,#740,#741),.UNSPECIFIED.,.F.,.F.,
(4,4),(0.E0,1.E0),.UNSPECIFIED.);
#747=B_SPLINE_CURVE_WITH_KNOTS('',3,(#743,#744,#745,#746),.UNSPECIFIED.,.F.,.F.,
(4,4),(0.E0,1.E0),.UNSPECIFIED.);
#752=B_SPLINE_CURVE_WITH_KNOTS('',3,(#748,#749,#750,#751),.UNSPECIFIED.,.F.,.F.,
(4,4),(0.E0,1.E0),.UNSPECIFIED.);
#758=B_SPLINE_CURVE_WITH_KNOTS('',3,(#753,#754,#755,#756,#757),.UNSPECIFIED.,
.F.,.F.,(4,1,4),(0.E0,5.258847565593E-3,1.E0),.UNSPECIFIED.);
#773=B_SPLINE_CURVE_WITH_KNOTS('',3,(#767,#768,#769,#770,#771,#772),
.UNSPECIFIED.,.F.,.F.,(4,1,1,4),(0.E0,3.333333333333E-1,6.666666666667E-1,1.E0),
.UNSPECIFIED.);
#787=B_SPLINE_CURVE_WITH_KNOTS('',3,(#778,#779,#780,#781,#782,#783,#784,#785,
#786),.UNSPECIFIED.,.F.,.F.,(4,1,1,1,1,1,4),(0.E0,5.152608009637E-3,
9.756914066534E-1,9.954460459251E-1,9.986469309984E-1,9.986921605156E-1,1.E0),
.UNSPECIFIED.);
#792=B_SPLINE_CURVE_WITH_KNOTS('',3,(#788,#789,#790,#791),.UNSPECIFIED.,.F.,.F.,
(4,4),(0.E0,1.E0),.UNSPECIFIED.);
#798=B_SPLINE_CURVE_WITH_KNOTS('',3,(#793,#794,#795,#796,#797),.UNSPECIFIED.,
.F.,.F.,(4,1,4),(0.E0,3.526557112694E-3,1.E0),.UNSPECIFIED.);
#804=B_SPLINE_CURVE_WITH_KNOTS('',3,(#799,#800,#801,#802,#803),.UNSPECIFIED.,
.F.,.F.,(4,1,4),(0.E0,5.202009129476E-3,1.E0),.UNSPECIFIED.);
#811=B_SPLINE_CURVE_WITH_KNOTS('',3,(#805,#806,#807,#808,#809,#810),
.UNSPECIFIED.,.F.,.F.,(4,1,1,4),(0.E0,3.333333333333E-1,6.666666666667E-1,1.E0),
.UNSPECIFIED.);
#817=B_SPLINE_CURVE_WITH_KNOTS('',3,(#812,#813,#814,#815,#816),.UNSPECIFIED.,
.F.,.F.,(4,1,4),(0.E0,5.216648462477E-3,1.E0),.UNSPECIFIED.);
#823=B_SPLINE_CURVE_WITH_KNOTS('',3,(#818,#819,#820,#821,#822),.UNSPECIFIED.,
.F.,.F.,(4,1,4),(0.E0,5.248607321200E-3,1.E0),.UNSPECIFIED.);
#828=CIRCLE('',#827,2.349465195297E-1);
#834=B_SPLINE_CURVE_WITH_KNOTS('',3,(#829,#830,#831,#832,#833),.UNSPECIFIED.,
.F.,.F.,(4,1,4),(0.E0,4.730896348158E-3,1.E0),.UNSPECIFIED.);
#839=CIRCLE('',#838,1.233136546891E0);
#844=CIRCLE('',#843,1.231740500118E0);
#849=CIRCLE('',#848,1.231732707231E0);
#854=B_SPLINE_CURVE_WITH_KNOTS('',3,(#850,#851,#852,#853),.UNSPECIFIED.,.F.,.F.,
(4,4),(0.E0,1.E0),.UNSPECIFIED.);
#860=B_SPLINE_CURVE_WITH_KNOTS('',3,(#855,#856,#857,#858,#859),.UNSPECIFIED.,
.F.,.F.,(4,1,4),(0.E0,5.249201481634E-3,1.E0),.UNSPECIFIED.);
#865=CIRCLE('',#864,2.348809259816E-1);
#875=B_SPLINE_CURVE_WITH_KNOTS('',3,(#870,#871,#872,#873,#874),.UNSPECIFIED.,
.F.,.F.,(4,1,4),(0.E0,4.768016168663E-3,1.E0),.UNSPECIFIED.);
#892=CIRCLE('',#891,2.02E0);
#897=CIRCLE('',#896,2.02E0);
#911=B_SPLINE_CURVE_WITH_KNOTS('',3,(#898,#899,#900,#901,#902,#903,#904,#905,
#906,#907,#908,#909,#910),.UNSPECIFIED.,.F.,.F.,(4,1,1,1,1,1,1,1,1,1,4),(0.E0,
1.000000068945E-1,2.000000083373E-1,3.000000097801E-1,4.000000112230E-1,
5.000000126658E-1,6.000000141086E-1,7.000000155514E-1,8.000000169943E-1,
9.000000184371E-1,1.E0),.UNSPECIFIED.);
#916=CIRCLE('',#915,6.E0);
#925=CIRCLE('',#924,6.E0);
#934=CIRCLE('',#933,6.E0);
#943=CIRCLE('',#942,6.E0);
#956=CIRCLE('',#955,1.6E0);
#961=CIRCLE('',#960,1.6E0);
#966=CIRCLE('',#965,1.6E0);
#971=CIRCLE('',#970,1.6E0);
#986=B_SPLINE_CURVE_WITH_KNOTS('',3,(#980,#981,#982,#983,#984,#985),
.UNSPECIFIED.,.F.,.F.,(4,1,1,4),(0.E0,3.333333333333E-1,6.666666666667E-1,1.E0),
.UNSPECIFIED.);
#993=B_SPLINE_CURVE_WITH_KNOTS('',3,(#987,#988,#989,#990,#991,#992),
.UNSPECIFIED.,.F.,.F.,(4,1,1,4),(0.E0,3.333333333333E-1,6.666666666667E-1,1.E0),
.UNSPECIFIED.);
#1014=B_SPLINE_CURVE_WITH_KNOTS('',3,(#1010,#1011,#1012,#1013),.UNSPECIFIED.,
.F.,.F.,(4,4),(0.E0,1.E0),.UNSPECIFIED.);
#1028=B_SPLINE_CURVE_WITH_KNOTS('',3,(#1015,#1016,#1017,#1018,#1019,#1020,#1021,
#1022,#1023,#1024,#1025,#1026,#1027),.UNSPECIFIED.,.F.,.F.,(4,1,1,1,1,1,1,1,1,1,
4),(0.E0,6.965640031870E-2,1.730281671298E-1,2.763999339409E-1,
3.797717007520E-1,4.831434675632E-1,5.865152343742E-1,6.898870011854E-1,
7.932587679965E-1,8.966305348076E-1,1.E0),.UNSPECIFIED.);
#1038=B_SPLINE_CURVE_WITH_KNOTS('',3,(#1029,#1030,#1031,#1032,#1033,#1034,#1035,
#1036,#1037),.UNSPECIFIED.,.F.,.F.,(4,1,1,1,1,1,4),(0.E0,1.666666666667E-1,
3.333333333333E-1,5.E-1,6.666666666667E-1,8.333333333333E-1,1.E0),
.UNSPECIFIED.);
#1048=B_SPLINE_CURVE_WITH_KNOTS('',3,(#1039,#1040,#1041,#1042,#1043,#1044,#1045,
#1046,#1047),.UNSPECIFIED.,.F.,.F.,(4,1,1,1,1,1,4),(0.E0,1.666666666667E-1,
3.333333333333E-1,5.E-1,6.666666666667E-1,8.333333333333E-1,1.E0),
.UNSPECIFIED.);
#1055=B_SPLINE_CURVE_WITH_KNOTS('',3,(#1049,#1050,#1051,#1052,#1053,#1054),
.UNSPECIFIED.,.F.,.F.,(4,1,1,4),(0.E0,3.333333333333E-1,6.666666666667E-1,1.E0),
.UNSPECIFIED.);
#1064=CIRCLE('',#1063,6.749999999995E0);
#1069=CIRCLE('',#1068,6.75E0);
#1086=CIRCLE('',#1085,6.75E0);
#1091=CIRCLE('',#1090,6.749999999995E0);
#1106=B_SPLINE_CURVE_WITH_KNOTS('',3,(#1100,#1101,#1102,#1103,#1104,#1105),
.UNSPECIFIED.,.F.,.F.,(4,1,1,4),(0.E0,3.333333333333E-1,6.666666666667E-1,1.E0),
.UNSPECIFIED.);
#1113=B_SPLINE_CURVE_WITH_KNOTS('',3,(#1107,#1108,#1109,#1110,#1111,#1112),
.UNSPECIFIED.,.F.,.F.,(4,1,1,4),(0.E0,3.333333333333E-1,6.666666666667E-1,1.E0),
.UNSPECIFIED.);
#1123=B_SPLINE_CURVE_WITH_KNOTS('',3,(#1114,#1115,#1116,#1117,#1118,#1119,#1120,
#1121,#1122),.UNSPECIFIED.,.F.,.F.,(4,1,1,1,1,1,4),(0.E0,1.666666666667E-1,
3.333333333333E-1,5.E-1,6.666666666667E-1,8.333333333333E-1,1.E0),
.UNSPECIFIED.);
#1133=B_SPLINE_CURVE_WITH_KNOTS('',3,(#1124,#1125,#1126,#1127,#1128,#1129,#1130,
#1131,#1132),.UNSPECIFIED.,.F.,.F.,(4,1,1,1,1,1,4),(0.E0,1.666666666667E-1,
3.333333333333E-1,5.E-1,6.666666666667E-1,8.333333333333E-1,1.E0),
.UNSPECIFIED.);
#1155=B_SPLINE_CURVE_WITH_KNOTS('',3,(#1138,#1139,#1140,#1141,#1142,#1143,#1144,
#1145,#1146,#1147,#1148,#1149,#1150,#1151,#1152,#1153,#1154),.UNSPECIFIED.,.F.,
.F.,(4,1,1,1,1,1,1,1,1,1,1,1,1,1,4),(0.E0,7.142857142857E-2,1.428571428571E-1,
2.142857142857E-1,2.857142857143E-1,3.571428571429E-1,4.285714285714E-1,5.E-1,
5.714285714286E-1,6.428571428571E-1,7.142857142857E-1,7.857142857143E-1,
8.571428571429E-1,9.285714285714E-1,1.E0),.UNSPECIFIED.);
#1173=B_SPLINE_CURVE_WITH_KNOTS('',3,(#1160,#1161,#1162,#1163,#1164,#1165,#1166,
#1167,#1168,#1169,#1170,#1171,#1172),.UNSPECIFIED.,.F.,.F.,(4,1,1,1,1,1,1,1,1,1,
4),(0.E0,1.E-1,2.E-1,3.E-1,4.E-1,5.E-1,6.E-1,7.E-1,8.E-1,9.E-1,1.E0),
.UNSPECIFIED.);
#1182=CIRCLE('',#1181,2.02E0);
#1187=CIRCLE('',#1186,2.02E0);
#1256=CIRCLE('',#1255,3.25E0);
#1261=CIRCLE('',#1260,3.25E0);
#1266=CIRCLE('',#1265,3.25E0);
#1271=CIRCLE('',#1270,3.25E0);
#1276=CIRCLE('',#1275,3.25E0);
#1285=CIRCLE('',#1284,3.25E0);
#1304=B_SPLINE_CURVE_WITH_KNOTS('',3,(#1298,#1299,#1300,#1301,#1302,#1303),
.UNSPECIFIED.,.F.,.F.,(4,1,1,4),(0.E0,3.333333333333E-1,6.666666666667E-1,1.E0),
.UNSPECIFIED.);
#1315=B_SPLINE_CURVE_WITH_KNOTS('',3,(#1309,#1310,#1311,#1312,#1313,#1314),
.UNSPECIFIED.,.F.,.F.,(4,1,1,4),(0.E0,3.333333333333E-1,6.666666666667E-1,1.E0),
.UNSPECIFIED.);
#1326=B_SPLINE_CURVE_WITH_KNOTS('',3,(#1320,#1321,#1322,#1323,#1324,#1325),
.UNSPECIFIED.,.F.,.F.,(4,1,1,4),(0.E0,3.333333333333E-1,6.666666666667E-1,1.E0),
.UNSPECIFIED.);
#1337=B_SPLINE_CURVE_WITH_KNOTS('',3,(#1331,#1332,#1333,#1334,#1335,#1336),
.UNSPECIFIED.,.F.,.F.,(4,1,1,4),(0.E0,3.333333333333E-1,6.666666666667E-1,1.E0),
.UNSPECIFIED.);
#1352=B_SPLINE_CURVE_WITH_KNOTS('',3,(#1346,#1347,#1348,#1349,#1350,#1351),
.UNSPECIFIED.,.F.,.F.,(4,1,1,4),(0.E0,3.333333333333E-1,6.666666666667E-1,1.E0),
.UNSPECIFIED.);
#1363=B_SPLINE_CURVE_WITH_KNOTS('',3,(#1357,#1358,#1359,#1360,#1361,#1362),
.UNSPECIFIED.,.F.,.F.,(4,1,1,4),(0.E0,3.333333333333E-1,6.666666666667E-1,1.E0),
.UNSPECIFIED.);
#1375=B_SPLINE_CURVE_WITH_KNOTS('',3,(#1364,#1365,#1366,#1367,#1368,#1369,#1370,
#1371,#1372,#1373,#1374),.UNSPECIFIED.,.F.,.F.,(4,1,1,1,1,1,1,1,4),(0.E0,
1.25E-1,2.5E-1,3.75E-1,5.E-1,6.25E-1,7.5E-1,8.75E-1,1.E0),.UNSPECIFIED.);
#1387=B_SPLINE_CURVE_WITH_KNOTS('',3,(#1376,#1377,#1378,#1379,#1380,#1381,#1382,
#1383,#1384,#1385,#1386),.UNSPECIFIED.,.F.,.F.,(4,1,1,1,1,1,1,1,4),(0.E0,
1.25E-1,2.5E-1,3.75E-1,5.E-1,6.25E-1,7.5E-1,8.75E-1,1.E0),.UNSPECIFIED.);
#1400=CIRCLE('',#1399,6.249999999996E0);
#1405=CIRCLE('',#1404,6.249999999995E0);
#1414=CIRCLE('',#1413,6.249999999995E0);
#1419=CIRCLE('',#1418,6.249999999996E0);
#1460=CIRCLE('',#1459,3.25E0);
#1465=CIRCLE('',#1464,3.25E0);
#1481=B_SPLINE_CURVE_WITH_KNOTS('',3,(#1470,#1471,#1472,#1473,#1474,#1475,#1476,
#1477,#1478,#1479,#1480),.UNSPECIFIED.,.F.,.F.,(4,1,1,1,1,1,1,1,4),(0.E0,
1.25E-1,2.5E-1,3.75E-1,5.E-1,6.25E-1,7.5E-1,8.75E-1,1.E0),.UNSPECIFIED.);
#1505=B_SPLINE_CURVE_WITH_KNOTS('',3,(#1494,#1495,#1496,#1497,#1498,#1499,#1500,
#1501,#1502,#1503,#1504),.UNSPECIFIED.,.F.,.F.,(4,1,1,1,1,1,1,1,4),(0.E0,
1.25E-1,2.5E-1,3.75E-1,5.E-1,6.25E-1,7.5E-1,8.75E-1,1.E0),.UNSPECIFIED.);
#1518=CIRCLE('',#1517,3.25E0);
#1527=CIRCLE('',#1526,3.25E0);
#1552=CIRCLE('',#1551,3.25E0);
#1557=CIRCLE('',#1556,3.25E0);
#1566=CIRCLE('',#1565,3.25E0);
#1573=B_SPLINE_CURVE_WITH_KNOTS('',3,(#1567,#1568,#1569,#1570,#1571,#1572),
.UNSPECIFIED.,.F.,.F.,(4,1,1,4),(0.E0,3.333333333333E-1,6.666666666667E-1,1.E0),
.UNSPECIFIED.);
#1586=B_SPLINE_CURVE_WITH_KNOTS('',3,(#1574,#1575,#1576,#1577,#1578,#1579,#1580,
#1581,#1582,#1583,#1584,#1585),.UNSPECIFIED.,.F.,.F.,(4,1,1,1,1,1,1,1,1,4),
(0.E0,1.111111111111E-1,2.222222222222E-1,3.333333333333E-1,4.444444444444E-1,
5.555555555556E-1,6.666666666667E-1,7.777777777778E-1,8.888888888889E-1,1.E0),
.UNSPECIFIED.);
#1593=B_SPLINE_CURVE_WITH_KNOTS('',3,(#1587,#1588,#1589,#1590,#1591,#1592),
.UNSPECIFIED.,.F.,.F.,(4,1,1,4),(0.E0,3.333333333333E-1,6.666666666667E-1,1.E0),
.UNSPECIFIED.);
#1610=CIRCLE('',#1609,2.75E0);
#1615=CIRCLE('',#1614,1.6E0);
#1620=CIRCLE('',#1619,1.6E0);
#1629=CIRCLE('',#1628,2.75E0);
#1650=CIRCLE('',#1649,2.749999999999E0);
#1655=CIRCLE('',#1654,1.6E0);
#1662=B_SPLINE_CURVE_WITH_KNOTS('',3,(#1656,#1657,#1658,#1659,#1660,#1661),
.UNSPECIFIED.,.F.,.F.,(4,1,1,4),(0.E0,3.333333333333E-1,6.666666666667E-1,1.E0),
.UNSPECIFIED.);
#1677=B_SPLINE_CURVE_WITH_KNOTS('',3,(#1671,#1672,#1673,#1674,#1675,#1676),
.UNSPECIFIED.,.F.,.F.,(4,1,1,4),(0.E0,3.333333333333E-1,6.666666666667E-1,1.E0),
.UNSPECIFIED.);
#1690=CIRCLE('',#1689,3.25E0);
#1695=CIRCLE('',#1694,3.25E0);
#1700=CIRCLE('',#1699,3.25E0);
#1707=B_SPLINE_CURVE_WITH_KNOTS('',3,(#1701,#1702,#1703,#1704,#1705,#1706),
.UNSPECIFIED.,.F.,.F.,(4,1,1,4),(0.E0,3.333333333333E-1,6.666666666667E-1,1.E0),
.UNSPECIFIED.);
#1720=B_SPLINE_CURVE_WITH_KNOTS('',3,(#1708,#1709,#1710,#1711,#1712,#1713,#1714,
#1715,#1716,#1717,#1718,#1719),.UNSPECIFIED.,.F.,.F.,(4,1,1,1,1,1,1,1,1,4),
(0.E0,1.111111111111E-1,2.222222222222E-1,3.333333333333E-1,4.444444444444E-1,
5.555555555556E-1,6.666666666667E-1,7.777777777778E-1,8.888888888889E-1,1.E0),
.UNSPECIFIED.);
#1727=B_SPLINE_CURVE_WITH_KNOTS('',3,(#1721,#1722,#1723,#1724,#1725,#1726),
.UNSPECIFIED.,.F.,.F.,(4,1,1,4),(0.E0,3.333333333333E-1,6.666666666667E-1,1.E0),
.UNSPECIFIED.);
#1748=CIRCLE('',#1747,2.749999999999E0);
#1755=B_SPLINE_CURVE_WITH_KNOTS('',3,(#1749,#1750,#1751,#1752,#1753,#1754),
.UNSPECIFIED.,.F.,.F.,(4,1,1,4),(0.E0,3.333333333333E-1,6.666666666667E-1,1.E0),
.UNSPECIFIED.);
#1760=CIRCLE('',#1759,1.6E0);
#1777=CIRCLE('',#1776,2.749999999999E0);
#1782=CIRCLE('',#1781,1.6E0);
#1787=CIRCLE('',#1786,1.6E0);
#1798=B_SPLINE_CURVE_WITH_KNOTS('',3,(#1792,#1793,#1794,#1795,#1796,#1797),
.UNSPECIFIED.,.F.,.F.,(4,1,1,4),(0.E0,3.333333333333E-1,6.666666666667E-1,1.E0),
.UNSPECIFIED.);
#1803=CIRCLE('',#1802,2.749999999999E0);
#1832=CIRCLE('',#1831,5.999999999996E0);
#1853=CIRCLE('',#1852,6.E0);
#1862=CIRCLE('',#1861,6.E0);
#1867=CIRCLE('',#1866,6.E0);
#1876=CIRCLE('',#1875,6.E0);
#1889=CIRCLE('',#1888,2.02E0);
#1894=CIRCLE('',#1893,2.02E0);
#1899=CIRCLE('',#1898,2.02E0);
#1904=CIRCLE('',#1903,2.02E0);
#1921=CIRCLE('',#1920,6.000000000002E0);
#1958=CIRCLE('',#1957,6.000000000002E0);
#1987=CIRCLE('',#1986,5.999999999996E0);
#2002=B_SPLINE_CURVE_WITH_KNOTS('',3,(#1996,#1997,#1998,#1999,#2000,#2001),
.UNSPECIFIED.,.F.,.F.,(4,1,1,4),(0.E0,3.333333333333E-1,6.666666666667E-1,1.E0),
.UNSPECIFIED.);
#2009=B_SPLINE_CURVE_WITH_KNOTS('',3,(#2003,#2004,#2005,#2006,#2007,#2008),
.UNSPECIFIED.,.F.,.F.,(4,1,1,4),(0.E0,3.333333333333E-1,6.666666666667E-1,1.E0),
.UNSPECIFIED.);
#2024=B_SPLINE_CURVE_WITH_KNOTS('',3,(#2018,#2019,#2020,#2021,#2022,#2023),
.UNSPECIFIED.,.F.,.F.,(4,1,1,4),(0.E0,3.333333333333E-1,6.666666666667E-1,1.E0),
.UNSPECIFIED.);
#2039=B_SPLINE_CURVE_WITH_KNOTS('',3,(#2033,#2034,#2035,#2036,#2037,#2038),
.UNSPECIFIED.,.F.,.F.,(4,1,1,4),(0.E0,3.333333333333E-1,6.666666666667E-1,1.E0),
.UNSPECIFIED.);
#2046=B_SPLINE_CURVE_WITH_KNOTS('',3,(#2040,#2041,#2042,#2043,#2044,#2045),
.UNSPECIFIED.,.F.,.F.,(4,1,1,4),(0.E0,3.333333333333E-1,6.666666666667E-1,1.E0),
.UNSPECIFIED.);
#2081=B_SPLINE_CURVE_WITH_KNOTS('',3,(#2075,#2076,#2077,#2078,#2079,#2080),
.UNSPECIFIED.,.F.,.F.,(4,1,1,4),(0.E0,3.333333333333E-1,6.666666666667E-1,1.E0),
.UNSPECIFIED.);
#2099=B_SPLINE_CURVE_WITH_KNOTS('',3,(#2094,#2095,#2096,#2097,#2098),
.UNSPECIFIED.,.F.,.F.,(4,1,4),(0.E0,9.851276635513E-1,1.E0),.UNSPECIFIED.);
#2105=B_SPLINE_CURVE_WITH_KNOTS('',3,(#2100,#2101,#2102,#2103,#2104),
.UNSPECIFIED.,.F.,.F.,(4,1,4),(0.E0,9.887689648277E-1,1.E0),.UNSPECIFIED.);
#2114=CIRCLE('',#2113,1.282267178255E0);
#2119=B_SPLINE_CURVE_WITH_KNOTS('',3,(#2115,#2116,#2117,#2118),.UNSPECIFIED.,
.F.,.F.,(4,4),(0.E0,1.E0),.UNSPECIFIED.);
#2124=B_SPLINE_CURVE_WITH_KNOTS('',3,(#2120,#2121,#2122,#2123),.UNSPECIFIED.,
.F.,.F.,(4,4),(0.E0,1.E0),.UNSPECIFIED.);
#2130=B_SPLINE_CURVE_WITH_KNOTS('',3,(#2125,#2126,#2127,#2128,#2129),
.UNSPECIFIED.,.F.,.F.,(4,1,4),(0.E0,9.899982136839E-1,1.E0),.UNSPECIFIED.);
#2140=B_SPLINE_CURVE_WITH_KNOTS('',3,(#2135,#2136,#2137,#2138,#2139),
.UNSPECIFIED.,.F.,.F.,(4,1,4),(0.E0,9.850704043322E-1,1.E0),.UNSPECIFIED.);
#2146=B_SPLINE_CURVE_WITH_KNOTS('',3,(#2141,#2142,#2143,#2144,#2145),
.UNSPECIFIED.,.F.,.F.,(4,1,4),(0.E0,9.890317515518E-1,1.E0),.UNSPECIFIED.);
#2155=CIRCLE('',#2154,2.448082701977E-1);
#2161=B_SPLINE_CURVE_WITH_KNOTS('',3,(#2156,#2157,#2158,#2159,#2160),
.UNSPECIFIED.,.F.,.F.,(4,1,4),(0.E0,4.999999999846E-1,1.E0),.UNSPECIFIED.);
#2167=B_SPLINE_CURVE_WITH_KNOTS('',3,(#2162,#2163,#2164,#2165,#2166),
.UNSPECIFIED.,.F.,.F.,(4,1,4),(0.E0,5.000000000103E-1,1.E0),.UNSPECIFIED.);
#2181=B_SPLINE_CURVE_WITH_KNOTS('',3,(#2176,#2177,#2178,#2179,#2180),
.UNSPECIFIED.,.F.,.F.,(4,1,4),(0.E0,4.999999999897E-1,1.E0),.UNSPECIFIED.);
#2187=B_SPLINE_CURVE_WITH_KNOTS('',3,(#2182,#2183,#2184,#2185,#2186),
.UNSPECIFIED.,.F.,.F.,(4,1,4),(0.E0,5.000000000154E-1,1.E0),.UNSPECIFIED.);
#2210=B_SPLINE_CURVE_WITH_KNOTS('',3,(#2204,#2205,#2206,#2207,#2208,#2209),
.UNSPECIFIED.,.F.,.F.,(4,1,1,4),(0.E0,3.333333333333E-1,6.666666666667E-1,1.E0),
.UNSPECIFIED.);
#2229=B_SPLINE_CURVE_WITH_KNOTS('',3,(#2223,#2224,#2225,#2226,#2227,#2228),
.UNSPECIFIED.,.F.,.F.,(4,1,1,4),(0.E0,3.333333333333E-1,6.666666666667E-1,1.E0),
.UNSPECIFIED.);
#2256=B_SPLINE_CURVE_WITH_KNOTS('',3,(#2250,#2251,#2252,#2253,#2254,#2255),
.UNSPECIFIED.,.F.,.F.,(4,1,1,4),(0.E0,3.333333333333E-1,6.666666666667E-1,1.E0),
.UNSPECIFIED.);
#2290=B_SPLINE_CURVE_WITH_KNOTS('',3,(#2285,#2286,#2287,#2288,#2289),
.UNSPECIFIED.,.F.,.F.,(4,1,4),(0.E0,9.851458508596E-1,1.E0),.UNSPECIFIED.);
#2295=B_SPLINE_CURVE_WITH_KNOTS('',3,(#2291,#2292,#2293,#2294),.UNSPECIFIED.,
.F.,.F.,(4,4),(0.E0,1.E0),.UNSPECIFIED.);
#2300=B_SPLINE_CURVE_WITH_KNOTS('',3,(#2296,#2297,#2298,#2299),.UNSPECIFIED.,
.F.,.F.,(4,4),(0.E0,1.E0),.UNSPECIFIED.);
#2305=B_SPLINE_CURVE_WITH_KNOTS('',3,(#2301,#2302,#2303,#2304),.UNSPECIFIED.,
.F.,.F.,(4,4),(0.E0,1.E0),.UNSPECIFIED.);
#2311=B_SPLINE_CURVE_WITH_KNOTS('',3,(#2306,#2307,#2308,#2309,#2310),
.UNSPECIFIED.,.F.,.F.,(4,1,4),(0.E0,9.899974559072E-1,1.E0),.UNSPECIFIED.);
#2317=B_SPLINE_CURVE_WITH_KNOTS('',3,(#2312,#2313,#2314,#2315,#2316),
.UNSPECIFIED.,.F.,.F.,(4,1,4),(0.E0,9.888463413748E-1,1.E0),.UNSPECIFIED.);
#2326=CIRCLE('',#2325,2.352257875171E-1);
#2335=CIRCLE('',#2334,2.451877662149E-1);
#2341=B_SPLINE_CURVE_WITH_KNOTS('',3,(#2336,#2337,#2338,#2339,#2340),
.UNSPECIFIED.,.F.,.F.,(4,1,4),(0.E0,5.000000000226E-1,1.E0),.UNSPECIFIED.);
#2347=B_SPLINE_CURVE_WITH_KNOTS('',3,(#2342,#2343,#2344,#2345,#2346),
.UNSPECIFIED.,.F.,.F.,(4,1,4),(0.E0,4.999999999605E-1,1.E0),.UNSPECIFIED.);
#2361=B_SPLINE_CURVE_WITH_KNOTS('',3,(#2356,#2357,#2358,#2359,#2360),
.UNSPECIFIED.,.F.,.F.,(4,1,4),(0.E0,5.000000000395E-1,1.E0),.UNSPECIFIED.);
#2367=B_SPLINE_CURVE_WITH_KNOTS('',3,(#2362,#2363,#2364,#2365,#2366),
.UNSPECIFIED.,.F.,.F.,(4,1,4),(0.E0,4.999999999774E-1,1.E0),.UNSPECIFIED.);
#2374=B_SPLINE_CURVE_WITH_KNOTS('',3,(#2368,#2369,#2370,#2371,#2372,#2373),
.UNSPECIFIED.,.F.,.F.,(4,1,1,4),(0.E0,3.333333333333E-1,6.666666666667E-1,1.E0),
.UNSPECIFIED.);
#2393=B_SPLINE_CURVE_WITH_KNOTS('',3,(#2387,#2388,#2389,#2390,#2391,#2392),
.UNSPECIFIED.,.F.,.F.,(4,1,1,4),(0.E0,3.333333333333E-1,6.666666666667E-1,1.E0),
.UNSPECIFIED.);
#2407=B_SPLINE_CURVE_WITH_KNOTS('',3,(#2402,#2403,#2404,#2405,#2406),
.UNSPECIFIED.,.F.,.F.,(4,1,4),(0.E0,5.000000000362E-1,1.E0),.UNSPECIFIED.);
#2413=B_SPLINE_CURVE_WITH_KNOTS('',3,(#2408,#2409,#2410,#2411,#2412),
.UNSPECIFIED.,.F.,.F.,(4,1,4),(0.E0,4.999999999857E-1,1.E0),.UNSPECIFIED.);
#2917=B_SPLINE_CURVE_WITH_KNOTS('',3,(#2911,#2912,#2913,#2914,#2915,#2916),
.UNSPECIFIED.,.F.,.F.,(4,1,1,4),(0.E0,1.224617608918E-1,8.654144033280E-1,1.E0),
.UNSPECIFIED.);
#2921=EDGE_CURVE('',#2416,#2417,#196,.T.);
#2923=EDGE_CURVE('',#2418,#2417,#854,.T.);
#2925=EDGE_CURVE('',#2418,#2420,#200,.T.);
#2927=EDGE_CURVE('',#2416,#2420,#271,.T.);
#2937=EDGE_CURVE('',#2421,#2422,#215,.T.);
#2939=EDGE_CURVE('',#2421,#2417,#204,.T.);
#2942=EDGE_CURVE('',#2416,#2422,#208,.T.);
#2954=B_SPLINE_CURVE_WITH_KNOTS('',3,(#2947,#2948,#2949,#2950,#2951,#2952,
#2953),.UNSPECIFIED.,.F.,.F.,(4,1,1,1,4),(0.E0,1.923076916385E-2,
3.355777110288E-2,9.807692310225E-1,1.E0),.UNSPECIFIED.);
#2958=EDGE_CURVE('',#2425,#2426,#223,.T.);
#2960=EDGE_CURVE('',#2421,#2425,#860,.T.);
#2963=EDGE_CURVE('',#2426,#2422,#266,.T.);
#2973=EDGE_CURVE('',#2429,#2430,#231,.T.);
#2975=EDGE_CURVE('',#2429,#2425,#219,.T.);
#2978=EDGE_CURVE('',#2430,#2426,#260,.T.);
#2988=EDGE_CURVE('',#2432,#2430,#256,.T.);
#2990=EDGE_CURVE('',#2432,#2434,#227,.T.);
#2992=EDGE_CURVE('',#2429,#2434,#865,.T.);
#3003=EDGE_CURVE('',#2437,#2438,#235,.T.);
#3005=EDGE_CURVE('',#2438,#2439,#241,.T.);
#3007=EDGE_CURVE('',#2441,#2439,#2382,.T.);
#3009=EDGE_CURVE('',#2441,#2442,#247,.T.);
#3011=EDGE_CURVE('',#2442,#2432,#251,.T.);
#3018=EDGE_CURVE('',#2420,#2444,#276,.T.);
#3020=EDGE_CURVE('',#2444,#2446,#281,.T.);
#3022=EDGE_CURVE('',#2446,#2448,#286,.T.);
#3024=EDGE_CURVE('',#2450,#2448,#568,.T.);
#3026=EDGE_CURVE('',#2450,#2451,#292,.T.);
#3028=EDGE_CURVE('',#2451,#2453,#296,.T.);
#3030=EDGE_CURVE('',#2453,#2455,#301,.T.);
#3032=EDGE_CURVE('',#2457,#2455,#541,.T.);
#3034=EDGE_CURVE('',#2457,#2459,#305,.T.);
#3036=EDGE_CURVE('',#2459,#2460,#311,.T.);
#3038=EDGE_CURVE('',#2462,#2460,#510,.T.);
#3040=EDGE_CURVE('',#2462,#2463,#317,.T.);
#3042=EDGE_CURVE('',#2463,#2465,#321,.T.);
#3044=EDGE_CURVE('',#2465,#2467,#326,.T.);
#3046=EDGE_CURVE('',#2467,#2469,#330,.T.);
#3048=EDGE_CURVE('',#2469,#2470,#336,.T.);
#3050=EDGE_CURVE('',#2472,#2470,#464,.T.);
#3052=EDGE_CURVE('',#2472,#2473,#342,.T.);
#3054=EDGE_CURVE('',#2475,#2473,#452,.T.);
#3056=EDGE_CURVE('',#2475,#2476,#348,.T.);
#3058=EDGE_CURVE('',#2478,#2476,#426,.T.);
#3060=EDGE_CURVE('',#2478,#2479,#354,.T.);
#3062=EDGE_CURVE('',#2479,#2481,#358,.T.);
#3064=EDGE_CURVE('',#2481,#2483,#362,.T.);
#3066=EDGE_CURVE('',#2483,#2485,#367,.T.);
#3068=EDGE_CURVE('',#2485,#2437,#371,.T.);
#3072=EDGE_CURVE('',#2486,#2487,#377,.T.);
#3074=EDGE_CURVE('',#2487,#2486,#383,.T.);
#3084=EDGE_CURVE('',#2489,#2437,#391,.T.);
#3086=EDGE_CURVE('',#2491,#2489,#762,.T.);
#3088=EDGE_CURVE('',#2491,#2438,#387,.T.);
#3099=EDGE_CURVE('',#2493,#2485,#395,.T.);
#3101=EDGE_CURVE('',#2489,#2493,#766,.T.);
#3114=EDGE_CURVE('',#2495,#2483,#399,.T.);
#3116=EDGE_CURVE('',#2493,#2495,#773,.T.);
#3127=EDGE_CURVE('',#2497,#2481,#407,.T.);
#3129=EDGE_CURVE('',#2495,#2497,#777,.T.);
#3141=EDGE_CURVE('',#2498,#2479,#418,.T.);
#3143=EDGE_CURVE('',#2498,#2497,#403,.T.);
#3161=B_SPLINE_CURVE_WITH_KNOTS('',3,(#3150,#3151,#3152,#3153,#3154,#3155,#3156,
#3157,#3158,#3159,#3160),.UNSPECIFIED.,.F.,.F.,(4,1,1,1,1,1,1,1,4),(0.E0,
1.923076919124E-2,3.262494141494E-2,9.576018041374E-1,9.764290620310E-1,
9.794796815808E-1,9.795227877987E-1,9.807692307703E-1,1.E0),.UNSPECIFIED.);
#3165=EDGE_CURVE('',#2478,#2500,#411,.T.);
#3167=EDGE_CURVE('',#2498,#2500,#787,.T.);
#3179=EDGE_CURVE('',#2501,#2476,#433,.T.);
#3181=EDGE_CURVE('',#2501,#2500,#422,.T.);
#3195=B_SPLINE_CURVE_WITH_KNOTS('',3,(#3188,#3189,#3190,#3191,#3192,#3193,
#3194),.UNSPECIFIED.,.F.,.F.,(4,1,1,1,4),(0.E0,1.923076927609E-2,
3.436500844735E-2,9.807692308542E-1,1.E0),.UNSPECIFIED.);
#3199=EDGE_CURVE('',#2503,#2475,#448,.T.);
#3201=EDGE_CURVE('',#2501,#2503,#792,.T.);
#3213=EDGE_CURVE('',#2473,#2504,#440,.T.);
#3215=EDGE_CURVE('',#2504,#2503,#444,.T.);
#3229=B_SPLINE_CURVE_WITH_KNOTS('',3,(#3222,#3223,#3224,#3225,#3226,#3227,
#3228),.UNSPECIFIED.,.F.,.F.,(4,1,1,1,4),(0.E0,1.922871876560E-2,
2.882520282137E-2,9.807692307728E-1,1.E0),.UNSPECIFIED.);
#3233=EDGE_CURVE('',#2472,#2506,#456,.T.);
#3235=EDGE_CURVE('',#2504,#2506,#798,.T.);
#3247=EDGE_CURVE('',#2507,#2470,#471,.T.);
#3249=EDGE_CURVE('',#2507,#2506,#460,.T.);
#3263=B_SPLINE_CURVE_WITH_KNOTS('',3,(#3256,#3257,#3258,#3259,#3260,#3261,
#3262),.UNSPECIFIED.,.F.,.F.,(4,1,1,1,4),(0.E0,1.923076923701E-2,
2.809901933187E-2,9.807692307685E-1,1.E0),.UNSPECIFIED.);
#3267=EDGE_CURVE('',#2509,#2469,#483,.T.);
#3269=EDGE_CURVE('',#2507,#2509,#804,.T.);
#3281=EDGE_CURVE('',#2467,#2511,#475,.T.);
#3283=EDGE_CURVE('',#2511,#2509,#479,.T.);
#3296=EDGE_CURVE('',#2513,#2465,#498,.T.);
#3298=EDGE_CURVE('',#2511,#2513,#811,.T.);
#3309=EDGE_CURVE('',#2463,#2514,#490,.T.);
#3311=EDGE_CURVE('',#2514,#2513,#494,.T.);
#3325=B_SPLINE_CURVE_WITH_KNOTS('',3,(#3318,#3319,#3320,#3321,#3322,#3323,
#3324),.UNSPECIFIED.,.F.,.F.,(4,1,1,1,4),(0.E0,1.923076920483E-2,
2.805805804467E-2,9.807692308174E-1,1.E0),.UNSPECIFIED.);
#3329=EDGE_CURVE('',#2462,#2516,#502,.T.);
#3331=EDGE_CURVE('',#2514,#2516,#817,.T.);
#3343=EDGE_CURVE('',#2517,#2460,#517,.T.);
#3345=EDGE_CURVE('',#2517,#2516,#506,.T.);
#3359=B_SPLINE_CURVE_WITH_KNOTS('',3,(#3352,#3353,#3354,#3355,#3356,#3357,
#3358),.UNSPECIFIED.,.F.,.F.,(4,1,1,1,4),(0.E0,1.923076919209E-2,
3.354474147308E-2,9.807692307689E-1,1.E0),.UNSPECIFIED.);
#3363=EDGE_CURVE('',#2519,#2459,#525,.T.);
#3365=EDGE_CURVE('',#2517,#2519,#823,.T.);
#3377=EDGE_CURVE('',#2521,#2457,#537,.T.);
#3379=EDGE_CURVE('',#2521,#2519,#521,.T.);
#3391=EDGE_CURVE('',#2455,#2523,#529,.T.);
#3393=EDGE_CURVE('',#2523,#2521,#533,.T.);
#3406=EDGE_CURVE('',#2525,#2453,#556,.T.);
#3408=EDGE_CURVE('',#2523,#2525,#828,.T.);
#3419=EDGE_CURVE('',#2451,#2526,#548,.T.);
#3421=EDGE_CURVE('',#2526,#2525,#552,.T.);
#3435=B_SPLINE_CURVE_WITH_KNOTS('',3,(#3428,#3429,#3430,#3431,#3432,#3433,
#3434),.UNSPECIFIED.,.F.,.F.,(4,1,1,1,4),(0.E0,1.922654093244E-2,
3.396441804234E-2,9.807692308067E-1,1.E0),.UNSPECIFIED.);
#3439=EDGE_CURVE('',#2450,#2528,#560,.T.);
#3441=EDGE_CURVE('',#2526,#2528,#834,.T.);
#3453=EDGE_CURVE('',#2529,#2448,#575,.T.);
#3455=EDGE_CURVE('',#2529,#2528,#564,.T.);
#3467=EDGE_CURVE('',#2531,#2446,#579,.T.);
#3469=EDGE_CURVE('',#2529,#2531,#839,.T.);
#3481=EDGE_CURVE('',#2533,#2444,#583,.T.);
#3483=EDGE_CURVE('',#2531,#2533,#844,.T.);
#3496=EDGE_CURVE('',#2533,#2418,#849,.T.);
#3508=EDGE_CURVE('',#2536,#2537,#587,.T.);
#3510=EDGE_CURVE('',#2537,#2539,#592,.T.);
#3512=EDGE_CURVE('',#2539,#2541,#596,.T.);
#3514=EDGE_CURVE('',#2541,#2543,#601,.T.);
#3516=EDGE_CURVE('',#2543,#2545,#605,.T.);
#3518=EDGE_CURVE('',#2545,#2547,#610,.T.);
#3520=EDGE_CURVE('',#2547,#2549,#614,.T.);
#3522=EDGE_CURVE('',#2549,#2551,#619,.T.);
#3524=EDGE_CURVE('',#2551,#2553,#623,.T.);
#3526=EDGE_CURVE('',#2553,#2555,#627,.T.);
#3528=EDGE_CURVE('',#2555,#2557,#631,.T.);
#3530=EDGE_CURVE('',#2559,#2557,#1077,.T.);
#3532=EDGE_CURVE('',#2559,#2561,#635,.T.);
#3534=EDGE_CURVE('',#2561,#2536,#639,.T.);
#3538=EDGE_CURVE('',#2562,#2563,#645,.T.);
#3540=EDGE_CURVE('',#2563,#2565,#649,.T.);
#3542=EDGE_CURVE('',#2565,#2567,#654,.T.);
#3544=EDGE_CURVE('',#2567,#2569,#658,.T.);
#3546=EDGE_CURVE('',#2569,#2570,#664,.T.);
#3548=EDGE_CURVE('',#2572,#2570,#2028,.T.);
#3550=EDGE_CURVE('',#2572,#2573,#670,.T.);
#3552=EDGE_CURVE('',#2575,#2573,#2050,.T.);
#3554=EDGE_CURVE('',#2575,#2576,#676,.T.);
#3556=EDGE_CURVE('',#2576,#2577,#681,.T.);
#3558=EDGE_CURVE('',#2577,#2578,#686,.T.);
#3560=EDGE_CURVE('',#2578,#2580,#691,.T.);
#3562=EDGE_CURVE('',#2580,#2582,#695,.T.);
#3564=EDGE_CURVE('',#2582,#2583,#701,.T.);
#3566=EDGE_CURVE('',#2562,#2583,#2085,.T.);
#3570=EDGE_CURVE('',#2584,#2585,#707,.T.);
#3572=EDGE_CURVE('',#2585,#2587,#711,.T.);
#3574=EDGE_CURVE('',#2587,#2589,#716,.T.);
#3576=EDGE_CURVE('',#2589,#2591,#720,.T.);
#3578=EDGE_CURVE('',#2591,#2593,#725,.T.);
#3580=EDGE_CURVE('',#2595,#2593,#2214,.T.);
#3582=EDGE_CURVE('',#2597,#2595,#2233,.T.);
#3584=EDGE_CURVE('',#2597,#2598,#731,.T.);
#3586=EDGE_CURVE('',#2600,#2598,#2245,.T.);
#3588=EDGE_CURVE('',#2600,#2601,#737,.T.);
#3590=EDGE_CURVE('',#2601,#2602,#742,.T.);
#3592=EDGE_CURVE('',#2602,#2603,#747,.T.);
#3594=EDGE_CURVE('',#2603,#2604,#752,.T.);
#3596=EDGE_CURVE('',#2584,#2604,#2276,.T.);
#3600=EDGE_CURVE('',#2605,#2491,#758,.T.);
#3634=EDGE_CURVE('',#2434,#2607,#869,.T.);
#3636=EDGE_CURVE('',#2607,#2608,#875,.T.);
#3638=EDGE_CURVE('',#2605,#2608,#2378,.T.);
#3648=EDGE_CURVE('',#2611,#2612,#879,.T.);
#3650=EDGE_CURVE('',#2612,#2537,#883,.T.);
#3653=EDGE_CURVE('',#2611,#2536,#1009,.T.);
#3663=EDGE_CURVE('',#2615,#2616,#887,.T.);
#3665=EDGE_CURVE('',#2616,#2618,#892,.T.);
#3667=EDGE_CURVE('',#2618,#2620,#897,.T.);
#3669=EDGE_CURVE('',#2622,#2620,#1844,.T.);
#3671=EDGE_CURVE('',#2612,#2622,#1978,.T.);
#3674=EDGE_CURVE('',#2611,#2623,#911,.T.);
#3676=EDGE_CURVE('',#2625,#2623,#997,.T.);
#3678=EDGE_CURVE('',#2615,#2625,#975,.T.);
#3689=EDGE_CURVE('',#2615,#2627,#916,.T.);
#3691=EDGE_CURVE('',#2627,#2629,#920,.T.);
#3693=EDGE_CURVE('',#2629,#2631,#925,.T.);
#3695=EDGE_CURVE('',#2631,#2633,#929,.T.);
#3697=EDGE_CURVE('',#2633,#2635,#934,.T.);
#3699=EDGE_CURVE('',#2635,#2637,#938,.T.);
#3701=EDGE_CURVE('',#2637,#2639,#943,.T.);
#3703=EDGE_CURVE('',#2639,#2641,#947,.T.);
#3705=EDGE_CURVE('',#2643,#2641,#1912,.T.);
#3707=EDGE_CURVE('',#2643,#2645,#951,.T.);
#3709=EDGE_CURVE('',#2616,#2645,#1880,.T.);
#3713=EDGE_CURVE('',#2648,#2649,#956,.T.);
#3715=EDGE_CURVE('',#2649,#2648,#961,.T.);
#3719=EDGE_CURVE('',#2652,#2653,#966,.T.);
#3721=EDGE_CURVE('',#2653,#2652,#971,.T.);
#3732=EDGE_CURVE('',#2654,#2625,#986,.T.);
#3734=EDGE_CURVE('',#2654,#2627,#979,.T.);
#3766=EDGE_CURVE('',#2656,#2625,#1005,.T.);
#3768=EDGE_CURVE('',#2656,#2657,#993,.T.);
#3770=EDGE_CURVE('',#2654,#2657,#1219,.T.);
#3781=EDGE_CURVE('',#2623,#2659,#1001,.T.);
#3783=EDGE_CURVE('',#2656,#2659,#1239,.T.);
#3852=EDGE_CURVE('',#2660,#2536,#1028,.T.);
#3854=EDGE_CURVE('',#2659,#2660,#1014,.T.);
#3868=EDGE_CURVE('',#2561,#2661,#1038,.T.);
#3870=EDGE_CURVE('',#2661,#2662,#1048,.T.);
#3872=EDGE_CURVE('',#2662,#2663,#1055,.T.);
#3874=EDGE_CURVE('',#2659,#2663,#1243,.T.);
#3884=EDGE_CURVE('',#2665,#2559,#1069,.T.);
#3886=EDGE_CURVE('',#2667,#2665,#1064,.T.);
#3888=EDGE_CURVE('',#2667,#2663,#1059,.T.);
#3904=EDGE_CURVE('',#2559,#2669,#1073,.T.);
#3906=EDGE_CURVE('',#2671,#2669,#1419,.T.);
#3908=EDGE_CURVE('',#2673,#2671,#1414,.T.);
#3910=EDGE_CURVE('',#2667,#2673,#1395,.T.);
#3921=EDGE_CURVE('',#2557,#2675,#1081,.T.);
#3923=EDGE_CURVE('',#2669,#2675,#1423,.T.);
#3934=EDGE_CURVE('',#2557,#2677,#1086,.T.);
#3936=EDGE_CURVE('',#2677,#2679,#1091,.T.);
#3938=EDGE_CURVE('',#2679,#2681,#1095,.T.);
#3940=EDGE_CURVE('',#2683,#2681,#1405,.T.);
#3942=EDGE_CURVE('',#2675,#2683,#1400,.T.);
#3956=EDGE_CURVE('',#2684,#2555,#1133,.T.);
#3958=EDGE_CURVE('',#2686,#2684,#1123,.T.);
#3960=EDGE_CURVE('',#2685,#2686,#1113,.T.);
#3962=EDGE_CURVE('',#2685,#2679,#1099,.T.);
#3972=EDGE_CURVE('',#2687,#2553,#1155,.T.);
#3974=EDGE_CURVE('',#2687,#2688,#1106,.T.);
#3976=EDGE_CURVE('',#2685,#2688,#1251,.T.);
#4062=EDGE_CURVE('',#2689,#2690,#1173,.T.);
#4064=EDGE_CURVE('',#2689,#2688,#1137,.T.);
#4068=EDGE_CURVE('',#2690,#2553,#1823,.T.);
#4079=EDGE_CURVE('',#2639,#2692,#1159,.T.);
#4081=EDGE_CURVE('',#2689,#2692,#1293,.T.);
#4084=EDGE_CURVE('',#2694,#2690,#1819,.T.);
#4086=EDGE_CURVE('',#2696,#2694,#1836,.T.);
#4088=EDGE_CURVE('',#2696,#2698,#1177,.T.);
#4090=EDGE_CURVE('',#2698,#2700,#1182,.T.);
#4092=EDGE_CURVE('',#2700,#2641,#1187,.T.);
#4104=EDGE_CURVE('',#2702,#2637,#1195,.T.);
#4106=EDGE_CURVE('',#2692,#2702,#1304,.T.);
#4117=EDGE_CURVE('',#2704,#2635,#1199,.T.);
#4119=EDGE_CURVE('',#2704,#2702,#1191,.T.);
#4131=EDGE_CURVE('',#2706,#2633,#1203,.T.);
#4133=EDGE_CURVE('',#2704,#2706,#1326,.T.);
#4145=EDGE_CURVE('',#2708,#2631,#1207,.T.);
#4147=EDGE_CURVE('',#2706,#2708,#1341,.T.);
#4159=EDGE_CURVE('',#2710,#2629,#1215,.T.);
#4161=EDGE_CURVE('',#2708,#2710,#1352,.T.);
#4174=EDGE_CURVE('',#2654,#2710,#1211,.T.);
#4187=EDGE_CURVE('',#2712,#2657,#1235,.T.);
#4189=EDGE_CURVE('',#2710,#2712,#1356,.T.);
#4199=EDGE_CURVE('',#2688,#2714,#1223,.T.);
#4201=EDGE_CURVE('',#2715,#2714,#1315,.T.);
#4203=EDGE_CURVE('',#2715,#2717,#1227,.T.);
#4205=EDGE_CURVE('',#2718,#2717,#1337,.T.);
#4207=EDGE_CURVE('',#2718,#2720,#1231,.T.);
#4209=EDGE_CURVE('',#2712,#2720,#1363,.T.);
#4215=EDGE_CURVE('',#2663,#2685,#1247,.T.);
#4220=EDGE_CURVE('',#2723,#2724,#1256,.T.);
#4222=EDGE_CURVE('',#2726,#2724,#1543,.T.);
#4224=EDGE_CURVE('',#2726,#2728,#1261,.T.);
#4226=EDGE_CURVE('',#2728,#2730,#1266,.T.);
#4228=EDGE_CURVE('',#2723,#2730,#1597,.T.);
#4232=EDGE_CURVE('',#2733,#2734,#1271,.T.);
#4234=EDGE_CURVE('',#2734,#2736,#1276,.T.);
#4236=EDGE_CURVE('',#2736,#2738,#1280,.T.);
#4238=EDGE_CURVE('',#2738,#2740,#1285,.T.);
#4240=EDGE_CURVE('',#2740,#2733,#1289,.T.);
#4251=EDGE_CURVE('',#2692,#2714,#1297,.T.);
#4284=EDGE_CURVE('',#2702,#2715,#1308,.T.);
#4297=EDGE_CURVE('',#2704,#2717,#1319,.T.);
#4330=EDGE_CURVE('',#2706,#2718,#1330,.T.);
#4343=EDGE_CURVE('',#2708,#2720,#1345,.T.);
#4451=EDGE_CURVE('',#2679,#2667,#1391,.T.);
#4458=EDGE_CURVE('',#2741,#2742,#1375,.T.);
#4460=EDGE_CURVE('',#2744,#2742,#1435,.T.);
#4462=EDGE_CURVE('',#2744,#2745,#1387,.T.);
#4464=EDGE_CURVE('',#2741,#2745,#1451,.T.);
#4468=EDGE_CURVE('',#2746,#2747,#1481,.T.);
#4470=EDGE_CURVE('',#2749,#2746,#1489,.T.);
#4472=EDGE_CURVE('',#2750,#2749,#1505,.T.);
#4474=EDGE_CURVE('',#2747,#2750,#1513,.T.);
#4486=EDGE_CURVE('',#2681,#2673,#1409,.T.);
#4511=EDGE_CURVE('',#2752,#2742,#1427,.T.);
#4514=EDGE_CURVE('',#2741,#2754,#1431,.T.);
#4516=EDGE_CURVE('',#2752,#2754,#1465,.T.);
#4526=EDGE_CURVE('',#2744,#2756,#1447,.T.);
#4530=EDGE_CURVE('',#2752,#2756,#1439,.T.);
#4540=EDGE_CURVE('',#2758,#2745,#1443,.T.);
#4544=EDGE_CURVE('',#2758,#2756,#1460,.T.);
#4557=EDGE_CURVE('',#2758,#2754,#1455,.T.);
#4579=EDGE_CURVE('',#2760,#2746,#1469,.T.);
#4582=EDGE_CURVE('',#2747,#2762,#1485,.T.);
#4584=EDGE_CURVE('',#2760,#2762,#1527,.T.);
#4594=EDGE_CURVE('',#2749,#2764,#1509,.T.);
#4598=EDGE_CURVE('',#2764,#2760,#1522,.T.);
#4608=EDGE_CURVE('',#2766,#2750,#1493,.T.);
#4612=EDGE_CURVE('',#2766,#2764,#1518,.T.);
#4625=EDGE_CURVE('',#2762,#2766,#1531,.T.);
#4647=EDGE_CURVE('',#2768,#2724,#1535,.T.);
#4650=EDGE_CURVE('',#2723,#2770,#1539,.T.);
#4652=EDGE_CURVE('',#2768,#2770,#1566,.T.);
#4662=EDGE_CURVE('',#2772,#2768,#1561,.T.);
#4664=EDGE_CURVE('',#2726,#2772,#1601,.T.);
#4676=EDGE_CURVE('',#2770,#2774,#1547,.T.);
#4678=EDGE_CURVE('',#2774,#2776,#1552,.T.);
#4680=EDGE_CURVE('',#2776,#2772,#1557,.T.);
#4686=EDGE_CURVE('',#2777,#2778,#1573,.T.);
#4688=EDGE_CURVE('',#2779,#2778,#1677,.T.);
#4690=EDGE_CURVE('',#2779,#2780,#1586,.T.);
#4692=EDGE_CURVE('',#2781,#2780,#1662,.T.);
#4694=EDGE_CURVE('',#2781,#2777,#1593,.T.);
#4705=EDGE_CURVE('',#2774,#2730,#1605,.T.);
#4731=EDGE_CURVE('',#2784,#2785,#1633,.T.);
#4733=EDGE_CURVE('',#2784,#2778,#1610,.T.);
#4736=EDGE_CURVE('',#2787,#2777,#1645,.T.);
#4738=EDGE_CURVE('',#2787,#2785,#1615,.T.);
#4748=EDGE_CURVE('',#2785,#2789,#1620,.T.);
#4750=EDGE_CURVE('',#2789,#2791,#1624,.T.);
#4752=EDGE_CURVE('',#2791,#2784,#1629,.T.);
#4764=EDGE_CURVE('',#2789,#2648,#1641,.T.);
#4767=EDGE_CURVE('',#2649,#2785,#1637,.T.);
#4780=EDGE_CURVE('',#2789,#2787,#1655,.T.);
#4793=EDGE_CURVE('',#2781,#2791,#1650,.T.);
#4807=EDGE_CURVE('',#2780,#2791,#1666,.T.);
#4820=EDGE_CURVE('',#2779,#2784,#1670,.T.);
#4841=EDGE_CURVE('',#2794,#2795,#1690,.T.);
#4843=EDGE_CURVE('',#2794,#2736,#1681,.T.);
#4847=EDGE_CURVE('',#2733,#2797,#1685,.T.);
#4849=EDGE_CURVE('',#2795,#2797,#1695,.T.);
#4859=EDGE_CURVE('',#2794,#2799,#1731,.T.);
#4863=EDGE_CURVE('',#2801,#2797,#1743,.T.);
#4865=EDGE_CURVE('',#2801,#2799,#1700,.T.);
#4869=EDGE_CURVE('',#2802,#2803,#1755,.T.);
#4871=EDGE_CURVE('',#2802,#2804,#1707,.T.);
#4873=EDGE_CURVE('',#2804,#2805,#1720,.T.);
#4875=EDGE_CURVE('',#2805,#2806,#1727,.T.);
#4877=EDGE_CURVE('',#2803,#2806,#1798,.T.);
#4890=EDGE_CURVE('',#2738,#2799,#1739,.T.);
#4900=EDGE_CURVE('',#2801,#2740,#1735,.T.);
#4925=EDGE_CURVE('',#2808,#2802,#1748,.T.);
#4928=EDGE_CURVE('',#2810,#2803,#1791,.T.);
#4930=EDGE_CURVE('',#2810,#2812,#1760,.T.);
#4932=EDGE_CURVE('',#2812,#2808,#1764,.T.);
#4944=EDGE_CURVE('',#2808,#2804,#1768,.T.);
#4956=EDGE_CURVE('',#2814,#2808,#1777,.T.);
#4958=EDGE_CURVE('',#2814,#2805,#1772,.T.);
#4968=EDGE_CURVE('',#2814,#2816,#1807,.T.);
#4972=EDGE_CURVE('',#2812,#2816,#1782,.T.);
#4982=EDGE_CURVE('',#2816,#2810,#1787,.T.);
#4986=EDGE_CURVE('',#2806,#2814,#1803,.T.);
#4998=EDGE_CURVE('',#2653,#2812,#1811,.T.);
#5002=EDGE_CURVE('',#2816,#2652,#1815,.T.);
#5038=EDGE_CURVE('',#2551,#2694,#1827,.T.);
#5048=EDGE_CURVE('',#2818,#2694,#1832,.T.);
#5052=EDGE_CURVE('',#2818,#2549,#1933,.T.);
#5064=EDGE_CURVE('',#2820,#2818,#1840,.T.);
#5066=EDGE_CURVE('',#2696,#2820,#1853,.T.);
#5076=EDGE_CURVE('',#2820,#2822,#1857,.T.);
#5079=EDGE_CURVE('',#2824,#2818,#1929,.T.);
#5081=EDGE_CURVE('',#2822,#2824,#1916,.T.);
#5092=EDGE_CURVE('',#2826,#2620,#1884,.T.);
#5094=EDGE_CURVE('',#2826,#2828,#1848,.T.);
#5096=EDGE_CURVE('',#2698,#2828,#1908,.T.);
#5101=EDGE_CURVE('',#2822,#2830,#1862,.T.);
#5103=EDGE_CURVE('',#2832,#2830,#1945,.T.);
#5105=EDGE_CURVE('',#2832,#2834,#1867,.T.);
#5107=EDGE_CURVE('',#2834,#2836,#1871,.T.);
#5109=EDGE_CURVE('',#2836,#2622,#1876,.T.);
#5122=EDGE_CURVE('',#2838,#2645,#1904,.T.);
#5124=EDGE_CURVE('',#2826,#2838,#1899,.T.);
#5135=EDGE_CURVE('',#2643,#2840,#1889,.T.);
#5137=EDGE_CURVE('',#2840,#2828,#1894,.T.);
#5167=EDGE_CURVE('',#2842,#2824,#1921,.T.);
#5169=EDGE_CURVE('',#2830,#2842,#1949,.T.);
#5180=EDGE_CURVE('',#2824,#2547,#1925,.T.);
#5183=EDGE_CURVE('',#2842,#2545,#1941,.T.);
#5205=EDGE_CURVE('',#2844,#2842,#1937,.T.);
#5209=EDGE_CURVE('',#2844,#2543,#1962,.T.);
#5222=EDGE_CURVE('',#2832,#2844,#1953,.T.);
#5234=EDGE_CURVE('',#2846,#2844,#1958,.T.);
#5236=EDGE_CURVE('',#2834,#2846,#1974,.T.);
#5249=EDGE_CURVE('',#2846,#2541,#1970,.T.);
#5259=EDGE_CURVE('',#2848,#2846,#1966,.T.);
#5263=EDGE_CURVE('',#2848,#2539,#1991,.T.);
#5276=EDGE_CURVE('',#2836,#2848,#1982,.T.);
#5289=EDGE_CURVE('',#2612,#2848,#1987,.T.);
#5313=B_SPLINE_CURVE_WITH_KNOTS('',3,(#5306,#5307,#5308,#5309,#5310,#5311,
#5312),.UNSPECIFIED.,.F.,.F.,(4,1,1,1,4),(0.E0,1.923076922873E-2,
3.353109273716E-2,9.807692307736E-1,1.E0),.UNSPECIFIED.);
#5317=EDGE_CURVE('',#2850,#2563,#1995,.T.);
#5320=EDGE_CURVE('',#2562,#2851,#2002,.T.);
#5322=EDGE_CURVE('',#2850,#2851,#2099,.T.);
#5332=EDGE_CURVE('',#2565,#2852,#2009,.T.);
#5336=EDGE_CURVE('',#2852,#2850,#2093,.T.);
#5346=EDGE_CURVE('',#2567,#2854,#2013,.T.);
#5350=EDGE_CURVE('',#2854,#2852,#2155,.T.);
#5360=EDGE_CURVE('',#2569,#2855,#2024,.T.);
#5364=EDGE_CURVE('',#2855,#2854,#2150,.T.);
#5376=B_SPLINE_CURVE_WITH_KNOTS('',3,(#5369,#5370,#5371,#5372,#5373,#5374,
#5375),.UNSPECIFIED.,.F.,.F.,(4,1,1,1,4),(0.E0,1.923076919789E-2,
2.977716193721E-2,9.807692307997E-1,1.E0),.UNSPECIFIED.);
#5380=EDGE_CURVE('',#2857,#2570,#2017,.T.);
#5384=EDGE_CURVE('',#2857,#2855,#2146,.T.);
#5394=EDGE_CURVE('',#2572,#2858,#2039,.T.);
#5398=EDGE_CURVE('',#2857,#2858,#2032,.T.);
#5410=B_SPLINE_CURVE_WITH_KNOTS('',3,(#5403,#5404,#5405,#5406,#5407,#5408,
#5409),.UNSPECIFIED.,.F.,.F.,(4,1,1,1,4),(0.E0,1.923076920837E-2,
3.358614968054E-2,9.807692889148E-1,1.E0),.UNSPECIFIED.);
#5414=EDGE_CURVE('',#2573,#2860,#2054,.T.);
#5418=EDGE_CURVE('',#2860,#2858,#2140,.T.);
#5428=EDGE_CURVE('',#2861,#2575,#2046,.T.);
#5432=EDGE_CURVE('',#2861,#2860,#2134,.T.);
#5444=B_SPLINE_CURVE_WITH_KNOTS('',3,(#5437,#5438,#5439,#5440,#5441,#5442,
#5443),.UNSPECIFIED.,.F.,.F.,(4,1,1,1,4),(0.E0,8.651034447321E-2,
9.512681686525E-2,9.134759770148E-1,1.E0),.UNSPECIFIED.);
#5448=EDGE_CURVE('',#2576,#2863,#2058,.T.);
#5452=EDGE_CURVE('',#2863,#2861,#2130,.T.);
#5463=B_SPLINE_CURVE_WITH_KNOTS('',3,(#5457,#5458,#5459,#5460,#5461,#5462),
.UNSPECIFIED.,.F.,.F.,(4,1,1,4),(0.E0,8.048973806413E-2,9.147267052392E-1,1.E0),
.UNSPECIFIED.);
#5467=EDGE_CURVE('',#2577,#2865,#2066,.T.);
#5471=EDGE_CURVE('',#2865,#2863,#2124,.T.);
#5482=B_SPLINE_CURVE_WITH_KNOTS('',3,(#5476,#5477,#5478,#5479,#5480,#5481),
.UNSPECIFIED.,.F.,.F.,(4,1,1,4),(0.E0,8.210413294455E-2,9.164459863996E-1,1.E0),
.UNSPECIFIED.);
#5486=EDGE_CURVE('',#2867,#2578,#2062,.T.);
#5490=EDGE_CURVE('',#2867,#2865,#2119,.T.);
#5500=EDGE_CURVE('',#2869,#2580,#2070,.T.);
#5504=EDGE_CURVE('',#2869,#2867,#2114,.T.);
#5514=EDGE_CURVE('',#2582,#2870,#2081,.T.);
#5518=EDGE_CURVE('',#2870,#2869,#2109,.T.);
#5530=B_SPLINE_CURVE_WITH_KNOTS('',3,(#5523,#5524,#5525,#5526,#5527,#5528,
#5529),.UNSPECIFIED.,.F.,.F.,(4,1,1,1,4),(0.E0,1.923076916905E-2,
3.002984145284E-2,9.807692309464E-1,1.E0),.UNSPECIFIED.);
#5534=EDGE_CURVE('',#2872,#2583,#2074,.T.);
#5538=EDGE_CURVE('',#2872,#2870,#2105,.T.);
#5551=EDGE_CURVE('',#2872,#2851,#2089,.T.);
#5578=EDGE_CURVE('',#2873,#2874,#2161,.T.);
#5580=EDGE_CURVE('',#2874,#2873,#2167,.T.);
#5592=B_SPLINE_CURVE_WITH_KNOTS('',3,(#5585,#5586,#5587,#5588,#5589,#5590,
#5591),.UNSPECIFIED.,.F.,.F.,(4,1,1,1,4),(0.E0,1.028701847413E-1,
4.945939913674E-1,8.863177980177E-1,1.E0),.UNSPECIFIED.);
#5596=EDGE_CURVE('',#2876,#2873,#2175,.T.);
#5598=EDGE_CURVE('',#2877,#2876,#2187,.T.);
#5600=EDGE_CURVE('',#2877,#2874,#2171,.T.);
#5613=B_SPLINE_CURVE_WITH_KNOTS('',3,(#5606,#5607,#5608,#5609,#5610,#5611,
#5612),.UNSPECIFIED.,.F.,.F.,(4,1,1,1,4),(0.E0,1.028945622114E-1,
4.946067247046E-1,8.863188871817E-1,1.E0),.UNSPECIFIED.);
#5618=EDGE_CURVE('',#2876,#2877,#2181,.T.);
#5642=B_SPLINE_CURVE_WITH_KNOTS('',3,(#5635,#5636,#5637,#5638,#5639,#5640,
#5641),.UNSPECIFIED.,.F.,.F.,(4,1,1,1,4),(0.E0,1.923076926524E-2,
3.351360497665E-2,9.807692307692E-1,1.E0),.UNSPECIFIED.);
#5646=EDGE_CURVE('',#2879,#2585,#2191,.T.);
#5649=EDGE_CURVE('',#2584,#2881,#2195,.T.);
#5651=EDGE_CURVE('',#2879,#2881,#2290,.T.);
#5661=EDGE_CURVE('',#2587,#2883,#2199,.T.);
#5665=EDGE_CURVE('',#2883,#2879,#2284,.T.);
#5675=EDGE_CURVE('',#2589,#2885,#2203,.T.);
#5679=EDGE_CURVE('',#2885,#2883,#2335,.T.);
#5689=EDGE_CURVE('',#2591,#2886,#2210,.T.);
#5693=EDGE_CURVE('',#2886,#2885,#2330,.T.);
#5703=EDGE_CURVE('',#2593,#2888,#2218,.T.);
#5707=EDGE_CURVE('',#2888,#2886,#2326,.T.);
#5717=EDGE_CURVE('',#2595,#2890,#2237,.T.);
#5721=EDGE_CURVE('',#2888,#2890,#2222,.T.);
#5731=EDGE_CURVE('',#2891,#2597,#2229,.T.);
#5735=EDGE_CURVE('',#2891,#2890,#2321,.T.);
#5747=B_SPLINE_CURVE_WITH_KNOTS('',3,(#5740,#5741,#5742,#5743,#5744,#5745,
#5746),.UNSPECIFIED.,.F.,.F.,(4,1,1,1,4),(0.E0,1.923076926650E-2,
2.995544102147E-2,9.807692307983E-1,1.E0),.UNSPECIFIED.);
#5751=EDGE_CURVE('',#2893,#2598,#2241,.T.);
#5755=EDGE_CURVE('',#2893,#2891,#2317,.T.);
#5765=EDGE_CURVE('',#2600,#2894,#2256,.T.);
#5769=EDGE_CURVE('',#2893,#2894,#2249,.T.);
#5781=B_SPLINE_CURVE_WITH_KNOTS('',3,(#5774,#5775,#5776,#5777,#5778,#5779,
#5780),.UNSPECIFIED.,.F.,.F.,(4,1,1,1,4),(0.E0,1.270830617568E-1,
1.345859324838E-1,8.771793030123E-1,1.E0),.UNSPECIFIED.);
#5785=EDGE_CURVE('',#2601,#2896,#2260,.T.);
#5789=EDGE_CURVE('',#2896,#2894,#2311,.T.);
#5800=B_SPLINE_CURVE_WITH_KNOTS('',3,(#5794,#5795,#5796,#5797,#5798,#5799),
.UNSPECIFIED.,.F.,.F.,(4,1,1,4),(0.E0,8.210475586583E-2,9.164496871532E-1,1.E0),
.UNSPECIFIED.);
#5804=EDGE_CURVE('',#2602,#2898,#2264,.T.);
#5808=EDGE_CURVE('',#2898,#2896,#2305,.T.);
#5819=B_SPLINE_CURVE_WITH_KNOTS('',3,(#5813,#5814,#5815,#5816,#5817,#5818),
.UNSPECIFIED.,.F.,.F.,(4,1,1,4),(0.E0,8.049400316071E-2,9.147263913786E-1,1.E0),
.UNSPECIFIED.);
#5823=EDGE_CURVE('',#2603,#2900,#2272,.T.);
#5827=EDGE_CURVE('',#2900,#2898,#2300,.T.);
#5838=B_SPLINE_CURVE_WITH_KNOTS('',3,(#5832,#5833,#5834,#5835,#5836,#5837),
.UNSPECIFIED.,.F.,.F.,(4,1,1,4),(0.E0,1.184677202709E-1,8.714365727439E-1,1.E0),
.UNSPECIFIED.);
#5842=EDGE_CURVE('',#2902,#2604,#2268,.T.);
#5846=EDGE_CURVE('',#2902,#2900,#2295,.T.);
#5859=EDGE_CURVE('',#2902,#2881,#2280,.T.);
#5885=EDGE_CURVE('',#2903,#2904,#2341,.T.);
#5887=EDGE_CURVE('',#2904,#2903,#2347,.T.);
#5899=B_SPLINE_CURVE_WITH_KNOTS('',3,(#5892,#5893,#5894,#5895,#5896,#5897,
#5898),.UNSPECIFIED.,.F.,.F.,(4,1,1,1,4),(0.E0,1.028938095268E-1,
4.946058186960E-1,8.863178278298E-1,1.E0),.UNSPECIFIED.);
#5903=EDGE_CURVE('',#2906,#2903,#2355,.T.);
#5905=EDGE_CURVE('',#2907,#2906,#2367,.T.);
#5907=EDGE_CURVE('',#2907,#2904,#2351,.T.);
#5920=B_SPLINE_CURVE_WITH_KNOTS('',3,(#5913,#5914,#5915,#5916,#5917,#5918,
#5919),.UNSPECIFIED.,.F.,.F.,(4,1,1,1,4),(0.E0,1.028662476131E-1,
4.945925841758E-1,8.863189208004E-1,1.E0),.UNSPECIFIED.);
#5925=EDGE_CURVE('',#2906,#2907,#2361,.T.);
#5949=B_SPLINE_CURVE_WITH_KNOTS('',3,(#5942,#5943,#5944,#5945,#5946,#5947,
#5948),.UNSPECIFIED.,.F.,.F.,(4,1,1,1,4),(0.E0,1.923076924569E-2,
3.352240706069E-2,9.807692308796E-1,1.E0),.UNSPECIFIED.);
#5955=EDGE_CURVE('',#2605,#2439,#2374,.T.);
#5968=EDGE_CURVE('',#2441,#2608,#2386,.T.);
#5981=B_SPLINE_CURVE_WITH_KNOTS('',3,(#5974,#5975,#5976,#5977,#5978,#5979,
#5980),.UNSPECIFIED.,.F.,.F.,(4,1,1,1,4),(0.E0,1.922672184161E-2,
3.298686152584E-2,9.807692309618E-1,1.E0),.UNSPECIFIED.);
#5987=EDGE_CURVE('',#2607,#2442,#2393,.T.);
#6012=B_SPLINE_CURVE_WITH_KNOTS('',3,(#6005,#6006,#6007,#6008,#6009,#6010,
#6011),.UNSPECIFIED.,.F.,.F.,(4,1,1,1,4),(0.E0,1.028746853011E-1,
4.945993387576E-1,8.863239921917E-1,1.E0),.UNSPECIFIED.);
#6016=EDGE_CURVE('',#2909,#2486,#2401,.T.);
#6018=EDGE_CURVE('',#2910,#2909,#2413,.T.);
#6020=EDGE_CURVE('',#2910,#2487,#2397,.T.);
#6033=B_SPLINE_CURVE_WITH_KNOTS('',3,(#6026,#6027,#6028,#6029,#6030,#6031,
#6032),.UNSPECIFIED.,.F.,.F.,(4,1,1,1,4),(0.E0,1.028692569564E-1,
4.945928872596E-1,8.863165176196E-1,1.E0),.UNSPECIFIED.);
#6038=EDGE_CURVE('',#2909,#2910,#2407,.T.);
#6055=CLOSED_SHELL('',(#2931,#2946,#2967,#2982,#2997,#3078,#3093,#3107,#3121,
#3135,#3149,#3173,#3187,#3207,#3221,#3241,#3255,#3275,#3289,#3303,#3317,#3337,
#3351,#3371,#3385,#3399,#3413,#3427,#3447,#3461,#3475,#3489,#3502,#3642,#3657,
#3682,#3725,#3739,#3774,#3788,#3859,#3878,#3896,#3914,#3928,#3947,#3966,#3984,
#4072,#4096,#4110,#4124,#4138,#4152,#4166,#4179,#4193,#4244,#4257,#4290,#4303,
#4336,#4349,#4445,#4478,#4491,#4505,#4520,#4534,#4548,#4561,#4573,#4588,#4602,
#4616,#4629,#4641,#4656,#4670,#4698,#4711,#4725,#4742,#4757,#4771,#4785,#4799,
#4811,#4824,#4835,#4853,#4881,#4894,#4907,#4919,#4936,#4948,#4962,#4976,#4991,
#5006,#5018,#5029,#5042,#5056,#5070,#5085,#5113,#5129,#5145,#5159,#5173,#5187,
#5199,#5213,#5226,#5240,#5253,#5267,#5280,#5293,#5305,#5326,#5340,#5354,#5368,
#5388,#5402,#5422,#5436,#5456,#5475,#5494,#5508,#5522,#5542,#5555,#5584,#5605,
#5624,#5634,#5655,#5669,#5683,#5697,#5711,#5725,#5739,#5759,#5773,#5793,#5812,
#5831,#5850,#5863,#5891,#5912,#5931,#5941,#5960,#5973,#5992,#6004,#6025,#6044,
#6054));
#6056=MANIFOLD_SOLID_BREP('',#6055);
#6057=(LENGTH_UNIT()NAMED_UNIT(*)SI_UNIT(.MILLI.,.METRE.));
#6059=(NAMED_UNIT(*)PLANE_ANGLE_UNIT()SI_UNIT($,.RADIAN.));
#6062=(NAMED_UNIT(*)SI_UNIT($,.STERADIAN.)SOLID_ANGLE_UNIT());
#6068=AXIS2_PLACEMENT_3D('',#6065,#6066,#6067);
#6069=ADVANCED_BREP_SHAPE_REPRESENTATION('',(#6068,#6056),#6064);
#6073=PRODUCT_DEFINITION('design','',#6072,#170);
#6074=PRODUCT_DEFINITION_SHAPE('','SHAPE FOR PRT0002_3_STP_4_1.',#6073);
#6075=SHAPE_DEFINITION_REPRESENTATION(#6074,#6069);
#6076=NEXT_ASSEMBLY_USAGE_OCCURRENCE('488','Next assembly relationship',
'PRT0002_3_STP',#12396,#6073,$);
#6077=PRODUCT_DEFINITION_SHAPE('Placement #488',
'Placement of PRT0002_3_STP_4_1 with respect to _X2_59575A03_X0_4_X2_53F7_X0__A_ASM',#6076);
#6086=AXIS2_PLACEMENT_3D('',#6083,#6084,#6085);
#6101=CIRCLE('',#6100,3.15E0);
#6106=CIRCLE('',#6105,3.15E0);
#6115=CIRCLE('',#6114,3.15E0);
#6128=CIRCLE('',#6127,3.15E0);
#6133=CIRCLE('',#6132,3.15E0);
#6138=CIRCLE('',#6137,3.15E0);
#6176=EDGE_CURVE('',#6153,#6154,#6106,.T.);
#6178=EDGE_CURVE('',#6156,#6153,#6101,.T.);
#6180=EDGE_CURVE('',#6156,#6158,#6092,.T.);
#6182=EDGE_CURVE('',#6160,#6158,#6133,.T.);
#6184=EDGE_CURVE('',#6162,#6160,#6128,.T.);
#6186=EDGE_CURVE('',#6162,#6154,#6096,.T.);
#6198=EDGE_CURVE('',#6154,#6164,#6110,.T.);
#6200=EDGE_CURVE('',#6164,#6166,#6115,.T.);
#6202=EDGE_CURVE('',#6166,#6156,#6119,.T.);
#6213=EDGE_CURVE('',#6162,#6168,#6123,.T.);
#6215=EDGE_CURVE('',#6164,#6168,#6146,.T.);
#6228=EDGE_CURVE('',#6170,#6158,#6142,.T.);
#6230=EDGE_CURVE('',#6170,#6168,#6138,.T.);
#6241=EDGE_CURVE('',#6170,#6166,#6150,.T.);
#6261=CLOSED_SHELL('',(#6190,#6206,#6220,#6235,#6248,#6260));
#6262=MANIFOLD_SOLID_BREP('',#6261);
#6263=(LENGTH_UNIT()NAMED_UNIT(*)SI_UNIT(.MILLI.,.METRE.));
#6265=(NAMED_UNIT(*)PLANE_ANGLE_UNIT()SI_UNIT($,.RADIAN.));
#6268=(NAMED_UNIT(*)SI_UNIT($,.STERADIAN.)SOLID_ANGLE_UNIT());
#6274=AXIS2_PLACEMENT_3D('',#6271,#6272,#6273);
#6275=ADVANCED_BREP_SHAPE_REPRESENTATION('',(#6274,#6262),#6270);
#6280=PRODUCT_DEFINITION('design','',#6279,#6276);
#6281=PRODUCT_DEFINITION_SHAPE('','SHAPE FOR PRT0004_1_STP_2_1.',#6280);
#6282=SHAPE_DEFINITION_REPRESENTATION(#6281,#6275);
#6283=NEXT_ASSEMBLY_USAGE_OCCURRENCE('489','Next assembly relationship',
'PRT0004_1_STP',#12396,#6280,$);
#6284=PRODUCT_DEFINITION_SHAPE('Placement #489',
'Placement of PRT0004_1_STP_2_1 with respect to _X2_59575A03_X0_4_X2_53F7_X0__A_ASM',#6283);
#6293=AXIS2_PLACEMENT_3D('',#6290,#6291,#6292);
#6296=NEXT_ASSEMBLY_USAGE_OCCURRENCE('490','Next assembly relationship',
'PRT0004_1_STP_2',#12396,#6280,$);
#6297=PRODUCT_DEFINITION_SHAPE('Placement #490',
'Placement of PRT0004_1_STP_2_1 with respect to _X2_59575A03_X0_4_X2_53F7_X0__A_ASM',#6296);
#6306=AXIS2_PLACEMENT_3D('',#6303,#6304,#6305);
#6309=NEXT_ASSEMBLY_USAGE_OCCURRENCE('491','Next assembly relationship',
'PRT0003_1_STP_2',#12396,#174,$);
#6310=PRODUCT_DEFINITION_SHAPE('Placement #491',
'Placement of PRT0003_1_STP_2_1 with respect to _X2_59575A03_X0_4_X2_53F7_X0__A_ASM',#6309);
#6319=AXIS2_PLACEMENT_3D('',#6316,#6317,#6318);
#6326=CIRCLE('',#6325,1.919132185116E0);
#6335=CIRCLE('',#6334,1.919132185116E0);
#6344=CIRCLE('',#6343,1.919132185116E0);
#6349=CIRCLE('',#6348,1.909999999995E0);
#6354=CIRCLE('',#6353,1.909999999995E0);
#6359=CIRCLE('',#6358,1.909999999995E0);
#6364=CIRCLE('',#6363,1.919132185116E0);
#6369=CIRCLE('',#6368,1.919132185116E0);
#6386=CIRCLE('',#6385,4.09E0);
#6395=CIRCLE('',#6394,7.909613561995E0);
#6404=CIRCLE('',#6403,7.909613520850E0);
#6413=CIRCLE('',#6412,4.09E0);
#6423=B_SPLINE_CURVE_WITH_KNOTS('',3,(#6414,#6415,#6416,#6417,#6418,#6419,#6420,
#6421,#6422),.UNSPECIFIED.,.F.,.F.,(4,1,1,1,1,1,4),(0.E0,1.666666666667E-1,
3.333333333333E-1,5.E-1,6.666666666667E-1,8.333333333333E-1,1.E0),
.UNSPECIFIED.);
#6435=B_SPLINE_CURVE_WITH_KNOTS('',3,(#6428,#6429,#6430,#6431,#6432,#6433,
#6434),.UNSPECIFIED.,.F.,.F.,(4,1,1,1,4),(0.E0,3.364852633092E-1,
6.586553807120E-1,9.725583914536E-1,1.E0),.UNSPECIFIED.);
#6444=B_SPLINE_CURVE_WITH_KNOTS('',3,(#6436,#6437,#6438,#6439,#6440,#6441,#6442,
#6443),.UNSPECIFIED.,.F.,.F.,(4,1,1,1,1,4),(0.E0,1.883110097057E-2,
2.573042483872E-1,5.077821291529E-1,7.590765531974E-1,1.E0),.UNSPECIFIED.);
#6454=B_SPLINE_CURVE_WITH_KNOTS('',3,(#6445,#6446,#6447,#6448,#6449,#6450,#6451,
#6452,#6453),.UNSPECIFIED.,.F.,.F.,(4,1,1,1,1,1,4),(0.E0,1.666666666667E-1,
3.333333333333E-1,5.E-1,6.666666666667E-1,8.333333333333E-1,1.E0),
.UNSPECIFIED.);
#6465=B_SPLINE_CURVE_WITH_KNOTS('',3,(#6459,#6460,#6461,#6462,#6463,#6464),
.UNSPECIFIED.,.F.,.F.,(4,1,1,4),(0.E0,3.460267004792E-1,6.775386177721E-1,1.E0),
.UNSPECIFIED.);
#6473=B_SPLINE_CURVE_WITH_KNOTS('',3,(#6466,#6467,#6468,#6469,#6470,#6471,
#6472),.UNSPECIFIED.,.F.,.F.,(4,1,1,1,4),(0.E0,2.431224633987E-1,
4.983552088324E-1,7.544119712664E-1,1.E0),.UNSPECIFIED.);
#6496=B_SPLINE_CURVE_WITH_KNOTS('',3,(#6474,#6475,#6476,#6477,#6478,#6479,#6480,
#6481,#6482,#6483,#6484,#6485,#6486,#6487,#6488,#6489,#6490,#6491,#6492,#6493,
#6494,#6495),.UNSPECIFIED.,.F.,.F.,(4,1,1,1,1,1,1,1,1,1,1,1,1,1,1,1,1,1,1,4),(
0.E0,6.347358560026E-2,1.202116110001E-1,1.715964299001E-1,2.186438515001E-1,
2.632865062002E-1,3.076355913001E-1,3.550333363001E-1,4.081811937E-1,
4.671140884E-1,5.290713729001E-1,5.887106888E-1,6.416541967E-1,
6.891951296999E-1,7.343404567999E-1,7.792408705E-1,8.26465615E-1,
8.777617621999E-1,9.349920240999E-1,1.E0),.UNSPECIFIED.);
#6507=B_SPLINE_CURVE_WITH_KNOTS('',3,(#6497,#6498,#6499,#6500,#6501,#6502,#6503,
#6504,#6505,#6506),.UNSPECIFIED.,.F.,.F.,(4,1,1,1,1,1,1,4),(0.E0,
1.493561115008E-1,2.916510547005E-1,4.307423096003E-1,5.759199706E-1,
7.111527723997E-1,8.524263311994E-1,1.E0),.UNSPECIFIED.);
#6527=B_SPLINE_CURVE_WITH_KNOTS('',3,(#6508,#6509,#6510,#6511,#6512,#6513,#6514,
#6515,#6516,#6517,#6518,#6519,#6520,#6521,#6522,#6523,#6524,#6525,#6526),
.UNSPECIFIED.,.F.,.F.,(4,1,1,1,1,1,1,1,1,1,1,1,1,1,1,1,4),(0.E0,
7.765055260019E-2,1.455212828002E-1,2.060435553001E-1,2.614043878001E-1,
3.156905278002E-1,3.731933876001E-1,4.362325939002E-1,5.037499638001E-1,
5.690867041001E-1,6.291291081001E-1,6.839542747001E-1,7.370581933E-1,
7.922769007E-1,8.530381402E-1,9.214031086999E-1,1.E0),.UNSPECIFIED.);
#6538=B_SPLINE_CURVE_WITH_KNOTS('',3,(#6528,#6529,#6530,#6531,#6532,#6533,#6534,
#6535,#6536,#6537),.UNSPECIFIED.,.F.,.F.,(4,1,1,1,1,1,1,4),(0.E0,
1.493561115014E-1,2.916510547009E-1,4.307423096007E-1,5.759199706003E-1,
7.111527724001E-1,8.524263311998E-1,1.E0),.UNSPECIFIED.);
#6549=B_SPLINE_CURVE_WITH_KNOTS('',3,(#6539,#6540,#6541,#6542,#6543,#6544,#6545,
#6546,#6547,#6548),.UNSPECIFIED.,.F.,.F.,(4,1,1,1,1,1,1,4),(0.E0,
1.493527437009E-1,2.916396567008E-1,4.307227774005E-1,5.759004683001E-1,
7.111353959998E-1,8.523869065997E-1,1.E0),.UNSPECIFIED.);
#6560=B_SPLINE_CURVE_WITH_KNOTS('',3,(#6550,#6551,#6552,#6553,#6554,#6555,#6556,
#6557,#6558,#6559),.UNSPECIFIED.,.F.,.F.,(4,1,1,1,1,1,1,4),(0.E0,1.493508128E-1,
2.916441535E-1,4.307284249999E-1,5.759017171999E-1,7.111307454997E-1,
8.523757603997E-1,1.E0),.UNSPECIFIED.);
#6571=B_SPLINE_CURVE_WITH_KNOTS('',3,(#6561,#6562,#6563,#6564,#6565,#6566,#6567,
#6568,#6569,#6570),.UNSPECIFIED.,.F.,.F.,(4,1,1,1,1,1,1,4),(0.E0,
1.494019550009E-1,2.916763764007E-1,4.307577496003E-1,5.7592682E-1,
7.111553168998E-1,8.524285628994E-1,1.E0),.UNSPECIFIED.);
#6582=B_SPLINE_CURVE_WITH_KNOTS('',3,(#6572,#6573,#6574,#6575,#6576,#6577,#6578,
#6579,#6580,#6581),.UNSPECIFIED.,.F.,.F.,(4,1,1,1,1,1,1,4),(0.E0,
1.493910379005E-1,2.916639178004E-1,4.307451475002E-1,5.759197021001E-1,
7.111540125999E-1,8.524265215997E-1,1.E0),.UNSPECIFIED.);
#6593=B_SPLINE_CURVE_WITH_KNOTS('',3,(#6583,#6584,#6585,#6586,#6587,#6588,#6589,
#6590,#6591,#6592),.UNSPECIFIED.,.F.,.F.,(4,1,1,1,1,1,1,4),(0.E0,
1.493561115008E-1,2.916510547005E-1,4.307423096001E-1,5.759199704996E-1,
7.111527723993E-1,8.524263311988E-1,1.E0),.UNSPECIFIED.);
#6602=CIRCLE('',#6601,4.882110374681E-1);
#6617=B_SPLINE_CURVE_WITH_KNOTS('',3,(#6603,#6604,#6605,#6606,#6607,#6608,#6609,
#6610,#6611,#6612,#6613,#6614,#6615,#6616),.UNSPECIFIED.,.F.,.F.,(4,1,1,1,1,1,1,
1,1,1,1,4),(0.E0,9.670375390558E-2,1.831999886095E-1,2.653078203132E-1,
3.474478766171E-1,4.333024122210E-1,5.218110198250E-1,6.118184656290E-1,
7.009328368331E-1,7.922163608374E-1,8.900116709417E-1,1.E0),.UNSPECIFIED.);
#6640=B_SPLINE_CURVE_WITH_KNOTS('',3,(#6626,#6627,#6628,#6629,#6630,#6631,#6632,
#6633,#6634,#6635,#6636,#6637,#6638,#6639),.UNSPECIFIED.,.F.,.F.,(4,1,1,1,1,1,1,
1,1,1,1,4),(0.E0,1.075564090693E-1,2.060117672727E-1,2.998373103759E-1,
3.918916056791E-1,4.842873229822E-1,5.743756638852E-1,6.621022412881E-1,
7.485630375910E-1,8.351010369940E-1,9.192684490968E-1,1.E0),.UNSPECIFIED.);
#6645=CIRCLE('',#6644,3.962713877296E-1);
#6660=B_SPLINE_CURVE_WITH_KNOTS('',3,(#6650,#6651,#6652,#6653,#6654,#6655,#6656,
#6657,#6658,#6659),.UNSPECIFIED.,.F.,.F.,(4,1,1,1,1,1,1,4),(0.E0,
1.493527436013E-1,2.916396567010E-1,4.307227773007E-1,5.759004683004E-1,
7.111353960001E-1,8.523869065998E-1,1.E0),.UNSPECIFIED.);
#6673=B_SPLINE_CURVE_WITH_KNOTS('',3,(#6661,#6662,#6663,#6664,#6665,#6666,#6667,
#6668,#6669,#6670,#6671,#6672),.UNSPECIFIED.,.F.,.F.,(4,1,1,1,1,1,1,1,1,4),
(0.E0,1.474458379032E-1,2.763352699026E-1,3.912769874021E-1,4.963025381017E-1,
5.950358573013E-1,6.903645971009E-1,7.866161927005E-1,8.882401536001E-1,1.E0),
.UNSPECIFIED.);
#6686=B_SPLINE_CURVE_WITH_KNOTS('',3,(#6674,#6675,#6676,#6677,#6678,#6679,#6680,
#6681,#6682,#6683,#6684,#6685),.UNSPECIFIED.,.F.,.F.,(4,1,1,1,1,1,1,1,1,4),
(0.E0,1.161409796983E-1,2.228562895972E-1,3.236702415959E-1,4.211847168949E-1,
5.197308404939E-1,6.227936251928E-1,7.350680780915E-1,8.595124781900E-1,1.E0),
.UNSPECIFIED.);
#6694=B_SPLINE_CURVE_WITH_KNOTS('',3,(#6687,#6688,#6689,#6690,#6691,#6692,
#6693),.UNSPECIFIED.,.F.,.F.,(4,1,1,1,4),(0.E0,2.431224634826E-1,
4.983552087884E-1,7.544119712944E-1,1.E0),.UNSPECIFIED.);
#6707=B_SPLINE_CURVE_WITH_KNOTS('',3,(#6695,#6696,#6697,#6698,#6699,#6700,#6701,
#6702,#6703,#6704,#6705,#6706),.UNSPECIFIED.,.F.,.F.,(4,1,1,1,1,1,1,1,1,4),
(0.E0,1.431503773022E-1,2.727805120018E-1,3.907732959014E-1,4.985481804012E-1,
5.996649783009E-1,6.974806113006E-1,7.951545749003E-1,8.950895102E-1,1.E0),
.UNSPECIFIED.);
#6720=B_SPLINE_CURVE_WITH_KNOTS('',3,(#6708,#6709,#6710,#6711,#6712,#6713,#6714,
#6715,#6716,#6717,#6718,#6719),.UNSPECIFIED.,.F.,.F.,(4,1,1,1,1,1,1,1,1,4),
(0.E0,1.080403126960E-1,2.049398059924E-1,2.970553807889E-1,3.892971190854E-1,
4.876245949816E-1,5.967335377776E-1,7.193345646730E-1,8.540885681679E-1,1.E0),
.UNSPECIFIED.);
#6734=B_SPLINE_CURVE_WITH_KNOTS('',3,(#6721,#6722,#6723,#6724,#6725,#6726,#6727,
#6728,#6729,#6730,#6731,#6732,#6733),.UNSPECIFIED.,.F.,.F.,(4,1,1,1,1,1,1,1,1,1,
4),(0.E0,1.401258038601E-1,2.690444434661E-1,3.875075509715E-1,
4.961316214766E-1,5.954489925811E-1,6.839709727854E-1,7.632399716890E-1,
8.374985013925E-1,9.144749880960E-1,1.E0),.UNSPECIFIED.);
#6745=B_SPLINE_CURVE_WITH_KNOTS('',3,(#6735,#6736,#6737,#6738,#6739,#6740,#6741,
#6742,#6743,#6744),.UNSPECIFIED.,.F.,.F.,(4,1,1,1,1,1,1,4),(0.E0,
1.134777918870E-1,2.273798326716E-1,3.489330728552E-1,4.834518804369E-1,
6.356759899163E-1,8.078167581930E-1,1.E0),.UNSPECIFIED.);
#6752=B_SPLINE_CURVE_WITH_KNOTS('',3,(#6746,#6747,#6748,#6749,#6750,#6751),
.UNSPECIFIED.,.F.,.F.,(4,1,1,4),(0.E0,3.156348022164E-1,6.355652999465E-1,1.E0),
.UNSPECIFIED.);
#6763=B_SPLINE_CURVE_WITH_KNOTS('',3,(#6753,#6754,#6755,#6756,#6757,#6758,#6759,
#6760,#6761,#6762),.UNSPECIFIED.,.F.,.F.,(4,1,1,1,1,1,1,4),(0.E0,
1.597839493071E-1,3.081941213870E-1,4.488521155010E-1,5.897465736697E-1,
7.276965938592E-1,8.706240868080E-1,1.E0),.UNSPECIFIED.);
#6781=B_SPLINE_CURVE_WITH_KNOTS('',3,(#6764,#6765,#6766,#6767,#6768,#6769,#6770,
#6771,#6772,#6773,#6774,#6775,#6776,#6777,#6778,#6779,#6780),.UNSPECIFIED.,.F.,
.F.,(4,1,1,1,1,1,1,1,1,1,1,1,1,1,4),(0.E0,1.707490496803E-3,1.028824264725E-1,
2.080757049311E-1,3.124825412291E-1,4.111562598147E-1,5.008831703193E-1,
5.799548193005E-1,6.493476639152E-1,7.112745204380E-1,7.679116454760E-1,
8.222255359E-1,8.768574692398E-1,9.350520816342E-1,1.E0),.UNSPECIFIED.);
#6793=B_SPLINE_CURVE_WITH_KNOTS('',3,(#6782,#6783,#6784,#6785,#6786,#6787,#6788,
#6789,#6790,#6791,#6792),.UNSPECIFIED.,.F.,.F.,(4,1,1,1,1,1,1,1,4),(0.E0,
1.185995584984E-1,2.251543012969E-1,3.283593006954E-1,4.352591014939E-1,
5.530992135923E-1,6.863546382904E-1,8.354573693884E-1,1.E0),.UNSPECIFIED.);
#6808=B_SPLINE_CURVE_WITH_KNOTS('',3,(#6794,#6795,#6796,#6797,#6798,#6799,#6800,
#6801,#6802,#6803,#6804,#6805,#6806,#6807),.UNSPECIFIED.,.F.,.F.,(4,1,1,1,1,1,1,
1,1,1,1,4),(0.E0,1.286076392452E-1,2.478150303531E-1,3.581447447602E-1,
4.600673136668E-1,5.540889864730E-1,6.397115052784E-1,7.162427178834E-1,
7.861806700879E-1,8.529860685922E-1,9.229255071970E-1,1.E0),.UNSPECIFIED.);
#6824=B_SPLINE_CURVE_WITH_KNOTS('',3,(#6809,#6810,#6811,#6812,#6813,#6814,#6815,
#6816,#6817,#6818,#6819,#6820,#6821,#6822,#6823),.UNSPECIFIED.,.F.,.F.,(4,1,1,1,
1,1,1,1,1,1,1,1,4),(0.E0,4.656994160070E-2,9.788139379993E-2,1.532056749990E-1,
2.112667432979E-1,2.747548608970E-1,3.465550229957E-1,4.271963052944E-1,
5.174308670929E-1,6.186223057913E-1,7.321050051893E-1,8.588976338873E-1,1.E0),
.UNSPECIFIED.);
#6835=B_SPLINE_CURVE_WITH_KNOTS('',3,(#6825,#6826,#6827,#6828,#6829,#6830,#6831,
#6832,#6833,#6834),.UNSPECIFIED.,.F.,.F.,(4,1,1,1,1,1,1,4),(0.E0,
1.626790540845E-1,3.064649794831E-1,4.482720569818E-1,5.870226744805E-1,
7.253039781793E-1,8.627085924780E-1,1.E0),.UNSPECIFIED.);
#6842=B_SPLINE_CURVE_WITH_KNOTS('',3,(#6836,#6837,#6838,#6839,#6840,#6841),
.UNSPECIFIED.,.F.,.F.,(4,1,1,4),(0.E0,3.130039370578E-1,6.419920798498E-1,1.E0),
.UNSPECIFIED.);
#6865=B_SPLINE_CURVE_WITH_KNOTS('',3,(#6843,#6844,#6845,#6846,#6847,#6848,#6849,
#6850,#6851,#6852,#6853,#6854,#6855,#6856,#6857,#6858,#6859,#6860,#6861,#6862,
#6863,#6864),.UNSPECIFIED.,.F.,.F.,(4,1,1,1,1,1,1,1,1,1,1,1,1,1,1,1,1,1,1,4),(
0.E0,6.347104410010E-2,1.202073616E-1,1.715915845001E-1,2.186398658999E-1,
2.632843158E-1,3.076348052E-1,3.550327592E-1,4.081795337999E-1,
4.671112988998E-1,5.290685064999E-1,5.887092228999E-1,6.416539894E-1,
6.891960989998E-1,7.343427876999E-1,7.792445670998E-1,8.264701043998E-1,
8.777661394998E-1,9.349950403997E-1,1.E0),.UNSPECIFIED.);
#6876=B_SPLINE_CURVE_WITH_KNOTS('',3,(#6866,#6867,#6868,#6869,#6870,#6871,#6872,
#6873,#6874,#6875),.UNSPECIFIED.,.F.,.F.,(4,1,1,1,1,1,1,4),(0.E0,
1.493561115009E-1,2.916510547006E-1,4.307423096004E-1,5.759199705001E-1,
7.111527723998E-1,8.524263311996E-1,1.E0),.UNSPECIFIED.);
#6896=B_SPLINE_CURVE_WITH_KNOTS('',3,(#6877,#6878,#6879,#6880,#6881,#6882,#6883,
#6884,#6885,#6886,#6887,#6888,#6889,#6890,#6891,#6892,#6893,#6894,#6895),
.UNSPECIFIED.,.F.,.F.,(4,1,1,1,1,1,1,1,1,1,1,1,1,1,1,1,4),(0.E0,
7.764741070049E-2,1.455160117003E-1,2.060366309004E-1,2.613957168003E-1,
3.156790596003E-1,3.731775577004E-1,4.362119421002E-1,5.037257875002E-1,
5.690609642003E-1,6.291035209002E-1,6.839300320002E-1,7.370364712002E-1,
7.922589443002E-1,8.530252731001E-1,9.213963185E-1,1.E0),.UNSPECIFIED.);
#6907=B_SPLINE_CURVE_WITH_KNOTS('',3,(#6897,#6898,#6899,#6900,#6901,#6902,#6903,
#6904,#6905,#6906),.UNSPECIFIED.,.F.,.F.,(4,1,1,1,1,1,1,4),(0.E0,
1.493561115009E-1,2.916510547007E-1,4.307423096004E-1,5.759199706002E-1,
7.111527723998E-1,8.524263311996E-1,1.E0),.UNSPECIFIED.);
#6915=B_SPLINE_CURVE_WITH_KNOTS('',3,(#6908,#6909,#6910,#6911,#6912,#6913,
#6914),.UNSPECIFIED.,.F.,.F.,(4,1,1,1,4),(0.E0,2.427449931899E-1,
4.979630056761E-1,7.541250632619E-1,1.E0),.UNSPECIFIED.);
#6929=B_SPLINE_CURVE_WITH_KNOTS('',3,(#6916,#6917,#6918,#6919,#6920,#6921,#6922,
#6923,#6924,#6925,#6926,#6927,#6928),.UNSPECIFIED.,.F.,.F.,(4,1,1,1,1,1,1,1,1,1,
4),(0.E0,1.156364254944E-1,2.235447818952E-1,3.255984733958E-1,
4.237316568964E-1,5.197016917971E-1,6.144373144977E-1,7.088402344983E-1,
8.038265870989E-1,9.005503620996E-1,1.E0),.UNSPECIFIED.);
#6943=B_SPLINE_CURVE_WITH_KNOTS('',3,(#6930,#6931,#6932,#6933,#6934,#6935,#6936,
#6937,#6938,#6939,#6940,#6941,#6942),.UNSPECIFIED.,.F.,.F.,(4,1,1,1,1,1,1,1,1,1,
4),(0.E0,9.940055889997E-2,1.958853015994E-1,2.905320483990E-1,
3.844205072984E-1,4.787296374981E-1,5.742714386976E-1,6.722755834971E-1,
7.745075563966E-1,8.830991006961E-1,1.E0),.UNSPECIFIED.);
#6951=B_SPLINE_CURVE_WITH_KNOTS('',3,(#6944,#6945,#6946,#6947,#6948,#6949,
#6950),.UNSPECIFIED.,.F.,.F.,(4,1,1,1,4),(0.E0,2.431224635796E-1,
4.983552088536E-1,7.544119713272E-1,1.E0),.UNSPECIFIED.);
#6962=B_SPLINE_CURVE_WITH_KNOTS('',3,(#6952,#6953,#6954,#6955,#6956,#6957,#6958,
#6959,#6960,#6961),.UNSPECIFIED.,.F.,.F.,(4,1,1,1,1,1,1,4),(0.E0,
1.493561114010E-1,2.916510547008E-1,4.307423096005E-1,5.759199705002E-1,
7.111527724E-1,8.524263311997E-1,1.E0),.UNSPECIFIED.);
#6973=B_SPLINE_CURVE_WITH_KNOTS('',3,(#6963,#6964,#6965,#6966,#6967,#6968,#6969,
#6970,#6971,#6972),.UNSPECIFIED.,.F.,.F.,(4,1,1,1,1,1,1,4),(0.E0,
1.493561115006E-1,2.916510547004E-1,4.307423096E-1,5.759199704997E-1,
7.111527723994E-1,8.524263311992E-1,1.E0),.UNSPECIFIED.);
#6987=B_SPLINE_CURVE_WITH_KNOTS('',3,(#6974,#6975,#6976,#6977,#6978,#6979,#6980,
#6981,#6982,#6983,#6984,#6985,#6986),.UNSPECIFIED.,.F.,.F.,(4,1,1,1,1,1,1,1,1,1,
4),(0.E0,1.047914976002E-1,1.998912594002E-1,2.952001583001E-1,
3.952298636001E-1,5.016138619001E-1,6.074571915001E-1,7.068079112E-1,
8.028238273E-1,8.995168443E-1,1.E0),.UNSPECIFIED.);
#7001=B_SPLINE_CURVE_WITH_KNOTS('',3,(#6988,#6989,#6990,#6991,#6992,#6993,#6994,
#6995,#6996,#6997,#6998,#6999,#7000),.UNSPECIFIED.,.F.,.F.,(4,1,1,1,1,1,1,1,1,1,
4),(0.E0,1.045731217002E-1,2.000790302001E-1,2.953580394E-1,3.955294988E-1,
5.018562526E-1,6.07671004E-1,7.071812957E-1,8.030760454999E-1,8.994847342999E-1,
1.E0),.UNSPECIFIED.);
#7006=CIRCLE('',#7005,2.838853063288E-1);
#7011=CIRCLE('',#7010,2.838853063288E-1);
#7022=B_SPLINE_CURVE_WITH_KNOTS('',3,(#7012,#7013,#7014,#7015,#7016,#7017,#7018,
#7019,#7020,#7021),.UNSPECIFIED.,.F.,.F.,(4,1,1,1,1,1,1,4),(0.E0,
1.493985853004E-1,2.916649787002E-1,4.307382190999E-1,5.759073217997E-1,
7.111379418995E-1,8.523891358993E-1,1.E0),.UNSPECIFIED.);
#7027=CIRCLE('',#7026,2.839253470414E-1);
#7032=CIRCLE('',#7031,2.839253470414E-1);
#7045=CIRCLE('',#7044,1.91E0);
#7050=CIRCLE('',#7049,1.91E0);
#7055=CIRCLE('',#7054,1.909999999995E0);
#7060=CIRCLE('',#7059,1.909999999995E0);
#7065=CIRCLE('',#7064,1.909999999995E0);
#7070=CIRCLE('',#7069,1.91E0);
#7075=CIRCLE('',#7074,7.91E0);
#7080=CIRCLE('',#7079,7.91E0);
#7089=CIRCLE('',#7088,4.089800202669E0);
#7118=CIRCLE('',#7117,4.089800185655E0);
#7127=CIRCLE('',#7126,1.25E0);
#7132=CIRCLE('',#7131,1.25E0);
#7137=CIRCLE('',#7136,1.25E0);
#7142=CIRCLE('',#7141,1.25E0);
#7147=CIRCLE('',#7146,1.91E0);
#7152=CIRCLE('',#7151,1.91E0);
#7157=CIRCLE('',#7156,1.91E0);
#7162=CIRCLE('',#7161,1.91E0);
#7167=CIRCLE('',#7166,1.91E0);
#7172=CIRCLE('',#7171,1.91E0);
#7177=CIRCLE('',#7176,6.E0);
#7186=CIRCLE('',#7185,1.91E0);
#7191=CIRCLE('',#7190,1.91E0);
#7196=CIRCLE('',#7195,1.91E0);
#7201=CIRCLE('',#7200,1.91E0);
#7206=CIRCLE('',#7205,1.91E0);
#7211=CIRCLE('',#7210,1.91E0);
#7224=CIRCLE('',#7223,1.91E0);
#7229=CIRCLE('',#7228,1.91E0);
#7234=CIRCLE('',#7233,1.91E0);
#7239=CIRCLE('',#7238,1.91E0);
#7244=CIRCLE('',#7243,1.91E0);
#7249=CIRCLE('',#7248,1.91E0);
#7254=CIRCLE('',#7253,6.E0);
#7263=CIRCLE('',#7262,1.91E0);
#7268=CIRCLE('',#7267,1.91E0);
#7273=CIRCLE('',#7272,1.91E0);
#7278=CIRCLE('',#7277,1.91E0);
#7283=CIRCLE('',#7282,1.91E0);
#7288=CIRCLE('',#7287,1.91E0);
#7301=CIRCLE('',#7300,1.25E0);
#7306=CIRCLE('',#7305,1.25E0);
#7319=CIRCLE('',#7318,1.25E0);
#7324=CIRCLE('',#7323,1.25E0);
#7401=CIRCLE('',#7400,3.040010029254E-1);
#7413=B_SPLINE_CURVE_WITH_KNOTS('',3,(#7406,#7407,#7408,#7409,#7410,#7411,
#7412),.UNSPECIFIED.,.F.,.F.,(4,1,1,1,4),(0.E0,2.455880287336E-1,
5.016447911676E-1,7.568775366013E-1,1.E0),.UNSPECIFIED.);
#7424=B_SPLINE_CURVE_WITH_KNOTS('',3,(#7418,#7419,#7420,#7421,#7422,#7423),
.UNSPECIFIED.,.F.,.F.,(4,1,1,4),(0.E0,3.224613822279E-1,6.539732995208E-1,1.E0),
.UNSPECIFIED.);
#7437=CIRCLE('',#7436,3.039628268172E-1);
#7450=B_SPLINE_CURVE_WITH_KNOTS('',3,(#7442,#7443,#7444,#7445,#7446,#7447,#7448,
#7449),.UNSPECIFIED.,.F.,.F.,(4,1,1,1,1,4),(0.E0,2.409234468026E-1,
4.922178708471E-1,7.426957516128E-1,9.811688990294E-1,1.E0),.UNSPECIFIED.);
#7458=B_SPLINE_CURVE_WITH_KNOTS('',3,(#7451,#7452,#7453,#7454,#7455,#7456,
#7457),.UNSPECIFIED.,.F.,.F.,(4,1,1,1,4),(0.E0,2.744160854640E-2,
3.413446192880E-1,6.635147366908E-1,1.E0),.UNSPECIFIED.);
#7537=B_SPLINE_CURVE_WITH_KNOTS('',3,(#7515,#7516,#7517,#7518,#7519,#7520,#7521,
#7522,#7523,#7524,#7525,#7526,#7527,#7528,#7529,#7530,#7531,#7532,#7533,#7534,
#7535,#7536),.UNSPECIFIED.,.F.,.F.,(4,1,1,1,1,1,1,1,1,1,1,1,1,1,1,1,1,1,1,4),(
0.E0,6.500797590013E-2,1.222382378001E-1,1.73534385E-1,2.207591295E-1,
2.656595432001E-1,3.108048703001E-1,3.583458033E-1,4.112893112E-1,
4.709286270999E-1,5.328859116E-1,5.918188063E-1,6.449666636999E-1,
6.923644086999E-1,7.367134937998E-1,7.813561484999E-1,8.284035700999E-1,
8.797883889999E-1,9.365264143997E-1,1.E0),.UNSPECIFIED.);
#7552=B_SPLINE_CURVE_WITH_KNOTS('',3,(#7542,#7543,#7544,#7545,#7546,#7547,#7548,
#7549,#7550,#7551),.UNSPECIFIED.,.F.,.F.,(4,1,1,1,1,1,1,4),(0.E0,
1.475736688002E-1,2.888472275999E-1,4.240800293997E-1,5.692576903993E-1,
7.083489452991E-1,8.506438884986E-1,1.E0),.UNSPECIFIED.);
#7576=B_SPLINE_CURVE_WITH_KNOTS('',3,(#7557,#7558,#7559,#7560,#7561,#7562,#7563,
#7564,#7565,#7566,#7567,#7568,#7569,#7570,#7571,#7572,#7573,#7574,#7575),
.UNSPECIFIED.,.F.,.F.,(4,1,1,1,1,1,1,1,1,1,1,1,1,1,1,1,4),(0.E0,
7.859689130006E-2,1.469618598E-1,2.077230993E-1,2.629418067E-1,
3.160457252999E-1,3.708708918999E-1,4.309132958999E-1,4.962500361999E-1,
5.637674060998E-1,6.268066123999E-1,6.843094721998E-1,7.385956121999E-1,
7.939564446999E-1,8.544787171998E-1,9.223494473998E-1,1.E0),.UNSPECIFIED.);
#7591=B_SPLINE_CURVE_WITH_KNOTS('',3,(#7581,#7582,#7583,#7584,#7585,#7586,#7587,
#7588,#7589,#7590),.UNSPECIFIED.,.F.,.F.,(4,1,1,1,1,1,1,4),(0.E0,
1.475736688006E-1,2.888472276003E-1,4.240800294E-1,5.692576903997E-1,
7.083489452995E-1,8.506438884992E-1,1.E0),.UNSPECIFIED.);
#7686=B_SPLINE_CURVE_WITH_KNOTS('',3,(#7676,#7677,#7678,#7679,#7680,#7681,#7682,
#7683,#7684,#7685),.UNSPECIFIED.,.F.,.F.,(4,1,1,1,1,1,1,4),(0.E0,
1.476130934003E-1,2.888646040002E-1,4.240995316999E-1,5.692772225995E-1,
7.083603432992E-1,8.506472562991E-1,1.E0),.UNSPECIFIED.);
#7701=B_SPLINE_CURVE_WITH_KNOTS('',3,(#7691,#7692,#7693,#7694,#7695,#7696,#7697,
#7698,#7699,#7700),.UNSPECIFIED.,.F.,.F.,(4,1,1,1,1,1,1,4),(0.E0,
1.475734784003E-1,2.888459874001E-1,4.240802978999E-1,5.692548524998E-1,
7.083360821996E-1,8.506089620995E-1,1.E0),.UNSPECIFIED.);
#7724=B_SPLINE_CURVE_WITH_KNOTS('',3,(#7714,#7715,#7716,#7717,#7718,#7719,#7720,
#7721,#7722,#7723),.UNSPECIFIED.,.F.,.F.,(4,1,1,1,1,1,1,4),(0.E0,
1.475714371006E-1,2.888446831002E-1,4.2407318E-1,5.692422503997E-1,
7.083236235993E-1,8.505980449991E-1,1.E0),.UNSPECIFIED.);
#7739=B_SPLINE_CURVE_WITH_KNOTS('',3,(#7729,#7730,#7731,#7732,#7733,#7734,#7735,
#7736,#7737,#7738),.UNSPECIFIED.,.F.,.F.,(4,1,1,1,1,1,1,4),(0.E0,
1.476242396003E-1,2.888692545003E-1,4.240982828001E-1,5.692715750001E-1,
7.083558465E-1,8.506491872E-1,1.E0),.UNSPECIFIED.);
#7816=CIRCLE('',#7815,3.962713877296E-1);
#7831=B_SPLINE_CURVE_WITH_KNOTS('',3,(#7817,#7818,#7819,#7820,#7821,#7822,#7823,
#7824,#7825,#7826,#7827,#7828,#7829,#7830),.UNSPECIFIED.,.F.,.F.,(4,1,1,1,1,1,1,
1,1,1,1,4),(0.E0,8.073155090321E-2,1.648989630060E-1,2.514369624090E-1,
3.378977587119E-1,4.256243361148E-1,5.157126770178E-1,6.081083943209E-1,
7.001626896241E-1,7.939882327273E-1,8.924435909307E-1,1.E0),.UNSPECIFIED.);
#7854=B_SPLINE_CURVE_WITH_KNOTS('',3,(#7840,#7841,#7842,#7843,#7844,#7845,#7846,
#7847,#7848,#7849,#7850,#7851,#7852,#7853),.UNSPECIFIED.,.F.,.F.,(4,1,1,1,1,1,1,
1,1,1,1,4),(0.E0,1.099883290583E-1,2.077836391626E-1,2.990671631669E-1,
3.881815343710E-1,4.781889801750E-1,5.666975877790E-1,6.525521233829E-1,
7.346921796868E-1,8.168000113905E-1,9.032962460944E-1,1.E0),.UNSPECIFIED.);
#7859=CIRCLE('',#7858,4.882110374681E-1);
#7878=B_SPLINE_CURVE_WITH_KNOTS('',3,(#7868,#7869,#7870,#7871,#7872,#7873,#7874,
#7875,#7876,#7877),.UNSPECIFIED.,.F.,.F.,(4,1,1,1,1,1,1,4),(0.E0,
1.475736688012E-1,2.888472276007E-1,4.240800295004E-1,5.692576903999E-1,
7.083489452995E-1,8.506438884992E-1,1.E0),.UNSPECIFIED.);
#7937=B_SPLINE_CURVE_WITH_KNOTS('',3,(#7927,#7928,#7929,#7930,#7931,#7932,#7933,
#7934,#7935,#7936),.UNSPECIFIED.,.F.,.F.,(4,1,1,1,1,1,1,4),(0.E0,
1.476130934002E-1,2.888646039999E-1,4.240995316996E-1,5.692772226993E-1,
7.083603432990E-1,8.506472563987E-1,1.E0),.UNSPECIFIED.);
#7949=B_SPLINE_CURVE_WITH_KNOTS('',3,(#7942,#7943,#7944,#7945,#7946,#7947,
#7948),.UNSPECIFIED.,.F.,.F.,(4,1,1,1,4),(0.E0,2.455880287056E-1,
5.016447912116E-1,7.568775365174E-1,1.E0),.UNSPECIFIED.);
#7966=B_SPLINE_CURVE_WITH_KNOTS('',3,(#7954,#7955,#7956,#7957,#7958,#7959,#7960,
#7961,#7962,#7963,#7964,#7965),.UNSPECIFIED.,.F.,.F.,(4,1,1,1,1,1,1,1,1,4),
(0.E0,1.404875218100E-1,2.649319219085E-1,3.772063748072E-1,4.802691595061E-1,
5.788152831051E-1,6.763297584041E-1,7.771437104028E-1,8.838590203017E-1,1.E0),
.UNSPECIFIED.);
#7979=B_SPLINE_CURVE_WITH_KNOTS('',3,(#7967,#7968,#7969,#7970,#7971,#7972,#7973,
#7974,#7975,#7976,#7977,#7978),.UNSPECIFIED.,.F.,.F.,(4,1,1,1,1,1,1,1,1,4),
(0.E0,1.117598463999E-1,2.133838072995E-1,3.096354028991E-1,4.049641426987E-1,
5.036974618983E-1,6.087230125979E-1,7.236647300974E-1,8.525541620968E-1,1.E0),
.UNSPECIFIED.);
#8011=B_SPLINE_CURVE_WITH_KNOTS('',3,(#8000,#8001,#8002,#8003,#8004,#8005,#8006,
#8007,#8008,#8009,#8010),.UNSPECIFIED.,.F.,.F.,(4,1,1,1,1,1,1,1,4),(0.E0,
1.555807260924E-1,2.942100188939E-1,4.166256868950E-1,5.290613758962E-1,
6.421057582973E-1,7.613202242986E-1,8.829515486998E-1,1.E0),.UNSPECIFIED.);
#8023=B_SPLINE_CURVE_WITH_KNOTS('',3,(#8012,#8013,#8014,#8015,#8016,#8017,#8018,
#8019,#8020,#8021,#8022),.UNSPECIFIED.,.F.,.F.,(4,1,1,1,1,1,1,1,4),(0.E0,
1.316379275120E-1,2.489683549221E-1,3.585024951316E-1,4.674182394409E-1,
5.802412676507E-1,7.040594109614E-1,8.420586530734E-1,1.E0),.UNSPECIFIED.);
#8043=B_SPLINE_CURVE_WITH_KNOTS('',3,(#8032,#8033,#8034,#8035,#8036,#8037,#8038,
#8039,#8040,#8041,#8042),.UNSPECIFIED.,.F.,.F.,(4,1,1,1,1,1,1,1,4),(0.E0,
1.579413469266E-1,2.959405890386E-1,4.197587323493E-1,5.325817605591E-1,
6.414975048684E-1,7.510316450779E-1,8.683620724880E-1,1.E0),.UNSPECIFIED.);
#8055=B_SPLINE_CURVE_WITH_KNOTS('',3,(#8044,#8045,#8046,#8047,#8048,#8049,#8050,
#8051,#8052,#8053,#8054),.UNSPECIFIED.,.F.,.F.,(4,1,1,1,1,1,1,1,4),(0.E0,
1.170484513002E-1,2.386797757014E-1,3.578942417027E-1,4.709386241038E-1,
5.833743131050E-1,7.057899811061E-1,8.444192739076E-1,1.E0),.UNSPECIFIED.);
#8140=B_SPLINE_CURVE_WITH_KNOTS('',3,(#8128,#8129,#8130,#8131,#8132,#8133,#8134,
#8135,#8136,#8137,#8138,#8139),.UNSPECIFIED.,.F.,.F.,(4,1,1,1,1,1,1,1,1,4),
(0.E0,1.049104898E-1,2.048454250997E-1,3.025193886994E-1,4.003350216991E-1,
5.014518195988E-1,6.092267040986E-1,7.272194879982E-1,8.568496226978E-1,1.E0),
.UNSPECIFIED.);
#8147=B_SPLINE_CURVE_WITH_KNOTS('',3,(#8141,#8142,#8143,#8144,#8145,#8146),
.UNSPECIFIED.,.F.,.F.,(4,1,1,4),(0.E0,3.580079201502E-1,6.869960629422E-1,1.E0),
.UNSPECIFIED.);
#8158=B_SPLINE_CURVE_WITH_KNOTS('',3,(#8148,#8149,#8150,#8151,#8152,#8153,#8154,
#8155,#8156,#8157),.UNSPECIFIED.,.F.,.F.,(4,1,1,1,1,1,1,4),(0.E0,
1.372914075220E-1,2.746960218207E-1,4.129773255195E-1,5.517279430182E-1,
6.935350205169E-1,8.373209459155E-1,1.E0),.UNSPECIFIED.);
#8174=B_SPLINE_CURVE_WITH_KNOTS('',3,(#8159,#8160,#8161,#8162,#8163,#8164,#8165,
#8166,#8167,#8168,#8169,#8170,#8171,#8172,#8173),.UNSPECIFIED.,.F.,.F.,(4,1,1,1,
1,1,1,1,1,1,1,1,4),(0.E0,1.411023661127E-1,2.678949948107E-1,3.813776942087E-1,
4.825691329071E-1,5.728036947056E-1,6.534449770043E-1,7.252451391030E-1,
7.887332567021E-1,8.467943250010E-1,9.021186062001E-1,9.534300583993E-1,1.E0),
.UNSPECIFIED.);
#8189=B_SPLINE_CURVE_WITH_KNOTS('',3,(#8175,#8176,#8177,#8178,#8179,#8180,#8181,
#8182,#8183,#8184,#8185,#8186,#8187,#8188),.UNSPECIFIED.,.F.,.F.,(4,1,1,1,1,1,1,
1,1,1,1,4),(0.E0,7.707449280300E-2,1.470139314078E-1,2.138193299121E-1,
2.837572821166E-1,3.602884947216E-1,4.459110135270E-1,5.399326863332E-1,
6.418552552398E-1,7.521849696469E-1,8.713923607548E-1,1.E0),.UNSPECIFIED.);
#8201=B_SPLINE_CURVE_WITH_KNOTS('',3,(#8190,#8191,#8192,#8193,#8194,#8195,#8196,
#8197,#8198,#8199,#8200),.UNSPECIFIED.,.F.,.F.,(4,1,1,1,1,1,1,1,4),(0.E0,
1.645426306116E-1,3.136453617096E-1,4.469007864077E-1,5.647408985061E-1,
6.716406993046E-1,7.748456987031E-1,8.814004415016E-1,1.E0),.UNSPECIFIED.);
#8219=B_SPLINE_CURVE_WITH_KNOTS('',3,(#8202,#8203,#8204,#8205,#8206,#8207,#8208,
#8209,#8210,#8211,#8212,#8213,#8214,#8215,#8216,#8217,#8218),.UNSPECIFIED.,.F.,
.F.,(4,1,1,1,1,1,1,1,1,1,1,1,1,1,4),(0.E0,6.494791836580E-2,1.231425307602E-1,
1.777744641E-1,2.320883545240E-1,2.887254795620E-1,3.506523360848E-1,
4.200451806995E-1,4.991168296807E-1,5.888437401853E-1,6.875174587709E-1,
7.919242950689E-1,8.971175735275E-1,9.982925095032E-1,1.E0),.UNSPECIFIED.);
#8230=B_SPLINE_CURVE_WITH_KNOTS('',3,(#8220,#8221,#8222,#8223,#8224,#8225,#8226,
#8227,#8228,#8229),.UNSPECIFIED.,.F.,.F.,(4,1,1,1,1,1,1,4),(0.E0,
1.293759131920E-1,2.723034061408E-1,4.102534263303E-1,5.511478844990E-1,
6.918058786130E-1,8.402160506929E-1,1.E0),.UNSPECIFIED.);
#8237=B_SPLINE_CURVE_WITH_KNOTS('',3,(#8231,#8232,#8233,#8234,#8235,#8236),
.UNSPECIFIED.,.F.,.F.,(4,1,1,4),(0.E0,3.644347000535E-1,6.843651977836E-1,1.E0),
.UNSPECIFIED.);
#8248=B_SPLINE_CURVE_WITH_KNOTS('',3,(#8238,#8239,#8240,#8241,#8242,#8243,#8244,
#8245,#8246,#8247),.UNSPECIFIED.,.F.,.F.,(4,1,1,1,1,1,1,4),(0.E0,
1.921832418070E-1,3.643240100837E-1,5.165481195631E-1,6.510669271448E-1,
7.726201673284E-1,8.865222081130E-1,1.E0),.UNSPECIFIED.);
#8262=B_SPLINE_CURVE_WITH_KNOTS('',3,(#8249,#8250,#8251,#8252,#8253,#8254,#8255,
#8256,#8257,#8258,#8259,#8260,#8261),.UNSPECIFIED.,.F.,.F.,(4,1,1,1,1,1,1,1,1,1,
4),(0.E0,8.552501190403E-2,1.625014986075E-1,2.367600283110E-1,
3.160290272146E-1,4.045510074189E-1,5.038683785234E-1,6.124924490285E-1,
7.309555565339E-1,8.598741961399E-1,1.E0),.UNSPECIFIED.);
#8275=B_SPLINE_CURVE_WITH_KNOTS('',3,(#8263,#8264,#8265,#8266,#8267,#8268,#8269,
#8270,#8271,#8272,#8273,#8274),.UNSPECIFIED.,.F.,.F.,(4,1,1,1,1,1,1,1,1,4),
(0.E0,1.459114318321E-1,2.806654353270E-1,4.032664622224E-1,5.123754050184E-1,
6.107028809146E-1,7.029446192111E-1,7.950601940076E-1,8.919596873040E-1,1.E0),
.UNSPECIFIED.);
#8346=B_SPLINE_CURVE_WITH_KNOTS('',3,(#8324,#8325,#8326,#8327,#8328,#8329,#8330,
#8331,#8332,#8333,#8334,#8335,#8336,#8337,#8338,#8339,#8340,#8341,#8342,#8343,
#8344,#8345),.UNSPECIFIED.,.F.,.F.,(4,1,1,1,1,1,1,1,1,1,1,1,1,1,1,1,1,1,1,4),(
0.E0,6.500495960030E-2,1.222338605002E-1,1.735298956002E-1,2.207554329002E-1,
2.656572123001E-1,3.108039010002E-1,3.583460106E-1,4.112907771001E-1,
4.709314935001E-1,5.328887011002E-1,5.918204662001E-1,6.449672408E-1,
6.923651948E-1,7.367156842E-1,7.813601341001E-1,8.284084154999E-1,
8.797926384E-1,9.365289558999E-1,1.E0),.UNSPECIFIED.);
#8361=B_SPLINE_CURVE_WITH_KNOTS('',3,(#8351,#8352,#8353,#8354,#8355,#8356,#8357,
#8358,#8359,#8360),.UNSPECIFIED.,.F.,.F.,(4,1,1,1,1,1,1,4),(0.E0,
1.475736688004E-1,2.888472276002E-1,4.240800293998E-1,5.692576903996E-1,
7.083489452993E-1,8.506438884991E-1,1.E0),.UNSPECIFIED.);
#8385=B_SPLINE_CURVE_WITH_KNOTS('',3,(#8366,#8367,#8368,#8369,#8370,#8371,#8372,
#8373,#8374,#8375,#8376,#8377,#8378,#8379,#8380,#8381,#8382,#8383,#8384),
.UNSPECIFIED.,.F.,.F.,(4,1,1,1,1,1,1,1,1,1,1,1,1,1,1,1,4),(0.E0,7.86036815E-2,
1.469747268999E-1,2.077410556998E-1,2.629635287998E-1,3.160699679998E-1,
3.708964790998E-1,4.309390357997E-1,4.962742124998E-1,5.637880578998E-1,
6.268224422996E-1,6.843209403997E-1,7.386042831997E-1,7.939633690996E-1,
8.544839882997E-1,9.223525892995E-1,1.E0),.UNSPECIFIED.);
#8400=B_SPLINE_CURVE_WITH_KNOTS('',3,(#8390,#8391,#8392,#8393,#8394,#8395,#8396,
#8397,#8398,#8399),.UNSPECIFIED.,.F.,.F.,(4,1,1,1,1,1,1,4),(0.E0,
1.475736688004E-1,2.888472276002E-1,4.240800294999E-1,5.692576903996E-1,
7.083489452994E-1,8.506438884991E-1,1.E0),.UNSPECIFIED.);
#8452=B_SPLINE_CURVE_WITH_KNOTS('',3,(#8445,#8446,#8447,#8448,#8449,#8450,
#8451),.UNSPECIFIED.,.F.,.F.,(4,1,1,1,4),(0.E0,2.458749367381E-1,
5.020369943239E-1,7.572550068101E-1,1.E0),.UNSPECIFIED.);
#8464=B_SPLINE_CURVE_WITH_KNOTS('',3,(#8457,#8458,#8459,#8460,#8461,#8462,
#8463),.UNSPECIFIED.,.F.,.F.,(4,1,1,1,4),(0.E0,2.455880286728E-1,
5.016447911464E-1,7.568775364204E-1,1.E0),.UNSPECIFIED.);
#8482=B_SPLINE_CURVE_WITH_KNOTS('',3,(#8469,#8470,#8471,#8472,#8473,#8474,#8475,
#8476,#8477,#8478,#8479,#8480,#8481),.UNSPECIFIED.,.F.,.F.,(4,1,1,1,1,1,1,1,1,1,
4),(0.E0,1.169008993039E-1,2.254924436034E-1,3.277244165029E-1,
4.257285613024E-1,5.212703625019E-1,6.155794927016E-1,7.094679516010E-1,
8.041146984006E-1,9.005994411E-1,1.E0),.UNSPECIFIED.);
#8496=B_SPLINE_CURVE_WITH_KNOTS('',3,(#8483,#8484,#8485,#8486,#8487,#8488,#8489,
#8490,#8491,#8492,#8493,#8494,#8495),.UNSPECIFIED.,.F.,.F.,(4,1,1,1,1,1,1,1,1,1,
4),(0.E0,9.944963790041E-2,1.961734129011E-1,2.911597655017E-1,
3.855626855023E-1,4.802983082029E-1,5.762683431036E-1,6.744015266042E-1,
7.764552181048E-1,8.843635745056E-1,1.E0),.UNSPECIFIED.);
#8525=B_SPLINE_CURVE_WITH_KNOTS('',3,(#8513,#8514,#8515,#8516,#8517,#8518,#8519,
#8520,#8521,#8522,#8523,#8524),.UNSPECIFIED.,.F.,.F.,(4,1,1,1,1,1,1,1,1,4),
(0.E0,1.224593532889E-1,2.388531939903E-1,3.490622583915E-1,4.522665205928E-1,
5.523418938939E-1,6.559760035951E-1,7.666806609965E-1,8.820175060978E-1,1.E0),
.UNSPECIFIED.);
#8538=B_SPLINE_CURVE_WITH_KNOTS('',3,(#8526,#8527,#8528,#8529,#8530,#8531,#8532,
#8533,#8534,#8535,#8536,#8537),.UNSPECIFIED.,.F.,.F.,(4,1,1,1,1,1,1,1,1,4),
(0.E0,1.189335006093E-1,2.344872714174E-1,3.453661928251E-1,4.497137964324E-1,
5.504903715394E-1,6.542113870465E-1,7.648151770543E-1,8.805072971623E-1,1.E0),
.UNSPECIFIED.);
#8559=B_SPLINE_CURVE_WITH_KNOTS('',3,(#8547,#8548,#8549,#8550,#8551,#8552,#8553,
#8554,#8555,#8556,#8557,#8558),.UNSPECIFIED.,.F.,.F.,(4,1,1,1,1,1,1,1,1,4),
(0.E0,1.194927028377E-1,2.351848229457E-1,3.457886129535E-1,4.495096284606E-1,
5.502862035676E-1,6.546338071749E-1,7.655127285826E-1,8.810664993907E-1,1.E0),
.UNSPECIFIED.);
#8572=B_SPLINE_CURVE_WITH_KNOTS('',3,(#8560,#8561,#8562,#8563,#8564,#8565,#8566,
#8567,#8568,#8569,#8570,#8571),.UNSPECIFIED.,.F.,.F.,(4,1,1,1,1,1,1,1,1,4),
(0.E0,1.179824939022E-1,2.333193390035E-1,3.440239964049E-1,4.476581061061E-1,
5.477334794072E-1,6.509377416085E-1,7.611468060097E-1,8.775406467111E-1,1.E0),
.UNSPECIFIED.);
#8635=B_SPLINE_CURVE_WITH_KNOTS('',3,(#8625,#8626,#8627,#8628,#8629,#8630,#8631,
#8632,#8633,#8634),.UNSPECIFIED.,.F.,.F.,(4,1,1,1,1,1,1,4),(0.E0,
1.475736688008E-1,2.888472276006E-1,4.240800295003E-1,5.692576904E-1,
7.083489452996E-1,8.506438884994E-1,1.E0),.UNSPECIFIED.);
#8650=B_SPLINE_CURVE_WITH_KNOTS('',3,(#8640,#8641,#8642,#8643,#8644,#8645,#8646,
#8647,#8648,#8649),.UNSPECIFIED.,.F.,.F.,(4,1,1,1,1,1,1,4),(0.E0,
1.475736688003E-1,2.888472276E-1,4.240800294998E-1,5.692576903995E-1,
7.083489452992E-1,8.506438885990E-1,1.E0),.UNSPECIFIED.);
#8672=B_SPLINE_CURVE_WITH_KNOTS('',3,(#8659,#8660,#8661,#8662,#8663,#8664,#8665,
#8666,#8667,#8668,#8669,#8670,#8671),.UNSPECIFIED.,.F.,.F.,(4,1,1,1,1,1,1,1,1,1,
4),(0.E0,1.004831557E-1,1.971761727E-1,2.931920888E-1,3.925428084999E-1,
4.983861380999E-1,6.047701363999E-1,7.047998416999E-1,8.001087405998E-1,
8.952085023998E-1,1.E0),.UNSPECIFIED.);
#8686=B_SPLINE_CURVE_WITH_KNOTS('',3,(#8673,#8674,#8675,#8676,#8677,#8678,#8679,
#8680,#8681,#8682,#8683,#8684,#8685),.UNSPECIFIED.,.F.,.F.,(4,1,1,1,1,1,1,1,1,1,
4),(0.E0,1.005152657001E-1,1.969239545001E-1,2.928187043E-1,3.92328996E-1,
4.981437474E-1,6.044705012E-1,7.046419606E-1,7.999209697999E-1,
8.954268782998E-1,1.E0),.UNSPECIFIED.);
#8707=B_SPLINE_CURVE_WITH_KNOTS('',3,(#8687,#8688,#8689,#8690,#8691,#8692,#8693,
#8694,#8695,#8696,#8697,#8698,#8699,#8700,#8701,#8702,#8703,#8704,#8705,#8706),
.UNSPECIFIED.,.F.,.F.,(4,1,1,1,1,1,1,1,1,1,1,1,1,1,1,1,1,4),(0.E0,
6.287401750010E-2,1.240900162001E-1,1.836909953E-1,2.417446814E-1,
2.987242354E-1,3.554557171E-1,4.130873409E-1,4.715639706999E-1,
5.307767213998E-1,5.891175575999E-1,6.464742987998E-1,7.027651491998E-1,
7.591471485998E-1,8.163170813998E-1,8.752156015997E-1,9.362669758997E-1,1.E0),
.UNSPECIFIED.);
#8720=B_SPLINE_CURVE_WITH_KNOTS('',3,(#8708,#8709,#8710,#8711,#8712,#8713,#8714,
#8715,#8716,#8717,#8718,#8719),.UNSPECIFIED.,.F.,.F.,(4,1,1,1,1,1,1,1,1,4),
(0.E0,1.156457367E-1,2.228098163999E-1,3.33147546E-1,4.440463035999E-1,
5.559146719999E-1,6.654780796998E-1,7.752565462998E-1,8.827792214998E-1,1.E0),
.UNSPECIFIED.);
#8745=B_SPLINE_CURVE_WITH_KNOTS('',3,(#8725,#8726,#8727,#8728,#8729,#8730,#8731,
#8732,#8733,#8734,#8735,#8736,#8737,#8738,#8739,#8740,#8741,#8742,#8743,#8744),
.UNSPECIFIED.,.F.,.F.,(4,1,1,1,1,1,1,1,1,1,1,1,1,1,1,1,1,4),(0.E0,
6.373302410033E-2,1.247843984003E-1,1.836829186002E-1,2.408528514002E-1,
2.972348508002E-1,3.535257012002E-1,4.108824424001E-1,4.692232786002E-1,
5.284360293001E-1,5.869126591E-1,6.445442829E-1,7.012757646E-1,7.582553186E-1,
8.163090047E-1,8.759099837999E-1,9.371259824999E-1,1.E0),.UNSPECIFIED.);
#8758=B_SPLINE_CURVE_WITH_KNOTS('',3,(#8746,#8747,#8748,#8749,#8750,#8751,#8752,
#8753,#8754,#8755,#8756,#8757),.UNSPECIFIED.,.F.,.F.,(4,1,1,1,1,1,1,1,1,4),
(0.E0,1.172207785002E-1,2.247434537002E-1,3.345219203002E-1,4.440853280001E-1,
5.559536964001E-1,6.66852454E-1,7.771901836001E-1,8.843542633E-1,1.E0),
.UNSPECIFIED.);
#8775=CIRCLE('',#8774,2.838853063288E-1);
#8780=CIRCLE('',#8779,2.838853063288E-1);
#8789=CIRCLE('',#8788,2.839253470414E-1);
#8794=CIRCLE('',#8793,2.839253470414E-1);
#8813=B_SPLINE_CURVE_WITH_KNOTS('',3,(#8803,#8804,#8805,#8806,#8807,#8808,#8809,
#8810,#8811,#8812),.UNSPECIFIED.,.F.,.F.,(4,1,1,1,1,1,1,4),(0.E0,
1.476108641007E-1,2.888620581005E-1,4.240926782003E-1,5.692617809001E-1,
7.083350212998E-1,8.506014146996E-1,1.E0),.UNSPECIFIED.);
#9311=EDGE_CURVE('',#8868,#8869,#6335,.T.);
#9313=EDGE_CURVE('',#8871,#8868,#7101,.T.);
#9315=EDGE_CURVE('',#8873,#8871,#7065,.T.);
#9317=EDGE_CURVE('',#8875,#8873,#7060,.T.);
#9319=EDGE_CURVE('',#8877,#8875,#7055,.T.);
#9321=EDGE_CURVE('',#8869,#8877,#6381,.T.);
#9331=EDGE_CURVE('',#8880,#8881,#6326,.T.);
#9333=EDGE_CURVE('',#8881,#8868,#6330,.T.);
#9336=EDGE_CURVE('',#8869,#8880,#6339,.T.);
#9346=EDGE_CURVE('',#8884,#8885,#6364,.T.);
#9348=EDGE_CURVE('',#8881,#8884,#7105,.T.);
#9351=EDGE_CURVE('',#8887,#8880,#6377,.T.);
#9353=EDGE_CURVE('',#8889,#8887,#6344,.T.);
#9355=EDGE_CURVE('',#8885,#8889,#6369,.T.);
#9366=EDGE_CURVE('',#8887,#8891,#6349,.T.);
#9368=EDGE_CURVE('',#8891,#8893,#6354,.T.);
#9370=EDGE_CURVE('',#8893,#8884,#6359,.T.);
#9382=EDGE_CURVE('',#8887,#8895,#6373,.T.);
#9384=EDGE_CURVE('',#8897,#8895,#7211,.T.);
#9386=EDGE_CURVE('',#8899,#8897,#7206,.T.);
#9388=EDGE_CURVE('',#8893,#8899,#7215,.T.);
#9403=EDGE_CURVE('',#8901,#8877,#7036,.T.);
#9405=EDGE_CURVE('',#8901,#8903,#6386,.T.);
#9407=EDGE_CURVE('',#8903,#8905,#6390,.T.);
#9409=EDGE_CURVE('',#8905,#8907,#6395,.T.);
#9411=EDGE_CURVE('',#8907,#8909,#6399,.T.);
#9413=EDGE_CURVE('',#8909,#8911,#6404,.T.);
#9415=EDGE_CURVE('',#8911,#8913,#6408,.T.);
#9417=EDGE_CURVE('',#8913,#8895,#6413,.T.);
#9422=EDGE_CURVE('',#8914,#8915,#6423,.T.);
#9424=EDGE_CURVE('',#8917,#8915,#7396,.T.);
#9426=EDGE_CURVE('',#8917,#8919,#6427,.T.);
#9428=EDGE_CURVE('',#8919,#8920,#6435,.T.);
#9430=EDGE_CURVE('',#8920,#8921,#6444,.T.);
#9432=EDGE_CURVE('',#8923,#8921,#7376,.T.);
#9434=EDGE_CURVE('',#8923,#8924,#6454,.T.);
#9436=EDGE_CURVE('',#8926,#8924,#7364,.T.);
#9438=EDGE_CURVE('',#8926,#8928,#6458,.T.);
#9440=EDGE_CURVE('',#8928,#8929,#6465,.T.);
#9442=EDGE_CURVE('',#8931,#8929,#7348,.T.);
#9444=EDGE_CURVE('',#8931,#8932,#6473,.T.);
#9446=EDGE_CURVE('',#8914,#8932,#7336,.T.);
#9450=EDGE_CURVE('',#8933,#8934,#6496,.T.);
#9452=EDGE_CURVE('',#8936,#8934,#7514,.T.);
#9454=EDGE_CURVE('',#8936,#8937,#6507,.T.);
#9456=EDGE_CURVE('',#8939,#8937,#7502,.T.);
#9458=EDGE_CURVE('',#8939,#8940,#6527,.T.);
#9460=EDGE_CURVE('',#8942,#8940,#7490,.T.);
#9462=EDGE_CURVE('',#8942,#8943,#6538,.T.);
#9464=EDGE_CURVE('',#8933,#8943,#7478,.T.);
#9468=EDGE_CURVE('',#8944,#8945,#6549,.T.);
#9470=EDGE_CURVE('',#8947,#8945,#7675,.T.);
#9472=EDGE_CURVE('',#8949,#8947,#7667,.T.);
#9474=EDGE_CURVE('',#8951,#8949,#7659,.T.);
#9476=EDGE_CURVE('',#8951,#8952,#6560,.T.);
#9478=EDGE_CURVE('',#8954,#8952,#7647,.T.);
#9480=EDGE_CURVE('',#8954,#8955,#6571,.T.);
#9482=EDGE_CURVE('',#8957,#8955,#7635,.T.);
#9484=EDGE_CURVE('',#8959,#8957,#7627,.T.);
#9486=EDGE_CURVE('',#8961,#8959,#7619,.T.);
#9488=EDGE_CURVE('',#8961,#8962,#6582,.T.);
#9490=EDGE_CURVE('',#8944,#8962,#7607,.T.);
#9494=EDGE_CURVE('',#8965,#8966,#7755,.T.);
#9496=EDGE_CURVE('',#8965,#8967,#6593,.T.);
#9498=EDGE_CURVE('',#8969,#8967,#7795,.T.);
#9500=EDGE_CURVE('',#8969,#8971,#6597,.T.);
#9502=EDGE_CURVE('',#8971,#8973,#6602,.T.);
#9504=EDGE_CURVE('',#8973,#8974,#6617,.T.);
#9506=EDGE_CURVE('',#8974,#8976,#6621,.T.);
#9508=EDGE_CURVE('',#8976,#8978,#6625,.T.);
#9510=EDGE_CURVE('',#8978,#8979,#6640,.T.);
#9512=EDGE_CURVE('',#8979,#8981,#6645,.T.);
#9514=EDGE_CURVE('',#8981,#8966,#6649,.T.);
#9518=EDGE_CURVE('',#8982,#8983,#6660,.T.);
#9520=EDGE_CURVE('',#8985,#8983,#7926,.T.);
#9522=EDGE_CURVE('',#8987,#8985,#7918,.T.);
#9524=EDGE_CURVE('',#8987,#8988,#6673,.T.);
#9526=EDGE_CURVE('',#8988,#8989,#6686,.T.);
#9528=EDGE_CURVE('',#8991,#8989,#7902,.T.);
#9530=EDGE_CURVE('',#8991,#8992,#6694,.T.);
#9532=EDGE_CURVE('',#8982,#8992,#7890,.T.);
#9536=EDGE_CURVE('',#8993,#8994,#6707,.T.);
#9538=EDGE_CURVE('',#8994,#8995,#6720,.T.);
#9540=EDGE_CURVE('',#8995,#8996,#6734,.T.);
#9542=EDGE_CURVE('',#8996,#8997,#6745,.T.);
#9544=EDGE_CURVE('',#8997,#8998,#6752,.T.);
#9546=EDGE_CURVE('',#8998,#8999,#6763,.T.);
#9548=EDGE_CURVE('',#8999,#9000,#6781,.T.);
#9550=EDGE_CURVE('',#9000,#9001,#6793,.T.);
#9552=EDGE_CURVE('',#9001,#9002,#6808,.T.);
#9554=EDGE_CURVE('',#9002,#9003,#6824,.T.);
#9556=EDGE_CURVE('',#9003,#9004,#6835,.T.);
#9558=EDGE_CURVE('',#9004,#8993,#6842,.T.);
#9562=EDGE_CURVE('',#9005,#9006,#6865,.T.);
#9564=EDGE_CURVE('',#9008,#9006,#8323,.T.);
#9566=EDGE_CURVE('',#9008,#9009,#6876,.T.);
#9568=EDGE_CURVE('',#9011,#9009,#8311,.T.);
#9570=EDGE_CURVE('',#9011,#9012,#6896,.T.);
#9572=EDGE_CURVE('',#9014,#9012,#8299,.T.);
#9574=EDGE_CURVE('',#9014,#9015,#6907,.T.);
#9576=EDGE_CURVE('',#9005,#9015,#8287,.T.);
#9580=EDGE_CURVE('',#9016,#9017,#6915,.T.);
#9582=EDGE_CURVE('',#9019,#9017,#8444,.T.);
#9584=EDGE_CURVE('',#9019,#9020,#6929,.T.);
#9586=EDGE_CURVE('',#9020,#9021,#6943,.T.);
#9588=EDGE_CURVE('',#9023,#9021,#8428,.T.);
#9590=EDGE_CURVE('',#9023,#9024,#6951,.T.);
#9592=EDGE_CURVE('',#9016,#9024,#8416,.T.);
#9596=EDGE_CURVE('',#9027,#9028,#8600,.T.);
#9598=EDGE_CURVE('',#9027,#9029,#6962,.T.);
#9600=EDGE_CURVE('',#9031,#9029,#8612,.T.);
#9602=EDGE_CURVE('',#9031,#9028,#6973,.T.);
#9606=EDGE_CURVE('',#9032,#9033,#6987,.T.);
#9608=EDGE_CURVE('',#9033,#9032,#7001,.T.);
#9612=EDGE_CURVE('',#9039,#9036,#7006,.T.);
#9614=EDGE_CURVE('',#9036,#9037,#7011,.T.);
#9616=EDGE_CURVE('',#9041,#9037,#8865,.T.);
#9618=EDGE_CURVE('',#9043,#9041,#8857,.T.);
#9620=EDGE_CURVE('',#9043,#9044,#7022,.T.);
#9622=EDGE_CURVE('',#9046,#9044,#8845,.T.);
#9624=EDGE_CURVE('',#9048,#9046,#8837,.T.);
#9626=EDGE_CURVE('',#9048,#9051,#7027,.T.);
#9628=EDGE_CURVE('',#9051,#9052,#7032,.T.);
#9630=EDGE_CURVE('',#9039,#9052,#8825,.T.);
#9640=EDGE_CURVE('',#9073,#9074,#7040,.T.);
#9642=EDGE_CURVE('',#9076,#9073,#7278,.T.);
#9644=EDGE_CURVE('',#8901,#9076,#7273,.T.);
#9647=EDGE_CURVE('',#9078,#8877,#7050,.T.);
#9649=EDGE_CURVE('',#9074,#9078,#7045,.T.);
#9659=EDGE_CURVE('',#8871,#9074,#7070,.T.);
#9661=EDGE_CURVE('',#9080,#8871,#7097,.T.);
#9663=EDGE_CURVE('',#9082,#9080,#7093,.T.);
#9665=EDGE_CURVE('',#9073,#9082,#7283,.T.);
#9690=EDGE_CURVE('',#9085,#9086,#7075,.T.);
#9692=EDGE_CURVE('',#9088,#9086,#7219,.T.);
#9694=EDGE_CURVE('',#9088,#9090,#7080,.T.);
#9696=EDGE_CURVE('',#9090,#9092,#7084,.T.);
#9698=EDGE_CURVE('',#9092,#9082,#7089,.T.);
#9705=EDGE_CURVE('',#8884,#9095,#7109,.T.);
#9707=EDGE_CURVE('',#9095,#9096,#7113,.T.);
#9709=EDGE_CURVE('',#9096,#9098,#7118,.T.);
#9711=EDGE_CURVE('',#9098,#9085,#7122,.T.);
#9715=EDGE_CURVE('',#9101,#9102,#7127,.T.);
#9717=EDGE_CURVE('',#9102,#9101,#7132,.T.);
#9721=EDGE_CURVE('',#9105,#9106,#7137,.T.);
#9723=EDGE_CURVE('',#9106,#9105,#7142,.T.);
#9733=EDGE_CURVE('',#9109,#9110,#7177,.T.);
#9735=EDGE_CURVE('',#9109,#9086,#7147,.T.);
#9738=EDGE_CURVE('',#9085,#9110,#7152,.T.);
#9748=EDGE_CURVE('',#9110,#9112,#7157,.T.);
#9750=EDGE_CURVE('',#9112,#8911,#7162,.T.);
#9753=EDGE_CURVE('',#8909,#9114,#7167,.T.);
#9755=EDGE_CURVE('',#9114,#9109,#7172,.T.);
#9767=EDGE_CURVE('',#9116,#9098,#7196,.T.);
#9769=EDGE_CURVE('',#9118,#9116,#7191,.T.);
#9771=EDGE_CURVE('',#9118,#9112,#7181,.T.);
#9783=EDGE_CURVE('',#8913,#9118,#7186,.T.);
#9788=EDGE_CURVE('',#9096,#8899,#7201,.T.);
#9828=EDGE_CURVE('',#9120,#8907,#7229,.T.);
#9830=EDGE_CURVE('',#9122,#9120,#7224,.T.);
#9832=EDGE_CURVE('',#9088,#9122,#7249,.T.);
#9845=EDGE_CURVE('',#9122,#9124,#7254,.T.);
#9850=EDGE_CURVE('',#8905,#9126,#7234,.T.);
#9852=EDGE_CURVE('',#9126,#9124,#7239,.T.);
#9862=EDGE_CURVE('',#9124,#9090,#7244,.T.);
#9875=EDGE_CURVE('',#9092,#9128,#7288,.T.);
#9880=EDGE_CURVE('',#9126,#9130,#7258,.T.);
#9882=EDGE_CURVE('',#9128,#9130,#7263,.T.);
#9893=EDGE_CURVE('',#9130,#8903,#7268,.T.);
#9921=EDGE_CURVE('',#9132,#9102,#7292,.T.);
#9924=EDGE_CURVE('',#9134,#9101,#7296,.T.);
#9926=EDGE_CURVE('',#9132,#9134,#7301,.T.);
#9939=EDGE_CURVE('',#9134,#9132,#7306,.T.);
#9959=EDGE_CURVE('',#9136,#9106,#7310,.T.);
#9962=EDGE_CURVE('',#9138,#9105,#7314,.T.);
#9964=EDGE_CURVE('',#9136,#9138,#7319,.T.);
#9977=EDGE_CURVE('',#9138,#9136,#7324,.T.);
#9998=EDGE_CURVE('',#8914,#9140,#7328,.T.);
#10000=EDGE_CURVE('',#9142,#9140,#7401,.T.);
#10002=EDGE_CURVE('',#9142,#8915,#7332,.T.);
#10013=EDGE_CURVE('',#9144,#8932,#7344,.T.);
#10015=EDGE_CURVE('',#9140,#9144,#7405,.T.);
#10030=B_SPLINE_CURVE_WITH_KNOTS('',3,(#10021,#10022,#10023,#10024,#10025,
#10026,#10027,#10028,#10029),.UNSPECIFIED.,.F.,.F.,(4,1,1,1,1,1,4),(0.E0,
1.923076923077E-2,2.553731045515E-1,5.015815299689E-1,7.469976313474E-1,
9.807692307692E-1,1.E0),.UNSPECIFIED.);
#10035=EDGE_CURVE('',#8931,#9146,#7340,.T.);
#10037=EDGE_CURVE('',#9144,#9146,#7413,.T.);
#10049=EDGE_CURVE('',#9148,#8929,#7356,.T.);
#10051=EDGE_CURVE('',#9146,#9148,#7417,.T.);
#10065=B_SPLINE_CURVE_WITH_KNOTS('',3,(#10057,#10058,#10059,#10060,#10061,
#10062,#10063,#10064),.UNSPECIFIED.,.F.,.F.,(4,1,1,1,1,4),(0.E0,
2.507777086598E-1,4.141433134793E-1,5.820941065302E-1,7.573983889126E-1,1.E0),
.UNSPECIFIED.);
#10070=EDGE_CURVE('',#8928,#9150,#7352,.T.);
#10072=EDGE_CURVE('',#9148,#9150,#7424,.T.);
#10084=EDGE_CURVE('',#8926,#9152,#7360,.T.);
#10086=EDGE_CURVE('',#9150,#9152,#7428,.T.);
#10098=EDGE_CURVE('',#9154,#8924,#7372,.T.);
#10100=EDGE_CURVE('',#9152,#9154,#7432,.T.);
#10112=EDGE_CURVE('',#8923,#9156,#7368,.T.);
#10114=EDGE_CURVE('',#9154,#9156,#7437,.T.);
#10126=EDGE_CURVE('',#9158,#8921,#7384,.T.);
#10128=EDGE_CURVE('',#9156,#9158,#7441,.T.);
#10144=B_SPLINE_CURVE_WITH_KNOTS('',3,(#10134,#10135,#10136,#10137,#10138,
#10139,#10140,#10141,#10142,#10143),.UNSPECIFIED.,.F.,.F.,(4,1,1,1,1,1,1,4),(
0.E0,2.259658650229E-1,3.590221022361E-1,4.978059812640E-1,6.361389030370E-1,
7.678418987095E-1,7.782418638062E-1,1.E0),.UNSPECIFIED.);
#10149=EDGE_CURVE('',#8920,#9160,#7380,.T.);
#10151=EDGE_CURVE('',#9158,#9160,#7450,.T.);
#10166=B_SPLINE_CURVE_WITH_KNOTS('',3,(#10157,#10158,#10159,#10160,#10161,
#10162,#10163,#10164,#10165),.UNSPECIFIED.,.F.,.F.,(4,1,1,1,1,1,4),(0.E0,
1.923076923077E-2,4.561693129463E-2,3.474467493155E-1,6.572257083568E-1,
9.807692307696E-1,1.E0),.UNSPECIFIED.);
#10171=EDGE_CURVE('',#8919,#9162,#7388,.T.);
#10173=EDGE_CURVE('',#9160,#9162,#7458,.T.);
#10185=EDGE_CURVE('',#8917,#9164,#7392,.T.);
#10187=EDGE_CURVE('',#9162,#9164,#7462,.T.);
#10200=EDGE_CURVE('',#9164,#9142,#7466,.T.);
#10251=B_SPLINE_CURVE_WITH_KNOTS('',3,(#10227,#10228,#10229,#10230,#10231,
#10232,#10233,#10234,#10235,#10236,#10237,#10238,#10239,#10240,#10241,#10242,
#10243,#10244,#10245,#10246,#10247,#10248,#10249,#10250),.UNSPECIFIED.,.F.,.F.,(
4,1,1,1,1,1,1,1,1,1,1,1,1,1,1,1,1,1,1,1,1,4),(0.E0,4.514706941677E-2,
1.042933865506E-1,1.563632929446E-1,2.030341536816E-1,2.460007231846E-1,
2.868525428478E-1,3.279271924857E-1,3.711814403086E-1,4.193511220295E-1,
4.736128621163E-1,5.299835635117E-1,5.836025791983E-1,6.319581845718E-1,
6.750821554135E-1,7.154323588400E-1,7.560496611945E-1,7.988548967021E-1,
8.456064337626E-1,8.972284877857E-1,9.549787679867E-1,1.E0),.UNSPECIFIED.);
#10256=EDGE_CURVE('',#8933,#9166,#7470,.T.);
#10258=EDGE_CURVE('',#9165,#9166,#7537,.T.);
#10260=EDGE_CURVE('',#9165,#8934,#7474,.T.);
#10271=EDGE_CURVE('',#9168,#8943,#7486,.T.);
#10273=EDGE_CURVE('',#9166,#9168,#7541,.T.);
#10291=B_SPLINE_CURVE_WITH_KNOTS('',3,(#10279,#10280,#10281,#10282,#10283,
#10284,#10285,#10286,#10287,#10288,#10289,#10290),.UNSPECIFIED.,.F.,.F.,(4,1,1,
1,1,1,1,1,1,4),(0.E0,1.923076923009E-2,1.611285276920E-1,2.969684880765E-1,
4.270000282688E-1,5.665939330763E-1,7.003355243263E-1,8.371575850953E-1,
9.807692307699E-1,1.E0),.UNSPECIFIED.);
#10296=EDGE_CURVE('',#8942,#9169,#7482,.T.);
#10298=EDGE_CURVE('',#9168,#9169,#7552,.T.);
#10310=EDGE_CURVE('',#9171,#8940,#7498,.T.);
#10312=EDGE_CURVE('',#9169,#9171,#7556,.T.);
#10339=B_SPLINE_CURVE_WITH_KNOTS('',3,(#10318,#10319,#10320,#10321,#10322,
#10323,#10324,#10325,#10326,#10327,#10328,#10329,#10330,#10331,#10332,#10333,
#10334,#10335,#10336,#10337,#10338),.UNSPECIFIED.,.F.,.F.,(4,1,1,1,1,1,1,1,1,1,
1,1,1,1,1,1,1,1,4),(0.E0,8.032165501410E-2,1.463304224501E-1,2.037460177979E-1,
2.547757018088E-1,3.011505488873E-1,3.457493129709E-1,3.917936489730E-1,
4.422196265960E-1,4.970919965352E-1,5.537957451682E-1,6.067385554904E-1,
6.550317237908E-1,7.006233640069E-1,7.471175733466E-1,7.979465634513E-1,
8.549470779930E-1,9.201610728862E-1,1.E0),.UNSPECIFIED.);
#10344=EDGE_CURVE('',#8939,#9172,#7494,.T.);
#10346=EDGE_CURVE('',#9171,#9172,#7576,.T.);
#10358=EDGE_CURVE('',#9174,#8937,#7510,.T.);
#10360=EDGE_CURVE('',#9172,#9174,#7580,.T.);
#10378=B_SPLINE_CURVE_WITH_KNOTS('',3,(#10366,#10367,#10368,#10369,#10370,
#10371,#10372,#10373,#10374,#10375,#10376,#10377),.UNSPECIFIED.,.F.,.F.,(4,1,1,
1,1,1,1,1,1,4),(0.E0,1.923076923009E-2,1.611285276924E-1,2.969684880770E-1,
4.270000282691E-1,5.665939330767E-1,7.003355243268E-1,8.371575850959E-1,
9.807692307699E-1,1.E0),.UNSPECIFIED.);
#10383=EDGE_CURVE('',#8936,#9175,#7506,.T.);
#10385=EDGE_CURVE('',#9174,#9175,#7591,.T.);
#10398=EDGE_CURVE('',#9175,#9165,#7595,.T.);
#10432=B_SPLINE_CURVE_WITH_KNOTS('',3,(#10420,#10421,#10422,#10423,#10424,
#10425,#10426,#10427,#10428,#10429,#10430,#10431),.UNSPECIFIED.,.F.,.F.,(4,1,1,
1,1,1,1,1,1,4),(0.E0,1.923076923058E-2,1.611664359617E-1,2.969851961539E-1,
4.270187804806E-1,5.666127140380E-1,7.003464839416E-1,8.371608233646E-1,
9.807692307694E-1,1.E0),.UNSPECIFIED.);
#10437=EDGE_CURVE('',#8944,#9177,#7599,.T.);
#10439=EDGE_CURVE('',#9176,#9177,#7686,.T.);
#10441=EDGE_CURVE('',#9176,#8945,#7603,.T.);
#10452=EDGE_CURVE('',#9179,#8962,#7615,.T.);
#10454=EDGE_CURVE('',#9177,#9179,#7690,.T.);
#10472=B_SPLINE_CURVE_WITH_KNOTS('',3,(#10460,#10461,#10462,#10463,#10464,
#10465,#10466,#10467,#10468,#10469,#10470,#10471),.UNSPECIFIED.,.F.,.F.,(4,1,1,
1,1,1,1,1,1,4),(0.E0,1.923076923077E-2,1.611283446158E-1,2.969672955772E-1,
4.270002864425E-1,5.665912043271E-1,7.003231559616E-1,8.371240020193E-1,
9.807692307699E-1,1.E0),.UNSPECIFIED.);
#10477=EDGE_CURVE('',#8961,#9180,#7611,.T.);
#10479=EDGE_CURVE('',#9179,#9180,#7701,.T.);
#10491=EDGE_CURVE('',#8959,#9182,#7623,.T.);
#10493=EDGE_CURVE('',#9180,#9182,#7705,.T.);
#10505=EDGE_CURVE('',#8957,#9184,#7631,.T.);
#10507=EDGE_CURVE('',#9182,#9184,#7709,.T.);
#10519=EDGE_CURVE('',#9186,#8955,#7643,.T.);
#10521=EDGE_CURVE('',#9184,#9186,#7713,.T.);
#10539=B_SPLINE_CURVE_WITH_KNOTS('',3,(#10527,#10528,#10529,#10530,#10531,
#10532,#10533,#10534,#10535,#10536,#10537,#10538),.UNSPECIFIED.,.F.,.F.,(4,1,1,
1,1,1,1,1,1,4),(0.E0,1.923076923009E-2,1.611263818270E-1,2.969660414422E-1,
4.269934423075E-1,5.665790869229E-1,7.003111765381E-1,8.371135048073E-1,
9.807692307699E-1,1.E0),.UNSPECIFIED.);
#10544=EDGE_CURVE('',#8954,#9187,#7639,.T.);
#10546=EDGE_CURVE('',#9186,#9187,#7724,.T.);
#10558=EDGE_CURVE('',#9189,#8952,#7655,.T.);
#10560=EDGE_CURVE('',#9187,#9189,#7728,.T.);
#10578=B_SPLINE_CURVE_WITH_KNOTS('',3,(#10566,#10567,#10568,#10569,#10570,
#10571,#10572,#10573,#10574,#10575,#10576,#10577),.UNSPECIFIED.,.F.,.F.,(4,1,1,
1,1,1,1,1,1,4),(0.E0,1.923076922958E-2,1.611771534608E-1,2.969896677879E-1,
4.270175796149E-1,5.666072836535E-1,7.003421600959E-1,8.3716268E-1,
9.807692307694E-1,1.E0),.UNSPECIFIED.);
#10583=EDGE_CURVE('',#8951,#9190,#7651,.T.);
#10585=EDGE_CURVE('',#9189,#9190,#7739,.T.);
#10597=EDGE_CURVE('',#8949,#9192,#7663,.T.);
#10599=EDGE_CURVE('',#9190,#9192,#7743,.T.);
#10611=EDGE_CURVE('',#8947,#9194,#7671,.T.);
#10613=EDGE_CURVE('',#9192,#9194,#7747,.T.);
#10626=EDGE_CURVE('',#9194,#9176,#7751,.T.);
#10658=EDGE_CURVE('',#8966,#9198,#7759,.T.);
#10660=EDGE_CURVE('',#9197,#9198,#7807,.T.);
#10662=EDGE_CURVE('',#8965,#9197,#7799,.T.);
#10673=EDGE_CURVE('',#9200,#8981,#7763,.T.);
#10675=EDGE_CURVE('',#9198,#9200,#7811,.T.);
#10687=EDGE_CURVE('',#9202,#8979,#7771,.T.);
#10689=EDGE_CURVE('',#9200,#9202,#7816,.T.);
#10711=B_SPLINE_CURVE_WITH_KNOTS('',3,(#10695,#10696,#10697,#10698,#10699,
#10700,#10701,#10702,#10703,#10704,#10705,#10706,#10707,#10708,#10709,#10710),
.UNSPECIFIED.,.F.,.F.,(4,1,1,1,1,1,1,1,1,1,1,1,1,4),(0.E0,1.923076922998E-2,
9.685726048313E-2,1.777874644282E-1,2.609970792388E-1,3.441324602994E-1,
4.284849385715E-1,5.151083432860E-1,6.039503791544E-1,6.924641246384E-1,
7.826809930069E-1,8.773496066640E-1,9.807692307693E-1,1.E0),.UNSPECIFIED.);
#10716=EDGE_CURVE('',#8978,#9203,#7767,.T.);
#10718=EDGE_CURVE('',#9202,#9203,#7831,.T.);
#10730=EDGE_CURVE('',#8976,#9205,#7775,.T.);
#10732=EDGE_CURVE('',#9203,#9205,#7835,.T.);
#10744=EDGE_CURVE('',#9207,#8974,#7783,.T.);
#10746=EDGE_CURVE('',#9205,#9207,#7839,.T.);
#10768=B_SPLINE_CURVE_WITH_KNOTS('',3,(#10752,#10753,#10754,#10755,#10756,
#10757,#10758,#10759,#10760,#10761,#10762,#10763,#10764,#10765,#10766,#10767),
.UNSPECIFIED.,.F.,.F.,(4,1,1,1,1,1,1,1,1,1,1,1,1,4),(0.E0,1.923076923008E-2,
1.249887779401E-1,2.190227299637E-1,3.067953491987E-1,3.924822445873E-1,
4.790278655529E-1,5.641322959415E-1,6.466847340223E-1,7.256655573915E-1,
8.046153955683E-1,8.877848520145E-1,9.807692307700E-1,1.E0),.UNSPECIFIED.);
#10773=EDGE_CURVE('',#8973,#9208,#7779,.T.);
#10775=EDGE_CURVE('',#9207,#9208,#7854,.T.);
#10787=EDGE_CURVE('',#8971,#9210,#7787,.T.);
#10789=EDGE_CURVE('',#9208,#9210,#7859,.T.);
#10801=EDGE_CURVE('',#8969,#9212,#7791,.T.);
#10803=EDGE_CURVE('',#9210,#9212,#7863,.T.);
#10815=EDGE_CURVE('',#9214,#8967,#7803,.T.);
#10817=EDGE_CURVE('',#9212,#9214,#7867,.T.);
#10835=B_SPLINE_CURVE_WITH_KNOTS('',3,(#10823,#10824,#10825,#10826,#10827,
#10828,#10829,#10830,#10831,#10832,#10833,#10834),.UNSPECIFIED.,.F.,.F.,(4,1,1,
1,1,1,1,1,1,4),(0.E0,1.923076922958E-2,1.611285276925E-1,2.969684880768E-1,
4.270000283652E-1,5.665939330764E-1,7.003355243262E-1,8.371575850953E-1,
9.807692307694E-1,1.E0),.UNSPECIFIED.);
#10841=EDGE_CURVE('',#9214,#9197,#7878,.T.);
#10878=B_SPLINE_CURVE_WITH_KNOTS('',3,(#10866,#10867,#10868,#10869,#10870,
#10871,#10872,#10873,#10874,#10875,#10876,#10877),.UNSPECIFIED.,.F.,.F.,(4,1,1,
1,1,1,1,1,1,4),(0.E0,1.923076922958E-2,1.611664359607E-1,2.969851961530E-1,
4.270187804798E-1,5.666127141335E-1,7.003464839412E-1,8.371608234603E-1,
9.807692307694E-1,1.E0),.UNSPECIFIED.);
#10883=EDGE_CURVE('',#8982,#9268,#7882,.T.);
#10885=EDGE_CURVE('',#9267,#9268,#7937,.T.);
#10887=EDGE_CURVE('',#9267,#8983,#7886,.T.);
#10898=EDGE_CURVE('',#9270,#8992,#7898,.T.);
#10900=EDGE_CURVE('',#9268,#9270,#7941,.T.);
#10915=B_SPLINE_CURVE_WITH_KNOTS('',3,(#10906,#10907,#10908,#10909,#10910,
#10911,#10912,#10913,#10914),.UNSPECIFIED.,.F.,.F.,(4,1,1,1,1,1,4),(0.E0,
1.923076923077E-2,2.553731045246E-1,5.015815300112E-1,7.469976312668E-1,
9.807692307692E-1,1.E0),.UNSPECIFIED.);
#10920=EDGE_CURVE('',#8991,#9271,#7894,.T.);
#10922=EDGE_CURVE('',#9270,#9271,#7949,.T.);
#10934=EDGE_CURVE('',#9273,#8989,#7910,.T.);
#10936=EDGE_CURVE('',#9271,#9273,#7953,.T.);
#10956=B_SPLINE_CURVE_WITH_KNOTS('',3,(#10942,#10943,#10944,#10945,#10946,
#10947,#10948,#10949,#10950,#10951,#10952,#10953,#10954,#10955),.UNSPECIFIED.,
.F.,.F.,(4,1,1,1,1,1,1,1,1,1,1,4),(0.E0,9.758519356699E-2,2.107108137897E-1,
3.109179337034E-1,4.013253731378E-1,4.843152450548E-1,5.636681385292E-1,
6.421903115789E-1,7.233693422859E-1,8.093003592477E-1,9.028212655344E-1,1.E0),
.UNSPECIFIED.);
#10961=EDGE_CURVE('',#8988,#9274,#7906,.T.);
#10963=EDGE_CURVE('',#9273,#9274,#7966,.T.);
#10983=B_SPLINE_CURVE_WITH_KNOTS('',3,(#10969,#10970,#10971,#10972,#10973,
#10974,#10975,#10976,#10977,#10978,#10979,#10980,#10981,#10982),.UNSPECIFIED.,
.F.,.F.,(4,1,1,1,1,1,1,1,1,1,1,4),(0.E0,9.492525047289E-2,1.855100416648E-1,
2.678793860647E-1,3.458942632334E-1,4.231611374060E-1,5.031875278448E-1,
5.883139653482E-1,6.814777608823E-1,7.859466077948E-1,9.054559921473E-1,1.E0),
.UNSPECIFIED.);
#10988=EDGE_CURVE('',#8987,#9275,#7914,.T.);
#10990=EDGE_CURVE('',#9274,#9275,#7979,.T.);
#11002=EDGE_CURVE('',#8985,#9277,#7922,.T.);
#11004=EDGE_CURVE('',#9275,#9277,#7983,.T.);
#11017=EDGE_CURVE('',#9277,#9267,#7987,.T.);
#11038=EDGE_CURVE('',#9280,#9281,#7991,.T.);
#11040=EDGE_CURVE('',#9281,#9283,#7995,.T.);
#11042=EDGE_CURVE('',#9283,#9285,#7999,.T.);
#11044=EDGE_CURVE('',#9285,#9286,#8011,.T.);
#11046=EDGE_CURVE('',#9286,#9280,#8023,.T.);
#11056=EDGE_CURVE('',#9055,#9056,#8027,.T.);
#11058=EDGE_CURVE('',#9056,#9281,#8031,.T.);
#11061=EDGE_CURVE('',#9055,#9280,#8059,.T.);
#11072=EDGE_CURVE('',#9055,#9057,#8043,.T.);
#11074=EDGE_CURVE('',#9057,#9058,#8055,.T.);
#11076=EDGE_CURVE('',#9060,#9058,#8071,.T.);
#11078=EDGE_CURVE('',#9056,#9060,#8075,.T.);
#11096=B_SPLINE_CURVE_WITH_KNOTS('',3,(#11083,#11084,#11085,#11086,#11087,
#11088,#11089,#11090,#11091,#11092,#11093,#11094,#11095),.UNSPECIFIED.,.F.,.F.,(
4,1,1,1,1,1,1,1,1,1,4),(0.E0,1.923076923076E-2,1.458056995307E-1,
2.586234181943E-1,3.639447068573E-1,4.686713840778E-1,5.771550650488E-1,
6.962109720783E-1,8.289025510321E-1,9.807692307692E-1,1.E0),.UNSPECIFIED.);
#11103=EDGE_CURVE('',#9057,#9286,#8063,.T.);
#11121=B_SPLINE_CURVE_WITH_KNOTS('',3,(#11108,#11109,#11110,#11111,#11112,
#11113,#11114,#11115,#11116,#11117,#11118,#11119,#11120),.UNSPECIFIED.,.F.,.F.,(
4,1,1,1,1,1,1,1,1,1,4),(0.E0,1.923076923075E-2,1.688276212427E-1,
3.021250181672E-1,4.198323912453E-1,5.279436306696E-1,6.366401522091E-1,
7.512694464411E-1,8.682226429808E-1,9.807692307695E-1,1.E0),.UNSPECIFIED.);
#11128=EDGE_CURVE('',#9285,#9058,#8067,.T.);
#11141=EDGE_CURVE('',#9060,#9283,#8079,.T.);
#11172=B_SPLINE_CURVE_WITH_KNOTS('',3,(#11158,#11159,#11160,#11161,#11162,
#11163,#11164,#11165,#11166,#11167,#11168,#11169,#11170,#11171),.UNSPECIFIED.,
.F.,.F.,(4,1,1,1,1,1,1,1,1,1,1,4),(0.E0,1.072791244806E-1,1.897322191715E-1,
2.682748386836E-1,3.450404756077E-1,4.219174558348E-1,5.013889455586E-1,
5.860932756394E-1,6.788282366739E-1,7.807094288363E-1,8.932166875217E-1,1.E0),
.UNSPECIFIED.);
#11177=EDGE_CURVE('',#8993,#9216,#8083,.T.);
#11179=EDGE_CURVE('',#9215,#9216,#8140,.T.);
#11181=EDGE_CURVE('',#8994,#9215,#8127,.T.);
#11194=B_SPLINE_CURVE_WITH_KNOTS('',3,(#11186,#11187,#11188,#11189,#11190,
#11191,#11192,#11193),.UNSPECIFIED.,.F.,.F.,(4,1,1,1,1,4),(0.E0,
1.489633707562E-1,4.004987390179E-1,6.316448924778E-1,8.515605874774E-1,1.E0),
.UNSPECIFIED.);
#11199=EDGE_CURVE('',#9004,#9217,#8087,.T.);
#11201=EDGE_CURVE('',#9216,#9217,#8147,.T.);
#11219=B_SPLINE_CURVE_WITH_KNOTS('',3,(#11207,#11208,#11209,#11210,#11211,
#11212,#11213,#11214,#11215,#11216,#11217,#11218),.UNSPECIFIED.,.F.,.F.,(4,1,1,
1,1,1,1,1,1,4),(0.E0,1.568284937670E-1,2.521341922140E-1,3.475184771589E-1,
4.435113471355E-1,5.398300079267E-1,6.382704187993E-1,7.380845171052E-1,
8.510139505785E-1,1.E0),.UNSPECIFIED.);
#11224=EDGE_CURVE('',#9003,#9218,#8091,.T.);
#11226=EDGE_CURVE('',#9217,#9218,#8158,.T.);
#11249=B_SPLINE_CURVE_WITH_KNOTS('',3,(#11232,#11233,#11234,#11235,#11236,
#11237,#11238,#11239,#11240,#11241,#11242,#11243,#11244,#11245,#11246,#11247,
#11248),.UNSPECIFIED.,.F.,.F.,(4,1,1,1,1,1,1,1,1,1,1,1,1,1,4),(0.E0,
1.923076923077E-2,1.549061212622E-1,2.768221103949E-1,3.859400905853E-1,
4.832395508722E-1,5.700035526016E-1,6.475432471195E-1,7.165818645221E-1,
7.776281314443E-1,8.334560817318E-1,8.866525059616E-1,9.359904407686E-1,
9.807692307692E-1,1.E0),.UNSPECIFIED.);
#11254=EDGE_CURVE('',#9002,#9219,#8095,.T.);
#11256=EDGE_CURVE('',#9218,#9219,#8174,.T.);
#11278=B_SPLINE_CURVE_WITH_KNOTS('',3,(#11262,#11263,#11264,#11265,#11266,
#11267,#11268,#11269,#11270,#11271,#11272,#11273,#11274,#11275,#11276,#11277),
.UNSPECIFIED.,.F.,.F.,(4,1,1,1,1,1,1,1,1,1,1,1,1,4),(0.E0,1.701336145302E-1,
2.211054702989E-1,2.673586838778E-1,3.115392553392E-1,3.577914859136E-1,
4.084040529099E-1,4.650289948380E-1,5.272085690540E-1,5.946132614879E-1,
6.675778712471E-1,7.464135758381E-1,8.314659686591E-1,1.E0),.UNSPECIFIED.);
#11283=EDGE_CURVE('',#9001,#9220,#8099,.T.);
#11285=EDGE_CURVE('',#9219,#9220,#8189,.T.);
#11304=B_SPLINE_CURVE_WITH_KNOTS('',3,(#11291,#11292,#11293,#11294,#11295,
#11296,#11297,#11298,#11299,#11300,#11301,#11302,#11303),.UNSPECIFIED.,.F.,.F.,(
4,1,1,1,1,1,1,1,1,1,4),(0.E0,1.135270586969E-1,2.407716969502E-1,
3.560763022712E-1,4.591258174513E-1,5.502543133308E-1,6.329224123602E-1,
7.127332356440E-1,7.951344933071E-1,8.868502867281E-1,1.E0),.UNSPECIFIED.);
#11309=EDGE_CURVE('',#9000,#9221,#8103,.T.);
#11311=EDGE_CURVE('',#9220,#9221,#8201,.T.);
#11336=B_SPLINE_CURVE_WITH_KNOTS('',3,(#11317,#11318,#11319,#11320,#11321,
#11322,#11323,#11324,#11325,#11326,#11327,#11328,#11329,#11330,#11331,#11332,
#11333,#11334,#11335),.UNSPECIFIED.,.F.,.F.,(4,1,1,1,1,1,1,1,1,1,1,1,1,1,1,1,4),
(0.E0,6.513740698357E-2,1.216400590771E-1,1.722675467714E-1,2.197956154204E-1,
2.670469967070E-1,3.163195192468E-1,3.701939422829E-1,4.305635408120E-1,
4.993533955950E-1,5.774129937350E-1,6.632560343174E-1,7.540867075085E-1,
8.456015607152E-1,9.336205819842E-1,9.351060451664E-1,1.E0),.UNSPECIFIED.);
#11341=EDGE_CURVE('',#8999,#9222,#8107,.T.);
#11343=EDGE_CURVE('',#9221,#9222,#8219,.T.);
#11361=B_SPLINE_CURVE_WITH_KNOTS('',3,(#11349,#11350,#11351,#11352,#11353,
#11354,#11355,#11356,#11357,#11358,#11359,#11360),.UNSPECIFIED.,.F.,.F.,(4,1,1,
1,1,1,1,1,1,4),(0.E0,1.548341928531E-1,2.449698844208E-1,3.445469084828E-1,
4.406561467851E-1,5.388167634854E-1,6.368126366056E-1,7.402094217262E-1,
8.515302728558E-1,1.E0),.UNSPECIFIED.);
#11366=EDGE_CURVE('',#8998,#9223,#8111,.T.);
#11368=EDGE_CURVE('',#9222,#9223,#8230,.T.);
#11382=B_SPLINE_CURVE_WITH_KNOTS('',3,(#11374,#11375,#11376,#11377,#11378,
#11379,#11380,#11381),.UNSPECIFIED.,.F.,.F.,(4,1,1,1,1,4),(0.E0,
1.716961665302E-1,4.113799235604E-1,6.217938706221E-1,8.293825970348E-1,1.E0),
.UNSPECIFIED.);
#11387=EDGE_CURVE('',#8997,#9224,#8115,.T.);
#11389=EDGE_CURVE('',#9223,#9224,#8237,.T.);
#11407=B_SPLINE_CURVE_WITH_KNOTS('',3,(#11395,#11396,#11397,#11398,#11399,
#11400,#11401,#11402,#11403,#11404,#11405,#11406),.UNSPECIFIED.,.F.,.F.,(4,1,1,
1,1,1,1,1,1,4),(0.E0,1.923076923077E-2,2.040223478914E-1,3.695423173882E-1,
5.159116534260E-1,6.452566607162E-1,7.621347762773E-1,8.716559693394E-1,
9.807692307692E-1,1.E0),.UNSPECIFIED.);
#11412=EDGE_CURVE('',#8996,#9225,#8119,.T.);
#11414=EDGE_CURVE('',#9224,#9225,#8248,.T.);
#11435=B_SPLINE_CURVE_WITH_KNOTS('',3,(#11420,#11421,#11422,#11423,#11424,
#11425,#11426,#11427,#11428,#11429,#11430,#11431,#11432,#11433,#11434),
.UNSPECIFIED.,.F.,.F.,(4,1,1,1,1,1,1,1,1,1,1,1,4),(0.E0,1.923076922986E-2,
1.014663575992E-1,1.754822101988E-1,2.468846426061E-1,3.231048338597E-1,
4.082221225177E-1,5.037195947337E-1,6.081658163734E-1,7.220726505132E-1,
8.460328809038E-1,9.807692307694E-1,1.E0),.UNSPECIFIED.);
#11440=EDGE_CURVE('',#8995,#9226,#8123,.T.);
#11442=EDGE_CURVE('',#9225,#9226,#8262,.T.);
#11462=B_SPLINE_CURVE_WITH_KNOTS('',3,(#11448,#11449,#11450,#11451,#11452,
#11453,#11454,#11455,#11456,#11457,#11458,#11459,#11460,#11461),.UNSPECIFIED.,
.F.,.F.,(4,1,1,1,1,1,1,1,1,1,1,4),(0.E0,1.100555669650E-1,2.238882236851E-1,
3.290164239151E-1,4.246634916800E-1,5.097847236112E-1,5.864948049894E-1,
6.584571043030E-1,7.303209772890E-1,8.059170194789E-1,8.902045607129E-1,1.E0),
.UNSPECIFIED.);
#11468=EDGE_CURVE('',#9226,#9215,#8275,.T.);
#11518=B_SPLINE_CURVE_WITH_KNOTS('',3,(#11494,#11495,#11496,#11497,#11498,
#11499,#11500,#11501,#11502,#11503,#11504,#11505,#11506,#11507,#11508,#11509,
#11510,#11511,#11512,#11513,#11514,#11515,#11516,#11517),.UNSPECIFIED.,.F.,.F.,(
4,1,1,1,1,1,1,1,1,1,1,1,1,1,1,1,1,1,1,1,1,4),(0.E0,4.514712782677E-2,
1.028950886324E-1,1.545155824448E-1,2.012665715318E-1,2.440725840809E-1,
2.846915148007E-1,3.250429909721E-1,3.681671466980E-1,4.165217609959E-1,
4.701397423832E-1,5.265103669230E-1,5.807733745971E-1,6.289441955448E-1,
6.721995085889E-1,7.132753920334E-1,7.541284492605E-1,7.970957348266E-1,
8.437664878675E-1,8.958351496166E-1,9.549787151967E-1,1.E0),.UNSPECIFIED.);
#11523=EDGE_CURVE('',#9005,#9228,#8279,.T.);
#11525=EDGE_CURVE('',#9227,#9228,#8346,.T.);
#11527=EDGE_CURVE('',#9227,#9006,#8283,.T.);
#11538=EDGE_CURVE('',#9230,#9015,#8295,.T.);
#11540=EDGE_CURVE('',#9228,#9230,#8350,.T.);
#11558=B_SPLINE_CURVE_WITH_KNOTS('',3,(#11546,#11547,#11548,#11549,#11550,
#11551,#11552,#11553,#11554,#11555,#11556,#11557),.UNSPECIFIED.,.F.,.F.,(4,1,1,
1,1,1,1,1,1,4),(0.E0,1.923076923008E-2,1.628424149042E-1,2.996644756735E-1,
4.334060669234E-1,5.729999717311E-1,7.030315119232E-1,8.388714723078E-1,
9.807692307699E-1,1.E0),.UNSPECIFIED.);
#11563=EDGE_CURVE('',#9014,#9231,#8291,.T.);
#11565=EDGE_CURVE('',#9230,#9231,#8361,.T.);
#11577=EDGE_CURVE('',#9233,#9012,#8307,.T.);
#11579=EDGE_CURVE('',#9231,#9233,#8365,.T.);
#11606=B_SPLINE_CURVE_WITH_KNOTS('',3,(#11585,#11586,#11587,#11588,#11589,
#11590,#11591,#11592,#11593,#11594,#11595,#11596,#11597,#11598,#11599,#11600,
#11601,#11602,#11603,#11604,#11605),.UNSPECIFIED.,.F.,.F.,(4,1,1,1,1,1,1,1,1,1,
1,1,1,1,1,1,1,1,4),(0.E0,8.034687304545E-2,1.455543721150E-1,2.025497271002E-1,
2.533743223388E-1,2.998643148543E-1,3.454509093484E-1,3.937375582854E-1,
4.466731877549E-1,5.033706226260E-1,5.582384338698E-1,6.086615571243E-1,
6.547042987854E-1,6.993025417080E-1,7.456778081953E-1,7.967087478356E-1,
8.541260504743E-1,9.201366159527E-1,1.E0),.UNSPECIFIED.);
#11611=EDGE_CURVE('',#9011,#9234,#8303,.T.);
#11613=EDGE_CURVE('',#9233,#9234,#8385,.T.);
#11625=EDGE_CURVE('',#9236,#9009,#8319,.T.);
#11627=EDGE_CURVE('',#9234,#9236,#8389,.T.);
#11645=B_SPLINE_CURVE_WITH_KNOTS('',3,(#11633,#11634,#11635,#11636,#11637,
#11638,#11639,#11640,#11641,#11642,#11643,#11644),.UNSPECIFIED.,.F.,.F.,(4,1,1,
1,1,1,1,1,1,4),(0.E0,1.923076923008E-2,1.628424149043E-1,2.996644756733E-1,
4.334060669234E-1,5.729999716348E-1,7.030315119232E-1,8.388714723078E-1,
9.807692307699E-1,1.E0),.UNSPECIFIED.);
#11650=EDGE_CURVE('',#9008,#9237,#8315,.T.);
#11652=EDGE_CURVE('',#9236,#9237,#8400,.T.);
#11665=EDGE_CURVE('',#9237,#9227,#8404,.T.);
#11696=B_SPLINE_CURVE_WITH_KNOTS('',3,(#11687,#11688,#11689,#11690,#11691,
#11692,#11693,#11694,#11695),.UNSPECIFIED.,.F.,.F.,(4,1,1,1,1,1,4),(0.E0,
2.283100014837E-1,3.613532452514E-1,5.012326792324E-1,6.416295237711E-1,
7.763882214273E-1,1.E0),.UNSPECIFIED.);
#11701=EDGE_CURVE('',#9016,#9239,#8408,.T.);
#11703=EDGE_CURVE('',#9238,#9239,#8452,.T.);
#11705=EDGE_CURVE('',#9238,#9017,#8412,.T.);
#11716=EDGE_CURVE('',#9241,#9024,#8424,.T.);
#11718=EDGE_CURVE('',#9239,#9241,#8456,.T.);
#11733=B_SPLINE_CURVE_WITH_KNOTS('',3,(#11724,#11725,#11726,#11727,#11728,
#11729,#11730,#11731,#11732),.UNSPECIFIED.,.F.,.F.,(4,1,1,1,1,1,4),(0.E0,
2.283758666486E-1,3.615958836420E-1,5.014517824432E-1,6.417592050719E-1,
7.763302392391E-1,1.E0),.UNSPECIFIED.);
#11738=EDGE_CURVE('',#9023,#9242,#8420,.T.);
#11740=EDGE_CURVE('',#9241,#9242,#8464,.T.);
#11752=EDGE_CURVE('',#9244,#9021,#8436,.T.);
#11754=EDGE_CURVE('',#9242,#9244,#8468,.T.);
#11775=B_SPLINE_CURVE_WITH_KNOTS('',3,(#11760,#11761,#11762,#11763,#11764,
#11765,#11766,#11767,#11768,#11769,#11770,#11771,#11772,#11773,#11774),
.UNSPECIFIED.,.F.,.F.,(4,1,1,1,1,1,1,1,1,1,1,1,4),(0.E0,7.377044511754E-2,
1.585246636682E-1,2.407927017965E-1,3.214935665818E-1,4.015478746562E-1,
4.819608695199E-1,5.634249054287E-1,6.469884668325E-1,7.341568999870E-1,
8.267478429371E-1,9.264237851856E-1,1.E0),.UNSPECIFIED.);
#11780=EDGE_CURVE('',#9020,#9245,#8432,.T.);
#11782=EDGE_CURVE('',#9244,#9245,#8482,.T.);
#11803=B_SPLINE_CURVE_WITH_KNOTS('',3,(#11788,#11789,#11790,#11791,#11792,
#11793,#11794,#11795,#11796,#11797,#11798,#11799,#11800,#11801,#11802),
.UNSPECIFIED.,.F.,.F.,(4,1,1,1,1,1,1,1,1,1,1,1,4),(0.E0,7.376450259461E-2,
1.723636192974E-1,2.643732830386E-1,3.513908797449E-1,4.350655970411E-1,
5.168958735365E-1,5.976736101245E-1,6.781676628111E-1,7.591591879745E-1,
8.416321521677E-1,9.264293638722E-1,1.E0),.UNSPECIFIED.);
#11808=EDGE_CURVE('',#9019,#9246,#8440,.T.);
#11810=EDGE_CURVE('',#9245,#9246,#8496,.T.);
#11823=EDGE_CURVE('',#9246,#9238,#8500,.T.);
#11843=EDGE_CURVE('',#9249,#9250,#8504,.T.);
#11845=EDGE_CURVE('',#9250,#9252,#8508,.T.);
#11847=EDGE_CURVE('',#9252,#9254,#8512,.T.);
#11849=EDGE_CURVE('',#9254,#9255,#8525,.T.);
#11851=EDGE_CURVE('',#9255,#9249,#8538,.T.);
#11861=EDGE_CURVE('',#9063,#9064,#8542,.T.);
#11863=EDGE_CURVE('',#9064,#9250,#8546,.T.);
#11866=EDGE_CURVE('',#9063,#9249,#8576,.T.);
#11877=EDGE_CURVE('',#9063,#9065,#8559,.T.);
#11879=EDGE_CURVE('',#9065,#9066,#8572,.T.);
#11881=EDGE_CURVE('',#9068,#9066,#8588,.T.);
#11883=EDGE_CURVE('',#9064,#9068,#8592,.T.);
#11902=B_SPLINE_CURVE_WITH_KNOTS('',3,(#11888,#11889,#11890,#11891,#11892,
#11893,#11894,#11895,#11896,#11897,#11898,#11899,#11900,#11901),.UNSPECIFIED.,
.F.,.F.,(4,1,1,1,1,1,1,1,1,1,1,4),(0.E0,1.137401088849E-1,2.056748147433E-1,
2.949970147598E-1,3.807055911768E-1,4.613655078153E-1,5.392650461490E-1,
6.194406148755E-1,7.049365167795E-1,7.943656597693E-1,8.867326247652E-1,1.E0),
.UNSPECIFIED.);
#11909=EDGE_CURVE('',#9065,#9255,#8580,.T.);
#11928=B_SPLINE_CURVE_WITH_KNOTS('',3,(#11914,#11915,#11916,#11917,#11918,
#11919,#11920,#11921,#11922,#11923,#11924,#11925,#11926,#11927),.UNSPECIFIED.,
.F.,.F.,(4,1,1,1,1,1,1,1,1,1,1,4),(0.E0,1.144809612636E-1,2.089603108643E-1,
2.987600204957E-1,3.837880762962E-1,4.634118151689E-1,5.406215662137E-1,
6.205769393073E-1,7.059873530335E-1,7.949715736546E-1,8.859969546384E-1,1.E0),
.UNSPECIFIED.);
#11935=EDGE_CURVE('',#9254,#9066,#8584,.T.);
#11948=EDGE_CURVE('',#9068,#9252,#8596,.T.);
#11971=EDGE_CURVE('',#9259,#9028,#8608,.T.);
#11973=EDGE_CURVE('',#9258,#9259,#8624,.T.);
#11975=EDGE_CURVE('',#9027,#9258,#8616,.T.);
#11992=B_SPLINE_CURVE_WITH_KNOTS('',3,(#11980,#11981,#11982,#11983,#11984,
#11985,#11986,#11987,#11988,#11989,#11990,#11991),.UNSPECIFIED.,.F.,.F.,(4,1,1,
1,1,1,1,1,1,4),(0.E0,1.923076923077E-2,1.611285276932E-1,2.969684880777E-1,
4.270000283659E-1,5.665939330773E-1,7.003355243270E-1,8.371575850962E-1,
9.807692307699E-1,1.E0),.UNSPECIFIED.);
#11997=EDGE_CURVE('',#9031,#9260,#8604,.T.);
#11999=EDGE_CURVE('',#9259,#9260,#8635,.T.);
#12011=EDGE_CURVE('',#9262,#9029,#8620,.T.);
#12013=EDGE_CURVE('',#9260,#9262,#8639,.T.);
#12031=B_SPLINE_CURVE_WITH_KNOTS('',3,(#12019,#12020,#12021,#12022,#12023,
#12024,#12025,#12026,#12027,#12028,#12029,#12030),.UNSPECIFIED.,.F.,.F.,(4,1,1,
1,1,1,1,1,1,4),(0.E0,1.923076923058E-2,1.611285276924E-1,2.969684880768E-1,
4.270000283652E-1,5.665939330765E-1,7.003355243263E-1,8.371575851914E-1,
9.807692307694E-1,1.E0),.UNSPECIFIED.);
#12037=EDGE_CURVE('',#9262,#9258,#8650,.T.);
#12070=B_SPLINE_CURVE_WITH_KNOTS('',3,(#12055,#12056,#12057,#12058,#12059,
#12060,#12061,#12062,#12063,#12064,#12065,#12066,#12067,#12068,#12069),
.UNSPECIFIED.,.F.,.F.,(4,1,1,1,1,1,1,1,1,1,1,1,4),(0.E0,3.961970703055E-2,
1.361361965721E-1,2.237262718680E-1,3.115089694585E-1,4.036396883291E-1,
5.016229245119E-1,5.991081866593E-1,6.906135369831E-1,7.790474211656E-1,
8.681049380229E-1,9.606532999446E-1,1.E0),.UNSPECIFIED.);
#12075=EDGE_CURVE('',#9032,#9264,#8654,.T.);
#12077=EDGE_CURVE('',#9263,#9264,#8672,.T.);
#12079=EDGE_CURVE('',#9033,#9263,#8658,.T.);
#12099=B_SPLINE_CURVE_WITH_KNOTS('',3,(#12084,#12085,#12086,#12087,#12088,
#12089,#12090,#12091,#12092,#12093,#12094,#12095,#12096,#12097,#12098),
.UNSPECIFIED.,.F.,.F.,(4,1,1,1,1,1,1,1,1,1,1,1,4),(0.E0,3.970046003628E-2,
1.359988706404E-1,2.239475427496E-1,3.116872697532E-1,4.039323148593E-1,
5.018455953387E-1,5.992873873846E-1,6.909235819790E-1,7.792303269712E-1,
8.680103437568E-1,9.605719902966E-1,1.E0),.UNSPECIFIED.);
#12105=EDGE_CURVE('',#9264,#9263,#8686,.T.);
#12120=EDGE_CURVE('',#9265,#9266,#8707,.T.);
#12122=EDGE_CURVE('',#9266,#9265,#8720,.T.);
#12149=B_SPLINE_CURVE_WITH_KNOTS('',3,(#12127,#12128,#12129,#12130,#12131,
#12132,#12133,#12134,#12135,#12136,#12137,#12138,#12139,#12140,#12141,#12142,
#12143,#12144,#12145,#12146,#12147,#12148),.UNSPECIFIED.,.F.,.F.,(4,1,1,1,1,1,1,
1,1,1,1,1,1,1,1,1,1,1,1,4),(0.E0,6.344902747592E-2,1.191130421929E-1,
1.724349211638E-1,2.238765111635E-1,2.738083640086E-1,3.230520408727E-1,
3.722161087846E-1,4.223111188887E-1,4.732656312577E-1,5.249816681620E-1,
5.760547817908E-1,6.263898725957E-1,6.759387850605E-1,7.257043622820E-1,
7.764080795943E-1,8.284631926946E-1,8.819288535612E-1,9.368426174198E-1,1.E0),
.UNSPECIFIED.);
#12153=EDGE_CURVE('',#9069,#9070,#8745,.T.);
#12155=EDGE_CURVE('',#9069,#9266,#8724,.T.);
#12158=EDGE_CURVE('',#9070,#9265,#8762,.T.);
#12169=EDGE_CURVE('',#9070,#9069,#8758,.T.);
#12188=B_SPLINE_CURVE_WITH_KNOTS('',3,(#12174,#12175,#12176,#12177,#12178,
#12179,#12180,#12181,#12182,#12183,#12184,#12185,#12186,#12187),.UNSPECIFIED.,
.F.,.F.,(4,1,1,1,1,1,1,1,1,1,1,4),(0.E0,6.429515687626E-2,1.665275289926E-1,
2.603018434328E-1,3.560435130532E-1,4.515976222277E-1,5.491619688618E-1,
6.458806837455E-1,7.421101063383E-1,8.355716770049E-1,9.364303996585E-1,1.E0),
.UNSPECIFIED.);
#12204=EDGE_CURVE('',#9289,#9290,#8780,.T.);
#12206=EDGE_CURVE('',#9292,#9289,#8775,.T.);
#12208=EDGE_CURVE('',#9292,#9037,#8766,.T.);
#12212=EDGE_CURVE('',#9039,#9290,#8770,.T.);
#12224=EDGE_CURVE('',#9290,#9294,#8784,.T.);
#12226=EDGE_CURVE('',#9294,#9297,#8789,.T.);
#12228=EDGE_CURVE('',#9297,#9298,#8794,.T.);
#12230=EDGE_CURVE('',#9298,#9300,#8798,.T.);
#12232=EDGE_CURVE('',#9300,#9302,#8802,.T.);
#12234=EDGE_CURVE('',#9302,#9303,#8813,.T.);
#12236=EDGE_CURVE('',#9303,#9305,#8817,.T.);
#12238=EDGE_CURVE('',#9305,#9292,#8821,.T.);
#12249=EDGE_CURVE('',#9294,#9052,#8829,.T.);
#12266=EDGE_CURVE('',#9048,#9298,#8833,.T.);
#12277=EDGE_CURVE('',#9046,#9300,#8841,.T.);
#12290=EDGE_CURVE('',#9302,#9044,#8853,.T.);
#12309=B_SPLINE_CURVE_WITH_KNOTS('',3,(#12297,#12298,#12299,#12300,#12301,
#12302,#12303,#12304,#12305,#12306,#12307,#12308),.UNSPECIFIED.,.F.,.F.,(4,1,1,
1,1,1,1,1,1,4),(0.E0,1.923076923060E-2,1.611642924044E-1,2.969827481735E-1,
4.270121905772E-1,5.665978662501E-1,7.003221358653E-1,8.371167449036E-1,
9.807692307694E-1,1.E0),.UNSPECIFIED.);
#12314=EDGE_CURVE('',#9043,#9303,#8849,.T.);
#12327=EDGE_CURVE('',#9041,#9305,#8861,.T.);
#12346=CLOSED_SHELL('',(#9325,#9340,#9359,#9376,#9394,#9634,#9653,#9670,#9684,
#9727,#9742,#9760,#9777,#9795,#9807,#9820,#9839,#9856,#9869,#9886,#9903,#9915,
#9930,#9943,#9953,#9968,#9981,#9991,#10006,#10020,#10042,#10056,#10077,#10091,
#10105,#10119,#10133,#10156,#10178,#10192,#10205,#10226,#10264,#10278,#10303,
#10317,#10351,#10365,#10390,#10403,#10419,#10445,#10459,#10484,#10498,#10512,
#10526,#10551,#10565,#10590,#10604,#10618,#10631,#10651,#10666,#10680,#10694,
#10723,#10737,#10751,#10780,#10794,#10808,#10822,#10846,#10865,#10891,#10905,
#10927,#10941,#10968,#10995,#11009,#11022,#11050,#11065,#11082,#11107,#11132,
#11145,#11157,#11185,#11206,#11231,#11261,#11290,#11316,#11348,#11373,#11394,
#11419,#11447,#11473,#11493,#11531,#11545,#11570,#11584,#11618,#11632,#11657,
#11670,#11686,#11709,#11723,#11745,#11759,#11787,#11815,#11828,#11855,#11870,
#11887,#11913,#11939,#11952,#11964,#11979,#12004,#12018,#12042,#12054,#12083,
#12110,#12126,#12162,#12173,#12198,#12216,#12242,#12255,#12270,#12283,#12296,
#12320,#12333,#12345));
#12347=MANIFOLD_SOLID_BREP('',#12346);
#12348=(LENGTH_UNIT()NAMED_UNIT(*)SI_UNIT(.MILLI.,.METRE.));
#12350=(NAMED_UNIT(*)PLANE_ANGLE_UNIT()SI_UNIT($,.RADIAN.));
#12353=(NAMED_UNIT(*)SI_UNIT($,.STERADIAN.)SOLID_ANGLE_UNIT());
#12359=AXIS2_PLACEMENT_3D('',#12356,#12357,#12358);
#12360=ADVANCED_BREP_SHAPE_REPRESENTATION('',(#12359,#12347),#12355);
#12364=PRODUCT_DEFINITION('design','',#12363,#6276);
#12365=PRODUCT_DEFINITION_SHAPE('','SHAPE FOR PRT0001_2_STP_12_1.',#12364);
#12366=SHAPE_DEFINITION_REPRESENTATION(#12365,#12360);
#12367=NEXT_ASSEMBLY_USAGE_OCCURRENCE('492','Next assembly relationship',
'PRT0001_2_STP',#12396,#12364,$);
#12368=PRODUCT_DEFINITION_SHAPE('Placement #492',
'Placement of PRT0001_2_STP_12_1 with respect to _X2_59575A03_X0_4_X2_53F7_X0__A_ASM',#12367);
#12377=AXIS2_PLACEMENT_3D('',#12374,#12375,#12376);
#12380=(LENGTH_UNIT()NAMED_UNIT(*)SI_UNIT(.MILLI.,.METRE.));
#12382=(NAMED_UNIT(*)PLANE_ANGLE_UNIT()SI_UNIT($,.RADIAN.));
#12385=(NAMED_UNIT(*)SI_UNIT($,.STERADIAN.)SOLID_ANGLE_UNIT());
#12391=AXIS2_PLACEMENT_3D('',#12388,#12389,#12390);
#12396=PRODUCT_DEFINITION('design','',#12395,#12392);
#12397=SHAPE_DEFINITION_REPRESENTATION(#12398,#12399);
#12398=PRODUCT_DEFINITION_SHAPE('',
'SHAPE FOR H75-20230508-000_ASM_STP_ASM_1__ASM.',#12428);
#12399=SHAPE_REPRESENTATION('',(#12410,#12405,#12424),#12420);
#12400=NEXT_ASSEMBLY_USAGE_OCCURRENCE('493','Next assembly relationship',
'_X2_59575A03_X0_4_X2_53F7_X0__A',#12428,#12396,$);
#12401=PRODUCT_DEFINITION_SHAPE('Placement #493',
'Placement of _X2_59575A03_X0_4_X2_53F7_X0__A_ASM with respect to H75-20230508-000_ASM_STP_ASM_1__ASM',#12400);
#12410=AXIS2_PLACEMENT_3D('',#12407,#12408,#12409);
#12413=(LENGTH_UNIT()NAMED_UNIT(*)SI_UNIT(.MILLI.,.METRE.));
#12415=(NAMED_UNIT(*)PLANE_ANGLE_UNIT()SI_UNIT($,.RADIAN.));
#12418=(NAMED_UNIT(*)SI_UNIT($,.STERADIAN.)SOLID_ANGLE_UNIT());
#12424=AXIS2_PLACEMENT_3D('',#12421,#12422,#12423);
#12428=PRODUCT_DEFINITION('design','',#12427,#12392);
#12429=SHAPE_DEFINITION_REPRESENTATION(#12430,#12431);
#12430=PRODUCT_DEFINITION_SHAPE('',
'SHAPE FOR H75_X2_624B6258_X0_-FINAL_ASM_1_ASM.',#12461);
#12431=SHAPE_REPRESENTATION('',(#12442,#12437,#12456),#12452);
#12432=NEXT_ASSEMBLY_USAGE_OCCURRENCE('494','Next assembly relationship',
'H75-20230508-000_ASM_STP',#12461,#12428,$);
#12433=PRODUCT_DEFINITION_SHAPE('Placement #494',
'Placement of H75-20230508-000_ASM_STP_ASM_1__ASM with respect to H75_X2_624B6258_X0_-FINAL_ASM_1_ASM',#12432);
#12442=AXIS2_PLACEMENT_3D('',#12439,#12440,#12441);
#12445=(LENGTH_UNIT()NAMED_UNIT(*)SI_UNIT(.MILLI.,.METRE.));
#12447=(NAMED_UNIT(*)PLANE_ANGLE_UNIT()SI_UNIT($,.RADIAN.));
#12450=(NAMED_UNIT(*)SI_UNIT($,.STERADIAN.)SOLID_ANGLE_UNIT());
#12456=AXIS2_PLACEMENT_3D('',#12453,#12454,#12455);
#12461=PRODUCT_DEFINITION('design','',#12460,#12457);
#12462=SHAPE_DEFINITION_REPRESENTATION(#12463,#12464);
#12463=PRODUCT_DEFINITION_SHAPE('','SHAPE FOR H75-FINAL00_ASM_5_ASM_1_ASM.',
#12489);
#12464=SHAPE_REPRESENTATION('',(#12470,#12485),#12481);
#12465=NEXT_ASSEMBLY_USAGE_OCCURRENCE('495','Next assembly relationship',
'H75_X2_624B6258_X0_-FINAL',#12489,#12461,$);
#12466=PRODUCT_DEFINITION_SHAPE('Placement #495',
'Placement of H75_X2_624B6258_X0_-FINAL_ASM_1_ASM with respect to H75-FINAL00_ASM_5_ASM_1_ASM',#12465);
#12474=(LENGTH_UNIT()NAMED_UNIT(*)SI_UNIT(.MILLI.,.METRE.));
#12476=(NAMED_UNIT(*)PLANE_ANGLE_UNIT()SI_UNIT($,.RADIAN.));
#12479=(NAMED_UNIT(*)SI_UNIT($,.STERADIAN.)SOLID_ANGLE_UNIT());
#12485=AXIS2_PLACEMENT_3D('',#12482,#12483,#12484);
#12489=PRODUCT_DEFINITION('design','',#12488,#12457);
ENDSEC;
END-ISO-10303-21;
