ISO-10303-21;
HEADER;
FILE_DESCRIPTION((''),'2;1');
FILE_NAME('WH80-ASM-12292500_ASM','2026-01-08T14:08:30',('Admin'),(''),
'CREO PARAMETRIC BY PTC INC, 2024063','CREO PARAMETRIC BY PTC INC, 2024063','');
FILE_SCHEMA(('CONFIG_CONTROL_DESIGN'));
ENDSEC;
DATA;
#1=DIRECTION('',(0.E0,0.E0,-1.E0));
#2=VECTOR('',#1,3.470000000007E2);
#3=CARTESIAN_POINT('',(-7.720463947996E1,1.945388503026E1,3.435000000006E2));
#4=LINE('',#3,#2);
#5=DIRECTION('',(-1.218693434052E-1,-9.925461516413E-1,-2.209617377960E-10));
#6=VECTOR('',#5,2.499999999997E0);
#7=CARTESIAN_POINT('',(-7.720463947996E1,1.945388503026E1,3.435000000006E2));
#8=LINE('',#7,#6);
#9=CARTESIAN_POINT('',(-7.670836640413E1,1.939295035855E1,3.435E2));
#10=DIRECTION('',(0.E0,0.E0,-1.E0));
#11=DIRECTION('',(-9.925461516413E-1,1.218693434052E-1,0.E0));
#12=AXIS2_PLACEMENT_3D('',#9,#10,#11);
#14=CARTESIAN_POINT('',(-7.670836640413E1,1.939295035855E1,-3.5E0));
#15=DIRECTION('',(0.E0,0.E0,-1.E0));
#16=DIRECTION('',(-9.925461516413E-1,1.218693434052E-1,0.E0));
#17=AXIS2_PLACEMENT_3D('',#14,#15,#16);
#19=CARTESIAN_POINT('',(-7.670836640413E1,1.939295035855E1,-3.5E0));
#20=DIRECTION('',(-1.218693434052E-1,-9.925461516413E-1,0.E0));
#21=DIRECTION('',(-9.925461516413E-1,1.218693434052E-1,0.E0));
#22=AXIS2_PLACEMENT_3D('',#19,#20,#21);
#24=DIRECTION('',(-1.218693434052E-1,-9.925461516413E-1,4.008846588027E-11));
#25=VECTOR('',#24,2.499999999997E0);
#26=CARTESIAN_POINT('',(-7.720463947995E1,1.945388503026E1,-3.500000000100E0));
#27=LINE('',#26,#25);
#28=DIRECTION('',(1.218693433731E-1,9.925461516453E-1,0.E0));
#29=VECTOR('',#28,2.499999999997E0);
#30=CARTESIAN_POINT('',(-7.701303976265E1,1.691158497945E1,-4.E0));
#31=LINE('',#30,#29);
#32=DIRECTION('',(9.925461516413E-1,-1.218693434052E-1,0.E0));
#33=VECTOR('',#32,7.55E1);
#34=CARTESIAN_POINT('',(-7.403540130772E1,1.654597694924E1,5.5E0));
#35=LINE('',#34,#33);
#36=DIRECTION('',(-1.317464655889E-14,0.E0,-1.E0));
#37=VECTOR('',#36,9.E0);
#38=CARTESIAN_POINT('',(9.018331411984E-1,7.344841522145E0,5.5E0));
#39=LINE('',#38,#37);
#40=CARTESIAN_POINT('',(4.055600653775E-1,7.405776193847E0,-3.5E0));
#41=DIRECTION('',(1.218693434052E-1,9.925461516413E-1,0.E0));
#42=DIRECTION('',(9.925461516413E-1,-1.218693434052E-1,0.E0));
#43=AXIS2_PLACEMENT_3D('',#40,#41,#42);
#45=CARTESIAN_POINT('',(-7.701303976265E1,1.691158497945E1,-3.5E0));
#46=DIRECTION('',(1.218693434052E-1,9.925461516413E-1,0.E0));
#47=DIRECTION('',(0.E0,0.E0,-1.E0));
#48=AXIS2_PLACEMENT_3D('',#45,#46,#47);
#50=DIRECTION('',(0.E0,0.E0,1.E0));
#51=VECTOR('',#50,3.47E2);
#52=CARTESIAN_POINT('',(-7.750931283847E1,1.697251965116E1,-3.5E0));
#53=LINE('',#52,#51);
#54=CARTESIAN_POINT('',(-7.701303976265E1,1.691158497945E1,3.435E2));
#55=DIRECTION('',(1.218693434052E-1,9.925461516413E-1,0.E0));
#56=DIRECTION('',(-9.925461516413E-1,1.218693434052E-1,0.E0));
#57=AXIS2_PLACEMENT_3D('',#54,#55,#56);
#59=CARTESIAN_POINT('',(4.055600653797E-1,7.405776193847E0,3.435E2));
#60=DIRECTION('',(1.218693434052E-1,9.925461516413E-1,0.E0));
#61=DIRECTION('',(0.E0,0.E0,1.E0));
#62=AXIS2_PLACEMENT_3D('',#59,#60,#61);
#64=DIRECTION('',(-1.134154498712E-13,1.411216822412E-14,-1.E0));
#65=VECTOR('',#64,9.E0);
#66=CARTESIAN_POINT('',(9.018331411994E-1,7.344841522144E0,3.435E2));
#67=LINE('',#66,#65);
#68=DIRECTION('',(0.E0,0.E0,1.E0));
#69=VECTOR('',#68,3.29E2);
#70=CARTESIAN_POINT('',(-7.403540130772E1,1.654597694924E1,5.5E0));
#71=LINE('',#70,#69);
#72=DIRECTION('',(-1.218693434052E-1,-9.925461516413E-1,0.E0));
#73=VECTOR('',#72,7.400000000002E0);
#74=CARTESIAN_POINT('',(-7.403540130772E1,1.654597694924E1,3.345E2));
#75=LINE('',#74,#73);
#76=DIRECTION('',(6.093467170270E-2,4.962730758206E-1,-8.660254037845E-1));
#77=VECTOR('',#76,3.252514728191E0);
#78=CARTESIAN_POINT('',(-7.493723444892E1,9.201135427082E0,3.303667603808E2));
#79=LINE('',#78,#77);
#80=DIRECTION('',(-6.093467170252E-2,-4.962730758193E-1,-8.660254037852E-1));
#81=VECTOR('',#80,3.252514728181E0);
#82=CARTESIAN_POINT('',(-7.473904353175E1,1.081527091539E1,3.2755E2));
#83=LINE('',#82,#81);
#84=DIRECTION('',(6.093467170279E-2,4.962730758206E-1,-8.660254037845E-1));
#85=VECTOR('',#84,3.252514728191E0);
#86=CARTESIAN_POINT('',(-7.493723444892E1,9.201135427082E0,3.213667603808E2));
#87=LINE('',#86,#85);
#88=DIRECTION('',(-6.093467170254E-2,-4.962730758193E-1,-8.660254037852E-1));
#89=VECTOR('',#88,3.252514728181E0);
#90=CARTESIAN_POINT('',(-7.473904353175E1,1.081527091539E1,3.1855E2));
#91=LINE('',#90,#89);
#92=DIRECTION('',(6.093467170279E-2,4.962730758206E-1,-8.660254037845E-1));
#93=VECTOR('',#92,3.252514728190E0);
#94=CARTESIAN_POINT('',(-7.493723444892E1,9.201135427082E0,3.123667603808E2));
#95=LINE('',#94,#93);
#96=DIRECTION('',(-6.093467170253E-2,-4.962730758193E-1,-8.660254037852E-1));
#97=VECTOR('',#96,3.252514728181E0);
#98=CARTESIAN_POINT('',(-7.473904353175E1,1.081527091539E1,3.0955E2));
#99=LINE('',#98,#97);
#100=DIRECTION('',(6.093467170279E-2,4.962730758206E-1,-8.660254037845E-1));
#101=VECTOR('',#100,3.252514728191E0);
#102=CARTESIAN_POINT('',(-7.493723444892E1,9.201135427082E0,3.033667603808E2));
#103=LINE('',#102,#101);
#104=DIRECTION('',(-6.093467170253E-2,-4.962730758193E-1,-8.660254037852E-1));
#105=VECTOR('',#104,3.252514728181E0);
#106=CARTESIAN_POINT('',(-7.473904353175E1,1.081527091539E1,3.0055E2));
#107=LINE('',#106,#105);
#108=DIRECTION('',(6.093467170279E-2,4.962730758206E-1,-8.660254037845E-1));
#109=VECTOR('',#108,3.252514728190E0);
#110=CARTESIAN_POINT('',(-7.493723444892E1,9.201135427082E0,2.943667603808E2));
#111=LINE('',#110,#109);
#112=DIRECTION('',(-6.093467170252E-2,-4.962730758193E-1,-8.660254037852E-1));
#113=VECTOR('',#112,3.252514728181E0);
#114=CARTESIAN_POINT('',(-7.473904353175E1,1.081527091539E1,2.9155E2));
#115=LINE('',#114,#113);
#116=DIRECTION('',(6.093467170279E-2,4.962730758206E-1,-8.660254037845E-1));
#117=VECTOR('',#116,3.252514728190E0);
#118=CARTESIAN_POINT('',(-7.493723444892E1,9.201135427082E0,2.853667603808E2));
#119=LINE('',#118,#117);
#120=DIRECTION('',(-6.093467170253E-2,-4.962730758193E-1,-8.660254037852E-1));
#121=VECTOR('',#120,3.252514728181E0);
#122=CARTESIAN_POINT('',(-7.473904353175E1,1.081527091539E1,2.8255E2));
#123=LINE('',#122,#121);
#124=DIRECTION('',(6.093467170279E-2,4.962730758206E-1,-8.660254037845E-1));
#125=VECTOR('',#124,3.252514728191E0);
#126=CARTESIAN_POINT('',(-7.493723444892E1,9.201135427082E0,2.763667603808E2));
#127=LINE('',#126,#125);
#128=DIRECTION('',(-6.093467170253E-2,-4.962730758193E-1,-8.660254037852E-1));
#129=VECTOR('',#128,3.252514728181E0);
#130=CARTESIAN_POINT('',(-7.473904353175E1,1.081527091539E1,2.7355E2));
#131=LINE('',#130,#129);
#132=DIRECTION('',(6.093467170279E-2,4.962730758206E-1,-8.660254037845E-1));
#133=VECTOR('',#132,3.252514728191E0);
#134=CARTESIAN_POINT('',(-7.493723444892E1,9.201135427082E0,2.673667603808E2));
#135=LINE('',#134,#133);
#136=DIRECTION('',(-6.093467170253E-2,-4.962730758193E-1,-8.660254037852E-1));
#137=VECTOR('',#136,3.252514728181E0);
#138=CARTESIAN_POINT('',(-7.473904353175E1,1.081527091539E1,2.6455E2));
#139=LINE('',#138,#137);
#140=DIRECTION('',(6.093467170279E-2,4.962730758206E-1,-8.660254037845E-1));
#141=VECTOR('',#140,3.252514728191E0);
#142=CARTESIAN_POINT('',(-7.493723444892E1,9.201135427082E0,2.583667603808E2));
#143=LINE('',#142,#141);
#144=DIRECTION('',(-6.093467170254E-2,-4.962730758193E-1,-8.660254037852E-1));
#145=VECTOR('',#144,3.252514728181E0);
#146=CARTESIAN_POINT('',(-7.473904353175E1,1.081527091539E1,2.5555E2));
#147=LINE('',#146,#145);
#148=DIRECTION('',(6.093467170279E-2,4.962730758206E-1,-8.660254037845E-1));
#149=VECTOR('',#148,3.252514728191E0);
#150=CARTESIAN_POINT('',(-7.493723444892E1,9.201135427082E0,2.493667603808E2));
#151=LINE('',#150,#149);
#152=DIRECTION('',(-6.093467170253E-2,-4.962730758193E-1,-8.660254037852E-1));
#153=VECTOR('',#152,3.252514728181E0);
#154=CARTESIAN_POINT('',(-7.473904353175E1,1.081527091539E1,2.4655E2));
#155=LINE('',#154,#153);
#156=DIRECTION('',(6.093467170279E-2,4.962730758206E-1,-8.660254037845E-1));
#157=VECTOR('',#156,3.252514728191E0);
#158=CARTESIAN_POINT('',(-7.493723444892E1,9.201135427082E0,2.403667603808E2));
#159=LINE('',#158,#157);
#160=DIRECTION('',(-6.093467170253E-2,-4.962730758193E-1,-8.660254037852E-1));
#161=VECTOR('',#160,3.252514728181E0);
#162=CARTESIAN_POINT('',(-7.473904353175E1,1.081527091539E1,2.3755E2));
#163=LINE('',#162,#161);
#164=DIRECTION('',(6.093467170279E-2,4.962730758206E-1,-8.660254037845E-1));
#165=VECTOR('',#164,3.252514728191E0);
#166=CARTESIAN_POINT('',(-7.493723444892E1,9.201135427082E0,2.313667603808E2));
#167=LINE('',#166,#165);
#168=DIRECTION('',(-6.093467170253E-2,-4.962730758193E-1,-8.660254037852E-1));
#169=VECTOR('',#168,3.252514728181E0);
#170=CARTESIAN_POINT('',(-7.473904353175E1,1.081527091539E1,2.2855E2));
#171=LINE('',#170,#169);
#172=DIRECTION('',(6.093467170279E-2,4.962730758206E-1,-8.660254037845E-1));
#173=VECTOR('',#172,3.252514728191E0);
#174=CARTESIAN_POINT('',(-7.493723444892E1,9.201135427082E0,2.223667603808E2));
#175=LINE('',#174,#173);
#176=DIRECTION('',(-6.093467170253E-2,-4.962730758193E-1,-8.660254037852E-1));
#177=VECTOR('',#176,3.252514728181E0);
#178=CARTESIAN_POINT('',(-7.473904353175E1,1.081527091539E1,2.1955E2));
#179=LINE('',#178,#177);
#180=DIRECTION('',(6.093467170279E-2,4.962730758206E-1,-8.660254037845E-1));
#181=VECTOR('',#180,3.252514728191E0);
#182=CARTESIAN_POINT('',(-7.493723444892E1,9.201135427082E0,2.133667603808E2));
#183=LINE('',#182,#181);
#184=DIRECTION('',(-6.093467170253E-2,-4.962730758193E-1,-8.660254037852E-1));
#185=VECTOR('',#184,3.252514728181E0);
#186=CARTESIAN_POINT('',(-7.473904353175E1,1.081527091539E1,2.1055E2));
#187=LINE('',#186,#185);
#188=DIRECTION('',(6.093467170279E-2,4.962730758206E-1,-8.660254037845E-1));
#189=VECTOR('',#188,3.252514728191E0);
#190=CARTESIAN_POINT('',(-7.493723444892E1,9.201135427082E0,2.043667603808E2));
#191=LINE('',#190,#189);
#192=DIRECTION('',(-6.093467170253E-2,-4.962730758193E-1,-8.660254037852E-1));
#193=VECTOR('',#192,3.252514728181E0);
#194=CARTESIAN_POINT('',(-7.473904353175E1,1.081527091539E1,2.0155E2));
#195=LINE('',#194,#193);
#196=DIRECTION('',(6.093467170279E-2,4.962730758206E-1,-8.660254037845E-1));
#197=VECTOR('',#196,3.252514728191E0);
#198=CARTESIAN_POINT('',(-7.493723444892E1,9.201135427082E0,1.953667603808E2));
#199=LINE('',#198,#197);
#200=DIRECTION('',(-6.093467170253E-2,-4.962730758193E-1,-8.660254037852E-1));
#201=VECTOR('',#200,3.252514728181E0);
#202=CARTESIAN_POINT('',(-7.473904353175E1,1.081527091539E1,1.9255E2));
#203=LINE('',#202,#201);
#204=DIRECTION('',(6.093467170279E-2,4.962730758206E-1,-8.660254037845E-1));
#205=VECTOR('',#204,3.252514728191E0);
#206=CARTESIAN_POINT('',(-7.493723444892E1,9.201135427082E0,1.863667603808E2));
#207=LINE('',#206,#205);
#208=DIRECTION('',(-6.093467170253E-2,-4.962730758193E-1,-8.660254037852E-1));
#209=VECTOR('',#208,3.252514728181E0);
#210=CARTESIAN_POINT('',(-7.473904353175E1,1.081527091539E1,1.8355E2));
#211=LINE('',#210,#209);
#212=DIRECTION('',(6.093467170279E-2,4.962730758206E-1,-8.660254037845E-1));
#213=VECTOR('',#212,3.252514728191E0);
#214=CARTESIAN_POINT('',(-7.493723444892E1,9.201135427082E0,1.773667603808E2));
#215=LINE('',#214,#213);
#216=DIRECTION('',(-6.093467170253E-2,-4.962730758193E-1,-8.660254037852E-1));
#217=VECTOR('',#216,3.252514728181E0);
#218=CARTESIAN_POINT('',(-7.473904353175E1,1.081527091539E1,1.7455E2));
#219=LINE('',#218,#217);
#220=DIRECTION('',(6.093467170279E-2,4.962730758206E-1,-8.660254037845E-1));
#221=VECTOR('',#220,3.252514728191E0);
#222=CARTESIAN_POINT('',(-7.493723444892E1,9.201135427082E0,1.683667603808E2));
#223=LINE('',#222,#221);
#224=DIRECTION('',(-6.093467170253E-2,-4.962730758193E-1,-8.660254037852E-1));
#225=VECTOR('',#224,3.252514728181E0);
#226=CARTESIAN_POINT('',(-7.473904353175E1,1.081527091539E1,1.6555E2));
#227=LINE('',#226,#225);
#228=DIRECTION('',(6.093467170279E-2,4.962730758206E-1,-8.660254037845E-1));
#229=VECTOR('',#228,3.252514728191E0);
#230=CARTESIAN_POINT('',(-7.493723444892E1,9.201135427082E0,1.593667603808E2));
#231=LINE('',#230,#229);
#232=DIRECTION('',(-6.093467170253E-2,-4.962730758193E-1,-8.660254037852E-1));
#233=VECTOR('',#232,3.252514728181E0);
#234=CARTESIAN_POINT('',(-7.473904353175E1,1.081527091539E1,1.5655E2));
#235=LINE('',#234,#233);
#236=DIRECTION('',(6.093467170279E-2,4.962730758206E-1,-8.660254037845E-1));
#237=VECTOR('',#236,3.252514728191E0);
#238=CARTESIAN_POINT('',(-7.493723444892E1,9.201135427082E0,1.503667603808E2));
#239=LINE('',#238,#237);
#240=DIRECTION('',(-6.093467170253E-2,-4.962730758193E-1,-8.660254037852E-1));
#241=VECTOR('',#240,3.252514728181E0);
#242=CARTESIAN_POINT('',(-7.473904353175E1,1.081527091539E1,1.4755E2));
#243=LINE('',#242,#241);
#244=DIRECTION('',(6.093467170279E-2,4.962730758206E-1,-8.660254037845E-1));
#245=VECTOR('',#244,3.252514728191E0);
#246=CARTESIAN_POINT('',(-7.493723444892E1,9.201135427082E0,1.413667603808E2));
#247=LINE('',#246,#245);
#248=DIRECTION('',(-6.093467170253E-2,-4.962730758193E-1,-8.660254037852E-1));
#249=VECTOR('',#248,3.252514728181E0);
#250=CARTESIAN_POINT('',(-7.473904353175E1,1.081527091539E1,1.3855E2));
#251=LINE('',#250,#249);
#252=DIRECTION('',(6.093467170279E-2,4.962730758206E-1,-8.660254037845E-1));
#253=VECTOR('',#252,3.252514728191E0);
#254=CARTESIAN_POINT('',(-7.493723444892E1,9.201135427082E0,1.323667603808E2));
#255=LINE('',#254,#253);
#256=DIRECTION('',(-6.093467170253E-2,-4.962730758193E-1,-8.660254037852E-1));
#257=VECTOR('',#256,3.252514728181E0);
#258=CARTESIAN_POINT('',(-7.473904353175E1,1.081527091539E1,1.2955E2));
#259=LINE('',#258,#257);
#260=DIRECTION('',(6.093467170279E-2,4.962730758206E-1,-8.660254037845E-1));
#261=VECTOR('',#260,3.252514728191E0);
#262=CARTESIAN_POINT('',(-7.493723444892E1,9.201135427082E0,1.233667603808E2));
#263=LINE('',#262,#261);
#264=DIRECTION('',(-6.093467170253E-2,-4.962730758193E-1,-8.660254037852E-1));
#265=VECTOR('',#264,3.252514728181E0);
#266=CARTESIAN_POINT('',(-7.473904353175E1,1.081527091539E1,1.2055E2));
#267=LINE('',#266,#265);
#268=DIRECTION('',(6.093467170279E-2,4.962730758206E-1,-8.660254037845E-1));
#269=VECTOR('',#268,3.252514728191E0);
#270=CARTESIAN_POINT('',(-7.493723444892E1,9.201135427082E0,1.143667603808E2));
#271=LINE('',#270,#269);
#272=DIRECTION('',(-6.093467170253E-2,-4.962730758193E-1,-8.660254037852E-1));
#273=VECTOR('',#272,3.252514728181E0);
#274=CARTESIAN_POINT('',(-7.473904353175E1,1.081527091539E1,1.1155E2));
#275=LINE('',#274,#273);
#276=DIRECTION('',(6.093467170271E-2,4.962730758186E-1,-8.660254037856E-1));
#277=VECTOR('',#276,3.252514728185E0);
#278=CARTESIAN_POINT('',(-7.493723444892E1,9.201135427081E0,1.053667603808E2));
#279=LINE('',#278,#277);
#280=DIRECTION('',(-6.093467170271E-2,-4.962730758203E-1,-8.660254037846E-1));
#281=VECTOR('',#280,3.252514728158E0);
#282=CARTESIAN_POINT('',(-7.473904353175E1,1.081527091538E1,1.0255E2));
#283=LINE('',#282,#281);
#284=DIRECTION('',(6.093467170301E-2,4.962730758206E-1,-8.660254037844E-1));
#285=VECTOR('',#284,3.252514728150E0);
#286=CARTESIAN_POINT('',(-7.493723444892E1,9.201135427090E0,9.636676038076E1));
#287=LINE('',#286,#285);
#288=DIRECTION('',(-6.093467170269E-2,-4.962730758208E-1,-8.660254037844E-1));
#289=VECTOR('',#288,3.252514728151E0);
#290=CARTESIAN_POINT('',(-7.473904353175E1,1.081527091538E1,9.355E1));
#291=LINE('',#290,#289);
#292=DIRECTION('',(6.093467170301E-2,4.962730758206E-1,-8.660254037844E-1));
#293=VECTOR('',#292,3.252514728150E0);
#294=CARTESIAN_POINT('',(-7.493723444892E1,9.201135427090E0,8.736676038076E1));
#295=LINE('',#294,#293);
#296=DIRECTION('',(-6.093467170269E-2,-4.962730758208E-1,-8.660254037843E-1));
#297=VECTOR('',#296,3.252514728151E0);
#298=CARTESIAN_POINT('',(-7.473904353175E1,1.081527091538E1,8.455E1));
#299=LINE('',#298,#297);
#300=DIRECTION('',(6.093467170301E-2,4.962730758206E-1,-8.660254037844E-1));
#301=VECTOR('',#300,3.252514728150E0);
#302=CARTESIAN_POINT('',(-7.493723444892E1,9.201135427090E0,7.836676038076E1));
#303=LINE('',#302,#301);
#304=DIRECTION('',(-6.093467170269E-2,-4.962730758208E-1,-8.660254037844E-1));
#305=VECTOR('',#304,3.252514728151E0);
#306=CARTESIAN_POINT('',(-7.473904353175E1,1.081527091538E1,7.555E1));
#307=LINE('',#306,#305);
#308=DIRECTION('',(6.093467170301E-2,4.962730758206E-1,-8.660254037844E-1));
#309=VECTOR('',#308,3.252514728150E0);
#310=CARTESIAN_POINT('',(-7.493723444892E1,9.201135427090E0,6.936676038076E1));
#311=LINE('',#310,#309);
#312=DIRECTION('',(-6.093467170269E-2,-4.962730758208E-1,-8.660254037843E-1));
#313=VECTOR('',#312,3.252514728151E0);
#314=CARTESIAN_POINT('',(-7.473904353175E1,1.081527091538E1,6.655E1));
#315=LINE('',#314,#313);
#316=DIRECTION('',(6.093467170301E-2,4.962730758206E-1,-8.660254037844E-1));
#317=VECTOR('',#316,3.252514728151E0);
#318=CARTESIAN_POINT('',(-7.493723444892E1,9.201135427090E0,6.036676038076E1));
#319=LINE('',#318,#317);
#320=DIRECTION('',(-6.093467170269E-2,-4.962730758208E-1,-8.660254037844E-1));
#321=VECTOR('',#320,3.252514728151E0);
#322=CARTESIAN_POINT('',(-7.473904353175E1,1.081527091538E1,5.755E1));
#323=LINE('',#322,#321);
#324=DIRECTION('',(6.093467170301E-2,4.962730758206E-1,-8.660254037844E-1));
#325=VECTOR('',#324,3.252514728151E0);
#326=CARTESIAN_POINT('',(-7.493723444892E1,9.201135427090E0,5.136676038076E1));
#327=LINE('',#326,#325);
#328=DIRECTION('',(-6.093467170269E-2,-4.962730758208E-1,-8.660254037844E-1));
#329=VECTOR('',#328,3.252514728151E0);
#330=CARTESIAN_POINT('',(-7.473904353175E1,1.081527091538E1,4.855E1));
#331=LINE('',#330,#329);
#332=DIRECTION('',(6.093467170301E-2,4.962730758206E-1,-8.660254037844E-1));
#333=VECTOR('',#332,3.252514728151E0);
#334=CARTESIAN_POINT('',(-7.493723444892E1,9.201135427090E0,4.236676038076E1));
#335=LINE('',#334,#333);
#336=DIRECTION('',(-6.093467170269E-2,-4.962730758208E-1,-8.660254037844E-1));
#337=VECTOR('',#336,3.252514728151E0);
#338=CARTESIAN_POINT('',(-7.473904353175E1,1.081527091538E1,3.955E1));
#339=LINE('',#338,#337);
#340=DIRECTION('',(6.093467170301E-2,4.962730758206E-1,-8.660254037844E-1));
#341=VECTOR('',#340,3.252514728151E0);
#342=CARTESIAN_POINT('',(-7.493723444892E1,9.201135427090E0,3.336676038076E1));
#343=LINE('',#342,#341);
#344=DIRECTION('',(-6.093467170269E-2,-4.962730758208E-1,-8.660254037844E-1));
#345=VECTOR('',#344,3.252514728151E0);
#346=CARTESIAN_POINT('',(-7.473904353175E1,1.081527091538E1,3.055E1));
#347=LINE('',#346,#345);
#348=DIRECTION('',(6.093467170301E-2,4.962730758206E-1,-8.660254037844E-1));
#349=VECTOR('',#348,3.252514728151E0);
#350=CARTESIAN_POINT('',(-7.493723444892E1,9.201135427090E0,2.436676038076E1));
#351=LINE('',#350,#349);
#352=DIRECTION('',(-6.093467170269E-2,-4.962730758208E-1,-8.660254037844E-1));
#353=VECTOR('',#352,3.252514728151E0);
#354=CARTESIAN_POINT('',(-7.473904353175E1,1.081527091538E1,2.155E1));
#355=LINE('',#354,#353);
#356=DIRECTION('',(6.093467170303E-2,4.962730758208E-1,-8.660254037843E-1));
#357=VECTOR('',#356,3.252514728151E0);
#358=CARTESIAN_POINT('',(-7.493723444892E1,9.201135427090E0,1.536676038076E1));
#359=LINE('',#358,#357);
#360=DIRECTION('',(-6.093467170269E-2,-4.962730758208E-1,-8.660254037844E-1));
#361=VECTOR('',#360,3.252514728152E0);
#362=CARTESIAN_POINT('',(-7.473904353175E1,1.081527091538E1,1.255E1));
#363=LINE('',#362,#361);
#364=DIRECTION('',(9.925461516413E-1,-1.218693434052E-1,0.E0));
#365=VECTOR('',#364,7.55E1);
#366=CARTESIAN_POINT('',(-7.403540130772E1,1.654597694924E1,3.345E2));
#367=LINE('',#366,#365);
#368=DIRECTION('',(-1.218693434052E-1,-9.925461516413E-1,0.E0));
#369=VECTOR('',#368,7.400000000002E0);
#370=CARTESIAN_POINT('',(9.018331411984E-1,7.344841522145E0,3.345E2));
#371=LINE('',#370,#369);
#372=DIRECTION('',(9.925461516413E-1,-1.218693434052E-1,0.E0));
#373=VECTOR('',#372,7.55E1);
#374=CARTESIAN_POINT('',(-7.493723444892E1,9.201135427090E0,3.345E2));
#375=LINE('',#374,#373);
#376=DIRECTION('',(-1.899307879186E-13,-1.555677287730E-12,-1.E0));
#377=VECTOR('',#376,4.133239619201E0);
#378=CARTESIAN_POINT('',(-4.170682022193E-13,-3.417182912198E-12,3.345E2));
#379=LINE('',#378,#377);
#380=DIRECTION('',(-1.306511426700E-13,1.765509520028E-12,1.E0));
#381=VECTOR('',#380,4.133239619202E0);
#382=CARTESIAN_POINT('',(-7.493723444892E1,9.201135427082E0,3.303667603808E2));
#383=LINE('',#382,#381);
#384=DIRECTION('',(0.E0,0.E0,1.E0));
#385=VECTOR('',#384,3.470000000007E2);
#386=CARTESIAN_POINT('',(1.206506499711E0,9.826206901245E0,-3.500000000552E0));
#387=LINE('',#386,#385);
#388=DIRECTION('',(-1.218693434052E-1,-9.925461516413E-1,2.209702643089E-10));
#389=VECTOR('',#388,2.499999999997E0);
#390=CARTESIAN_POINT('',(1.206506499711E0,9.826206901245E0,-3.500000000552E0));
#391=LINE('',#390,#389);
#392=DIRECTION('',(-1.218693434052E-1,-9.925461516413E-1,0.E0));
#393=VECTOR('',#392,7.400000000002E0);
#394=CARTESIAN_POINT('',(9.018331411984E-1,7.344841522145E0,5.5E0));
#395=LINE('',#394,#393);
#396=DIRECTION('',(6.093467170258E-2,4.962730758205E-1,8.660254037845E-1));
#397=VECTOR('',#396,3.252514728160E0);
#398=CARTESIAN_POINT('',(-4.083296085211E-13,-3.407333844426E-12,
9.733239619230E0));
#399=LINE('',#398,#397);
#400=DIRECTION('',(-6.093467170260E-2,-4.962730758206E-1,8.660254037845E-1));
#401=VECTOR('',#400,3.252514728159E0);
#402=CARTESIAN_POINT('',(1.981909171679E-1,1.614135488292E0,1.255E1));
#403=LINE('',#402,#401);
#404=DIRECTION('',(6.093467170259E-2,4.962730758206E-1,8.660254037845E-1));
#405=VECTOR('',#404,3.252514728160E0);
#406=CARTESIAN_POINT('',(-4.787999153373E-13,-3.981273878318E-12,
1.873323961923E1));
#407=LINE('',#406,#405);
#408=DIRECTION('',(-6.093467170258E-2,-4.962730758204E-1,8.660254037846E-1));
#409=VECTOR('',#408,3.252514728159E0);
#410=CARTESIAN_POINT('',(1.981909171678E-1,1.614135488292E0,2.155E1));
#411=LINE('',#410,#409);
#412=DIRECTION('',(6.093467170259E-2,4.962730758206E-1,8.660254037845E-1));
#413=VECTOR('',#412,3.252514728160E0);
#414=CARTESIAN_POINT('',(-4.787792608216E-13,-3.981106328524E-12,
2.773323961923E1));
#415=LINE('',#414,#413);
#416=DIRECTION('',(-6.093467170258E-2,-4.962730758204E-1,8.660254037846E-1));
#417=VECTOR('',#416,3.252514728159E0);
#418=CARTESIAN_POINT('',(1.981909171678E-1,1.614135488292E0,3.055E1));
#419=LINE('',#418,#417);
#420=DIRECTION('',(6.093467170259E-2,4.962730758206E-1,8.660254037845E-1));
#421=VECTOR('',#420,3.252514728160E0);
#422=CARTESIAN_POINT('',(-4.787149203062E-13,-3.980586227044E-12,
3.673323961923E1));
#423=LINE('',#422,#421);
#424=DIRECTION('',(-6.093467170258E-2,-4.962730758204E-1,8.660254037846E-1));
#425=VECTOR('',#424,3.252514728159E0);
#426=CARTESIAN_POINT('',(1.981909171678E-1,1.614135488292E0,3.955E1));
#427=LINE('',#426,#425);
#428=DIRECTION('',(6.093467170259E-2,4.962730758206E-1,8.660254037845E-1));
#429=VECTOR('',#428,3.252514728160E0);
#430=CARTESIAN_POINT('',(-4.786640159387E-13,-3.980163727855E-12,
4.573323961923E1));
#431=LINE('',#430,#429);
#432=DIRECTION('',(-6.093467170258E-2,-4.962730758204E-1,8.660254037846E-1));
#433=VECTOR('',#432,3.252514728159E0);
#434=CARTESIAN_POINT('',(1.981909171678E-1,1.614135488292E0,4.855E1));
#435=LINE('',#434,#433);
#436=DIRECTION('',(6.093467170259E-2,4.962730758206E-1,8.660254037845E-1));
#437=VECTOR('',#436,3.252514728160E0);
#438=CARTESIAN_POINT('',(-4.786640159387E-13,-3.980163727855E-12,
5.473323961923E1));
#439=LINE('',#438,#437);
#440=DIRECTION('',(-6.093467170258E-2,-4.962730758204E-1,8.660254037846E-1));
#441=VECTOR('',#440,3.252514728159E0);
#442=CARTESIAN_POINT('',(1.981909171678E-1,1.614135488292E0,5.755E1));
#443=LINE('',#442,#441);
#444=DIRECTION('',(6.093467170259E-2,4.962730758206E-1,8.660254037845E-1));
#445=VECTOR('',#444,3.252514728160E0);
#446=CARTESIAN_POINT('',(-4.786640159387E-13,-3.980163727855E-12,
6.373323961923E1));
#447=LINE('',#446,#445);
#448=DIRECTION('',(-6.093467170258E-2,-4.962730758204E-1,8.660254037846E-1));
#449=VECTOR('',#448,3.252514728159E0);
#450=CARTESIAN_POINT('',(1.981909171678E-1,1.614135488292E0,6.655E1));
#451=LINE('',#450,#449);
#452=DIRECTION('',(6.093467170259E-2,4.962730758206E-1,8.660254037845E-1));
#453=VECTOR('',#452,3.252514728160E0);
#454=CARTESIAN_POINT('',(-4.785586157903E-13,-3.979304336895E-12,
7.273323961923E1));
#455=LINE('',#454,#453);
#456=DIRECTION('',(-6.093467170258E-2,-4.962730758204E-1,8.660254037846E-1));
#457=VECTOR('',#456,3.252514728159E0);
#458=CARTESIAN_POINT('',(1.981909171678E-1,1.614135488292E0,7.555E1));
#459=LINE('',#458,#457);
#460=DIRECTION('',(6.093467170259E-2,4.962730758206E-1,8.660254037845E-1));
#461=VECTOR('',#460,3.252514728160E0);
#462=CARTESIAN_POINT('',(-4.787672322273E-13,-3.981006623660E-12,
8.173323961923E1));
#463=LINE('',#462,#461);
#464=DIRECTION('',(-6.093467170258E-2,-4.962730758204E-1,8.660254037846E-1));
#465=VECTOR('',#464,3.252514728159E0);
#466=CARTESIAN_POINT('',(1.981909171678E-1,1.614135488292E0,8.455E1));
#467=LINE('',#466,#465);
#468=DIRECTION('',(6.093467170259E-2,4.962730758206E-1,8.660254037845E-1));
#469=VECTOR('',#468,3.252514728160E0);
#470=CARTESIAN_POINT('',(-4.785586157903E-13,-3.979304336895E-12,
9.073323961923E1));
#471=LINE('',#470,#469);
#472=DIRECTION('',(-6.093467170258E-2,-4.962730758204E-1,8.660254037846E-1));
#473=VECTOR('',#472,3.252514728159E0);
#474=CARTESIAN_POINT('',(1.981909171678E-1,1.614135488292E0,9.355E1));
#475=LINE('',#474,#473);
#476=DIRECTION('',(6.093467170259E-2,4.962730758206E-1,8.660254037845E-1));
#477=VECTOR('',#476,3.252514728160E0);
#478=CARTESIAN_POINT('',(-4.787672322272E-13,-3.981006623660E-12,
9.973323961923E1));
#479=LINE('',#478,#477);
#480=DIRECTION('',(-6.093467170234E-2,-4.962730758186E-1,8.660254037857E-1));
#481=VECTOR('',#480,3.252514728185E0);
#482=CARTESIAN_POINT('',(1.981909171678E-1,1.614135488292E0,1.0255E2));
#483=LINE('',#482,#481);
#484=DIRECTION('',(6.093467170243E-2,4.962730758192E-1,8.660254037853E-1));
#485=VECTOR('',#484,3.252514728189E0);
#486=CARTESIAN_POINT('',(-3.076283311994E-13,-2.548004799447E-12,
1.087332396192E2));
#487=LINE('',#486,#485);
#488=DIRECTION('',(-6.093467170256E-2,-4.962730758203E-1,8.660254037846E-1));
#489=VECTOR('',#488,3.252514728197E0);
#490=CARTESIAN_POINT('',(1.981909171692E-1,1.614135488303E0,1.1155E2));
#491=LINE('',#490,#489);
#492=DIRECTION('',(6.093467170243E-2,4.962730758192E-1,8.660254037853E-1));
#493=VECTOR('',#492,3.252514728189E0);
#494=CARTESIAN_POINT('',(-3.027221342033E-13,-2.547232784907E-12,
1.177332396192E2));
#495=LINE('',#494,#493);
#496=DIRECTION('',(-6.093467170256E-2,-4.962730758203E-1,8.660254037846E-1));
#497=VECTOR('',#496,3.252514728197E0);
#498=CARTESIAN_POINT('',(1.981909171692E-1,1.614135488303E0,1.2055E2));
#499=LINE('',#498,#497);
#500=DIRECTION('',(6.093467170243E-2,4.962730758192E-1,8.660254037853E-1));
#501=VECTOR('',#500,3.252514728189E0);
#502=CARTESIAN_POINT('',(-3.076283311990E-13,-2.548004799443E-12,
1.267332396192E2));
#503=LINE('',#502,#501);
#504=DIRECTION('',(-6.093467170256E-2,-4.962730758203E-1,8.660254037846E-1));
#505=VECTOR('',#504,3.252514728197E0);
#506=CARTESIAN_POINT('',(1.981909171692E-1,1.614135488303E0,1.2955E2));
#507=LINE('',#506,#505);
#508=DIRECTION('',(6.093467170243E-2,4.962730758192E-1,8.660254037853E-1));
#509=VECTOR('',#508,3.252514728189E0);
#510=CARTESIAN_POINT('',(-3.081680860175E-13,-2.552401480474E-12,
1.357332396192E2));
#511=LINE('',#510,#509);
#512=DIRECTION('',(-6.093467170256E-2,-4.962730758203E-1,8.660254037846E-1));
#513=VECTOR('',#512,3.252514728197E0);
#514=CARTESIAN_POINT('',(1.981909171692E-1,1.614135488303E0,1.3855E2));
#515=LINE('',#514,#513);
#516=DIRECTION('',(6.093467170243E-2,4.962730758192E-1,8.660254037853E-1));
#517=VECTOR('',#516,3.252514728189E0);
#518=CARTESIAN_POINT('',(-3.082539280262E-13,-2.553126192962E-12,
1.447332396192E2));
#519=LINE('',#518,#517);
#520=DIRECTION('',(-6.093467170256E-2,-4.962730758203E-1,8.660254037846E-1));
#521=VECTOR('',#520,3.252514728197E0);
#522=CARTESIAN_POINT('',(1.981909171692E-1,1.614135488303E0,1.4755E2));
#523=LINE('',#522,#521);
#524=DIRECTION('',(6.093467170243E-2,4.962730758192E-1,8.660254037853E-1));
#525=VECTOR('',#524,3.252514728189E0);
#526=CARTESIAN_POINT('',(-3.081267750778E-13,-2.552066365342E-12,
1.537332396192E2));
#527=LINE('',#526,#525);
#528=DIRECTION('',(-6.093467170256E-2,-4.962730758203E-1,8.660254037846E-1));
#529=VECTOR('',#528,3.252514728197E0);
#530=CARTESIAN_POINT('',(1.981909171692E-1,1.614135488303E0,1.5655E2));
#531=LINE('',#530,#529);
#532=DIRECTION('',(6.093467170243E-2,4.962730758192E-1,8.660254037853E-1));
#533=VECTOR('',#532,3.252514728189E0);
#534=CARTESIAN_POINT('',(-3.083365537226E-13,-2.553777950595E-12,
1.627332396192E2));
#535=LINE('',#534,#533);
#536=DIRECTION('',(-6.093467170256E-2,-4.962730758203E-1,8.660254037846E-1));
#537=VECTOR('',#536,3.252514728197E0);
#538=CARTESIAN_POINT('',(1.981909171692E-1,1.614135488303E0,1.6555E2));
#539=LINE('',#538,#537);
#540=DIRECTION('',(6.093467170243E-2,4.962730758192E-1,8.660254037853E-1));
#541=VECTOR('',#540,3.252514728189E0);
#542=CARTESIAN_POINT('',(-3.032608530686E-13,-2.551621195709E-12,
1.717332396192E2));
#543=LINE('',#542,#541);
#544=DIRECTION('',(-6.093467170256E-2,-4.962730758203E-1,8.660254037846E-1));
#545=VECTOR('',#544,3.252514728197E0);
#546=CARTESIAN_POINT('',(1.981909171692E-1,1.614135488303E0,1.7455E2));
#547=LINE('',#546,#545);
#548=DIRECTION('',(6.093467170243E-2,4.962730758192E-1,8.660254037853E-1));
#549=VECTOR('',#548,3.252514728189E0);
#550=CARTESIAN_POINT('',(-3.083365537225E-13,-2.553777950595E-12,
1.807332396192E2));
#551=LINE('',#550,#549);
#552=DIRECTION('',(-6.093467170256E-2,-4.962730758203E-1,8.660254037846E-1));
#553=VECTOR('',#552,3.252514728197E0);
#554=CARTESIAN_POINT('',(1.981909171692E-1,1.614135488303E0,1.8355E2));
#555=LINE('',#554,#553);
#556=DIRECTION('',(6.093467170243E-2,4.962730758192E-1,8.660254037853E-1));
#557=VECTOR('',#556,3.252514728189E0);
#558=CARTESIAN_POINT('',(-3.031815801069E-13,-2.550968487532E-12,
1.897332396192E2));
#559=LINE('',#558,#557);
#560=DIRECTION('',(-6.093467170256E-2,-4.962730758203E-1,8.660254037846E-1));
#561=VECTOR('',#560,3.252514728197E0);
#562=CARTESIAN_POINT('',(1.981909171692E-1,1.614135488303E0,1.9255E2));
#563=LINE('',#562,#561);
#564=DIRECTION('',(6.093467170243E-2,4.962730758192E-1,8.660254037853E-1));
#565=VECTOR('',#564,3.252514728189E0);
#566=CARTESIAN_POINT('',(-3.083365537225E-13,-2.553777950595E-12,
1.987332396192E2));
#567=LINE('',#566,#565);
#568=DIRECTION('',(-6.093467170256E-2,-4.962730758203E-1,8.660254037846E-1));
#569=VECTOR('',#568,3.252514728197E0);
#570=CARTESIAN_POINT('',(1.981909171692E-1,1.614135488303E0,2.0155E2));
#571=LINE('',#570,#569);
#572=DIRECTION('',(6.093467170243E-2,4.962730758193E-1,8.660254037852E-1));
#573=VECTOR('',#572,3.252514728189E0);
#574=CARTESIAN_POINT('',(-3.032608530685E-13,-2.551621195708E-12,
2.077332396192E2));
#575=LINE('',#574,#573);
#576=DIRECTION('',(-6.093467170255E-2,-4.962730758203E-1,8.660254037846E-1));
#577=VECTOR('',#576,3.252514728197E0);
#578=CARTESIAN_POINT('',(1.981909171692E-1,1.614135488303E0,2.1055E2));
#579=LINE('',#578,#577);
#580=DIRECTION('',(6.093467170243E-2,4.962730758192E-1,8.660254037853E-1));
#581=VECTOR('',#580,3.252514728189E0);
#582=CARTESIAN_POINT('',(-3.083365537225E-13,-2.553777950595E-12,
2.167332396192E2));
#583=LINE('',#582,#581);
#584=DIRECTION('',(-6.093467170256E-2,-4.962730758203E-1,8.660254037846E-1));
#585=VECTOR('',#584,3.252514728197E0);
#586=CARTESIAN_POINT('',(1.981909171692E-1,1.614135488303E0,2.1955E2));
#587=LINE('',#586,#585);
#588=DIRECTION('',(6.093467170243E-2,4.962730758192E-1,8.660254037853E-1));
#589=VECTOR('',#588,3.252514728189E0);
#590=CARTESIAN_POINT('',(-3.029733309825E-13,-2.549278444146E-12,
2.257332396192E2));
#591=LINE('',#590,#589);
#592=DIRECTION('',(-6.093467170256E-2,-4.962730758203E-1,8.660254037846E-1));
#593=VECTOR('',#592,3.252514728197E0);
#594=CARTESIAN_POINT('',(1.981909171692E-1,1.614135488303E0,2.2855E2));
#595=LINE('',#594,#593);
#596=DIRECTION('',(6.093467170243E-2,4.962730758192E-1,8.660254037853E-1));
#597=VECTOR('',#596,3.252514728189E0);
#598=CARTESIAN_POINT('',(-3.083365537225E-13,-2.553777950595E-12,
2.347332396192E2));
#599=LINE('',#598,#597);
#600=DIRECTION('',(-6.093467170256E-2,-4.962730758203E-1,8.660254037846E-1));
#601=VECTOR('',#600,3.252514728197E0);
#602=CARTESIAN_POINT('',(1.981909171692E-1,1.614135488303E0,2.3755E2));
#603=LINE('',#602,#601);
#604=DIRECTION('',(6.093467170243E-2,4.962730758193E-1,8.660254037852E-1));
#605=VECTOR('',#604,3.252514728189E0);
#606=CARTESIAN_POINT('',(-3.032608530685E-13,-2.551621195708E-12,
2.437332396192E2));
#607=LINE('',#606,#605);
#608=DIRECTION('',(-6.093467170255E-2,-4.962730758203E-1,8.660254037846E-1));
#609=VECTOR('',#608,3.252514728197E0);
#610=CARTESIAN_POINT('',(1.981909171692E-1,1.614135488303E0,2.4655E2));
#611=LINE('',#610,#609);
#612=DIRECTION('',(6.093467170243E-2,4.962730758192E-1,8.660254037853E-1));
#613=VECTOR('',#612,3.252514728189E0);
#614=CARTESIAN_POINT('',(-3.083365537225E-13,-2.553777950595E-12,
2.527332396192E2));
#615=LINE('',#614,#613);
#616=DIRECTION('',(-6.093467170256E-2,-4.962730758203E-1,8.660254037846E-1));
#617=VECTOR('',#616,3.252514728197E0);
#618=CARTESIAN_POINT('',(1.981909171692E-1,1.614135488303E0,2.5555E2));
#619=LINE('',#618,#617);
#620=DIRECTION('',(6.093467170243E-2,4.962730758192E-1,8.660254037853E-1));
#621=VECTOR('',#620,3.252514728189E0);
#622=CARTESIAN_POINT('',(-3.024737306213E-13,-2.545207626389E-12,
2.617332396192E2));
#623=LINE('',#622,#621);
#624=DIRECTION('',(-6.093467170256E-2,-4.962730758203E-1,8.660254037846E-1));
#625=VECTOR('',#624,3.252514728197E0);
#626=CARTESIAN_POINT('',(1.981909171692E-1,1.614135488303E0,2.6455E2));
#627=LINE('',#626,#625);
#628=DIRECTION('',(6.093467170243E-2,4.962730758193E-1,8.660254037852E-1));
#629=VECTOR('',#628,3.252514728189E0);
#630=CARTESIAN_POINT('',(-3.025530035829E-13,-2.545860334565E-12,
2.707332396192E2));
#631=LINE('',#630,#629);
#632=DIRECTION('',(-6.093467170255E-2,-4.962730758203E-1,8.660254037846E-1));
#633=VECTOR('',#632,3.252514728197E0);
#634=CARTESIAN_POINT('',(1.981909171692E-1,1.614135488303E0,2.7355E2));
#635=LINE('',#634,#633);
#636=DIRECTION('',(6.093467170243E-2,4.962730758193E-1,8.660254037852E-1));
#637=VECTOR('',#636,3.252514728189E0);
#638=CARTESIAN_POINT('',(-3.028099104132E-13,-2.547954412615E-12,
2.797332396192E2));
#639=LINE('',#638,#637);
#640=DIRECTION('',(-6.093467170255E-2,-4.962730758203E-1,8.660254037846E-1));
#641=VECTOR('',#640,3.252514728197E0);
#642=CARTESIAN_POINT('',(1.981909171692E-1,1.614135488303E0,2.8255E2));
#643=LINE('',#642,#641);
#644=DIRECTION('',(6.093467170243E-2,4.962730758192E-1,8.660254037853E-1));
#645=VECTOR('',#644,3.252514728189E0);
#646=CARTESIAN_POINT('',(-3.076283311990E-13,-2.548004799443E-12,
2.887332396192E2));
#647=LINE('',#646,#645);
#648=DIRECTION('',(-6.093467170256E-2,-4.962730758203E-1,8.660254037846E-1));
#649=VECTOR('',#648,3.252514728197E0);
#650=CARTESIAN_POINT('',(1.981909171692E-1,1.614135488303E0,2.9155E2));
#651=LINE('',#650,#649);
#652=DIRECTION('',(6.093467170243E-2,4.962730758193E-1,8.660254037852E-1));
#653=VECTOR('',#652,3.252514728189E0);
#654=CARTESIAN_POINT('',(-3.028099104132E-13,-2.547954412615E-12,
2.977332396192E2));
#655=LINE('',#654,#653);
#656=DIRECTION('',(-6.093467170255E-2,-4.962730758203E-1,8.660254037846E-1));
#657=VECTOR('',#656,3.252514728197E0);
#658=CARTESIAN_POINT('',(1.981909171692E-1,1.614135488303E0,3.0055E2));
#659=LINE('',#658,#657);
#660=DIRECTION('',(6.093467170243E-2,4.962730758193E-1,8.660254037852E-1));
#661=VECTOR('',#660,3.252514728189E0);
#662=CARTESIAN_POINT('',(-3.026492830410E-13,-2.546641629947E-12,
3.067332396192E2));
#663=LINE('',#662,#661);
#664=DIRECTION('',(-6.093467170255E-2,-4.962730758203E-1,8.660254037846E-1));
#665=VECTOR('',#664,3.252514728197E0);
#666=CARTESIAN_POINT('',(1.981909171692E-1,1.614135488303E0,3.0955E2));
#667=LINE('',#666,#665);
#668=DIRECTION('',(6.093467170243E-2,4.962730758192E-1,8.660254037853E-1));
#669=VECTOR('',#668,3.252514728189E0);
#670=CARTESIAN_POINT('',(-3.028099104132E-13,-2.547954412615E-12,
3.157332396192E2));
#671=LINE('',#670,#669);
#672=DIRECTION('',(-6.093467170256E-2,-4.962730758203E-1,8.660254037846E-1));
#673=VECTOR('',#672,3.252514728197E0);
#674=CARTESIAN_POINT('',(1.981909171692E-1,1.614135488303E0,3.1855E2));
#675=LINE('',#674,#673);
#676=DIRECTION('',(6.093467170243E-2,4.962730758192E-1,8.660254037853E-1));
#677=VECTOR('',#676,3.252514728189E0);
#678=CARTESIAN_POINT('',(-3.028099104133E-13,-2.547954412616E-12,
3.247332396192E2));
#679=LINE('',#678,#677);
#680=DIRECTION('',(-6.093467170256E-2,-4.962730758203E-1,8.660254037846E-1));
#681=VECTOR('',#680,3.252514728197E0);
#682=CARTESIAN_POINT('',(1.981909171692E-1,1.614135488303E0,3.2755E2));
#683=LINE('',#682,#681);
#684=CARTESIAN_POINT('',(7.102334238903E-1,9.887141572947E0,-3.5E0));
#685=DIRECTION('',(0.E0,0.E0,1.E0));
#686=DIRECTION('',(9.925461516413E-1,-1.218693434052E-1,0.E0));
#687=AXIS2_PLACEMENT_3D('',#684,#685,#686);
#689=CARTESIAN_POINT('',(7.102334238903E-1,9.887141572947E0,3.435E2));
#690=DIRECTION('',(0.E0,0.E0,1.E0));
#691=DIRECTION('',(9.925461516413E-1,-1.218693434052E-1,0.E0));
#692=AXIS2_PLACEMENT_3D('',#689,#690,#691);
#694=CARTESIAN_POINT('',(7.102334238924E-1,9.887141572947E0,3.435E2));
#695=DIRECTION('',(-1.218693434052E-1,-9.925461516413E-1,0.E0));
#696=DIRECTION('',(9.925461516413E-1,-1.218693434052E-1,0.E0));
#697=AXIS2_PLACEMENT_3D('',#694,#695,#696);
#699=DIRECTION('',(-1.218693434052E-1,-9.925461516413E-1,-4.010871634824E-11));
#700=VECTOR('',#699,2.499999999997E0);
#701=CARTESIAN_POINT('',(1.206506499712E0,9.826206901244E0,3.435000000001E2));
#702=LINE('',#701,#700);
#703=DIRECTION('',(-9.925461516413E-1,1.218693434052E-1,0.E0));
#704=VECTOR('',#703,7.800000000014E1);
#705=CARTESIAN_POINT('',(7.102334239725E-1,9.887141572937E0,3.44E2));
#706=LINE('',#705,#704);
#707=DIRECTION('',(-1.218693434372E-1,-9.925461516374E-1,0.E0));
#708=VECTOR('',#707,2.499999999997E0);
#709=CARTESIAN_POINT('',(7.102334239725E-1,9.887141572937E0,3.44E2));
#710=LINE('',#709,#708);
#711=DIRECTION('',(-9.925461516413E-1,1.218693434052E-1,0.E0));
#712=VECTOR('',#711,7.800000000001E1);
#713=CARTESIAN_POINT('',(4.055600653797E-1,7.405776193847E0,3.44E2));
#714=LINE('',#713,#712);
#715=CARTESIAN_POINT('',(7.102334238924E-1,9.887141572947E0,3.435E2));
#716=DIRECTION('',(-9.925461516413E-1,1.218693434052E-1,0.E0));
#717=DIRECTION('',(0.E0,0.E0,1.E0));
#718=AXIS2_PLACEMENT_3D('',#715,#716,#717);
#720=CARTESIAN_POINT('',(-7.670836640414E1,1.939295035855E1,3.435E2));
#721=DIRECTION('',(-9.925461516413E-1,1.218693434052E-1,0.E0));
#722=DIRECTION('',(0.E0,0.E0,1.E0));
#723=AXIS2_PLACEMENT_3D('',#720,#721,#722);
#725=CARTESIAN_POINT('',(-7.670836640414E1,1.939295035855E1,3.435E2));
#726=DIRECTION('',(-1.218693434052E-1,-9.925461516413E-1,0.E0));
#727=DIRECTION('',(0.E0,0.E0,1.E0));
#728=AXIS2_PLACEMENT_3D('',#725,#726,#727);
#730=DIRECTION('',(-1.218693433856E-1,-9.925461516437E-1,0.E0));
#731=VECTOR('',#730,2.499999999997E0);
#732=CARTESIAN_POINT('',(-7.670836640418E1,1.939295035856E1,3.44E2));
#733=LINE('',#732,#731);
#734=DIRECTION('',(0.E0,0.E0,1.E0));
#735=VECTOR('',#734,3.47E2);
#736=CARTESIAN_POINT('',(7.711680955928E-1,1.038341464877E1,-3.5E0));
#737=LINE('',#736,#735);
#738=DIRECTION('',(-9.925461516413E-1,1.218693434052E-1,0.E0));
#739=VECTOR('',#738,7.8E1);
#740=CARTESIAN_POINT('',(7.711680955944E-1,1.038341464877E1,3.435E2));
#741=LINE('',#740,#739);
#742=DIRECTION('',(0.E0,0.E0,-1.E0));
#743=VECTOR('',#742,3.47E2);
#744=CARTESIAN_POINT('',(-7.664743173243E1,1.988922343437E1,3.435E2));
#745=LINE('',#744,#743);
#746=DIRECTION('',(9.925461516413E-1,-1.218693434052E-1,0.E0));
#747=VECTOR('',#746,7.8E1);
#748=CARTESIAN_POINT('',(-7.664743173243E1,1.988922343437E1,-3.5E0));
#749=LINE('',#748,#747);
#750=CARTESIAN_POINT('',(-7.670836640413E1,1.939295035855E1,-3.5E0));
#751=DIRECTION('',(9.925461516413E-1,-1.218693434052E-1,0.E0));
#752=DIRECTION('',(0.E0,0.E0,-1.E0));
#753=AXIS2_PLACEMENT_3D('',#750,#751,#752);
#755=DIRECTION('',(9.925461516413E-1,-1.218693434052E-1,0.E0));
#756=VECTOR('',#755,7.800000000013E1);
#757=CARTESIAN_POINT('',(-7.670836640421E1,1.939295035856E1,-4.E0));
#758=LINE('',#757,#756);
#759=DIRECTION('',(9.925461516413E-1,-1.218693434052E-1,0.E0));
#760=VECTOR('',#759,7.8E1);
#761=CARTESIAN_POINT('',(-7.701303976265E1,1.691158497945E1,-4.E0));
#762=LINE('',#761,#760);
#763=CARTESIAN_POINT('',(7.102334238901E-1,9.887141572947E0,-3.5E0));
#764=DIRECTION('',(-1.218693434052E-1,-9.925461516413E-1,0.E0));
#765=DIRECTION('',(-1.709743457923E-14,0.E0,-1.E0));
#766=AXIS2_PLACEMENT_3D('',#763,#764,#765);
#768=DIRECTION('',(-1.218693434248E-1,-9.925461516389E-1,0.E0));
#769=VECTOR('',#768,2.499999999997E0);
#770=CARTESIAN_POINT('',(7.102334239392E-1,9.887141572941E0,-4.E0));
#771=LINE('',#770,#769);
#772=CARTESIAN_POINT('',(7.102334238901E-1,9.887141572947E0,-3.5E0));
#773=DIRECTION('',(9.925461516413E-1,-1.218693434052E-1,0.E0));
#774=DIRECTION('',(0.E0,0.E0,-1.E0));
#775=AXIS2_PLACEMENT_3D('',#772,#773,#774);
#777=DIRECTION('',(9.925461516413E-1,-1.218693434052E-1,0.E0));
#778=VECTOR('',#777,7.55E1);
#779=CARTESIAN_POINT('',(-7.493723444892E1,9.201135427090E0,5.5E0));
#780=LINE('',#779,#778);
#781=DIRECTION('',(-1.218693434052E-1,-9.925461516413E-1,0.E0));
#782=VECTOR('',#781,7.400000000002E0);
#783=CARTESIAN_POINT('',(-7.403540130772E1,1.654597694924E1,5.5E0));
#784=LINE('',#783,#782);
#785=DIRECTION('',(4.431199249582E-13,4.238173524695E-14,1.E0));
#786=VECTOR('',#785,4.233239619238E0);
#787=CARTESIAN_POINT('',(-7.493723444892E1,9.201135427090E0,5.5E0));
#788=LINE('',#787,#786);
#789=DIRECTION('',(9.925461516413E-1,-1.218693434052E-1,-1.056873499680E-13));
#790=VECTOR('',#789,7.55E1);
#791=CARTESIAN_POINT('',(-7.493723444892E1,9.201135427090E0,9.733239619238E0));
#792=LINE('',#791,#790);
#793=DIRECTION('',(0.E0,0.E0,-1.E0));
#794=VECTOR('',#793,4.233239619230E0);
#795=CARTESIAN_POINT('',(-4.083296085211E-13,-3.407333844426E-12,
9.733239619230E0));
#796=LINE('',#795,#794);
#797=DIRECTION('',(9.925461516413E-1,-1.218693434052E-1,0.E0));
#798=VECTOR('',#797,7.55E1);
#799=CARTESIAN_POINT('',(-7.473904353175E1,1.081527091538E1,1.255E1));
#800=LINE('',#799,#798);
#801=DIRECTION('',(9.925461516413E-1,-1.218693434052E-1,1.038521733657E-13));
#802=VECTOR('',#801,7.55E1);
#803=CARTESIAN_POINT('',(-7.493723444892E1,9.201135427090E0,1.536676038076E1));
#804=LINE('',#803,#802);
#805=DIRECTION('',(2.250880217039E-14,2.442359717280E-13,-1.E0));
#806=VECTOR('',#805,3.366479238461E0);
#807=CARTESIAN_POINT('',(-4.787999153373E-13,-3.981273878318E-12,
1.873323961923E1));
#808=LINE('',#807,#806);
#809=DIRECTION('',(2.828258243913E-13,-2.870471053524E-13,1.E0));
#810=VECTOR('',#809,3.366479238477E0);
#811=CARTESIAN_POINT('',(-7.493723444892E1,9.201135427090E0,1.536676038076E1));
#812=LINE('',#811,#810);
#813=DIRECTION('',(9.925461516413E-1,-1.218693434052E-1,-1.097341496551E-13));
#814=VECTOR('',#813,7.55E1);
#815=CARTESIAN_POINT('',(-7.493723444892E1,9.201135427089E0,1.873323961924E1));
#816=LINE('',#815,#814);
#817=DIRECTION('',(9.925461516413E-1,-1.218693434052E-1,0.E0));
#818=VECTOR('',#817,7.55E1);
#819=CARTESIAN_POINT('',(-7.473904353175E1,1.081527091538E1,2.155E1));
#820=LINE('',#819,#818);
#821=DIRECTION('',(9.925461516413E-1,-1.218693434052E-1,9.434689968205E-14));
#822=VECTOR('',#821,7.55E1);
#823=CARTESIAN_POINT('',(-7.493723444892E1,9.201135427090E0,2.436676038076E1));
#824=LINE('',#823,#822);
#825=DIRECTION('',(2.543709518947E-14,2.440738993459E-13,-1.E0));
#826=VECTOR('',#825,3.366479238461E0);
#827=CARTESIAN_POINT('',(-4.787792608216E-13,-3.981106328524E-12,
2.773323961923E1));
#828=LINE('',#827,#826);
#829=DIRECTION('',(2.870471053524E-13,-2.627747398263E-13,1.E0));
#830=VECTOR('',#829,3.366479238477E0);
#831=CARTESIAN_POINT('',(-7.493723444892E1,9.201135427090E0,2.436676038076E1));
#832=LINE('',#831,#830);
#833=DIRECTION('',(9.925461516413E-1,-1.218693434052E-1,-1.097341496551E-13));
#834=VECTOR('',#833,7.55E1);
#835=CARTESIAN_POINT('',(-7.493723444892E1,9.201135427089E0,2.773323961924E1));
#836=LINE('',#835,#834);
#837=DIRECTION('',(9.925461516413E-1,-1.218693434052E-1,0.E0));
#838=VECTOR('',#837,7.55E1);
#839=CARTESIAN_POINT('',(-7.473904353175E1,1.081527091538E1,3.055E1));
#840=LINE('',#839,#838);
#841=DIRECTION('',(9.925461516413E-1,-1.218693434052E-1,9.448806711300E-14));
#842=VECTOR('',#841,7.55E1);
#843=CARTESIAN_POINT('',(-7.493723444892E1,9.201135427090E0,3.336676038076E1));
#844=LINE('',#843,#842);
#845=DIRECTION('',(2.539162152710E-14,2.437074844075E-13,-1.E0));
#846=VECTOR('',#845,3.366479238461E0);
#847=CARTESIAN_POINT('',(-4.787149203062E-13,-3.980586227044E-12,
3.673323961923E1));
#848=LINE('',#847,#846);
#849=DIRECTION('',(2.870471053524E-13,-2.633023999464E-13,1.E0));
#850=VECTOR('',#849,3.366479238477E0);
#851=CARTESIAN_POINT('',(-7.493723444892E1,9.201135427090E0,3.336676038076E1));
#852=LINE('',#851,#850);
#853=DIRECTION('',(9.925461516413E-1,-1.218693434052E-1,-1.096400380345E-13));
#854=VECTOR('',#853,7.55E1);
#855=CARTESIAN_POINT('',(-7.493723444892E1,9.201135427089E0,3.673323961924E1));
#856=LINE('',#855,#854);
#857=DIRECTION('',(9.925461516413E-1,-1.218693434052E-1,0.E0));
#858=VECTOR('',#857,7.55E1);
#859=CARTESIAN_POINT('',(-7.473904353175E1,1.081527091538E1,3.955E1));
#860=LINE('',#859,#858);
#861=DIRECTION('',(9.925461516413E-1,-1.218693434052E-1,9.448806711300E-14));
#862=VECTOR('',#861,7.55E1);
#863=CARTESIAN_POINT('',(-7.493723444892E1,9.201135427090E0,4.236676038076E1));
#864=LINE('',#863,#862);
#865=DIRECTION('',(2.539929052640E-14,2.437652116789E-13,-1.E0));
#866=VECTOR('',#865,3.366479238461E0);
#867=CARTESIAN_POINT('',(-4.786640159387E-13,-3.980163727855E-12,
4.573323961923E1));
#868=LINE('',#867,#866);
#869=DIRECTION('',(2.870471053524E-13,-2.633023999464E-13,1.E0));
#870=VECTOR('',#869,3.366479238477E0);
#871=CARTESIAN_POINT('',(-7.493723444892E1,9.201135427090E0,4.236676038076E1));
#872=LINE('',#871,#870);
#873=DIRECTION('',(9.925461516413E-1,-1.218693434052E-1,-1.095459264139E-13));
#874=VECTOR('',#873,7.55E1);
#875=CARTESIAN_POINT('',(-7.493723444892E1,9.201135427089E0,4.573323961924E1));
#876=LINE('',#875,#874);
#877=DIRECTION('',(9.925461516413E-1,-1.218693434052E-1,0.E0));
#878=VECTOR('',#877,7.55E1);
#879=CARTESIAN_POINT('',(-7.473904353175E1,1.081527091538E1,4.855E1));
#880=LINE('',#879,#878);
#881=DIRECTION('',(9.925461516413E-1,-1.218693434052E-1,9.448806711300E-14));
#882=VECTOR('',#881,7.55E1);
#883=CARTESIAN_POINT('',(-7.493723444892E1,9.201135427090E0,5.136676038076E1));
#884=LINE('',#883,#882);
#885=DIRECTION('',(2.538394115360E-14,2.436405977666E-13,-1.E0));
#886=VECTOR('',#885,3.366479238461E0);
#887=CARTESIAN_POINT('',(-4.786640159387E-13,-3.980163727855E-12,
5.473323961923E1));
#888=LINE('',#887,#886);
#889=DIRECTION('',(2.870471053524E-13,-2.633023999464E-13,1.E0));
#890=VECTOR('',#889,3.366479238477E0);
#891=CARTESIAN_POINT('',(-7.493723444892E1,9.201135427090E0,5.136676038076E1));
#892=LINE('',#891,#890);
#893=DIRECTION('',(9.925461516413E-1,-1.218693434052E-1,-1.095459264139E-13));
#894=VECTOR('',#893,7.55E1);
#895=CARTESIAN_POINT('',(-7.493723444892E1,9.201135427089E0,5.473323961924E1));
#896=LINE('',#895,#894);
#897=DIRECTION('',(9.925461516413E-1,-1.218693434052E-1,0.E0));
#898=VECTOR('',#897,7.55E1);
#899=CARTESIAN_POINT('',(-7.473904353175E1,1.081527091538E1,5.755E1));
#900=LINE('',#899,#898);
#901=DIRECTION('',(9.925461516413E-1,-1.218693434052E-1,9.448806711300E-14));
#902=VECTOR('',#901,7.55E1);
#903=CARTESIAN_POINT('',(-7.493723444892E1,9.201135427090E0,6.036676038076E1));
#904=LINE('',#903,#902);
#905=DIRECTION('',(2.538394115360E-14,2.436405977666E-13,-1.E0));
#906=VECTOR('',#905,3.366479238461E0);
#907=CARTESIAN_POINT('',(-4.786640159387E-13,-3.980163727855E-12,
6.373323961923E1));
#908=LINE('',#907,#906);
#909=DIRECTION('',(2.954896672745E-13,-2.654130404269E-13,1.E0));
#910=VECTOR('',#909,3.366479238477E0);
#911=CARTESIAN_POINT('',(-7.493723444892E1,9.201135427090E0,6.036676038076E1));
#912=LINE('',#911,#910);
#913=DIRECTION('',(9.925461516413E-1,-1.218693434052E-1,-1.120869401709E-13));
#914=VECTOR('',#913,7.55E1);
#915=CARTESIAN_POINT('',(-7.493723444892E1,9.201135427089E0,6.373323961924E1));
#916=LINE('',#915,#914);
#917=DIRECTION('',(9.925461516413E-1,-1.218693434052E-1,0.E0));
#918=VECTOR('',#917,7.55E1);
#919=CARTESIAN_POINT('',(-7.473904353175E1,1.081527091538E1,6.655E1));
#920=LINE('',#919,#918);
#921=DIRECTION('',(9.925461516413E-1,-1.218693434052E-1,9.448806711300E-14));
#922=VECTOR('',#921,7.55E1);
#923=CARTESIAN_POINT('',(-7.493723444892E1,9.201135427090E0,6.936676038076E1));
#924=LINE('',#923,#922);
#925=DIRECTION('',(2.536322001037E-14,2.434711510911E-13,-1.E0));
#926=VECTOR('',#925,3.366479238461E0);
#927=CARTESIAN_POINT('',(-4.785586157903E-13,-3.979304336895E-12,
7.273323961923E1));
#928=LINE('',#927,#926);
#929=DIRECTION('',(2.912683863134E-13,-2.648853803068E-13,1.E0));
#930=VECTOR('',#929,3.366479238477E0);
#931=CARTESIAN_POINT('',(-7.493723444892E1,9.201135427090E0,6.936676038076E1));
#932=LINE('',#931,#930);
#933=DIRECTION('',(9.925461516413E-1,-1.218693434052E-1,-1.118046053090E-13));
#934=VECTOR('',#933,7.55E1);
#935=CARTESIAN_POINT('',(-7.493723444892E1,9.201135427089E0,7.273323961924E1));
#936=LINE('',#935,#934);
#937=DIRECTION('',(9.925461516413E-1,-1.218693434052E-1,0.E0));
#938=VECTOR('',#937,7.55E1);
#939=CARTESIAN_POINT('',(-7.473904353175E1,1.081527091538E1,7.555E1));
#940=LINE('',#939,#938);
#941=DIRECTION('',(9.925461516413E-1,-1.218693434052E-1,9.448806711300E-14));
#942=VECTOR('',#941,7.55E1);
#943=CARTESIAN_POINT('',(-7.493723444892E1,9.201135427090E0,7.836676038076E1));
#944=LINE('',#943,#942);
#945=DIRECTION('',(2.542518873860E-14,2.439768089741E-13,-1.E0));
#946=VECTOR('',#945,3.366479238461E0);
#947=CARTESIAN_POINT('',(-4.787672322273E-13,-3.981006623660E-12,
8.173323961923E1));
#948=LINE('',#947,#946);
#949=DIRECTION('',(2.912683863134E-13,-2.633023999464E-13,1.E0));
#950=VECTOR('',#949,3.366479238477E0);
#951=CARTESIAN_POINT('',(-7.493723444892E1,9.201135427090E0,7.836676038076E1));
#952=LINE('',#951,#950);
#953=DIRECTION('',(9.925461516413E-1,-1.218693434052E-1,-1.121810517915E-13));
#954=VECTOR('',#953,7.55E1);
#955=CARTESIAN_POINT('',(-7.493723444892E1,9.201135427089E0,8.173323961924E1));
#956=LINE('',#955,#954);
#957=DIRECTION('',(9.925461516413E-1,-1.218693434052E-1,0.E0));
#958=VECTOR('',#957,7.55E1);
#959=CARTESIAN_POINT('',(-7.473904353175E1,1.081527091538E1,8.455E1));
#960=LINE('',#959,#958);
#961=DIRECTION('',(9.925461516413E-1,-1.218693434052E-1,9.467629035426E-14));
#962=VECTOR('',#961,7.55E1);
#963=CARTESIAN_POINT('',(-7.493723444892E1,9.201135427090E0,8.736676038076E1));
#964=LINE('',#963,#962);
#965=DIRECTION('',(2.533252126479E-14,2.432219232665E-13,-1.E0));
#966=VECTOR('',#965,3.366479238461E0);
#967=CARTESIAN_POINT('',(-4.785586157903E-13,-3.979304336895E-12,
9.073323961923E1));
#968=LINE('',#967,#966);
#969=DIRECTION('',(2.870471053524E-13,-2.648853803068E-13,1.E0));
#970=VECTOR('',#969,3.366479238477E0);
#971=CARTESIAN_POINT('',(-7.493723444892E1,9.201135427090E0,8.736676038076E1));
#972=LINE('',#971,#970);
#973=DIRECTION('',(9.925461516413E-1,-1.218693434052E-1,-1.091694799314E-13));
#974=VECTOR('',#973,7.55E1);
#975=CARTESIAN_POINT('',(-7.493723444892E1,9.201135427089E0,9.073323961924E1));
#976=LINE('',#975,#974);
#977=DIRECTION('',(9.925461516413E-1,-1.218693434052E-1,0.E0));
#978=VECTOR('',#977,7.55E1);
#979=CARTESIAN_POINT('',(-7.473904353175E1,1.081527091538E1,9.355E1));
#980=LINE('',#979,#978);
#981=DIRECTION('',(9.925461516413E-1,-1.218693434052E-1,9.467629035426E-14));
#982=VECTOR('',#981,7.55E1);
#983=CARTESIAN_POINT('',(-7.493723444892E1,9.201135427090E0,9.636676038076E1));
#984=LINE('',#983,#982);
#985=DIRECTION('',(2.539448999301E-14,2.437275811494E-13,-1.E0));
#986=VECTOR('',#985,3.366479238461E0);
#987=CARTESIAN_POINT('',(-4.787672322272E-13,-3.981006623660E-12,
9.973323961923E1));
#988=LINE('',#987,#986);
#989=DIRECTION('',(2.870471053524E-13,-2.633023999464E-13,1.E0));
#990=VECTOR('',#989,3.366479238477E0);
#991=CARTESIAN_POINT('',(-7.493723444892E1,9.201135427090E0,9.636676038076E1));
#992=LINE('',#991,#990);
#993=DIRECTION('',(9.925461516413E-1,-1.218693434052E-1,-1.093577031726E-13));
#994=VECTOR('',#993,7.55E1);
#995=CARTESIAN_POINT('',(-7.493723444892E1,9.201135427089E0,9.973323961924E1));
#996=LINE('',#995,#994);
#997=DIRECTION('',(9.925461516413E-1,-1.218693434052E-1,-9.185294173535E-14));
#998=VECTOR('',#997,7.55E1);
#999=CARTESIAN_POINT('',(-7.473904353175E1,1.081527091538E1,1.0255E2));
#1000=LINE('',#999,#998);
#1001=DIRECTION('',(9.925461516413E-1,-1.218693434052E-1,-9.034715580526E-14));
#1002=VECTOR('',#1001,7.55E1);
#1003=CARTESIAN_POINT('',(-7.493723444892E1,9.201135427081E0,1.053667603808E2));
#1004=LINE('',#1003,#1002);
#1005=DIRECTION('',(-2.656774009219E-13,-2.168074884506E-12,-1.E0));
#1006=VECTOR('',#1005,3.366479238405E0);
#1007=CARTESIAN_POINT('',(-3.076283311994E-13,-2.548004799447E-12,
1.087332396192E2));
#1008=LINE('',#1007,#1006);
#1009=DIRECTION('',(4.516770628430E-13,2.924292385836E-12,1.E0));
#1010=VECTOR('',#1009,3.366479238410E0);
#1011=CARTESIAN_POINT('',(-7.493723444892E1,9.201135427081E0,1.053667603808E2));
#1012=LINE('',#1011,#1010);
#1013=DIRECTION('',(9.925461516413E-1,-1.218693434052E-1,-1.550959507990E-13));
#1014=VECTOR('',#1013,7.55E1);
#1015=CARTESIAN_POINT('',(-7.493723444892E1,9.201135427091E0,1.087332396192E2));
#1016=LINE('',#1015,#1014);
#1017=DIRECTION('',(9.925461516413E-1,-1.218693434052E-1,-6.437234851125E-14));
#1018=VECTOR('',#1017,7.55E1);
#1019=CARTESIAN_POINT('',(-7.473904353175E1,1.081527091539E1,1.1155E2));
#1020=LINE('',#1019,#1018);
#1021=DIRECTION('',(9.925461516413E-1,-1.218693434052E-1,1.223451068196E-14));
#1022=VECTOR('',#1021,7.55E1);
#1023=CARTESIAN_POINT('',(-7.493723444892E1,9.201135427082E0,1.143667603808E2));
#1024=LINE('',#1023,#1022);
#1025=DIRECTION('',(-2.672483854005E-13,-2.169159224425E-12,-1.E0));
#1026=VECTOR('',#1025,3.366479238401E0);
#1027=CARTESIAN_POINT('',(-3.027221342033E-13,-2.547232784907E-12,
1.177332396192E2));
#1028=LINE('',#1027,#1026);
#1029=DIRECTION('',(4.263493770756E-13,2.646743162638E-12,1.E0));
#1030=VECTOR('',#1029,3.366479238413E0);
#1031=CARTESIAN_POINT('',(-7.493723444892E1,9.201135427082E0,1.143667603808E2));
#1032=LINE('',#1031,#1030);
#1033=DIRECTION('',(9.925461516413E-1,-1.218693434052E-1,-1.549077275578E-13));
#1034=VECTOR('',#1033,7.55E1);
#1035=CARTESIAN_POINT('',(-7.493723444892E1,9.201135427091E0,1.177332396192E2));
#1036=LINE('',#1035,#1034);
#1037=DIRECTION('',(9.925461516413E-1,-1.218693434052E-1,-6.437234851125E-14));
#1038=VECTOR('',#1037,7.55E1);
#1039=CARTESIAN_POINT('',(-7.473904353175E1,1.081527091539E1,1.2055E2));
#1040=LINE('',#1039,#1038);
#1041=DIRECTION('',(9.925461516413E-1,-1.218693434052E-1,1.204628744070E-14));
#1042=VECTOR('',#1041,7.55E1);
#1043=CARTESIAN_POINT('',(-7.493723444892E1,9.201135427082E0,1.233667603808E2));
#1044=LINE('',#1043,#1042);
#1045=DIRECTION('',(-2.656857160731E-13,-2.168075458371E-12,-1.E0));
#1046=VECTOR('',#1045,3.366479238401E0);
#1047=CARTESIAN_POINT('',(-3.076283311990E-13,-2.548004799443E-12,
1.267332396192E2));
#1048=LINE('',#1047,#1046);
#1049=DIRECTION('',(4.221280961144E-13,2.649909123358E-12,1.E0));
#1050=VECTOR('',#1049,3.366479238413E0);
#1051=CARTESIAN_POINT('',(-7.493723444892E1,9.201135427082E0,1.233667603808E2));
#1052=LINE('',#1051,#1050);
#1053=DIRECTION('',(9.925461516413E-1,-1.218693434052E-1,-1.556606205228E-13));
#1054=VECTOR('',#1053,7.55E1);
#1055=CARTESIAN_POINT('',(-7.493723444892E1,9.201135427091E0,1.267332396192E2));
#1056=LINE('',#1055,#1054);
#1057=DIRECTION('',(9.925461516413E-1,-1.218693434052E-1,-6.437234851125E-14));
#1058=VECTOR('',#1057,7.55E1);
#1059=CARTESIAN_POINT('',(-7.473904353175E1,1.081527091539E1,1.2955E2));
#1060=LINE('',#1059,#1058);
#1061=DIRECTION('',(9.925461516413E-1,-1.218693434052E-1,1.204628744070E-14));
#1062=VECTOR('',#1061,7.55E1);
#1063=CARTESIAN_POINT('',(-7.493723444892E1,9.201135427082E0,1.323667603808E2));
#1064=LINE('',#1063,#1062);
#1065=DIRECTION('',(-2.625389273741E-13,-2.168613245567E-12,-1.E0));
#1066=VECTOR('',#1065,3.366479238401E0);
#1067=CARTESIAN_POINT('',(-3.081680860175E-13,-2.552401480474E-12,
1.357332396192E2));
#1068=LINE('',#1067,#1066);
#1069=DIRECTION('',(4.179068151533E-13,2.649909123358E-12,1.E0));
#1070=VECTOR('',#1069,3.366479238413E0);
#1071=CARTESIAN_POINT('',(-7.493723444892E1,9.201135427082E0,1.323667603808E2));
#1072=LINE('',#1071,#1070);
#1073=DIRECTION('',(9.925461516413E-1,-1.218693434052E-1,-1.554723972815E-13));
#1074=VECTOR('',#1073,7.55E1);
#1075=CARTESIAN_POINT('',(-7.493723444892E1,9.201135427091E0,1.357332396192E2));
#1076=LINE('',#1075,#1074);
#1077=DIRECTION('',(9.925461516413E-1,-1.218693434052E-1,-6.437234851125E-14));
#1078=VECTOR('',#1077,7.55E1);
#1079=CARTESIAN_POINT('',(-7.473904353175E1,1.081527091539E1,1.3855E2));
#1080=LINE('',#1079,#1078);
#1081=DIRECTION('',(9.925461516413E-1,-1.218693434052E-1,1.204628744070E-14));
#1082=VECTOR('',#1081,7.55E1);
#1083=CARTESIAN_POINT('',(-7.493723444892E1,9.201135427082E0,1.413667603808E2));
#1084=LINE('',#1083,#1082);
#1085=DIRECTION('',(-2.656425741373E-13,-2.167703584053E-12,-1.E0));
#1086=VECTOR('',#1085,3.366479238401E0);
#1087=CARTESIAN_POINT('',(-3.082539280262E-13,-2.553126192962E-12,
1.447332396192E2));
#1088=LINE('',#1087,#1086);
#1089=DIRECTION('',(4.179068151533E-13,2.649381463238E-12,1.E0));
#1090=VECTOR('',#1089,3.366479238413E0);
#1091=CARTESIAN_POINT('',(-7.493723444892E1,9.201135427082E0,1.413667603808E2));
#1092=LINE('',#1091,#1090);
#1093=DIRECTION('',(9.925461516413E-1,-1.218693434052E-1,-1.554723972815E-13));
#1094=VECTOR('',#1093,7.55E1);
#1095=CARTESIAN_POINT('',(-7.493723444892E1,9.201135427091E0,1.447332396192E2));
#1096=LINE('',#1095,#1094);
#1097=DIRECTION('',(9.925461516413E-1,-1.218693434052E-1,-6.399590202872E-14));
#1098=VECTOR('',#1097,7.55E1);
#1099=CARTESIAN_POINT('',(-7.473904353175E1,1.081527091539E1,1.4755E2));
#1100=LINE('',#1099,#1098);
#1101=DIRECTION('',(9.925461516413E-1,-1.218693434052E-1,1.204628744070E-14));
#1102=VECTOR('',#1101,7.55E1);
#1103=CARTESIAN_POINT('',(-7.493723444892E1,9.201135427082E0,1.503667603808E2));
#1104=LINE('',#1103,#1102);
#1105=DIRECTION('',(-2.657048880950E-13,-2.168217500476E-12,-1.E0));
#1106=VECTOR('',#1105,3.366479238401E0);
#1107=CARTESIAN_POINT('',(-3.081267750778E-13,-2.552066365342E-12,
1.537332396192E2));
#1108=LINE('',#1107,#1106);
#1109=DIRECTION('',(4.179068151533E-13,2.649909123358E-12,1.E0));
#1110=VECTOR('',#1109,3.366479238413E0);
#1111=CARTESIAN_POINT('',(-7.493723444892E1,9.201135427082E0,1.503667603808E2));
#1112=LINE('',#1111,#1110);
#1113=DIRECTION('',(9.925461516413E-1,-1.218693434052E-1,-1.554723972815E-13));
#1114=VECTOR('',#1113,7.55E1);
#1115=CARTESIAN_POINT('',(-7.493723444892E1,9.201135427091E0,1.537332396192E2));
#1116=LINE('',#1115,#1114);
#1117=DIRECTION('',(9.925461516413E-1,-1.218693434052E-1,-6.437234851125E-14));
#1118=VECTOR('',#1117,7.55E1);
#1119=CARTESIAN_POINT('',(-7.473904353175E1,1.081527091539E1,1.5655E2));
#1120=LINE('',#1119,#1118);
#1121=DIRECTION('',(9.925461516413E-1,-1.218693434052E-1,1.204628744070E-14));
#1122=VECTOR('',#1121,7.55E1);
#1123=CARTESIAN_POINT('',(-7.493723444892E1,9.201135427082E0,1.593667603808E2));
#1124=LINE('',#1123,#1122);
#1125=DIRECTION('',(-2.656425741373E-13,-2.167709080512E-12,-1.E0));
#1126=VECTOR('',#1125,3.366479238401E0);
#1127=CARTESIAN_POINT('',(-3.083365537226E-13,-2.553777950595E-12,
1.627332396192E2));
#1128=LINE('',#1127,#1126);
#1129=DIRECTION('',(4.221280961144E-13,2.647798482878E-12,1.E0));
#1130=VECTOR('',#1129,3.366479238413E0);
#1131=CARTESIAN_POINT('',(-7.493723444892E1,9.201135427082E0,1.593667603808E2));
#1132=LINE('',#1131,#1130);
#1133=DIRECTION('',(9.925461516413E-1,-1.218693434052E-1,-1.554723972815E-13));
#1134=VECTOR('',#1133,7.55E1);
#1135=CARTESIAN_POINT('',(-7.493723444892E1,9.201135427091E0,1.627332396192E2));
#1136=LINE('',#1135,#1134);
#1137=DIRECTION('',(9.925461516413E-1,-1.218693434052E-1,-6.399590202872E-14));
#1138=VECTOR('',#1137,7.55E1);
#1139=CARTESIAN_POINT('',(-7.473904353175E1,1.081527091539E1,1.6555E2));
#1140=LINE('',#1139,#1138);
#1141=DIRECTION('',(9.925461516413E-1,-1.218693434052E-1,1.204628744070E-14));
#1142=VECTOR('',#1141,7.55E1);
#1143=CARTESIAN_POINT('',(-7.493723444892E1,9.201135427082E0,1.683667603808E2));
#1144=LINE('',#1143,#1142);
#1145=DIRECTION('',(-2.671748719543E-13,-2.168549131263E-12,-1.E0));
#1146=VECTOR('',#1145,3.366479238401E0);
#1147=CARTESIAN_POINT('',(-3.032608530686E-13,-2.551621195709E-12,
1.717332396192E2));
#1148=LINE('',#1147,#1146);
#1149=DIRECTION('',(4.221280961144E-13,2.645687842397E-12,1.E0));
#1150=VECTOR('',#1149,3.366479238413E0);
#1151=CARTESIAN_POINT('',(-7.493723444892E1,9.201135427082E0,1.683667603808E2));
#1152=LINE('',#1151,#1150);
#1153=DIRECTION('',(9.925461516413E-1,-1.218693434052E-1,-1.547195043165E-13));
#1154=VECTOR('',#1153,7.55E1);
#1155=CARTESIAN_POINT('',(-7.493723444892E1,9.201135427091E0,1.717332396192E2));
#1156=LINE('',#1155,#1154);
#1157=DIRECTION('',(9.925461516413E-1,-1.218693434052E-1,-6.437234851125E-14));
#1158=VECTOR('',#1157,7.55E1);
#1159=CARTESIAN_POINT('',(-7.473904353175E1,1.081527091539E1,1.7455E2));
#1160=LINE('',#1159,#1158);
#1161=DIRECTION('',(9.925461516413E-1,-1.218693434052E-1,1.204628744070E-14));
#1162=VECTOR('',#1161,7.55E1);
#1163=CARTESIAN_POINT('',(-7.493723444892E1,9.201135427082E0,1.773667603808E2));
#1164=LINE('',#1163,#1162);
#1165=DIRECTION('',(-2.642950642058E-13,-2.168368650906E-12,-1.E0));
#1166=VECTOR('',#1165,3.366479238401E0);
#1167=CARTESIAN_POINT('',(-3.083365537225E-13,-2.553777950595E-12,
1.807332396192E2));
#1168=LINE('',#1167,#1166);
#1169=DIRECTION('',(4.221280961144E-13,2.647798482878E-12,1.E0));
#1170=VECTOR('',#1169,3.366479238413E0);
#1171=CARTESIAN_POINT('',(-7.493723444892E1,9.201135427082E0,1.773667603808E2));
#1172=LINE('',#1171,#1170);
#1173=DIRECTION('',(9.925461516413E-1,-1.218693434052E-1,-1.550959507990E-13));
#1174=VECTOR('',#1173,7.55E1);
#1175=CARTESIAN_POINT('',(-7.493723444892E1,9.201135427091E0,1.807332396192E2));
#1176=LINE('',#1175,#1174);
#1177=DIRECTION('',(9.925461516413E-1,-1.218693434052E-1,-6.437234851125E-14));
#1178=VECTOR('',#1177,7.55E1);
#1179=CARTESIAN_POINT('',(-7.473904353175E1,1.081527091539E1,1.8355E2));
#1180=LINE('',#1179,#1178);
#1181=DIRECTION('',(9.925461516413E-1,-1.218693434052E-1,1.204628744070E-14));
#1182=VECTOR('',#1181,7.55E1);
#1183=CARTESIAN_POINT('',(-7.493723444892E1,9.201135427082E0,1.863667603808E2));
#1184=LINE('',#1183,#1182);
#1185=DIRECTION('',(-2.671106076338E-13,-2.168030620851E-12,-1.E0));
#1186=VECTOR('',#1185,3.366479238401E0);
#1187=CARTESIAN_POINT('',(-3.031815801069E-13,-2.550968487532E-12,
1.897332396192E2));
#1188=LINE('',#1187,#1186);
#1189=DIRECTION('',(4.179068151533E-13,2.643049541797E-12,1.E0));
#1190=VECTOR('',#1189,3.366479238413E0);
#1191=CARTESIAN_POINT('',(-7.493723444892E1,9.201135427082E0,1.863667603808E2));
#1192=LINE('',#1191,#1190);
#1193=DIRECTION('',(9.925461516413E-1,-1.218693434052E-1,-1.539666113515E-13));
#1194=VECTOR('',#1193,7.55E1);
#1195=CARTESIAN_POINT('',(-7.493723444892E1,9.201135427091E0,1.897332396192E2));
#1196=LINE('',#1195,#1194);
#1197=DIRECTION('',(9.925461516413E-1,-1.218693434052E-1,-6.437234851125E-14));
#1198=VECTOR('',#1197,7.55E1);
#1199=CARTESIAN_POINT('',(-7.473904353175E1,1.081527091539E1,1.9255E2));
#1200=LINE('',#1199,#1198);
#1201=DIRECTION('',(9.925461516413E-1,-1.218693434052E-1,1.204628744070E-14));
#1202=VECTOR('',#1201,7.55E1);
#1203=CARTESIAN_POINT('',(-7.493723444892E1,9.201135427082E0,1.953667603808E2));
#1204=LINE('',#1203,#1202);
#1205=DIRECTION('',(-2.642950642058E-13,-2.168368650906E-12,-1.E0));
#1206=VECTOR('',#1205,3.366479238401E0);
#1207=CARTESIAN_POINT('',(-3.083365537225E-13,-2.553777950595E-12,
1.987332396192E2));
#1208=LINE('',#1207,#1206);
#1209=DIRECTION('',(4.221280961144E-13,2.647798482878E-12,1.E0));
#1210=VECTOR('',#1209,3.366479238413E0);
#1211=CARTESIAN_POINT('',(-7.493723444892E1,9.201135427082E0,1.953667603808E2));
#1212=LINE('',#1211,#1210);
#1213=DIRECTION('',(9.925461516413E-1,-1.218693434052E-1,-1.550959507990E-13));
#1214=VECTOR('',#1213,7.55E1);
#1215=CARTESIAN_POINT('',(-7.493723444892E1,9.201135427091E0,1.987332396192E2));
#1216=LINE('',#1215,#1214);
#1217=DIRECTION('',(9.925461516413E-1,-1.218693434052E-1,-6.437234851125E-14));
#1218=VECTOR('',#1217,7.55E1);
#1219=CARTESIAN_POINT('',(-7.473904353175E1,1.081527091539E1,2.0155E2));
#1220=LINE('',#1219,#1218);
#1221=DIRECTION('',(9.925461516413E-1,-1.218693434052E-1,1.204628744070E-14));
#1222=VECTOR('',#1221,7.55E1);
#1223=CARTESIAN_POINT('',(-7.493723444892E1,9.201135427082E0,2.043667603808E2));
#1224=LINE('',#1223,#1222);
#1225=DIRECTION('',(-2.671116399207E-13,-2.168036131161E-12,-1.E0));
#1226=VECTOR('',#1225,3.366479238401E0);
#1227=CARTESIAN_POINT('',(-3.032608530685E-13,-2.551621195708E-12,
2.077332396192E2));
#1228=LINE('',#1227,#1226);
#1229=DIRECTION('',(4.179068151533E-13,2.643049541797E-12,1.E0));
#1230=VECTOR('',#1229,3.366479238413E0);
#1231=CARTESIAN_POINT('',(-7.493723444892E1,9.201135427082E0,2.043667603808E2));
#1232=LINE('',#1231,#1230);
#1233=DIRECTION('',(9.925461516413E-1,-1.218693434052E-1,-1.539666113515E-13));
#1234=VECTOR('',#1233,7.55E1);
#1235=CARTESIAN_POINT('',(-7.493723444892E1,9.201135427091E0,2.077332396192E2));
#1236=LINE('',#1235,#1234);
#1237=DIRECTION('',(9.925461516413E-1,-1.218693434052E-1,-6.625458092386E-14));
#1238=VECTOR('',#1237,7.55E1);
#1239=CARTESIAN_POINT('',(-7.473904353175E1,1.081527091539E1,2.1055E2));
#1240=LINE('',#1239,#1238);
#1241=DIRECTION('',(9.925461516413E-1,-1.218693434052E-1,1.204628744070E-14));
#1242=VECTOR('',#1241,7.55E1);
#1243=CARTESIAN_POINT('',(-7.493723444892E1,9.201135427082E0,2.133667603808E2));
#1244=LINE('',#1243,#1242);
#1245=DIRECTION('',(-2.611291034849E-13,-2.168764395996E-12,-1.E0));
#1246=VECTOR('',#1245,3.366479238401E0);
#1247=CARTESIAN_POINT('',(-3.083365537225E-13,-2.553777950595E-12,
2.167332396192E2));
#1248=LINE('',#1247,#1246);
#1249=DIRECTION('',(4.179068151533E-13,2.648853803118E-12,1.E0));
#1250=VECTOR('',#1249,3.366479238413E0);
#1251=CARTESIAN_POINT('',(-7.493723444892E1,9.201135427082E0,2.133667603808E2));
#1252=LINE('',#1251,#1250);
#1253=DIRECTION('',(9.925461516413E-1,-1.218693434052E-1,-1.550959507990E-13));
#1254=VECTOR('',#1253,7.55E1);
#1255=CARTESIAN_POINT('',(-7.493723444892E1,9.201135427091E0,2.167332396192E2));
#1256=LINE('',#1255,#1254);
#1257=DIRECTION('',(9.925461516413E-1,-1.218693434052E-1,-6.437234851125E-14));
#1258=VECTOR('',#1257,7.55E1);
#1259=CARTESIAN_POINT('',(-7.473904353175E1,1.081527091539E1,2.1955E2));
#1260=LINE('',#1259,#1258);
#1261=DIRECTION('',(9.925461516413E-1,-1.218693434052E-1,1.204628744070E-14));
#1262=VECTOR('',#1261,7.55E1);
#1263=CARTESIAN_POINT('',(-7.493723444892E1,9.201135427082E0,2.223667603808E2));
#1264=LINE('',#1263,#1262);
#1265=DIRECTION('',(-2.671724672532E-13,-2.168532641884E-12,-1.E0));
#1266=VECTOR('',#1265,3.366479238401E0);
#1267=CARTESIAN_POINT('',(-3.029733309825E-13,-2.549278444146E-12,
2.257332396192E2));
#1268=LINE('',#1267,#1266);
#1269=DIRECTION('',(4.179068151533E-13,2.643049541797E-12,1.E0));
#1270=VECTOR('',#1269,3.366479238413E0);
#1271=CARTESIAN_POINT('',(-7.493723444892E1,9.201135427082E0,2.223667603808E2));
#1272=LINE('',#1271,#1270);
#1273=DIRECTION('',(9.925461516413E-1,-1.218693434052E-1,-1.539666113515E-13));
#1274=VECTOR('',#1273,7.55E1);
#1275=CARTESIAN_POINT('',(-7.493723444892E1,9.201135427091E0,2.257332396192E2));
#1276=LINE('',#1275,#1274);
#1277=DIRECTION('',(9.925461516413E-1,-1.218693434052E-1,-6.437234851125E-14));
#1278=VECTOR('',#1277,7.55E1);
#1279=CARTESIAN_POINT('',(-7.473904353175E1,1.081527091539E1,2.2855E2));
#1280=LINE('',#1279,#1278);
#1281=DIRECTION('',(9.925461516413E-1,-1.218693434052E-1,1.204628744070E-14));
#1282=VECTOR('',#1281,7.55E1);
#1283=CARTESIAN_POINT('',(-7.493723444892E1,9.201135427082E0,2.313667603808E2));
#1284=LINE('',#1283,#1282);
#1285=DIRECTION('',(-2.642950642058E-13,-2.168368650906E-12,-1.E0));
#1286=VECTOR('',#1285,3.366479238401E0);
#1287=CARTESIAN_POINT('',(-3.083365537225E-13,-2.553777950595E-12,
2.347332396192E2));
#1288=LINE('',#1287,#1286);
#1289=DIRECTION('',(4.179068151533E-13,2.648853803118E-12,1.E0));
#1290=VECTOR('',#1289,3.366479238413E0);
#1291=CARTESIAN_POINT('',(-7.493723444892E1,9.201135427082E0,2.313667603808E2));
#1292=LINE('',#1291,#1290);
#1293=DIRECTION('',(9.925461516413E-1,-1.218693434052E-1,-1.550959507990E-13));
#1294=VECTOR('',#1293,7.55E1);
#1295=CARTESIAN_POINT('',(-7.493723444892E1,9.201135427091E0,2.347332396192E2));
#1296=LINE('',#1295,#1294);
#1297=DIRECTION('',(9.925461516413E-1,-1.218693434052E-1,-6.437234851125E-14));
#1298=VECTOR('',#1297,7.55E1);
#1299=CARTESIAN_POINT('',(-7.473904353175E1,1.081527091539E1,2.3755E2));
#1300=LINE('',#1299,#1298);
#1301=DIRECTION('',(9.925461516413E-1,-1.218693434052E-1,1.204628744070E-14));
#1302=VECTOR('',#1301,7.55E1);
#1303=CARTESIAN_POINT('',(-7.493723444892E1,9.201135427082E0,2.403667603808E2));
#1304=LINE('',#1303,#1302);
#1305=DIRECTION('',(-2.671116399207E-13,-2.168036131161E-12,-1.E0));
#1306=VECTOR('',#1305,3.366479238401E0);
#1307=CARTESIAN_POINT('',(-3.032608530685E-13,-2.551621195708E-12,
2.437332396192E2));
#1308=LINE('',#1307,#1306);
#1309=DIRECTION('',(4.179068151533E-13,2.643049541797E-12,1.E0));
#1310=VECTOR('',#1309,3.366479238413E0);
#1311=CARTESIAN_POINT('',(-7.493723444892E1,9.201135427082E0,2.403667603808E2));
#1312=LINE('',#1311,#1310);
#1313=DIRECTION('',(9.925461516413E-1,-1.218693434052E-1,-1.539666113515E-13));
#1314=VECTOR('',#1313,7.55E1);
#1315=CARTESIAN_POINT('',(-7.493723444892E1,9.201135427091E0,2.437332396192E2));
#1316=LINE('',#1315,#1314);
#1317=DIRECTION('',(9.925461516413E-1,-1.218693434052E-1,-6.625458092386E-14));
#1318=VECTOR('',#1317,7.55E1);
#1319=CARTESIAN_POINT('',(-7.473904353175E1,1.081527091539E1,2.4655E2));
#1320=LINE('',#1319,#1318);
#1321=DIRECTION('',(9.925461516413E-1,-1.218693434052E-1,1.204628744070E-14));
#1322=VECTOR('',#1321,7.55E1);
#1323=CARTESIAN_POINT('',(-7.493723444892E1,9.201135427082E0,2.493667603808E2));
#1324=LINE('',#1323,#1322);
#1325=DIRECTION('',(-2.611291034849E-13,-2.168764395996E-12,-1.E0));
#1326=VECTOR('',#1325,3.366479238401E0);
#1327=CARTESIAN_POINT('',(-3.083365537225E-13,-2.553777950595E-12,
2.527332396192E2));
#1328=LINE('',#1327,#1326);
#1329=DIRECTION('',(4.179068151533E-13,2.648853803118E-12,1.E0));
#1330=VECTOR('',#1329,3.366479238413E0);
#1331=CARTESIAN_POINT('',(-7.493723444892E1,9.201135427082E0,2.493667603808E2));
#1332=LINE('',#1331,#1330);
#1333=DIRECTION('',(9.925461516413E-1,-1.218693434052E-1,-1.550959507990E-13));
#1334=VECTOR('',#1333,7.55E1);
#1335=CARTESIAN_POINT('',(-7.493723444892E1,9.201135427091E0,2.527332396192E2));
#1336=LINE('',#1335,#1334);
#1337=DIRECTION('',(9.925461516413E-1,-1.218693434052E-1,-6.512524147629E-14));
#1338=VECTOR('',#1337,7.55E1);
#1339=CARTESIAN_POINT('',(-7.473904353175E1,1.081527091539E1,2.5555E2));
#1340=LINE('',#1339,#1338);
#1341=DIRECTION('',(9.925461516413E-1,-1.218693434052E-1,1.279918040574E-14));
#1342=VECTOR('',#1341,7.55E1);
#1343=CARTESIAN_POINT('',(-7.493723444892E1,9.201135427082E0,2.583667603808E2));
#1344=LINE('',#1343,#1342);
#1345=DIRECTION('',(-2.672356992869E-13,-2.169067627824E-12,-1.E0));
#1346=VECTOR('',#1345,3.366479238401E0);
#1347=CARTESIAN_POINT('',(-3.024737306213E-13,-2.545207626389E-12,
2.617332396192E2));
#1348=LINE('',#1347,#1346);
#1349=DIRECTION('',(4.221280961144E-13,2.645160182277E-12,1.E0));
#1350=VECTOR('',#1349,3.366479238413E0);
#1351=CARTESIAN_POINT('',(-7.493723444892E1,9.201135427082E0,2.583667603808E2));
#1352=LINE('',#1351,#1350);
#1353=DIRECTION('',(9.925461516413E-1,-1.218693434052E-1,-1.550959507990E-13));
#1354=VECTOR('',#1353,7.55E1);
#1355=CARTESIAN_POINT('',(-7.493723444892E1,9.201135427091E0,2.617332396192E2));
#1356=LINE('',#1355,#1354);
#1357=DIRECTION('',(9.925461516413E-1,-1.218693434052E-1,-6.550168795881E-14));
#1358=VECTOR('',#1357,7.55E1);
#1359=CARTESIAN_POINT('',(-7.473904353175E1,1.081527091539E1,2.6455E2));
#1360=LINE('',#1359,#1358);
#1361=DIRECTION('',(9.925461516413E-1,-1.218693434052E-1,1.279918040574E-14));
#1362=VECTOR('',#1361,7.55E1);
#1363=CARTESIAN_POINT('',(-7.493723444892E1,9.201135427082E0,2.673667603808E2));
#1364=LINE('',#1363,#1362);
#1365=DIRECTION('',(-2.640707708529E-13,-2.169468883225E-12,-1.E0));
#1366=VECTOR('',#1365,3.366479238401E0);
#1367=CARTESIAN_POINT('',(-3.025530035829E-13,-2.545860334565E-12,
2.707332396192E2));
#1368=LINE('',#1367,#1366);
#1369=DIRECTION('',(4.221280961144E-13,2.645687842397E-12,1.E0));
#1370=VECTOR('',#1369,3.366479238413E0);
#1371=CARTESIAN_POINT('',(-7.493723444892E1,9.201135427082E0,2.673667603808E2));
#1372=LINE('',#1371,#1370);
#1373=DIRECTION('',(9.925461516413E-1,-1.218693434052E-1,-1.550959507990E-13));
#1374=VECTOR('',#1373,7.55E1);
#1375=CARTESIAN_POINT('',(-7.493723444892E1,9.201135427091E0,2.707332396192E2));
#1376=LINE('',#1375,#1374);
#1377=DIRECTION('',(9.925461516413E-1,-1.218693434052E-1,-6.625458092386E-14));
#1378=VECTOR('',#1377,7.55E1);
#1379=CARTESIAN_POINT('',(-7.473904353175E1,1.081527091539E1,2.7355E2));
#1380=LINE('',#1379,#1378);
#1381=DIRECTION('',(9.925461516413E-1,-1.218693434052E-1,1.279918040574E-14));
#1382=VECTOR('',#1381,7.55E1);
#1383=CARTESIAN_POINT('',(-7.493723444892E1,9.201135427082E0,2.763667603808E2));
#1384=LINE('',#1383,#1382);
#1385=DIRECTION('',(-2.639453339704E-13,-2.168448351779E-12,-1.E0));
#1386=VECTOR('',#1385,3.366479238401E0);
#1387=CARTESIAN_POINT('',(-3.028099104132E-13,-2.547954412615E-12,
2.797332396192E2));
#1388=LINE('',#1387,#1386);
#1389=DIRECTION('',(4.221280961144E-13,2.655185724560E-12,1.E0));
#1390=VECTOR('',#1389,3.366479238413E0);
#1391=CARTESIAN_POINT('',(-7.493723444892E1,9.201135427082E0,2.763667603808E2));
#1392=LINE('',#1391,#1390);
#1393=DIRECTION('',(9.925461516413E-1,-1.218693434052E-1,-1.566017367291E-13));
#1394=VECTOR('',#1393,7.55E1);
#1395=CARTESIAN_POINT('',(-7.493723444892E1,9.201135427091E0,2.797332396192E2));
#1396=LINE('',#1395,#1394);
#1397=DIRECTION('',(9.925461516413E-1,-1.218693434052E-1,-6.776036685394E-14));
#1398=VECTOR('',#1397,7.55E1);
#1399=CARTESIAN_POINT('',(-7.473904353175E1,1.081527091539E1,2.8255E2));
#1400=LINE('',#1399,#1398);
#1401=DIRECTION('',(9.925461516413E-1,-1.218693434052E-1,1.279918040574E-14));
#1402=VECTOR('',#1401,7.55E1);
#1403=CARTESIAN_POINT('',(-7.493723444892E1,9.201135427082E0,2.853667603808E2));
#1404=LINE('',#1403,#1402);
#1405=DIRECTION('',(-2.625385838454E-13,-2.168632483175E-12,-1.E0));
#1406=VECTOR('',#1405,3.366479238401E0);
#1407=CARTESIAN_POINT('',(-3.076283311990E-13,-2.548004799443E-12,
2.887332396192E2));
#1408=LINE('',#1407,#1406);
#1409=DIRECTION('',(4.263493770756E-13,2.653602744199E-12,1.E0));
#1410=VECTOR('',#1409,3.366479238413E0);
#1411=CARTESIAN_POINT('',(-7.493723444892E1,9.201135427082E0,2.853667603808E2));
#1412=LINE('',#1411,#1410);
#1413=DIRECTION('',(9.925461516413E-1,-1.218693434052E-1,-1.566017367291E-13));
#1414=VECTOR('',#1413,7.55E1);
#1415=CARTESIAN_POINT('',(-7.493723444892E1,9.201135427091E0,2.887332396192E2));
#1416=LINE('',#1415,#1414);
#1417=DIRECTION('',(9.925461516413E-1,-1.218693434052E-1,-6.625458092386E-14));
#1418=VECTOR('',#1417,7.55E1);
#1419=CARTESIAN_POINT('',(-7.473904353175E1,1.081527091539E1,2.9155E2));
#1420=LINE('',#1419,#1418);
#1421=DIRECTION('',(9.925461516413E-1,-1.218693434052E-1,1.279918040574E-14));
#1422=VECTOR('',#1421,7.55E1);
#1423=CARTESIAN_POINT('',(-7.493723444892E1,9.201135427082E0,2.943667603808E2));
#1424=LINE('',#1423,#1422);
#1425=DIRECTION('',(-2.671112946913E-13,-2.168052606689E-12,-1.E0));
#1426=VECTOR('',#1425,3.366479238401E0);
#1427=CARTESIAN_POINT('',(-3.028099104132E-13,-2.547954412615E-12,
2.977332396192E2));
#1428=LINE('',#1427,#1426);
#1429=DIRECTION('',(4.221280961144E-13,2.655185724560E-12,1.E0));
#1430=VECTOR('',#1429,3.366479238413E0);
#1431=CARTESIAN_POINT('',(-7.493723444892E1,9.201135427082E0,2.943667603808E2));
#1432=LINE('',#1431,#1430);
#1433=DIRECTION('',(9.925461516413E-1,-1.218693434052E-1,-1.566017367291E-13));
#1434=VECTOR('',#1433,7.55E1);
#1435=CARTESIAN_POINT('',(-7.493723444892E1,9.201135427091E0,2.977332396192E2));
#1436=LINE('',#1435,#1434);
#1437=DIRECTION('',(9.925461516413E-1,-1.218693434052E-1,-6.625458092386E-14));
#1438=VECTOR('',#1437,7.55E1);
#1439=CARTESIAN_POINT('',(-7.473904353175E1,1.081527091539E1,3.0055E2));
#1440=LINE('',#1439,#1438);
#1441=DIRECTION('',(9.925461516413E-1,-1.218693434052E-1,1.279918040574E-14));
#1442=VECTOR('',#1441,7.55E1);
#1443=CARTESIAN_POINT('',(-7.493723444892E1,9.201135427082E0,3.033667603808E2));
#1444=LINE('',#1443,#1442);
#1445=DIRECTION('',(-2.639467097860E-13,-2.168462106779E-12,-1.E0));
#1446=VECTOR('',#1445,3.366479238401E0);
#1447=CARTESIAN_POINT('',(-3.026492830410E-13,-2.546641629947E-12,
3.067332396192E2));
#1448=LINE('',#1447,#1446);
#1449=DIRECTION('',(4.221280961144E-13,2.654658064440E-12,1.E0));
#1450=VECTOR('',#1449,3.366479238413E0);
#1451=CARTESIAN_POINT('',(-7.493723444892E1,9.201135427082E0,3.033667603808E2));
#1452=LINE('',#1451,#1450);
#1453=DIRECTION('',(9.925461516413E-1,-1.218693434052E-1,-1.566017367291E-13));
#1454=VECTOR('',#1453,7.55E1);
#1455=CARTESIAN_POINT('',(-7.493723444892E1,9.201135427091E0,3.067332396192E2));
#1456=LINE('',#1455,#1454);
#1457=DIRECTION('',(9.925461516413E-1,-1.218693434052E-1,-6.776036685394E-14));
#1458=VECTOR('',#1457,7.55E1);
#1459=CARTESIAN_POINT('',(-7.473904353175E1,1.081527091539E1,3.0955E2));
#1460=LINE('',#1459,#1458);
#1461=DIRECTION('',(9.925461516413E-1,-1.218693434052E-1,1.279918040574E-14));
#1462=VECTOR('',#1461,7.55E1);
#1463=CARTESIAN_POINT('',(-7.493723444892E1,9.201135427082E0,3.123667603808E2));
#1464=LINE('',#1463,#1462);
#1465=DIRECTION('',(-2.639453339704E-13,-2.168448351779E-12,-1.E0));
#1466=VECTOR('',#1465,3.366479238401E0);
#1467=CARTESIAN_POINT('',(-3.028099104132E-13,-2.547954412615E-12,
3.157332396192E2));
#1468=LINE('',#1467,#1466);
#1469=DIRECTION('',(4.179068151533E-13,2.645687842397E-12,1.E0));
#1470=VECTOR('',#1469,3.366479238413E0);
#1471=CARTESIAN_POINT('',(-7.493723444892E1,9.201135427082E0,3.123667603808E2));
#1472=LINE('',#1471,#1470);
#1473=DIRECTION('',(9.925461516413E-1,-1.218693434052E-1,-1.550959507990E-13));
#1474=VECTOR('',#1473,7.55E1);
#1475=CARTESIAN_POINT('',(-7.493723444892E1,9.201135427091E0,3.157332396192E2));
#1476=LINE('',#1475,#1474);
#1477=DIRECTION('',(9.925461516413E-1,-1.218693434052E-1,-6.550168795881E-14));
#1478=VECTOR('',#1477,7.55E1);
#1479=CARTESIAN_POINT('',(-7.473904353175E1,1.081527091539E1,3.1855E2));
#1480=LINE('',#1479,#1478);
#1481=DIRECTION('',(9.925461516413E-1,-1.218693434052E-1,1.279918040574E-14));
#1482=VECTOR('',#1481,7.55E1);
#1483=CARTESIAN_POINT('',(-7.493723444892E1,9.201135427082E0,3.213667603808E2));
#1484=LINE('',#1483,#1482);
#1485=DIRECTION('',(4.263493770756E-13,2.654130404319E-12,1.E0));
#1486=VECTOR('',#1485,3.366479238413E0);
#1487=CARTESIAN_POINT('',(-7.493723444892E1,9.201135427082E0,3.213667603808E2));
#1488=LINE('',#1487,#1486);
#1489=DIRECTION('',(9.925461516413E-1,-1.218693434052E-1,-1.566017367291E-13));
#1490=VECTOR('',#1489,7.55E1);
#1491=CARTESIAN_POINT('',(-7.493723444892E1,9.201135427091E0,3.247332396192E2));
#1492=LINE('',#1491,#1490);
#1493=DIRECTION('',(-2.669903134779E-13,-2.167048481515E-12,-1.E0));
#1494=VECTOR('',#1493,3.366479238401E0);
#1495=CARTESIAN_POINT('',(-3.028099104133E-13,-2.547954412616E-12,
3.247332396192E2));
#1496=LINE('',#1495,#1494);
#1497=DIRECTION('',(9.925461516413E-1,-1.218693434052E-1,-6.625458092386E-14));
#1498=VECTOR('',#1497,7.55E1);
#1499=CARTESIAN_POINT('',(-7.473904353175E1,1.081527091539E1,3.2755E2));
#1500=LINE('',#1499,#1498);
#1501=DIRECTION('',(9.925461516413E-1,-1.218693434052E-1,1.129339447566E-14));
#1502=VECTOR('',#1501,7.55E1);
#1503=CARTESIAN_POINT('',(-7.493723444892E1,9.201135427082E0,3.303667603808E2));
#1504=LINE('',#1503,#1502);
#1505=CARTESIAN_POINT('',(-7.493723444892E1,9.201135427082E0,3.303667603808E2));
#1506=CARTESIAN_POINT('',(-7.473904353175E1,1.081527091539E1,3.2755E2));
#1507=VERTEX_POINT('',#1505);
#1508=VERTEX_POINT('',#1506);
#1509=CARTESIAN_POINT('',(-7.493723444892E1,9.201135427091E0,3.247332396192E2));
#1510=VERTEX_POINT('',#1509);
#1511=CARTESIAN_POINT('',(-7.493723444892E1,9.201135427082E0,3.213667603808E2));
#1512=VERTEX_POINT('',#1511);
#1513=CARTESIAN_POINT('',(-7.473904353175E1,1.081527091539E1,3.1855E2));
#1514=VERTEX_POINT('',#1513);
#1515=CARTESIAN_POINT('',(-7.493723444892E1,9.201135427091E0,3.157332396192E2));
#1516=VERTEX_POINT('',#1515);
#1517=CARTESIAN_POINT('',(-7.493723444892E1,9.201135427082E0,3.123667603808E2));
#1518=VERTEX_POINT('',#1517);
#1519=CARTESIAN_POINT('',(-7.473904353175E1,1.081527091539E1,3.0955E2));
#1520=VERTEX_POINT('',#1519);
#1521=CARTESIAN_POINT('',(-7.493723444892E1,9.201135427091E0,3.067332396192E2));
#1522=VERTEX_POINT('',#1521);
#1523=CARTESIAN_POINT('',(-7.493723444892E1,9.201135427082E0,3.033667603808E2));
#1524=VERTEX_POINT('',#1523);
#1525=CARTESIAN_POINT('',(-7.473904353175E1,1.081527091539E1,3.0055E2));
#1526=VERTEX_POINT('',#1525);
#1527=CARTESIAN_POINT('',(-7.493723444892E1,9.201135427091E0,2.977332396192E2));
#1528=VERTEX_POINT('',#1527);
#1529=CARTESIAN_POINT('',(-7.493723444892E1,9.201135427082E0,2.943667603808E2));
#1530=VERTEX_POINT('',#1529);
#1531=CARTESIAN_POINT('',(-7.473904353175E1,1.081527091539E1,2.9155E2));
#1532=VERTEX_POINT('',#1531);
#1533=CARTESIAN_POINT('',(-7.493723444892E1,9.201135427091E0,2.887332396192E2));
#1534=VERTEX_POINT('',#1533);
#1535=CARTESIAN_POINT('',(-7.493723444892E1,9.201135427082E0,2.853667603808E2));
#1536=VERTEX_POINT('',#1535);
#1537=CARTESIAN_POINT('',(-7.473904353175E1,1.081527091539E1,2.8255E2));
#1538=VERTEX_POINT('',#1537);
#1539=CARTESIAN_POINT('',(-7.493723444892E1,9.201135427091E0,2.797332396192E2));
#1540=VERTEX_POINT('',#1539);
#1541=CARTESIAN_POINT('',(-7.493723444892E1,9.201135427082E0,2.763667603808E2));
#1542=VERTEX_POINT('',#1541);
#1543=CARTESIAN_POINT('',(-7.473904353175E1,1.081527091539E1,2.7355E2));
#1544=VERTEX_POINT('',#1543);
#1545=CARTESIAN_POINT('',(-7.493723444892E1,9.201135427091E0,2.707332396192E2));
#1546=VERTEX_POINT('',#1545);
#1547=CARTESIAN_POINT('',(-7.493723444892E1,9.201135427082E0,2.673667603808E2));
#1548=VERTEX_POINT('',#1547);
#1549=CARTESIAN_POINT('',(-7.473904353175E1,1.081527091539E1,2.6455E2));
#1550=VERTEX_POINT('',#1549);
#1551=CARTESIAN_POINT('',(-7.493723444892E1,9.201135427091E0,2.617332396192E2));
#1552=VERTEX_POINT('',#1551);
#1553=CARTESIAN_POINT('',(-7.493723444892E1,9.201135427082E0,2.583667603808E2));
#1554=VERTEX_POINT('',#1553);
#1555=CARTESIAN_POINT('',(-7.473904353175E1,1.081527091539E1,2.5555E2));
#1556=VERTEX_POINT('',#1555);
#1557=CARTESIAN_POINT('',(-7.493723444892E1,9.201135427091E0,2.527332396192E2));
#1558=VERTEX_POINT('',#1557);
#1559=CARTESIAN_POINT('',(-7.493723444892E1,9.201135427082E0,2.493667603808E2));
#1560=VERTEX_POINT('',#1559);
#1561=CARTESIAN_POINT('',(-7.473904353175E1,1.081527091539E1,2.4655E2));
#1562=VERTEX_POINT('',#1561);
#1563=CARTESIAN_POINT('',(-7.493723444892E1,9.201135427091E0,2.437332396192E2));
#1564=VERTEX_POINT('',#1563);
#1565=CARTESIAN_POINT('',(-7.493723444892E1,9.201135427082E0,2.403667603808E2));
#1566=VERTEX_POINT('',#1565);
#1567=CARTESIAN_POINT('',(-7.473904353175E1,1.081527091539E1,2.3755E2));
#1568=VERTEX_POINT('',#1567);
#1569=CARTESIAN_POINT('',(-7.493723444892E1,9.201135427091E0,2.347332396192E2));
#1570=VERTEX_POINT('',#1569);
#1571=CARTESIAN_POINT('',(-7.493723444892E1,9.201135427082E0,2.313667603808E2));
#1572=VERTEX_POINT('',#1571);
#1573=CARTESIAN_POINT('',(-7.473904353175E1,1.081527091539E1,2.2855E2));
#1574=VERTEX_POINT('',#1573);
#1575=CARTESIAN_POINT('',(-7.493723444892E1,9.201135427091E0,2.257332396192E2));
#1576=VERTEX_POINT('',#1575);
#1577=CARTESIAN_POINT('',(-7.493723444892E1,9.201135427082E0,2.223667603808E2));
#1578=VERTEX_POINT('',#1577);
#1579=CARTESIAN_POINT('',(-7.473904353175E1,1.081527091539E1,2.1955E2));
#1580=VERTEX_POINT('',#1579);
#1581=CARTESIAN_POINT('',(-7.493723444892E1,9.201135427091E0,2.167332396192E2));
#1582=VERTEX_POINT('',#1581);
#1583=CARTESIAN_POINT('',(-7.493723444892E1,9.201135427082E0,2.133667603808E2));
#1584=VERTEX_POINT('',#1583);
#1585=CARTESIAN_POINT('',(-7.473904353175E1,1.081527091539E1,2.1055E2));
#1586=VERTEX_POINT('',#1585);
#1587=CARTESIAN_POINT('',(-7.493723444892E1,9.201135427091E0,2.077332396192E2));
#1588=VERTEX_POINT('',#1587);
#1589=CARTESIAN_POINT('',(-7.493723444892E1,9.201135427082E0,2.043667603808E2));
#1590=VERTEX_POINT('',#1589);
#1591=CARTESIAN_POINT('',(-7.473904353175E1,1.081527091539E1,2.0155E2));
#1592=VERTEX_POINT('',#1591);
#1593=CARTESIAN_POINT('',(-7.493723444892E1,9.201135427091E0,1.987332396192E2));
#1594=VERTEX_POINT('',#1593);
#1595=CARTESIAN_POINT('',(-7.493723444892E1,9.201135427082E0,1.953667603808E2));
#1596=VERTEX_POINT('',#1595);
#1597=CARTESIAN_POINT('',(-7.473904353175E1,1.081527091539E1,1.9255E2));
#1598=VERTEX_POINT('',#1597);
#1599=CARTESIAN_POINT('',(-7.493723444892E1,9.201135427091E0,1.897332396192E2));
#1600=VERTEX_POINT('',#1599);
#1601=CARTESIAN_POINT('',(-7.493723444892E1,9.201135427082E0,1.863667603808E2));
#1602=VERTEX_POINT('',#1601);
#1603=CARTESIAN_POINT('',(-7.473904353175E1,1.081527091539E1,1.8355E2));
#1604=VERTEX_POINT('',#1603);
#1605=CARTESIAN_POINT('',(-7.493723444892E1,9.201135427091E0,1.807332396192E2));
#1606=VERTEX_POINT('',#1605);
#1607=CARTESIAN_POINT('',(-7.493723444892E1,9.201135427082E0,1.773667603808E2));
#1608=VERTEX_POINT('',#1607);
#1609=CARTESIAN_POINT('',(-7.473904353175E1,1.081527091539E1,1.7455E2));
#1610=VERTEX_POINT('',#1609);
#1611=CARTESIAN_POINT('',(-7.493723444892E1,9.201135427091E0,1.717332396192E2));
#1612=VERTEX_POINT('',#1611);
#1613=CARTESIAN_POINT('',(-7.493723444892E1,9.201135427082E0,1.683667603808E2));
#1614=VERTEX_POINT('',#1613);
#1615=CARTESIAN_POINT('',(-7.473904353175E1,1.081527091539E1,1.6555E2));
#1616=VERTEX_POINT('',#1615);
#1617=CARTESIAN_POINT('',(-7.493723444892E1,9.201135427091E0,1.627332396192E2));
#1618=VERTEX_POINT('',#1617);
#1619=CARTESIAN_POINT('',(-7.493723444892E1,9.201135427082E0,1.593667603808E2));
#1620=VERTEX_POINT('',#1619);
#1621=CARTESIAN_POINT('',(-7.473904353175E1,1.081527091539E1,1.5655E2));
#1622=VERTEX_POINT('',#1621);
#1623=CARTESIAN_POINT('',(-7.493723444892E1,9.201135427091E0,1.537332396192E2));
#1624=VERTEX_POINT('',#1623);
#1625=CARTESIAN_POINT('',(-7.493723444892E1,9.201135427082E0,1.503667603808E2));
#1626=VERTEX_POINT('',#1625);
#1627=CARTESIAN_POINT('',(-7.473904353175E1,1.081527091539E1,1.4755E2));
#1628=VERTEX_POINT('',#1627);
#1629=CARTESIAN_POINT('',(-7.493723444892E1,9.201135427091E0,1.447332396192E2));
#1630=VERTEX_POINT('',#1629);
#1631=CARTESIAN_POINT('',(-7.493723444892E1,9.201135427082E0,1.413667603808E2));
#1632=VERTEX_POINT('',#1631);
#1633=CARTESIAN_POINT('',(-7.473904353175E1,1.081527091539E1,1.3855E2));
#1634=VERTEX_POINT('',#1633);
#1635=CARTESIAN_POINT('',(-7.493723444892E1,9.201135427091E0,1.357332396192E2));
#1636=VERTEX_POINT('',#1635);
#1637=CARTESIAN_POINT('',(-7.493723444892E1,9.201135427082E0,1.323667603808E2));
#1638=VERTEX_POINT('',#1637);
#1639=CARTESIAN_POINT('',(-7.473904353175E1,1.081527091539E1,1.2955E2));
#1640=VERTEX_POINT('',#1639);
#1641=CARTESIAN_POINT('',(-7.493723444892E1,9.201135427091E0,1.267332396192E2));
#1642=VERTEX_POINT('',#1641);
#1643=CARTESIAN_POINT('',(-7.493723444892E1,9.201135427082E0,1.233667603808E2));
#1644=VERTEX_POINT('',#1643);
#1645=CARTESIAN_POINT('',(-7.473904353175E1,1.081527091539E1,1.2055E2));
#1646=VERTEX_POINT('',#1645);
#1647=CARTESIAN_POINT('',(-7.493723444892E1,9.201135427091E0,1.177332396192E2));
#1648=VERTEX_POINT('',#1647);
#1649=CARTESIAN_POINT('',(-7.493723444892E1,9.201135427082E0,1.143667603808E2));
#1650=VERTEX_POINT('',#1649);
#1651=CARTESIAN_POINT('',(-7.473904353175E1,1.081527091539E1,1.1155E2));
#1652=VERTEX_POINT('',#1651);
#1653=CARTESIAN_POINT('',(-7.493723444892E1,9.201135427091E0,1.087332396192E2));
#1654=VERTEX_POINT('',#1653);
#1655=CARTESIAN_POINT('',(-7.493723444892E1,9.201135427081E0,1.053667603808E2));
#1656=VERTEX_POINT('',#1655);
#1657=CARTESIAN_POINT('',(-7.473904353175E1,1.081527091538E1,1.0255E2));
#1658=VERTEX_POINT('',#1657);
#1659=CARTESIAN_POINT('',(-7.493723444892E1,9.201135427089E0,9.973323961924E1));
#1660=VERTEX_POINT('',#1659);
#1661=CARTESIAN_POINT('',(-7.493723444892E1,9.201135427090E0,9.636676038076E1));
#1662=VERTEX_POINT('',#1661);
#1663=CARTESIAN_POINT('',(-7.473904353175E1,1.081527091538E1,9.355E1));
#1664=VERTEX_POINT('',#1663);
#1665=CARTESIAN_POINT('',(-7.493723444892E1,9.201135427089E0,9.073323961924E1));
#1666=VERTEX_POINT('',#1665);
#1667=CARTESIAN_POINT('',(-7.493723444892E1,9.201135427090E0,8.736676038076E1));
#1668=VERTEX_POINT('',#1667);
#1669=CARTESIAN_POINT('',(-7.473904353175E1,1.081527091538E1,8.455E1));
#1670=VERTEX_POINT('',#1669);
#1671=CARTESIAN_POINT('',(-7.493723444892E1,9.201135427089E0,8.173323961924E1));
#1672=VERTEX_POINT('',#1671);
#1673=CARTESIAN_POINT('',(-7.493723444892E1,9.201135427090E0,7.836676038076E1));
#1674=VERTEX_POINT('',#1673);
#1675=CARTESIAN_POINT('',(-7.473904353175E1,1.081527091538E1,7.555E1));
#1676=VERTEX_POINT('',#1675);
#1677=CARTESIAN_POINT('',(-7.493723444892E1,9.201135427089E0,7.273323961924E1));
#1678=VERTEX_POINT('',#1677);
#1679=CARTESIAN_POINT('',(-7.493723444892E1,9.201135427090E0,6.936676038076E1));
#1680=VERTEX_POINT('',#1679);
#1681=CARTESIAN_POINT('',(-7.473904353175E1,1.081527091538E1,6.655E1));
#1682=VERTEX_POINT('',#1681);
#1683=CARTESIAN_POINT('',(-7.493723444892E1,9.201135427089E0,6.373323961924E1));
#1684=VERTEX_POINT('',#1683);
#1685=CARTESIAN_POINT('',(-7.493723444892E1,9.201135427090E0,6.036676038076E1));
#1686=VERTEX_POINT('',#1685);
#1687=CARTESIAN_POINT('',(-7.473904353175E1,1.081527091538E1,5.755E1));
#1688=VERTEX_POINT('',#1687);
#1689=CARTESIAN_POINT('',(-7.493723444892E1,9.201135427089E0,5.473323961924E1));
#1690=VERTEX_POINT('',#1689);
#1691=CARTESIAN_POINT('',(-7.493723444892E1,9.201135427090E0,5.136676038076E1));
#1692=VERTEX_POINT('',#1691);
#1693=CARTESIAN_POINT('',(-7.473904353175E1,1.081527091538E1,4.855E1));
#1694=VERTEX_POINT('',#1693);
#1695=CARTESIAN_POINT('',(-7.493723444892E1,9.201135427089E0,4.573323961924E1));
#1696=VERTEX_POINT('',#1695);
#1697=CARTESIAN_POINT('',(-7.493723444892E1,9.201135427090E0,4.236676038076E1));
#1698=VERTEX_POINT('',#1697);
#1699=CARTESIAN_POINT('',(-7.473904353175E1,1.081527091538E1,3.955E1));
#1700=VERTEX_POINT('',#1699);
#1701=CARTESIAN_POINT('',(-7.493723444892E1,9.201135427089E0,3.673323961924E1));
#1702=VERTEX_POINT('',#1701);
#1703=CARTESIAN_POINT('',(-7.493723444892E1,9.201135427090E0,3.336676038076E1));
#1704=VERTEX_POINT('',#1703);
#1705=CARTESIAN_POINT('',(-7.473904353175E1,1.081527091538E1,3.055E1));
#1706=VERTEX_POINT('',#1705);
#1707=CARTESIAN_POINT('',(-7.493723444892E1,9.201135427089E0,2.773323961924E1));
#1708=VERTEX_POINT('',#1707);
#1709=CARTESIAN_POINT('',(-7.493723444892E1,9.201135427090E0,2.436676038076E1));
#1710=VERTEX_POINT('',#1709);
#1711=CARTESIAN_POINT('',(-7.473904353175E1,1.081527091538E1,2.155E1));
#1712=VERTEX_POINT('',#1711);
#1713=CARTESIAN_POINT('',(-7.493723444892E1,9.201135427089E0,1.873323961924E1));
#1714=VERTEX_POINT('',#1713);
#1715=CARTESIAN_POINT('',(-7.493723444892E1,9.201135427090E0,1.536676038076E1));
#1716=VERTEX_POINT('',#1715);
#1717=CARTESIAN_POINT('',(-7.473904353175E1,1.081527091538E1,1.255E1));
#1718=VERTEX_POINT('',#1717);
#1719=CARTESIAN_POINT('',(-7.493723444892E1,9.201135427090E0,9.733239619238E0));
#1720=VERTEX_POINT('',#1719);
#1721=CARTESIAN_POINT('',(-1.207922650792E-12,-9.846345960796E-12,
3.303667603808E2));
#1722=VERTEX_POINT('',#1721);
#1723=CARTESIAN_POINT('',(-4.083296085211E-13,-3.407333844426E-12,
9.733239619230E0));
#1724=CARTESIAN_POINT('',(1.981909171679E-1,1.614135488292E0,1.255E1));
#1725=VERTEX_POINT('',#1723);
#1726=VERTEX_POINT('',#1724);
#1727=CARTESIAN_POINT('',(-4.030109579389E-13,-3.159028594268E-12,
1.536676038077E1));
#1728=VERTEX_POINT('',#1727);
#1729=CARTESIAN_POINT('',(-4.787999153373E-13,-3.981273878318E-12,
1.873323961923E1));
#1730=VERTEX_POINT('',#1729);
#1731=CARTESIAN_POINT('',(1.981909171678E-1,1.614135488292E0,2.155E1));
#1732=VERTEX_POINT('',#1731);
#1733=CARTESIAN_POINT('',(-3.931577285954E-13,-3.159472683478E-12,
2.436676038077E1));
#1734=VERTEX_POINT('',#1733);
#1735=CARTESIAN_POINT('',(-4.787792608216E-13,-3.981106328524E-12,
2.773323961923E1));
#1736=VERTEX_POINT('',#1735);
#1737=CARTESIAN_POINT('',(1.981909171678E-1,1.614135488292E0,3.055E1));
#1738=VERTEX_POINT('',#1737);
#1739=CARTESIAN_POINT('',(-3.932409953222E-13,-3.160138817293E-12,
3.336676038077E1));
#1740=VERTEX_POINT('',#1739);
#1741=CARTESIAN_POINT('',(-4.787149203062E-13,-3.980586227044E-12,
3.673323961923E1));
#1742=VERTEX_POINT('',#1741);
#1743=CARTESIAN_POINT('',(1.981909171678E-1,1.614135488292E0,3.955E1));
#1744=VERTEX_POINT('',#1743);
#1745=CARTESIAN_POINT('',(-3.931577285954E-13,-3.159472683478E-12,
4.236676038077E1));
#1746=VERTEX_POINT('',#1745);
#1747=CARTESIAN_POINT('',(-4.786640159387E-13,-3.980163727855E-12,
4.573323961923E1));
#1748=VERTEX_POINT('',#1747);
#1749=CARTESIAN_POINT('',(1.981909171678E-1,1.614135488292E0,4.855E1));
#1750=VERTEX_POINT('',#1749);
#1751=CARTESIAN_POINT('',(-3.932132397466E-13,-3.159916772688E-12,
5.136676038077E1));
#1752=VERTEX_POINT('',#1751);
#1753=CARTESIAN_POINT('',(-4.786640159387E-13,-3.980163727855E-12,
5.473323961923E1));
#1754=VERTEX_POINT('',#1753);
#1755=CARTESIAN_POINT('',(1.981909171678E-1,1.614135488292E0,5.755E1));
#1756=VERTEX_POINT('',#1755);
#1757=CARTESIAN_POINT('',(-3.932132397466E-13,-3.159916772688E-12,
6.036676038077E1));
#1758=VERTEX_POINT('',#1757);
#1759=CARTESIAN_POINT('',(-4.786640159387E-13,-3.980163727855E-12,
6.373323961923E1));
#1760=VERTEX_POINT('',#1759);
#1761=CARTESIAN_POINT('',(1.981909171678E-1,1.614135488292E0,6.655E1));
#1762=VERTEX_POINT('',#1761);
#1763=CARTESIAN_POINT('',(-3.931854841710E-13,-3.159694728083E-12,
6.936676038077E1));
#1764=VERTEX_POINT('',#1763);
#1765=CARTESIAN_POINT('',(-4.785586157903E-13,-3.979304336895E-12,
7.273323961923E1));
#1766=VERTEX_POINT('',#1765);
#1767=CARTESIAN_POINT('',(1.981909171678E-1,1.614135488292E0,7.555E1));
#1768=VERTEX_POINT('',#1767);
#1769=CARTESIAN_POINT('',(-3.931854841710E-13,-3.159694728083E-12,
7.836676038077E1));
#1770=VERTEX_POINT('',#1769);
#1771=CARTESIAN_POINT('',(-4.787672322273E-13,-3.981006623660E-12,
8.173323961923E1));
#1772=VERTEX_POINT('',#1771);
#1773=CARTESIAN_POINT('',(1.981909171678E-1,1.614135488292E0,8.455E1));
#1774=VERTEX_POINT('',#1773);
#1775=CARTESIAN_POINT('',(-3.932687508978E-13,-3.160582906503E-12,
8.736676038077E1));
#1776=VERTEX_POINT('',#1775);
#1777=CARTESIAN_POINT('',(-4.785586157903E-13,-3.979304336895E-12,
9.073323961923E1));
#1778=VERTEX_POINT('',#1777);
#1779=CARTESIAN_POINT('',(1.981909171678E-1,1.614135488292E0,9.355E1));
#1780=VERTEX_POINT('',#1779);
#1781=CARTESIAN_POINT('',(-3.932687508978E-13,-3.160582906503E-12,
9.636676038077E1));
#1782=VERTEX_POINT('',#1781);
#1783=CARTESIAN_POINT('',(-4.787672322272E-13,-3.981006623660E-12,
9.973323961923E1));
#1784=VERTEX_POINT('',#1783);
#1785=CARTESIAN_POINT('',(1.981909171678E-1,1.614135488292E0,1.0255E2));
#1786=VERTEX_POINT('',#1785);
#1787=CARTESIAN_POINT('',(-1.202038468762E-12,-9.846790050005E-12,
1.053667603808E2));
#1788=VERTEX_POINT('',#1787);
#1789=CARTESIAN_POINT('',(-3.076283311994E-13,-2.548004799447E-12,
1.087332396192E2));
#1790=VERTEX_POINT('',#1789);
#1791=CARTESIAN_POINT('',(1.981909171692E-1,1.614135488303E0,1.1155E2));
#1792=VERTEX_POINT('',#1791);
#1793=CARTESIAN_POINT('',(-1.202399291245E-12,-9.849676629869E-12,
1.143667603808E2));
#1794=VERTEX_POINT('',#1793);
#1795=CARTESIAN_POINT('',(-3.027221342033E-13,-2.547232784907E-12,
1.177332396192E2));
#1796=VERTEX_POINT('',#1795);
#1797=CARTESIAN_POINT('',(1.981909171692E-1,1.614135488303E0,1.2055E2));
#1798=VERTEX_POINT('',#1797);
#1799=CARTESIAN_POINT('',(-1.202066224337E-12,-9.846790050005E-12,
1.233667603808E2));
#1800=VERTEX_POINT('',#1799);
#1801=CARTESIAN_POINT('',(-3.076283311990E-13,-2.548004799443E-12,
1.267332396192E2));
#1802=VERTEX_POINT('',#1801);
#1803=CARTESIAN_POINT('',(1.981909171692E-1,1.614135488303E0,1.2955E2));
#1804=VERTEX_POINT('',#1803);
#1805=CARTESIAN_POINT('',(-1.191990950389E-12,-9.853007298943E-12,
1.323667603808E2));
#1806=VERTEX_POINT('',#1805);
#1807=CARTESIAN_POINT('',(-3.081680860175E-13,-2.552401480474E-12,
1.357332396192E2));
#1808=VERTEX_POINT('',#1807);
#1809=CARTESIAN_POINT('',(1.981909171692E-1,1.614135488303E0,1.3855E2));
#1810=VERTEX_POINT('',#1809);
#1811=CARTESIAN_POINT('',(-1.202538069123E-12,-9.850564808289E-12,
1.413667603808E2));
#1812=VERTEX_POINT('',#1811);
#1813=CARTESIAN_POINT('',(-3.082539280262E-13,-2.553126192962E-12,
1.447332396192E2));
#1814=VERTEX_POINT('',#1813);
#1815=CARTESIAN_POINT('',(1.981909171692E-1,1.614135488303E0,1.4755E2));
#1816=VERTEX_POINT('',#1815);
#1817=CARTESIAN_POINT('',(-1.202621335850E-12,-9.851230942104E-12,
1.503667603808E2));
#1818=VERTEX_POINT('',#1817);
#1819=CARTESIAN_POINT('',(-3.081267750778E-13,-2.552066365342E-12,
1.537332396192E2));
#1820=VERTEX_POINT('',#1819);
#1821=CARTESIAN_POINT('',(1.981909171692E-1,1.614135488303E0,1.5655E2));
#1822=VERTEX_POINT('',#1821);
#1823=CARTESIAN_POINT('',(-1.202621335850E-12,-9.851230942104E-12,
1.593667603808E2));
#1824=VERTEX_POINT('',#1823);
#1825=CARTESIAN_POINT('',(-3.083365537226E-13,-2.553777950595E-12,
1.627332396192E2));
#1826=VERTEX_POINT('',#1825);
#1827=CARTESIAN_POINT('',(1.981909171692E-1,1.614135488303E0,1.6555E2));
#1828=VERTEX_POINT('',#1827);
#1829=CARTESIAN_POINT('',(-1.202704602576E-12,-9.851897075919E-12,
1.683667603808E2));
#1830=VERTEX_POINT('',#1829);
#1831=CARTESIAN_POINT('',(-3.032608530686E-13,-2.551621195709E-12,
1.717332396192E2));
#1832=VERTEX_POINT('',#1831);
#1833=CARTESIAN_POINT('',(1.981909171692E-1,1.614135488303E0,1.7455E2));
#1834=VERTEX_POINT('',#1833);
#1835=CARTESIAN_POINT('',(-1.198069421449E-12,-9.853451388153E-12,
1.773667603808E2));
#1836=VERTEX_POINT('',#1835);
#1837=CARTESIAN_POINT('',(-3.083365537225E-13,-2.553777950595E-12,
1.807332396192E2));
#1838=VERTEX_POINT('',#1837);
#1839=CARTESIAN_POINT('',(1.981909171692E-1,1.614135488303E0,1.8355E2));
#1840=VERTEX_POINT('',#1839);
#1841=CARTESIAN_POINT('',(-1.202399291245E-12,-9.849676629869E-12,
1.863667603808E2));
#1842=VERTEX_POINT('',#1841);
#1843=CARTESIAN_POINT('',(-3.031815801069E-13,-2.550968487532E-12,
1.897332396192E2));
#1844=VERTEX_POINT('',#1843);
#1845=CARTESIAN_POINT('',(1.981909171692E-1,1.614135488303E0,1.9255E2));
#1846=VERTEX_POINT('',#1845);
#1847=CARTESIAN_POINT('',(-1.198069421449E-12,-9.853451388153E-12,
1.953667603808E2));
#1848=VERTEX_POINT('',#1847);
#1849=CARTESIAN_POINT('',(-3.083365537225E-13,-2.553777950595E-12,
1.987332396192E2));
#1850=VERTEX_POINT('',#1849);
#1851=CARTESIAN_POINT('',(1.981909171692E-1,1.614135488303E0,2.0155E2));
#1852=VERTEX_POINT('',#1851);
#1853=CARTESIAN_POINT('',(-1.202482557972E-12,-9.850342763684E-12,
2.043667603808E2));
#1854=VERTEX_POINT('',#1853);
#1855=CARTESIAN_POINT('',(-3.032608530685E-13,-2.551621195708E-12,
2.077332396192E2));
#1856=VERTEX_POINT('',#1855);
#1857=CARTESIAN_POINT('',(1.981909171692E-1,1.614135488303E0,2.1055E2));
#1858=VERTEX_POINT('',#1857);
#1859=CARTESIAN_POINT('',(-1.187411280412E-12,-9.854783655783E-12,
2.133667603808E2));
#1860=VERTEX_POINT('',#1859);
#1861=CARTESIAN_POINT('',(-3.083365537225E-13,-2.553777950595E-12,
2.167332396192E2));
#1862=VERTEX_POINT('',#1861);
#1863=CARTESIAN_POINT('',(1.981909171692E-1,1.614135488303E0,2.1955E2));
#1864=VERTEX_POINT('',#1863);
#1865=CARTESIAN_POINT('',(-1.202399291245E-12,-9.849676629869E-12,
2.223667603808E2));
#1866=VERTEX_POINT('',#1865);
#1867=CARTESIAN_POINT('',(-3.029733309825E-13,-2.549278444146E-12,
2.257332396192E2));
#1868=VERTEX_POINT('',#1867);
#1869=CARTESIAN_POINT('',(1.981909171692E-1,1.614135488303E0,2.2855E2));
#1870=VERTEX_POINT('',#1869);
#1871=CARTESIAN_POINT('',(-1.198069421449E-12,-9.853451388153E-12,
2.313667603808E2));
#1872=VERTEX_POINT('',#1871);
#1873=CARTESIAN_POINT('',(-3.083365537225E-13,-2.553777950595E-12,
2.347332396192E2));
#1874=VERTEX_POINT('',#1873);
#1875=CARTESIAN_POINT('',(1.981909171692E-1,1.614135488303E0,2.3755E2));
#1876=VERTEX_POINT('',#1875);
#1877=CARTESIAN_POINT('',(-1.202482557972E-12,-9.850342763684E-12,
2.403667603808E2));
#1878=VERTEX_POINT('',#1877);
#1879=CARTESIAN_POINT('',(-3.032608530685E-13,-2.551621195708E-12,
2.437332396192E2));
#1880=VERTEX_POINT('',#1879);
#1881=CARTESIAN_POINT('',(1.981909171692E-1,1.614135488303E0,2.4655E2));
#1882=VERTEX_POINT('',#1881);
#1883=CARTESIAN_POINT('',(-1.187411280412E-12,-9.854783655783E-12,
2.493667603808E2));
#1884=VERTEX_POINT('',#1883);
#1885=CARTESIAN_POINT('',(-3.083365537225E-13,-2.553777950595E-12,
2.527332396192E2));
#1886=VERTEX_POINT('',#1885);
#1887=CARTESIAN_POINT('',(1.981909171692E-1,1.614135488303E0,2.5555E2));
#1888=VERTEX_POINT('',#1887);
#1889=CARTESIAN_POINT('',(-1.202121735489E-12,-9.847234139215E-12,
2.583667603808E2));
#1890=VERTEX_POINT('',#1889);
#1891=CARTESIAN_POINT('',(-3.024737306213E-13,-2.545207626389E-12,
2.617332396192E2));
#1892=VERTEX_POINT('',#1891);
#1893=CARTESIAN_POINT('',(1.981909171692E-1,1.614135488303E0,2.6455E2));
#1894=VERTEX_POINT('',#1893);
#1895=CARTESIAN_POINT('',(-1.191546861179E-12,-9.849232540660E-12,
2.673667603808E2));
#1896=VERTEX_POINT('',#1895);
#1897=CARTESIAN_POINT('',(-3.025530035829E-13,-2.545860334565E-12,
2.707332396192E2));
#1898=VERTEX_POINT('',#1897);
#1899=CARTESIAN_POINT('',(1.981909171692E-1,1.614135488303E0,2.7355E2));
#1900=VERTEX_POINT('',#1899);
#1901=CARTESIAN_POINT('',(-1.191380327725E-12,-9.847900273030E-12,
2.763667603808E2));
#1902=VERTEX_POINT('',#1901);
#1903=CARTESIAN_POINT('',(-3.028099104132E-13,-2.547954412615E-12,
2.797332396192E2));
#1904=VERTEX_POINT('',#1903);
#1905=CARTESIAN_POINT('',(1.981909171692E-1,1.614135488303E0,2.8255E2));
#1906=VERTEX_POINT('',#1905);
#1907=CARTESIAN_POINT('',(-1.191463594452E-12,-9.848566406845E-12,
2.853667603808E2));
#1908=VERTEX_POINT('',#1907);
#1909=CARTESIAN_POINT('',(-3.076283311990E-13,-2.548004799443E-12,
2.887332396192E2));
#1910=VERTEX_POINT('',#1909);
#1911=CARTESIAN_POINT('',(1.981909171692E-1,1.614135488303E0,2.9155E2));
#1912=VERTEX_POINT('',#1911);
#1913=CARTESIAN_POINT('',(-1.202038468762E-12,-9.846568005401E-12,
2.943667603808E2));
#1914=VERTEX_POINT('',#1913);
#1915=CARTESIAN_POINT('',(-3.028099104132E-13,-2.547954412615E-12,
2.977332396192E2));
#1916=VERTEX_POINT('',#1915);
#1917=CARTESIAN_POINT('',(1.981909171692E-1,1.614135488303E0,3.0055E2));
#1918=VERTEX_POINT('',#1917);
#1919=CARTESIAN_POINT('',(-1.191213794272E-12,-9.846790050005E-12,
3.033667603808E2));
#1920=VERTEX_POINT('',#1919);
#1921=CARTESIAN_POINT('',(-3.026492830410E-13,-2.546641629947E-12,
3.067332396192E2));
#1922=VERTEX_POINT('',#1921);
#1923=CARTESIAN_POINT('',(1.981909171692E-1,1.614135488303E0,3.0955E2));
#1924=VERTEX_POINT('',#1923);
#1925=CARTESIAN_POINT('',(-1.191380327725E-12,-9.847900273030E-12,
3.123667603808E2));
#1926=VERTEX_POINT('',#1925);
#1927=CARTESIAN_POINT('',(-3.028099104132E-13,-2.547954412615E-12,
3.157332396192E2));
#1928=VERTEX_POINT('',#1927);
#1929=CARTESIAN_POINT('',(1.981909171692E-1,1.614135488303E0,3.1855E2));
#1930=VERTEX_POINT('',#1929);
#1931=CARTESIAN_POINT('',(-1.201622135127E-12,-9.843237336327E-12,
3.213667603808E2));
#1932=VERTEX_POINT('',#1931);
#1933=CARTESIAN_POINT('',(-3.028099104133E-13,-2.547954412616E-12,
3.247332396192E2));
#1934=VERTEX_POINT('',#1933);
#1935=CARTESIAN_POINT('',(1.981909171692E-1,1.614135488303E0,3.2755E2));
#1936=VERTEX_POINT('',#1935);
#1937=CARTESIAN_POINT('',(-7.493723444892E1,9.201135427090E0,3.345E2));
#1938=VERTEX_POINT('',#1937);
#1939=CARTESIAN_POINT('',(-4.121147867409E-13,-3.417710559006E-12,3.345E2));
#1940=VERTEX_POINT('',#1939);
#1941=CARTESIAN_POINT('',(-7.493723444892E1,9.201135427090E0,5.5E0));
#1942=VERTEX_POINT('',#1941);
#1943=CARTESIAN_POINT('',(-4.170682022193E-13,-3.417182912198E-12,5.5E0));
#1944=VERTEX_POINT('',#1943);
#1945=CARTESIAN_POINT('',(7.102334238901E-1,9.887141572947E0,-4.E0));
#1946=CARTESIAN_POINT('',(1.206506499711E0,9.826206901245E0,-3.5E0));
#1947=VERTEX_POINT('',#1945);
#1948=VERTEX_POINT('',#1946);
#1949=CARTESIAN_POINT('',(1.206506499712E0,9.826206901244E0,3.435000000001E2));
#1950=VERTEX_POINT('',#1949);
#1951=CARTESIAN_POINT('',(7.711680955928E-1,1.038341464877E1,-3.5E0));
#1952=CARTESIAN_POINT('',(7.711680955944E-1,1.038341464877E1,3.435E2));
#1953=VERTEX_POINT('',#1951);
#1954=VERTEX_POINT('',#1952);
#1955=CARTESIAN_POINT('',(7.102334238924E-1,9.887141572947E0,3.44E2));
#1956=VERTEX_POINT('',#1955);
#1957=CARTESIAN_POINT('',(-7.670836640418E1,1.939295035856E1,3.44E2));
#1958=VERTEX_POINT('',#1957);
#1959=CARTESIAN_POINT('',(-7.664743173243E1,1.988922343437E1,3.435E2));
#1960=VERTEX_POINT('',#1959);
#1961=CARTESIAN_POINT('',(-7.720463947996E1,1.945388503026E1,3.435E2));
#1962=VERTEX_POINT('',#1961);
#1963=CARTESIAN_POINT('',(-7.720463947995E1,1.945388503026E1,
-3.500000000100E0));
#1964=VERTEX_POINT('',#1963);
#1965=CARTESIAN_POINT('',(-7.664743173243E1,1.988922343437E1,-3.5E0));
#1966=VERTEX_POINT('',#1965);
#1967=CARTESIAN_POINT('',(-7.670836640413E1,1.939295035855E1,-4.E0));
#1968=VERTEX_POINT('',#1967);
#1969=CARTESIAN_POINT('',(-7.750931283847E1,1.697251965116E1,-3.5E0));
#1970=CARTESIAN_POINT('',(-7.750931283847E1,1.697251965116E1,3.435E2));
#1971=VERTEX_POINT('',#1969);
#1972=VERTEX_POINT('',#1970);
#1973=CARTESIAN_POINT('',(-7.701303976265E1,1.691158497945E1,3.44E2));
#1974=VERTEX_POINT('',#1973);
#1975=CARTESIAN_POINT('',(9.018331411982E-1,7.344841522145E0,-3.5E0));
#1976=CARTESIAN_POINT('',(4.055600653775E-1,7.405776193847E0,-4.E0));
#1977=VERTEX_POINT('',#1975);
#1978=VERTEX_POINT('',#1976);
#1979=CARTESIAN_POINT('',(-7.701303976265E1,1.691158497945E1,-4.E0));
#1980=VERTEX_POINT('',#1979);
#1981=CARTESIAN_POINT('',(4.055600653797E-1,7.405776193847E0,3.44E2));
#1982=VERTEX_POINT('',#1981);
#1983=CARTESIAN_POINT('',(9.018331412004E-1,7.344841522144E0,3.435E2));
#1984=VERTEX_POINT('',#1983);
#1985=CARTESIAN_POINT('',(9.018331411984E-1,7.344841522145E0,3.345E2));
#1986=VERTEX_POINT('',#1985);
#1987=CARTESIAN_POINT('',(-7.403540130772E1,1.654597694924E1,3.345E2));
#1988=VERTEX_POINT('',#1987);
#1989=CARTESIAN_POINT('',(-7.403540130772E1,1.654597694924E1,5.5E0));
#1990=CARTESIAN_POINT('',(9.018331411984E-1,7.344841522145E0,5.5E0));
#1991=VERTEX_POINT('',#1989);
#1992=VERTEX_POINT('',#1990);
#1993=CARTESIAN_POINT('',(-7.707058320221E1,2.054568579706E1,3.4E2));
#1994=DIRECTION('',(9.925461516413E-1,-1.218693434052E-1,0.E0));
#1995=DIRECTION('',(1.218693434052E-1,9.925461516413E-1,0.E0));
#1996=AXIS2_PLACEMENT_3D('',#1993,#1994,#1995);
#1997=PLANE('',#1996);
#1999=ORIENTED_EDGE('',*,*,#1998,.F.);
#2001=ORIENTED_EDGE('',*,*,#2000,.T.);
#2003=ORIENTED_EDGE('',*,*,#2002,.F.);
#2005=ORIENTED_EDGE('',*,*,#2004,.F.);
#2006=EDGE_LOOP('',(#1999,#2001,#2003,#2005));
#2007=FACE_OUTER_BOUND('',#2006,.F.);
#2008=ADVANCED_FACE('',(#2007),#1997,.F.);
#2009=CARTESIAN_POINT('',(-7.670836640413E1,1.939295035855E1,3.440592060307E2));
#2010=DIRECTION('',(0.E0,0.E0,-1.E0));
#2011=DIRECTION('',(-9.925461516413E-1,1.218693434052E-1,0.E0));
#2012=AXIS2_PLACEMENT_3D('',#2009,#2010,#2011);
#2013=CYLINDRICAL_SURFACE('',#2012,5.E-1);
#2014=ORIENTED_EDGE('',*,*,#1998,.T.);
#2016=ORIENTED_EDGE('',*,*,#2015,.T.);
#2018=ORIENTED_EDGE('',*,*,#2017,.F.);
#2020=ORIENTED_EDGE('',*,*,#2019,.F.);
#2021=EDGE_LOOP('',(#2014,#2016,#2018,#2020));
#2022=FACE_OUTER_BOUND('',#2021,.F.);
#2023=ADVANCED_FACE('',(#2022),#2013,.T.);
#2024=CARTESIAN_POINT('',(-7.670836640413E1,1.939295035855E1,-3.5E0));
#2025=DIRECTION('',(-7.018361145209E-1,8.617463914729E-2,7.071067811314E-1));
#2026=DIRECTION('',(-7.018361144114E-1,8.617463913386E-2,-7.071067812417E-1));
#2027=AXIS2_PLACEMENT_3D('',#2024,#2025,#2026);
#2028=SPHERICAL_SURFACE('',#2027,5.E-1);
#2030=ORIENTED_EDGE('',*,*,#2029,.T.);
#2032=ORIENTED_EDGE('',*,*,#2031,.T.);
#2033=ORIENTED_EDGE('',*,*,#2015,.F.);
#2034=EDGE_LOOP('',(#2030,#2032,#2033));
#2035=FACE_OUTER_BOUND('',#2034,.F.);
#2036=ADVANCED_FACE('',(#2035),#2028,.T.);
#2037=CARTESIAN_POINT('',(-8.236894712128E1,-2.670877998538E1,-3.5E0));
#2038=DIRECTION('',(1.218693434052E-1,9.925461516413E-1,0.E0));
#2039=DIRECTION('',(0.E0,0.E0,-1.E0));
#2040=AXIS2_PLACEMENT_3D('',#2037,#2038,#2039);
#2041=CYLINDRICAL_SURFACE('',#2040,5.E-1);
#2042=ORIENTED_EDGE('',*,*,#2029,.F.);
#2043=ORIENTED_EDGE('',*,*,#2004,.T.);
#2045=ORIENTED_EDGE('',*,*,#2044,.F.);
#2047=ORIENTED_EDGE('',*,*,#2046,.T.);
#2048=EDGE_LOOP('',(#2042,#2043,#2045,#2047));
#2049=FACE_OUTER_BOUND('',#2048,.F.);
#2050=ADVANCED_FACE('',(#2049),#2041,.T.);
#2051=CARTESIAN_POINT('',(-7.750931283846E1,1.697251965116E1,5.E0));
#2052=DIRECTION('',(1.218693434052E-1,9.925461516413E-1,0.E0));
#2053=DIRECTION('',(-9.925461516413E-1,1.218693434052E-1,0.E0));
#2054=AXIS2_PLACEMENT_3D('',#2051,#2052,#2053);
#2055=PLANE('',#2054);
#2057=ORIENTED_EDGE('',*,*,#2056,.F.);
#2059=ORIENTED_EDGE('',*,*,#2058,.T.);
#2061=ORIENTED_EDGE('',*,*,#2060,.T.);
#2063=ORIENTED_EDGE('',*,*,#2062,.T.);
#2065=ORIENTED_EDGE('',*,*,#2064,.F.);
#2066=ORIENTED_EDGE('',*,*,#2044,.T.);
#2067=ORIENTED_EDGE('',*,*,#2002,.T.);
#2069=ORIENTED_EDGE('',*,*,#2068,.T.);
#2071=ORIENTED_EDGE('',*,*,#2070,.F.);
#2073=ORIENTED_EDGE('',*,*,#2072,.T.);
#2075=ORIENTED_EDGE('',*,*,#2074,.T.);
#2077=ORIENTED_EDGE('',*,*,#2076,.F.);
#2078=EDGE_LOOP('',(#2057,#2059,#2061,#2063,#2065,#2066,#2067,#2069,#2071,#2073,
#2075,#2077));
#2079=FACE_OUTER_BOUND('',#2078,.F.);
#2080=ADVANCED_FACE('',(#2079),#2055,.F.);
#2081=CARTESIAN_POINT('',(-7.396227970168E1,1.714150464022E1,0.E0));
#2082=DIRECTION('',(9.925461516413E-1,-1.218693434052E-1,0.E0));
#2083=DIRECTION('',(1.218693434052E-1,9.925461516413E-1,0.E0));
#2084=AXIS2_PLACEMENT_3D('',#2081,#2082,#2083);
#2085=PLANE('',#2084);
#2086=ORIENTED_EDGE('',*,*,#2056,.T.);
#2088=ORIENTED_EDGE('',*,*,#2087,.T.);
#2090=ORIENTED_EDGE('',*,*,#2089,.F.);
#2092=ORIENTED_EDGE('',*,*,#2091,.T.);
#2094=ORIENTED_EDGE('',*,*,#2093,.T.);
#2096=ORIENTED_EDGE('',*,*,#2095,.F.);
#2098=ORIENTED_EDGE('',*,*,#2097,.T.);
#2100=ORIENTED_EDGE('',*,*,#2099,.T.);
#2102=ORIENTED_EDGE('',*,*,#2101,.F.);
#2104=ORIENTED_EDGE('',*,*,#2103,.T.);
#2106=ORIENTED_EDGE('',*,*,#2105,.T.);
#2108=ORIENTED_EDGE('',*,*,#2107,.F.);
#2110=ORIENTED_EDGE('',*,*,#2109,.T.);
#2112=ORIENTED_EDGE('',*,*,#2111,.T.);
#2114=ORIENTED_EDGE('',*,*,#2113,.F.);
#2116=ORIENTED_EDGE('',*,*,#2115,.T.);
#2118=ORIENTED_EDGE('',*,*,#2117,.T.);
#2120=ORIENTED_EDGE('',*,*,#2119,.F.);
#2122=ORIENTED_EDGE('',*,*,#2121,.T.);
#2124=ORIENTED_EDGE('',*,*,#2123,.T.);
#2126=ORIENTED_EDGE('',*,*,#2125,.F.);
#2128=ORIENTED_EDGE('',*,*,#2127,.T.);
#2130=ORIENTED_EDGE('',*,*,#2129,.T.);
#2132=ORIENTED_EDGE('',*,*,#2131,.F.);
#2134=ORIENTED_EDGE('',*,*,#2133,.T.);
#2136=ORIENTED_EDGE('',*,*,#2135,.T.);
#2138=ORIENTED_EDGE('',*,*,#2137,.F.);
#2140=ORIENTED_EDGE('',*,*,#2139,.T.);
#2142=ORIENTED_EDGE('',*,*,#2141,.T.);
#2144=ORIENTED_EDGE('',*,*,#2143,.F.);
#2146=ORIENTED_EDGE('',*,*,#2145,.T.);
#2148=ORIENTED_EDGE('',*,*,#2147,.T.);
#2150=ORIENTED_EDGE('',*,*,#2149,.F.);
#2152=ORIENTED_EDGE('',*,*,#2151,.T.);
#2154=ORIENTED_EDGE('',*,*,#2153,.T.);
#2156=ORIENTED_EDGE('',*,*,#2155,.F.);
#2158=ORIENTED_EDGE('',*,*,#2157,.T.);
#2160=ORIENTED_EDGE('',*,*,#2159,.T.);
#2162=ORIENTED_EDGE('',*,*,#2161,.F.);
#2164=ORIENTED_EDGE('',*,*,#2163,.T.);
#2166=ORIENTED_EDGE('',*,*,#2165,.T.);
#2168=ORIENTED_EDGE('',*,*,#2167,.F.);
#2170=ORIENTED_EDGE('',*,*,#2169,.T.);
#2172=ORIENTED_EDGE('',*,*,#2171,.T.);
#2174=ORIENTED_EDGE('',*,*,#2173,.F.);
#2176=ORIENTED_EDGE('',*,*,#2175,.T.);
#2178=ORIENTED_EDGE('',*,*,#2177,.T.);
#2180=ORIENTED_EDGE('',*,*,#2179,.F.);
#2182=ORIENTED_EDGE('',*,*,#2181,.T.);
#2184=ORIENTED_EDGE('',*,*,#2183,.T.);
#2186=ORIENTED_EDGE('',*,*,#2185,.F.);
#2188=ORIENTED_EDGE('',*,*,#2187,.T.);
#2190=ORIENTED_EDGE('',*,*,#2189,.T.);
#2192=ORIENTED_EDGE('',*,*,#2191,.F.);
#2194=ORIENTED_EDGE('',*,*,#2193,.T.);
#2196=ORIENTED_EDGE('',*,*,#2195,.T.);
#2198=ORIENTED_EDGE('',*,*,#2197,.F.);
#2200=ORIENTED_EDGE('',*,*,#2199,.T.);
#2202=ORIENTED_EDGE('',*,*,#2201,.T.);
#2204=ORIENTED_EDGE('',*,*,#2203,.F.);
#2206=ORIENTED_EDGE('',*,*,#2205,.T.);
#2208=ORIENTED_EDGE('',*,*,#2207,.T.);
#2210=ORIENTED_EDGE('',*,*,#2209,.F.);
#2212=ORIENTED_EDGE('',*,*,#2211,.T.);
#2214=ORIENTED_EDGE('',*,*,#2213,.T.);
#2216=ORIENTED_EDGE('',*,*,#2215,.F.);
#2218=ORIENTED_EDGE('',*,*,#2217,.T.);
#2220=ORIENTED_EDGE('',*,*,#2219,.T.);
#2222=ORIENTED_EDGE('',*,*,#2221,.F.);
#2224=ORIENTED_EDGE('',*,*,#2223,.T.);
#2226=ORIENTED_EDGE('',*,*,#2225,.T.);
#2228=ORIENTED_EDGE('',*,*,#2227,.F.);
#2230=ORIENTED_EDGE('',*,*,#2229,.T.);
#2232=ORIENTED_EDGE('',*,*,#2231,.T.);
#2234=ORIENTED_EDGE('',*,*,#2233,.F.);
#2236=ORIENTED_EDGE('',*,*,#2235,.T.);
#2238=ORIENTED_EDGE('',*,*,#2237,.T.);
#2240=ORIENTED_EDGE('',*,*,#2239,.F.);
#2242=ORIENTED_EDGE('',*,*,#2241,.T.);
#2244=ORIENTED_EDGE('',*,*,#2243,.T.);
#2246=ORIENTED_EDGE('',*,*,#2245,.F.);
#2248=ORIENTED_EDGE('',*,*,#2247,.T.);
#2250=ORIENTED_EDGE('',*,*,#2249,.T.);
#2252=ORIENTED_EDGE('',*,*,#2251,.F.);
#2254=ORIENTED_EDGE('',*,*,#2253,.T.);
#2256=ORIENTED_EDGE('',*,*,#2255,.T.);
#2258=ORIENTED_EDGE('',*,*,#2257,.F.);
#2260=ORIENTED_EDGE('',*,*,#2259,.T.);
#2262=ORIENTED_EDGE('',*,*,#2261,.T.);
#2264=ORIENTED_EDGE('',*,*,#2263,.F.);
#2266=ORIENTED_EDGE('',*,*,#2265,.T.);
#2268=ORIENTED_EDGE('',*,*,#2267,.T.);
#2270=ORIENTED_EDGE('',*,*,#2269,.F.);
#2272=ORIENTED_EDGE('',*,*,#2271,.T.);
#2274=ORIENTED_EDGE('',*,*,#2273,.T.);
#2276=ORIENTED_EDGE('',*,*,#2275,.F.);
#2278=ORIENTED_EDGE('',*,*,#2277,.T.);
#2280=ORIENTED_EDGE('',*,*,#2279,.T.);
#2282=ORIENTED_EDGE('',*,*,#2281,.F.);
#2284=ORIENTED_EDGE('',*,*,#2283,.T.);
#2286=ORIENTED_EDGE('',*,*,#2285,.T.);
#2288=ORIENTED_EDGE('',*,*,#2287,.F.);
#2290=ORIENTED_EDGE('',*,*,#2289,.T.);
#2292=ORIENTED_EDGE('',*,*,#2291,.T.);
#2294=ORIENTED_EDGE('',*,*,#2293,.F.);
#2296=ORIENTED_EDGE('',*,*,#2295,.T.);
#2298=ORIENTED_EDGE('',*,*,#2297,.T.);
#2300=ORIENTED_EDGE('',*,*,#2299,.F.);
#2302=ORIENTED_EDGE('',*,*,#2301,.T.);
#2304=ORIENTED_EDGE('',*,*,#2303,.T.);
#2306=ORIENTED_EDGE('',*,*,#2305,.F.);
#2308=ORIENTED_EDGE('',*,*,#2307,.F.);
#2309=EDGE_LOOP('',(#2086,#2088,#2090,#2092,#2094,#2096,#2098,#2100,#2102,#2104,
#2106,#2108,#2110,#2112,#2114,#2116,#2118,#2120,#2122,#2124,#2126,#2128,#2130,
#2132,#2134,#2136,#2138,#2140,#2142,#2144,#2146,#2148,#2150,#2152,#2154,#2156,
#2158,#2160,#2162,#2164,#2166,#2168,#2170,#2172,#2174,#2176,#2178,#2180,#2182,
#2184,#2186,#2188,#2190,#2192,#2194,#2196,#2198,#2200,#2202,#2204,#2206,#2208,
#2210,#2212,#2214,#2216,#2218,#2220,#2222,#2224,#2226,#2228,#2230,#2232,#2234,
#2236,#2238,#2240,#2242,#2244,#2246,#2248,#2250,#2252,#2254,#2256,#2258,#2260,
#2262,#2264,#2266,#2268,#2270,#2272,#2274,#2276,#2278,#2280,#2282,#2284,#2286,
#2288,#2290,#2292,#2294,#2296,#2298,#2300,#2302,#2304,#2306,#2308));
#2310=FACE_OUTER_BOUND('',#2309,.F.);
#2311=ADVANCED_FACE('',(#2310),#2085,.F.);
#2312=CARTESIAN_POINT('',(0.E0,0.E0,3.345E2));
#2313=DIRECTION('',(0.E0,0.E0,1.E0));
#2314=DIRECTION('',(-9.925461516413E-1,1.218693434052E-1,0.E0));
#2315=AXIS2_PLACEMENT_3D('',#2312,#2313,#2314);
#2316=PLANE('',#2315);
#2318=ORIENTED_EDGE('',*,*,#2317,.F.);
#2319=ORIENTED_EDGE('',*,*,#2087,.F.);
#2320=ORIENTED_EDGE('',*,*,#2076,.T.);
#2322=ORIENTED_EDGE('',*,*,#2321,.T.);
#2323=EDGE_LOOP('',(#2318,#2319,#2320,#2322));
#2324=FACE_OUTER_BOUND('',#2323,.F.);
#2325=ADVANCED_FACE('',(#2324),#2316,.T.);
#2326=CARTESIAN_POINT('',(-7.841114597966E1,9.627678129007E0,3.4E2));
#2327=DIRECTION('',(1.218693434052E-1,9.925461516413E-1,0.E0));
#2328=DIRECTION('',(-9.925461516413E-1,1.218693434052E-1,0.E0));
#2329=AXIS2_PLACEMENT_3D('',#2326,#2327,#2328);
#2330=PLANE('',#2329);
#2331=ORIENTED_EDGE('',*,*,#2317,.T.);
#2333=ORIENTED_EDGE('',*,*,#2332,.T.);
#2335=ORIENTED_EDGE('',*,*,#2334,.F.);
#2336=ORIENTED_EDGE('',*,*,#2089,.T.);
#2337=EDGE_LOOP('',(#2331,#2333,#2335,#2336));
#2338=FACE_OUTER_BOUND('',#2337,.F.);
#2339=ADVANCED_FACE('',(#2338),#2330,.F.);
#2340=CARTESIAN_POINT('',(0.E0,0.E0,3.4E2));
#2341=DIRECTION('',(-9.925461516413E-1,1.218693434052E-1,0.E0));
#2342=DIRECTION('',(-1.218693434052E-1,-9.925461516413E-1,0.E0));
#2343=AXIS2_PLACEMENT_3D('',#2340,#2341,#2342);
#2344=PLANE('',#2343);
#2346=ORIENTED_EDGE('',*,*,#2345,.F.);
#2348=ORIENTED_EDGE('',*,*,#2347,.T.);
#2349=ORIENTED_EDGE('',*,*,#2060,.F.);
#2351=ORIENTED_EDGE('',*,*,#2350,.T.);
#2353=ORIENTED_EDGE('',*,*,#2352,.F.);
#2355=ORIENTED_EDGE('',*,*,#2354,.T.);
#2357=ORIENTED_EDGE('',*,*,#2356,.T.);
#2359=ORIENTED_EDGE('',*,*,#2358,.F.);
#2361=ORIENTED_EDGE('',*,*,#2360,.T.);
#2363=ORIENTED_EDGE('',*,*,#2362,.T.);
#2365=ORIENTED_EDGE('',*,*,#2364,.F.);
#2367=ORIENTED_EDGE('',*,*,#2366,.T.);
#2369=ORIENTED_EDGE('',*,*,#2368,.T.);
#2371=ORIENTED_EDGE('',*,*,#2370,.F.);
#2373=ORIENTED_EDGE('',*,*,#2372,.T.);
#2375=ORIENTED_EDGE('',*,*,#2374,.T.);
#2377=ORIENTED_EDGE('',*,*,#2376,.F.);
#2379=ORIENTED_EDGE('',*,*,#2378,.T.);
#2381=ORIENTED_EDGE('',*,*,#2380,.T.);
#2383=ORIENTED_EDGE('',*,*,#2382,.F.);
#2385=ORIENTED_EDGE('',*,*,#2384,.T.);
#2387=ORIENTED_EDGE('',*,*,#2386,.T.);
#2389=ORIENTED_EDGE('',*,*,#2388,.F.);
#2391=ORIENTED_EDGE('',*,*,#2390,.T.);
#2393=ORIENTED_EDGE('',*,*,#2392,.T.);
#2395=ORIENTED_EDGE('',*,*,#2394,.F.);
#2397=ORIENTED_EDGE('',*,*,#2396,.T.);
#2399=ORIENTED_EDGE('',*,*,#2398,.T.);
#2401=ORIENTED_EDGE('',*,*,#2400,.F.);
#2403=ORIENTED_EDGE('',*,*,#2402,.T.);
#2405=ORIENTED_EDGE('',*,*,#2404,.T.);
#2407=ORIENTED_EDGE('',*,*,#2406,.F.);
#2409=ORIENTED_EDGE('',*,*,#2408,.T.);
#2411=ORIENTED_EDGE('',*,*,#2410,.T.);
#2413=ORIENTED_EDGE('',*,*,#2412,.F.);
#2415=ORIENTED_EDGE('',*,*,#2414,.T.);
#2417=ORIENTED_EDGE('',*,*,#2416,.T.);
#2419=ORIENTED_EDGE('',*,*,#2418,.F.);
#2421=ORIENTED_EDGE('',*,*,#2420,.T.);
#2423=ORIENTED_EDGE('',*,*,#2422,.T.);
#2425=ORIENTED_EDGE('',*,*,#2424,.F.);
#2427=ORIENTED_EDGE('',*,*,#2426,.T.);
#2429=ORIENTED_EDGE('',*,*,#2428,.T.);
#2431=ORIENTED_EDGE('',*,*,#2430,.F.);
#2433=ORIENTED_EDGE('',*,*,#2432,.T.);
#2435=ORIENTED_EDGE('',*,*,#2434,.T.);
#2437=ORIENTED_EDGE('',*,*,#2436,.F.);
#2439=ORIENTED_EDGE('',*,*,#2438,.T.);
#2441=ORIENTED_EDGE('',*,*,#2440,.T.);
#2443=ORIENTED_EDGE('',*,*,#2442,.F.);
#2445=ORIENTED_EDGE('',*,*,#2444,.T.);
#2447=ORIENTED_EDGE('',*,*,#2446,.T.);
#2449=ORIENTED_EDGE('',*,*,#2448,.F.);
#2451=ORIENTED_EDGE('',*,*,#2450,.T.);
#2453=ORIENTED_EDGE('',*,*,#2452,.T.);
#2455=ORIENTED_EDGE('',*,*,#2454,.F.);
#2457=ORIENTED_EDGE('',*,*,#2456,.T.);
#2459=ORIENTED_EDGE('',*,*,#2458,.T.);
#2461=ORIENTED_EDGE('',*,*,#2460,.F.);
#2463=ORIENTED_EDGE('',*,*,#2462,.T.);
#2465=ORIENTED_EDGE('',*,*,#2464,.T.);
#2467=ORIENTED_EDGE('',*,*,#2466,.F.);
#2469=ORIENTED_EDGE('',*,*,#2468,.T.);
#2471=ORIENTED_EDGE('',*,*,#2470,.T.);
#2473=ORIENTED_EDGE('',*,*,#2472,.F.);
#2475=ORIENTED_EDGE('',*,*,#2474,.T.);
#2477=ORIENTED_EDGE('',*,*,#2476,.T.);
#2479=ORIENTED_EDGE('',*,*,#2478,.F.);
#2481=ORIENTED_EDGE('',*,*,#2480,.T.);
#2483=ORIENTED_EDGE('',*,*,#2482,.T.);
#2485=ORIENTED_EDGE('',*,*,#2484,.F.);
#2487=ORIENTED_EDGE('',*,*,#2486,.T.);
#2489=ORIENTED_EDGE('',*,*,#2488,.T.);
#2491=ORIENTED_EDGE('',*,*,#2490,.F.);
#2493=ORIENTED_EDGE('',*,*,#2492,.T.);
#2495=ORIENTED_EDGE('',*,*,#2494,.T.);
#2497=ORIENTED_EDGE('',*,*,#2496,.F.);
#2499=ORIENTED_EDGE('',*,*,#2498,.T.);
#2501=ORIENTED_EDGE('',*,*,#2500,.T.);
#2503=ORIENTED_EDGE('',*,*,#2502,.F.);
#2505=ORIENTED_EDGE('',*,*,#2504,.T.);
#2507=ORIENTED_EDGE('',*,*,#2506,.T.);
#2509=ORIENTED_EDGE('',*,*,#2508,.F.);
#2511=ORIENTED_EDGE('',*,*,#2510,.T.);
#2513=ORIENTED_EDGE('',*,*,#2512,.T.);
#2515=ORIENTED_EDGE('',*,*,#2514,.F.);
#2517=ORIENTED_EDGE('',*,*,#2516,.T.);
#2519=ORIENTED_EDGE('',*,*,#2518,.T.);
#2521=ORIENTED_EDGE('',*,*,#2520,.F.);
#2523=ORIENTED_EDGE('',*,*,#2522,.T.);
#2525=ORIENTED_EDGE('',*,*,#2524,.T.);
#2527=ORIENTED_EDGE('',*,*,#2526,.F.);
#2529=ORIENTED_EDGE('',*,*,#2528,.T.);
#2531=ORIENTED_EDGE('',*,*,#2530,.T.);
#2533=ORIENTED_EDGE('',*,*,#2532,.F.);
#2535=ORIENTED_EDGE('',*,*,#2534,.T.);
#2537=ORIENTED_EDGE('',*,*,#2536,.T.);
#2539=ORIENTED_EDGE('',*,*,#2538,.F.);
#2541=ORIENTED_EDGE('',*,*,#2540,.T.);
#2543=ORIENTED_EDGE('',*,*,#2542,.T.);
#2545=ORIENTED_EDGE('',*,*,#2544,.F.);
#2547=ORIENTED_EDGE('',*,*,#2546,.T.);
#2549=ORIENTED_EDGE('',*,*,#2548,.T.);
#2551=ORIENTED_EDGE('',*,*,#2550,.F.);
#2553=ORIENTED_EDGE('',*,*,#2552,.T.);
#2555=ORIENTED_EDGE('',*,*,#2554,.T.);
#2557=ORIENTED_EDGE('',*,*,#2556,.F.);
#2559=ORIENTED_EDGE('',*,*,#2558,.T.);
#2561=ORIENTED_EDGE('',*,*,#2560,.T.);
#2563=ORIENTED_EDGE('',*,*,#2562,.F.);
#2565=ORIENTED_EDGE('',*,*,#2564,.T.);
#2567=ORIENTED_EDGE('',*,*,#2566,.T.);
#2568=ORIENTED_EDGE('',*,*,#2332,.F.);
#2569=ORIENTED_EDGE('',*,*,#2321,.F.);
#2570=ORIENTED_EDGE('',*,*,#2074,.F.);
#2572=ORIENTED_EDGE('',*,*,#2571,.F.);
#2573=EDGE_LOOP('',(#2346,#2348,#2349,#2351,#2353,#2355,#2357,#2359,#2361,#2363,
#2365,#2367,#2369,#2371,#2373,#2375,#2377,#2379,#2381,#2383,#2385,#2387,#2389,
#2391,#2393,#2395,#2397,#2399,#2401,#2403,#2405,#2407,#2409,#2411,#2413,#2415,
#2417,#2419,#2421,#2423,#2425,#2427,#2429,#2431,#2433,#2435,#2437,#2439,#2441,
#2443,#2445,#2447,#2449,#2451,#2453,#2455,#2457,#2459,#2461,#2463,#2465,#2467,
#2469,#2471,#2473,#2475,#2477,#2479,#2481,#2483,#2485,#2487,#2489,#2491,#2493,
#2495,#2497,#2499,#2501,#2503,#2505,#2507,#2509,#2511,#2513,#2515,#2517,#2519,
#2521,#2523,#2525,#2527,#2529,#2531,#2533,#2535,#2537,#2539,#2541,#2543,#2545,
#2547,#2549,#2551,#2553,#2555,#2557,#2559,#2561,#2563,#2565,#2567,#2568,#2569,
#2570,#2572));
#2574=FACE_OUTER_BOUND('',#2573,.F.);
#2575=ADVANCED_FACE('',(#2574),#2344,.F.);
#2576=CARTESIAN_POINT('',(7.102334238903E-1,9.887141572947E0,
-4.038921946874E0));
#2577=DIRECTION('',(0.E0,0.E0,1.E0));
#2578=DIRECTION('',(9.925461516413E-1,-1.218693434052E-1,0.E0));
#2579=AXIS2_PLACEMENT_3D('',#2576,#2577,#2578);
#2580=CYLINDRICAL_SURFACE('',#2579,5.E-1);
#2581=ORIENTED_EDGE('',*,*,#2345,.T.);
#2583=ORIENTED_EDGE('',*,*,#2582,.T.);
#2585=ORIENTED_EDGE('',*,*,#2584,.F.);
#2587=ORIENTED_EDGE('',*,*,#2586,.F.);
#2588=EDGE_LOOP('',(#2581,#2583,#2585,#2587));
#2589=FACE_OUTER_BOUND('',#2588,.F.);
#2590=ADVANCED_FACE('',(#2589),#2580,.T.);
#2591=CARTESIAN_POINT('',(7.102334238924E-1,9.887141572947E0,3.435E2));
#2592=DIRECTION('',(7.018361145209E-1,-8.617463914730E-2,-7.071067811314E-1));
#2593=DIRECTION('',(7.018361144115E-1,-8.617463913385E-2,7.071067812417E-1));
#2594=AXIS2_PLACEMENT_3D('',#2591,#2592,#2593);
#2595=SPHERICAL_SURFACE('',#2594,5.E-1);
#2597=ORIENTED_EDGE('',*,*,#2596,.T.);
#2599=ORIENTED_EDGE('',*,*,#2598,.T.);
#2600=ORIENTED_EDGE('',*,*,#2582,.F.);
#2601=EDGE_LOOP('',(#2597,#2599,#2600));
#2602=FACE_OUTER_BOUND('',#2601,.F.);
#2603=ADVANCED_FACE('',(#2602),#2595,.T.);
#2604=CARTESIAN_POINT('',(-3.783180735486E0,-2.670877998538E1,3.435E2));
#2605=DIRECTION('',(1.218693434052E-1,9.925461516413E-1,0.E0));
#2606=DIRECTION('',(0.E0,0.E0,1.E0));
#2607=AXIS2_PLACEMENT_3D('',#2604,#2605,#2606);
#2608=CYLINDRICAL_SURFACE('',#2607,5.E-1);
#2609=ORIENTED_EDGE('',*,*,#2596,.F.);
#2610=ORIENTED_EDGE('',*,*,#2571,.T.);
#2611=ORIENTED_EDGE('',*,*,#2072,.F.);
#2613=ORIENTED_EDGE('',*,*,#2612,.F.);
#2614=EDGE_LOOP('',(#2609,#2610,#2611,#2613));
#2615=FACE_OUTER_BOUND('',#2614,.F.);
#2616=ADVANCED_FACE('',(#2615),#2608,.T.);
#2617=CARTESIAN_POINT('',(0.E0,0.E0,3.44E2));
#2618=DIRECTION('',(0.E0,0.E0,1.E0));
#2619=DIRECTION('',(1.E0,0.E0,0.E0));
#2620=AXIS2_PLACEMENT_3D('',#2617,#2618,#2619);
#2621=PLANE('',#2620);
#2623=ORIENTED_EDGE('',*,*,#2622,.F.);
#2624=ORIENTED_EDGE('',*,*,#2612,.T.);
#2625=ORIENTED_EDGE('',*,*,#2070,.T.);
#2627=ORIENTED_EDGE('',*,*,#2626,.F.);
#2628=EDGE_LOOP('',(#2623,#2624,#2625,#2627));
#2629=FACE_OUTER_BOUND('',#2628,.F.);
#2630=ADVANCED_FACE('',(#2629),#2621,.T.);
#2631=CARTESIAN_POINT('',(1.299540603547E0,9.814783749656E0,3.435E2));
#2632=DIRECTION('',(-9.925461516413E-1,1.218693434052E-1,0.E0));
#2633=DIRECTION('',(0.E0,0.E0,1.E0));
#2634=AXIS2_PLACEMENT_3D('',#2631,#2632,#2633);
#2635=CYLINDRICAL_SURFACE('',#2634,5.E-1);
#2636=ORIENTED_EDGE('',*,*,#2622,.T.);
#2638=ORIENTED_EDGE('',*,*,#2637,.T.);
#2640=ORIENTED_EDGE('',*,*,#2639,.F.);
#2641=ORIENTED_EDGE('',*,*,#2598,.F.);
#2642=EDGE_LOOP('',(#2636,#2638,#2640,#2641));
#2643=FACE_OUTER_BOUND('',#2642,.F.);
#2644=ADVANCED_FACE('',(#2643),#2635,.T.);
#2645=CARTESIAN_POINT('',(-7.670836640414E1,1.939295035855E1,3.435E2));
#2646=DIRECTION('',(7.018361158782E-1,-8.617463931394E-2,7.071067797640E-1));
#2647=DIRECTION('',(-7.018361130542E-1,8.617463896719E-2,7.071067826091E-1));
#2648=AXIS2_PLACEMENT_3D('',#2645,#2646,#2647);
#2649=SPHERICAL_SURFACE('',#2648,5.E-1);
#2651=ORIENTED_EDGE('',*,*,#2650,.T.);
#2652=ORIENTED_EDGE('',*,*,#2019,.T.);
#2653=ORIENTED_EDGE('',*,*,#2637,.F.);
#2654=EDGE_LOOP('',(#2651,#2652,#2653));
#2655=FACE_OUTER_BOUND('',#2654,.F.);
#2656=ADVANCED_FACE('',(#2655),#2649,.T.);
#2657=CARTESIAN_POINT('',(-7.654217977418E1,2.074643184461E1,3.435E2));
#2658=DIRECTION('',(-1.218693434052E-1,-9.925461516413E-1,0.E0));
#2659=DIRECTION('',(0.E0,0.E0,1.E0));
#2660=AXIS2_PLACEMENT_3D('',#2657,#2658,#2659);
#2661=CYLINDRICAL_SURFACE('',#2660,5.E-1);
#2662=ORIENTED_EDGE('',*,*,#2650,.F.);
#2663=ORIENTED_EDGE('',*,*,#2626,.T.);
#2664=ORIENTED_EDGE('',*,*,#2068,.F.);
#2665=ORIENTED_EDGE('',*,*,#2000,.F.);
#2666=EDGE_LOOP('',(#2662,#2663,#2664,#2665));
#2667=FACE_OUTER_BOUND('',#2666,.F.);
#2668=ADVANCED_FACE('',(#2667),#2661,.T.);
#2669=CARTESIAN_POINT('',(1.267441171414E0,1.032247997707E1,3.4E2));
#2670=DIRECTION('',(-1.218693434052E-1,-9.925461516413E-1,0.E0));
#2671=DIRECTION('',(9.925461516413E-1,-1.218693434052E-1,0.E0));
#2672=AXIS2_PLACEMENT_3D('',#2669,#2670,#2671);
#2673=PLANE('',#2672);
#2674=ORIENTED_EDGE('',*,*,#2584,.T.);
#2675=ORIENTED_EDGE('',*,*,#2639,.T.);
#2676=ORIENTED_EDGE('',*,*,#2017,.T.);
#2678=ORIENTED_EDGE('',*,*,#2677,.T.);
#2679=EDGE_LOOP('',(#2674,#2675,#2676,#2678));
#2680=FACE_OUTER_BOUND('',#2679,.F.);
#2681=ADVANCED_FACE('',(#2680),#2673,.F.);
#2682=CARTESIAN_POINT('',(-7.751593467529E1,1.949210727413E1,-3.5E0));
#2683=DIRECTION('',(9.925461516413E-1,-1.218693434052E-1,0.E0));
#2684=DIRECTION('',(0.E0,0.E0,-1.E0));
#2685=AXIS2_PLACEMENT_3D('',#2682,#2683,#2684);
#2686=CYLINDRICAL_SURFACE('',#2685,5.E-1);
#2688=ORIENTED_EDGE('',*,*,#2687,.T.);
#2690=ORIENTED_EDGE('',*,*,#2689,.T.);
#2691=ORIENTED_EDGE('',*,*,#2677,.F.);
#2692=ORIENTED_EDGE('',*,*,#2031,.F.);
#2693=EDGE_LOOP('',(#2688,#2690,#2691,#2692));
#2694=FACE_OUTER_BOUND('',#2693,.F.);
#2695=ADVANCED_FACE('',(#2694),#2686,.T.);
#2696=CARTESIAN_POINT('',(0.E0,0.E0,-4.E0));
#2697=DIRECTION('',(0.E0,0.E0,1.E0));
#2698=DIRECTION('',(1.E0,0.E0,0.E0));
#2699=AXIS2_PLACEMENT_3D('',#2696,#2697,#2698);
#2700=PLANE('',#2699);
#2701=ORIENTED_EDGE('',*,*,#2687,.F.);
#2702=ORIENTED_EDGE('',*,*,#2046,.F.);
#2703=ORIENTED_EDGE('',*,*,#2064,.T.);
#2705=ORIENTED_EDGE('',*,*,#2704,.F.);
#2706=EDGE_LOOP('',(#2701,#2702,#2703,#2705));
#2707=FACE_OUTER_BOUND('',#2706,.F.);
#2708=ADVANCED_FACE('',(#2707),#2700,.F.);
#2709=CARTESIAN_POINT('',(8.488681440581E-1,1.101623076094E1,-3.5E0));
#2710=DIRECTION('',(-1.218693434052E-1,-9.925461516413E-1,0.E0));
#2711=DIRECTION('',(0.E0,0.E0,-1.E0));
#2712=AXIS2_PLACEMENT_3D('',#2709,#2710,#2711);
#2713=CYLINDRICAL_SURFACE('',#2712,5.E-1);
#2715=ORIENTED_EDGE('',*,*,#2714,.F.);
#2716=ORIENTED_EDGE('',*,*,#2704,.T.);
#2717=ORIENTED_EDGE('',*,*,#2062,.F.);
#2718=ORIENTED_EDGE('',*,*,#2347,.F.);
#2719=EDGE_LOOP('',(#2715,#2716,#2717,#2718));
#2720=FACE_OUTER_BOUND('',#2719,.F.);
#2721=ADVANCED_FACE('',(#2720),#2713,.T.);
#2722=CARTESIAN_POINT('',(7.102334238901E-1,9.887141572947E0,-3.5E0));
#2723=DIRECTION('',(-7.018361158782E-1,8.617463931394E-2,-7.071067797640E-1));
#2724=DIRECTION('',(7.018361130542E-1,-8.617463896721E-2,-7.071067826091E-1));
#2725=AXIS2_PLACEMENT_3D('',#2722,#2723,#2724);
#2726=SPHERICAL_SURFACE('',#2725,5.E-1);
#2727=ORIENTED_EDGE('',*,*,#2714,.T.);
#2728=ORIENTED_EDGE('',*,*,#2586,.T.);
#2729=ORIENTED_EDGE('',*,*,#2689,.F.);
#2730=EDGE_LOOP('',(#2727,#2728,#2729));
#2731=FACE_OUTER_BOUND('',#2730,.F.);
#2732=ADVANCED_FACE('',(#2731),#2726,.T.);
#2733=CARTESIAN_POINT('',(0.E0,0.E0,5.5E0));
#2734=DIRECTION('',(0.E0,0.E0,1.E0));
#2735=DIRECTION('',(-9.925461516413E-1,1.218693434052E-1,0.E0));
#2736=AXIS2_PLACEMENT_3D('',#2733,#2734,#2735);
#2737=PLANE('',#2736);
#2739=ORIENTED_EDGE('',*,*,#2738,.T.);
#2740=ORIENTED_EDGE('',*,*,#2350,.F.);
#2741=ORIENTED_EDGE('',*,*,#2058,.F.);
#2742=ORIENTED_EDGE('',*,*,#2307,.T.);
#2743=EDGE_LOOP('',(#2739,#2740,#2741,#2742));
#2744=FACE_OUTER_BOUND('',#2743,.F.);
#2745=ADVANCED_FACE('',(#2744),#2737,.F.);
#2746=CARTESIAN_POINT('',(-7.841114597966E1,9.627678129007E0,3.4E2));
#2747=DIRECTION('',(1.218693434052E-1,9.925461516413E-1,0.E0));
#2748=DIRECTION('',(-9.925461516413E-1,1.218693434052E-1,0.E0));
#2749=AXIS2_PLACEMENT_3D('',#2746,#2747,#2748);
#2750=PLANE('',#2749);
#2751=ORIENTED_EDGE('',*,*,#2738,.F.);
#2752=ORIENTED_EDGE('',*,*,#2305,.T.);
#2754=ORIENTED_EDGE('',*,*,#2753,.T.);
#2755=ORIENTED_EDGE('',*,*,#2352,.T.);
#2756=EDGE_LOOP('',(#2751,#2752,#2754,#2755));
#2757=FACE_OUTER_BOUND('',#2756,.F.);
#2758=ADVANCED_FACE('',(#2757),#2750,.F.);
#2759=CARTESIAN_POINT('',(-2.110838946628E-2,-1.719140363500E-1,
9.433239619236E0));
#2760=DIRECTION('',(1.055419473314E-1,8.595701817499E-1,-5.E-1));
#2761=DIRECTION('',(6.093467170259E-2,4.962730758206E-1,8.660254037844E-1));
#2762=AXIS2_PLACEMENT_3D('',#2759,#2760,#2761);
#2763=PLANE('',#2762);
#2764=ORIENTED_EDGE('',*,*,#2753,.F.);
#2765=ORIENTED_EDGE('',*,*,#2303,.F.);
#2767=ORIENTED_EDGE('',*,*,#2766,.T.);
#2768=ORIENTED_EDGE('',*,*,#2354,.F.);
#2769=EDGE_LOOP('',(#2764,#2765,#2767,#2768));
#2770=FACE_OUTER_BOUND('',#2769,.F.);
#2771=ADVANCED_FACE('',(#2770),#2763,.F.);
#2772=CARTESIAN_POINT('',(2.052270469899E-1,1.671440167076E0,1.245E1));
#2773=DIRECTION('',(1.055419473314E-1,8.595701817499E-1,5.E-1));
#2774=DIRECTION('',(-6.093467170259E-2,-4.962730758206E-1,8.660254037844E-1));
#2775=AXIS2_PLACEMENT_3D('',#2772,#2773,#2774);
#2776=PLANE('',#2775);
#2778=ORIENTED_EDGE('',*,*,#2777,.T.);
#2779=ORIENTED_EDGE('',*,*,#2356,.F.);
#2780=ORIENTED_EDGE('',*,*,#2766,.F.);
#2781=ORIENTED_EDGE('',*,*,#2301,.F.);
#2782=EDGE_LOOP('',(#2778,#2779,#2780,#2781));
#2783=FACE_OUTER_BOUND('',#2782,.F.);
#2784=ADVANCED_FACE('',(#2783),#2776,.F.);
#2785=CARTESIAN_POINT('',(-7.841114597966E1,9.627678129007E0,3.4E2));
#2786=DIRECTION('',(1.218693434052E-1,9.925461516413E-1,0.E0));
#2787=DIRECTION('',(-9.925461516413E-1,1.218693434052E-1,0.E0));
#2788=AXIS2_PLACEMENT_3D('',#2785,#2786,#2787);
#2789=PLANE('',#2788);
#2790=ORIENTED_EDGE('',*,*,#2358,.T.);
#2791=ORIENTED_EDGE('',*,*,#2777,.F.);
#2792=ORIENTED_EDGE('',*,*,#2299,.T.);
#2794=ORIENTED_EDGE('',*,*,#2793,.T.);
#2795=EDGE_LOOP('',(#2790,#2791,#2792,#2794));
#2796=FACE_OUTER_BOUND('',#2795,.F.);
#2797=ADVANCED_FACE('',(#2796),#2789,.F.);
#2798=CARTESIAN_POINT('',(-2.110838946628E-2,-1.719140363500E-1,
1.843323961924E1));
#2799=DIRECTION('',(1.055419473314E-1,8.595701817499E-1,-5.E-1));
#2800=DIRECTION('',(6.093467170259E-2,4.962730758206E-1,8.660254037844E-1));
#2801=AXIS2_PLACEMENT_3D('',#2798,#2799,#2800);
#2802=PLANE('',#2801);
#2803=ORIENTED_EDGE('',*,*,#2793,.F.);
#2804=ORIENTED_EDGE('',*,*,#2297,.F.);
#2806=ORIENTED_EDGE('',*,*,#2805,.T.);
#2807=ORIENTED_EDGE('',*,*,#2360,.F.);
#2808=EDGE_LOOP('',(#2803,#2804,#2806,#2807));
#2809=FACE_OUTER_BOUND('',#2808,.F.);
#2810=ADVANCED_FACE('',(#2809),#2802,.F.);
#2811=CARTESIAN_POINT('',(2.052270469899E-1,1.671440167076E0,2.145E1));
#2812=DIRECTION('',(1.055419473314E-1,8.595701817499E-1,5.E-1));
#2813=DIRECTION('',(-6.093467170259E-2,-4.962730758206E-1,8.660254037844E-1));
#2814=AXIS2_PLACEMENT_3D('',#2811,#2812,#2813);
#2815=PLANE('',#2814);
#2817=ORIENTED_EDGE('',*,*,#2816,.T.);
#2818=ORIENTED_EDGE('',*,*,#2362,.F.);
#2819=ORIENTED_EDGE('',*,*,#2805,.F.);
#2820=ORIENTED_EDGE('',*,*,#2295,.F.);
#2821=EDGE_LOOP('',(#2817,#2818,#2819,#2820));
#2822=FACE_OUTER_BOUND('',#2821,.F.);
#2823=ADVANCED_FACE('',(#2822),#2815,.F.);
#2824=CARTESIAN_POINT('',(-7.841114597966E1,9.627678129007E0,3.4E2));
#2825=DIRECTION('',(1.218693434052E-1,9.925461516413E-1,0.E0));
#2826=DIRECTION('',(-9.925461516413E-1,1.218693434052E-1,0.E0));
#2827=AXIS2_PLACEMENT_3D('',#2824,#2825,#2826);
#2828=PLANE('',#2827);
#2829=ORIENTED_EDGE('',*,*,#2364,.T.);
#2830=ORIENTED_EDGE('',*,*,#2816,.F.);
#2831=ORIENTED_EDGE('',*,*,#2293,.T.);
#2833=ORIENTED_EDGE('',*,*,#2832,.T.);
#2834=EDGE_LOOP('',(#2829,#2830,#2831,#2833));
#2835=FACE_OUTER_BOUND('',#2834,.F.);
#2836=ADVANCED_FACE('',(#2835),#2828,.F.);
#2837=CARTESIAN_POINT('',(-2.110838946628E-2,-1.719140363500E-1,
2.743323961924E1));
#2838=DIRECTION('',(1.055419473314E-1,8.595701817499E-1,-5.E-1));
#2839=DIRECTION('',(6.093467170259E-2,4.962730758206E-1,8.660254037844E-1));
#2840=AXIS2_PLACEMENT_3D('',#2837,#2838,#2839);
#2841=PLANE('',#2840);
#2842=ORIENTED_EDGE('',*,*,#2832,.F.);
#2843=ORIENTED_EDGE('',*,*,#2291,.F.);
#2845=ORIENTED_EDGE('',*,*,#2844,.T.);
#2846=ORIENTED_EDGE('',*,*,#2366,.F.);
#2847=EDGE_LOOP('',(#2842,#2843,#2845,#2846));
#2848=FACE_OUTER_BOUND('',#2847,.F.);
#2849=ADVANCED_FACE('',(#2848),#2841,.F.);
#2850=CARTESIAN_POINT('',(2.052270469899E-1,1.671440167076E0,3.045E1));
#2851=DIRECTION('',(1.055419473314E-1,8.595701817499E-1,5.E-1));
#2852=DIRECTION('',(-6.093467170259E-2,-4.962730758206E-1,8.660254037844E-1));
#2853=AXIS2_PLACEMENT_3D('',#2850,#2851,#2852);
#2854=PLANE('',#2853);
#2856=ORIENTED_EDGE('',*,*,#2855,.T.);
#2857=ORIENTED_EDGE('',*,*,#2368,.F.);
#2858=ORIENTED_EDGE('',*,*,#2844,.F.);
#2859=ORIENTED_EDGE('',*,*,#2289,.F.);
#2860=EDGE_LOOP('',(#2856,#2857,#2858,#2859));
#2861=FACE_OUTER_BOUND('',#2860,.F.);
#2862=ADVANCED_FACE('',(#2861),#2854,.F.);
#2863=CARTESIAN_POINT('',(-7.841114597966E1,9.627678129007E0,3.4E2));
#2864=DIRECTION('',(1.218693434052E-1,9.925461516413E-1,0.E0));
#2865=DIRECTION('',(-9.925461516413E-1,1.218693434052E-1,0.E0));
#2866=AXIS2_PLACEMENT_3D('',#2863,#2864,#2865);
#2867=PLANE('',#2866);
#2868=ORIENTED_EDGE('',*,*,#2370,.T.);
#2869=ORIENTED_EDGE('',*,*,#2855,.F.);
#2870=ORIENTED_EDGE('',*,*,#2287,.T.);
#2872=ORIENTED_EDGE('',*,*,#2871,.T.);
#2873=EDGE_LOOP('',(#2868,#2869,#2870,#2872));
#2874=FACE_OUTER_BOUND('',#2873,.F.);
#2875=ADVANCED_FACE('',(#2874),#2867,.F.);
#2876=CARTESIAN_POINT('',(-2.110838946628E-2,-1.719140363500E-1,
3.643323961924E1));
#2877=DIRECTION('',(1.055419473314E-1,8.595701817499E-1,-5.E-1));
#2878=DIRECTION('',(6.093467170259E-2,4.962730758206E-1,8.660254037844E-1));
#2879=AXIS2_PLACEMENT_3D('',#2876,#2877,#2878);
#2880=PLANE('',#2879);
#2881=ORIENTED_EDGE('',*,*,#2871,.F.);
#2882=ORIENTED_EDGE('',*,*,#2285,.F.);
#2884=ORIENTED_EDGE('',*,*,#2883,.T.);
#2885=ORIENTED_EDGE('',*,*,#2372,.F.);
#2886=EDGE_LOOP('',(#2881,#2882,#2884,#2885));
#2887=FACE_OUTER_BOUND('',#2886,.F.);
#2888=ADVANCED_FACE('',(#2887),#2880,.F.);
#2889=CARTESIAN_POINT('',(2.052270469899E-1,1.671440167076E0,3.945E1));
#2890=DIRECTION('',(1.055419473314E-1,8.595701817499E-1,5.E-1));
#2891=DIRECTION('',(-6.093467170259E-2,-4.962730758206E-1,8.660254037844E-1));
#2892=AXIS2_PLACEMENT_3D('',#2889,#2890,#2891);
#2893=PLANE('',#2892);
#2895=ORIENTED_EDGE('',*,*,#2894,.T.);
#2896=ORIENTED_EDGE('',*,*,#2374,.F.);
#2897=ORIENTED_EDGE('',*,*,#2883,.F.);
#2898=ORIENTED_EDGE('',*,*,#2283,.F.);
#2899=EDGE_LOOP('',(#2895,#2896,#2897,#2898));
#2900=FACE_OUTER_BOUND('',#2899,.F.);
#2901=ADVANCED_FACE('',(#2900),#2893,.F.);
#2902=CARTESIAN_POINT('',(-7.841114597966E1,9.627678129007E0,3.4E2));
#2903=DIRECTION('',(1.218693434052E-1,9.925461516413E-1,0.E0));
#2904=DIRECTION('',(-9.925461516413E-1,1.218693434052E-1,0.E0));
#2905=AXIS2_PLACEMENT_3D('',#2902,#2903,#2904);
#2906=PLANE('',#2905);
#2907=ORIENTED_EDGE('',*,*,#2376,.T.);
#2908=ORIENTED_EDGE('',*,*,#2894,.F.);
#2909=ORIENTED_EDGE('',*,*,#2281,.T.);
#2911=ORIENTED_EDGE('',*,*,#2910,.T.);
#2912=EDGE_LOOP('',(#2907,#2908,#2909,#2911));
#2913=FACE_OUTER_BOUND('',#2912,.F.);
#2914=ADVANCED_FACE('',(#2913),#2906,.F.);
#2915=CARTESIAN_POINT('',(-2.110838946628E-2,-1.719140363500E-1,
4.543323961924E1));
#2916=DIRECTION('',(1.055419473314E-1,8.595701817499E-1,-5.E-1));
#2917=DIRECTION('',(6.093467170259E-2,4.962730758206E-1,8.660254037844E-1));
#2918=AXIS2_PLACEMENT_3D('',#2915,#2916,#2917);
#2919=PLANE('',#2918);
#2920=ORIENTED_EDGE('',*,*,#2910,.F.);
#2921=ORIENTED_EDGE('',*,*,#2279,.F.);
#2923=ORIENTED_EDGE('',*,*,#2922,.T.);
#2924=ORIENTED_EDGE('',*,*,#2378,.F.);
#2925=EDGE_LOOP('',(#2920,#2921,#2923,#2924));
#2926=FACE_OUTER_BOUND('',#2925,.F.);
#2927=ADVANCED_FACE('',(#2926),#2919,.F.);
#2928=CARTESIAN_POINT('',(2.052270469899E-1,1.671440167076E0,4.845E1));
#2929=DIRECTION('',(1.055419473314E-1,8.595701817499E-1,5.E-1));
#2930=DIRECTION('',(-6.093467170259E-2,-4.962730758206E-1,8.660254037844E-1));
#2931=AXIS2_PLACEMENT_3D('',#2928,#2929,#2930);
#2932=PLANE('',#2931);
#2934=ORIENTED_EDGE('',*,*,#2933,.T.);
#2935=ORIENTED_EDGE('',*,*,#2380,.F.);
#2936=ORIENTED_EDGE('',*,*,#2922,.F.);
#2937=ORIENTED_EDGE('',*,*,#2277,.F.);
#2938=EDGE_LOOP('',(#2934,#2935,#2936,#2937));
#2939=FACE_OUTER_BOUND('',#2938,.F.);
#2940=ADVANCED_FACE('',(#2939),#2932,.F.);
#2941=CARTESIAN_POINT('',(-7.841114597966E1,9.627678129007E0,3.4E2));
#2942=DIRECTION('',(1.218693434052E-1,9.925461516413E-1,0.E0));
#2943=DIRECTION('',(-9.925461516413E-1,1.218693434052E-1,0.E0));
#2944=AXIS2_PLACEMENT_3D('',#2941,#2942,#2943);
#2945=PLANE('',#2944);
#2946=ORIENTED_EDGE('',*,*,#2382,.T.);
#2947=ORIENTED_EDGE('',*,*,#2933,.F.);
#2948=ORIENTED_EDGE('',*,*,#2275,.T.);
#2950=ORIENTED_EDGE('',*,*,#2949,.T.);
#2951=EDGE_LOOP('',(#2946,#2947,#2948,#2950));
#2952=FACE_OUTER_BOUND('',#2951,.F.);
#2953=ADVANCED_FACE('',(#2952),#2945,.F.);
#2954=CARTESIAN_POINT('',(-2.110838946628E-2,-1.719140363500E-1,
5.443323961924E1));
#2955=DIRECTION('',(1.055419473314E-1,8.595701817499E-1,-5.E-1));
#2956=DIRECTION('',(6.093467170259E-2,4.962730758206E-1,8.660254037844E-1));
#2957=AXIS2_PLACEMENT_3D('',#2954,#2955,#2956);
#2958=PLANE('',#2957);
#2959=ORIENTED_EDGE('',*,*,#2949,.F.);
#2960=ORIENTED_EDGE('',*,*,#2273,.F.);
#2962=ORIENTED_EDGE('',*,*,#2961,.T.);
#2963=ORIENTED_EDGE('',*,*,#2384,.F.);
#2964=EDGE_LOOP('',(#2959,#2960,#2962,#2963));
#2965=FACE_OUTER_BOUND('',#2964,.F.);
#2966=ADVANCED_FACE('',(#2965),#2958,.F.);
#2967=CARTESIAN_POINT('',(2.052270469899E-1,1.671440167076E0,5.745E1));
#2968=DIRECTION('',(1.055419473314E-1,8.595701817499E-1,5.E-1));
#2969=DIRECTION('',(-6.093467170259E-2,-4.962730758206E-1,8.660254037844E-1));
#2970=AXIS2_PLACEMENT_3D('',#2967,#2968,#2969);
#2971=PLANE('',#2970);
#2973=ORIENTED_EDGE('',*,*,#2972,.T.);
#2974=ORIENTED_EDGE('',*,*,#2386,.F.);
#2975=ORIENTED_EDGE('',*,*,#2961,.F.);
#2976=ORIENTED_EDGE('',*,*,#2271,.F.);
#2977=EDGE_LOOP('',(#2973,#2974,#2975,#2976));
#2978=FACE_OUTER_BOUND('',#2977,.F.);
#2979=ADVANCED_FACE('',(#2978),#2971,.F.);
#2980=CARTESIAN_POINT('',(-7.841114597966E1,9.627678129007E0,3.4E2));
#2981=DIRECTION('',(1.218693434052E-1,9.925461516413E-1,0.E0));
#2982=DIRECTION('',(-9.925461516413E-1,1.218693434052E-1,0.E0));
#2983=AXIS2_PLACEMENT_3D('',#2980,#2981,#2982);
#2984=PLANE('',#2983);
#2985=ORIENTED_EDGE('',*,*,#2388,.T.);
#2986=ORIENTED_EDGE('',*,*,#2972,.F.);
#2987=ORIENTED_EDGE('',*,*,#2269,.T.);
#2989=ORIENTED_EDGE('',*,*,#2988,.T.);
#2990=EDGE_LOOP('',(#2985,#2986,#2987,#2989));
#2991=FACE_OUTER_BOUND('',#2990,.F.);
#2992=ADVANCED_FACE('',(#2991),#2984,.F.);
#2993=CARTESIAN_POINT('',(-2.110838946628E-2,-1.719140363500E-1,
6.343323961924E1));
#2994=DIRECTION('',(1.055419473314E-1,8.595701817499E-1,-5.E-1));
#2995=DIRECTION('',(6.093467170259E-2,4.962730758206E-1,8.660254037844E-1));
#2996=AXIS2_PLACEMENT_3D('',#2993,#2994,#2995);
#2997=PLANE('',#2996);
#2998=ORIENTED_EDGE('',*,*,#2988,.F.);
#2999=ORIENTED_EDGE('',*,*,#2267,.F.);
#3001=ORIENTED_EDGE('',*,*,#3000,.T.);
#3002=ORIENTED_EDGE('',*,*,#2390,.F.);
#3003=EDGE_LOOP('',(#2998,#2999,#3001,#3002));
#3004=FACE_OUTER_BOUND('',#3003,.F.);
#3005=ADVANCED_FACE('',(#3004),#2997,.F.);
#3006=CARTESIAN_POINT('',(2.052270469899E-1,1.671440167076E0,6.645E1));
#3007=DIRECTION('',(1.055419473314E-1,8.595701817499E-1,5.E-1));
#3008=DIRECTION('',(-6.093467170259E-2,-4.962730758206E-1,8.660254037844E-1));
#3009=AXIS2_PLACEMENT_3D('',#3006,#3007,#3008);
#3010=PLANE('',#3009);
#3012=ORIENTED_EDGE('',*,*,#3011,.T.);
#3013=ORIENTED_EDGE('',*,*,#2392,.F.);
#3014=ORIENTED_EDGE('',*,*,#3000,.F.);
#3015=ORIENTED_EDGE('',*,*,#2265,.F.);
#3016=EDGE_LOOP('',(#3012,#3013,#3014,#3015));
#3017=FACE_OUTER_BOUND('',#3016,.F.);
#3018=ADVANCED_FACE('',(#3017),#3010,.F.);
#3019=CARTESIAN_POINT('',(-7.841114597966E1,9.627678129007E0,3.4E2));
#3020=DIRECTION('',(1.218693434052E-1,9.925461516413E-1,0.E0));
#3021=DIRECTION('',(-9.925461516413E-1,1.218693434052E-1,0.E0));
#3022=AXIS2_PLACEMENT_3D('',#3019,#3020,#3021);
#3023=PLANE('',#3022);
#3024=ORIENTED_EDGE('',*,*,#2394,.T.);
#3025=ORIENTED_EDGE('',*,*,#3011,.F.);
#3026=ORIENTED_EDGE('',*,*,#2263,.T.);
#3028=ORIENTED_EDGE('',*,*,#3027,.T.);
#3029=EDGE_LOOP('',(#3024,#3025,#3026,#3028));
#3030=FACE_OUTER_BOUND('',#3029,.F.);
#3031=ADVANCED_FACE('',(#3030),#3023,.F.);
#3032=CARTESIAN_POINT('',(-2.110838946628E-2,-1.719140363500E-1,
7.243323961924E1));
#3033=DIRECTION('',(1.055419473314E-1,8.595701817499E-1,-5.E-1));
#3034=DIRECTION('',(6.093467170259E-2,4.962730758206E-1,8.660254037844E-1));
#3035=AXIS2_PLACEMENT_3D('',#3032,#3033,#3034);
#3036=PLANE('',#3035);
#3037=ORIENTED_EDGE('',*,*,#3027,.F.);
#3038=ORIENTED_EDGE('',*,*,#2261,.F.);
#3040=ORIENTED_EDGE('',*,*,#3039,.T.);
#3041=ORIENTED_EDGE('',*,*,#2396,.F.);
#3042=EDGE_LOOP('',(#3037,#3038,#3040,#3041));
#3043=FACE_OUTER_BOUND('',#3042,.F.);
#3044=ADVANCED_FACE('',(#3043),#3036,.F.);
#3045=CARTESIAN_POINT('',(2.052270469899E-1,1.671440167076E0,7.545E1));
#3046=DIRECTION('',(1.055419473314E-1,8.595701817499E-1,5.E-1));
#3047=DIRECTION('',(-6.093467170259E-2,-4.962730758206E-1,8.660254037844E-1));
#3048=AXIS2_PLACEMENT_3D('',#3045,#3046,#3047);
#3049=PLANE('',#3048);
#3051=ORIENTED_EDGE('',*,*,#3050,.T.);
#3052=ORIENTED_EDGE('',*,*,#2398,.F.);
#3053=ORIENTED_EDGE('',*,*,#3039,.F.);
#3054=ORIENTED_EDGE('',*,*,#2259,.F.);
#3055=EDGE_LOOP('',(#3051,#3052,#3053,#3054));
#3056=FACE_OUTER_BOUND('',#3055,.F.);
#3057=ADVANCED_FACE('',(#3056),#3049,.F.);
#3058=CARTESIAN_POINT('',(-7.841114597966E1,9.627678129007E0,3.4E2));
#3059=DIRECTION('',(1.218693434052E-1,9.925461516413E-1,0.E0));
#3060=DIRECTION('',(-9.925461516413E-1,1.218693434052E-1,0.E0));
#3061=AXIS2_PLACEMENT_3D('',#3058,#3059,#3060);
#3062=PLANE('',#3061);
#3063=ORIENTED_EDGE('',*,*,#2400,.T.);
#3064=ORIENTED_EDGE('',*,*,#3050,.F.);
#3065=ORIENTED_EDGE('',*,*,#2257,.T.);
#3067=ORIENTED_EDGE('',*,*,#3066,.T.);
#3068=EDGE_LOOP('',(#3063,#3064,#3065,#3067));
#3069=FACE_OUTER_BOUND('',#3068,.F.);
#3070=ADVANCED_FACE('',(#3069),#3062,.F.);
#3071=CARTESIAN_POINT('',(-2.110838946628E-2,-1.719140363500E-1,
8.143323961924E1));
#3072=DIRECTION('',(1.055419473314E-1,8.595701817499E-1,-5.E-1));
#3073=DIRECTION('',(6.093467170259E-2,4.962730758206E-1,8.660254037844E-1));
#3074=AXIS2_PLACEMENT_3D('',#3071,#3072,#3073);
#3075=PLANE('',#3074);
#3076=ORIENTED_EDGE('',*,*,#3066,.F.);
#3077=ORIENTED_EDGE('',*,*,#2255,.F.);
#3079=ORIENTED_EDGE('',*,*,#3078,.T.);
#3080=ORIENTED_EDGE('',*,*,#2402,.F.);
#3081=EDGE_LOOP('',(#3076,#3077,#3079,#3080));
#3082=FACE_OUTER_BOUND('',#3081,.F.);
#3083=ADVANCED_FACE('',(#3082),#3075,.F.);
#3084=CARTESIAN_POINT('',(2.052270469899E-1,1.671440167076E0,8.445E1));
#3085=DIRECTION('',(1.055419473314E-1,8.595701817499E-1,5.E-1));
#3086=DIRECTION('',(-6.093467170259E-2,-4.962730758206E-1,8.660254037844E-1));
#3087=AXIS2_PLACEMENT_3D('',#3084,#3085,#3086);
#3088=PLANE('',#3087);
#3090=ORIENTED_EDGE('',*,*,#3089,.T.);
#3091=ORIENTED_EDGE('',*,*,#2404,.F.);
#3092=ORIENTED_EDGE('',*,*,#3078,.F.);
#3093=ORIENTED_EDGE('',*,*,#2253,.F.);
#3094=EDGE_LOOP('',(#3090,#3091,#3092,#3093));
#3095=FACE_OUTER_BOUND('',#3094,.F.);
#3096=ADVANCED_FACE('',(#3095),#3088,.F.);
#3097=CARTESIAN_POINT('',(-7.841114597966E1,9.627678129007E0,3.4E2));
#3098=DIRECTION('',(1.218693434052E-1,9.925461516413E-1,0.E0));
#3099=DIRECTION('',(-9.925461516413E-1,1.218693434052E-1,0.E0));
#3100=AXIS2_PLACEMENT_3D('',#3097,#3098,#3099);
#3101=PLANE('',#3100);
#3102=ORIENTED_EDGE('',*,*,#2406,.T.);
#3103=ORIENTED_EDGE('',*,*,#3089,.F.);
#3104=ORIENTED_EDGE('',*,*,#2251,.T.);
#3106=ORIENTED_EDGE('',*,*,#3105,.T.);
#3107=EDGE_LOOP('',(#3102,#3103,#3104,#3106));
#3108=FACE_OUTER_BOUND('',#3107,.F.);
#3109=ADVANCED_FACE('',(#3108),#3101,.F.);
#3110=CARTESIAN_POINT('',(-2.110838946628E-2,-1.719140363500E-1,
9.043323961924E1));
#3111=DIRECTION('',(1.055419473314E-1,8.595701817499E-1,-5.E-1));
#3112=DIRECTION('',(6.093467170259E-2,4.962730758206E-1,8.660254037844E-1));
#3113=AXIS2_PLACEMENT_3D('',#3110,#3111,#3112);
#3114=PLANE('',#3113);
#3115=ORIENTED_EDGE('',*,*,#3105,.F.);
#3116=ORIENTED_EDGE('',*,*,#2249,.F.);
#3118=ORIENTED_EDGE('',*,*,#3117,.T.);
#3119=ORIENTED_EDGE('',*,*,#2408,.F.);
#3120=EDGE_LOOP('',(#3115,#3116,#3118,#3119));
#3121=FACE_OUTER_BOUND('',#3120,.F.);
#3122=ADVANCED_FACE('',(#3121),#3114,.F.);
#3123=CARTESIAN_POINT('',(2.052270469899E-1,1.671440167076E0,9.345E1));
#3124=DIRECTION('',(1.055419473314E-1,8.595701817499E-1,5.E-1));
#3125=DIRECTION('',(-6.093467170259E-2,-4.962730758206E-1,8.660254037844E-1));
#3126=AXIS2_PLACEMENT_3D('',#3123,#3124,#3125);
#3127=PLANE('',#3126);
#3129=ORIENTED_EDGE('',*,*,#3128,.T.);
#3130=ORIENTED_EDGE('',*,*,#2410,.F.);
#3131=ORIENTED_EDGE('',*,*,#3117,.F.);
#3132=ORIENTED_EDGE('',*,*,#2247,.F.);
#3133=EDGE_LOOP('',(#3129,#3130,#3131,#3132));
#3134=FACE_OUTER_BOUND('',#3133,.F.);
#3135=ADVANCED_FACE('',(#3134),#3127,.F.);
#3136=CARTESIAN_POINT('',(-7.841114597966E1,9.627678129007E0,3.4E2));
#3137=DIRECTION('',(1.218693434052E-1,9.925461516413E-1,0.E0));
#3138=DIRECTION('',(-9.925461516413E-1,1.218693434052E-1,0.E0));
#3139=AXIS2_PLACEMENT_3D('',#3136,#3137,#3138);
#3140=PLANE('',#3139);
#3141=ORIENTED_EDGE('',*,*,#2412,.T.);
#3142=ORIENTED_EDGE('',*,*,#3128,.F.);
#3143=ORIENTED_EDGE('',*,*,#2245,.T.);
#3145=ORIENTED_EDGE('',*,*,#3144,.T.);
#3146=EDGE_LOOP('',(#3141,#3142,#3143,#3145));
#3147=FACE_OUTER_BOUND('',#3146,.F.);
#3148=ADVANCED_FACE('',(#3147),#3140,.F.);
#3149=CARTESIAN_POINT('',(-2.110838946628E-2,-1.719140363500E-1,
9.943323961924E1));
#3150=DIRECTION('',(1.055419473314E-1,8.595701817499E-1,-5.E-1));
#3151=DIRECTION('',(6.093467170259E-2,4.962730758206E-1,8.660254037844E-1));
#3152=AXIS2_PLACEMENT_3D('',#3149,#3150,#3151);
#3153=PLANE('',#3152);
#3154=ORIENTED_EDGE('',*,*,#3144,.F.);
#3155=ORIENTED_EDGE('',*,*,#2243,.F.);
#3157=ORIENTED_EDGE('',*,*,#3156,.T.);
#3158=ORIENTED_EDGE('',*,*,#2414,.F.);
#3159=EDGE_LOOP('',(#3154,#3155,#3157,#3158));
#3160=FACE_OUTER_BOUND('',#3159,.F.);
#3161=ADVANCED_FACE('',(#3160),#3153,.F.);
#3162=CARTESIAN_POINT('',(2.052270469899E-1,1.671440167076E0,1.0245E2));
#3163=DIRECTION('',(1.055419473314E-1,8.595701817499E-1,5.E-1));
#3164=DIRECTION('',(-6.093467170259E-2,-4.962730758206E-1,8.660254037844E-1));
#3165=AXIS2_PLACEMENT_3D('',#3162,#3163,#3164);
#3166=PLANE('',#3165);
#3168=ORIENTED_EDGE('',*,*,#3167,.T.);
#3169=ORIENTED_EDGE('',*,*,#2416,.F.);
#3170=ORIENTED_EDGE('',*,*,#3156,.F.);
#3171=ORIENTED_EDGE('',*,*,#2241,.F.);
#3172=EDGE_LOOP('',(#3168,#3169,#3170,#3171));
#3173=FACE_OUTER_BOUND('',#3172,.F.);
#3174=ADVANCED_FACE('',(#3173),#3166,.F.);
#3175=CARTESIAN_POINT('',(-7.841114597966E1,9.627678129007E0,3.4E2));
#3176=DIRECTION('',(1.218693434052E-1,9.925461516413E-1,0.E0));
#3177=DIRECTION('',(-9.925461516413E-1,1.218693434052E-1,0.E0));
#3178=AXIS2_PLACEMENT_3D('',#3175,#3176,#3177);
#3179=PLANE('',#3178);
#3180=ORIENTED_EDGE('',*,*,#2418,.T.);
#3181=ORIENTED_EDGE('',*,*,#3167,.F.);
#3182=ORIENTED_EDGE('',*,*,#2239,.T.);
#3184=ORIENTED_EDGE('',*,*,#3183,.T.);
#3185=EDGE_LOOP('',(#3180,#3181,#3182,#3184));
#3186=FACE_OUTER_BOUND('',#3185,.F.);
#3187=ADVANCED_FACE('',(#3186),#3179,.F.);
#3188=CARTESIAN_POINT('',(-2.110838946628E-2,-1.719140363500E-1,
1.084332396192E2));
#3189=DIRECTION('',(1.055419473314E-1,8.595701817499E-1,-5.E-1));
#3190=DIRECTION('',(6.093467170259E-2,4.962730758206E-1,8.660254037844E-1));
#3191=AXIS2_PLACEMENT_3D('',#3188,#3189,#3190);
#3192=PLANE('',#3191);
#3193=ORIENTED_EDGE('',*,*,#3183,.F.);
#3194=ORIENTED_EDGE('',*,*,#2237,.F.);
#3196=ORIENTED_EDGE('',*,*,#3195,.T.);
#3197=ORIENTED_EDGE('',*,*,#2420,.F.);
#3198=EDGE_LOOP('',(#3193,#3194,#3196,#3197));
#3199=FACE_OUTER_BOUND('',#3198,.F.);
#3200=ADVANCED_FACE('',(#3199),#3192,.F.);
#3201=CARTESIAN_POINT('',(2.052270469899E-1,1.671440167076E0,1.1145E2));
#3202=DIRECTION('',(1.055419473314E-1,8.595701817499E-1,5.E-1));
#3203=DIRECTION('',(-6.093467170259E-2,-4.962730758206E-1,8.660254037844E-1));
#3204=AXIS2_PLACEMENT_3D('',#3201,#3202,#3203);
#3205=PLANE('',#3204);
#3207=ORIENTED_EDGE('',*,*,#3206,.T.);
#3208=ORIENTED_EDGE('',*,*,#2422,.F.);
#3209=ORIENTED_EDGE('',*,*,#3195,.F.);
#3210=ORIENTED_EDGE('',*,*,#2235,.F.);
#3211=EDGE_LOOP('',(#3207,#3208,#3209,#3210));
#3212=FACE_OUTER_BOUND('',#3211,.F.);
#3213=ADVANCED_FACE('',(#3212),#3205,.F.);
#3214=CARTESIAN_POINT('',(-7.841114597966E1,9.627678129007E0,3.4E2));
#3215=DIRECTION('',(1.218693434052E-1,9.925461516413E-1,0.E0));
#3216=DIRECTION('',(-9.925461516413E-1,1.218693434052E-1,0.E0));
#3217=AXIS2_PLACEMENT_3D('',#3214,#3215,#3216);
#3218=PLANE('',#3217);
#3219=ORIENTED_EDGE('',*,*,#2424,.T.);
#3220=ORIENTED_EDGE('',*,*,#3206,.F.);
#3221=ORIENTED_EDGE('',*,*,#2233,.T.);
#3223=ORIENTED_EDGE('',*,*,#3222,.T.);
#3224=EDGE_LOOP('',(#3219,#3220,#3221,#3223));
#3225=FACE_OUTER_BOUND('',#3224,.F.);
#3226=ADVANCED_FACE('',(#3225),#3218,.F.);
#3227=CARTESIAN_POINT('',(-2.110838946628E-2,-1.719140363500E-1,
1.174332396192E2));
#3228=DIRECTION('',(1.055419473314E-1,8.595701817499E-1,-5.E-1));
#3229=DIRECTION('',(6.093467170259E-2,4.962730758206E-1,8.660254037844E-1));
#3230=AXIS2_PLACEMENT_3D('',#3227,#3228,#3229);
#3231=PLANE('',#3230);
#3232=ORIENTED_EDGE('',*,*,#3222,.F.);
#3233=ORIENTED_EDGE('',*,*,#2231,.F.);
#3235=ORIENTED_EDGE('',*,*,#3234,.T.);
#3236=ORIENTED_EDGE('',*,*,#2426,.F.);
#3237=EDGE_LOOP('',(#3232,#3233,#3235,#3236));
#3238=FACE_OUTER_BOUND('',#3237,.F.);
#3239=ADVANCED_FACE('',(#3238),#3231,.F.);
#3240=CARTESIAN_POINT('',(2.052270469899E-1,1.671440167076E0,1.2045E2));
#3241=DIRECTION('',(1.055419473314E-1,8.595701817499E-1,5.E-1));
#3242=DIRECTION('',(-6.093467170259E-2,-4.962730758206E-1,8.660254037844E-1));
#3243=AXIS2_PLACEMENT_3D('',#3240,#3241,#3242);
#3244=PLANE('',#3243);
#3246=ORIENTED_EDGE('',*,*,#3245,.T.);
#3247=ORIENTED_EDGE('',*,*,#2428,.F.);
#3248=ORIENTED_EDGE('',*,*,#3234,.F.);
#3249=ORIENTED_EDGE('',*,*,#2229,.F.);
#3250=EDGE_LOOP('',(#3246,#3247,#3248,#3249));
#3251=FACE_OUTER_BOUND('',#3250,.F.);
#3252=ADVANCED_FACE('',(#3251),#3244,.F.);
#3253=CARTESIAN_POINT('',(-7.841114597966E1,9.627678129007E0,3.4E2));
#3254=DIRECTION('',(1.218693434052E-1,9.925461516413E-1,0.E0));
#3255=DIRECTION('',(-9.925461516413E-1,1.218693434052E-1,0.E0));
#3256=AXIS2_PLACEMENT_3D('',#3253,#3254,#3255);
#3257=PLANE('',#3256);
#3258=ORIENTED_EDGE('',*,*,#2430,.T.);
#3259=ORIENTED_EDGE('',*,*,#3245,.F.);
#3260=ORIENTED_EDGE('',*,*,#2227,.T.);
#3262=ORIENTED_EDGE('',*,*,#3261,.T.);
#3263=EDGE_LOOP('',(#3258,#3259,#3260,#3262));
#3264=FACE_OUTER_BOUND('',#3263,.F.);
#3265=ADVANCED_FACE('',(#3264),#3257,.F.);
#3266=CARTESIAN_POINT('',(-2.110838946628E-2,-1.719140363500E-1,
1.264332396192E2));
#3267=DIRECTION('',(1.055419473314E-1,8.595701817499E-1,-5.E-1));
#3268=DIRECTION('',(6.093467170259E-2,4.962730758206E-1,8.660254037844E-1));
#3269=AXIS2_PLACEMENT_3D('',#3266,#3267,#3268);
#3270=PLANE('',#3269);
#3271=ORIENTED_EDGE('',*,*,#3261,.F.);
#3272=ORIENTED_EDGE('',*,*,#2225,.F.);
#3274=ORIENTED_EDGE('',*,*,#3273,.T.);
#3275=ORIENTED_EDGE('',*,*,#2432,.F.);
#3276=EDGE_LOOP('',(#3271,#3272,#3274,#3275));
#3277=FACE_OUTER_BOUND('',#3276,.F.);
#3278=ADVANCED_FACE('',(#3277),#3270,.F.);
#3279=CARTESIAN_POINT('',(2.052270469899E-1,1.671440167076E0,1.2945E2));
#3280=DIRECTION('',(1.055419473314E-1,8.595701817499E-1,5.E-1));
#3281=DIRECTION('',(-6.093467170259E-2,-4.962730758206E-1,8.660254037844E-1));
#3282=AXIS2_PLACEMENT_3D('',#3279,#3280,#3281);
#3283=PLANE('',#3282);
#3285=ORIENTED_EDGE('',*,*,#3284,.T.);
#3286=ORIENTED_EDGE('',*,*,#2434,.F.);
#3287=ORIENTED_EDGE('',*,*,#3273,.F.);
#3288=ORIENTED_EDGE('',*,*,#2223,.F.);
#3289=EDGE_LOOP('',(#3285,#3286,#3287,#3288));
#3290=FACE_OUTER_BOUND('',#3289,.F.);
#3291=ADVANCED_FACE('',(#3290),#3283,.F.);
#3292=CARTESIAN_POINT('',(-7.841114597966E1,9.627678129007E0,3.4E2));
#3293=DIRECTION('',(1.218693434052E-1,9.925461516413E-1,0.E0));
#3294=DIRECTION('',(-9.925461516413E-1,1.218693434052E-1,0.E0));
#3295=AXIS2_PLACEMENT_3D('',#3292,#3293,#3294);
#3296=PLANE('',#3295);
#3297=ORIENTED_EDGE('',*,*,#2436,.T.);
#3298=ORIENTED_EDGE('',*,*,#3284,.F.);
#3299=ORIENTED_EDGE('',*,*,#2221,.T.);
#3301=ORIENTED_EDGE('',*,*,#3300,.T.);
#3302=EDGE_LOOP('',(#3297,#3298,#3299,#3301));
#3303=FACE_OUTER_BOUND('',#3302,.F.);
#3304=ADVANCED_FACE('',(#3303),#3296,.F.);
#3305=CARTESIAN_POINT('',(-2.110838946628E-2,-1.719140363500E-1,
1.354332396192E2));
#3306=DIRECTION('',(1.055419473314E-1,8.595701817499E-1,-5.E-1));
#3307=DIRECTION('',(6.093467170259E-2,4.962730758206E-1,8.660254037844E-1));
#3308=AXIS2_PLACEMENT_3D('',#3305,#3306,#3307);
#3309=PLANE('',#3308);
#3310=ORIENTED_EDGE('',*,*,#3300,.F.);
#3311=ORIENTED_EDGE('',*,*,#2219,.F.);
#3313=ORIENTED_EDGE('',*,*,#3312,.T.);
#3314=ORIENTED_EDGE('',*,*,#2438,.F.);
#3315=EDGE_LOOP('',(#3310,#3311,#3313,#3314));
#3316=FACE_OUTER_BOUND('',#3315,.F.);
#3317=ADVANCED_FACE('',(#3316),#3309,.F.);
#3318=CARTESIAN_POINT('',(2.052270469899E-1,1.671440167076E0,1.3845E2));
#3319=DIRECTION('',(1.055419473314E-1,8.595701817499E-1,5.E-1));
#3320=DIRECTION('',(-6.093467170259E-2,-4.962730758206E-1,8.660254037844E-1));
#3321=AXIS2_PLACEMENT_3D('',#3318,#3319,#3320);
#3322=PLANE('',#3321);
#3324=ORIENTED_EDGE('',*,*,#3323,.T.);
#3325=ORIENTED_EDGE('',*,*,#2440,.F.);
#3326=ORIENTED_EDGE('',*,*,#3312,.F.);
#3327=ORIENTED_EDGE('',*,*,#2217,.F.);
#3328=EDGE_LOOP('',(#3324,#3325,#3326,#3327));
#3329=FACE_OUTER_BOUND('',#3328,.F.);
#3330=ADVANCED_FACE('',(#3329),#3322,.F.);
#3331=CARTESIAN_POINT('',(-7.841114597966E1,9.627678129007E0,3.4E2));
#3332=DIRECTION('',(1.218693434052E-1,9.925461516413E-1,0.E0));
#3333=DIRECTION('',(-9.925461516413E-1,1.218693434052E-1,0.E0));
#3334=AXIS2_PLACEMENT_3D('',#3331,#3332,#3333);
#3335=PLANE('',#3334);
#3336=ORIENTED_EDGE('',*,*,#2442,.T.);
#3337=ORIENTED_EDGE('',*,*,#3323,.F.);
#3338=ORIENTED_EDGE('',*,*,#2215,.T.);
#3340=ORIENTED_EDGE('',*,*,#3339,.T.);
#3341=EDGE_LOOP('',(#3336,#3337,#3338,#3340));
#3342=FACE_OUTER_BOUND('',#3341,.F.);
#3343=ADVANCED_FACE('',(#3342),#3335,.F.);
#3344=CARTESIAN_POINT('',(-2.110838946628E-2,-1.719140363500E-1,
1.444332396192E2));
#3345=DIRECTION('',(1.055419473314E-1,8.595701817499E-1,-5.E-1));
#3346=DIRECTION('',(6.093467170259E-2,4.962730758206E-1,8.660254037844E-1));
#3347=AXIS2_PLACEMENT_3D('',#3344,#3345,#3346);
#3348=PLANE('',#3347);
#3349=ORIENTED_EDGE('',*,*,#3339,.F.);
#3350=ORIENTED_EDGE('',*,*,#2213,.F.);
#3352=ORIENTED_EDGE('',*,*,#3351,.T.);
#3353=ORIENTED_EDGE('',*,*,#2444,.F.);
#3354=EDGE_LOOP('',(#3349,#3350,#3352,#3353));
#3355=FACE_OUTER_BOUND('',#3354,.F.);
#3356=ADVANCED_FACE('',(#3355),#3348,.F.);
#3357=CARTESIAN_POINT('',(2.052270469899E-1,1.671440167076E0,1.4745E2));
#3358=DIRECTION('',(1.055419473314E-1,8.595701817499E-1,5.E-1));
#3359=DIRECTION('',(-6.093467170259E-2,-4.962730758206E-1,8.660254037844E-1));
#3360=AXIS2_PLACEMENT_3D('',#3357,#3358,#3359);
#3361=PLANE('',#3360);
#3363=ORIENTED_EDGE('',*,*,#3362,.T.);
#3364=ORIENTED_EDGE('',*,*,#2446,.F.);
#3365=ORIENTED_EDGE('',*,*,#3351,.F.);
#3366=ORIENTED_EDGE('',*,*,#2211,.F.);
#3367=EDGE_LOOP('',(#3363,#3364,#3365,#3366));
#3368=FACE_OUTER_BOUND('',#3367,.F.);
#3369=ADVANCED_FACE('',(#3368),#3361,.F.);
#3370=CARTESIAN_POINT('',(-7.841114597966E1,9.627678129007E0,3.4E2));
#3371=DIRECTION('',(1.218693434052E-1,9.925461516413E-1,0.E0));
#3372=DIRECTION('',(-9.925461516413E-1,1.218693434052E-1,0.E0));
#3373=AXIS2_PLACEMENT_3D('',#3370,#3371,#3372);
#3374=PLANE('',#3373);
#3375=ORIENTED_EDGE('',*,*,#2448,.T.);
#3376=ORIENTED_EDGE('',*,*,#3362,.F.);
#3377=ORIENTED_EDGE('',*,*,#2209,.T.);
#3379=ORIENTED_EDGE('',*,*,#3378,.T.);
#3380=EDGE_LOOP('',(#3375,#3376,#3377,#3379));
#3381=FACE_OUTER_BOUND('',#3380,.F.);
#3382=ADVANCED_FACE('',(#3381),#3374,.F.);
#3383=CARTESIAN_POINT('',(-2.110838946628E-2,-1.719140363500E-1,
1.534332396192E2));
#3384=DIRECTION('',(1.055419473314E-1,8.595701817499E-1,-5.E-1));
#3385=DIRECTION('',(6.093467170259E-2,4.962730758206E-1,8.660254037844E-1));
#3386=AXIS2_PLACEMENT_3D('',#3383,#3384,#3385);
#3387=PLANE('',#3386);
#3388=ORIENTED_EDGE('',*,*,#3378,.F.);
#3389=ORIENTED_EDGE('',*,*,#2207,.F.);
#3391=ORIENTED_EDGE('',*,*,#3390,.T.);
#3392=ORIENTED_EDGE('',*,*,#2450,.F.);
#3393=EDGE_LOOP('',(#3388,#3389,#3391,#3392));
#3394=FACE_OUTER_BOUND('',#3393,.F.);
#3395=ADVANCED_FACE('',(#3394),#3387,.F.);
#3396=CARTESIAN_POINT('',(2.052270469899E-1,1.671440167076E0,1.5645E2));
#3397=DIRECTION('',(1.055419473314E-1,8.595701817499E-1,5.E-1));
#3398=DIRECTION('',(-6.093467170259E-2,-4.962730758206E-1,8.660254037844E-1));
#3399=AXIS2_PLACEMENT_3D('',#3396,#3397,#3398);
#3400=PLANE('',#3399);
#3402=ORIENTED_EDGE('',*,*,#3401,.T.);
#3403=ORIENTED_EDGE('',*,*,#2452,.F.);
#3404=ORIENTED_EDGE('',*,*,#3390,.F.);
#3405=ORIENTED_EDGE('',*,*,#2205,.F.);
#3406=EDGE_LOOP('',(#3402,#3403,#3404,#3405));
#3407=FACE_OUTER_BOUND('',#3406,.F.);
#3408=ADVANCED_FACE('',(#3407),#3400,.F.);
#3409=CARTESIAN_POINT('',(-7.841114597966E1,9.627678129007E0,3.4E2));
#3410=DIRECTION('',(1.218693434052E-1,9.925461516413E-1,0.E0));
#3411=DIRECTION('',(-9.925461516413E-1,1.218693434052E-1,0.E0));
#3412=AXIS2_PLACEMENT_3D('',#3409,#3410,#3411);
#3413=PLANE('',#3412);
#3414=ORIENTED_EDGE('',*,*,#2454,.T.);
#3415=ORIENTED_EDGE('',*,*,#3401,.F.);
#3416=ORIENTED_EDGE('',*,*,#2203,.T.);
#3418=ORIENTED_EDGE('',*,*,#3417,.T.);
#3419=EDGE_LOOP('',(#3414,#3415,#3416,#3418));
#3420=FACE_OUTER_BOUND('',#3419,.F.);
#3421=ADVANCED_FACE('',(#3420),#3413,.F.);
#3422=CARTESIAN_POINT('',(-2.110838946628E-2,-1.719140363500E-1,
1.624332396192E2));
#3423=DIRECTION('',(1.055419473314E-1,8.595701817499E-1,-5.E-1));
#3424=DIRECTION('',(6.093467170259E-2,4.962730758206E-1,8.660254037844E-1));
#3425=AXIS2_PLACEMENT_3D('',#3422,#3423,#3424);
#3426=PLANE('',#3425);
#3427=ORIENTED_EDGE('',*,*,#3417,.F.);
#3428=ORIENTED_EDGE('',*,*,#2201,.F.);
#3430=ORIENTED_EDGE('',*,*,#3429,.T.);
#3431=ORIENTED_EDGE('',*,*,#2456,.F.);
#3432=EDGE_LOOP('',(#3427,#3428,#3430,#3431));
#3433=FACE_OUTER_BOUND('',#3432,.F.);
#3434=ADVANCED_FACE('',(#3433),#3426,.F.);
#3435=CARTESIAN_POINT('',(2.052270469899E-1,1.671440167076E0,1.6545E2));
#3436=DIRECTION('',(1.055419473314E-1,8.595701817499E-1,5.E-1));
#3437=DIRECTION('',(-6.093467170259E-2,-4.962730758206E-1,8.660254037844E-1));
#3438=AXIS2_PLACEMENT_3D('',#3435,#3436,#3437);
#3439=PLANE('',#3438);
#3441=ORIENTED_EDGE('',*,*,#3440,.T.);
#3442=ORIENTED_EDGE('',*,*,#2458,.F.);
#3443=ORIENTED_EDGE('',*,*,#3429,.F.);
#3444=ORIENTED_EDGE('',*,*,#2199,.F.);
#3445=EDGE_LOOP('',(#3441,#3442,#3443,#3444));
#3446=FACE_OUTER_BOUND('',#3445,.F.);
#3447=ADVANCED_FACE('',(#3446),#3439,.F.);
#3448=CARTESIAN_POINT('',(-7.841114597966E1,9.627678129007E0,3.4E2));
#3449=DIRECTION('',(1.218693434052E-1,9.925461516413E-1,0.E0));
#3450=DIRECTION('',(-9.925461516413E-1,1.218693434052E-1,0.E0));
#3451=AXIS2_PLACEMENT_3D('',#3448,#3449,#3450);
#3452=PLANE('',#3451);
#3453=ORIENTED_EDGE('',*,*,#2460,.T.);
#3454=ORIENTED_EDGE('',*,*,#3440,.F.);
#3455=ORIENTED_EDGE('',*,*,#2197,.T.);
#3457=ORIENTED_EDGE('',*,*,#3456,.T.);
#3458=EDGE_LOOP('',(#3453,#3454,#3455,#3457));
#3459=FACE_OUTER_BOUND('',#3458,.F.);
#3460=ADVANCED_FACE('',(#3459),#3452,.F.);
#3461=CARTESIAN_POINT('',(-2.110838946628E-2,-1.719140363500E-1,
1.714332396192E2));
#3462=DIRECTION('',(1.055419473314E-1,8.595701817499E-1,-5.E-1));
#3463=DIRECTION('',(6.093467170259E-2,4.962730758206E-1,8.660254037844E-1));
#3464=AXIS2_PLACEMENT_3D('',#3461,#3462,#3463);
#3465=PLANE('',#3464);
#3466=ORIENTED_EDGE('',*,*,#3456,.F.);
#3467=ORIENTED_EDGE('',*,*,#2195,.F.);
#3469=ORIENTED_EDGE('',*,*,#3468,.T.);
#3470=ORIENTED_EDGE('',*,*,#2462,.F.);
#3471=EDGE_LOOP('',(#3466,#3467,#3469,#3470));
#3472=FACE_OUTER_BOUND('',#3471,.F.);
#3473=ADVANCED_FACE('',(#3472),#3465,.F.);
#3474=CARTESIAN_POINT('',(2.052270469899E-1,1.671440167076E0,1.7445E2));
#3475=DIRECTION('',(1.055419473314E-1,8.595701817499E-1,5.E-1));
#3476=DIRECTION('',(-6.093467170259E-2,-4.962730758206E-1,8.660254037844E-1));
#3477=AXIS2_PLACEMENT_3D('',#3474,#3475,#3476);
#3478=PLANE('',#3477);
#3480=ORIENTED_EDGE('',*,*,#3479,.T.);
#3481=ORIENTED_EDGE('',*,*,#2464,.F.);
#3482=ORIENTED_EDGE('',*,*,#3468,.F.);
#3483=ORIENTED_EDGE('',*,*,#2193,.F.);
#3484=EDGE_LOOP('',(#3480,#3481,#3482,#3483));
#3485=FACE_OUTER_BOUND('',#3484,.F.);
#3486=ADVANCED_FACE('',(#3485),#3478,.F.);
#3487=CARTESIAN_POINT('',(-7.841114597966E1,9.627678129007E0,3.4E2));
#3488=DIRECTION('',(1.218693434052E-1,9.925461516413E-1,0.E0));
#3489=DIRECTION('',(-9.925461516413E-1,1.218693434052E-1,0.E0));
#3490=AXIS2_PLACEMENT_3D('',#3487,#3488,#3489);
#3491=PLANE('',#3490);
#3492=ORIENTED_EDGE('',*,*,#2466,.T.);
#3493=ORIENTED_EDGE('',*,*,#3479,.F.);
#3494=ORIENTED_EDGE('',*,*,#2191,.T.);
#3496=ORIENTED_EDGE('',*,*,#3495,.T.);
#3497=EDGE_LOOP('',(#3492,#3493,#3494,#3496));
#3498=FACE_OUTER_BOUND('',#3497,.F.);
#3499=ADVANCED_FACE('',(#3498),#3491,.F.);
#3500=CARTESIAN_POINT('',(-2.110838946628E-2,-1.719140363500E-1,
1.804332396192E2));
#3501=DIRECTION('',(1.055419473314E-1,8.595701817499E-1,-5.E-1));
#3502=DIRECTION('',(6.093467170259E-2,4.962730758206E-1,8.660254037844E-1));
#3503=AXIS2_PLACEMENT_3D('',#3500,#3501,#3502);
#3504=PLANE('',#3503);
#3505=ORIENTED_EDGE('',*,*,#3495,.F.);
#3506=ORIENTED_EDGE('',*,*,#2189,.F.);
#3508=ORIENTED_EDGE('',*,*,#3507,.T.);
#3509=ORIENTED_EDGE('',*,*,#2468,.F.);
#3510=EDGE_LOOP('',(#3505,#3506,#3508,#3509));
#3511=FACE_OUTER_BOUND('',#3510,.F.);
#3512=ADVANCED_FACE('',(#3511),#3504,.F.);
#3513=CARTESIAN_POINT('',(2.052270469899E-1,1.671440167076E0,1.8345E2));
#3514=DIRECTION('',(1.055419473314E-1,8.595701817499E-1,5.E-1));
#3515=DIRECTION('',(-6.093467170259E-2,-4.962730758206E-1,8.660254037844E-1));
#3516=AXIS2_PLACEMENT_3D('',#3513,#3514,#3515);
#3517=PLANE('',#3516);
#3519=ORIENTED_EDGE('',*,*,#3518,.T.);
#3520=ORIENTED_EDGE('',*,*,#2470,.F.);
#3521=ORIENTED_EDGE('',*,*,#3507,.F.);
#3522=ORIENTED_EDGE('',*,*,#2187,.F.);
#3523=EDGE_LOOP('',(#3519,#3520,#3521,#3522));
#3524=FACE_OUTER_BOUND('',#3523,.F.);
#3525=ADVANCED_FACE('',(#3524),#3517,.F.);
#3526=CARTESIAN_POINT('',(-7.841114597966E1,9.627678129007E0,3.4E2));
#3527=DIRECTION('',(1.218693434052E-1,9.925461516413E-1,0.E0));
#3528=DIRECTION('',(-9.925461516413E-1,1.218693434052E-1,0.E0));
#3529=AXIS2_PLACEMENT_3D('',#3526,#3527,#3528);
#3530=PLANE('',#3529);
#3531=ORIENTED_EDGE('',*,*,#2472,.T.);
#3532=ORIENTED_EDGE('',*,*,#3518,.F.);
#3533=ORIENTED_EDGE('',*,*,#2185,.T.);
#3535=ORIENTED_EDGE('',*,*,#3534,.T.);
#3536=EDGE_LOOP('',(#3531,#3532,#3533,#3535));
#3537=FACE_OUTER_BOUND('',#3536,.F.);
#3538=ADVANCED_FACE('',(#3537),#3530,.F.);
#3539=CARTESIAN_POINT('',(-2.110838946628E-2,-1.719140363500E-1,
1.894332396192E2));
#3540=DIRECTION('',(1.055419473314E-1,8.595701817499E-1,-5.E-1));
#3541=DIRECTION('',(6.093467170259E-2,4.962730758206E-1,8.660254037844E-1));
#3542=AXIS2_PLACEMENT_3D('',#3539,#3540,#3541);
#3543=PLANE('',#3542);
#3544=ORIENTED_EDGE('',*,*,#3534,.F.);
#3545=ORIENTED_EDGE('',*,*,#2183,.F.);
#3547=ORIENTED_EDGE('',*,*,#3546,.T.);
#3548=ORIENTED_EDGE('',*,*,#2474,.F.);
#3549=EDGE_LOOP('',(#3544,#3545,#3547,#3548));
#3550=FACE_OUTER_BOUND('',#3549,.F.);
#3551=ADVANCED_FACE('',(#3550),#3543,.F.);
#3552=CARTESIAN_POINT('',(2.052270469899E-1,1.671440167076E0,1.9245E2));
#3553=DIRECTION('',(1.055419473314E-1,8.595701817499E-1,5.E-1));
#3554=DIRECTION('',(-6.093467170259E-2,-4.962730758206E-1,8.660254037844E-1));
#3555=AXIS2_PLACEMENT_3D('',#3552,#3553,#3554);
#3556=PLANE('',#3555);
#3558=ORIENTED_EDGE('',*,*,#3557,.T.);
#3559=ORIENTED_EDGE('',*,*,#2476,.F.);
#3560=ORIENTED_EDGE('',*,*,#3546,.F.);
#3561=ORIENTED_EDGE('',*,*,#2181,.F.);
#3562=EDGE_LOOP('',(#3558,#3559,#3560,#3561));
#3563=FACE_OUTER_BOUND('',#3562,.F.);
#3564=ADVANCED_FACE('',(#3563),#3556,.F.);
#3565=CARTESIAN_POINT('',(-7.841114597966E1,9.627678129007E0,3.4E2));
#3566=DIRECTION('',(1.218693434052E-1,9.925461516413E-1,0.E0));
#3567=DIRECTION('',(-9.925461516413E-1,1.218693434052E-1,0.E0));
#3568=AXIS2_PLACEMENT_3D('',#3565,#3566,#3567);
#3569=PLANE('',#3568);
#3570=ORIENTED_EDGE('',*,*,#2478,.T.);
#3571=ORIENTED_EDGE('',*,*,#3557,.F.);
#3572=ORIENTED_EDGE('',*,*,#2179,.T.);
#3574=ORIENTED_EDGE('',*,*,#3573,.T.);
#3575=EDGE_LOOP('',(#3570,#3571,#3572,#3574));
#3576=FACE_OUTER_BOUND('',#3575,.F.);
#3577=ADVANCED_FACE('',(#3576),#3569,.F.);
#3578=CARTESIAN_POINT('',(-2.110838946628E-2,-1.719140363500E-1,
1.984332396192E2));
#3579=DIRECTION('',(1.055419473314E-1,8.595701817499E-1,-5.E-1));
#3580=DIRECTION('',(6.093467170259E-2,4.962730758206E-1,8.660254037844E-1));
#3581=AXIS2_PLACEMENT_3D('',#3578,#3579,#3580);
#3582=PLANE('',#3581);
#3583=ORIENTED_EDGE('',*,*,#3573,.F.);
#3584=ORIENTED_EDGE('',*,*,#2177,.F.);
#3586=ORIENTED_EDGE('',*,*,#3585,.T.);
#3587=ORIENTED_EDGE('',*,*,#2480,.F.);
#3588=EDGE_LOOP('',(#3583,#3584,#3586,#3587));
#3589=FACE_OUTER_BOUND('',#3588,.F.);
#3590=ADVANCED_FACE('',(#3589),#3582,.F.);
#3591=CARTESIAN_POINT('',(2.052270469899E-1,1.671440167076E0,2.0145E2));
#3592=DIRECTION('',(1.055419473314E-1,8.595701817499E-1,5.E-1));
#3593=DIRECTION('',(-6.093467170259E-2,-4.962730758206E-1,8.660254037844E-1));
#3594=AXIS2_PLACEMENT_3D('',#3591,#3592,#3593);
#3595=PLANE('',#3594);
#3597=ORIENTED_EDGE('',*,*,#3596,.T.);
#3598=ORIENTED_EDGE('',*,*,#2482,.F.);
#3599=ORIENTED_EDGE('',*,*,#3585,.F.);
#3600=ORIENTED_EDGE('',*,*,#2175,.F.);
#3601=EDGE_LOOP('',(#3597,#3598,#3599,#3600));
#3602=FACE_OUTER_BOUND('',#3601,.F.);
#3603=ADVANCED_FACE('',(#3602),#3595,.F.);
#3604=CARTESIAN_POINT('',(-7.841114597966E1,9.627678129007E0,3.4E2));
#3605=DIRECTION('',(1.218693434052E-1,9.925461516413E-1,0.E0));
#3606=DIRECTION('',(-9.925461516413E-1,1.218693434052E-1,0.E0));
#3607=AXIS2_PLACEMENT_3D('',#3604,#3605,#3606);
#3608=PLANE('',#3607);
#3609=ORIENTED_EDGE('',*,*,#2484,.T.);
#3610=ORIENTED_EDGE('',*,*,#3596,.F.);
#3611=ORIENTED_EDGE('',*,*,#2173,.T.);
#3613=ORIENTED_EDGE('',*,*,#3612,.T.);
#3614=EDGE_LOOP('',(#3609,#3610,#3611,#3613));
#3615=FACE_OUTER_BOUND('',#3614,.F.);
#3616=ADVANCED_FACE('',(#3615),#3608,.F.);
#3617=CARTESIAN_POINT('',(-2.110838946628E-2,-1.719140363500E-1,
2.074332396192E2));
#3618=DIRECTION('',(1.055419473314E-1,8.595701817499E-1,-5.E-1));
#3619=DIRECTION('',(6.093467170259E-2,4.962730758206E-1,8.660254037844E-1));
#3620=AXIS2_PLACEMENT_3D('',#3617,#3618,#3619);
#3621=PLANE('',#3620);
#3622=ORIENTED_EDGE('',*,*,#3612,.F.);
#3623=ORIENTED_EDGE('',*,*,#2171,.F.);
#3625=ORIENTED_EDGE('',*,*,#3624,.T.);
#3626=ORIENTED_EDGE('',*,*,#2486,.F.);
#3627=EDGE_LOOP('',(#3622,#3623,#3625,#3626));
#3628=FACE_OUTER_BOUND('',#3627,.F.);
#3629=ADVANCED_FACE('',(#3628),#3621,.F.);
#3630=CARTESIAN_POINT('',(2.052270469899E-1,1.671440167076E0,2.1045E2));
#3631=DIRECTION('',(1.055419473314E-1,8.595701817499E-1,5.E-1));
#3632=DIRECTION('',(-6.093467170259E-2,-4.962730758206E-1,8.660254037844E-1));
#3633=AXIS2_PLACEMENT_3D('',#3630,#3631,#3632);
#3634=PLANE('',#3633);
#3636=ORIENTED_EDGE('',*,*,#3635,.T.);
#3637=ORIENTED_EDGE('',*,*,#2488,.F.);
#3638=ORIENTED_EDGE('',*,*,#3624,.F.);
#3639=ORIENTED_EDGE('',*,*,#2169,.F.);
#3640=EDGE_LOOP('',(#3636,#3637,#3638,#3639));
#3641=FACE_OUTER_BOUND('',#3640,.F.);
#3642=ADVANCED_FACE('',(#3641),#3634,.F.);
#3643=CARTESIAN_POINT('',(-7.841114597966E1,9.627678129007E0,3.4E2));
#3644=DIRECTION('',(1.218693434052E-1,9.925461516413E-1,0.E0));
#3645=DIRECTION('',(-9.925461516413E-1,1.218693434052E-1,0.E0));
#3646=AXIS2_PLACEMENT_3D('',#3643,#3644,#3645);
#3647=PLANE('',#3646);
#3648=ORIENTED_EDGE('',*,*,#2490,.T.);
#3649=ORIENTED_EDGE('',*,*,#3635,.F.);
#3650=ORIENTED_EDGE('',*,*,#2167,.T.);
#3652=ORIENTED_EDGE('',*,*,#3651,.T.);
#3653=EDGE_LOOP('',(#3648,#3649,#3650,#3652));
#3654=FACE_OUTER_BOUND('',#3653,.F.);
#3655=ADVANCED_FACE('',(#3654),#3647,.F.);
#3656=CARTESIAN_POINT('',(-2.110838946628E-2,-1.719140363500E-1,
2.164332396192E2));
#3657=DIRECTION('',(1.055419473314E-1,8.595701817499E-1,-5.E-1));
#3658=DIRECTION('',(6.093467170259E-2,4.962730758206E-1,8.660254037844E-1));
#3659=AXIS2_PLACEMENT_3D('',#3656,#3657,#3658);
#3660=PLANE('',#3659);
#3661=ORIENTED_EDGE('',*,*,#3651,.F.);
#3662=ORIENTED_EDGE('',*,*,#2165,.F.);
#3664=ORIENTED_EDGE('',*,*,#3663,.T.);
#3665=ORIENTED_EDGE('',*,*,#2492,.F.);
#3666=EDGE_LOOP('',(#3661,#3662,#3664,#3665));
#3667=FACE_OUTER_BOUND('',#3666,.F.);
#3668=ADVANCED_FACE('',(#3667),#3660,.F.);
#3669=CARTESIAN_POINT('',(2.052270469899E-1,1.671440167076E0,2.1945E2));
#3670=DIRECTION('',(1.055419473314E-1,8.595701817499E-1,5.E-1));
#3671=DIRECTION('',(-6.093467170259E-2,-4.962730758206E-1,8.660254037844E-1));
#3672=AXIS2_PLACEMENT_3D('',#3669,#3670,#3671);
#3673=PLANE('',#3672);
#3675=ORIENTED_EDGE('',*,*,#3674,.T.);
#3676=ORIENTED_EDGE('',*,*,#2494,.F.);
#3677=ORIENTED_EDGE('',*,*,#3663,.F.);
#3678=ORIENTED_EDGE('',*,*,#2163,.F.);
#3679=EDGE_LOOP('',(#3675,#3676,#3677,#3678));
#3680=FACE_OUTER_BOUND('',#3679,.F.);
#3681=ADVANCED_FACE('',(#3680),#3673,.F.);
#3682=CARTESIAN_POINT('',(-7.841114597966E1,9.627678129007E0,3.4E2));
#3683=DIRECTION('',(1.218693434052E-1,9.925461516413E-1,0.E0));
#3684=DIRECTION('',(-9.925461516413E-1,1.218693434052E-1,0.E0));
#3685=AXIS2_PLACEMENT_3D('',#3682,#3683,#3684);
#3686=PLANE('',#3685);
#3687=ORIENTED_EDGE('',*,*,#2496,.T.);
#3688=ORIENTED_EDGE('',*,*,#3674,.F.);
#3689=ORIENTED_EDGE('',*,*,#2161,.T.);
#3691=ORIENTED_EDGE('',*,*,#3690,.T.);
#3692=EDGE_LOOP('',(#3687,#3688,#3689,#3691));
#3693=FACE_OUTER_BOUND('',#3692,.F.);
#3694=ADVANCED_FACE('',(#3693),#3686,.F.);
#3695=CARTESIAN_POINT('',(-2.110838946628E-2,-1.719140363500E-1,
2.254332396192E2));
#3696=DIRECTION('',(1.055419473314E-1,8.595701817499E-1,-5.E-1));
#3697=DIRECTION('',(6.093467170259E-2,4.962730758206E-1,8.660254037844E-1));
#3698=AXIS2_PLACEMENT_3D('',#3695,#3696,#3697);
#3699=PLANE('',#3698);
#3700=ORIENTED_EDGE('',*,*,#3690,.F.);
#3701=ORIENTED_EDGE('',*,*,#2159,.F.);
#3703=ORIENTED_EDGE('',*,*,#3702,.T.);
#3704=ORIENTED_EDGE('',*,*,#2498,.F.);
#3705=EDGE_LOOP('',(#3700,#3701,#3703,#3704));
#3706=FACE_OUTER_BOUND('',#3705,.F.);
#3707=ADVANCED_FACE('',(#3706),#3699,.F.);
#3708=CARTESIAN_POINT('',(2.052270469899E-1,1.671440167076E0,2.2845E2));
#3709=DIRECTION('',(1.055419473314E-1,8.595701817499E-1,5.E-1));
#3710=DIRECTION('',(-6.093467170259E-2,-4.962730758206E-1,8.660254037844E-1));
#3711=AXIS2_PLACEMENT_3D('',#3708,#3709,#3710);
#3712=PLANE('',#3711);
#3714=ORIENTED_EDGE('',*,*,#3713,.T.);
#3715=ORIENTED_EDGE('',*,*,#2500,.F.);
#3716=ORIENTED_EDGE('',*,*,#3702,.F.);
#3717=ORIENTED_EDGE('',*,*,#2157,.F.);
#3718=EDGE_LOOP('',(#3714,#3715,#3716,#3717));
#3719=FACE_OUTER_BOUND('',#3718,.F.);
#3720=ADVANCED_FACE('',(#3719),#3712,.F.);
#3721=CARTESIAN_POINT('',(-7.841114597966E1,9.627678129007E0,3.4E2));
#3722=DIRECTION('',(1.218693434052E-1,9.925461516413E-1,0.E0));
#3723=DIRECTION('',(-9.925461516413E-1,1.218693434052E-1,0.E0));
#3724=AXIS2_PLACEMENT_3D('',#3721,#3722,#3723);
#3725=PLANE('',#3724);
#3726=ORIENTED_EDGE('',*,*,#2502,.T.);
#3727=ORIENTED_EDGE('',*,*,#3713,.F.);
#3728=ORIENTED_EDGE('',*,*,#2155,.T.);
#3730=ORIENTED_EDGE('',*,*,#3729,.T.);
#3731=EDGE_LOOP('',(#3726,#3727,#3728,#3730));
#3732=FACE_OUTER_BOUND('',#3731,.F.);
#3733=ADVANCED_FACE('',(#3732),#3725,.F.);
#3734=CARTESIAN_POINT('',(-2.110838946628E-2,-1.719140363500E-1,
2.344332396192E2));
#3735=DIRECTION('',(1.055419473314E-1,8.595701817499E-1,-5.E-1));
#3736=DIRECTION('',(6.093467170259E-2,4.962730758206E-1,8.660254037844E-1));
#3737=AXIS2_PLACEMENT_3D('',#3734,#3735,#3736);
#3738=PLANE('',#3737);
#3739=ORIENTED_EDGE('',*,*,#3729,.F.);
#3740=ORIENTED_EDGE('',*,*,#2153,.F.);
#3742=ORIENTED_EDGE('',*,*,#3741,.T.);
#3743=ORIENTED_EDGE('',*,*,#2504,.F.);
#3744=EDGE_LOOP('',(#3739,#3740,#3742,#3743));
#3745=FACE_OUTER_BOUND('',#3744,.F.);
#3746=ADVANCED_FACE('',(#3745),#3738,.F.);
#3747=CARTESIAN_POINT('',(2.052270469899E-1,1.671440167076E0,2.3745E2));
#3748=DIRECTION('',(1.055419473314E-1,8.595701817499E-1,5.E-1));
#3749=DIRECTION('',(-6.093467170259E-2,-4.962730758206E-1,8.660254037844E-1));
#3750=AXIS2_PLACEMENT_3D('',#3747,#3748,#3749);
#3751=PLANE('',#3750);
#3753=ORIENTED_EDGE('',*,*,#3752,.T.);
#3754=ORIENTED_EDGE('',*,*,#2506,.F.);
#3755=ORIENTED_EDGE('',*,*,#3741,.F.);
#3756=ORIENTED_EDGE('',*,*,#2151,.F.);
#3757=EDGE_LOOP('',(#3753,#3754,#3755,#3756));
#3758=FACE_OUTER_BOUND('',#3757,.F.);
#3759=ADVANCED_FACE('',(#3758),#3751,.F.);
#3760=CARTESIAN_POINT('',(-7.841114597966E1,9.627678129007E0,3.4E2));
#3761=DIRECTION('',(1.218693434052E-1,9.925461516413E-1,0.E0));
#3762=DIRECTION('',(-9.925461516413E-1,1.218693434052E-1,0.E0));
#3763=AXIS2_PLACEMENT_3D('',#3760,#3761,#3762);
#3764=PLANE('',#3763);
#3765=ORIENTED_EDGE('',*,*,#2508,.T.);
#3766=ORIENTED_EDGE('',*,*,#3752,.F.);
#3767=ORIENTED_EDGE('',*,*,#2149,.T.);
#3769=ORIENTED_EDGE('',*,*,#3768,.T.);
#3770=EDGE_LOOP('',(#3765,#3766,#3767,#3769));
#3771=FACE_OUTER_BOUND('',#3770,.F.);
#3772=ADVANCED_FACE('',(#3771),#3764,.F.);
#3773=CARTESIAN_POINT('',(-2.110838946628E-2,-1.719140363500E-1,
2.434332396192E2));
#3774=DIRECTION('',(1.055419473314E-1,8.595701817499E-1,-5.E-1));
#3775=DIRECTION('',(6.093467170259E-2,4.962730758206E-1,8.660254037844E-1));
#3776=AXIS2_PLACEMENT_3D('',#3773,#3774,#3775);
#3777=PLANE('',#3776);
#3778=ORIENTED_EDGE('',*,*,#3768,.F.);
#3779=ORIENTED_EDGE('',*,*,#2147,.F.);
#3781=ORIENTED_EDGE('',*,*,#3780,.T.);
#3782=ORIENTED_EDGE('',*,*,#2510,.F.);
#3783=EDGE_LOOP('',(#3778,#3779,#3781,#3782));
#3784=FACE_OUTER_BOUND('',#3783,.F.);
#3785=ADVANCED_FACE('',(#3784),#3777,.F.);
#3786=CARTESIAN_POINT('',(2.052270469899E-1,1.671440167076E0,2.4645E2));
#3787=DIRECTION('',(1.055419473314E-1,8.595701817499E-1,5.E-1));
#3788=DIRECTION('',(-6.093467170259E-2,-4.962730758206E-1,8.660254037844E-1));
#3789=AXIS2_PLACEMENT_3D('',#3786,#3787,#3788);
#3790=PLANE('',#3789);
#3792=ORIENTED_EDGE('',*,*,#3791,.T.);
#3793=ORIENTED_EDGE('',*,*,#2512,.F.);
#3794=ORIENTED_EDGE('',*,*,#3780,.F.);
#3795=ORIENTED_EDGE('',*,*,#2145,.F.);
#3796=EDGE_LOOP('',(#3792,#3793,#3794,#3795));
#3797=FACE_OUTER_BOUND('',#3796,.F.);
#3798=ADVANCED_FACE('',(#3797),#3790,.F.);
#3799=CARTESIAN_POINT('',(-7.841114597966E1,9.627678129007E0,3.4E2));
#3800=DIRECTION('',(1.218693434052E-1,9.925461516413E-1,0.E0));
#3801=DIRECTION('',(-9.925461516413E-1,1.218693434052E-1,0.E0));
#3802=AXIS2_PLACEMENT_3D('',#3799,#3800,#3801);
#3803=PLANE('',#3802);
#3804=ORIENTED_EDGE('',*,*,#2514,.T.);
#3805=ORIENTED_EDGE('',*,*,#3791,.F.);
#3806=ORIENTED_EDGE('',*,*,#2143,.T.);
#3808=ORIENTED_EDGE('',*,*,#3807,.T.);
#3809=EDGE_LOOP('',(#3804,#3805,#3806,#3808));
#3810=FACE_OUTER_BOUND('',#3809,.F.);
#3811=ADVANCED_FACE('',(#3810),#3803,.F.);
#3812=CARTESIAN_POINT('',(-2.110838946628E-2,-1.719140363500E-1,
2.524332396192E2));
#3813=DIRECTION('',(1.055419473314E-1,8.595701817499E-1,-5.E-1));
#3814=DIRECTION('',(6.093467170259E-2,4.962730758206E-1,8.660254037844E-1));
#3815=AXIS2_PLACEMENT_3D('',#3812,#3813,#3814);
#3816=PLANE('',#3815);
#3817=ORIENTED_EDGE('',*,*,#3807,.F.);
#3818=ORIENTED_EDGE('',*,*,#2141,.F.);
#3820=ORIENTED_EDGE('',*,*,#3819,.T.);
#3821=ORIENTED_EDGE('',*,*,#2516,.F.);
#3822=EDGE_LOOP('',(#3817,#3818,#3820,#3821));
#3823=FACE_OUTER_BOUND('',#3822,.F.);
#3824=ADVANCED_FACE('',(#3823),#3816,.F.);
#3825=CARTESIAN_POINT('',(2.052270469899E-1,1.671440167076E0,2.5545E2));
#3826=DIRECTION('',(1.055419473314E-1,8.595701817499E-1,5.E-1));
#3827=DIRECTION('',(-6.093467170259E-2,-4.962730758206E-1,8.660254037844E-1));
#3828=AXIS2_PLACEMENT_3D('',#3825,#3826,#3827);
#3829=PLANE('',#3828);
#3831=ORIENTED_EDGE('',*,*,#3830,.T.);
#3832=ORIENTED_EDGE('',*,*,#2518,.F.);
#3833=ORIENTED_EDGE('',*,*,#3819,.F.);
#3834=ORIENTED_EDGE('',*,*,#2139,.F.);
#3835=EDGE_LOOP('',(#3831,#3832,#3833,#3834));
#3836=FACE_OUTER_BOUND('',#3835,.F.);
#3837=ADVANCED_FACE('',(#3836),#3829,.F.);
#3838=CARTESIAN_POINT('',(-7.841114597966E1,9.627678129007E0,3.4E2));
#3839=DIRECTION('',(1.218693434052E-1,9.925461516413E-1,0.E0));
#3840=DIRECTION('',(-9.925461516413E-1,1.218693434052E-1,0.E0));
#3841=AXIS2_PLACEMENT_3D('',#3838,#3839,#3840);
#3842=PLANE('',#3841);
#3843=ORIENTED_EDGE('',*,*,#2520,.T.);
#3844=ORIENTED_EDGE('',*,*,#3830,.F.);
#3845=ORIENTED_EDGE('',*,*,#2137,.T.);
#3847=ORIENTED_EDGE('',*,*,#3846,.T.);
#3848=EDGE_LOOP('',(#3843,#3844,#3845,#3847));
#3849=FACE_OUTER_BOUND('',#3848,.F.);
#3850=ADVANCED_FACE('',(#3849),#3842,.F.);
#3851=CARTESIAN_POINT('',(-2.110838946628E-2,-1.719140363500E-1,
2.614332396192E2));
#3852=DIRECTION('',(1.055419473314E-1,8.595701817499E-1,-5.E-1));
#3853=DIRECTION('',(6.093467170259E-2,4.962730758206E-1,8.660254037844E-1));
#3854=AXIS2_PLACEMENT_3D('',#3851,#3852,#3853);
#3855=PLANE('',#3854);
#3856=ORIENTED_EDGE('',*,*,#3846,.F.);
#3857=ORIENTED_EDGE('',*,*,#2135,.F.);
#3859=ORIENTED_EDGE('',*,*,#3858,.T.);
#3860=ORIENTED_EDGE('',*,*,#2522,.F.);
#3861=EDGE_LOOP('',(#3856,#3857,#3859,#3860));
#3862=FACE_OUTER_BOUND('',#3861,.F.);
#3863=ADVANCED_FACE('',(#3862),#3855,.F.);
#3864=CARTESIAN_POINT('',(2.052270469899E-1,1.671440167076E0,2.6445E2));
#3865=DIRECTION('',(1.055419473314E-1,8.595701817499E-1,5.E-1));
#3866=DIRECTION('',(-6.093467170259E-2,-4.962730758206E-1,8.660254037844E-1));
#3867=AXIS2_PLACEMENT_3D('',#3864,#3865,#3866);
#3868=PLANE('',#3867);
#3870=ORIENTED_EDGE('',*,*,#3869,.T.);
#3871=ORIENTED_EDGE('',*,*,#2524,.F.);
#3872=ORIENTED_EDGE('',*,*,#3858,.F.);
#3873=ORIENTED_EDGE('',*,*,#2133,.F.);
#3874=EDGE_LOOP('',(#3870,#3871,#3872,#3873));
#3875=FACE_OUTER_BOUND('',#3874,.F.);
#3876=ADVANCED_FACE('',(#3875),#3868,.F.);
#3877=CARTESIAN_POINT('',(-7.841114597966E1,9.627678129007E0,3.4E2));
#3878=DIRECTION('',(1.218693434052E-1,9.925461516413E-1,0.E0));
#3879=DIRECTION('',(-9.925461516413E-1,1.218693434052E-1,0.E0));
#3880=AXIS2_PLACEMENT_3D('',#3877,#3878,#3879);
#3881=PLANE('',#3880);
#3882=ORIENTED_EDGE('',*,*,#2526,.T.);
#3883=ORIENTED_EDGE('',*,*,#3869,.F.);
#3884=ORIENTED_EDGE('',*,*,#2131,.T.);
#3886=ORIENTED_EDGE('',*,*,#3885,.T.);
#3887=EDGE_LOOP('',(#3882,#3883,#3884,#3886));
#3888=FACE_OUTER_BOUND('',#3887,.F.);
#3889=ADVANCED_FACE('',(#3888),#3881,.F.);
#3890=CARTESIAN_POINT('',(-2.110838946628E-2,-1.719140363500E-1,
2.704332396192E2));
#3891=DIRECTION('',(1.055419473314E-1,8.595701817499E-1,-5.E-1));
#3892=DIRECTION('',(6.093467170259E-2,4.962730758206E-1,8.660254037844E-1));
#3893=AXIS2_PLACEMENT_3D('',#3890,#3891,#3892);
#3894=PLANE('',#3893);
#3895=ORIENTED_EDGE('',*,*,#3885,.F.);
#3896=ORIENTED_EDGE('',*,*,#2129,.F.);
#3898=ORIENTED_EDGE('',*,*,#3897,.T.);
#3899=ORIENTED_EDGE('',*,*,#2528,.F.);
#3900=EDGE_LOOP('',(#3895,#3896,#3898,#3899));
#3901=FACE_OUTER_BOUND('',#3900,.F.);
#3902=ADVANCED_FACE('',(#3901),#3894,.F.);
#3903=CARTESIAN_POINT('',(2.052270469899E-1,1.671440167076E0,2.7345E2));
#3904=DIRECTION('',(1.055419473314E-1,8.595701817499E-1,5.E-1));
#3905=DIRECTION('',(-6.093467170259E-2,-4.962730758206E-1,8.660254037844E-1));
#3906=AXIS2_PLACEMENT_3D('',#3903,#3904,#3905);
#3907=PLANE('',#3906);
#3909=ORIENTED_EDGE('',*,*,#3908,.T.);
#3910=ORIENTED_EDGE('',*,*,#2530,.F.);
#3911=ORIENTED_EDGE('',*,*,#3897,.F.);
#3912=ORIENTED_EDGE('',*,*,#2127,.F.);
#3913=EDGE_LOOP('',(#3909,#3910,#3911,#3912));
#3914=FACE_OUTER_BOUND('',#3913,.F.);
#3915=ADVANCED_FACE('',(#3914),#3907,.F.);
#3916=CARTESIAN_POINT('',(-7.841114597966E1,9.627678129007E0,3.4E2));
#3917=DIRECTION('',(1.218693434052E-1,9.925461516413E-1,0.E0));
#3918=DIRECTION('',(-9.925461516413E-1,1.218693434052E-1,0.E0));
#3919=AXIS2_PLACEMENT_3D('',#3916,#3917,#3918);
#3920=PLANE('',#3919);
#3921=ORIENTED_EDGE('',*,*,#2532,.T.);
#3922=ORIENTED_EDGE('',*,*,#3908,.F.);
#3923=ORIENTED_EDGE('',*,*,#2125,.T.);
#3925=ORIENTED_EDGE('',*,*,#3924,.T.);
#3926=EDGE_LOOP('',(#3921,#3922,#3923,#3925));
#3927=FACE_OUTER_BOUND('',#3926,.F.);
#3928=ADVANCED_FACE('',(#3927),#3920,.F.);
#3929=CARTESIAN_POINT('',(-2.110838946628E-2,-1.719140363500E-1,
2.794332396192E2));
#3930=DIRECTION('',(1.055419473314E-1,8.595701817499E-1,-5.E-1));
#3931=DIRECTION('',(6.093467170259E-2,4.962730758206E-1,8.660254037844E-1));
#3932=AXIS2_PLACEMENT_3D('',#3929,#3930,#3931);
#3933=PLANE('',#3932);
#3934=ORIENTED_EDGE('',*,*,#3924,.F.);
#3935=ORIENTED_EDGE('',*,*,#2123,.F.);
#3937=ORIENTED_EDGE('',*,*,#3936,.T.);
#3938=ORIENTED_EDGE('',*,*,#2534,.F.);
#3939=EDGE_LOOP('',(#3934,#3935,#3937,#3938));
#3940=FACE_OUTER_BOUND('',#3939,.F.);
#3941=ADVANCED_FACE('',(#3940),#3933,.F.);
#3942=CARTESIAN_POINT('',(2.052270469899E-1,1.671440167076E0,2.8245E2));
#3943=DIRECTION('',(1.055419473314E-1,8.595701817499E-1,5.E-1));
#3944=DIRECTION('',(-6.093467170259E-2,-4.962730758206E-1,8.660254037844E-1));
#3945=AXIS2_PLACEMENT_3D('',#3942,#3943,#3944);
#3946=PLANE('',#3945);
#3948=ORIENTED_EDGE('',*,*,#3947,.T.);
#3949=ORIENTED_EDGE('',*,*,#2536,.F.);
#3950=ORIENTED_EDGE('',*,*,#3936,.F.);
#3951=ORIENTED_EDGE('',*,*,#2121,.F.);
#3952=EDGE_LOOP('',(#3948,#3949,#3950,#3951));
#3953=FACE_OUTER_BOUND('',#3952,.F.);
#3954=ADVANCED_FACE('',(#3953),#3946,.F.);
#3955=CARTESIAN_POINT('',(-7.841114597966E1,9.627678129007E0,3.4E2));
#3956=DIRECTION('',(1.218693434052E-1,9.925461516413E-1,0.E0));
#3957=DIRECTION('',(-9.925461516413E-1,1.218693434052E-1,0.E0));
#3958=AXIS2_PLACEMENT_3D('',#3955,#3956,#3957);
#3959=PLANE('',#3958);
#3960=ORIENTED_EDGE('',*,*,#2538,.T.);
#3961=ORIENTED_EDGE('',*,*,#3947,.F.);
#3962=ORIENTED_EDGE('',*,*,#2119,.T.);
#3964=ORIENTED_EDGE('',*,*,#3963,.T.);
#3965=EDGE_LOOP('',(#3960,#3961,#3962,#3964));
#3966=FACE_OUTER_BOUND('',#3965,.F.);
#3967=ADVANCED_FACE('',(#3966),#3959,.F.);
#3968=CARTESIAN_POINT('',(-2.110838946628E-2,-1.719140363500E-1,
2.884332396192E2));
#3969=DIRECTION('',(1.055419473314E-1,8.595701817499E-1,-5.E-1));
#3970=DIRECTION('',(6.093467170259E-2,4.962730758206E-1,8.660254037844E-1));
#3971=AXIS2_PLACEMENT_3D('',#3968,#3969,#3970);
#3972=PLANE('',#3971);
#3973=ORIENTED_EDGE('',*,*,#3963,.F.);
#3974=ORIENTED_EDGE('',*,*,#2117,.F.);
#3976=ORIENTED_EDGE('',*,*,#3975,.T.);
#3977=ORIENTED_EDGE('',*,*,#2540,.F.);
#3978=EDGE_LOOP('',(#3973,#3974,#3976,#3977));
#3979=FACE_OUTER_BOUND('',#3978,.F.);
#3980=ADVANCED_FACE('',(#3979),#3972,.F.);
#3981=CARTESIAN_POINT('',(2.052270469899E-1,1.671440167076E0,2.9145E2));
#3982=DIRECTION('',(1.055419473314E-1,8.595701817499E-1,5.E-1));
#3983=DIRECTION('',(-6.093467170259E-2,-4.962730758206E-1,8.660254037844E-1));
#3984=AXIS2_PLACEMENT_3D('',#3981,#3982,#3983);
#3985=PLANE('',#3984);
#3987=ORIENTED_EDGE('',*,*,#3986,.T.);
#3988=ORIENTED_EDGE('',*,*,#2542,.F.);
#3989=ORIENTED_EDGE('',*,*,#3975,.F.);
#3990=ORIENTED_EDGE('',*,*,#2115,.F.);
#3991=EDGE_LOOP('',(#3987,#3988,#3989,#3990));
#3992=FACE_OUTER_BOUND('',#3991,.F.);
#3993=ADVANCED_FACE('',(#3992),#3985,.F.);
#3994=CARTESIAN_POINT('',(-7.841114597966E1,9.627678129007E0,3.4E2));
#3995=DIRECTION('',(1.218693434052E-1,9.925461516413E-1,0.E0));
#3996=DIRECTION('',(-9.925461516413E-1,1.218693434052E-1,0.E0));
#3997=AXIS2_PLACEMENT_3D('',#3994,#3995,#3996);
#3998=PLANE('',#3997);
#3999=ORIENTED_EDGE('',*,*,#2544,.T.);
#4000=ORIENTED_EDGE('',*,*,#3986,.F.);
#4001=ORIENTED_EDGE('',*,*,#2113,.T.);
#4003=ORIENTED_EDGE('',*,*,#4002,.T.);
#4004=EDGE_LOOP('',(#3999,#4000,#4001,#4003));
#4005=FACE_OUTER_BOUND('',#4004,.F.);
#4006=ADVANCED_FACE('',(#4005),#3998,.F.);
#4007=CARTESIAN_POINT('',(-2.110838946628E-2,-1.719140363500E-1,
2.974332396192E2));
#4008=DIRECTION('',(1.055419473314E-1,8.595701817499E-1,-5.E-1));
#4009=DIRECTION('',(6.093467170259E-2,4.962730758206E-1,8.660254037844E-1));
#4010=AXIS2_PLACEMENT_3D('',#4007,#4008,#4009);
#4011=PLANE('',#4010);
#4012=ORIENTED_EDGE('',*,*,#4002,.F.);
#4013=ORIENTED_EDGE('',*,*,#2111,.F.);
#4015=ORIENTED_EDGE('',*,*,#4014,.T.);
#4016=ORIENTED_EDGE('',*,*,#2546,.F.);
#4017=EDGE_LOOP('',(#4012,#4013,#4015,#4016));
#4018=FACE_OUTER_BOUND('',#4017,.F.);
#4019=ADVANCED_FACE('',(#4018),#4011,.F.);
#4020=CARTESIAN_POINT('',(2.052270469899E-1,1.671440167076E0,3.0045E2));
#4021=DIRECTION('',(1.055419473314E-1,8.595701817499E-1,5.E-1));
#4022=DIRECTION('',(-6.093467170259E-2,-4.962730758206E-1,8.660254037844E-1));
#4023=AXIS2_PLACEMENT_3D('',#4020,#4021,#4022);
#4024=PLANE('',#4023);
#4026=ORIENTED_EDGE('',*,*,#4025,.T.);
#4027=ORIENTED_EDGE('',*,*,#2548,.F.);
#4028=ORIENTED_EDGE('',*,*,#4014,.F.);
#4029=ORIENTED_EDGE('',*,*,#2109,.F.);
#4030=EDGE_LOOP('',(#4026,#4027,#4028,#4029));
#4031=FACE_OUTER_BOUND('',#4030,.F.);
#4032=ADVANCED_FACE('',(#4031),#4024,.F.);
#4033=CARTESIAN_POINT('',(-7.841114597966E1,9.627678129007E0,3.4E2));
#4034=DIRECTION('',(1.218693434052E-1,9.925461516413E-1,0.E0));
#4035=DIRECTION('',(-9.925461516413E-1,1.218693434052E-1,0.E0));
#4036=AXIS2_PLACEMENT_3D('',#4033,#4034,#4035);
#4037=PLANE('',#4036);
#4038=ORIENTED_EDGE('',*,*,#2550,.T.);
#4039=ORIENTED_EDGE('',*,*,#4025,.F.);
#4040=ORIENTED_EDGE('',*,*,#2107,.T.);
#4042=ORIENTED_EDGE('',*,*,#4041,.T.);
#4043=EDGE_LOOP('',(#4038,#4039,#4040,#4042));
#4044=FACE_OUTER_BOUND('',#4043,.F.);
#4045=ADVANCED_FACE('',(#4044),#4037,.F.);
#4046=CARTESIAN_POINT('',(-2.110838946628E-2,-1.719140363500E-1,
3.064332396192E2));
#4047=DIRECTION('',(1.055419473314E-1,8.595701817499E-1,-5.E-1));
#4048=DIRECTION('',(6.093467170259E-2,4.962730758206E-1,8.660254037844E-1));
#4049=AXIS2_PLACEMENT_3D('',#4046,#4047,#4048);
#4050=PLANE('',#4049);
#4051=ORIENTED_EDGE('',*,*,#4041,.F.);
#4052=ORIENTED_EDGE('',*,*,#2105,.F.);
#4054=ORIENTED_EDGE('',*,*,#4053,.T.);
#4055=ORIENTED_EDGE('',*,*,#2552,.F.);
#4056=EDGE_LOOP('',(#4051,#4052,#4054,#4055));
#4057=FACE_OUTER_BOUND('',#4056,.F.);
#4058=ADVANCED_FACE('',(#4057),#4050,.F.);
#4059=CARTESIAN_POINT('',(2.052270469899E-1,1.671440167076E0,3.0945E2));
#4060=DIRECTION('',(1.055419473314E-1,8.595701817499E-1,5.E-1));
#4061=DIRECTION('',(-6.093467170259E-2,-4.962730758206E-1,8.660254037844E-1));
#4062=AXIS2_PLACEMENT_3D('',#4059,#4060,#4061);
#4063=PLANE('',#4062);
#4065=ORIENTED_EDGE('',*,*,#4064,.T.);
#4066=ORIENTED_EDGE('',*,*,#2554,.F.);
#4067=ORIENTED_EDGE('',*,*,#4053,.F.);
#4068=ORIENTED_EDGE('',*,*,#2103,.F.);
#4069=EDGE_LOOP('',(#4065,#4066,#4067,#4068));
#4070=FACE_OUTER_BOUND('',#4069,.F.);
#4071=ADVANCED_FACE('',(#4070),#4063,.F.);
#4072=CARTESIAN_POINT('',(-7.841114597966E1,9.627678129007E0,3.4E2));
#4073=DIRECTION('',(1.218693434052E-1,9.925461516413E-1,0.E0));
#4074=DIRECTION('',(-9.925461516413E-1,1.218693434052E-1,0.E0));
#4075=AXIS2_PLACEMENT_3D('',#4072,#4073,#4074);
#4076=PLANE('',#4075);
#4077=ORIENTED_EDGE('',*,*,#2556,.T.);
#4078=ORIENTED_EDGE('',*,*,#4064,.F.);
#4079=ORIENTED_EDGE('',*,*,#2101,.T.);
#4081=ORIENTED_EDGE('',*,*,#4080,.T.);
#4082=EDGE_LOOP('',(#4077,#4078,#4079,#4081));
#4083=FACE_OUTER_BOUND('',#4082,.F.);
#4084=ADVANCED_FACE('',(#4083),#4076,.F.);
#4085=CARTESIAN_POINT('',(-2.110838946628E-2,-1.719140363500E-1,
3.154332396192E2));
#4086=DIRECTION('',(1.055419473314E-1,8.595701817499E-1,-5.E-1));
#4087=DIRECTION('',(6.093467170259E-2,4.962730758206E-1,8.660254037844E-1));
#4088=AXIS2_PLACEMENT_3D('',#4085,#4086,#4087);
#4089=PLANE('',#4088);
#4090=ORIENTED_EDGE('',*,*,#4080,.F.);
#4091=ORIENTED_EDGE('',*,*,#2099,.F.);
#4093=ORIENTED_EDGE('',*,*,#4092,.T.);
#4094=ORIENTED_EDGE('',*,*,#2558,.F.);
#4095=EDGE_LOOP('',(#4090,#4091,#4093,#4094));
#4096=FACE_OUTER_BOUND('',#4095,.F.);
#4097=ADVANCED_FACE('',(#4096),#4089,.F.);
#4098=CARTESIAN_POINT('',(2.052270469899E-1,1.671440167076E0,3.1845E2));
#4099=DIRECTION('',(1.055419473314E-1,8.595701817499E-1,5.E-1));
#4100=DIRECTION('',(-6.093467170259E-2,-4.962730758206E-1,8.660254037844E-1));
#4101=AXIS2_PLACEMENT_3D('',#4098,#4099,#4100);
#4102=PLANE('',#4101);
#4104=ORIENTED_EDGE('',*,*,#4103,.T.);
#4105=ORIENTED_EDGE('',*,*,#2560,.F.);
#4106=ORIENTED_EDGE('',*,*,#4092,.F.);
#4107=ORIENTED_EDGE('',*,*,#2097,.F.);
#4108=EDGE_LOOP('',(#4104,#4105,#4106,#4107));
#4109=FACE_OUTER_BOUND('',#4108,.F.);
#4110=ADVANCED_FACE('',(#4109),#4102,.F.);
#4111=CARTESIAN_POINT('',(-7.841114597966E1,9.627678129007E0,3.4E2));
#4112=DIRECTION('',(1.218693434052E-1,9.925461516413E-1,0.E0));
#4113=DIRECTION('',(-9.925461516413E-1,1.218693434052E-1,0.E0));
#4114=AXIS2_PLACEMENT_3D('',#4111,#4112,#4113);
#4115=PLANE('',#4114);
#4116=ORIENTED_EDGE('',*,*,#2095,.T.);
#4118=ORIENTED_EDGE('',*,*,#4117,.T.);
#4119=ORIENTED_EDGE('',*,*,#2562,.T.);
#4120=ORIENTED_EDGE('',*,*,#4103,.F.);
#4121=EDGE_LOOP('',(#4116,#4118,#4119,#4120));
#4122=FACE_OUTER_BOUND('',#4121,.F.);
#4123=ADVANCED_FACE('',(#4122),#4115,.F.);
#4124=CARTESIAN_POINT('',(-2.110838946628E-2,-1.719140363500E-1,
3.244332396192E2));
#4125=DIRECTION('',(1.055419473314E-1,8.595701817499E-1,-5.E-1));
#4126=DIRECTION('',(6.093467170259E-2,4.962730758206E-1,8.660254037844E-1));
#4127=AXIS2_PLACEMENT_3D('',#4124,#4125,#4126);
#4128=PLANE('',#4127);
#4129=ORIENTED_EDGE('',*,*,#4117,.F.);
#4130=ORIENTED_EDGE('',*,*,#2093,.F.);
#4132=ORIENTED_EDGE('',*,*,#4131,.T.);
#4133=ORIENTED_EDGE('',*,*,#2564,.F.);
#4134=EDGE_LOOP('',(#4129,#4130,#4132,#4133));
#4135=FACE_OUTER_BOUND('',#4134,.F.);
#4136=ADVANCED_FACE('',(#4135),#4128,.F.);
#4137=CARTESIAN_POINT('',(2.052270469899E-1,1.671440167076E0,3.2745E2));
#4138=DIRECTION('',(1.055419473314E-1,8.595701817499E-1,5.E-1));
#4139=DIRECTION('',(-6.093467170259E-2,-4.962730758206E-1,8.660254037844E-1));
#4140=AXIS2_PLACEMENT_3D('',#4137,#4138,#4139);
#4141=PLANE('',#4140);
#4142=ORIENTED_EDGE('',*,*,#2334,.T.);
#4143=ORIENTED_EDGE('',*,*,#2566,.F.);
#4144=ORIENTED_EDGE('',*,*,#4131,.F.);
#4145=ORIENTED_EDGE('',*,*,#2091,.F.);
#4146=EDGE_LOOP('',(#4142,#4143,#4144,#4145));
#4147=FACE_OUTER_BOUND('',#4146,.F.);
#4148=ADVANCED_FACE('',(#4147),#4141,.F.);
#4152=DIMENSIONAL_EXPONENTS(0.E0,0.E0,0.E0,0.E0,0.E0,0.E0,0.E0);
#4154=PLANE_ANGLE_MEASURE_WITH_UNIT(PLANE_ANGLE_MEASURE(1.745329251994E-2),
#4153);
#4155=(CONVERSION_BASED_UNIT('DEGREE',#4154)NAMED_UNIT(*)PLANE_ANGLE_UNIT());
#4157=UNCERTAINTY_MEASURE_WITH_UNIT(LENGTH_MEASURE(3.573658171361E-2),#4151,
'closure',
'Maximum model space distance between geometric entities at asserted connectivities');
#4158=(GEOMETRIC_REPRESENTATION_CONTEXT(3)GLOBAL_UNCERTAINTY_ASSIGNED_CONTEXT((
#4157))GLOBAL_UNIT_ASSIGNED_CONTEXT((#4151,#4155,#4156))REPRESENTATION_CONTEXT(
'ID1','3'));
#4159=CARTESIAN_POINT('',(0.E0,0.E0,0.E0));
#4160=DIRECTION('',(0.E0,0.E0,1.E0));
#4161=DIRECTION('',(1.E0,0.E0,0.E0));
#4164=APPLICATION_CONTEXT(
'CONFIGURATION CONTROLLED 3D DESIGNS OF MECHANICAL PARTS AND ASSEMBLIES');
#4165=APPLICATION_PROTOCOL_DEFINITION('international standard',
'config_control_design',1994,#4164);
#4166=DESIGN_CONTEXT('',#4164,'design');
#4167=MECHANICAL_CONTEXT('',#4164,'mechanical');
#4168=PRODUCT('_X2_96F64EF6_X0_1_11_3_1','_X2_96F64EF6_X0_1_11_3_1',
'NOT SPECIFIED',(#4167));
#4169=PRODUCT_DEFINITION_FORMATION_WITH_SPECIFIED_SOURCE('4','LAST_VERSION',
#4168,.MADE.);
#4178=CARTESIAN_POINT('',(5.137356409509E1,-6.941405431630E0,-1.7E2));
#4179=DIRECTION('',(0.E0,0.E0,1.E0));
#4180=DIRECTION('',(1.E0,0.E0,0.E0));
#4181=AXIS2_PLACEMENT_3D('',#4178,#4179,#4180);
#4182=ITEM_DEFINED_TRANSFORMATION('','',#4162,#4181);
#4183=CARTESIAN_POINT('',(0.E0,0.E0,0.E0));
#4184=DIRECTION('',(0.E0,0.E0,1.E0));
#4185=DIRECTION('',(1.E0,0.E0,0.E0));
#4187=(REPRESENTATION_RELATIONSHIP('','',#4163,#4175)REPRESENTATION_RELATIONSHIP_WITH_TRANSFORMATION(#4182)SHAPE_REPRESENTATION_RELATIONSHIP());
#4188=CONTEXT_DEPENDENT_SHAPE_REPRESENTATION(#4187,#4177);
#4190=DIMENSIONAL_EXPONENTS(0.E0,0.E0,0.E0,0.E0,0.E0,0.E0,0.E0);
#4192=PLANE_ANGLE_MEASURE_WITH_UNIT(PLANE_ANGLE_MEASURE(1.745329251994E-2),
#4191);
#4193=(CONVERSION_BASED_UNIT('DEGREE',#4192)NAMED_UNIT(*)PLANE_ANGLE_UNIT());
#4195=UNCERTAINTY_MEASURE_WITH_UNIT(LENGTH_MEASURE(8.659907627683E-2),#4189,
'closure',
'Maximum model space distance between geometric entities at asserted connectivities');
#4196=(GEOMETRIC_REPRESENTATION_CONTEXT(3)GLOBAL_UNCERTAINTY_ASSIGNED_CONTEXT((
#4195))GLOBAL_UNIT_ASSIGNED_CONTEXT((#4189,#4193,#4194))REPRESENTATION_CONTEXT(
'ID2','3'));
#4197=CARTESIAN_POINT('',(0.E0,0.E0,0.E0));
#4198=DIRECTION('',(0.E0,0.E0,1.E0));
#4199=DIRECTION('',(1.E0,0.E0,0.E0));
#4201=MECHANICAL_CONTEXT('',#4164,'mechanical');
#4202=PRODUCT('WH80_ASM_7_ASM_2_ASM_1_ASM','WH80_ASM_7_ASM_2_ASM_1_ASM',
'NOT SPECIFIED',(#4201));
#4203=PRODUCT_DEFINITION_FORMATION_WITH_SPECIFIED_SOURCE('2','LAST_VERSION',
#4202,.MADE.);
#4210=CARTESIAN_POINT('',(0.E0,0.E0,0.E0));
#4211=DIRECTION('',(0.E0,0.E0,1.E0));
#4212=DIRECTION('',(1.E0,0.E0,0.E0));
#4213=AXIS2_PLACEMENT_3D('',#4210,#4211,#4212);
#4214=ITEM_DEFINED_TRANSFORMATION('','',#4186,#4213);
#4215=CARTESIAN_POINT('',(0.E0,0.E0,0.E0));
#4216=DIRECTION('',(0.E0,0.E0,1.E0));
#4217=DIRECTION('',(1.E0,0.E0,0.E0));
#4219=(REPRESENTATION_RELATIONSHIP('','',#4175,#4207)REPRESENTATION_RELATIONSHIP_WITH_TRANSFORMATION(#4214)SHAPE_REPRESENTATION_RELATIONSHIP());
#4220=CONTEXT_DEPENDENT_SHAPE_REPRESENTATION(#4219,#4209);
#4221=CARTESIAN_POINT('',(0.E0,3.375E1,-7.5E-1));
#4222=DIRECTION('',(0.E0,0.E0,1.E0));
#4223=DIRECTION('',(1.E0,0.E0,0.E0));
#4224=AXIS2_PLACEMENT_3D('',#4221,#4222,#4223);
#4226=CARTESIAN_POINT('',(0.E0,-3.375E1,-7.5E-1));
#4227=DIRECTION('',(0.E0,0.E0,1.E0));
#4228=DIRECTION('',(-1.E0,0.E0,0.E0));
#4229=AXIS2_PLACEMENT_3D('',#4226,#4227,#4228);
#4231=DIRECTION('',(0.E0,-1.E0,0.E0));
#4232=VECTOR('',#4231,6.75E1);
#4233=CARTESIAN_POINT('',(1.E0,3.375E1,-7.5E-1));
#4234=LINE('',#4233,#4232);
#4235=DIRECTION('',(0.E0,1.E0,0.E0));
#4236=VECTOR('',#4235,6.749999999908E1);
#4237=CARTESIAN_POINT('',(1.5E0,-3.374999999961E1,-2.5E-1));
#4238=LINE('',#4237,#4236);
#4239=CARTESIAN_POINT('',(-1.E0,-3.375E1,-2.5E-1));
#4240=DIRECTION('',(0.E0,1.E0,0.E0));
#4241=DIRECTION('',(0.E0,0.E0,-1.E0));
#4242=AXIS2_PLACEMENT_3D('',#4239,#4240,#4241);
#4244=CARTESIAN_POINT('',(0.E0,-3.375E1,-2.5E-1));
#4245=DIRECTION('',(0.E0,0.E0,1.E0));
#4246=DIRECTION('',(-1.E0,5.917778859536E-10,0.E0));
#4247=AXIS2_PLACEMENT_3D('',#4244,#4245,#4246);
#4249=CARTESIAN_POINT('',(0.E0,-3.375E1,-2.5E-1));
#4250=DIRECTION('',(0.E0,0.E0,1.E0));
#4251=DIRECTION('',(-9.973838938782E-1,-7.228670854597E-2,0.E0));
#4252=AXIS2_PLACEMENT_3D('',#4249,#4250,#4251);
#4254=CARTESIAN_POINT('',(0.E0,-3.375E1,-2.5E-1));
#4255=DIRECTION('',(0.E0,0.E0,1.E0));
#4256=DIRECTION('',(0.E0,-1.E0,0.E0));
#4257=AXIS2_PLACEMENT_3D('',#4254,#4255,#4256);
#4259=CARTESIAN_POINT('',(1.E0,-3.375E1,-2.5E-1));
#4260=DIRECTION('',(0.E0,1.E0,0.E0));
#4261=DIRECTION('',(1.E0,0.E0,0.E0));
#4262=AXIS2_PLACEMENT_3D('',#4259,#4260,#4261);
#4264=DIRECTION('',(0.E0,1.E0,0.E0));
#4265=VECTOR('',#4264,6.75E1);
#4266=CARTESIAN_POINT('',(-1.E0,-3.375E1,-7.5E-1));
#4267=LINE('',#4266,#4265);
#4268=DIRECTION('',(0.E0,-1.E0,0.E0));
#4269=VECTOR('',#4268,6.749999999932E1);
#4270=CARTESIAN_POINT('',(-1.5E0,3.374999999985E1,-2.5E-1));
#4271=LINE('',#4270,#4269);
#4272=CARTESIAN_POINT('',(1.E0,3.375E1,-2.5E-1));
#4273=DIRECTION('',(0.E0,-1.E0,0.E0));
#4274=DIRECTION('',(0.E0,0.E0,-1.E0));
#4275=AXIS2_PLACEMENT_3D('',#4272,#4273,#4274);
#4277=CARTESIAN_POINT('',(0.E0,3.375E1,-2.5E-1));
#4278=DIRECTION('',(0.E0,0.E0,1.E0));
#4279=DIRECTION('',(1.E0,-5.917778859536E-10,0.E0));
#4280=AXIS2_PLACEMENT_3D('',#4277,#4278,#4279);
#4282=CARTESIAN_POINT('',(0.E0,3.375E1,-2.5E-1));
#4283=DIRECTION('',(0.E0,0.E0,1.E0));
#4284=DIRECTION('',(9.973838938782E-1,7.228670854597E-2,0.E0));
#4285=AXIS2_PLACEMENT_3D('',#4282,#4283,#4284);
#4287=CARTESIAN_POINT('',(-1.E0,3.375E1,-2.5E-1));
#4288=DIRECTION('',(0.E0,-1.E0,0.E0));
#4289=DIRECTION('',(-1.E0,0.E0,0.E0));
#4290=AXIS2_PLACEMENT_3D('',#4287,#4288,#4289);
#4292=DIRECTION('',(0.E0,-1.315783038081E-10,1.E0));
#4293=VECTOR('',#4292,1.E0);
#4294=CARTESIAN_POINT('',(1.5E0,3.374999999947E1,-2.5E-1));
#4295=LINE('',#4294,#4293);
#4296=DIRECTION('',(0.E0,-1.491287093813E-10,-1.E0));
#4297=VECTOR('',#4296,1.E0);
#4298=CARTESIAN_POINT('',(-1.5E0,3.375E1,7.5E-1));
#4299=LINE('',#4298,#4297);
#4300=DIRECTION('',(0.E0,1.E0,0.E0));
#4301=VECTOR('',#4300,6.749999999899E1);
#4302=CARTESIAN_POINT('',(1.5E0,-3.374999999965E1,7.5E-1));
#4303=LINE('',#4302,#4301);
#4304=DIRECTION('',(0.E0,1.315783038081E-10,1.E0));
#4305=VECTOR('',#4304,1.E0);
#4306=CARTESIAN_POINT('',(-1.5E0,-3.374999999947E1,-2.5E-1));
#4307=LINE('',#4306,#4305);
#4308=DIRECTION('',(0.E0,3.667821601994E-11,-1.E0));
#4309=VECTOR('',#4308,1.E0);
#4310=CARTESIAN_POINT('',(1.5E0,-3.374999999965E1,7.5E-1));
#4311=LINE('',#4310,#4309);
#4312=DIRECTION('',(0.E0,-1.E0,0.E0));
#4313=VECTOR('',#4312,6.749999999934E1);
#4314=CARTESIAN_POINT('',(-1.5E0,3.375E1,7.5E-1));
#4315=LINE('',#4314,#4313);
#4316=CARTESIAN_POINT('',(0.E0,3.375E1,7.5E-1));
#4317=DIRECTION('',(0.E0,0.E0,-1.E0));
#4318=DIRECTION('',(-1.E0,0.E0,0.E0));
#4319=AXIS2_PLACEMENT_3D('',#4316,#4317,#4318);
#4321=CARTESIAN_POINT('',(0.E0,-3.375E1,7.5E-1));
#4322=DIRECTION('',(0.E0,0.E0,-1.E0));
#4323=DIRECTION('',(1.E0,0.E0,0.E0));
#4324=AXIS2_PLACEMENT_3D('',#4321,#4322,#4323);
#4326=CARTESIAN_POINT('',(0.E0,-3.375E1,7.5E-1));
#4327=DIRECTION('',(0.E0,0.E0,-1.E0));
#4328=DIRECTION('',(0.E0,-1.E0,0.E0));
#4329=AXIS2_PLACEMENT_3D('',#4326,#4327,#4328);
#4331=CARTESIAN_POINT('',(1.E0,3.375E1,-7.5E-1));
#4332=CARTESIAN_POINT('',(1.E0,-3.375E1,-7.5E-1));
#4333=VERTEX_POINT('',#4331);
#4334=VERTEX_POINT('',#4332);
#4335=CARTESIAN_POINT('',(-1.E0,3.375E1,-7.5E-1));
#4336=VERTEX_POINT('',#4335);
#4337=CARTESIAN_POINT('',(-1.E0,-3.375E1,-7.5E-1));
#4338=VERTEX_POINT('',#4337);
#4339=CARTESIAN_POINT('',(1.5E0,-3.375E1,-2.5E-1));
#4340=VERTEX_POINT('',#4339);
#4341=CARTESIAN_POINT('',(1.5E0,3.374999999947E1,-2.5E-1));
#4342=VERTEX_POINT('',#4341);
#4343=CARTESIAN_POINT('',(-1.5E0,-3.375E1,-2.5E-1));
#4344=VERTEX_POINT('',#4343);
#4345=CARTESIAN_POINT('',(-1.496075840817E0,-3.385843006282E1,-2.5E-1));
#4346=VERTEX_POINT('',#4345);
#4347=CARTESIAN_POINT('',(0.E0,-3.525E1,-2.5E-1));
#4348=VERTEX_POINT('',#4347);
#4349=CARTESIAN_POINT('',(-1.5E0,3.375E1,-2.5E-1));
#4350=VERTEX_POINT('',#4349);
#4351=CARTESIAN_POINT('',(1.496075840817E0,3.385843006282E1,-2.5E-1));
#4352=VERTEX_POINT('',#4351);
#4353=CARTESIAN_POINT('',(1.5E0,3.374999999934E1,7.5E-1));
#4354=VERTEX_POINT('',#4353);
#4355=CARTESIAN_POINT('',(-1.5E0,3.375E1,7.5E-1));
#4356=VERTEX_POINT('',#4355);
#4357=CARTESIAN_POINT('',(1.5E0,-3.374999999965E1,7.5E-1));
#4358=VERTEX_POINT('',#4357);
#4359=CARTESIAN_POINT('',(-1.5E0,-3.374999999934E1,7.5E-1));
#4360=VERTEX_POINT('',#4359);
#4361=CARTESIAN_POINT('',(0.E0,-3.525E1,7.5E-1));
#4362=VERTEX_POINT('',#4361);
#4363=CARTESIAN_POINT('',(0.E0,0.E0,-7.5E-1));
#4364=DIRECTION('',(0.E0,0.E0,1.E0));
#4365=DIRECTION('',(1.E0,0.E0,0.E0));
#4366=AXIS2_PLACEMENT_3D('',#4363,#4364,#4365);
#4367=PLANE('',#4366);
#4369=ORIENTED_EDGE('',*,*,#4368,.F.);
#4371=ORIENTED_EDGE('',*,*,#4370,.T.);
#4373=ORIENTED_EDGE('',*,*,#4372,.F.);
#4375=ORIENTED_EDGE('',*,*,#4374,.T.);
#4376=EDGE_LOOP('',(#4369,#4371,#4373,#4375));
#4377=FACE_OUTER_BOUND('',#4376,.F.);
#4378=ADVANCED_FACE('',(#4377),#4367,.F.);
#4379=CARTESIAN_POINT('',(1.E0,3.390416539867E1,-2.5E-1));
#4380=DIRECTION('',(0.E0,-1.E0,0.E0));
#4381=DIRECTION('',(0.E0,0.E0,-1.E0));
#4382=AXIS2_PLACEMENT_3D('',#4379,#4380,#4381);
#4383=CYLINDRICAL_SURFACE('',#4382,5.E-1);
#4384=ORIENTED_EDGE('',*,*,#4368,.T.);
#4386=ORIENTED_EDGE('',*,*,#4385,.F.);
#4388=ORIENTED_EDGE('',*,*,#4387,.T.);
#4390=ORIENTED_EDGE('',*,*,#4389,.F.);
#4391=EDGE_LOOP('',(#4384,#4386,#4388,#4390));
#4392=FACE_OUTER_BOUND('',#4391,.F.);
#4393=ADVANCED_FACE('',(#4392),#4383,.T.);
#4394=CARTESIAN_POINT('',(0.E0,-3.375E1,-2.5E-1));
#4395=DIRECTION('',(0.E0,0.E0,-1.E0));
#4396=DIRECTION('',(9.973838938782E-1,7.228670854526E-2,0.E0));
#4397=AXIS2_PLACEMENT_3D('',#4394,#4395,#4396);
#4398=TOROIDAL_SURFACE('',#4397,1.E0,5.E-1);
#4399=ORIENTED_EDGE('',*,*,#4374,.F.);
#4401=ORIENTED_EDGE('',*,*,#4400,.T.);
#4403=ORIENTED_EDGE('',*,*,#4402,.T.);
#4405=ORIENTED_EDGE('',*,*,#4404,.T.);
#4407=ORIENTED_EDGE('',*,*,#4406,.T.);
#4408=ORIENTED_EDGE('',*,*,#4385,.T.);
#4409=EDGE_LOOP('',(#4399,#4401,#4403,#4405,#4407,#4408));
#4410=FACE_OUTER_BOUND('',#4409,.F.);
#4411=ADVANCED_FACE('',(#4410),#4398,.T.);
#4412=CARTESIAN_POINT('',(-1.E0,-3.390416539867E1,-2.5E-1));
#4413=DIRECTION('',(0.E0,1.E0,0.E0));
#4414=DIRECTION('',(0.E0,0.E0,-1.E0));
#4415=AXIS2_PLACEMENT_3D('',#4412,#4413,#4414);
#4416=CYLINDRICAL_SURFACE('',#4415,5.E-1);
#4417=ORIENTED_EDGE('',*,*,#4372,.T.);
#4419=ORIENTED_EDGE('',*,*,#4418,.F.);
#4421=ORIENTED_EDGE('',*,*,#4420,.T.);
#4422=ORIENTED_EDGE('',*,*,#4400,.F.);
#4423=EDGE_LOOP('',(#4417,#4419,#4421,#4422));
#4424=FACE_OUTER_BOUND('',#4423,.F.);
#4425=ADVANCED_FACE('',(#4424),#4416,.T.);
#4426=CARTESIAN_POINT('',(0.E0,3.375E1,-2.5E-1));
#4427=DIRECTION('',(0.E0,0.E0,-1.E0));
#4428=DIRECTION('',(-9.973838938782E-1,-7.228670854526E-2,0.E0));
#4429=AXIS2_PLACEMENT_3D('',#4426,#4427,#4428);
#4430=TOROIDAL_SURFACE('',#4429,1.E0,5.E-1);
#4431=ORIENTED_EDGE('',*,*,#4370,.F.);
#4432=ORIENTED_EDGE('',*,*,#4389,.T.);
#4434=ORIENTED_EDGE('',*,*,#4433,.T.);
#4436=ORIENTED_EDGE('',*,*,#4435,.T.);
#4437=ORIENTED_EDGE('',*,*,#4418,.T.);
#4438=EDGE_LOOP('',(#4431,#4432,#4434,#4436,#4437));
#4439=FACE_OUTER_BOUND('',#4438,.F.);
#4440=ADVANCED_FACE('',(#4439),#4430,.T.);
#4441=CARTESIAN_POINT('',(0.E0,3.375E1,2.7054E0));
#4442=DIRECTION('',(0.E0,0.E0,-1.E0));
#4443=DIRECTION('',(-1.E0,0.E0,0.E0));
#4444=AXIS2_PLACEMENT_3D('',#4441,#4442,#4443);
#4445=CYLINDRICAL_SURFACE('',#4444,1.5E0);
#4446=ORIENTED_EDGE('',*,*,#4435,.F.);
#4447=ORIENTED_EDGE('',*,*,#4433,.F.);
#4449=ORIENTED_EDGE('',*,*,#4448,.T.);
#4451=ORIENTED_EDGE('',*,*,#4450,.F.);
#4453=ORIENTED_EDGE('',*,*,#4452,.T.);
#4454=EDGE_LOOP('',(#4446,#4447,#4449,#4451,#4453));
#4455=FACE_OUTER_BOUND('',#4454,.F.);
#4456=ADVANCED_FACE('',(#4455),#4445,.T.);
#4457=CARTESIAN_POINT('',(1.5E0,-3.525E1,-7.5E-1));
#4458=DIRECTION('',(1.E0,0.E0,0.E0));
#4459=DIRECTION('',(0.E0,1.E0,0.E0));
#4460=AXIS2_PLACEMENT_3D('',#4457,#4458,#4459);
#4461=PLANE('',#4460);
#4462=ORIENTED_EDGE('',*,*,#4387,.F.);
#4464=ORIENTED_EDGE('',*,*,#4463,.F.);
#4466=ORIENTED_EDGE('',*,*,#4465,.T.);
#4467=ORIENTED_EDGE('',*,*,#4448,.F.);
#4468=EDGE_LOOP('',(#4462,#4464,#4466,#4467));
#4469=FACE_OUTER_BOUND('',#4468,.F.);
#4470=ADVANCED_FACE('',(#4469),#4461,.T.);
#4471=CARTESIAN_POINT('',(0.E0,-3.375E1,2.7054E0));
#4472=DIRECTION('',(0.E0,0.E0,-1.E0));
#4473=DIRECTION('',(0.E0,-1.E0,0.E0));
#4474=AXIS2_PLACEMENT_3D('',#4471,#4472,#4473);
#4475=CYLINDRICAL_SURFACE('',#4474,1.5E0);
#4476=ORIENTED_EDGE('',*,*,#4406,.F.);
#4477=ORIENTED_EDGE('',*,*,#4404,.F.);
#4478=ORIENTED_EDGE('',*,*,#4402,.F.);
#4480=ORIENTED_EDGE('',*,*,#4479,.T.);
#4482=ORIENTED_EDGE('',*,*,#4481,.F.);
#4484=ORIENTED_EDGE('',*,*,#4483,.F.);
#4485=ORIENTED_EDGE('',*,*,#4463,.T.);
#4486=EDGE_LOOP('',(#4476,#4477,#4478,#4480,#4482,#4484,#4485));
#4487=FACE_OUTER_BOUND('',#4486,.F.);
#4488=ADVANCED_FACE('',(#4487),#4475,.T.);
#4489=CARTESIAN_POINT('',(-1.5E0,3.525E1,-7.5E-1));
#4490=DIRECTION('',(-1.E0,0.E0,0.E0));
#4491=DIRECTION('',(0.E0,-1.E0,0.E0));
#4492=AXIS2_PLACEMENT_3D('',#4489,#4490,#4491);
#4493=PLANE('',#4492);
#4494=ORIENTED_EDGE('',*,*,#4420,.F.);
#4495=ORIENTED_EDGE('',*,*,#4452,.F.);
#4497=ORIENTED_EDGE('',*,*,#4496,.T.);
#4498=ORIENTED_EDGE('',*,*,#4479,.F.);
#4499=EDGE_LOOP('',(#4494,#4495,#4497,#4498));
#4500=FACE_OUTER_BOUND('',#4499,.F.);
#4501=ADVANCED_FACE('',(#4500),#4493,.T.);
#4502=CARTESIAN_POINT('',(0.E0,0.E0,7.5E-1));
#4503=DIRECTION('',(0.E0,0.E0,1.E0));
#4504=DIRECTION('',(1.E0,0.E0,0.E0));
#4505=AXIS2_PLACEMENT_3D('',#4502,#4503,#4504);
#4506=PLANE('',#4505);
#4507=ORIENTED_EDGE('',*,*,#4450,.T.);
#4508=ORIENTED_EDGE('',*,*,#4465,.F.);
#4509=ORIENTED_EDGE('',*,*,#4483,.T.);
#4510=ORIENTED_EDGE('',*,*,#4481,.T.);
#4511=ORIENTED_EDGE('',*,*,#4496,.F.);
#4512=EDGE_LOOP('',(#4507,#4508,#4509,#4510,#4511));
#4513=FACE_OUTER_BOUND('',#4512,.F.);
#4514=ADVANCED_FACE('',(#4513),#4506,.T.);
#4518=DIMENSIONAL_EXPONENTS(0.E0,0.E0,0.E0,0.E0,0.E0,0.E0,0.E0);
#4520=PLANE_ANGLE_MEASURE_WITH_UNIT(PLANE_ANGLE_MEASURE(1.745329251994E-2),
#4519);
#4521=(CONVERSION_BASED_UNIT('DEGREE',#4520)NAMED_UNIT(*)PLANE_ANGLE_UNIT());
#4523=UNCERTAINTY_MEASURE_WITH_UNIT(LENGTH_MEASURE(7.057691894643E-3),#4517,
'closure',
'Maximum model space distance between geometric entities at asserted connectivities');
#4524=(GEOMETRIC_REPRESENTATION_CONTEXT(3)GLOBAL_UNCERTAINTY_ASSIGNED_CONTEXT((
#4523))GLOBAL_UNIT_ASSIGNED_CONTEXT((#4517,#4521,#4522))REPRESENTATION_CONTEXT(
'ID3','3'));
#4525=CARTESIAN_POINT('',(0.E0,0.E0,0.E0));
#4526=DIRECTION('',(0.E0,0.E0,1.E0));
#4527=DIRECTION('',(1.E0,0.E0,0.E0));
#4530=DESIGN_CONTEXT('',#4164,'design');
#4531=MECHANICAL_CONTEXT('',#4164,'mechanical');
#4532=PRODUCT('JIANDIANWH80_2_1','JIANDIANWH80_2_1','NOT SPECIFIED',(#4531));
#4533=PRODUCT_DEFINITION_FORMATION_WITH_SPECIFIED_SOURCE('1','LAST_VERSION',
#4532,.MADE.);
#4539=CARTESIAN_POINT('',(1.153028788384E1,-6.691405431630E0,1.6925E2));
#4540=DIRECTION('',(0.E0,1.E0,0.E0));
#4541=DIRECTION('',(0.E0,0.E0,1.E0));
#4542=AXIS2_PLACEMENT_3D('',#4539,#4540,#4541);
#4543=ITEM_DEFINED_TRANSFORMATION('','',#4528,#4542);
#4544=CARTESIAN_POINT('',(0.E0,0.E0,0.E0));
#4545=DIRECTION('',(0.E0,0.E0,1.E0));
#4546=DIRECTION('',(1.E0,0.E0,0.E0));
#4548=(REPRESENTATION_RELATIONSHIP('','',#4529,#4207)REPRESENTATION_RELATIONSHIP_WITH_TRANSFORMATION(#4543)SHAPE_REPRESENTATION_RELATIONSHIP());
#4549=CONTEXT_DEPENDENT_SHAPE_REPRESENTATION(#4548,#4538);
#4550=CARTESIAN_POINT('',(0.E0,-3.375E1,7.5E-1));
#4551=DIRECTION('',(0.E0,0.E0,-1.E0));
#4552=DIRECTION('',(1.E0,0.E0,0.E0));
#4553=AXIS2_PLACEMENT_3D('',#4550,#4551,#4552);
#4555=CARTESIAN_POINT('',(0.E0,-3.375E1,7.5E-1));
#4556=DIRECTION('',(0.E0,0.E0,-1.E0));
#4557=DIRECTION('',(-9.973838938779E-1,-7.228670854963E-2,0.E0));
#4558=AXIS2_PLACEMENT_3D('',#4555,#4556,#4557);
#4560=CARTESIAN_POINT('',(0.E0,3.375E1,7.5E-1));
#4561=DIRECTION('',(0.E0,0.E0,-1.E0));
#4562=DIRECTION('',(-1.E0,0.E0,0.E0));
#4563=AXIS2_PLACEMENT_3D('',#4560,#4561,#4562);
#4565=CARTESIAN_POINT('',(0.E0,3.375E1,7.5E-1));
#4566=DIRECTION('',(0.E0,0.E0,-1.E0));
#4567=DIRECTION('',(9.973838938779E-1,7.228670854963E-2,0.E0));
#4568=AXIS2_PLACEMENT_3D('',#4565,#4566,#4567);
#4570=DIRECTION('',(0.E0,1.E0,0.E0));
#4571=VECTOR('',#4570,6.75E1);
#4572=CARTESIAN_POINT('',(1.E0,-3.375E1,7.5E-1));
#4573=LINE('',#4572,#4571);
#4574=DIRECTION('',(0.E0,-1.E0,0.E0));
#4575=VECTOR('',#4574,6.749999999908E1);
#4576=CARTESIAN_POINT('',(1.5E0,3.374999999947E1,2.5E-1));
#4577=LINE('',#4576,#4575);
#4578=CARTESIAN_POINT('',(-1.E0,3.375E1,2.5E-1));
#4579=DIRECTION('',(0.E0,-1.E0,0.E0));
#4580=DIRECTION('',(0.E0,0.E0,1.E0));
#4581=AXIS2_PLACEMENT_3D('',#4578,#4579,#4580);
#4583=CARTESIAN_POINT('',(0.E0,3.375E1,2.5E-1));
#4584=DIRECTION('',(0.E0,0.E0,-1.E0));
#4585=DIRECTION('',(-1.E0,0.E0,0.E0));
#4586=AXIS2_PLACEMENT_3D('',#4583,#4584,#4585);
#4588=CARTESIAN_POINT('',(0.E0,3.375E1,2.5E-1));
#4589=DIRECTION('',(0.E0,0.E0,-1.E0));
#4590=DIRECTION('',(9.973838938782E-1,7.228670854597E-2,0.E0));
#4591=AXIS2_PLACEMENT_3D('',#4588,#4589,#4590);
#4593=CARTESIAN_POINT('',(1.E0,3.375E1,2.5E-1));
#4594=DIRECTION('',(0.E0,-1.E0,0.E0));
#4595=DIRECTION('',(1.E0,0.E0,0.E0));
#4596=AXIS2_PLACEMENT_3D('',#4593,#4594,#4595);
#4598=DIRECTION('',(0.E0,-1.E0,0.E0));
#4599=VECTOR('',#4598,6.75E1);
#4600=CARTESIAN_POINT('',(-1.E0,3.375E1,7.5E-1));
#4601=LINE('',#4600,#4599);
#4602=DIRECTION('',(0.E0,1.E0,0.E0));
#4603=VECTOR('',#4602,6.749999999932E1);
#4604=CARTESIAN_POINT('',(-1.5E0,-3.374999999947E1,2.5E-1));
#4605=LINE('',#4604,#4603);
#4606=CARTESIAN_POINT('',(1.E0,-3.375E1,2.5E-1));
#4607=DIRECTION('',(0.E0,1.E0,0.E0));
#4608=DIRECTION('',(0.E0,0.E0,1.E0));
#4609=AXIS2_PLACEMENT_3D('',#4606,#4607,#4608);
#4611=CARTESIAN_POINT('',(0.E0,-3.375E1,2.5E-1));
#4612=DIRECTION('',(0.E0,0.E0,-1.E0));
#4613=DIRECTION('',(1.E0,4.340610833727E-10,0.E0));
#4614=AXIS2_PLACEMENT_3D('',#4611,#4612,#4613);
#4616=CARTESIAN_POINT('',(0.E0,-3.375E1,2.5E-1));
#4617=DIRECTION('',(0.E0,0.E0,-1.E0));
#4618=DIRECTION('',(0.E0,-1.E0,0.E0));
#4619=AXIS2_PLACEMENT_3D('',#4616,#4617,#4618);
#4621=CARTESIAN_POINT('',(0.E0,-3.375E1,2.5E-1));
#4622=DIRECTION('',(0.E0,0.E0,-1.E0));
#4623=DIRECTION('',(-9.973838938782E-1,-7.228670854597E-2,0.E0));
#4624=AXIS2_PLACEMENT_3D('',#4621,#4622,#4623);
#4626=CARTESIAN_POINT('',(-1.E0,-3.375E1,2.5E-1));
#4627=DIRECTION('',(0.E0,1.E0,0.E0));
#4628=DIRECTION('',(-1.E0,0.E0,0.E0));
#4629=AXIS2_PLACEMENT_3D('',#4626,#4627,#4628);
#4631=DIRECTION('',(0.E0,9.666223377280E-11,-1.E0));
#4632=VECTOR('',#4631,1.E0);
#4633=CARTESIAN_POINT('',(1.5E0,-3.374999999961E1,2.5E-1));
#4634=LINE('',#4633,#4632);
#4635=DIRECTION('',(0.E0,5.174882744541E-11,1.E0));
#4636=VECTOR('',#4635,1.E0);
#4637=CARTESIAN_POINT('',(-1.5E0,-3.374999999952E1,-7.5E-1));
#4638=LINE('',#4637,#4636);
#4639=DIRECTION('',(0.E0,1.491216039540E-10,-1.E0));
#4640=VECTOR('',#4639,1.E0);
#4641=CARTESIAN_POINT('',(-1.5E0,3.374999999985E1,2.5E-1));
#4642=LINE('',#4641,#4640);
#4643=DIRECTION('',(0.E0,-5.174882744541E-11,1.E0));
#4644=VECTOR('',#4643,1.E0);
#4645=CARTESIAN_POINT('',(1.5E0,3.374999999952E1,-7.5E-1));
#4646=LINE('',#4645,#4644);
#4647=CARTESIAN_POINT('',(0.E0,3.375E1,-7.5E-1));
#4648=DIRECTION('',(0.E0,0.E0,1.E0));
#4649=DIRECTION('',(1.E0,0.E0,0.E0));
#4650=AXIS2_PLACEMENT_3D('',#4647,#4648,#4649);
#4652=DIRECTION('',(0.E0,-1.E0,0.E0));
#4653=VECTOR('',#4652,6.749999999952E1);
#4654=CARTESIAN_POINT('',(-1.5E0,3.375E1,-7.5E-1));
#4655=LINE('',#4654,#4653);
#4656=CARTESIAN_POINT('',(0.E0,-3.375E1,-7.5E-1));
#4657=DIRECTION('',(0.E0,0.E0,1.E0));
#4658=DIRECTION('',(-1.E0,0.E0,0.E0));
#4659=AXIS2_PLACEMENT_3D('',#4656,#4657,#4658);
#4661=CARTESIAN_POINT('',(0.E0,-3.375E1,-7.5E-1));
#4662=DIRECTION('',(0.E0,0.E0,1.E0));
#4663=DIRECTION('',(0.E0,-1.E0,0.E0));
#4664=AXIS2_PLACEMENT_3D('',#4661,#4662,#4663);
#4666=DIRECTION('',(0.E0,1.E0,0.E0));
#4667=VECTOR('',#4666,6.749999999904E1);
#4668=CARTESIAN_POINT('',(1.5E0,-3.374999999952E1,-7.5E-1));
#4669=LINE('',#4668,#4667);
#4670=CARTESIAN_POINT('',(1.E0,-3.375E1,7.5E-1));
#4671=CARTESIAN_POINT('',(1.E0,3.375E1,7.5E-1));
#4672=VERTEX_POINT('',#4670);
#4673=VERTEX_POINT('',#4671);
#4674=CARTESIAN_POINT('',(-9.973838938779E-1,-3.382228670855E1,7.5E-1));
#4675=VERTEX_POINT('',#4674);
#4676=CARTESIAN_POINT('',(-1.E0,-3.375E1,7.5E-1));
#4677=VERTEX_POINT('',#4676);
#4678=CARTESIAN_POINT('',(-1.E0,3.375E1,7.5E-1));
#4679=VERTEX_POINT('',#4678);
#4680=CARTESIAN_POINT('',(9.973838938779E-1,3.382228670855E1,7.5E-1));
#4681=VERTEX_POINT('',#4680);
#4682=CARTESIAN_POINT('',(1.5E0,3.375E1,2.5E-1));
#4683=VERTEX_POINT('',#4682);
#4684=CARTESIAN_POINT('',(1.5E0,-3.374999999961E1,2.5E-1));
#4685=VERTEX_POINT('',#4684);
#4686=CARTESIAN_POINT('',(-1.5E0,3.375E1,2.5E-1));
#4687=VERTEX_POINT('',#4686);
#4688=CARTESIAN_POINT('',(1.496075840817E0,3.385843006282E1,2.5E-1));
#4689=VERTEX_POINT('',#4688);
#4690=CARTESIAN_POINT('',(-1.5E0,-3.375E1,2.5E-1));
#4691=VERTEX_POINT('',#4690);
#4692=CARTESIAN_POINT('',(0.E0,-3.525E1,2.5E-1));
#4693=VERTEX_POINT('',#4692);
#4694=CARTESIAN_POINT('',(-1.496075840817E0,-3.385843006282E1,2.5E-1));
#4695=VERTEX_POINT('',#4694);
#4696=CARTESIAN_POINT('',(1.5E0,-3.374999999952E1,-7.5E-1));
#4697=VERTEX_POINT('',#4696);
#4698=CARTESIAN_POINT('',(0.E0,-3.525E1,-7.5E-1));
#4699=VERTEX_POINT('',#4698);
#4700=CARTESIAN_POINT('',(-1.5E0,-3.375E1,-7.5E-1));
#4701=VERTEX_POINT('',#4700);
#4702=CARTESIAN_POINT('',(1.5E0,3.374999999952E1,-7.5E-1));
#4703=VERTEX_POINT('',#4702);
#4704=CARTESIAN_POINT('',(-1.5E0,3.375E1,-7.5E-1));
#4705=VERTEX_POINT('',#4704);
#4706=CARTESIAN_POINT('',(0.E0,0.E0,7.5E-1));
#4707=DIRECTION('',(0.E0,0.E0,1.E0));
#4708=DIRECTION('',(1.E0,0.E0,0.E0));
#4709=AXIS2_PLACEMENT_3D('',#4706,#4707,#4708);
#4710=PLANE('',#4709);
#4712=ORIENTED_EDGE('',*,*,#4711,.F.);
#4714=ORIENTED_EDGE('',*,*,#4713,.T.);
#4716=ORIENTED_EDGE('',*,*,#4715,.T.);
#4718=ORIENTED_EDGE('',*,*,#4717,.F.);
#4720=ORIENTED_EDGE('',*,*,#4719,.T.);
#4722=ORIENTED_EDGE('',*,*,#4721,.T.);
#4723=EDGE_LOOP('',(#4712,#4714,#4716,#4718,#4720,#4722));
#4724=FACE_OUTER_BOUND('',#4723,.F.);
#4725=ADVANCED_FACE('',(#4724),#4710,.T.);
#4726=CARTESIAN_POINT('',(1.E0,3.390416539867E1,2.5E-1));
#4727=DIRECTION('',(0.E0,1.E0,0.E0));
#4728=DIRECTION('',(0.E0,0.E0,1.E0));
#4729=AXIS2_PLACEMENT_3D('',#4726,#4727,#4728);
#4730=CYLINDRICAL_SURFACE('',#4729,5.E-1);
#4731=ORIENTED_EDGE('',*,*,#4711,.T.);
#4733=ORIENTED_EDGE('',*,*,#4732,.F.);
#4735=ORIENTED_EDGE('',*,*,#4734,.T.);
#4737=ORIENTED_EDGE('',*,*,#4736,.F.);
#4738=EDGE_LOOP('',(#4731,#4733,#4735,#4737));
#4739=FACE_OUTER_BOUND('',#4738,.F.);
#4740=ADVANCED_FACE('',(#4739),#4730,.T.);
#4741=CARTESIAN_POINT('',(0.E0,3.375E1,2.5E-1));
#4742=DIRECTION('',(0.E0,0.E0,-1.E0));
#4743=DIRECTION('',(-9.973838938782E-1,-7.228670854526E-2,0.E0));
#4744=AXIS2_PLACEMENT_3D('',#4741,#4742,#4743);
#4745=TOROIDAL_SURFACE('',#4744,1.E0,5.E-1);
#4746=ORIENTED_EDGE('',*,*,#4721,.F.);
#4747=ORIENTED_EDGE('',*,*,#4719,.F.);
#4749=ORIENTED_EDGE('',*,*,#4748,.T.);
#4751=ORIENTED_EDGE('',*,*,#4750,.T.);
#4753=ORIENTED_EDGE('',*,*,#4752,.T.);
#4754=ORIENTED_EDGE('',*,*,#4732,.T.);
#4755=EDGE_LOOP('',(#4746,#4747,#4749,#4751,#4753,#4754));
#4756=FACE_OUTER_BOUND('',#4755,.F.);
#4757=ADVANCED_FACE('',(#4756),#4745,.T.);
#4758=CARTESIAN_POINT('',(-1.E0,-3.390416539867E1,2.5E-1));
#4759=DIRECTION('',(0.E0,-1.E0,0.E0));
#4760=DIRECTION('',(0.E0,0.E0,1.E0));
#4761=AXIS2_PLACEMENT_3D('',#4758,#4759,#4760);
#4762=CYLINDRICAL_SURFACE('',#4761,5.E-1);
#4763=ORIENTED_EDGE('',*,*,#4717,.T.);
#4765=ORIENTED_EDGE('',*,*,#4764,.F.);
#4767=ORIENTED_EDGE('',*,*,#4766,.T.);
#4768=ORIENTED_EDGE('',*,*,#4748,.F.);
#4769=EDGE_LOOP('',(#4763,#4765,#4767,#4768));
#4770=FACE_OUTER_BOUND('',#4769,.F.);
#4771=ADVANCED_FACE('',(#4770),#4762,.T.);
#4772=CARTESIAN_POINT('',(0.E0,-3.375E1,2.5E-1));
#4773=DIRECTION('',(0.E0,0.E0,-1.E0));
#4774=DIRECTION('',(9.973838938782E-1,7.228670854526E-2,0.E0));
#4775=AXIS2_PLACEMENT_3D('',#4772,#4773,#4774);
#4776=TOROIDAL_SURFACE('',#4775,1.E0,5.E-1);
#4777=ORIENTED_EDGE('',*,*,#4715,.F.);
#4778=ORIENTED_EDGE('',*,*,#4713,.F.);
#4779=ORIENTED_EDGE('',*,*,#4736,.T.);
#4781=ORIENTED_EDGE('',*,*,#4780,.T.);
#4783=ORIENTED_EDGE('',*,*,#4782,.T.);
#4785=ORIENTED_EDGE('',*,*,#4784,.T.);
#4786=ORIENTED_EDGE('',*,*,#4764,.T.);
#4787=EDGE_LOOP('',(#4777,#4778,#4779,#4781,#4783,#4785,#4786));
#4788=FACE_OUTER_BOUND('',#4787,.F.);
#4789=ADVANCED_FACE('',(#4788),#4776,.T.);
#4790=CARTESIAN_POINT('',(0.E0,-3.375E1,-2.7054E0));
#4791=DIRECTION('',(0.E0,0.E0,-1.E0));
#4792=DIRECTION('',(0.E0,-1.E0,0.E0));
#4793=AXIS2_PLACEMENT_3D('',#4790,#4791,#4792);
#4794=CYLINDRICAL_SURFACE('',#4793,1.5E0);
#4795=ORIENTED_EDGE('',*,*,#4784,.F.);
#4796=ORIENTED_EDGE('',*,*,#4782,.F.);
#4797=ORIENTED_EDGE('',*,*,#4780,.F.);
#4799=ORIENTED_EDGE('',*,*,#4798,.T.);
#4801=ORIENTED_EDGE('',*,*,#4800,.F.);
#4803=ORIENTED_EDGE('',*,*,#4802,.F.);
#4805=ORIENTED_EDGE('',*,*,#4804,.T.);
#4806=EDGE_LOOP('',(#4795,#4796,#4797,#4799,#4801,#4803,#4805));
#4807=FACE_OUTER_BOUND('',#4806,.F.);
#4808=ADVANCED_FACE('',(#4807),#4794,.T.);
#4809=CARTESIAN_POINT('',(1.5E0,-3.525E1,7.5E-1));
#4810=DIRECTION('',(-1.E0,0.E0,0.E0));
#4811=DIRECTION('',(0.E0,1.E0,0.E0));
#4812=AXIS2_PLACEMENT_3D('',#4809,#4810,#4811);
#4813=PLANE('',#4812);
#4814=ORIENTED_EDGE('',*,*,#4734,.F.);
#4816=ORIENTED_EDGE('',*,*,#4815,.F.);
#4818=ORIENTED_EDGE('',*,*,#4817,.F.);
#4819=ORIENTED_EDGE('',*,*,#4798,.F.);
#4820=EDGE_LOOP('',(#4814,#4816,#4818,#4819));
#4821=FACE_OUTER_BOUND('',#4820,.F.);
#4822=ADVANCED_FACE('',(#4821),#4813,.F.);
#4823=CARTESIAN_POINT('',(0.E0,3.375E1,-2.7054E0));
#4824=DIRECTION('',(0.E0,0.E0,-1.E0));
#4825=DIRECTION('',(-1.E0,0.E0,0.E0));
#4826=AXIS2_PLACEMENT_3D('',#4823,#4824,#4825);
#4827=CYLINDRICAL_SURFACE('',#4826,1.5E0);
#4828=ORIENTED_EDGE('',*,*,#4752,.F.);
#4829=ORIENTED_EDGE('',*,*,#4750,.F.);
#4831=ORIENTED_EDGE('',*,*,#4830,.T.);
#4833=ORIENTED_EDGE('',*,*,#4832,.F.);
#4834=ORIENTED_EDGE('',*,*,#4815,.T.);
#4835=EDGE_LOOP('',(#4828,#4829,#4831,#4833,#4834));
#4836=FACE_OUTER_BOUND('',#4835,.F.);
#4837=ADVANCED_FACE('',(#4836),#4827,.T.);
#4838=CARTESIAN_POINT('',(-1.5E0,3.525E1,7.5E-1));
#4839=DIRECTION('',(1.E0,0.E0,0.E0));
#4840=DIRECTION('',(0.E0,-1.E0,0.E0));
#4841=AXIS2_PLACEMENT_3D('',#4838,#4839,#4840);
#4842=PLANE('',#4841);
#4843=ORIENTED_EDGE('',*,*,#4766,.F.);
#4844=ORIENTED_EDGE('',*,*,#4804,.F.);
#4846=ORIENTED_EDGE('',*,*,#4845,.F.);
#4847=ORIENTED_EDGE('',*,*,#4830,.F.);
#4848=EDGE_LOOP('',(#4843,#4844,#4846,#4847));
#4849=FACE_OUTER_BOUND('',#4848,.F.);
#4850=ADVANCED_FACE('',(#4849),#4842,.F.);
#4851=CARTESIAN_POINT('',(0.E0,0.E0,-7.5E-1));
#4852=DIRECTION('',(0.E0,0.E0,1.E0));
#4853=DIRECTION('',(1.E0,0.E0,0.E0));
#4854=AXIS2_PLACEMENT_3D('',#4851,#4852,#4853);
#4855=PLANE('',#4854);
#4856=ORIENTED_EDGE('',*,*,#4832,.T.);
#4857=ORIENTED_EDGE('',*,*,#4845,.T.);
#4858=ORIENTED_EDGE('',*,*,#4802,.T.);
#4859=ORIENTED_EDGE('',*,*,#4800,.T.);
#4860=ORIENTED_EDGE('',*,*,#4817,.T.);
#4861=EDGE_LOOP('',(#4856,#4857,#4858,#4859,#4860));
#4862=FACE_OUTER_BOUND('',#4861,.F.);
#4863=ADVANCED_FACE('',(#4862),#4855,.F.);
#4867=DIMENSIONAL_EXPONENTS(0.E0,0.E0,0.E0,0.E0,0.E0,0.E0,0.E0);
#4869=PLANE_ANGLE_MEASURE_WITH_UNIT(PLANE_ANGLE_MEASURE(1.745329251994E-2),
#4868);
#4870=(CONVERSION_BASED_UNIT('DEGREE',#4869)NAMED_UNIT(*)PLANE_ANGLE_UNIT());
#4872=UNCERTAINTY_MEASURE_WITH_UNIT(LENGTH_MEASURE(7.057691894643E-3),#4866,
'closure',
'Maximum model space distance between geometric entities at asserted connectivities');
#4873=(GEOMETRIC_REPRESENTATION_CONTEXT(3)GLOBAL_UNCERTAINTY_ASSIGNED_CONTEXT((
#4872))GLOBAL_UNIT_ASSIGNED_CONTEXT((#4866,#4870,#4871))REPRESENTATION_CONTEXT(
'ID4','3'));
#4874=CARTESIAN_POINT('',(0.E0,0.E0,0.E0));
#4875=DIRECTION('',(0.E0,0.E0,1.E0));
#4876=DIRECTION('',(1.E0,0.E0,0.E0));
#4879=MECHANICAL_CONTEXT('',#4164,'mechanical');
#4880=PRODUCT('PRT0006_1_1','PRT0006_1_1','NOT SPECIFIED',(#4879));
#4881=PRODUCT_DEFINITION_FORMATION_WITH_SPECIFIED_SOURCE('1','LAST_VERSION',
#4880,.MADE.);
#4887=CARTESIAN_POINT('',(1.153028788384E1,-6.691405431630E0,-1.6925E2));
#4888=DIRECTION('',(0.E0,-1.E0,0.E0));
#4889=DIRECTION('',(0.E0,0.E0,-1.E0));
#4890=AXIS2_PLACEMENT_3D('',#4887,#4888,#4889);
#4891=ITEM_DEFINED_TRANSFORMATION('','',#4877,#4890);
#4892=CARTESIAN_POINT('',(0.E0,0.E0,0.E0));
#4893=DIRECTION('',(0.E0,0.E0,1.E0));
#4894=DIRECTION('',(1.E0,0.E0,0.E0));
#4896=(REPRESENTATION_RELATIONSHIP('','',#4878,#4207)REPRESENTATION_RELATIONSHIP_WITH_TRANSFORMATION(#4891)SHAPE_REPRESENTATION_RELATIONSHIP());
#4897=CONTEXT_DEPENDENT_SHAPE_REPRESENTATION(#4896,#4886);
#4899=DIMENSIONAL_EXPONENTS(0.E0,0.E0,0.E0,0.E0,0.E0,0.E0,0.E0);
#4901=PLANE_ANGLE_MEASURE_WITH_UNIT(PLANE_ANGLE_MEASURE(1.745329251994E-2),
#4900);
#4902=(CONVERSION_BASED_UNIT('DEGREE',#4901)NAMED_UNIT(*)PLANE_ANGLE_UNIT());
#4904=UNCERTAINTY_MEASURE_WITH_UNIT(LENGTH_MEASURE(8.659907627683E-2),#4898,
'closure',
'Maximum model space distance between geometric entities at asserted connectivities');
#4905=(GEOMETRIC_REPRESENTATION_CONTEXT(3)GLOBAL_UNCERTAINTY_ASSIGNED_CONTEXT((
#4904))GLOBAL_UNIT_ASSIGNED_CONTEXT((#4898,#4902,#4903))REPRESENTATION_CONTEXT(
'ID5','3'));
#4906=CARTESIAN_POINT('',(0.E0,0.E0,0.E0));
#4907=DIRECTION('',(0.E0,0.E0,1.E0));
#4908=DIRECTION('',(1.E0,0.E0,0.E0));
#4910=DESIGN_CONTEXT('',#4164,'design');
#4911=MECHANICAL_CONTEXT('',#4164,'mechanical');
#4912=PRODUCT('WH80_ASM1_ASM_16_ASM_1_ASM','WH80_ASM1_ASM_16_ASM_1_ASM',
'NOT SPECIFIED',(#4911));
#4913=PRODUCT_DEFINITION_FORMATION_WITH_SPECIFIED_SOURCE('2','LAST_VERSION',
#4912,.MADE.);
#4920=CARTESIAN_POINT('',(0.E0,0.E0,0.E0));
#4921=DIRECTION('',(0.E0,0.E0,1.E0));
#4922=DIRECTION('',(1.E0,0.E0,0.E0));
#4923=AXIS2_PLACEMENT_3D('',#4920,#4921,#4922);
#4924=ITEM_DEFINED_TRANSFORMATION('','',#4218,#4923);
#4925=CARTESIAN_POINT('',(0.E0,0.E0,0.E0));
#4926=DIRECTION('',(0.E0,0.E0,1.E0));
#4927=DIRECTION('',(1.E0,0.E0,0.E0));
#4929=(REPRESENTATION_RELATIONSHIP('','',#4207,#4917)REPRESENTATION_RELATIONSHIP_WITH_TRANSFORMATION(#4924)SHAPE_REPRESENTATION_RELATIONSHIP());
#4930=CONTEXT_DEPENDENT_SHAPE_REPRESENTATION(#4929,#4919);
#4931=DIRECTION('',(1.218693434050E-1,9.925461516413E-1,0.E0));
#4932=VECTOR('',#4931,1.703858803088E1);
#4933=CARTESIAN_POINT('',(-7.908952129852E1,6.802788784963E-14,0.E0));
#4934=LINE('',#4933,#4932);
#4935=DIRECTION('',(9.925461516413E-1,-1.218693434052E-1,0.E0));
#4936=VECTOR('',#4935,7.8E1);
#4937=CARTESIAN_POINT('',(-7.701303976265E1,1.691158497945E1,0.E0));
#4938=LINE('',#4937,#4936);
#4939=DIRECTION('',(-1.218693434052E-1,-9.925461516413E-1,0.E0));
#4940=VECTOR('',#4939,7.461392280451E0);
#4941=CARTESIAN_POINT('',(4.055600653787E-1,7.405776193848E0,0.E0));
#4942=LINE('',#4941,#4940);
#4943=DIRECTION('',(-8.607326201850E-3,-9.999629562817E-1,0.E0));
#4944=VECTOR('',#4943,1.154526991320E0);
#4945=CARTESIAN_POINT('',(-7.485544711572E1,5.590056331115E0,0.E0));
#4946=LINE('',#4945,#4944);
#4947=CARTESIAN_POINT('',(-7.486538450614E1,4.435572107768E0,0.E0));
#4948=CARTESIAN_POINT('',(-7.486616682579E1,4.344685500966E0,0.E0));
#4949=CARTESIAN_POINT('',(-7.480946455651E1,4.244334532799E0,0.E0));
#4950=CARTESIAN_POINT('',(-7.473112664471E1,4.198245934479E0,0.E0));
#4952=DIRECTION('',(8.616732682602E-1,-5.074634753023E-1,0.E0));
#4953=VECTOR('',#4952,1.694178311401E0);
#4954=CARTESIAN_POINT('',(-7.473112664471E1,4.198245934479E0,0.E0));
#4955=LINE('',#4954,#4953);
#4956=CARTESIAN_POINT('',(-7.317906912551E1,3.495183437578E0,0.E0));
#4957=DIRECTION('',(0.E0,0.E0,1.E0));
#4958=DIRECTION('',(-5.073056458150E-1,-8.617661989915E-1,0.E0));
#4959=AXIS2_PLACEMENT_3D('',#4956,#4957,#4958);
#4961=DIRECTION('',(8.607326205364E-3,9.999629562817E-1,0.E0));
#4962=VECTOR('',#4961,9.971162254831E-1);
#4963=CARTESIAN_POINT('',(-7.299727315589E1,3.493660780961E0,0.E0));
#4964=LINE('',#4963,#4962);
#4965=CARTESIAN_POINT('',(-7.298869065127E1,4.490740069551E0,0.E0));
#4966=CARTESIAN_POINT('',(-7.298790833161E1,4.581626676360E0,0.E0));
#4967=CARTESIAN_POINT('',(-7.304464773456E1,4.681914585624E0,0.E0));
#4968=CARTESIAN_POINT('',(-7.312294851270E1,4.728066242854E0,0.E0));
#4970=DIRECTION('',(-8.617156177519E-1,5.073915589783E-1,0.E0));
#4971=VECTOR('',#4970,4.136360798495E-1);
#4972=CARTESIAN_POINT('',(-7.312294851270E1,4.728066242854E0,0.E0));
#4973=LINE('',#4972,#4971);
#4974=CARTESIAN_POINT('',(-7.344247635406E1,5.000608754164E0,0.E0));
#4975=DIRECTION('',(0.E0,0.E0,-1.E0));
#4976=DIRECTION('',(-5.074884632267E-1,-8.616585516849E-1,0.E0));
#4977=AXIS2_PLACEMENT_3D('',#4974,#4975,#4976);
#4979=DIRECTION('',(8.703214683532E-1,4.924840522530E-1,0.E0));
#4980=VECTOR('',#4979,4.136364255143E-1);
#4981=CARTESIAN_POINT('',(-7.347830096229E1,5.063901873680E0,0.E0));
#4982=LINE('',#4981,#4980);
#4983=CARTESIAN_POINT('',(-7.311830430107E1,5.267611216677E0,0.E0));
#4984=CARTESIAN_POINT('',(-7.303918452565E1,5.312343891234E0,0.E0));
#4985=CARTESIAN_POINT('',(-7.298076332056E1,5.411704009472E0,0.E0));
#4986=CARTESIAN_POINT('',(-7.297998100263E1,5.502590416674E0,0.E0));
#4988=DIRECTION('',(8.607326207034E-3,9.999629562817E-1,0.E0));
#4989=VECTOR('',#4988,9.971162255141E-1);
#4990=CARTESIAN_POINT('',(-7.297998100263E1,5.502590416674E0,0.E0));
#4991=LINE('',#4990,#4989);
#4992=CARTESIAN_POINT('',(-7.315318463858E1,6.501203607373E0,0.E0));
#4993=DIRECTION('',(0.E0,0.E0,1.E0));
#4994=DIRECTION('',(9.999644024154E-1,-8.437647895885E-3,0.E0));
#4995=AXIS2_PLACEMENT_3D('',#4992,#4993,#4994);
#4997=DIRECTION('',(-8.703038798921E-1,-4.925151334170E-1,0.E0));
#4998=VECTOR('',#4997,1.694133024458E0);
#4999=CARTESIAN_POINT('',(-7.324271326707E1,6.659422375040E0,0.E0));
#5000=LINE('',#4999,#4998);
#5001=CARTESIAN_POINT('',(-7.471712381131E1,5.825036222472E0,0.E0));
#5002=CARTESIAN_POINT('',(-7.479620744276E1,5.780239274383E0,0.E0));
#5003=CARTESIAN_POINT('',(-7.485466479606E1,5.680942937921E0,0.E0));
#5004=CARTESIAN_POINT('',(-7.485544711572E1,5.590056331115E0,0.E0));
#5006=CARTESIAN_POINT('',(-7.224153075363E1,6.808239125305E0,0.E0));
#5007=CARTESIAN_POINT('',(-7.232722370152E1,6.808976739784E0,0.E0));
#5008=CARTESIAN_POINT('',(-7.242414039212E1,6.713714944793E0,0.E0));
#5009=CARTESIAN_POINT('',(-7.242487800660E1,6.628021996901E0,0.E0));
#5011=DIRECTION('',(-8.607326202741E-3,-9.999629562817E-1,0.E0));
#5012=VECTOR('',#5011,3.272278136470E0);
#5013=CARTESIAN_POINT('',(-7.242487800660E1,6.628021996901E0,0.E0));
#5014=LINE('',#5013,#5012);
#5015=CARTESIAN_POINT('',(-7.245304357195E1,3.355865077780E0,0.E0));
#5016=CARTESIAN_POINT('',(-7.245378118503E1,3.270172292844E0,0.E0));
#5017=CARTESIAN_POINT('',(-7.235851852521E1,3.173256814672E0,0.E0));
#5018=CARTESIAN_POINT('',(-7.227282574028E1,3.172519201591E0,0.E0));
#5020=DIRECTION('',(9.999629562817E-1,-8.607326200647E-3,0.E0));
#5021=VECTOR('',#5020,7.271515628675E-1);
#5022=CARTESIAN_POINT('',(-7.227282574028E1,3.172519201591E0,0.E0));
#5023=LINE('',#5022,#5021);
#5024=CARTESIAN_POINT('',(-7.154570111381E1,3.166260370892E0,0.E0));
#5025=CARTESIAN_POINT('',(-7.146000832887E1,3.165522757817E0,0.E0));
#5026=CARTESIAN_POINT('',(-7.136309147986E1,3.260784023E0,0.E0));
#5027=CARTESIAN_POINT('',(-7.136235386679E1,3.346476807937E0,0.E0));
#5029=DIRECTION('',(8.607326204803E-3,9.999629562817E-1,0.E0));
#5030=VECTOR('',#5029,1.199838796700E0);
#5031=CARTESIAN_POINT('',(-7.136235386679E1,3.346476807937E0,0.E0));
#5032=LINE('',#5031,#5030);
#5033=CARTESIAN_POINT('',(-7.135202646287E1,4.546271158147E0,0.E0));
#5034=CARTESIAN_POINT('',(-7.135173138645E1,4.580551896210E0,0.E0));
#5035=CARTESIAN_POINT('',(-7.131291662672E1,4.618615719423E0,0.E0));
#5036=CARTESIAN_POINT('',(-7.127863588866E1,4.618320642992E0,0.E0));
#5038=DIRECTION('',(9.999629562817E-1,-8.607326205584E-3,0.E0));
#5039=VECTOR('',#5038,1.551457632255E-1);
#5040=CARTESIAN_POINT('',(-7.127863588866E1,4.618320642992E0,0.E0));
#5041=LINE('',#5040,#5039);
#5042=CARTESIAN_POINT('',(-7.112349587261E1,4.616985252799E0,0.E0));
#5043=CARTESIAN_POINT('',(-7.109231942091E1,4.616716896963E0,0.E0));
#5044=CARTESIAN_POINT('',(-7.105750598865E1,4.587033750977E0,0.E0));
#5045=CARTESIAN_POINT('',(-7.105233207532E1,4.556288446041E0,0.E0));
#5047=DIRECTION('',(1.651209613227E-1,-9.862733232385E-1,0.E0));
#5048=VECTOR('',#5047,1.263244030910E0);
#5049=CARTESIAN_POINT('',(-7.105233207532E1,4.556288446041E0,0.E0));
#5050=LINE('',#5049,#5048);
#5051=CARTESIAN_POINT('',(-7.084374400655E1,3.310384557614E0,0.E0));
#5052=CARTESIAN_POINT('',(-7.083087115146E1,3.233556321665E0,0.E0));
#5053=CARTESIAN_POINT('',(-7.074386873868E1,3.159358482411E0,0.E0));
#5054=CARTESIAN_POINT('',(-7.066597240589E1,3.158687978424E0,0.E0));
#5056=CARTESIAN_POINT('',(-6.954601298238E1,3.149047765217E0,0.E0));
#5057=CARTESIAN_POINT('',(-6.946032084927E1,3.148310157748E0,0.E0));
#5058=CARTESIAN_POINT('',(-6.936340610828E1,3.243572092955E0,0.E0));
#5059=CARTESIAN_POINT('',(-6.936266850082E1,3.329264226065E0,0.E0));
#5061=DIRECTION('',(8.607326203607E-3,9.999629562817E-1,0.E0));
#5062=VECTOR('',#5061,3.272278136466E0);
#5063=CARTESIAN_POINT('',(-6.936266850082E1,3.329264226065E0,0.E0));
#5064=LINE('',#5063,#5062);
#5065=CARTESIAN_POINT('',(-6.933450293547E1,6.601421145182E0,0.E0));
#5066=CARTESIAN_POINT('',(-6.933376532660E1,6.687113441251E0,0.E0));
#5067=CARTESIAN_POINT('',(-6.942902569966E1,6.784030080070E0,0.E0));
#5068=CARTESIAN_POINT('',(-6.951471799573E1,6.784767688933E0,0.E0));
#5070=DIRECTION('',(-9.999629562817E-1,8.607326202287E-3,0.E0));
#5071=VECTOR('',#5070,7.271543284306E-1);
#5072=CARTESIAN_POINT('',(-6.951471799573E1,6.784767688933E0,0.E0));
#5073=LINE('',#5072,#5071);
#5074=CARTESIAN_POINT('',(-7.024184538766E1,6.791026543437E0,0.E0));
#5075=CARTESIAN_POINT('',(-7.032753833555E1,6.791764157915E0,0.E0));
#5076=CARTESIAN_POINT('',(-7.042445502615E1,6.696502362932E0,0.E0));
#5077=CARTESIAN_POINT('',(-7.042519264063E1,6.610809415040E0,0.E0));
#5079=DIRECTION('',(-8.607326204498E-3,-9.999629562817E-1,0.E0));
#5080=VECTOR('',#5079,1.199838105321E0);
#5081=CARTESIAN_POINT('',(-7.042519264063E1,6.610809415040E0,0.E0));
#5082=LINE('',#5081,#5080);
#5083=CARTESIAN_POINT('',(-7.043552003859E1,5.411015756184E0,0.E0));
#5084=CARTESIAN_POINT('',(-7.043581530011E1,5.376713514267E0,0.E0));
#5085=CARTESIAN_POINT('',(-7.047460915643E1,5.338579749355E0,0.E0));
#5086=CARTESIAN_POINT('',(-7.050891139835E1,5.338875010879E0,0.E0));
#5088=DIRECTION('',(-9.999629562817E-1,8.607326205865E-3,0.E0));
#5089=VECTOR('',#5088,1.551457632264E-1);
#5090=CARTESIAN_POINT('',(-7.050891139835E1,5.338875010879E0,0.E0));
#5091=LINE('',#5090,#5089);
#5092=CARTESIAN_POINT('',(-7.066405141440E1,5.340210401073E0,0.E0));
#5093=CARTESIAN_POINT('',(-7.069524741558E1,5.340478925178E0,0.E0));
#5094=CARTESIAN_POINT('',(-7.073003737345E1,5.370233866546E0,0.E0));
#5095=CARTESIAN_POINT('',(-7.073521442615E1,5.400998468292E0,0.E0));
#5097=DIRECTION('',(-1.651333321562E-1,9.862712520453E-1,0.E0));
#5098=VECTOR('',#5097,1.263154152942E0);
#5099=CARTESIAN_POINT('',(-7.073521442615E1,5.400998468292E0,0.E0));
#5100=LINE('',#5099,#5098);
#5101=CARTESIAN_POINT('',(-7.094380328045E1,6.646811096240E0,0.E0));
#5102=CARTESIAN_POINT('',(-7.095666566312E1,6.723660908635E0,0.E0));
#5103=CARTESIAN_POINT('',(-7.104365821304E1,6.797928263642E0,0.E0));
#5104=CARTESIAN_POINT('',(-7.112157409558E1,6.798598935908E0,0.E0));
#5106=DIRECTION('',(-9.999629562817E-1,8.607326203471E-3,0.E0));
#5107=VECTOR('',#5106,9.089408363587E-1);
#5108=CARTESIAN_POINT('',(-6.769686771301E1,6.769120278924E0,0.E0));
#5109=LINE('',#5108,#5107);
#5110=CARTESIAN_POINT('',(-6.860577487882E1,6.776943829202E0,0.E0));
#5111=CARTESIAN_POINT('',(-6.869146782672E1,6.777681443681E0,0.E0));
#5112=CARTESIAN_POINT('',(-6.878838451732E1,6.682419648692E0,0.E0));
#5113=CARTESIAN_POINT('',(-6.878912213180E1,6.596726700798E0,0.E0));
#5115=DIRECTION('',(-8.607326204853E-3,-9.999629562817E-1,0.E0));
#5116=VECTOR('',#5115,2.771861905746E0);
#5117=CARTESIAN_POINT('',(-6.878912213180E1,6.596726700798E0,0.E0));
#5118=LINE('',#5117,#5116);
#5119=CARTESIAN_POINT('',(-6.881298045142E1,3.824967475124E0,0.E0));
#5120=CARTESIAN_POINT('',(-6.881376277107E1,3.734080868316E0,0.E0));
#5121=CARTESIAN_POINT('',(-6.875702336812E1,3.633792959058E0,0.E0));
#5122=CARTESIAN_POINT('',(-6.867872258998E1,3.587641301828E0,0.E0));
#5124=DIRECTION('',(8.616887324905E-1,-5.074372161154E-1,0.E0));
#5125=VECTOR('',#5124,7.947534282885E-1);
#5126=CARTESIAN_POINT('',(-6.867872258998E1,3.587641301828E0,0.E0));
#5127=LINE('',#5126,#5125);
#5128=CARTESIAN_POINT('',(-6.799389251572E1,3.184353834679E0,0.E0));
#5129=CARTESIAN_POINT('',(-6.793983130864E1,3.152534843593E0,0.E0));
#5130=CARTESIAN_POINT('',(-6.787525659767E1,3.134666487276E0,0.E0));
#5131=CARTESIAN_POINT('',(-6.781252884647E1,3.134126549058E0,0.E0));
#5133=DIRECTION('',(9.999629562817E-1,-8.607326205477E-3,0.E0));
#5134=VECTOR('',#5133,1.077767878950E0);
#5135=CARTESIAN_POINT('',(-6.781252884647E1,3.134126549058E0,0.E0));
#5136=LINE('',#5135,#5134);
#5137=CARTESIAN_POINT('',(-6.673480089205E1,3.124849849350E0,0.E0));
#5138=CARTESIAN_POINT('',(-6.667207314084E1,3.124309911132E0,0.E0));
#5139=CARTESIAN_POINT('',(-6.660719974303E1,3.141062847316E0,0.E0));
#5140=CARTESIAN_POINT('',(-6.655259948260E1,3.171947695815E0,0.E0));
#5142=DIRECTION('',(8.702678023390E-1,4.925788791778E-1,0.E0));
#5143=VECTOR('',#5142,7.946743928735E-1);
#5144=CARTESIAN_POINT('',(-6.655259948260E1,3.171947695815E0,0.E0));
#5145=LINE('',#5144,#5143);
#5146=CARTESIAN_POINT('',(-6.586101994514E1,3.563387517568E0,0.E0));
#5147=CARTESIAN_POINT('',(-6.578188703066E1,3.608128262806E0,0.E0));
#5148=CARTESIAN_POINT('',(-6.572338783085E1,3.707464807081E0,0.E0));
#5149=CARTESIAN_POINT('',(-6.572260538028E1,3.798366623395E0,0.E0));
#5151=DIRECTION('',(8.607326202390E-3,9.999629562817E-1,0.E0));
#5152=VECTOR('',#5151,2.771861905746E0);
#5153=CARTESIAN_POINT('',(-6.572260538028E1,3.798366623395E0,0.E0));
#5154=LINE('',#5153,#5152);
#5155=CARTESIAN_POINT('',(-6.569874706067E1,6.570125849070E0,0.E0));
#5156=CARTESIAN_POINT('',(-6.569800945180E1,6.655818145140E0,0.E0));
#5157=CARTESIAN_POINT('',(-6.579326982485E1,6.752734783965E0,0.E0));
#5158=CARTESIAN_POINT('',(-6.587896212092E1,6.753472392830E0,0.E0));
#5160=DIRECTION('',(-9.999629562817E-1,8.607326201092E-3,0.E0));
#5161=VECTOR('',#5160,9.089436019310E-1);
#5162=CARTESIAN_POINT('',(-6.587896212092E1,6.753472392830E0,0.E0));
#5163=LINE('',#5162,#5161);
#5164=CARTESIAN_POINT('',(-6.678787205220E1,6.761295966910E0,0.E0));
#5165=CARTESIAN_POINT('',(-6.687356434826E1,6.762033575784E0,0.E0));
#5166=CARTESIAN_POINT('',(-6.697047893084E1,6.666771110772E0,0.E0));
#5167=CARTESIAN_POINT('',(-6.697121653971E1,6.581078814705E0,0.E0));
#5169=DIRECTION('',(-8.608861696575E-3,-9.999629430635E-1,0.E0));
#5170=VECTOR('',#5169,2.090630682691E0);
#5171=CARTESIAN_POINT('',(-6.697121653971E1,6.581078814705E0,0.E0));
#5172=LINE('',#5171,#5170);
#5173=CARTESIAN_POINT('',(-6.726193271766E1,4.492857557270E0,0.E0));
#5174=DIRECTION('',(0.E0,0.E0,-1.E0));
#5175=DIRECTION('',(9.999645681837E-1,-8.417979401679E-3,0.E0));
#5176=AXIS2_PLACEMENT_3D('',#5173,#5174,#5175);
#5178=DIRECTION('',(8.607171552782E-3,9.999629576129E-1,0.E0));
#5179=VECTOR('',#5178,2.090659473370E0);
#5180=CARTESIAN_POINT('',(-6.753464731750E1,4.495191704825E0,0.E0));
#5181=LINE('',#5180,#5179);
#5182=CARTESIAN_POINT('',(-6.751665265275E1,6.585773735177E0,0.E0));
#5183=CARTESIAN_POINT('',(-6.751591504388E1,6.671466031247E0,0.E0));
#5184=CARTESIAN_POINT('',(-6.761117541694E1,6.768382670060E0,0.E0));
#5185=CARTESIAN_POINT('',(-6.769686771301E1,6.769120278924E0,0.E0));
#5187=DIRECTION('',(-8.607326203617E-3,-9.999629562817E-1,0.E0));
#5188=VECTOR('',#5187,9.971162254939E-1);
#5189=CARTESIAN_POINT('',(-6.515453106604E1,6.432357919608E0,0.E0));
#5190=LINE('',#5189,#5188);
#5191=CARTESIAN_POINT('',(-6.516311357065E1,5.435278631007E0,0.E0));
#5192=CARTESIAN_POINT('',(-6.516389588859E1,5.344392223801E0,0.E0));
#5193=CARTESIAN_POINT('',(-6.510715659296E1,5.244104223924E0,0.E0));
#5194=CARTESIAN_POINT('',(-6.502885570327E1,5.197953149077E0,0.E0));
#5196=DIRECTION('',(8.617148832532E-1,-5.073928063936E-1,0.E0));
#5197=VECTOR('',#5196,4.136364255202E-1);
#5198=CARTESIAN_POINT('',(-6.502885570327E1,5.197953149077E0,0.E0));
#5199=LINE('',#5198,#5197);
#5200=CARTESIAN_POINT('',(-6.470932371940E1,4.925409910694E0,0.E0));
#5201=DIRECTION('',(0.E0,0.E0,-1.E0));
#5202=DIRECTION('',(5.074458968727E-1,8.616836204472E-1,0.E0));
#5203=AXIS2_PLACEMENT_3D('',#5200,#5201,#5202);
#5205=DIRECTION('',(-8.703221812768E-1,-4.924827923669E-1,0.E0));
#5206=VECTOR('',#5205,4.136360798498E-1);
#5207=CARTESIAN_POINT('',(-6.467350325963E1,4.862116826884E0,0.E0));
#5208=LINE('',#5207,#5206);
#5209=CARTESIAN_POINT('',(-6.503349991490E1,4.658408175256E0,0.E0));
#5210=CARTESIAN_POINT('',(-6.511258354634E1,4.613611227160E0,0.E0));
#5211=CARTESIAN_POINT('',(-6.517104089965E1,4.514314890689E0,0.E0));
#5212=CARTESIAN_POINT('',(-6.517182321930E1,4.423428283886E0,0.E0));
#5214=DIRECTION('',(-8.607326204247E-3,-9.999629562817E-1,0.E0));
#5215=VECTOR('',#5214,9.971162254705E-1);
#5216=CARTESIAN_POINT('',(-6.517182321930E1,4.423428283886E0,0.E0));
#5217=LINE('',#5216,#5215);
#5218=CARTESIAN_POINT('',(-6.499864816519E1,3.424765658681E0,0.E0));
#5219=DIRECTION('',(0.E0,0.E0,1.E0));
#5220=DIRECTION('',(-9.999620591669E-1,8.710925707978E-3,0.E0));
#5221=AXIS2_PLACEMENT_3D('',#5218,#5219,#5220);
#5223=DIRECTION('',(8.703038798930E-1,4.925151334155E-1,0.E0));
#5224=VECTOR('',#5223,1.694133024457E0);
#5225=CARTESIAN_POINT('',(-6.490908818343E1,3.266596993089E0,0.E0));
#5226=LINE('',#5225,#5224);
#5227=CARTESIAN_POINT('',(-6.343467763919E1,4.100983145653E0,0.E0));
#5228=CARTESIAN_POINT('',(-6.335554512604E1,4.145723663987E0,0.E0));
#5229=CARTESIAN_POINT('',(-6.329704828641E1,4.245060919970E0,0.E0));
#5230=CARTESIAN_POINT('',(-6.329626583980E1,4.335962275277E0,0.E0));
#5232=DIRECTION('',(8.607326202747E-3,9.999629562817E-1,0.E0));
#5233=VECTOR('',#5232,1.154526991330E0);
#5234=CARTESIAN_POINT('',(-6.329626583980E1,4.335962275277E0,0.E0));
#5235=LINE('',#5234,#5233);
#5236=CARTESIAN_POINT('',(-6.328632844938E1,5.490446498635E0,0.E0));
#5237=CARTESIAN_POINT('',(-6.328554600278E1,5.581347853940E0,0.E0));
#5238=CARTESIAN_POINT('',(-6.334236132152E1,5.681614287230E0,0.E0));
#5239=CARTESIAN_POINT('',(-6.342067480580E1,5.727773433652E0,0.E0));
#5241=DIRECTION('',(-8.616967623618E-1,5.074235801924E-1,0.E0));
#5242=VECTOR('',#5241,1.694133024465E0);
#5243=CARTESIAN_POINT('',(-6.342067480580E1,5.727773433652E0,0.E0));
#5244=LINE('',#5243,#5242);
#5245=CARTESIAN_POINT('',(-6.497274391036E1,6.430761213787E0,0.E0));
#5246=DIRECTION('',(0.E0,0.E0,1.E0));
#5247=DIRECTION('',(5.073879073372E-1,8.617177678846E-1,0.E0));
#5248=AXIS2_PLACEMENT_3D('',#5245,#5246,#5247);
#5250=DIRECTION('',(-8.702678023405E-1,-4.925788791752E-1,0.E0));
#5251=VECTOR('',#5250,7.946743928804E-1);
#5252=CARTESIAN_POINT('',(-6.190622998111E1,6.670573707942E0,0.E0));
#5253=LINE('',#5252,#5251);
#5254=CARTESIAN_POINT('',(-6.259780951858E1,6.279133886188E0,0.E0));
#5255=CARTESIAN_POINT('',(-6.267694243305E1,6.234393140948E0,0.E0));
#5256=CARTESIAN_POINT('',(-6.273544163286E1,6.135056596674E0,0.E0));
#5257=CARTESIAN_POINT('',(-6.273622408343E1,6.044154780365E0,0.E0));
#5259=DIRECTION('',(-8.607326203365E-3,-9.999629562817E-1,0.E0));
#5260=VECTOR('',#5259,2.771861905768E0);
#5261=CARTESIAN_POINT('',(-6.273622408343E1,6.044154780365E0,0.E0));
#5262=LINE('',#5261,#5260);
#5263=CARTESIAN_POINT('',(-6.276008240305E1,3.272395554669E0,0.E0));
#5264=CARTESIAN_POINT('',(-6.276082001753E1,3.186702606774E0,0.E0));
#5265=CARTESIAN_POINT('',(-6.266555752521E1,3.089786601600E0,0.E0));
#5266=CARTESIAN_POINT('',(-6.257986457732E1,3.089048987125E0,0.E0));
#5268=DIRECTION('',(9.999629562817E-1,-8.607326203108E-3,0.E0));
#5269=VECTOR('',#5268,9.090321001984E-1);
#5270=CARTESIAN_POINT('',(-6.257986457732E1,3.089048987125E0,0.E0));
#5271=LINE('',#5270,#5269);
#5272=CARTESIAN_POINT('',(-6.167086615105E1,3.081224651309E0,0.E0));
#5273=CARTESIAN_POINT('',(-6.158517385498E1,3.080487042443E0,0.E0));
#5274=CARTESIAN_POINT('',(-6.148825927241E1,3.175749507449E0,0.E0));
#5275=CARTESIAN_POINT('',(-6.148752166354E1,3.261441803516E0,0.E0));
#5277=DIRECTION('',(8.607326205529E-3,9.999629562817E-1,0.E0));
#5278=VECTOR('',#5277,4.726851596772E-1);
#5279=CARTESIAN_POINT('',(-6.148752166354E1,3.261441803516E0,0.E0));
#5280=LINE('',#5279,#5278);
#5281=CARTESIAN_POINT('',(-6.148345310818E1,3.734109453177E0,0.E0));
#5282=CARTESIAN_POINT('',(-6.148315820995E1,3.768369489280E0,0.E0));
#5283=CARTESIAN_POINT('',(-6.144441105911E1,3.806455289350E0,0.E0));
#5284=CARTESIAN_POINT('',(-6.141015102301E1,3.806160391119E0,0.E0));
#5286=DIRECTION('',(9.999629562817E-1,-8.607326204167E-3,0.E0));
#5287=VECTOR('',#5286,7.388416311617E-1);
#5288=CARTESIAN_POINT('',(-6.141015102301E1,3.806160391119E0,0.E0));
#5289=LINE('',#5288,#5287);
#5290=CARTESIAN_POINT('',(-6.067133676129E1,3.799800940186E0,0.E0));
#5291=CARTESIAN_POINT('',(-6.060860208687E1,3.799260942375E0,0.E0));
#5292=CARTESIAN_POINT('',(-6.054374362435E1,3.816101122311E0,0.E0));
#5293=CARTESIAN_POINT('',(-6.048913733774E1,3.846989379547E0,0.E0));
#5295=DIRECTION('',(8.702969428847E-1,4.925273913251E-1,0.E0));
#5296=VECTOR('',#5295,7.947558233464E-1);
#5297=CARTESIAN_POINT('',(-6.048913733774E1,3.846989379547E0,0.E0));
#5298=LINE('',#5297,#5296);
#5299=CARTESIAN_POINT('',(-5.979746377434E1,4.238428391960E0,0.E0));
#5300=CARTESIAN_POINT('',(-5.971834513600E1,4.283162546977E0,0.E0));
#5301=CARTESIAN_POINT('',(-5.965992555110E1,4.382522161103E0,0.E0));
#5302=CARTESIAN_POINT('',(-5.965914323541E1,4.473408307133E0,0.E0));
#5304=DIRECTION('',(8.607326201063E-3,9.999629562817E-1,0.E0));
#5305=VECTOR('',#5304,1.544202848331E0);
#5306=CARTESIAN_POINT('',(-5.965914323541E1,4.473408307133E0,0.E0));
#5307=LINE('',#5306,#5305);
#5308=CARTESIAN_POINT('',(-5.964585177777E1,6.017553952449E0,0.E0));
#5309=CARTESIAN_POINT('',(-5.964506946209E1,6.108440098475E0,0.E0));
#5310=CARTESIAN_POINT('',(-5.970180714796E1,6.208727566766E0,0.E0));
#5311=CARTESIAN_POINT('',(-5.978010687373E1,6.254880101928E0,0.E0));
#5313=DIRECTION('',(-8.616896153726E-1,5.074357168736E-1,0.E0));
#5314=VECTOR('',#5313,7.947558233424E-1);
#5315=CARTESIAN_POINT('',(-5.978010687373E1,6.254880101928E0,0.E0));
#5316=LINE('',#5315,#5314);
#5317=CARTESIAN_POINT('',(-6.046493971346E1,6.658167592885E0,0.E0));
#5318=CARTESIAN_POINT('',(-6.051899946398E1,6.689987303091E0,0.E0));
#5319=CARTESIAN_POINT('',(-6.058357375650E1,6.707854924148E0,0.E0));
#5320=CARTESIAN_POINT('',(-6.064630061725E1,6.708394854702E0,0.E0));
#5322=DIRECTION('',(-9.999629562817E-1,8.607326202892E-3,0.E0));
#5323=VECTOR('',#5322,1.077676615100E0);
#5324=CARTESIAN_POINT('',(-6.064630061725E1,6.708394854702E0,0.E0));
#5325=LINE('',#5324,#5323);
#5326=CARTESIAN_POINT('',(-6.172393731120E1,6.717670768869E0,0.E0));
#5327=CARTESIAN_POINT('',(-6.178669444837E1,6.718210960031E0,0.E0));
#5328=CARTESIAN_POINT('',(-6.185160347301E1,6.701471841939E0,0.E0));
#5329=CARTESIAN_POINT('',(-6.190622998111E1,6.670573707942E0,0.E0));
#5331=CARTESIAN_POINT('',(-5.891279404218E1,6.693510090562E0,0.E0));
#5332=CARTESIAN_POINT('',(-5.899848764191E1,6.694247710654E0,0.E0));
#5333=CARTESIAN_POINT('',(-5.909540644054E1,6.598986585688E0,0.E0));
#5334=CARTESIAN_POINT('',(-5.909614406063E1,6.513292985963E0,0.E0));
#5336=DIRECTION('',(-8.607326203274E-3,-9.999629562817E-1,0.E0));
#5337=VECTOR('',#5336,3.272278136467E0);
#5338=CARTESIAN_POINT('',(-5.909614406063E1,6.513292985963E0,0.E0));
#5339=LINE('',#5338,#5337);
#5340=CARTESIAN_POINT('',(-5.912430962598E1,3.241136066845E0,0.E0));
#5341=CARTESIAN_POINT('',(-5.912504724467E1,3.155442630077E0,0.E0));
#5342=CARTESIAN_POINT('',(-5.902978246561E1,3.058527785538E0,0.E0));
#5343=CARTESIAN_POINT('',(-5.894408902884E1,3.057790166850E0,0.E0));
#5345=DIRECTION('',(9.999629562817E-1,-8.607326205374E-3,0.E0));
#5346=VECTOR('',#5345,9.089380707957E-1);
#5347=CARTESIAN_POINT('',(-5.894408902884E1,3.057790166850E0,0.E0));
#5348=LINE('',#5347,#5346);
#5349=CARTESIAN_POINT('',(-5.803518462849E1,3.049966640374E0,0.E0));
#5350=CARTESIAN_POINT('',(-5.794949249538E1,3.049229032909E0,0.E0));
#5351=CARTESIAN_POINT('',(-5.785257775440E1,3.144490968097E0,0.E0));
#5352=CARTESIAN_POINT('',(-5.785184014693E1,3.230183101207E0,0.E0));
#5354=DIRECTION('',(8.610588438834E-3,9.999629281962E-1,0.E0));
#5355=VECTOR('',#5354,9.998110138977E-1);
#5356=CARTESIAN_POINT('',(-5.785184014693E1,3.230183101207E0,0.E0));
#5357=LINE('',#5356,#5355);
#5358=CARTESIAN_POINT('',(-5.757051153159E1,4.227623989127E0,0.E0));
#5359=DIRECTION('',(0.E0,0.E0,-1.E0));
#5360=DIRECTION('',(-9.999645515650E-1,8.419953293982E-3,0.E0));
#5361=AXIS2_PLACEMENT_3D('',#5358,#5359,#5360);
#5363=DIRECTION('',(-8.607044510071E-3,-9.999629587064E-1,0.E0));
#5364=VECTOR('',#5363,9.998395981383E-1);
#5365=CARTESIAN_POINT('',(-5.729779560450E1,4.225290719732E0,0.E0));
#5366=LINE('',#5365,#5364);
#5367=CARTESIAN_POINT('',(-5.730640126842E1,3.225488156946E0,0.E0));
#5368=CARTESIAN_POINT('',(-5.730713887588E1,3.139796023839E0,0.E0));
#5369=CARTESIAN_POINT('',(-5.721187833533E1,3.042879912031E0,0.E0));
#5370=CARTESIAN_POINT('',(-5.712618620222E1,3.042142304558E0,0.E0));
#5372=DIRECTION('',(9.999629562817E-1,-8.607326204749E-3,0.E0));
#5373=VECTOR('',#5372,9.089436019415E-1);
#5374=CARTESIAN_POINT('',(-5.712618620222E1,3.042142304558E0,0.E0));
#5375=LINE('',#5374,#5373);
#5376=CARTESIAN_POINT('',(-5.621727627093E1,3.034318730475E0,0.E0));
#5377=CARTESIAN_POINT('',(-5.613158413782E1,3.033581123009E0,0.E0));
#5378=CARTESIAN_POINT('',(-5.603466939684E1,3.128843058209E0,0.E0));
#5379=CARTESIAN_POINT('',(-5.603393178937E1,3.214535191321E0,0.E0));
#5381=DIRECTION('',(8.607326202931E-3,9.999629562817E-1,0.E0));
#5382=VECTOR('',#5381,3.272278136448E0);
#5383=CARTESIAN_POINT('',(-5.603393178937E1,3.214535191321E0,0.E0));
#5384=LINE('',#5383,#5382);
#5385=CARTESIAN_POINT('',(-5.600576622402E1,6.486692110420E0,0.E0));
#5386=CARTESIAN_POINT('',(-5.600502861515E1,6.572384406488E0,0.E0));
#5387=CARTESIAN_POINT('',(-5.610028898821E1,6.669301045319E0,0.E0));
#5388=CARTESIAN_POINT('',(-5.618598128428E1,6.670038654190E0,0.E0));
#5390=DIRECTION('',(-9.999629562817E-1,8.607326204292E-3,0.E0));
#5391=VECTOR('',#5390,9.089436019411E-1);
#5392=CARTESIAN_POINT('',(-5.618598128428E1,6.670038654190E0,0.E0));
#5393=LINE('',#5392,#5391);
#5394=CARTESIAN_POINT('',(-5.709489121557E1,6.677862228273E0,0.E0));
#5395=CARTESIAN_POINT('',(-5.718058351163E1,6.678599837137E0,0.E0));
#5396=CARTESIAN_POINT('',(-5.727749809420E1,6.583337372130E0,0.E0));
#5397=CARTESIAN_POINT('',(-5.727823570307E1,6.497645076064E0,0.E0));
#5399=DIRECTION('',(-8.609804542557E-3,-9.999629349460E-1,0.E0));
#5400=VECTOR('',#5399,9.998161188005E-1);
#5401=CARTESIAN_POINT('',(-5.727823570307E1,6.497645076064E0,0.E0));
#5402=LINE('',#5401,#5400);
#5403=CARTESIAN_POINT('',(-5.755955833943E1,5.500126678573E0,0.E0));
#5404=DIRECTION('',(0.E0,0.E0,-1.E0));
#5405=DIRECTION('',(9.999664895320E-1,-8.186562960865E-3,0.E0));
#5406=AXIS2_PLACEMENT_3D('',#5403,#5404,#5405);
#5408=DIRECTION('',(8.601918145845E-3,9.999630028177E-1,0.E0));
#5409=VECTOR('',#5408,9.998625206676E-1);
#5410=CARTESIAN_POINT('',(-5.783227531714E1,5.502514491765E0,0.E0));
#5411=LINE('',#5410,#5409);
#5412=CARTESIAN_POINT('',(-5.782367458158E1,6.502340020337E0,0.E0));
#5413=CARTESIAN_POINT('',(-5.782293697272E1,6.588032316406E0,0.E0));
#5414=CARTESIAN_POINT('',(-5.791819734578E1,6.684948955220E0,0.E0));
#5415=CARTESIAN_POINT('',(-5.800388964184E1,6.685686564089E0,0.E0));
#5417=DIRECTION('',(-9.999629562817E-1,8.607326202115E-3,0.E0));
#5418=VECTOR('',#5417,9.089380707853E-1);
#5419=CARTESIAN_POINT('',(-5.800388964184E1,6.685686564089E0,0.E0));
#5420=LINE('',#5419,#5418);
#5421=DIRECTION('',(-9.999629562817E-1,8.607326204915E-3,0.E0));
#5422=VECTOR('',#5421,9.089436019316E-1);
#5423=CARTESIAN_POINT('',(-5.436812815874E1,6.654400208147E0,0.E0));
#5424=LINE('',#5423,#5422);
#5425=CARTESIAN_POINT('',(-5.527703809002E1,6.662223782230E0,0.E0));
#5426=CARTESIAN_POINT('',(-5.536273022313E1,6.662961389696E0,0.E0));
#5427=CARTESIAN_POINT('',(-5.545964496411E1,6.567699454498E0,0.E0));
#5428=CARTESIAN_POINT('',(-5.546038257157E1,6.482007321388E0,0.E0));
#5430=DIRECTION('',(-8.607326202751E-3,-9.999629562817E-1,0.E0));
#5431=VECTOR('',#5430,2.044709651491E0);
#5432=CARTESIAN_POINT('',(-5.546038257157E1,6.482007321388E0,0.E0));
#5433=LINE('',#5432,#5431);
#5434=CARTESIAN_POINT('',(-5.547798205453E1,4.437373413545E0,0.E0));
#5435=CARTESIAN_POINT('',(-5.547876437816E1,4.346486345955E0,0.E0));
#5436=CARTESIAN_POINT('',(-5.542202325809E1,4.246197995772E0,0.E0));
#5437=CARTESIAN_POINT('',(-5.534372142763E1,4.200047216444E0,0.E0));
#5439=DIRECTION('',(8.617337304951E-1,-5.073607964033E-1,0.E0));
#5440=VECTOR('',#5439,8.501634595288E-1);
#5441=CARTESIAN_POINT('',(-5.534372142763E1,4.200047216444E0,0.E0));
#5442=LINE('',#5441,#5440);
#5443=CARTESIAN_POINT('',(-5.461110689812E1,3.768707606544E0,0.E0));
#5444=CARTESIAN_POINT('',(-5.459025079217E1,3.756358258375E0,0.E0));
#5445=CARTESIAN_POINT('',(-5.457510212769E1,3.729651894226E0,0.E0));
#5446=CARTESIAN_POINT('',(-5.457531075258E1,3.705414732033E0,0.E0));
#5448=DIRECTION('',(-8.607326205879E-3,-9.999629562817E-1,0.E0));
#5449=VECTOR('',#5448,5.034065042915E-1);
#5450=CARTESIAN_POINT('',(-5.457531075258E1,3.705414732033E0,0.E0));
#5451=LINE('',#5450,#5449);
#5452=CARTESIAN_POINT('',(-5.457964373658E1,3.202026875790E0,0.E0));
#5453=CARTESIAN_POINT('',(-5.458038135666E1,3.116333276068E0,0.E0));
#5454=CARTESIAN_POINT('',(-5.448511674511E1,3.019417904525E0,0.E0));
#5455=CARTESIAN_POINT('',(-5.439942314539E1,3.018680284432E0,0.E0));
#5457=DIRECTION('',(9.999629562817E-1,-8.607326202849E-3,0.E0));
#5458=VECTOR('',#5457,9.090321002096E-1);
#5459=CARTESIAN_POINT('',(-5.439942314539E1,3.018680284432E0,0.E0));
#5460=LINE('',#5459,#5458);
#5461=CARTESIAN_POINT('',(-5.349042471911E1,3.010855948617E0,0.E0));
#5462=CARTESIAN_POINT('',(-5.340473242305E1,3.010118339753E0,0.E0));
#5463=CARTESIAN_POINT('',(-5.330781784048E1,3.105380804768E0,0.E0));
#5464=CARTESIAN_POINT('',(-5.330708023161E1,3.191073100834E0,0.E0));
#5466=DIRECTION('',(8.607326201287E-3,9.999629562817E-1,0.E0));
#5467=VECTOR('',#5466,5.034065042612E-1);
#5468=CARTESIAN_POINT('',(-5.330708023161E1,3.191073100834E0,0.E0));
#5469=LINE('',#5468,#5467);
#5470=CARTESIAN_POINT('',(-5.330274724761E1,3.694460957046E0,0.E0));
#5471=CARTESIAN_POINT('',(-5.330253862273E1,3.718698119243E0,0.E0));
#5472=CARTESIAN_POINT('',(-5.328693119787E1,3.745137505886E0,0.E0));
#5473=CARTESIAN_POINT('',(-5.326586688159E1,3.757128257959E0,0.E0));
#5475=DIRECTION('',(8.703157332482E-1,4.924941872355E-1,0.E0));
#5476=VECTOR('',#5475,8.500916053036E-1);
#5477=CARTESIAN_POINT('',(-5.326586688159E1,3.757128257959E0,0.E0));
#5478=LINE('',#5477,#5476);
#5479=CARTESIAN_POINT('',(-5.252601878279E1,4.175793432189E0,0.E0));
#5480=CARTESIAN_POINT('',(-5.244690221631E1,4.220563079790E0,0.E0));
#5481=CARTESIAN_POINT('',(-5.238838666851E1,4.319870721705E0,0.E0));
#5482=CARTESIAN_POINT('',(-5.238760421794E1,4.410772538016E0,0.E0));
#5484=DIRECTION('',(8.607326203611E-3,9.999629562817E-1,0.E0));
#5485=VECTOR('',#5484,2.044709651503E0);
#5486=CARTESIAN_POINT('',(-5.238760421794E1,4.410772538016E0,0.E0));
#5487=LINE('',#5486,#5485);
#5488=CARTESIAN_POINT('',(-5.237000473498E1,6.455406445870E0,0.E0));
#5489=CARTESIAN_POINT('',(-5.236926711630E1,6.541099882637E0,0.E0));
#5490=CARTESIAN_POINT('',(-5.246453189535E1,6.638014727171E0,0.E0));
#5491=CARTESIAN_POINT('',(-5.255022533212E1,6.638752345859E0,0.E0));
#5493=DIRECTION('',(-9.999629562817E-1,8.607326201824E-3,0.E0));
#5494=VECTOR('',#5493,9.089380707866E-1);
#5495=CARTESIAN_POINT('',(-5.255022533212E1,6.638752345859E0,0.E0));
#5496=LINE('',#5495,#5494);
#5497=CARTESIAN_POINT('',(-5.345912973246E1,6.646575872331E0,0.E0));
#5498=CARTESIAN_POINT('',(-5.354482316923E1,6.647313491024E0,0.E0));
#5499=CARTESIAN_POINT('',(-5.364174212627E1,6.552052895876E0,0.E0));
#5500=CARTESIAN_POINT('',(-5.364247974496E1,6.466359459106E0,0.E0));
#5502=DIRECTION('',(-8.609522917028E-3,-9.999629373708E-1,0.E0));
#5503=VECTOR('',#5502,1.363479963667E0);
#5504=CARTESIAN_POINT('',(-5.364247974496E1,6.466359459106E0,0.E0));
#5505=LINE('',#5504,#5503);
#5506=CARTESIAN_POINT('',(-5.392693518725E1,5.105262204392E0,0.E0));
#5507=DIRECTION('',(0.E0,0.E0,-1.E0));
#5508=DIRECTION('',(9.999644891721E-1,-8.427359891966E-3,0.E0));
#5509=AXIS2_PLACEMENT_3D('',#5506,#5507,#5508);
#5511=DIRECTION('',(8.606902886551E-3,9.999629599254E-1,0.E0));
#5512=VECTOR('',#5511,1.363506112873E0);
#5513=CARTESIAN_POINT('',(-5.419964865723E1,5.107598747249E0,0.E0));
#5514=LINE('',#5513,#5512);
#5515=CARTESIAN_POINT('',(-5.418791309253E1,6.471054355754E0,0.E0));
#5516=CARTESIAN_POINT('',(-5.418717548506E1,6.556746488867E0,0.E0));
#5517=CARTESIAN_POINT('',(-5.428243602562E1,6.653662600683E0,0.E0));
#5518=CARTESIAN_POINT('',(-5.436812815874E1,6.654400208147E0,0.E0));
#5520=CARTESIAN_POINT('',(-7.908952129852E1,0.E0,0.E0));
#5521=CARTESIAN_POINT('',(-7.925681378398E1,0.E0,5.058763828440E-13));
#5522=CARTESIAN_POINT('',(-7.946563362606E1,0.E0,-1.257651288365E-1));
#5523=CARTESIAN_POINT('',(-7.959327621126E1,0.E0,-3.327075145552E-1));
#5524=CARTESIAN_POINT('',(-7.959327621125E1,0.E0,-5.000000000160E-1));
#5526=DIRECTION('',(1.218693434051E-1,9.925461516413E-1,6.973636981088E-14));
#5527=VECTOR('',#5526,1.709998031133E1);
#5528=CARTESIAN_POINT('',(-7.959327621125E1,-6.868579779014E-14,
-5.000000000012E-1));
#5529=LINE('',#5528,#5527);
#5530=DIRECTION('',(-1.E0,0.E0,0.E0));
#5531=VECTOR('',#5530,6.759327621125E1);
#5532=CARTESIAN_POINT('',(-6.E0,0.E0,-2.95E0));
#5533=LINE('',#5532,#5531);
#5534=CARTESIAN_POINT('',(-7.359327621125E1,0.E0,-4.75E0));
#5535=DIRECTION('',(0.E0,-1.E0,0.E0));
#5536=DIRECTION('',(0.E0,0.E0,1.E0));
#5537=AXIS2_PLACEMENT_3D('',#5534,#5535,#5536);
#5539=DIRECTION('',(1.E0,0.E0,0.E0));
#5540=VECTOR('',#5539,6.759327621125E1);
#5541=CARTESIAN_POINT('',(-7.359327621125E1,0.E0,-6.55E0));
#5542=LINE('',#5541,#5540);
#5543=CARTESIAN_POINT('',(-6.E0,0.E0,-4.75E0));
#5544=DIRECTION('',(0.E0,-1.E0,0.E0));
#5545=DIRECTION('',(0.E0,0.E0,-1.E0));
#5546=AXIS2_PLACEMENT_3D('',#5543,#5544,#5545);
#5548=CARTESIAN_POINT('',(-7.959327621125E1,0.E0,-9.E0));
#5549=CARTESIAN_POINT('',(-7.959327621125E1,0.E0,-9.167292485455E0));
#5550=CARTESIAN_POINT('',(-7.946563362605E1,0.E0,-9.374234871169E0));
#5551=CARTESIAN_POINT('',(-7.925681378397E1,0.E0,-9.5E0));
#5552=CARTESIAN_POINT('',(-7.908952129852E1,0.E0,-9.5E0));
#5554=DIRECTION('',(-4.079351235894E-13,0.E0,1.E0));
#5555=VECTOR('',#5554,8.499999999999E0);
#5556=CARTESIAN_POINT('',(-7.959327621125E1,0.E0,-9.E0));
#5557=LINE('',#5556,#5555);
#5558=DIRECTION('',(1.E0,0.E0,0.E0));
#5559=VECTOR('',#5558,7.858576638579E1);
#5560=CARTESIAN_POINT('',(-7.908952129852E1,6.802788784963E-14,0.E0));
#5561=LINE('',#5560,#5559);
#5562=DIRECTION('',(-5.115318625312E-14,0.E0,-1.E0));
#5563=VECTOR('',#5562,9.000000000005E0);
#5564=CARTESIAN_POINT('',(4.989920513824E-13,3.286260152890E-14,
-4.999999999952E-1));
#5565=LINE('',#5564,#5563);
#5566=DIRECTION('',(-1.E0,1.705938670473E-13,-7.107448166672E-14));
#5567=VECTOR('',#5566,6.759327622937E1);
#5568=CARTESIAN_POINT('',(-6.000000002585E0,2.000000003382E-1,
-3.150000000141E0));
#5569=LINE('',#5568,#5567);
#5570=DIRECTION('',(7.319454502675E-8,-7.071067815471E-1,7.071067808260E-1));
#5571=VECTOR('',#5570,2.828427128251E-1);
#5572=CARTESIAN_POINT('',(-7.359327623195E1,2.000000003498E-1,
-3.150000000146E0));
#5573=LINE('',#5572,#5571);
#5574=CARTESIAN_POINT('',(-6.E0,2.000000000002E-1,-4.75E0));
#5575=DIRECTION('',(0.E0,-1.E0,0.E0));
#5576=DIRECTION('',(3.829098149666E-9,0.E0,-1.E0));
#5577=AXIS2_PLACEMENT_3D('',#5574,#5575,#5576);
#5579=DIRECTION('',(9.139709162882E-9,-7.071067815352E-1,7.071067808379E-1));
#5580=VECTOR('',#5579,2.828427128135E-1);
#5581=CARTESIAN_POINT('',(-6.000000002585E0,2.000000003382E-1,
-3.150000000141E0));
#5582=LINE('',#5581,#5580);
#5583=DIRECTION('',(1.E0,1.705901714487E-13,7.107448168255E-14));
#5584=VECTOR('',#5583,6.759327621431E1);
#5585=CARTESIAN_POINT('',(-7.359327620893E1,2.000000003382E-1,
-6.349999999859E0));
#5586=LINE('',#5585,#5584);
#5587=DIRECTION('',(-1.903242210653E-8,-7.071067815471E-1,-7.071067808260E-1));
#5588=VECTOR('',#5587,2.828427128251E-1);
#5589=CARTESIAN_POINT('',(-5.999999994617E0,2.000000003498E-1,
-6.349999999854E0));
#5590=LINE('',#5589,#5588);
#5591=CARTESIAN_POINT('',(-7.359327621125E1,2.000000000002E-1,-4.75E0));
#5592=DIRECTION('',(0.E0,-1.E0,0.E0));
#5593=DIRECTION('',(-7.326175222033E-9,0.E0,1.E0));
#5594=AXIS2_PLACEMENT_3D('',#5591,#5592,#5593);
#5596=DIRECTION('',(-8.203519554219E-9,-7.071067815352E-1,-7.071067808379E-1));
#5597=VECTOR('',#5596,2.828427128135E-1);
#5598=CARTESIAN_POINT('',(-7.359327620893E1,2.000000003382E-1,
-6.349999999859E0));
#5599=LINE('',#5598,#5597);
#5600=CARTESIAN_POINT('',(-7.359327621125E1,1.E0,-4.75E0));
#5601=DIRECTION('',(0.E0,-1.E0,0.E0));
#5602=DIRECTION('',(-3.418749727757E-9,0.E0,1.E0));
#5603=AXIS2_PLACEMENT_3D('',#5600,#5601,#5602);
#5605=DIRECTION('',(1.222968393739E-9,-1.E0,1.761490953845E-10));
#5606=VECTOR('',#5605,7.999999996618E-1);
#5607=CARTESIAN_POINT('',(-7.359327620991E1,1.E0,-6.35E0));
#5608=LINE('',#5607,#5606);
#5609=DIRECTION('',(-1.E0,0.E0,0.E0));
#5610=VECTOR('',#5609,6.759327621697E1);
#5611=CARTESIAN_POINT('',(-6.000000001833E0,1.E0,-3.15E0));
#5612=LINE('',#5611,#5610);
#5613=DIRECTION('',(-1.643831738116E-8,-1.E0,-1.821570672875E-10));
#5614=VECTOR('',#5613,7.999999996502E-1);
#5615=CARTESIAN_POINT('',(-7.359327621880E1,1.E0,-3.15E0));
#5616=LINE('',#5615,#5614);
#5617=CARTESIAN_POINT('',(-6.E0,1.E0,-4.75E0));
#5618=DIRECTION('',(0.E0,-1.E0,0.E0));
#5619=DIRECTION('',(2.843745794401E-9,0.E0,-1.E0));
#5620=AXIS2_PLACEMENT_3D('',#5617,#5618,#5619);
#5622=DIRECTION('',(-9.399070414839E-10,-1.E0,-1.761513158306E-10));
#5623=VECTOR('',#5622,7.999999996618E-1);
#5624=CARTESIAN_POINT('',(-6.000000001833E0,1.E0,-3.15E0));
#5625=LINE('',#5624,#5623);
#5626=DIRECTION('',(1.E0,0.E0,0.E0));
#5627=VECTOR('',#5626,6.759327621498E1);
#5628=CARTESIAN_POINT('',(-7.359327620991E1,1.E0,-6.35E0));
#5629=LINE('',#5628,#5627);
#5630=DIRECTION('',(3.845335163082E-10,-1.E0,1.821554019529E-10));
#5631=VECTOR('',#5630,7.999999996502E-1);
#5632=CARTESIAN_POINT('',(-5.999999994924E0,1.E0,-6.35E0));
#5633=LINE('',#5632,#5631);
#5634=DIRECTION('',(1.218693434051E-1,9.925461516413E-1,0.E0));
#5635=VECTOR('',#5634,1.703858803088E1);
#5636=CARTESIAN_POINT('',(-7.908952129852E1,0.E0,-9.5E0));
#5637=LINE('',#5636,#5635);
#5638=DIRECTION('',(1.E0,0.E0,0.E0));
#5639=VECTOR('',#5638,7.908952129852E1);
#5640=CARTESIAN_POINT('',(-7.908952129852E1,0.E0,-9.5E0));
#5641=LINE('',#5640,#5639);
#5642=DIRECTION('',(1.218693434052E-1,9.925461516413E-1,0.E0));
#5643=VECTOR('',#5642,7.399999999999E0);
#5644=CARTESIAN_POINT('',(3.861337510408E-14,0.E0,-9.5E0));
#5645=LINE('',#5644,#5643);
#5646=DIRECTION('',(-9.925461516413E-1,1.218693434052E-1,0.E0));
#5647=VECTOR('',#5646,7.85E1);
#5648=CARTESIAN_POINT('',(9.018331411985E-1,7.344841522145E0,-9.5E0));
#5649=LINE('',#5648,#5647);
#5650=DIRECTION('',(-1.218693434052E-1,-9.925461516413E-1,6.473350384258E-13));
#5651=VECTOR('',#5650,7.399999999999E0);
#5652=CARTESIAN_POINT('',(9.018331411989E-1,7.344841522145E0,-5.E-1));
#5653=LINE('',#5652,#5651);
#5654=CARTESIAN_POINT('',(9.513501098013E-13,0.E0,-4.999999999916E-1));
#5655=CARTESIAN_POINT('',(-1.896270436368E-12,0.E0,-3.327075145395E-1));
#5656=CARTESIAN_POINT('',(-1.276425851981E-1,0.E0,-1.257651288279E-1));
#5657=CARTESIAN_POINT('',(-3.364624272764E-1,0.E0,0.E0));
#5658=CARTESIAN_POINT('',(-5.037549127285E-1,0.E0,0.E0));
#5660=CARTESIAN_POINT('',(-7.701303976264E1,1.691158497945E1,-9.E0));
#5661=DIRECTION('',(1.218693434051E-1,9.925461516413E-1,0.E0));
#5662=DIRECTION('',(0.E0,0.E0,-1.E0));
#5663=AXIS2_PLACEMENT_3D('',#5660,#5661,#5662);
#5665=DIRECTION('',(4.999704354229E-14,0.E0,1.E0));
#5666=VECTOR('',#5665,9.E0);
#5667=CARTESIAN_POINT('',(9.018331411985E-1,7.344841522145E0,-9.5E0));
#5668=LINE('',#5667,#5666);
#5669=CARTESIAN_POINT('',(4.055600653787E-1,7.405776193848E0,-5.E-1));
#5670=DIRECTION('',(-1.218693434052E-1,-9.925461516413E-1,0.E0));
#5671=DIRECTION('',(9.925461516413E-1,-1.218693434052E-1,0.E0));
#5672=AXIS2_PLACEMENT_3D('',#5669,#5670,#5671);
#5674=CARTESIAN_POINT('',(-7.701303976265E1,1.691158497945E1,-5.E-1));
#5675=DIRECTION('',(-1.218693434051E-1,-9.925461516413E-1,0.E0));
#5676=DIRECTION('',(-2.842170943040E-14,0.E0,1.E0));
#5677=AXIS2_PLACEMENT_3D('',#5674,#5675,#5676);
#5679=DIRECTION('',(1.218693434051E-1,9.925461516413E-1,0.E0));
#5680=VECTOR('',#5679,1.709998031133E1);
#5681=CARTESIAN_POINT('',(-7.959327621125E1,0.E0,-9.E0));
#5682=LINE('',#5681,#5680);
#5683=DIRECTION('',(-3.276855910800E-13,4.096069888499E-14,1.E0));
#5684=VECTOR('',#5683,8.5E0);
#5685=CARTESIAN_POINT('',(-7.750931283846E1,1.697251965116E1,-9.E0));
#5686=LINE('',#5685,#5684);
#5687=DIRECTION('',(-8.607326201826E-3,-9.999629562817E-1,0.E0));
#5688=VECTOR('',#5687,1.154526991320E0);
#5689=CARTESIAN_POINT('',(-7.485544711572E1,5.590056331115E0,-5.E-1));
#5690=LINE('',#5689,#5688);
#5691=DIRECTION('',(2.273736754432E-12,1.975308805413E-12,-1.E0));
#5692=VECTOR('',#5691,5.E-1);
#5693=CARTESIAN_POINT('',(-7.471712381131E1,5.825036222472E0,0.E0));
#5694=LINE('',#5693,#5692);
#5695=DIRECTION('',(2.842170943040E-14,4.618527782441E-14,1.E0));
#5696=VECTOR('',#5695,5.E-1);
#5697=CARTESIAN_POINT('',(-7.485544711572E1,5.590056331115E0,-5.E-1));
#5698=LINE('',#5697,#5696);
#5699=DIRECTION('',(-5.684341886081E-14,-6.320277634586E-12,-1.E0));
#5700=VECTOR('',#5699,5.E-1);
#5701=CARTESIAN_POINT('',(-7.297139849801E1,6.499669705295E0,0.E0));
#5702=LINE('',#5701,#5700);
#5703=DIRECTION('',(1.733724275255E-12,3.268496584496E-13,1.E0));
#5704=VECTOR('',#5703,5.E-1);
#5705=CARTESIAN_POINT('',(-7.324271326707E1,6.659422375040E0,-5.E-1));
#5706=LINE('',#5705,#5704);
#5707=DIRECTION('',(8.607326207018E-3,9.999629562817E-1,0.E0));
#5708=VECTOR('',#5707,9.971162255110E-1);
#5709=CARTESIAN_POINT('',(-7.297998100263E1,5.502590416674E0,-5.E-1));
#5710=LINE('',#5709,#5708);
#5711=DIRECTION('',(4.121147867409E-12,3.513633828334E-12,-1.E0));
#5712=VECTOR('',#5711,5.E-1);
#5713=CARTESIAN_POINT('',(-7.311830430107E1,5.267611216677E0,0.E0));
#5714=LINE('',#5713,#5712);
#5715=DIRECTION('',(0.E0,0.E0,1.E0));
#5716=VECTOR('',#5715,5.E-1);
#5717=CARTESIAN_POINT('',(-7.297998100263E1,5.502590416674E0,-5.E-1));
#5718=LINE('',#5717,#5716);
#5719=DIRECTION('',(6.252776074689E-13,-1.705302565824E-13,-1.E0));
#5720=VECTOR('',#5719,5.E-1);
#5721=CARTESIAN_POINT('',(-7.347938518277E1,4.937941698259E0,0.E0));
#5722=LINE('',#5721,#5720);
#5723=DIRECTION('',(-2.671640686458E-12,-2.703615109567E-12,1.E0));
#5724=VECTOR('',#5723,5.E-1);
#5725=CARTESIAN_POINT('',(-7.347830096229E1,5.063901873681E0,-5.E-1));
#5726=LINE('',#5725,#5724);
#5727=DIRECTION('',(-2.842170943040E-14,0.E0,-1.E0));
#5728=VECTOR('',#5727,5.E-1);
#5729=CARTESIAN_POINT('',(-7.298869065127E1,4.490740069551E0,0.E0));
#5730=LINE('',#5729,#5728);
#5731=DIRECTION('',(7.389644451905E-13,-6.821210263297E-13,1.E0));
#5732=VECTOR('',#5731,5.E-1);
#5733=CARTESIAN_POINT('',(-7.312294851270E1,4.728066242855E0,-5.E-1));
#5734=LINE('',#5733,#5732);
#5735=DIRECTION('',(8.607326205364E-3,9.999629562817E-1,0.E0));
#5736=VECTOR('',#5735,9.971162254831E-1);
#5737=CARTESIAN_POINT('',(-7.299727315589E1,3.493660780960E0,-5.E-1));
#5738=LINE('',#5737,#5736);
#5739=DIRECTION('',(-3.922195901396E-12,1.358912982141E-13,-1.E0));
#5740=VECTOR('',#5739,5.E-1);
#5741=CARTESIAN_POINT('',(-7.327129848211E1,3.338512320794E0,0.E0));
#5742=LINE('',#5741,#5740);
#5743=DIRECTION('',(0.E0,3.907985046681E-14,1.E0));
#5744=VECTOR('',#5743,5.E-1);
#5745=CARTESIAN_POINT('',(-7.299727315589E1,3.493660780960E0,-5.E-1));
#5746=LINE('',#5745,#5744);
#5747=DIRECTION('',(0.E0,0.E0,-1.E0));
#5748=VECTOR('',#5747,5.E-1);
#5749=CARTESIAN_POINT('',(-7.486538450614E1,4.435572107768E0,0.E0));
#5750=LINE('',#5749,#5748);
#5751=DIRECTION('',(-7.275957614183E-12,6.457057111220E-12,1.E0));
#5752=VECTOR('',#5751,5.E-1);
#5753=CARTESIAN_POINT('',(-7.473112664471E1,4.198245934476E0,-5.E-1));
#5754=LINE('',#5753,#5752);
#5755=CARTESIAN_POINT('',(-7.485544711572E1,5.590056331115E0,-5.E-1));
#5756=CARTESIAN_POINT('',(-7.485466479606E1,5.680942937921E0,-5.E-1));
#5757=CARTESIAN_POINT('',(-7.479620744275E1,5.780239274384E0,-5.E-1));
#5758=CARTESIAN_POINT('',(-7.471712381131E1,5.825036222473E0,-5.E-1));
#5760=DIRECTION('',(8.703038798921E-1,4.925151334170E-1,0.E0));
#5761=VECTOR('',#5760,1.694133024456E0);
#5762=CARTESIAN_POINT('',(-7.471712381131E1,5.825036222473E0,-5.E-1));
#5763=LINE('',#5762,#5761);
#5764=CARTESIAN_POINT('',(-7.315318463858E1,6.501203607373E0,-5.E-1));
#5765=DIRECTION('',(0.E0,0.E0,-1.E0));
#5766=DIRECTION('',(-4.924767158225E-1,8.703256197382E-1,0.E0));
#5767=AXIS2_PLACEMENT_3D('',#5764,#5765,#5766);
#5769=CARTESIAN_POINT('',(-7.297998100263E1,5.502590416674E0,-5.E-1));
#5770=CARTESIAN_POINT('',(-7.298076332056E1,5.411704009472E0,-5.E-1));
#5771=CARTESIAN_POINT('',(-7.303918452564E1,5.312343891235E0,-5.E-1));
#5772=CARTESIAN_POINT('',(-7.311830430107E1,5.267611216679E0,-5.E-1));
#5774=DIRECTION('',(-8.703214683532E-1,-4.924840522530E-1,0.E0));
#5775=VECTOR('',#5774,4.136364255152E-1);
#5776=CARTESIAN_POINT('',(-7.311830430107E1,5.267611216679E0,-5.E-1));
#5777=LINE('',#5776,#5775);
#5778=CARTESIAN_POINT('',(-7.344247635406E1,5.000608754164E0,-5.E-1));
#5779=DIRECTION('',(0.E0,0.E0,1.E0));
#5780=DIRECTION('',(-4.925806644672E-1,8.702667918478E-1,0.E0));
#5781=AXIS2_PLACEMENT_3D('',#5778,#5779,#5780);
#5783=DIRECTION('',(8.617156177520E-1,-5.073915589782E-1,0.E0));
#5784=VECTOR('',#5783,4.136360798487E-1);
#5785=CARTESIAN_POINT('',(-7.347938518277E1,4.937941698259E0,-5.E-1));
#5786=LINE('',#5785,#5784);
#5787=CARTESIAN_POINT('',(-7.312294851270E1,4.728066242855E0,-5.E-1));
#5788=CARTESIAN_POINT('',(-7.304464773456E1,4.681914585625E0,-5.E-1));
#5789=CARTESIAN_POINT('',(-7.298790833161E1,4.581626676360E0,-5.E-1));
#5790=CARTESIAN_POINT('',(-7.298869065127E1,4.490740069551E0,-5.E-1));
#5792=CARTESIAN_POINT('',(-7.317906912551E1,3.495183437578E0,-5.E-1));
#5793=DIRECTION('',(0.E0,0.E0,-1.E0));
#5794=DIRECTION('',(9.999649262183E-1,-8.375340786808E-3,0.E0));
#5795=AXIS2_PLACEMENT_3D('',#5792,#5793,#5794);
#5797=DIRECTION('',(-8.616732682601E-1,5.074634753023E-1,0.E0));
#5798=VECTOR('',#5797,1.694178311394E0);
#5799=CARTESIAN_POINT('',(-7.327129848211E1,3.338512320794E0,-5.E-1));
#5800=LINE('',#5799,#5798);
#5801=CARTESIAN_POINT('',(-7.473112664471E1,4.198245934476E0,-5.E-1));
#5802=CARTESIAN_POINT('',(-7.480946455651E1,4.244334532796E0,-5.E-1));
#5803=CARTESIAN_POINT('',(-7.486616682579E1,4.344685500966E0,-5.E-1));
#5804=CARTESIAN_POINT('',(-7.486538450614E1,4.435572107768E0,-5.E-1));
#5806=DIRECTION('',(9.999629562817E-1,-8.607326202494E-3,0.E0));
#5807=VECTOR('',#5806,1.119998146946E0);
#5808=CARTESIAN_POINT('',(-7.224153075363E1,6.808239125305E0,0.E0));
#5809=LINE('',#5808,#5807);
#5810=DIRECTION('',(-9.999629562817E-1,8.607326202493E-3,0.E0));
#5811=VECTOR('',#5810,1.119998146946E0);
#5812=CARTESIAN_POINT('',(-7.112157409558E1,6.798598935908E0,-5.E-1));
#5813=LINE('',#5812,#5811);
#5814=DIRECTION('',(-6.224354365258E-12,1.329780729975E-11,-1.E0));
#5815=VECTOR('',#5814,5.E-1);
#5816=CARTESIAN_POINT('',(-7.094380328045E1,6.646811096240E0,0.E0));
#5817=LINE('',#5816,#5815);
#5818=DIRECTION('',(-1.421085471520E-13,0.E0,1.E0));
#5819=VECTOR('',#5818,5.E-1);
#5820=CARTESIAN_POINT('',(-7.112157409558E1,6.798598935908E0,-5.E-1));
#5821=LINE('',#5820,#5819);
#5822=DIRECTION('',(-2.842170943040E-14,0.E0,-1.E0));
#5823=VECTOR('',#5822,5.E-1);
#5824=CARTESIAN_POINT('',(-7.066405141440E1,5.340210401073E0,0.E0));
#5825=LINE('',#5824,#5823);
#5826=DIRECTION('',(6.252776074689E-12,-1.330846544079E-11,1.E0));
#5827=VECTOR('',#5826,5.E-1);
#5828=CARTESIAN_POINT('',(-7.073521442615E1,5.400998468298E0,-5.E-1));
#5829=LINE('',#5828,#5827);
#5830=DIRECTION('',(-9.999629562817E-1,8.607326205864E-3,0.E0));
#5831=VECTOR('',#5830,1.551457632264E-1);
#5832=CARTESIAN_POINT('',(-7.050891139835E1,5.338875010879E0,-5.E-1));
#5833=LINE('',#5832,#5831);
#5834=DIRECTION('',(2.842170943040E-14,0.E0,-1.E0));
#5835=VECTOR('',#5834,5.E-1);
#5836=CARTESIAN_POINT('',(-7.043552003859E1,5.411015756184E0,0.E0));
#5837=LINE('',#5836,#5835);
#5838=DIRECTION('',(0.E0,0.E0,1.E0));
#5839=VECTOR('',#5838,5.E-1);
#5840=CARTESIAN_POINT('',(-7.050891139835E1,5.338875010879E0,-5.E-1));
#5841=LINE('',#5840,#5839);
#5842=DIRECTION('',(-8.607326204497E-3,-9.999629562817E-1,0.E0));
#5843=VECTOR('',#5842,1.199838105321E0);
#5844=CARTESIAN_POINT('',(-7.042519264063E1,6.610809415040E0,-5.E-1));
#5845=LINE('',#5844,#5843);
#5846=DIRECTION('',(0.E0,0.E0,-1.E0));
#5847=VECTOR('',#5846,5.E-1);
#5848=CARTESIAN_POINT('',(-7.024184538766E1,6.791026543437E0,0.E0));
#5849=LINE('',#5848,#5847);
#5850=DIRECTION('',(0.E0,-7.283063041541E-14,1.E0));
#5851=VECTOR('',#5850,5.E-1);
#5852=CARTESIAN_POINT('',(-7.042519264063E1,6.610809415040E0,-5.E-1));
#5853=LINE('',#5852,#5851);
#5854=DIRECTION('',(-9.999629562817E-1,8.607326202286E-3,0.E0));
#5855=VECTOR('',#5854,7.271543284306E-1);
#5856=CARTESIAN_POINT('',(-6.951471799573E1,6.784767688933E0,-5.E-1));
#5857=LINE('',#5856,#5855);
#5858=DIRECTION('',(3.694822225953E-13,-1.577404873387E-12,-1.E0));
#5859=VECTOR('',#5858,5.E-1);
#5860=CARTESIAN_POINT('',(-6.933450293547E1,6.601421145182E0,0.E0));
#5861=LINE('',#5860,#5859);
#5862=DIRECTION('',(0.E0,0.E0,1.E0));
#5863=VECTOR('',#5862,5.E-1);
#5864=CARTESIAN_POINT('',(-6.951471799573E1,6.784767688933E0,-5.E-1));
#5865=LINE('',#5864,#5863);
#5866=DIRECTION('',(9.379164112033E-13,-3.721467578544E-13,-1.E0));
#5867=VECTOR('',#5866,5.E-1);
#5868=CARTESIAN_POINT('',(-6.954601298238E1,3.149047765217E0,0.E0));
#5869=LINE('',#5868,#5867);
#5870=DIRECTION('',(-4.263256414561E-13,-1.568523089190E-12,1.E0));
#5871=VECTOR('',#5870,5.E-1);
#5872=CARTESIAN_POINT('',(-6.936266850082E1,3.329264226066E0,-5.E-1));
#5873=LINE('',#5872,#5871);
#5874=DIRECTION('',(9.999629562817E-1,-8.607326207717E-3,0.E0));
#5875=VECTOR('',#5874,1.120000912508E0);
#5876=CARTESIAN_POINT('',(-7.066597240589E1,3.158687978424E0,-5.E-1));
#5877=LINE('',#5876,#5875);
#5878=DIRECTION('',(-9.999629562817E-1,8.607326207717E-3,0.E0));
#5879=VECTOR('',#5878,1.120000912508E0);
#5880=CARTESIAN_POINT('',(-6.954601298238E1,3.149047765217E0,0.E0));
#5881=LINE('',#5880,#5879);
#5882=CARTESIAN_POINT('',(-7.112157409558E1,6.798598935908E0,-5.E-1));
#5883=CARTESIAN_POINT('',(-7.104365821304E1,6.797928263642E0,-5.E-1));
#5884=CARTESIAN_POINT('',(-7.095666566312E1,6.723660908642E0,-5.E-1));
#5885=CARTESIAN_POINT('',(-7.094380328046E1,6.646811096247E0,-5.E-1));
#5887=DIRECTION('',(1.651333321562E-1,-9.862712520453E-1,0.E0));
#5888=VECTOR('',#5887,1.263154152942E0);
#5889=CARTESIAN_POINT('',(-7.094380328046E1,6.646811096247E0,-5.E-1));
#5890=LINE('',#5889,#5888);
#5891=CARTESIAN_POINT('',(-7.073521442615E1,5.400998468298E0,-5.E-1));
#5892=CARTESIAN_POINT('',(-7.073003737345E1,5.370233866552E0,-5.E-1));
#5893=CARTESIAN_POINT('',(-7.069524741558E1,5.340478925178E0,-5.E-1));
#5894=CARTESIAN_POINT('',(-7.066405141440E1,5.340210401073E0,-5.E-1));
#5896=CARTESIAN_POINT('',(-7.050891139835E1,5.338875010879E0,-5.E-1));
#5897=CARTESIAN_POINT('',(-7.047460915643E1,5.338579749355E0,-5.E-1));
#5898=CARTESIAN_POINT('',(-7.043581530011E1,5.376713514267E0,-5.E-1));
#5899=CARTESIAN_POINT('',(-7.043552003859E1,5.411015756184E0,-5.E-1));
#5901=CARTESIAN_POINT('',(-7.042519264063E1,6.610809415040E0,-5.E-1));
#5902=CARTESIAN_POINT('',(-7.042445502615E1,6.696502362932E0,-5.E-1));
#5903=CARTESIAN_POINT('',(-7.032753833555E1,6.791764157915E0,-5.E-1));
#5904=CARTESIAN_POINT('',(-7.024184538766E1,6.791026543437E0,-5.E-1));
#5906=CARTESIAN_POINT('',(-6.951471799573E1,6.784767688933E0,-5.E-1));
#5907=CARTESIAN_POINT('',(-6.942902569966E1,6.784030080070E0,-5.E-1));
#5908=CARTESIAN_POINT('',(-6.933376532660E1,6.687113441251E0,-5.E-1));
#5909=CARTESIAN_POINT('',(-6.933450293547E1,6.601421145181E0,-5.E-1));
#5911=DIRECTION('',(-8.607326203602E-3,-9.999629562817E-1,0.E0));
#5912=VECTOR('',#5911,3.272278136465E0);
#5913=CARTESIAN_POINT('',(-6.933450293547E1,6.601421145181E0,-5.E-1));
#5914=LINE('',#5913,#5912);
#5915=CARTESIAN_POINT('',(-6.936266850082E1,3.329264226066E0,-5.E-1));
#5916=CARTESIAN_POINT('',(-6.936340610828E1,3.243572092956E0,-5.E-1));
#5917=CARTESIAN_POINT('',(-6.946032084927E1,3.148310157748E0,-5.E-1));
#5918=CARTESIAN_POINT('',(-6.954601298238E1,3.149047765217E0,-5.E-1));
#5920=CARTESIAN_POINT('',(-7.066597240589E1,3.158687978424E0,-5.E-1));
#5921=CARTESIAN_POINT('',(-7.074386873868E1,3.159358482411E0,-5.E-1));
#5922=CARTESIAN_POINT('',(-7.083087115146E1,3.233556321663E0,-5.E-1));
#5923=CARTESIAN_POINT('',(-7.084374400655E1,3.310384557613E0,-5.E-1));
#5925=DIRECTION('',(-1.651209613227E-1,9.862733232385E-1,0.E0));
#5926=VECTOR('',#5925,1.263244030910E0);
#5927=CARTESIAN_POINT('',(-7.084374400655E1,3.310384557613E0,-5.E-1));
#5928=LINE('',#5927,#5926);
#5929=CARTESIAN_POINT('',(-7.105233207532E1,4.556288446039E0,-5.E-1));
#5930=CARTESIAN_POINT('',(-7.105750598865E1,4.587033750975E0,-5.E-1));
#5931=CARTESIAN_POINT('',(-7.109231942091E1,4.616716896963E0,-5.E-1));
#5932=CARTESIAN_POINT('',(-7.112349587261E1,4.616985252799E0,-5.E-1));
#5934=CARTESIAN_POINT('',(-7.127863588866E1,4.618320642992E0,-5.E-1));
#5935=CARTESIAN_POINT('',(-7.131291662672E1,4.618615719423E0,-5.E-1));
#5936=CARTESIAN_POINT('',(-7.135173138645E1,4.580551896210E0,-5.E-1));
#5937=CARTESIAN_POINT('',(-7.135202646287E1,4.546271158147E0,-5.E-1));
#5939=CARTESIAN_POINT('',(-7.136235386679E1,3.346476807937E0,-5.E-1));
#5940=CARTESIAN_POINT('',(-7.136309147986E1,3.260784023001E0,-5.E-1));
#5941=CARTESIAN_POINT('',(-7.146000832887E1,3.165522757817E0,-5.E-1));
#5942=CARTESIAN_POINT('',(-7.154570111381E1,3.166260370892E0,-5.E-1));
#5944=CARTESIAN_POINT('',(-7.227282574028E1,3.172519201591E0,-5.E-1));
#5945=CARTESIAN_POINT('',(-7.235851852521E1,3.173256814672E0,-5.E-1));
#5946=CARTESIAN_POINT('',(-7.245378118503E1,3.270172292848E0,-5.E-1));
#5947=CARTESIAN_POINT('',(-7.245304357195E1,3.355865077784E0,-5.E-1));
#5949=DIRECTION('',(8.607326202744E-3,9.999629562817E-1,0.E0));
#5950=VECTOR('',#5949,3.272278136463E0);
#5951=CARTESIAN_POINT('',(-7.245304357195E1,3.355865077784E0,-5.E-1));
#5952=LINE('',#5951,#5950);
#5953=CARTESIAN_POINT('',(-7.242487800660E1,6.628021996897E0,-5.E-1));
#5954=CARTESIAN_POINT('',(-7.242414039212E1,6.713714944790E0,-5.E-1));
#5955=CARTESIAN_POINT('',(-7.232722370152E1,6.808976739784E0,-5.E-1));
#5956=CARTESIAN_POINT('',(-7.224153075363E1,6.808239125305E0,-5.E-1));
#5958=DIRECTION('',(1.620037437533E-12,-3.427480521623E-12,-1.E0));
#5959=VECTOR('',#5958,5.E-1);
#5960=CARTESIAN_POINT('',(-7.084374400655E1,3.310384557614E0,0.E0));
#5961=LINE('',#5960,#5959);
#5962=DIRECTION('',(-1.591615728103E-12,3.801403636317E-13,1.E0));
#5963=VECTOR('',#5962,5.E-1);
#5964=CARTESIAN_POINT('',(-7.066597240589E1,3.158687978424E0,-5.E-1));
#5965=LINE('',#5964,#5963);
#5966=DIRECTION('',(0.E0,0.E0,-1.E0));
#5967=VECTOR('',#5966,5.E-1);
#5968=CARTESIAN_POINT('',(-7.112349587261E1,4.616985252799E0,0.E0));
#5969=LINE('',#5968,#5967);
#5970=DIRECTION('',(-1.620037437533E-12,3.415934202167E-12,1.E0));
#5971=VECTOR('',#5970,5.E-1);
#5972=CARTESIAN_POINT('',(-7.105233207532E1,4.556288446039E0,-5.E-1));
#5973=LINE('',#5972,#5971);
#5974=DIRECTION('',(9.999629562817E-1,-8.607326205585E-3,0.E0));
#5975=VECTOR('',#5974,1.551457632255E-1);
#5976=CARTESIAN_POINT('',(-7.127863588866E1,4.618320642992E0,-5.E-1));
#5977=LINE('',#5976,#5975);
#5978=DIRECTION('',(0.E0,0.E0,-1.E0));
#5979=VECTOR('',#5978,5.E-1);
#5980=CARTESIAN_POINT('',(-7.135202646287E1,4.546271158147E0,0.E0));
#5981=LINE('',#5980,#5979);
#5982=DIRECTION('',(0.E0,0.E0,1.E0));
#5983=VECTOR('',#5982,5.E-1);
#5984=CARTESIAN_POINT('',(-7.127863588866E1,4.618320642992E0,-5.E-1));
#5985=LINE('',#5984,#5983);
#5986=DIRECTION('',(8.607326204791E-3,9.999629562817E-1,0.E0));
#5987=VECTOR('',#5986,1.199838796700E0);
#5988=CARTESIAN_POINT('',(-7.136235386679E1,3.346476807937E0,-5.E-1));
#5989=LINE('',#5988,#5987);
#5990=DIRECTION('',(2.842170943040E-14,0.E0,-1.E0));
#5991=VECTOR('',#5990,5.E-1);
#5992=CARTESIAN_POINT('',(-7.154570111381E1,3.166260370892E0,0.E0));
#5993=LINE('',#5992,#5991);
#5994=DIRECTION('',(2.842170943040E-14,-3.375077994860E-14,1.E0));
#5995=VECTOR('',#5994,5.E-1);
#5996=CARTESIAN_POINT('',(-7.136235386679E1,3.346476807937E0,-5.E-1));
#5997=LINE('',#5996,#5995);
#5998=DIRECTION('',(9.999629562817E-1,-8.607326200647E-3,0.E0));
#5999=VECTOR('',#5998,7.271515628675E-1);
#6000=CARTESIAN_POINT('',(-7.227282574028E1,3.172519201591E0,-5.E-1));
#6001=LINE('',#6000,#5999);
#6002=DIRECTION('',(-1.847411112976E-12,7.692513293023E-12,-1.E0));
#6003=VECTOR('',#6002,5.E-1);
#6004=CARTESIAN_POINT('',(-7.245304357195E1,3.355865077780E0,0.E0));
#6005=LINE('',#6004,#6003);
#6006=DIRECTION('',(5.684341886081E-14,0.E0,1.E0));
#6007=VECTOR('',#6006,5.E-1);
#6008=CARTESIAN_POINT('',(-7.227282574028E1,3.172519201591E0,-5.E-1));
#6009=LINE('',#6008,#6007);
#6010=DIRECTION('',(-1.989519660128E-13,-1.065814103640E-14,-1.E0));
#6011=VECTOR('',#6010,5.E-1);
#6012=CARTESIAN_POINT('',(-7.224153075363E1,6.808239125305E0,0.E0));
#6013=LINE('',#6012,#6011);
#6014=DIRECTION('',(1.961097950698E-12,7.656097977815E-12,1.E0));
#6015=VECTOR('',#6014,5.E-1);
#6016=CARTESIAN_POINT('',(-7.242487800660E1,6.628021996897E0,-5.E-1));
#6017=LINE('',#6016,#6015);
#6018=DIRECTION('',(-9.999629562817E-1,8.607326203471E-3,0.E0));
#6019=VECTOR('',#6018,9.089408363587E-1);
#6020=CARTESIAN_POINT('',(-6.769686771301E1,6.769120278924E0,-5.E-1));
#6021=LINE('',#6020,#6019);
#6022=DIRECTION('',(3.780087354244E-12,-1.587352471688E-11,-1.E0));
#6023=VECTOR('',#6022,5.E-1);
#6024=CARTESIAN_POINT('',(-6.751665265275E1,6.585773735177E0,0.E0));
#6025=LINE('',#6024,#6023);
#6026=DIRECTION('',(0.E0,0.E0,1.E0));
#6027=VECTOR('',#6026,5.E-1);
#6028=CARTESIAN_POINT('',(-6.769686771301E1,6.769120278924E0,-5.E-1));
#6029=LINE('',#6028,#6027);
#6030=DIRECTION('',(1.301515624015E-7,1.512020850041E-5,-9.999999998857E-1));
#6031=VECTOR('',#6030,5.000000000572E-1);
#6032=CARTESIAN_POINT('',(-6.753464731750E1,4.495191704825E0,0.E0));
#6033=LINE('',#6032,#6031);
#6034=DIRECTION('',(2.086340202210E-7,2.423487937263E-5,9.999999997063E-1));
#6035=VECTOR('',#6034,5.000000001468E-1);
#6036=CARTESIAN_POINT('',(-6.698921459443E1,4.490513486943E0,-5.E-1));
#6037=LINE('',#6036,#6035);
#6038=DIRECTION('',(0.E0,0.E0,-1.E0));
#6039=VECTOR('',#6038,5.E-1);
#6040=CARTESIAN_POINT('',(-6.678787205220E1,6.761295966910E0,0.E0));
#6041=LINE('',#6040,#6039);
#6042=DIRECTION('',(1.023181539495E-12,3.913314117199E-12,1.E0));
#6043=VECTOR('',#6042,5.E-1);
#6044=CARTESIAN_POINT('',(-6.697121653971E1,6.581078814703E0,-5.E-1));
#6045=LINE('',#6044,#6043);
#6046=DIRECTION('',(-9.999629562817E-1,8.607326201092E-3,0.E0));
#6047=VECTOR('',#6046,9.089436019310E-1);
#6048=CARTESIAN_POINT('',(-6.587896212092E1,6.753472392830E0,-5.E-1));
#6049=LINE('',#6048,#6047);
#6050=DIRECTION('',(-6.252776074689E-13,2.469136006766E-12,-1.E0));
#6051=VECTOR('',#6050,5.E-1);
#6052=CARTESIAN_POINT('',(-6.569874706067E1,6.570125849070E0,0.E0));
#6053=LINE('',#6052,#6051);
#6054=DIRECTION('',(0.E0,0.E0,1.E0));
#6055=VECTOR('',#6054,5.E-1);
#6056=CARTESIAN_POINT('',(-6.587896212092E1,6.753472392830E0,-5.E-1));
#6057=LINE('',#6056,#6055);
#6058=DIRECTION('',(-3.012701199623E-12,-2.572164703452E-12,-1.E0));
#6059=VECTOR('',#6058,5.E-1);
#6060=CARTESIAN_POINT('',(-6.586101994514E1,3.563387517568E0,0.E0));
#6061=LINE('',#6060,#6059);
#6062=DIRECTION('',(6.252776074689E-13,3.090860900556E-12,1.E0));
#6063=VECTOR('',#6062,5.E-1);
#6064=CARTESIAN_POINT('',(-6.572260538028E1,3.798366623393E0,-5.E-1));
#6065=LINE('',#6064,#6063);
#6066=DIRECTION('',(0.E0,0.E0,-1.E0));
#6067=VECTOR('',#6066,5.E-1);
#6068=CARTESIAN_POINT('',(-6.673480089205E1,3.124849849350E0,0.E0));
#6069=LINE('',#6068,#6067);
#6070=DIRECTION('',(-7.673861546209E-12,-3.478994869965E-12,1.E0));
#6071=VECTOR('',#6070,5.E-1);
#6072=CARTESIAN_POINT('',(-6.655259948260E1,3.171947695817E0,-5.E-1));
#6073=LINE('',#6072,#6071);
#6074=DIRECTION('',(9.999629562817E-1,-8.607326205477E-3,0.E0));
#6075=VECTOR('',#6074,1.077767878950E0);
#6076=CARTESIAN_POINT('',(-6.781252884647E1,3.134126549058E0,-5.E-1));
#6077=LINE('',#6076,#6075);
#6078=DIRECTION('',(1.068656274583E-11,-5.060840635451E-12,-1.E0));
#6079=VECTOR('',#6078,5.E-1);
#6080=CARTESIAN_POINT('',(-6.799389251572E1,3.184353834679E0,0.E0));
#6081=LINE('',#6080,#6079);
#6082=DIRECTION('',(0.E0,0.E0,1.E0));
#6083=VECTOR('',#6082,5.E-1);
#6084=CARTESIAN_POINT('',(-6.781252884647E1,3.134126549058E0,-5.E-1));
#6085=LINE('',#6084,#6083);
#6086=DIRECTION('',(-1.932676241267E-12,1.047517628194E-11,-1.E0));
#6087=VECTOR('',#6086,5.E-1);
#6088=CARTESIAN_POINT('',(-6.881298045142E1,3.824967475124E0,0.E0));
#6089=LINE('',#6088,#6087);
#6090=DIRECTION('',(4.149569576839E-12,-3.667288694942E-12,1.E0));
#6091=VECTOR('',#6090,5.E-1);
#6092=CARTESIAN_POINT('',(-6.867872258998E1,3.587641301830E0,-5.E-1));
#6093=LINE('',#6092,#6091);
#6094=DIRECTION('',(0.E0,0.E0,-1.E0));
#6095=VECTOR('',#6094,5.E-1);
#6096=CARTESIAN_POINT('',(-6.860577487882E1,6.776943829202E0,0.E0));
#6097=LINE('',#6096,#6095);
#6098=DIRECTION('',(2.074784788419E-12,8.173017818081E-12,1.E0));
#6099=VECTOR('',#6098,5.E-1);
#6100=CARTESIAN_POINT('',(-6.878912213180E1,6.596726700794E0,-5.E-1));
#6101=LINE('',#6100,#6099);
#6102=CARTESIAN_POINT('',(-6.769686771301E1,6.769120278924E0,-5.E-1));
#6103=CARTESIAN_POINT('',(-6.761117541694E1,6.768382670060E0,-5.E-1));
#6104=CARTESIAN_POINT('',(-6.751591504388E1,6.671466031239E0,-5.E-1));
#6105=CARTESIAN_POINT('',(-6.751665265275E1,6.585773735169E0,-5.E-1));
#6107=DIRECTION('',(-8.607171552639E-3,-9.999629576129E-1,0.E0));
#6108=VECTOR('',#6107,2.090651912978E0);
#6109=CARTESIAN_POINT('',(-6.751665265275E1,6.585773735169E0,-5.E-1));
#6110=LINE('',#6109,#6108);
#6111=CARTESIAN_POINT('',(-6.726193271766E1,4.492857557270E0,-5.E-1));
#6112=DIRECTION('',(0.E0,0.E0,1.E0));
#6113=DIRECTION('',(-9.999630339699E-1,8.598295974318E-3,0.E0));
#6114=AXIS2_PLACEMENT_3D('',#6111,#6112,#6113);
#6116=DIRECTION('',(8.608861694321E-3,9.999629430636E-1,0.E0));
#6117=VECTOR('',#6116,2.090642800577E0);
#6118=CARTESIAN_POINT('',(-6.698921459443E1,4.490513486943E0,-5.E-1));
#6119=LINE('',#6118,#6117);
#6120=CARTESIAN_POINT('',(-6.697121653971E1,6.581078814703E0,-5.E-1));
#6121=CARTESIAN_POINT('',(-6.697047893084E1,6.666771110770E0,-5.E-1));
#6122=CARTESIAN_POINT('',(-6.687356434826E1,6.762033575784E0,-5.E-1));
#6123=CARTESIAN_POINT('',(-6.678787205220E1,6.761295966910E0,-5.E-1));
#6125=CARTESIAN_POINT('',(-6.587896212092E1,6.753472392830E0,-5.E-1));
#6126=CARTESIAN_POINT('',(-6.579326982485E1,6.752734783965E0,-5.E-1));
#6127=CARTESIAN_POINT('',(-6.569800945180E1,6.655818145141E0,-5.E-1));
#6128=CARTESIAN_POINT('',(-6.569874706067E1,6.570125849071E0,-5.E-1));
#6130=DIRECTION('',(-8.607326202382E-3,-9.999629562817E-1,0.E0));
#6131=VECTOR('',#6130,2.771861905749E0);
#6132=CARTESIAN_POINT('',(-6.569874706067E1,6.570125849071E0,-5.E-1));
#6133=LINE('',#6132,#6131);
#6134=CARTESIAN_POINT('',(-6.572260538028E1,3.798366623393E0,-5.E-1));
#6135=CARTESIAN_POINT('',(-6.572338783085E1,3.707464807079E0,-5.E-1));
#6136=CARTESIAN_POINT('',(-6.578188703066E1,3.608128262805E0,-5.E-1));
#6137=CARTESIAN_POINT('',(-6.586101994514E1,3.563387517567E0,-5.E-1));
#6139=DIRECTION('',(-8.702678023390E-1,-4.925788791778E-1,0.E0));
#6140=VECTOR('',#6139,7.946743928674E-1);
#6141=CARTESIAN_POINT('',(-6.586101994514E1,3.563387517567E0,-5.E-1));
#6142=LINE('',#6141,#6140);
#6143=CARTESIAN_POINT('',(-6.655259948260E1,3.171947695817E0,-5.E-1));
#6144=CARTESIAN_POINT('',(-6.660719974302E1,3.141062847318E0,-5.E-1));
#6145=CARTESIAN_POINT('',(-6.667207314084E1,3.124309911132E0,-5.E-1));
#6146=CARTESIAN_POINT('',(-6.673480089205E1,3.124849849350E0,-5.E-1));
#6148=CARTESIAN_POINT('',(-6.781252884647E1,3.134126549058E0,-5.E-1));
#6149=CARTESIAN_POINT('',(-6.787525659767E1,3.134666487276E0,-5.E-1));
#6150=CARTESIAN_POINT('',(-6.793983130863E1,3.152534843591E0,-5.E-1));
#6151=CARTESIAN_POINT('',(-6.799389251571E1,3.184353834676E0,-5.E-1));
#6153=DIRECTION('',(-8.616887324905E-1,5.074372161154E-1,0.E0));
#6154=VECTOR('',#6153,7.947534282971E-1);
#6155=CARTESIAN_POINT('',(-6.799389251571E1,3.184353834676E0,-5.E-1));
#6156=LINE('',#6155,#6154);
#6157=CARTESIAN_POINT('',(-6.867872258998E1,3.587641301830E0,-5.E-1));
#6158=CARTESIAN_POINT('',(-6.875702336812E1,3.633792959060E0,-5.E-1));
#6159=CARTESIAN_POINT('',(-6.881376277107E1,3.734080868322E0,-5.E-1));
#6160=CARTESIAN_POINT('',(-6.881298045142E1,3.824967475129E0,-5.E-1));
#6162=DIRECTION('',(8.607326204861E-3,9.999629562817E-1,0.E0));
#6163=VECTOR('',#6162,2.771861905737E0);
#6164=CARTESIAN_POINT('',(-6.881298045142E1,3.824967475129E0,-5.E-1));
#6165=LINE('',#6164,#6163);
#6166=CARTESIAN_POINT('',(-6.878912213180E1,6.596726700794E0,-5.E-1));
#6167=CARTESIAN_POINT('',(-6.878838451732E1,6.682419648688E0,-5.E-1));
#6168=CARTESIAN_POINT('',(-6.869146782672E1,6.777681443681E0,-5.E-1));
#6169=CARTESIAN_POINT('',(-6.860577487882E1,6.776943829202E0,-5.E-1));
#6171=DIRECTION('',(-8.607326203619E-3,-9.999629562817E-1,0.E0));
#6172=VECTOR('',#6171,9.971162254937E-1);
#6173=CARTESIAN_POINT('',(-6.515453106604E1,6.432357919608E0,-5.E-1));
#6174=LINE('',#6173,#6172);
#6175=DIRECTION('',(-3.836930773105E-12,8.881784197001E-13,-1.E0));
#6176=VECTOR('',#6175,5.E-1);
#6177=CARTESIAN_POINT('',(-6.488050374799E1,6.587416478248E0,0.E0));
#6178=LINE('',#6177,#6176);
#6179=DIRECTION('',(-2.842170943040E-14,3.108624468950E-13,1.E0));
#6180=VECTOR('',#6179,5.E-1);
#6181=CARTESIAN_POINT('',(-6.515453106604E1,6.432357919608E0,-5.E-1));
#6182=LINE('',#6181,#6180);
#6183=DIRECTION('',(0.E0,0.E0,-1.E0));
#6184=VECTOR('',#6183,5.E-1);
#6185=CARTESIAN_POINT('',(-6.328632844938E1,5.490446498635E0,0.E0));
#6186=LINE('',#6185,#6184);
#6187=DIRECTION('',(-4.988010005036E-12,4.405364961713E-12,1.E0));
#6188=VECTOR('',#6187,5.E-1);
#6189=CARTESIAN_POINT('',(-6.342067480580E1,5.727773433649E0,-5.E-1));
#6190=LINE('',#6189,#6188);
#6191=DIRECTION('',(8.607326202760E-3,9.999629562817E-1,0.E0));
#6192=VECTOR('',#6191,1.154526991330E0);
#6193=CARTESIAN_POINT('',(-6.329626583980E1,4.335962275277E0,-5.E-1));
#6194=LINE('',#6193,#6192);
#6195=DIRECTION('',(-9.663381206337E-13,-8.402167850363E-13,-1.E0));
#6196=VECTOR('',#6195,5.E-1);
#6197=CARTESIAN_POINT('',(-6.343467763919E1,4.100983145653E0,0.E0));
#6198=LINE('',#6197,#6196);
#6199=DIRECTION('',(0.E0,0.E0,1.E0));
#6200=VECTOR('',#6199,5.E-1);
#6201=CARTESIAN_POINT('',(-6.329626583980E1,4.335962275277E0,-5.E-1));
#6202=LINE('',#6201,#6200);
#6203=DIRECTION('',(0.E0,5.773159728051E-14,-1.E0));
#6204=VECTOR('',#6203,5.E-1);
#6205=CARTESIAN_POINT('',(-6.518040572392E1,3.426348995308E0,0.E0));
#6206=LINE('',#6205,#6204);
#6207=DIRECTION('',(-5.400124791777E-13,-2.220446049250E-14,1.E0));
#6208=VECTOR('',#6207,5.E-1);
#6209=CARTESIAN_POINT('',(-6.490908818343E1,3.266596993089E0,-5.E-1));
#6210=LINE('',#6209,#6208);
#6211=DIRECTION('',(-8.607326204247E-3,-9.999629562817E-1,0.E0));
#6212=VECTOR('',#6211,9.971162254704E-1);
#6213=CARTESIAN_POINT('',(-6.517182321930E1,4.423428283886E0,-5.E-1));
#6214=LINE('',#6213,#6212);
#6215=DIRECTION('',(-2.671640686458E-12,-2.252420472360E-12,-1.E0));
#6216=VECTOR('',#6215,5.E-1);
#6217=CARTESIAN_POINT('',(-6.503349991490E1,4.658408175256E0,0.E0));
#6218=LINE('',#6217,#6216);
#6219=DIRECTION('',(0.E0,0.E0,1.E0));
#6220=VECTOR('',#6219,5.E-1);
#6221=CARTESIAN_POINT('',(-6.517182321930E1,4.423428283886E0,-5.E-1));
#6222=LINE('',#6221,#6220);
#6223=DIRECTION('',(2.728484105319E-12,-2.092548356813E-12,-1.E0));
#6224=VECTOR('',#6223,5.E-1);
#6225=CARTESIAN_POINT('',(-6.467241903914E1,4.988077002306E0,0.E0));
#6226=LINE('',#6225,#6224);
#6227=DIRECTION('',(1.335820343229E-12,1.527666881884E-12,1.E0));
#6228=VECTOR('',#6227,5.E-1);
#6229=CARTESIAN_POINT('',(-6.467350325963E1,4.862116826883E0,-5.E-1));
#6230=LINE('',#6229,#6228);
#6231=DIRECTION('',(2.842170943040E-14,0.E0,-1.E0));
#6232=VECTOR('',#6231,5.E-1);
#6233=CARTESIAN_POINT('',(-6.516311357065E1,5.435278631007E0,0.E0));
#6234=LINE('',#6233,#6232);
#6235=DIRECTION('',(-1.620037437533E-12,1.451283537790E-12,1.E0));
#6236=VECTOR('',#6235,5.E-1);
#6237=CARTESIAN_POINT('',(-6.502885570327E1,5.197953149077E0,-5.E-1));
#6238=LINE('',#6237,#6236);
#6239=CARTESIAN_POINT('',(-6.497274391036E1,6.430761213787E0,-5.E-1));
#6240=DIRECTION('',(0.E0,0.E0,-1.E0));
#6241=DIRECTION('',(-9.999614283423E-1,8.783042047122E-3,0.E0));
#6242=AXIS2_PLACEMENT_3D('',#6239,#6240,#6241);
#6244=DIRECTION('',(8.616967623617E-1,-5.074235801924E-1,0.E0));
#6245=VECTOR('',#6244,1.694133024470E0);
#6246=CARTESIAN_POINT('',(-6.488050374799E1,6.587416478248E0,-5.E-1));
#6247=LINE('',#6246,#6245);
#6248=CARTESIAN_POINT('',(-6.342067480580E1,5.727773433649E0,-5.E-1));
#6249=CARTESIAN_POINT('',(-6.334236132151E1,5.681614287228E0,-5.E-1));
#6250=CARTESIAN_POINT('',(-6.328554600278E1,5.581347853940E0,-5.E-1));
#6251=CARTESIAN_POINT('',(-6.328632844938E1,5.490446498635E0,-5.E-1));
#6253=CARTESIAN_POINT('',(-6.329626583980E1,4.335962275277E0,-5.E-1));
#6254=CARTESIAN_POINT('',(-6.329704828641E1,4.245060919970E0,-5.E-1));
#6255=CARTESIAN_POINT('',(-6.335554512604E1,4.145723663986E0,-5.E-1));
#6256=CARTESIAN_POINT('',(-6.343467763919E1,4.100983145652E0,-5.E-1));
#6258=DIRECTION('',(-8.703038798930E-1,-4.925151334155E-1,0.E0));
#6259=VECTOR('',#6258,1.694133024456E0);
#6260=CARTESIAN_POINT('',(-6.343467763919E1,4.100983145652E0,-5.E-1));
#6261=LINE('',#6260,#6259);
#6262=CARTESIAN_POINT('',(-6.499864816519E1,3.424765658681E0,-5.E-1));
#6263=DIRECTION('',(0.E0,0.E0,-1.E0));
#6264=DIRECTION('',(4.927254988036E-1,-8.701847980910E-1,0.E0));
#6265=AXIS2_PLACEMENT_3D('',#6262,#6263,#6264);
#6267=CARTESIAN_POINT('',(-6.517182321930E1,4.423428283886E0,-5.E-1));
#6268=CARTESIAN_POINT('',(-6.517104089965E1,4.514314890689E0,-5.E-1));
#6269=CARTESIAN_POINT('',(-6.511258354634E1,4.613611227159E0,-5.E-1));
#6270=CARTESIAN_POINT('',(-6.503349991490E1,4.658408175255E0,-5.E-1));
#6272=DIRECTION('',(8.703221812768E-1,4.924827923669E-1,0.E0));
#6273=VECTOR('',#6272,4.136360798506E-1);
#6274=CARTESIAN_POINT('',(-6.503349991490E1,4.658408175255E0,-5.E-1));
#6275=LINE('',#6274,#6273);
#6276=CARTESIAN_POINT('',(-6.470932371940E1,4.925409910694E0,-5.E-1));
#6277=DIRECTION('',(0.E0,0.E0,1.E0));
#6278=DIRECTION('',(4.925376727682E-1,-8.702911242246E-1,0.E0));
#6279=AXIS2_PLACEMENT_3D('',#6276,#6277,#6278);
#6281=DIRECTION('',(-8.617148832532E-1,5.073928063936E-1,0.E0));
#6282=VECTOR('',#6281,4.136364255209E-1);
#6283=CARTESIAN_POINT('',(-6.467241903914E1,4.988077002305E0,-5.E-1));
#6284=LINE('',#6283,#6282);
#6285=CARTESIAN_POINT('',(-6.502885570327E1,5.197953149077E0,-5.E-1));
#6286=CARTESIAN_POINT('',(-6.510715659296E1,5.244104223923E0,-5.E-1));
#6287=CARTESIAN_POINT('',(-6.516389588859E1,5.344392223801E0,-5.E-1));
#6288=CARTESIAN_POINT('',(-6.516311357065E1,5.435278631007E0,-5.E-1));
#6290=DIRECTION('',(1.421085471520E-14,0.E0,-1.E0));
#6291=VECTOR('',#6290,5.E-1);
#6292=CARTESIAN_POINT('',(-6.172393731120E1,6.717670768869E0,0.E0));
#6293=LINE('',#6292,#6291);
#6294=DIRECTION('',(-7.347011887759E-12,-3.321787289678E-12,1.E0));
#6295=VECTOR('',#6294,5.E-1);
#6296=CARTESIAN_POINT('',(-6.190622998111E1,6.670573707944E0,-5.E-1));
#6297=LINE('',#6296,#6295);
#6298=DIRECTION('',(-9.999629562817E-1,8.607326202893E-3,0.E0));
#6299=VECTOR('',#6298,1.077676615100E0);
#6300=CARTESIAN_POINT('',(-6.064630061725E1,6.708394854702E0,-5.E-1));
#6301=LINE('',#6300,#6299);
#6302=DIRECTION('',(2.019362455030E-11,-9.565681580170E-12,-1.E0));
#6303=VECTOR('',#6302,5.E-1);
#6304=CARTESIAN_POINT('',(-6.046493971346E1,6.658167592885E0,0.E0));
#6305=LINE('',#6304,#6303);
#6306=DIRECTION('',(-2.842170943040E-14,0.E0,1.E0));
#6307=VECTOR('',#6306,5.E-1);
#6308=CARTESIAN_POINT('',(-6.064630061725E1,6.708394854702E0,-5.E-1));
#6309=LINE('',#6308,#6307);
#6310=DIRECTION('',(0.E0,0.E0,-1.E0));
#6311=VECTOR('',#6310,5.E-1);
#6312=CARTESIAN_POINT('',(-5.964585177777E1,6.017553952449E0,0.E0));
#6313=LINE('',#6312,#6311);
#6314=DIRECTION('',(7.830180948076E-12,-6.938449814697E-12,1.E0));
#6315=VECTOR('',#6314,5.E-1);
#6316=CARTESIAN_POINT('',(-5.978010687373E1,6.254880101931E0,-5.E-1));
#6317=LINE('',#6316,#6315);
#6318=DIRECTION('',(8.607326201063E-3,9.999629562817E-1,0.E0));
#6319=VECTOR('',#6318,1.544202848331E0);
#6320=CARTESIAN_POINT('',(-5.965914323541E1,4.473408307133E0,-5.E-1));
#6321=LINE('',#6320,#6319);
#6322=DIRECTION('',(4.490630090004E-12,3.831601702586E-12,-1.E0));
#6323=VECTOR('',#6322,5.E-1);
#6324=CARTESIAN_POINT('',(-5.979746377434E1,4.238428391960E0,0.E0));
#6325=LINE('',#6324,#6323);
#6326=DIRECTION('',(1.421085471520E-14,0.E0,1.E0));
#6327=VECTOR('',#6326,5.E-1);
#6328=CARTESIAN_POINT('',(-5.965914323541E1,4.473408307133E0,-5.E-1));
#6329=LINE('',#6328,#6327);
#6330=DIRECTION('',(-1.421085471520E-14,0.E0,-1.E0));
#6331=VECTOR('',#6330,5.E-1);
#6332=CARTESIAN_POINT('',(-6.067133676129E1,3.799800940186E0,0.E0));
#6333=LINE('',#6332,#6331);
#6334=DIRECTION('',(1.148237060988E-11,5.197620112085E-12,1.E0));
#6335=VECTOR('',#6334,5.E-1);
#6336=CARTESIAN_POINT('',(-6.048913733775E1,3.846989379544E0,-5.E-1));
#6337=LINE('',#6336,#6335);
#6338=DIRECTION('',(9.999629562817E-1,-8.607326204168E-3,0.E0));
#6339=VECTOR('',#6338,7.388416311617E-1);
#6340=CARTESIAN_POINT('',(-6.141015102301E1,3.806160391119E0,-5.E-1));
#6341=LINE('',#6340,#6339);
#6342=DIRECTION('',(0.E0,0.E0,-1.E0));
#6343=VECTOR('',#6342,5.E-1);
#6344=CARTESIAN_POINT('',(-6.148345310818E1,3.734109453177E0,0.E0));
#6345=LINE('',#6344,#6343);
#6346=DIRECTION('',(0.E0,0.E0,1.E0));
#6347=VECTOR('',#6346,5.E-1);
#6348=CARTESIAN_POINT('',(-6.141015102301E1,3.806160391119E0,-5.E-1));
#6349=LINE('',#6348,#6347);
#6350=DIRECTION('',(8.607326205529E-3,9.999629562817E-1,0.E0));
#6351=VECTOR('',#6350,4.726851596772E-1);
#6352=CARTESIAN_POINT('',(-6.148752166354E1,3.261441803516E0,-5.E-1));
#6353=LINE('',#6352,#6351);
#6354=DIRECTION('',(0.E0,0.E0,-1.E0));
#6355=VECTOR('',#6354,5.E-1);
#6356=CARTESIAN_POINT('',(-6.167086615105E1,3.081224651309E0,0.E0));
#6357=LINE('',#6356,#6355);
#6358=DIRECTION('',(0.E0,0.E0,1.E0));
#6359=VECTOR('',#6358,5.E-1);
#6360=CARTESIAN_POINT('',(-6.148752166354E1,3.261441803516E0,-5.E-1));
#6361=LINE('',#6360,#6359);
#6362=DIRECTION('',(9.999629562817E-1,-8.607326203108E-3,0.E0));
#6363=VECTOR('',#6362,9.090321001984E-1);
#6364=CARTESIAN_POINT('',(-6.257986457732E1,3.089048987125E0,-5.E-1));
#6365=LINE('',#6364,#6363);
#6366=DIRECTION('',(-3.836930773105E-12,1.602984411875E-11,-1.E0));
#6367=VECTOR('',#6366,5.E-1);
#6368=CARTESIAN_POINT('',(-6.276008240305E1,3.272395554669E0,0.E0));
#6369=LINE('',#6368,#6367);
#6370=DIRECTION('',(0.E0,0.E0,1.E0));
#6371=VECTOR('',#6370,5.E-1);
#6372=CARTESIAN_POINT('',(-6.257986457732E1,3.089048987125E0,-5.E-1));
#6373=LINE('',#6372,#6371);
#6374=DIRECTION('',(-2.884803507186E-12,-2.460254222569E-12,-1.E0));
#6375=VECTOR('',#6374,5.E-1);
#6376=CARTESIAN_POINT('',(-6.259780951858E1,6.279133886188E0,0.E0));
#6377=LINE('',#6376,#6375);
#6378=DIRECTION('',(4.149569576839E-12,2.034816759533E-11,1.E0));
#6379=VECTOR('',#6378,5.E-1);
#6380=CARTESIAN_POINT('',(-6.273622408343E1,6.044154780355E0,-5.E-1));
#6381=LINE('',#6380,#6379);
#6382=DIRECTION('',(8.702678023405E-1,4.925788791752E-1,0.E0));
#6383=VECTOR('',#6382,7.946743928863E-1);
#6384=CARTESIAN_POINT('',(-6.259780951858E1,6.279133886187E0,-5.E-1));
#6385=LINE('',#6384,#6383);
#6386=CARTESIAN_POINT('',(-6.190622998111E1,6.670573707944E0,-5.E-1));
#6387=CARTESIAN_POINT('',(-6.185160347300E1,6.701471841941E0,-5.E-1));
#6388=CARTESIAN_POINT('',(-6.178669444837E1,6.718210960031E0,-5.E-1));
#6389=CARTESIAN_POINT('',(-6.172393731120E1,6.717670768869E0,-5.E-1));
#6391=CARTESIAN_POINT('',(-6.064630061725E1,6.708394854702E0,-5.E-1));
#6392=CARTESIAN_POINT('',(-6.058357375650E1,6.707854924148E0,-5.E-1));
#6393=CARTESIAN_POINT('',(-6.051899946397E1,6.689987303086E0,-5.E-1));
#6394=CARTESIAN_POINT('',(-6.046493971345E1,6.658167592880E0,-5.E-1));
#6396=DIRECTION('',(8.616896153726E-1,-5.074357168736E-1,0.E0));
#6397=VECTOR('',#6396,7.947558233261E-1);
#6398=CARTESIAN_POINT('',(-6.046493971345E1,6.658167592880E0,-5.E-1));
#6399=LINE('',#6398,#6397);
#6400=CARTESIAN_POINT('',(-5.978010687373E1,6.254880101931E0,-5.E-1));
#6401=CARTESIAN_POINT('',(-5.970180714796E1,6.208727566770E0,-5.E-1));
#6402=CARTESIAN_POINT('',(-5.964506946209E1,6.108440098475E0,-5.E-1));
#6403=CARTESIAN_POINT('',(-5.964585177777E1,6.017553952449E0,-5.E-1));
#6405=CARTESIAN_POINT('',(-5.965914323541E1,4.473408307133E0,-5.E-1));
#6406=CARTESIAN_POINT('',(-5.965992555110E1,4.382522161103E0,-5.E-1));
#6407=CARTESIAN_POINT('',(-5.971834513600E1,4.283162546979E0,-5.E-1));
#6408=CARTESIAN_POINT('',(-5.979746377434E1,4.238428391962E0,-5.E-1));
#6410=DIRECTION('',(-8.702969428847E-1,-4.925273913252E-1,0.E0));
#6411=VECTOR('',#6410,7.947558233556E-1);
#6412=CARTESIAN_POINT('',(-5.979746377434E1,4.238428391962E0,-5.E-1));
#6413=LINE('',#6412,#6411);
#6414=CARTESIAN_POINT('',(-6.048913733775E1,3.846989379544E0,-5.E-1));
#6415=CARTESIAN_POINT('',(-6.054374362436E1,3.816101122309E0,-5.E-1));
#6416=CARTESIAN_POINT('',(-6.060860208687E1,3.799260942375E0,-5.E-1));
#6417=CARTESIAN_POINT('',(-6.067133676129E1,3.799800940186E0,-5.E-1));
#6419=CARTESIAN_POINT('',(-6.141015102301E1,3.806160391119E0,-5.E-1));
#6420=CARTESIAN_POINT('',(-6.144441105911E1,3.806455289350E0,-5.E-1));
#6421=CARTESIAN_POINT('',(-6.148315820995E1,3.768369489280E0,-5.E-1));
#6422=CARTESIAN_POINT('',(-6.148345310818E1,3.734109453177E0,-5.E-1));
#6424=CARTESIAN_POINT('',(-6.148752166354E1,3.261441803516E0,-5.E-1));
#6425=CARTESIAN_POINT('',(-6.148825927241E1,3.175749507449E0,-5.E-1));
#6426=CARTESIAN_POINT('',(-6.158517385498E1,3.080487042443E0,-5.E-1));
#6427=CARTESIAN_POINT('',(-6.167086615105E1,3.081224651309E0,-5.E-1));
#6429=CARTESIAN_POINT('',(-6.257986457732E1,3.089048987125E0,-5.E-1));
#6430=CARTESIAN_POINT('',(-6.266555752521E1,3.089786601600E0,-5.E-1));
#6431=CARTESIAN_POINT('',(-6.276082001753E1,3.186702606782E0,-5.E-1));
#6432=CARTESIAN_POINT('',(-6.276008240305E1,3.272395554677E0,-5.E-1));
#6434=DIRECTION('',(8.607326203368E-3,9.999629562817E-1,0.E0));
#6435=VECTOR('',#6434,2.771861905749E0);
#6436=CARTESIAN_POINT('',(-6.276008240305E1,3.272395554677E0,-5.E-1));
#6437=LINE('',#6436,#6435);
#6438=CARTESIAN_POINT('',(-6.273622408343E1,6.044154780355E0,-5.E-1));
#6439=CARTESIAN_POINT('',(-6.273544163286E1,6.135056596664E0,-5.E-1));
#6440=CARTESIAN_POINT('',(-6.267694243305E1,6.234393140946E0,-5.E-1));
#6441=CARTESIAN_POINT('',(-6.259780951858E1,6.279133886187E0,-5.E-1));
#6443=CARTESIAN_POINT('',(-6.119765194003E1,5.258734628047E0,-5.E-1));
#6444=DIRECTION('',(0.E0,0.E0,1.E0));
#6445=DIRECTION('',(-9.999607261769E-1,8.862623982989E-3,0.E0));
#6446=AXIS2_PLACEMENT_3D('',#6443,#6444,#6445);
#6448=CARTESIAN_POINT('',(-6.119765108011E1,5.258827915555E0,-5.E-1));
#6449=DIRECTION('',(0.E0,0.E0,1.E0));
#6450=DIRECTION('',(9.999607533359E-1,-8.859559121567E-3,0.E0));
#6451=AXIS2_PLACEMENT_3D('',#6448,#6449,#6450);
#6453=DIRECTION('',(-6.592821493664E-7,-6.240175478850E-5,-9.999999980528E-1));
#6454=VECTOR('',#6453,5.000000009736E-1);
#6455=CARTESIAN_POINT('',(-6.083407364570E1,5.255668165005E0,0.E0));
#6456=LINE('',#6455,#6454);
#6457=CARTESIAN_POINT('',(-6.119765194003E1,5.258734628047E0,0.E0));
#6458=DIRECTION('',(0.E0,0.E0,-1.E0));
#6459=DIRECTION('',(9.999651752873E-1,-8.345550473315E-3,0.E0));
#6460=AXIS2_PLACEMENT_3D('',#6457,#6458,#6459);
#6462=CARTESIAN_POINT('',(-6.119765108011E1,5.258827915555E0,0.E0));
#6463=DIRECTION('',(0.E0,0.E0,-1.E0));
#6464=DIRECTION('',(-9.999651532621E-1,8.348189112013E-3,0.E0));
#6465=AXIS2_PLACEMENT_3D('',#6462,#6463,#6464);
#6467=DIRECTION('',(3.945918926114E-7,6.250736387914E-5,-9.999999980463E-1));
#6468=VECTOR('',#6467,5.000000009768E-1);
#6469=CARTESIAN_POINT('',(-6.156122931772E1,5.261893856571E0,0.E0));
#6470=LINE('',#6469,#6468);
#6471=DIRECTION('',(0.E0,0.E0,-1.E0));
#6472=VECTOR('',#6471,5.E-1);
#6473=CARTESIAN_POINT('',(-5.891279404218E1,6.693510090562E0,0.E0));
#6474=LINE('',#6473,#6472);
#6475=DIRECTION('',(9.663381206337E-13,3.732125719580E-12,1.E0));
#6476=VECTOR('',#6475,5.E-1);
#6477=CARTESIAN_POINT('',(-5.909614406063E1,6.513292985961E0,-5.E-1));
#6478=LINE('',#6477,#6476);
#6479=DIRECTION('',(-9.999629562817E-1,8.607326202116E-3,0.E0));
#6480=VECTOR('',#6479,9.089380707853E-1);
#6481=CARTESIAN_POINT('',(-5.800388964184E1,6.685686564089E0,-5.E-1));
#6482=LINE('',#6481,#6480);
#6483=DIRECTION('',(-2.842170943040E-14,0.E0,-1.E0));
#6484=VECTOR('',#6483,5.E-1);
#6485=CARTESIAN_POINT('',(-5.782367458158E1,6.502340020337E0,0.E0));
#6486=LINE('',#6485,#6484);
#6487=DIRECTION('',(0.E0,0.E0,1.E0));
#6488=VECTOR('',#6487,5.E-1);
#6489=CARTESIAN_POINT('',(-5.800388964184E1,6.685686564089E0,-5.E-1));
#6490=LINE('',#6489,#6488);
#6491=DIRECTION('',(1.296800049933E-6,1.507277141376E-4,-9.999999886397E-1));
#6492=VECTOR('',#6491,5.000000056801E-1);
#6493=CARTESIAN_POINT('',(-5.783227531714E1,5.502514491765E0,0.E0));
#6494=LINE('',#6493,#6492);
#6495=DIRECTION('',(8.601918043535E-3,9.999630028186E-1,0.E0));
#6496=VECTOR('',#6495,9.997871540204E-1);
#6497=CARTESIAN_POINT('',(-5.783227466874E1,5.502589855623E0,-5.E-1));
#6498=LINE('',#6497,#6496);
#6499=DIRECTION('',(-8.609804495929E-3,-9.999629349464E-1,0.E0));
#6500=VECTOR('',#6499,9.998913473806E-1);
#6501=CARTESIAN_POINT('',(-5.727823570307E1,6.497645076068E0,-5.E-1));
#6502=LINE('',#6501,#6500);
#6503=DIRECTION('',(1.295311178755E-6,1.504515737475E-4,9.999999886813E-1));
#6504=VECTOR('',#6503,5.000000056593E-1);
#6505=CARTESIAN_POINT('',(-5.728684457209E1,5.497790789714E0,-5.E-1));
#6506=LINE('',#6505,#6504);
#6507=DIRECTION('',(0.E0,0.E0,-1.E0));
#6508=VECTOR('',#6507,5.E-1);
#6509=CARTESIAN_POINT('',(-5.709489121557E1,6.677862228273E0,0.E0));
#6510=LINE('',#6509,#6508);
#6511=DIRECTION('',(-2.245315045002E-12,-8.840927989695E-12,1.E0));
#6512=VECTOR('',#6511,5.E-1);
#6513=CARTESIAN_POINT('',(-5.727823570307E1,6.497645076068E0,-5.E-1));
#6514=LINE('',#6513,#6512);
#6515=DIRECTION('',(-9.999629562817E-1,8.607326204293E-3,0.E0));
#6516=VECTOR('',#6515,9.089436019411E-1);
#6517=CARTESIAN_POINT('',(-5.618598128428E1,6.670038654190E0,-5.E-1));
#6518=LINE('',#6517,#6516);
#6519=DIRECTION('',(-4.305888978706E-12,1.793942772110E-11,-1.E0));
#6520=VECTOR('',#6519,5.E-1);
#6521=CARTESIAN_POINT('',(-5.600576622402E1,6.486692110420E0,0.E0));
#6522=LINE('',#6521,#6520);
#6523=DIRECTION('',(0.E0,0.E0,1.E0));
#6524=VECTOR('',#6523,5.E-1);
#6525=CARTESIAN_POINT('',(-5.618598128428E1,6.670038654190E0,-5.E-1));
#6526=LINE('',#6525,#6524);
#6527=DIRECTION('',(0.E0,0.E0,-1.E0));
#6528=VECTOR('',#6527,5.E-1);
#6529=CARTESIAN_POINT('',(-5.621727627093E1,3.034318730475E0,0.E0));
#6530=LINE('',#6529,#6528);
#6531=DIRECTION('',(4.618527782441E-12,1.786393255543E-11,1.E0));
#6532=VECTOR('',#6531,5.E-1);
#6533=CARTESIAN_POINT('',(-5.603393178937E1,3.214535191312E0,-5.E-1));
#6534=LINE('',#6533,#6532);
#6535=DIRECTION('',(9.999629562817E-1,-8.607326204748E-3,0.E0));
#6536=VECTOR('',#6535,9.089436019415E-1);
#6537=CARTESIAN_POINT('',(-5.712618620222E1,3.042142304558E0,-5.E-1));
#6538=LINE('',#6537,#6536);
#6539=DIRECTION('',(0.E0,0.E0,-1.E0));
#6540=VECTOR('',#6539,5.E-1);
#6541=CARTESIAN_POINT('',(-5.730640126842E1,3.225488156946E0,0.E0));
#6542=LINE('',#6541,#6540);
#6543=DIRECTION('',(0.E0,0.E0,1.E0));
#6544=VECTOR('',#6543,5.E-1);
#6545=CARTESIAN_POINT('',(-5.712618620222E1,3.042142304558E0,-5.E-1));
#6546=LINE('',#6545,#6544);
#6547=DIRECTION('',(-1.133975899749E-7,-1.317437770850E-5,-9.999999999132E-1));
#6548=VECTOR('',#6547,5.000000000434E-1);
#6549=CARTESIAN_POINT('',(-5.729779560450E1,4.225290719732E0,0.E0));
#6550=LINE('',#6549,#6548);
#6551=DIRECTION('',(-8.607044509625E-3,-9.999629587064E-1,0.E0));
#6552=VECTOR('',#6551,9.998330107054E-1);
#6553=CARTESIAN_POINT('',(-5.729779566120E1,4.225284132543E0,-5.E-1));
#6554=LINE('',#6553,#6552);
#6555=DIRECTION('',(8.610588428694E-3,9.999629281963E-1,0.E0));
#6556=VECTOR('',#6555,9.998233133207E-1);
#6557=CARTESIAN_POINT('',(-5.785184014693E1,3.230183101218E0,-5.E-1));
#6558=LINE('',#6557,#6556);
#6559=DIRECTION('',(-2.117955090667E-7,-2.459795476606E-5,9.999999996974E-1));
#6560=VECTOR('',#6559,5.000000001513E-1);
#6561=CARTESIAN_POINT('',(-5.784323107988E1,4.229969349285E0,-5.E-1));
#6562=LINE('',#6561,#6560);
#6563=DIRECTION('',(1.421085471520E-14,0.E0,-1.E0));
#6564=VECTOR('',#6563,5.E-1);
#6565=CARTESIAN_POINT('',(-5.803518462849E1,3.049966640374E0,0.E0));
#6566=LINE('',#6565,#6564);
#6567=DIRECTION('',(-5.243805389910E-12,-2.038458291054E-11,1.E0));
#6568=VECTOR('',#6567,5.E-1);
#6569=CARTESIAN_POINT('',(-5.785184014693E1,3.230183101218E0,-5.E-1));
#6570=LINE('',#6569,#6568);
#6571=DIRECTION('',(9.999629562817E-1,-8.607326205374E-3,0.E0));
#6572=VECTOR('',#6571,9.089380707957E-1);
#6573=CARTESIAN_POINT('',(-5.894408902884E1,3.057790166850E0,-5.E-1));
#6574=LINE('',#6573,#6572);
#6575=DIRECTION('',(-9.094947017729E-13,3.749001109554E-12,-1.E0));
#6576=VECTOR('',#6575,5.E-1);
#6577=CARTESIAN_POINT('',(-5.912430962598E1,3.241136066845E0,0.E0));
#6578=LINE('',#6577,#6576);
#6579=DIRECTION('',(0.E0,0.E0,1.E0));
#6580=VECTOR('',#6579,5.E-1);
#6581=CARTESIAN_POINT('',(-5.894408902884E1,3.057790166850E0,-5.E-1));
#6582=LINE('',#6581,#6580);
#6583=CARTESIAN_POINT('',(-5.909614406063E1,6.513292985961E0,-5.E-1));
#6584=CARTESIAN_POINT('',(-5.909540644054E1,6.598986585686E0,-5.E-1));
#6585=CARTESIAN_POINT('',(-5.899848764191E1,6.694247710654E0,-5.E-1));
#6586=CARTESIAN_POINT('',(-5.891279404218E1,6.693510090562E0,-5.E-1));
#6588=CARTESIAN_POINT('',(-5.800388964184E1,6.685686564089E0,-5.E-1));
#6589=CARTESIAN_POINT('',(-5.791819734578E1,6.684948955220E0,-5.E-1));
#6590=CARTESIAN_POINT('',(-5.782293697272E1,6.588032316406E0,-5.E-1));
#6591=CARTESIAN_POINT('',(-5.782367458158E1,6.502340020337E0,-5.E-1));
#6593=CARTESIAN_POINT('',(-5.755955833943E1,5.500126678573E0,-5.E-1));
#6594=DIRECTION('',(0.E0,0.E0,1.E0));
#6595=DIRECTION('',(-9.999573913706E-1,9.231221117946E-3,0.E0));
#6596=AXIS2_PLACEMENT_3D('',#6593,#6594,#6595);
#6598=CARTESIAN_POINT('',(-5.727823570307E1,6.497645076068E0,-5.E-1));
#6599=CARTESIAN_POINT('',(-5.727749809420E1,6.583337372134E0,-5.E-1));
#6600=CARTESIAN_POINT('',(-5.718058351163E1,6.678599837137E0,-5.E-1));
#6601=CARTESIAN_POINT('',(-5.709489121557E1,6.677862228273E0,-5.E-1));
#6603=CARTESIAN_POINT('',(-5.618598128428E1,6.670038654190E0,-5.E-1));
#6604=CARTESIAN_POINT('',(-5.610028898821E1,6.669301045319E0,-5.E-1));
#6605=CARTESIAN_POINT('',(-5.600502861515E1,6.572384406497E0,-5.E-1));
#6606=CARTESIAN_POINT('',(-5.600576622403E1,6.486692110429E0,-5.E-1));
#6608=DIRECTION('',(-8.607326202931E-3,-9.999629562817E-1,0.E0));
#6609=VECTOR('',#6608,3.272278136466E0);
#6610=CARTESIAN_POINT('',(-5.600576622403E1,6.486692110429E0,-5.E-1));
#6611=LINE('',#6610,#6609);
#6612=CARTESIAN_POINT('',(-5.603393178937E1,3.214535191312E0,-5.E-1));
#6613=CARTESIAN_POINT('',(-5.603466939684E1,3.128843058200E0,-5.E-1));
#6614=CARTESIAN_POINT('',(-5.613158413782E1,3.033581123009E0,-5.E-1));
#6615=CARTESIAN_POINT('',(-5.621727627093E1,3.034318730475E0,-5.E-1));
#6617=CARTESIAN_POINT('',(-5.712618620222E1,3.042142304558E0,-5.E-1));
#6618=CARTESIAN_POINT('',(-5.721187833533E1,3.042879912031E0,-5.E-1));
#6619=CARTESIAN_POINT('',(-5.730713887588E1,3.139796023839E0,-5.E-1));
#6620=CARTESIAN_POINT('',(-5.730640126842E1,3.225488156946E0,-5.E-1));
#6622=CARTESIAN_POINT('',(-5.757051153159E1,4.227623989127E0,-5.E-1));
#6623=DIRECTION('',(0.E0,0.E0,1.E0));
#6624=DIRECTION('',(9.999631066230E-1,-8.589842422316E-3,0.E0));
#6625=AXIS2_PLACEMENT_3D('',#6622,#6623,#6624);
#6627=CARTESIAN_POINT('',(-5.785184014693E1,3.230183101218E0,-5.E-1));
#6628=CARTESIAN_POINT('',(-5.785257775440E1,3.144490968107E0,-5.E-1));
#6629=CARTESIAN_POINT('',(-5.794949249538E1,3.049229032909E0,-5.E-1));
#6630=CARTESIAN_POINT('',(-5.803518462849E1,3.049966640374E0,-5.E-1));
#6632=CARTESIAN_POINT('',(-5.894408902884E1,3.057790166850E0,-5.E-1));
#6633=CARTESIAN_POINT('',(-5.902978246561E1,3.058527785538E0,-5.E-1));
#6634=CARTESIAN_POINT('',(-5.912504724467E1,3.155442630079E0,-5.E-1));
#6635=CARTESIAN_POINT('',(-5.912430962598E1,3.241136066847E0,-5.E-1));
#6637=DIRECTION('',(8.607326203275E-3,9.999629562817E-1,0.E0));
#6638=VECTOR('',#6637,3.272278136464E0);
#6639=CARTESIAN_POINT('',(-5.912430962598E1,3.241136066847E0,-5.E-1));
#6640=LINE('',#6639,#6638);
#6641=DIRECTION('',(-9.999629562817E-1,8.607326204914E-3,0.E0));
#6642=VECTOR('',#6641,9.089436019316E-1);
#6643=CARTESIAN_POINT('',(-5.436812815874E1,6.654400208147E0,-5.E-1));
#6644=LINE('',#6643,#6642);
#6645=DIRECTION('',(0.E0,0.E0,-1.E0));
#6646=VECTOR('',#6645,5.E-1);
#6647=CARTESIAN_POINT('',(-5.418791309253E1,6.471054355754E0,0.E0));
#6648=LINE('',#6647,#6646);
#6649=DIRECTION('',(0.E0,0.E0,1.E0));
#6650=VECTOR('',#6649,5.E-1);
#6651=CARTESIAN_POINT('',(-5.436812815874E1,6.654400208147E0,-5.E-1));
#6652=LINE('',#6651,#6650);
#6653=DIRECTION('',(1.476483077805E-7,1.715379277659E-5,-9.999999998529E-1));
#6654=VECTOR('',#6653,5.000000000736E-1);
#6655=CARTESIAN_POINT('',(-5.419964865723E1,5.107598747249E0,0.E0));
#6656=LINE('',#6655,#6654);
#6657=DIRECTION('',(8.606902885877E-3,9.999629599254E-1,0.E0));
#6658=VECTOR('',#6657,1.363497535659E0);
#6659=CARTESIAN_POINT('',(-5.419964858340E1,5.107607324145E0,-5.E-1));
#6660=LINE('',#6659,#6658);
#6661=DIRECTION('',(-8.609522912405E-3,-9.999629373708E-1,0.E0));
#6662=VECTOR('',#6661,1.363491328528E0);
#6663=CARTESIAN_POINT('',(-5.364247974496E1,6.466359459104E0,-5.E-1));
#6664=LINE('',#6663,#6662);
#6665=DIRECTION('',(1.956803003572E-7,2.272888213407E-5,9.999999997417E-1));
#6666=VECTOR('',#6665,5.000000001292E-1);
#6667=CARTESIAN_POINT('',(-5.365421875479E1,5.102918665150E0,-5.E-1));
#6668=LINE('',#6667,#6666);
#6669=DIRECTION('',(0.E0,0.E0,-1.E0));
#6670=VECTOR('',#6669,5.E-1);
#6671=CARTESIAN_POINT('',(-5.345912973246E1,6.646575872331E0,0.E0));
#6672=LINE('',#6671,#6670);
#6673=DIRECTION('',(8.810729923425E-13,3.376854351700E-12,1.E0));
#6674=VECTOR('',#6673,5.E-1);
#6675=CARTESIAN_POINT('',(-5.364247974496E1,6.466359459104E0,-5.E-1));
#6676=LINE('',#6675,#6674);
#6677=DIRECTION('',(-9.999629562817E-1,8.607326201824E-3,0.E0));
#6678=VECTOR('',#6677,9.089380707866E-1);
#6679=CARTESIAN_POINT('',(-5.255022533212E1,6.638752345859E0,-5.E-1));
#6680=LINE('',#6679,#6678);
#6681=DIRECTION('',(-1.278976924368E-12,5.309530592967E-12,-1.E0));
#6682=VECTOR('',#6681,5.E-1);
#6683=CARTESIAN_POINT('',(-5.237000473498E1,6.455406445870E0,0.E0));
#6684=LINE('',#6683,#6682);
#6685=DIRECTION('',(-2.842170943040E-14,0.E0,1.E0));
#6686=VECTOR('',#6685,5.E-1);
#6687=CARTESIAN_POINT('',(-5.255022533212E1,6.638752345859E0,-5.E-1));
#6688=LINE('',#6687,#6686);
#6689=DIRECTION('',(5.385913937062E-12,4.597211500368E-12,-1.E0));
#6690=VECTOR('',#6689,5.E-1);
#6691=CARTESIAN_POINT('',(-5.252601878279E1,4.175793432189E0,0.E0));
#6692=LINE('',#6691,#6690);
#6693=DIRECTION('',(1.378452907375E-12,6.773248628633E-12,1.E0));
#6694=VECTOR('',#6693,5.E-1);
#6695=CARTESIAN_POINT('',(-5.238760421794E1,4.410772538013E0,-5.E-1));
#6696=LINE('',#6695,#6694);
#6697=DIRECTION('',(0.E0,0.E0,-1.E0));
#6698=VECTOR('',#6697,5.E-1);
#6699=CARTESIAN_POINT('',(-5.330274724761E1,3.694460957046E0,0.E0));
#6700=LINE('',#6699,#6698);
#6701=DIRECTION('',(-5.329070518201E-12,-4.568789790937E-12,1.E0));
#6702=VECTOR('',#6701,5.E-1);
#6703=CARTESIAN_POINT('',(-5.326586688159E1,3.757128257962E0,-5.E-1));
#6704=LINE('',#6703,#6702);
#6705=DIRECTION('',(8.607326201316E-3,9.999629562817E-1,0.E0));
#6706=VECTOR('',#6705,5.034065042612E-1);
#6707=CARTESIAN_POINT('',(-5.330708023161E1,3.191073100834E0,-5.E-1));
#6708=LINE('',#6707,#6706);
#6709=DIRECTION('',(1.421085471520E-14,0.E0,-1.E0));
#6710=VECTOR('',#6709,5.E-1);
#6711=CARTESIAN_POINT('',(-5.349042471911E1,3.010855948617E0,0.E0));
#6712=LINE('',#6711,#6710);
#6713=DIRECTION('',(-1.421085471520E-14,-1.243449787580E-14,1.E0));
#6714=VECTOR('',#6713,5.E-1);
#6715=CARTESIAN_POINT('',(-5.330708023161E1,3.191073100834E0,-5.E-1));
#6716=LINE('',#6715,#6714);
#6717=DIRECTION('',(9.999629562817E-1,-8.607326202850E-3,0.E0));
#6718=VECTOR('',#6717,9.090321002096E-1);
#6719=CARTESIAN_POINT('',(-5.439942314539E1,3.018680284432E0,-5.E-1));
#6720=LINE('',#6719,#6718);
#6721=DIRECTION('',(0.E0,0.E0,-1.E0));
#6722=VECTOR('',#6721,5.E-1);
#6723=CARTESIAN_POINT('',(-5.457964373658E1,3.202026875790E0,0.E0));
#6724=LINE('',#6723,#6722);
#6725=DIRECTION('',(0.E0,0.E0,1.E0));
#6726=VECTOR('',#6725,5.E-1);
#6727=CARTESIAN_POINT('',(-5.439942314539E1,3.018680284432E0,-5.E-1));
#6728=LINE('',#6727,#6726);
#6729=DIRECTION('',(-8.607326205893E-3,-9.999629562817E-1,0.E0));
#6730=VECTOR('',#6729,5.034065042915E-1);
#6731=CARTESIAN_POINT('',(-5.457531075258E1,3.705414732033E0,-5.E-1));
#6732=LINE('',#6731,#6730);
#6733=DIRECTION('',(-1.634248292248E-12,1.435296326235E-12,-1.E0));
#6734=VECTOR('',#6733,5.E-1);
#6735=CARTESIAN_POINT('',(-5.461110689812E1,3.768707606544E0,0.E0));
#6736=LINE('',#6735,#6734);
#6737=DIRECTION('',(0.E0,0.E0,1.E0));
#6738=VECTOR('',#6737,5.E-1);
#6739=CARTESIAN_POINT('',(-5.457531075258E1,3.705414732033E0,-5.E-1));
#6740=LINE('',#6739,#6738);
#6741=DIRECTION('',(3.268496584496E-13,-1.689315354270E-12,-1.E0));
#6742=VECTOR('',#6741,5.E-1);
#6743=CARTESIAN_POINT('',(-5.547798205453E1,4.437373413545E0,0.E0));
#6744=LINE('',#6743,#6742);
#6745=DIRECTION('',(1.620037437533E-12,-1.438849039914E-12,1.E0));
#6746=VECTOR('',#6745,5.E-1);
#6747=CARTESIAN_POINT('',(-5.534372142763E1,4.200047216444E0,-5.E-1));
#6748=LINE('',#6747,#6746);
#6749=DIRECTION('',(0.E0,0.E0,-1.E0));
#6750=VECTOR('',#6749,5.E-1);
#6751=CARTESIAN_POINT('',(-5.527703809002E1,6.662223782230E0,0.E0));
#6752=LINE('',#6751,#6750);
#6753=DIRECTION('',(-3.410605131648E-13,-1.318056774835E-12,1.E0));
#6754=VECTOR('',#6753,5.E-1);
#6755=CARTESIAN_POINT('',(-5.546038257157E1,6.482007321389E0,-5.E-1));
#6756=LINE('',#6755,#6754);
#6757=CARTESIAN_POINT('',(-5.436812815874E1,6.654400208147E0,-5.E-1));
#6758=CARTESIAN_POINT('',(-5.428243602562E1,6.653662600683E0,-5.E-1));
#6759=CARTESIAN_POINT('',(-5.418717548506E1,6.556746488867E0,-5.E-1));
#6760=CARTESIAN_POINT('',(-5.418791309253E1,6.471054355754E0,-5.E-1));
#6762=CARTESIAN_POINT('',(-5.392693518725E1,5.105262204392E0,-5.E-1));
#6763=DIRECTION('',(0.E0,0.E0,1.E0));
#6764=DIRECTION('',(-9.999628482569E-1,8.619866930352E-3,0.E0));
#6765=AXIS2_PLACEMENT_3D('',#6762,#6763,#6764);
#6767=CARTESIAN_POINT('',(-5.364247974496E1,6.466359459104E0,-5.E-1));
#6768=CARTESIAN_POINT('',(-5.364174212627E1,6.552052895875E0,-5.E-1));
#6769=CARTESIAN_POINT('',(-5.354482316923E1,6.647313491024E0,-5.E-1));
#6770=CARTESIAN_POINT('',(-5.345912973246E1,6.646575872331E0,-5.E-1));
#6772=CARTESIAN_POINT('',(-5.255022533212E1,6.638752345859E0,-5.E-1));
#6773=CARTESIAN_POINT('',(-5.246453189535E1,6.638014727171E0,-5.E-1));
#6774=CARTESIAN_POINT('',(-5.236926711630E1,6.541099882640E0,-5.E-1));
#6775=CARTESIAN_POINT('',(-5.237000473498E1,6.455406445873E0,-5.E-1));
#6777=DIRECTION('',(-8.607326203616E-3,-9.999629562817E-1,0.E0));
#6778=VECTOR('',#6777,2.044709651509E0);
#6779=CARTESIAN_POINT('',(-5.237000473498E1,6.455406445873E0,-5.E-1));
#6780=LINE('',#6779,#6778);
#6781=CARTESIAN_POINT('',(-5.238760421794E1,4.410772538013E0,-5.E-1));
#6782=CARTESIAN_POINT('',(-5.238838666851E1,4.319870721702E0,-5.E-1));
#6783=CARTESIAN_POINT('',(-5.244690221631E1,4.220563079792E0,-5.E-1));
#6784=CARTESIAN_POINT('',(-5.252601878279E1,4.175793432191E0,-5.E-1));
#6786=DIRECTION('',(-8.703157332482E-1,-4.924941872355E-1,0.E0));
#6787=VECTOR('',#6786,8.500916053036E-1);
#6788=CARTESIAN_POINT('',(-5.252601878279E1,4.175793432191E0,-5.E-1));
#6789=LINE('',#6788,#6787);
#6790=CARTESIAN_POINT('',(-5.326586688159E1,3.757128257962E0,-5.E-1));
#6791=CARTESIAN_POINT('',(-5.328693119787E1,3.745137505888E0,-5.E-1));
#6792=CARTESIAN_POINT('',(-5.330253862273E1,3.718698119243E0,-5.E-1));
#6793=CARTESIAN_POINT('',(-5.330274724761E1,3.694460957046E0,-5.E-1));
#6795=CARTESIAN_POINT('',(-5.330708023161E1,3.191073100834E0,-5.E-1));
#6796=CARTESIAN_POINT('',(-5.330781784048E1,3.105380804768E0,-5.E-1));
#6797=CARTESIAN_POINT('',(-5.340473242305E1,3.010118339753E0,-5.E-1));
#6798=CARTESIAN_POINT('',(-5.349042471911E1,3.010855948617E0,-5.E-1));
#6800=CARTESIAN_POINT('',(-5.439942314539E1,3.018680284432E0,-5.E-1));
#6801=CARTESIAN_POINT('',(-5.448511674511E1,3.019417904525E0,-5.E-1));
#6802=CARTESIAN_POINT('',(-5.458038135666E1,3.116333276068E0,-5.E-1));
#6803=CARTESIAN_POINT('',(-5.457964373658E1,3.202026875790E0,-5.E-1));
#6805=CARTESIAN_POINT('',(-5.457531075258E1,3.705414732033E0,-5.E-1));
#6806=CARTESIAN_POINT('',(-5.457510212769E1,3.729651894226E0,-5.E-1));
#6807=CARTESIAN_POINT('',(-5.459025079217E1,3.756358258375E0,-5.E-1));
#6808=CARTESIAN_POINT('',(-5.461110689812E1,3.768707606545E0,-5.E-1));
#6810=DIRECTION('',(-8.617337304951E-1,5.073607964033E-1,0.E0));
#6811=VECTOR('',#6810,8.501634595288E-1);
#6812=CARTESIAN_POINT('',(-5.461110689812E1,3.768707606545E0,-5.E-1));
#6813=LINE('',#6812,#6811);
#6814=CARTESIAN_POINT('',(-5.534372142763E1,4.200047216444E0,-5.E-1));
#6815=CARTESIAN_POINT('',(-5.542202325809E1,4.246197995772E0,-5.E-1));
#6816=CARTESIAN_POINT('',(-5.547876437816E1,4.346486345954E0,-5.E-1));
#6817=CARTESIAN_POINT('',(-5.547798205453E1,4.437373413544E0,-5.E-1));
#6819=DIRECTION('',(8.607326202748E-3,9.999629562817E-1,0.E0));
#6820=VECTOR('',#6819,2.044709651493E0);
#6821=CARTESIAN_POINT('',(-5.547798205453E1,4.437373413544E0,-5.E-1));
#6822=LINE('',#6821,#6820);
#6823=CARTESIAN_POINT('',(-5.546038257157E1,6.482007321389E0,-5.E-1));
#6824=CARTESIAN_POINT('',(-5.545964496411E1,6.567699454499E0,-5.E-1));
#6825=CARTESIAN_POINT('',(-5.536273022313E1,6.662961389696E0,-5.E-1));
#6826=CARTESIAN_POINT('',(-5.527703809002E1,6.662223782230E0,-5.E-1));
#6828=CARTESIAN_POINT('',(-7.908952129852E1,6.802788784963E-14,0.E0));
#6829=CARTESIAN_POINT('',(-5.037549127283E-1,0.E0,0.E0));
#6830=VERTEX_POINT('',#6828);
#6831=VERTEX_POINT('',#6829);
#6832=CARTESIAN_POINT('',(-7.485544711572E1,5.590056331115E0,0.E0));
#6833=CARTESIAN_POINT('',(-7.486538450614E1,4.435572107768E0,0.E0));
#6834=VERTEX_POINT('',#6832);
#6835=VERTEX_POINT('',#6833);
#6836=VERTEX_POINT('',#4950);
#6837=CARTESIAN_POINT('',(-7.327129848211E1,3.338512320794E0,0.E0));
#6838=VERTEX_POINT('',#6837);
#6839=CARTESIAN_POINT('',(-7.299727315589E1,3.493660780973E0,0.E0));
#6840=VERTEX_POINT('',#6839);
#6841=CARTESIAN_POINT('',(-7.298869065127E1,4.490740069551E0,0.E0));
#6842=VERTEX_POINT('',#6841);
#6843=VERTEX_POINT('',#4968);
#6844=CARTESIAN_POINT('',(-7.347938518277E1,4.937941698259E0,0.E0));
#6845=VERTEX_POINT('',#6844);
#6846=CARTESIAN_POINT('',(-7.347830096229E1,5.063901873680E0,0.E0));
#6847=VERTEX_POINT('',#6846);
#6848=CARTESIAN_POINT('',(-7.311830430107E1,5.267611216677E0,0.E0));
#6849=VERTEX_POINT('',#6848);
#6850=VERTEX_POINT('',#4986);
#6851=CARTESIAN_POINT('',(-7.297139849801E1,6.499669705295E0,0.E0));
#6852=VERTEX_POINT('',#6851);
#6853=CARTESIAN_POINT('',(-7.324271326707E1,6.659422375037E0,0.E0));
#6854=VERTEX_POINT('',#6853);
#6855=CARTESIAN_POINT('',(-7.471712381131E1,5.825036222472E0,0.E0));
#6856=VERTEX_POINT('',#6855);
#6857=CARTESIAN_POINT('',(-7.224153075363E1,6.808239125305E0,0.E0));
#6858=CARTESIAN_POINT('',(-7.112157409558E1,6.798598935908E0,0.E0));
#6859=VERTEX_POINT('',#6857);
#6860=VERTEX_POINT('',#6858);
#6861=VERTEX_POINT('',#5009);
#6862=CARTESIAN_POINT('',(-7.245304357195E1,3.355865077780E0,0.E0));
#6863=VERTEX_POINT('',#6862);
#6864=VERTEX_POINT('',#5018);
#6865=CARTESIAN_POINT('',(-7.154570111381E1,3.166260370892E0,0.E0));
#6866=VERTEX_POINT('',#6865);
#6867=VERTEX_POINT('',#5027);
#6868=CARTESIAN_POINT('',(-7.135202646287E1,4.546271158147E0,0.E0));
#6869=VERTEX_POINT('',#6868);
#6870=VERTEX_POINT('',#5036);
#6871=CARTESIAN_POINT('',(-7.112349587261E1,4.616985252799E0,0.E0));
#6872=VERTEX_POINT('',#6871);
#6873=VERTEX_POINT('',#5045);
#6874=CARTESIAN_POINT('',(-7.084374400655E1,3.310384557614E0,0.E0));
#6875=VERTEX_POINT('',#6874);
#6876=VERTEX_POINT('',#5054);
#6877=CARTESIAN_POINT('',(-6.954601298238E1,3.149047765217E0,0.E0));
#6878=VERTEX_POINT('',#6877);
#6879=VERTEX_POINT('',#5059);
#6880=CARTESIAN_POINT('',(-6.933450293547E1,6.601421145182E0,0.E0));
#6881=VERTEX_POINT('',#6880);
#6882=VERTEX_POINT('',#5068);
#6883=CARTESIAN_POINT('',(-7.024184538766E1,6.791026543437E0,0.E0));
#6884=VERTEX_POINT('',#6883);
#6885=VERTEX_POINT('',#5077);
#6886=CARTESIAN_POINT('',(-7.043552003859E1,5.411015756184E0,0.E0));
#6887=VERTEX_POINT('',#6886);
#6888=VERTEX_POINT('',#5086);
#6889=CARTESIAN_POINT('',(-7.066405141440E1,5.340210401073E0,0.E0));
#6890=VERTEX_POINT('',#6889);
#6891=VERTEX_POINT('',#5095);
#6892=CARTESIAN_POINT('',(-7.094380328045E1,6.646811096240E0,0.E0));
#6893=VERTEX_POINT('',#6892);
#6894=CARTESIAN_POINT('',(-6.769686771301E1,6.769120278924E0,0.E0));
#6895=CARTESIAN_POINT('',(-6.860577487882E1,6.776943829202E0,0.E0));
#6896=VERTEX_POINT('',#6894);
#6897=VERTEX_POINT('',#6895);
#6898=VERTEX_POINT('',#5113);
#6899=CARTESIAN_POINT('',(-6.881298045142E1,3.824967475124E0,0.E0));
#6900=VERTEX_POINT('',#6899);
#6901=VERTEX_POINT('',#5122);
#6902=CARTESIAN_POINT('',(-6.799389251572E1,3.184353834679E0,0.E0));
#6903=VERTEX_POINT('',#6902);
#6904=VERTEX_POINT('',#5131);
#6905=CARTESIAN_POINT('',(-6.673480089205E1,3.124849849350E0,0.E0));
#6906=VERTEX_POINT('',#6905);
#6907=VERTEX_POINT('',#5140);
#6908=CARTESIAN_POINT('',(-6.586101994514E1,3.563387517568E0,0.E0));
#6909=VERTEX_POINT('',#6908);
#6910=VERTEX_POINT('',#5149);
#6911=CARTESIAN_POINT('',(-6.569874706067E1,6.570125849070E0,0.E0));
#6912=VERTEX_POINT('',#6911);
#6913=VERTEX_POINT('',#5158);
#6914=CARTESIAN_POINT('',(-6.678787205220E1,6.761295966910E0,0.E0));
#6915=VERTEX_POINT('',#6914);
#6916=VERTEX_POINT('',#5167);
#6917=CARTESIAN_POINT('',(-6.698921449012E1,4.490525604383E0,0.E0));
#6918=VERTEX_POINT('',#6917);
#6919=CARTESIAN_POINT('',(-6.753464701433E1,4.495179846933E0,0.E0));
#6920=VERTEX_POINT('',#6919);
#6921=CARTESIAN_POINT('',(-6.751665265275E1,6.585773735177E0,0.E0));
#6922=VERTEX_POINT('',#6921);
#6923=CARTESIAN_POINT('',(-6.515453106604E1,6.432357919608E0,0.E0));
#6924=CARTESIAN_POINT('',(-6.516311357065E1,5.435278631007E0,0.E0));
#6925=VERTEX_POINT('',#6923);
#6926=VERTEX_POINT('',#6924);
#6927=VERTEX_POINT('',#5194);
#6928=CARTESIAN_POINT('',(-6.467241903914E1,4.988077002306E0,0.E0));
#6929=VERTEX_POINT('',#6928);
#6930=CARTESIAN_POINT('',(-6.467350325963E1,4.862116826885E0,0.E0));
#6931=VERTEX_POINT('',#6930);
#6932=CARTESIAN_POINT('',(-6.503349991490E1,4.658408175256E0,0.E0));
#6933=VERTEX_POINT('',#6932);
#6934=VERTEX_POINT('',#5212);
#6935=CARTESIAN_POINT('',(-6.518040572392E1,3.426348995308E0,0.E0));
#6936=VERTEX_POINT('',#6935);
#6937=CARTESIAN_POINT('',(-6.490908818343E1,3.266596993091E0,0.E0));
#6938=VERTEX_POINT('',#6937);
#6939=CARTESIAN_POINT('',(-6.343467763919E1,4.100983145653E0,0.E0));
#6940=VERTEX_POINT('',#6939);
#6941=VERTEX_POINT('',#5230);
#6942=CARTESIAN_POINT('',(-6.328632844938E1,5.490446498635E0,0.E0));
#6943=VERTEX_POINT('',#6942);
#6944=VERTEX_POINT('',#5239);
#6945=CARTESIAN_POINT('',(-6.488050374799E1,6.587416478248E0,0.E0));
#6946=VERTEX_POINT('',#6945);
#6947=CARTESIAN_POINT('',(-6.190622998111E1,6.670573707942E0,0.E0));
#6948=CARTESIAN_POINT('',(-6.259780951858E1,6.279133886188E0,0.E0));
#6949=VERTEX_POINT('',#6947);
#6950=VERTEX_POINT('',#6948);
#6951=VERTEX_POINT('',#5257);
#6952=CARTESIAN_POINT('',(-6.276008240305E1,3.272395554669E0,0.E0));
#6953=VERTEX_POINT('',#6952);
#6954=VERTEX_POINT('',#5266);
#6955=CARTESIAN_POINT('',(-6.167086615105E1,3.081224651309E0,0.E0));
#6956=VERTEX_POINT('',#6955);
#6957=VERTEX_POINT('',#5275);
#6958=CARTESIAN_POINT('',(-6.148345310818E1,3.734109453177E0,0.E0));
#6959=VERTEX_POINT('',#6958);
#6960=VERTEX_POINT('',#5284);
#6961=CARTESIAN_POINT('',(-6.067133676129E1,3.799800940186E0,0.E0));
#6962=VERTEX_POINT('',#6961);
#6963=VERTEX_POINT('',#5293);
#6964=CARTESIAN_POINT('',(-5.979746377434E1,4.238428391960E0,0.E0));
#6965=VERTEX_POINT('',#6964);
#6966=VERTEX_POINT('',#5302);
#6967=CARTESIAN_POINT('',(-5.964585177777E1,6.017553952449E0,0.E0));
#6968=VERTEX_POINT('',#6967);
#6969=VERTEX_POINT('',#5311);
#6970=CARTESIAN_POINT('',(-6.046493971346E1,6.658167592885E0,0.E0));
#6971=VERTEX_POINT('',#6970);
#6972=VERTEX_POINT('',#5320);
#6973=CARTESIAN_POINT('',(-6.172393731120E1,6.717670768869E0,0.E0));
#6974=VERTEX_POINT('',#6973);
#6975=VERTEX_POINT('',#5331);
#6976=VERTEX_POINT('',#5334);
#6977=CARTESIAN_POINT('',(-5.912430962598E1,3.241136066845E0,0.E0));
#6978=VERTEX_POINT('',#6977);
#6979=VERTEX_POINT('',#5343);
#6980=CARTESIAN_POINT('',(-5.803518462849E1,3.049966640374E0,0.E0));
#6981=VERTEX_POINT('',#6980);
#6982=VERTEX_POINT('',#5352);
#6983=CARTESIAN_POINT('',(-5.784323118578E1,4.229957050307E0,0.E0));
#6984=VERTEX_POINT('',#6983);
#6985=CARTESIAN_POINT('',(-5.729779586839E1,4.225301075387E0,0.E0));
#6986=VERTEX_POINT('',#6985);
#6987=CARTESIAN_POINT('',(-5.730640126842E1,3.225488156946E0,0.E0));
#6988=VERTEX_POINT('',#6987);
#6989=VERTEX_POINT('',#5370);
#6990=CARTESIAN_POINT('',(-5.621727627093E1,3.034318730475E0,0.E0));
#6991=VERTEX_POINT('',#6990);
#6992=VERTEX_POINT('',#5379);
#6993=CARTESIAN_POINT('',(-5.600576622402E1,6.486692110420E0,0.E0));
#6994=VERTEX_POINT('',#6993);
#6995=VERTEX_POINT('',#5388);
#6996=CARTESIAN_POINT('',(-5.709489121557E1,6.677862228273E0,0.E0));
#6997=VERTEX_POINT('',#6996);
#6998=VERTEX_POINT('',#5397);
#6999=CARTESIAN_POINT('',(-5.728684392443E1,5.497866015502E0,0.E0));
#7000=VERTEX_POINT('',#6999);
#7001=CARTESIAN_POINT('',(-5.783226939353E1,5.502418250314E0,0.E0));
#7002=VERTEX_POINT('',#7001);
#7003=CARTESIAN_POINT('',(-5.782367458158E1,6.502340020337E0,0.E0));
#7004=VERTEX_POINT('',#7003);
#7005=VERTEX_POINT('',#5415);
#7006=CARTESIAN_POINT('',(-5.436812815874E1,6.654400208147E0,0.E0));
#7007=CARTESIAN_POINT('',(-5.527703809002E1,6.662223782230E0,0.E0));
#7008=VERTEX_POINT('',#7006);
#7009=VERTEX_POINT('',#7007);
#7010=VERTEX_POINT('',#5428);
#7011=CARTESIAN_POINT('',(-5.547798205453E1,4.437373413545E0,0.E0));
#7012=VERTEX_POINT('',#7011);
#7013=VERTEX_POINT('',#5437);
#7014=CARTESIAN_POINT('',(-5.461110689812E1,3.768707606544E0,0.E0));
#7015=VERTEX_POINT('',#7014);
#7016=VERTEX_POINT('',#5446);
#7017=CARTESIAN_POINT('',(-5.457964373658E1,3.202026875790E0,0.E0));
#7018=VERTEX_POINT('',#7017);
#7019=VERTEX_POINT('',#5455);
#7020=CARTESIAN_POINT('',(-5.349042471911E1,3.010855948617E0,0.E0));
#7021=VERTEX_POINT('',#7020);
#7022=VERTEX_POINT('',#5464);
#7023=CARTESIAN_POINT('',(-5.330274724761E1,3.694460957046E0,0.E0));
#7024=VERTEX_POINT('',#7023);
#7025=VERTEX_POINT('',#5473);
#7026=CARTESIAN_POINT('',(-5.252601878279E1,4.175793432189E0,0.E0));
#7027=VERTEX_POINT('',#7026);
#7028=VERTEX_POINT('',#5482);
#7029=CARTESIAN_POINT('',(-5.237000473498E1,6.455406445870E0,0.E0));
#7030=VERTEX_POINT('',#7029);
#7031=VERTEX_POINT('',#5491);
#7032=CARTESIAN_POINT('',(-5.345912973246E1,6.646575872331E0,0.E0));
#7033=VERTEX_POINT('',#7032);
#7034=VERTEX_POINT('',#5500);
#7035=CARTESIAN_POINT('',(-5.365421865695E1,5.102930029591E0,0.E0));
#7036=VERTEX_POINT('',#7035);
#7037=CARTESIAN_POINT('',(-5.419964803320E1,5.107587319201E0,0.E0));
#7038=VERTEX_POINT('',#7037);
#7039=CARTESIAN_POINT('',(-5.418791309253E1,6.471054355754E0,0.E0));
#7040=VERTEX_POINT('',#7039);
#7041=VERTEX_POINT('',#5524);
#7042=VERTEX_POINT('',#5654);
#7043=CARTESIAN_POINT('',(-7.485544711572E1,5.590056331115E0,-5.E-1));
#7044=VERTEX_POINT('',#7043);
#7045=CARTESIAN_POINT('',(-7.486538450614E1,4.435572107768E0,-5.E-1));
#7046=VERTEX_POINT('',#7045);
#7047=CARTESIAN_POINT('',(-7.471712381131E1,5.825036222473E0,-5.E-1));
#7048=VERTEX_POINT('',#7047);
#7049=CARTESIAN_POINT('',(-7.324271326707E1,6.659422375040E0,-5.E-1));
#7050=VERTEX_POINT('',#7049);
#7051=CARTESIAN_POINT('',(-7.297139849801E1,6.499669705292E0,-5.E-1));
#7052=VERTEX_POINT('',#7051);
#7053=CARTESIAN_POINT('',(-7.297998100263E1,5.502590416674E0,-5.E-1));
#7054=VERTEX_POINT('',#7053);
#7055=CARTESIAN_POINT('',(-7.311830430107E1,5.267611216679E0,-5.E-1));
#7056=VERTEX_POINT('',#7055);
#7057=CARTESIAN_POINT('',(-7.347830096229E1,5.063901873681E0,-5.E-1));
#7058=VERTEX_POINT('',#7057);
#7059=CARTESIAN_POINT('',(-7.347938518277E1,4.937941698259E0,-5.E-1));
#7060=VERTEX_POINT('',#7059);
#7061=CARTESIAN_POINT('',(-7.312294851270E1,4.728066242855E0,-5.E-1));
#7062=VERTEX_POINT('',#7061);
#7063=CARTESIAN_POINT('',(-7.298869065127E1,4.490740069551E0,-5.E-1));
#7064=VERTEX_POINT('',#7063);
#7065=CARTESIAN_POINT('',(-7.299727315589E1,3.493660780960E0,-5.E-1));
#7066=VERTEX_POINT('',#7065);
#7067=CARTESIAN_POINT('',(-7.327129848211E1,3.338512320794E0,-5.E-1));
#7068=VERTEX_POINT('',#7067);
#7069=CARTESIAN_POINT('',(-7.473112664471E1,4.198245934476E0,-5.E-1));
#7070=VERTEX_POINT('',#7069);
#7071=CARTESIAN_POINT('',(-7.112157409558E1,6.798598935908E0,-5.E-1));
#7072=VERTEX_POINT('',#7071);
#7073=CARTESIAN_POINT('',(-7.224153075363E1,6.808239125305E0,-5.E-1));
#7074=VERTEX_POINT('',#7073);
#7075=CARTESIAN_POINT('',(-7.094380328046E1,6.646811096247E0,-5.E-1));
#7076=VERTEX_POINT('',#7075);
#7077=CARTESIAN_POINT('',(-7.073521442615E1,5.400998468298E0,-5.E-1));
#7078=VERTEX_POINT('',#7077);
#7079=CARTESIAN_POINT('',(-7.066405141440E1,5.340210401073E0,-5.E-1));
#7080=VERTEX_POINT('',#7079);
#7081=CARTESIAN_POINT('',(-7.050891139835E1,5.338875010879E0,-5.E-1));
#7082=VERTEX_POINT('',#7081);
#7083=CARTESIAN_POINT('',(-7.043552003859E1,5.411015756184E0,-5.E-1));
#7084=VERTEX_POINT('',#7083);
#7085=CARTESIAN_POINT('',(-7.042519264063E1,6.610809415040E0,-5.E-1));
#7086=VERTEX_POINT('',#7085);
#7087=CARTESIAN_POINT('',(-7.024184538766E1,6.791026543437E0,-5.E-1));
#7088=VERTEX_POINT('',#7087);
#7089=CARTESIAN_POINT('',(-6.951471799573E1,6.784767688933E0,-5.E-1));
#7090=VERTEX_POINT('',#7089);
#7091=CARTESIAN_POINT('',(-6.933450293547E1,6.601421145181E0,-5.E-1));
#7092=VERTEX_POINT('',#7091);
#7093=CARTESIAN_POINT('',(-6.936266850082E1,3.329264226066E0,-5.E-1));
#7094=VERTEX_POINT('',#7093);
#7095=CARTESIAN_POINT('',(-6.954601298238E1,3.149047765217E0,-5.E-1));
#7096=VERTEX_POINT('',#7095);
#7097=CARTESIAN_POINT('',(-7.066597240589E1,3.158687978424E0,-5.E-1));
#7098=VERTEX_POINT('',#7097);
#7099=VERTEX_POINT('',#5923);
#7100=CARTESIAN_POINT('',(-7.105233207532E1,4.556288446039E0,-5.E-1));
#7101=VERTEX_POINT('',#7100);
#7102=VERTEX_POINT('',#5932);
#7103=CARTESIAN_POINT('',(-7.127863588866E1,4.618320642992E0,-5.E-1));
#7104=VERTEX_POINT('',#7103);
#7105=VERTEX_POINT('',#5937);
#7106=CARTESIAN_POINT('',(-7.136235386679E1,3.346476807937E0,-5.E-1));
#7107=VERTEX_POINT('',#7106);
#7108=VERTEX_POINT('',#5942);
#7109=CARTESIAN_POINT('',(-7.227282574028E1,3.172519201591E0,-5.E-1));
#7110=VERTEX_POINT('',#7109);
#7111=VERTEX_POINT('',#5947);
#7112=CARTESIAN_POINT('',(-7.242487800660E1,6.628021996897E0,-5.E-1));
#7113=VERTEX_POINT('',#7112);
#7114=CARTESIAN_POINT('',(-6.769686771301E1,6.769120278924E0,-5.E-1));
#7115=VERTEX_POINT('',#7114);
#7116=CARTESIAN_POINT('',(-6.860577487882E1,6.776943829202E0,-5.E-1));
#7117=VERTEX_POINT('',#7116);
#7118=CARTESIAN_POINT('',(-6.751665265275E1,6.585773735169E0,-5.E-1));
#7119=VERTEX_POINT('',#7118);
#7120=CARTESIAN_POINT('',(-6.753464725242E1,4.495199264929E0,-5.E-1));
#7121=VERTEX_POINT('',#7120);
#7122=CARTESIAN_POINT('',(-6.698921459443E1,4.490513486943E0,-5.E-1));
#7123=VERTEX_POINT('',#7122);
#7124=CARTESIAN_POINT('',(-6.697121653971E1,6.581078814703E0,-5.E-1));
#7125=VERTEX_POINT('',#7124);
#7126=CARTESIAN_POINT('',(-6.678787205220E1,6.761295966910E0,-5.E-1));
#7127=VERTEX_POINT('',#7126);
#7128=CARTESIAN_POINT('',(-6.587896212092E1,6.753472392830E0,-5.E-1));
#7129=VERTEX_POINT('',#7128);
#7130=CARTESIAN_POINT('',(-6.569874706067E1,6.570125849071E0,-5.E-1));
#7131=VERTEX_POINT('',#7130);
#7132=CARTESIAN_POINT('',(-6.572260538028E1,3.798366623393E0,-5.E-1));
#7133=VERTEX_POINT('',#7132);
#7134=CARTESIAN_POINT('',(-6.586101994514E1,3.563387517567E0,-5.E-1));
#7135=VERTEX_POINT('',#7134);
#7136=CARTESIAN_POINT('',(-6.655259948260E1,3.171947695817E0,-5.E-1));
#7137=VERTEX_POINT('',#7136);
#7138=CARTESIAN_POINT('',(-6.673480089205E1,3.124849849350E0,-5.E-1));
#7139=VERTEX_POINT('',#7138);
#7140=CARTESIAN_POINT('',(-6.781252884647E1,3.134126549058E0,-5.E-1));
#7141=VERTEX_POINT('',#7140);
#7142=CARTESIAN_POINT('',(-6.799389251571E1,3.184353834676E0,-5.E-1));
#7143=VERTEX_POINT('',#7142);
#7144=CARTESIAN_POINT('',(-6.867872258998E1,3.587641301830E0,-5.E-1));
#7145=VERTEX_POINT('',#7144);
#7146=CARTESIAN_POINT('',(-6.881298045142E1,3.824967475129E0,-5.E-1));
#7147=VERTEX_POINT('',#7146);
#7148=CARTESIAN_POINT('',(-6.878912213180E1,6.596726700794E0,-5.E-1));
#7149=VERTEX_POINT('',#7148);
#7150=CARTESIAN_POINT('',(-6.515453106604E1,6.432357919608E0,-5.E-1));
#7151=VERTEX_POINT('',#7150);
#7152=CARTESIAN_POINT('',(-6.516311357065E1,5.435278631007E0,-5.E-1));
#7153=VERTEX_POINT('',#7152);
#7154=CARTESIAN_POINT('',(-6.488050374799E1,6.587416478248E0,-5.E-1));
#7155=VERTEX_POINT('',#7154);
#7156=CARTESIAN_POINT('',(-6.342067480580E1,5.727773433649E0,-5.E-1));
#7157=VERTEX_POINT('',#7156);
#7158=CARTESIAN_POINT('',(-6.328632844938E1,5.490446498635E0,-5.E-1));
#7159=VERTEX_POINT('',#7158);
#7160=CARTESIAN_POINT('',(-6.329626583980E1,4.335962275277E0,-5.E-1));
#7161=VERTEX_POINT('',#7160);
#7162=CARTESIAN_POINT('',(-6.343467763919E1,4.100983145652E0,-5.E-1));
#7163=VERTEX_POINT('',#7162);
#7164=CARTESIAN_POINT('',(-6.490908818343E1,3.266596993089E0,-5.E-1));
#7165=VERTEX_POINT('',#7164);
#7166=CARTESIAN_POINT('',(-6.518040572392E1,3.426348995308E0,-5.E-1));
#7167=VERTEX_POINT('',#7166);
#7168=CARTESIAN_POINT('',(-6.517182321930E1,4.423428283886E0,-5.E-1));
#7169=VERTEX_POINT('',#7168);
#7170=CARTESIAN_POINT('',(-6.503349991490E1,4.658408175255E0,-5.E-1));
#7171=VERTEX_POINT('',#7170);
#7172=CARTESIAN_POINT('',(-6.467350325963E1,4.862116826883E0,-5.E-1));
#7173=VERTEX_POINT('',#7172);
#7174=CARTESIAN_POINT('',(-6.467241903914E1,4.988077002305E0,-5.E-1));
#7175=VERTEX_POINT('',#7174);
#7176=CARTESIAN_POINT('',(-6.502885570327E1,5.197953149077E0,-5.E-1));
#7177=VERTEX_POINT('',#7176);
#7178=CARTESIAN_POINT('',(-6.190622998111E1,6.670573707944E0,-5.E-1));
#7179=VERTEX_POINT('',#7178);
#7180=CARTESIAN_POINT('',(-6.259780951858E1,6.279133886187E0,-5.E-1));
#7181=VERTEX_POINT('',#7180);
#7182=CARTESIAN_POINT('',(-6.172393731120E1,6.717670768869E0,-5.E-1));
#7183=VERTEX_POINT('',#7182);
#7184=CARTESIAN_POINT('',(-6.064630061725E1,6.708394854702E0,-5.E-1));
#7185=VERTEX_POINT('',#7184);
#7186=CARTESIAN_POINT('',(-6.046493971345E1,6.658167592880E0,-5.E-1));
#7187=VERTEX_POINT('',#7186);
#7188=CARTESIAN_POINT('',(-5.978010687373E1,6.254880101931E0,-5.E-1));
#7189=VERTEX_POINT('',#7188);
#7190=CARTESIAN_POINT('',(-5.964585177777E1,6.017553952449E0,-5.E-1));
#7191=VERTEX_POINT('',#7190);
#7192=CARTESIAN_POINT('',(-5.965914323541E1,4.473408307133E0,-5.E-1));
#7193=VERTEX_POINT('',#7192);
#7194=CARTESIAN_POINT('',(-5.979746377434E1,4.238428391962E0,-5.E-1));
#7195=VERTEX_POINT('',#7194);
#7196=CARTESIAN_POINT('',(-6.048913733775E1,3.846989379544E0,-5.E-1));
#7197=VERTEX_POINT('',#7196);
#7198=CARTESIAN_POINT('',(-6.067133676129E1,3.799800940186E0,-5.E-1));
#7199=VERTEX_POINT('',#7198);
#7200=CARTESIAN_POINT('',(-6.141015102301E1,3.806160391119E0,-5.E-1));
#7201=VERTEX_POINT('',#7200);
#7202=CARTESIAN_POINT('',(-6.148345310818E1,3.734109453177E0,-5.E-1));
#7203=VERTEX_POINT('',#7202);
#7204=CARTESIAN_POINT('',(-6.148752166354E1,3.261441803516E0,-5.E-1));
#7205=VERTEX_POINT('',#7204);
#7206=CARTESIAN_POINT('',(-6.167086615105E1,3.081224651309E0,-5.E-1));
#7207=VERTEX_POINT('',#7206);
#7208=CARTESIAN_POINT('',(-6.257986457732E1,3.089048987125E0,-5.E-1));
#7209=VERTEX_POINT('',#7208);
#7210=CARTESIAN_POINT('',(-6.276008240305E1,3.272395554677E0,-5.E-1));
#7211=VERTEX_POINT('',#7210);
#7212=CARTESIAN_POINT('',(-6.273622408343E1,6.044154780355E0,-5.E-1));
#7213=VERTEX_POINT('',#7212);
#7214=CARTESIAN_POINT('',(-6.156122560949E1,5.261956971323E0,-5.E-1));
#7215=CARTESIAN_POINT('',(-6.083407744617E1,5.255606684619E0,-5.E-1));
#7216=VERTEX_POINT('',#7214);
#7217=VERTEX_POINT('',#7215);
#7218=CARTESIAN_POINT('',(-6.083407665293E1,5.255700286468E0,0.E0));
#7219=CARTESIAN_POINT('',(-6.156122642836E1,5.261863214695E0,0.E0));
#7220=VERTEX_POINT('',#7218);
#7221=VERTEX_POINT('',#7219);
#7222=CARTESIAN_POINT('',(-5.891279404218E1,6.693510090562E0,-5.E-1));
#7223=VERTEX_POINT('',#7222);
#7224=VERTEX_POINT('',#6583);
#7225=CARTESIAN_POINT('',(-5.800388964184E1,6.685686564089E0,-5.E-1));
#7226=VERTEX_POINT('',#7225);
#7227=CARTESIAN_POINT('',(-5.782367458158E1,6.502340020337E0,-5.E-1));
#7228=VERTEX_POINT('',#7227);
#7229=CARTESIAN_POINT('',(-5.783227466874E1,5.502589855623E0,-5.E-1));
#7230=VERTEX_POINT('',#7229);
#7231=CARTESIAN_POINT('',(-5.728684457209E1,5.497790789714E0,-5.E-1));
#7232=VERTEX_POINT('',#7231);
#7233=CARTESIAN_POINT('',(-5.727823570307E1,6.497645076068E0,-5.E-1));
#7234=VERTEX_POINT('',#7233);
#7235=CARTESIAN_POINT('',(-5.709489121557E1,6.677862228273E0,-5.E-1));
#7236=VERTEX_POINT('',#7235);
#7237=CARTESIAN_POINT('',(-5.618598128428E1,6.670038654190E0,-5.E-1));
#7238=VERTEX_POINT('',#7237);
#7239=CARTESIAN_POINT('',(-5.600576622403E1,6.486692110429E0,-5.E-1));
#7240=VERTEX_POINT('',#7239);
#7241=CARTESIAN_POINT('',(-5.603393178937E1,3.214535191312E0,-5.E-1));
#7242=VERTEX_POINT('',#7241);
#7243=CARTESIAN_POINT('',(-5.621727627093E1,3.034318730475E0,-5.E-1));
#7244=VERTEX_POINT('',#7243);
#7245=CARTESIAN_POINT('',(-5.712618620222E1,3.042142304558E0,-5.E-1));
#7246=VERTEX_POINT('',#7245);
#7247=CARTESIAN_POINT('',(-5.730640126842E1,3.225488156946E0,-5.E-1));
#7248=VERTEX_POINT('',#7247);
#7249=CARTESIAN_POINT('',(-5.729779566120E1,4.225284132543E0,-5.E-1));
#7250=VERTEX_POINT('',#7249);
#7251=CARTESIAN_POINT('',(-5.784323107988E1,4.229969349285E0,-5.E-1));
#7252=VERTEX_POINT('',#7251);
#7253=CARTESIAN_POINT('',(-5.785184014693E1,3.230183101218E0,-5.E-1));
#7254=VERTEX_POINT('',#7253);
#7255=CARTESIAN_POINT('',(-5.803518462849E1,3.049966640374E0,-5.E-1));
#7256=VERTEX_POINT('',#7255);
#7257=CARTESIAN_POINT('',(-5.894408902884E1,3.057790166850E0,-5.E-1));
#7258=VERTEX_POINT('',#7257);
#7259=CARTESIAN_POINT('',(-5.912430962598E1,3.241136066847E0,-5.E-1));
#7260=VERTEX_POINT('',#7259);
#7261=CARTESIAN_POINT('',(-5.436812815874E1,6.654400208147E0,-5.E-1));
#7262=VERTEX_POINT('',#7261);
#7263=CARTESIAN_POINT('',(-5.527703809002E1,6.662223782230E0,-5.E-1));
#7264=VERTEX_POINT('',#7263);
#7265=CARTESIAN_POINT('',(-5.418791309253E1,6.471054355754E0,-5.E-1));
#7266=VERTEX_POINT('',#7265);
#7267=CARTESIAN_POINT('',(-5.419964858340E1,5.107607324145E0,-5.E-1));
#7268=VERTEX_POINT('',#7267);
#7269=CARTESIAN_POINT('',(-5.365421875479E1,5.102918665150E0,-5.E-1));
#7270=VERTEX_POINT('',#7269);
#7271=CARTESIAN_POINT('',(-5.364247974496E1,6.466359459104E0,-5.E-1));
#7272=VERTEX_POINT('',#7271);
#7273=CARTESIAN_POINT('',(-5.345912973246E1,6.646575872331E0,-5.E-1));
#7274=VERTEX_POINT('',#7273);
#7275=CARTESIAN_POINT('',(-5.255022533212E1,6.638752345859E0,-5.E-1));
#7276=VERTEX_POINT('',#7275);
#7277=CARTESIAN_POINT('',(-5.237000473498E1,6.455406445873E0,-5.E-1));
#7278=VERTEX_POINT('',#7277);
#7279=CARTESIAN_POINT('',(-5.238760421794E1,4.410772538013E0,-5.E-1));
#7280=VERTEX_POINT('',#7279);
#7281=CARTESIAN_POINT('',(-5.252601878279E1,4.175793432191E0,-5.E-1));
#7282=VERTEX_POINT('',#7281);
#7283=CARTESIAN_POINT('',(-5.326586688159E1,3.757128257962E0,-5.E-1));
#7284=VERTEX_POINT('',#7283);
#7285=CARTESIAN_POINT('',(-5.330274724761E1,3.694460957046E0,-5.E-1));
#7286=VERTEX_POINT('',#7285);
#7287=CARTESIAN_POINT('',(-5.330708023161E1,3.191073100834E0,-5.E-1));
#7288=VERTEX_POINT('',#7287);
#7289=CARTESIAN_POINT('',(-5.349042471911E1,3.010855948617E0,-5.E-1));
#7290=VERTEX_POINT('',#7289);
#7291=CARTESIAN_POINT('',(-5.439942314539E1,3.018680284432E0,-5.E-1));
#7292=VERTEX_POINT('',#7291);
#7293=CARTESIAN_POINT('',(-5.457964373658E1,3.202026875790E0,-5.E-1));
#7294=VERTEX_POINT('',#7293);
#7295=CARTESIAN_POINT('',(-5.457531075258E1,3.705414732033E0,-5.E-1));
#7296=VERTEX_POINT('',#7295);
#7297=CARTESIAN_POINT('',(-5.461110689812E1,3.768707606545E0,-5.E-1));
#7298=VERTEX_POINT('',#7297);
#7299=CARTESIAN_POINT('',(-5.534372142763E1,4.200047216444E0,-5.E-1));
#7300=VERTEX_POINT('',#7299);
#7301=CARTESIAN_POINT('',(-5.547798205453E1,4.437373413544E0,-5.E-1));
#7302=VERTEX_POINT('',#7301);
#7303=CARTESIAN_POINT('',(-5.546038257157E1,6.482007321389E0,-5.E-1));
#7304=VERTEX_POINT('',#7303);
#7305=CARTESIAN_POINT('',(3.861337510408E-14,0.E0,-9.5E0));
#7306=VERTEX_POINT('',#7305);
#7307=VERTEX_POINT('',#5548);
#7308=VERTEX_POINT('',#5552);
#7309=CARTESIAN_POINT('',(-6.000000002585E0,2.000000003382E-1,
-3.150000000141E0));
#7310=CARTESIAN_POINT('',(-7.359327623195E1,2.000000003498E-1,
-3.150000000146E0));
#7311=VERTEX_POINT('',#7309);
#7312=VERTEX_POINT('',#7310);
#7313=CARTESIAN_POINT('',(-7.359327620893E1,2.000000003382E-1,
-6.349999999859E0));
#7314=CARTESIAN_POINT('',(-5.999999994617E0,2.000000003498E-1,
-6.349999999854E0));
#7315=VERTEX_POINT('',#7313);
#7316=VERTEX_POINT('',#7314);
#7317=CARTESIAN_POINT('',(-7.359327621880E1,1.E0,-3.15E0));
#7318=VERTEX_POINT('',#7317);
#7319=CARTESIAN_POINT('',(-7.359327620991E1,1.E0,-6.35E0));
#7320=VERTEX_POINT('',#7319);
#7321=CARTESIAN_POINT('',(-6.000000001833E0,1.E0,-3.15E0));
#7322=VERTEX_POINT('',#7321);
#7323=CARTESIAN_POINT('',(-5.999999994924E0,1.E0,-6.35E0));
#7324=VERTEX_POINT('',#7323);
#7325=CARTESIAN_POINT('',(-6.E0,0.E0,-2.95E0));
#7326=CARTESIAN_POINT('',(-7.359327621125E1,0.E0,-2.95E0));
#7327=VERTEX_POINT('',#7325);
#7328=VERTEX_POINT('',#7326);
#7329=CARTESIAN_POINT('',(-7.359327621125E1,0.E0,-6.55E0));
#7330=VERTEX_POINT('',#7329);
#7331=CARTESIAN_POINT('',(-6.E0,0.E0,-6.55E0));
#7332=VERTEX_POINT('',#7331);
#7333=CARTESIAN_POINT('',(-7.701303976265E1,1.691158497945E1,0.E0));
#7334=CARTESIAN_POINT('',(4.055600653787E-1,7.405776193848E0,0.E0));
#7335=VERTEX_POINT('',#7333);
#7336=VERTEX_POINT('',#7334);
#7337=CARTESIAN_POINT('',(-7.750931283847E1,1.697251965116E1,-5.E-1));
#7338=VERTEX_POINT('',#7337);
#7339=CARTESIAN_POINT('',(9.018331411994E-1,7.344841522145E0,-5.E-1));
#7340=VERTEX_POINT('',#7339);
#7341=CARTESIAN_POINT('',(9.018331411985E-1,7.344841522145E0,-9.5E0));
#7342=VERTEX_POINT('',#7341);
#7343=CARTESIAN_POINT('',(-7.701303976264E1,1.691158497945E1,-9.5E0));
#7344=CARTESIAN_POINT('',(-7.750931283846E1,1.697251965116E1,-9.E0));
#7345=VERTEX_POINT('',#7343);
#7346=VERTEX_POINT('',#7344);
#7347=CARTESIAN_POINT('',(0.E0,0.E0,0.E0));
#7348=DIRECTION('',(0.E0,0.E0,1.E0));
#7349=DIRECTION('',(1.E0,0.E0,0.E0));
#7350=AXIS2_PLACEMENT_3D('',#7347,#7348,#7349);
#7351=PLANE('',#7350);
#7353=ORIENTED_EDGE('',*,*,#7352,.T.);
#7355=ORIENTED_EDGE('',*,*,#7354,.T.);
#7357=ORIENTED_EDGE('',*,*,#7356,.T.);
#7359=ORIENTED_EDGE('',*,*,#7358,.F.);
#7360=EDGE_LOOP('',(#7353,#7355,#7357,#7359));
#7361=FACE_OUTER_BOUND('',#7360,.F.);
#7363=ORIENTED_EDGE('',*,*,#7362,.T.);
#7365=ORIENTED_EDGE('',*,*,#7364,.T.);
#7367=ORIENTED_EDGE('',*,*,#7366,.T.);
#7369=ORIENTED_EDGE('',*,*,#7368,.T.);
#7371=ORIENTED_EDGE('',*,*,#7370,.T.);
#7373=ORIENTED_EDGE('',*,*,#7372,.T.);
#7375=ORIENTED_EDGE('',*,*,#7374,.T.);
#7377=ORIENTED_EDGE('',*,*,#7376,.T.);
#7379=ORIENTED_EDGE('',*,*,#7378,.T.);
#7381=ORIENTED_EDGE('',*,*,#7380,.T.);
#7383=ORIENTED_EDGE('',*,*,#7382,.T.);
#7385=ORIENTED_EDGE('',*,*,#7384,.T.);
#7387=ORIENTED_EDGE('',*,*,#7386,.T.);
#7389=ORIENTED_EDGE('',*,*,#7388,.T.);
#7390=EDGE_LOOP('',(#7363,#7365,#7367,#7369,#7371,#7373,#7375,#7377,#7379,#7381,
#7383,#7385,#7387,#7389));
#7391=FACE_BOUND('',#7390,.F.);
#7393=ORIENTED_EDGE('',*,*,#7392,.F.);
#7395=ORIENTED_EDGE('',*,*,#7394,.T.);
#7397=ORIENTED_EDGE('',*,*,#7396,.T.);
#7399=ORIENTED_EDGE('',*,*,#7398,.T.);
#7401=ORIENTED_EDGE('',*,*,#7400,.T.);
#7403=ORIENTED_EDGE('',*,*,#7402,.T.);
#7405=ORIENTED_EDGE('',*,*,#7404,.T.);
#7407=ORIENTED_EDGE('',*,*,#7406,.T.);
#7409=ORIENTED_EDGE('',*,*,#7408,.T.);
#7411=ORIENTED_EDGE('',*,*,#7410,.T.);
#7413=ORIENTED_EDGE('',*,*,#7412,.T.);
#7415=ORIENTED_EDGE('',*,*,#7414,.T.);
#7417=ORIENTED_EDGE('',*,*,#7416,.F.);
#7419=ORIENTED_EDGE('',*,*,#7418,.T.);
#7421=ORIENTED_EDGE('',*,*,#7420,.T.);
#7423=ORIENTED_EDGE('',*,*,#7422,.T.);
#7425=ORIENTED_EDGE('',*,*,#7424,.T.);
#7427=ORIENTED_EDGE('',*,*,#7426,.T.);
#7429=ORIENTED_EDGE('',*,*,#7428,.T.);
#7431=ORIENTED_EDGE('',*,*,#7430,.T.);
#7433=ORIENTED_EDGE('',*,*,#7432,.T.);
#7435=ORIENTED_EDGE('',*,*,#7434,.T.);
#7437=ORIENTED_EDGE('',*,*,#7436,.T.);
#7439=ORIENTED_EDGE('',*,*,#7438,.T.);
#7440=EDGE_LOOP('',(#7393,#7395,#7397,#7399,#7401,#7403,#7405,#7407,#7409,#7411,
#7413,#7415,#7417,#7419,#7421,#7423,#7425,#7427,#7429,#7431,#7433,#7435,#7437,
#7439));
#7441=FACE_BOUND('',#7440,.F.);
#7443=ORIENTED_EDGE('',*,*,#7442,.T.);
#7445=ORIENTED_EDGE('',*,*,#7444,.T.);
#7447=ORIENTED_EDGE('',*,*,#7446,.T.);
#7449=ORIENTED_EDGE('',*,*,#7448,.T.);
#7451=ORIENTED_EDGE('',*,*,#7450,.T.);
#7453=ORIENTED_EDGE('',*,*,#7452,.T.);
#7455=ORIENTED_EDGE('',*,*,#7454,.T.);
#7457=ORIENTED_EDGE('',*,*,#7456,.T.);
#7459=ORIENTED_EDGE('',*,*,#7458,.T.);
#7461=ORIENTED_EDGE('',*,*,#7460,.T.);
#7463=ORIENTED_EDGE('',*,*,#7462,.T.);
#7465=ORIENTED_EDGE('',*,*,#7464,.T.);
#7467=ORIENTED_EDGE('',*,*,#7466,.T.);
#7469=ORIENTED_EDGE('',*,*,#7468,.T.);
#7471=ORIENTED_EDGE('',*,*,#7470,.T.);
#7473=ORIENTED_EDGE('',*,*,#7472,.T.);
#7475=ORIENTED_EDGE('',*,*,#7474,.T.);
#7477=ORIENTED_EDGE('',*,*,#7476,.T.);
#7478=EDGE_LOOP('',(#7443,#7445,#7447,#7449,#7451,#7453,#7455,#7457,#7459,#7461,
#7463,#7465,#7467,#7469,#7471,#7473,#7475,#7477));
#7479=FACE_BOUND('',#7478,.F.);
#7481=ORIENTED_EDGE('',*,*,#7480,.T.);
#7483=ORIENTED_EDGE('',*,*,#7482,.T.);
#7485=ORIENTED_EDGE('',*,*,#7484,.T.);
#7487=ORIENTED_EDGE('',*,*,#7486,.T.);
#7489=ORIENTED_EDGE('',*,*,#7488,.T.);
#7491=ORIENTED_EDGE('',*,*,#7490,.T.);
#7493=ORIENTED_EDGE('',*,*,#7492,.T.);
#7495=ORIENTED_EDGE('',*,*,#7494,.T.);
#7497=ORIENTED_EDGE('',*,*,#7496,.T.);
#7499=ORIENTED_EDGE('',*,*,#7498,.T.);
#7501=ORIENTED_EDGE('',*,*,#7500,.T.);
#7503=ORIENTED_EDGE('',*,*,#7502,.T.);
#7505=ORIENTED_EDGE('',*,*,#7504,.T.);
#7507=ORIENTED_EDGE('',*,*,#7506,.T.);
#7508=EDGE_LOOP('',(#7481,#7483,#7485,#7487,#7489,#7491,#7493,#7495,#7497,#7499,
#7501,#7503,#7505,#7507));
#7509=FACE_BOUND('',#7508,.F.);
#7511=ORIENTED_EDGE('',*,*,#7510,.T.);
#7513=ORIENTED_EDGE('',*,*,#7512,.T.);
#7515=ORIENTED_EDGE('',*,*,#7514,.T.);
#7517=ORIENTED_EDGE('',*,*,#7516,.T.);
#7519=ORIENTED_EDGE('',*,*,#7518,.T.);
#7521=ORIENTED_EDGE('',*,*,#7520,.T.);
#7523=ORIENTED_EDGE('',*,*,#7522,.T.);
#7525=ORIENTED_EDGE('',*,*,#7524,.T.);
#7527=ORIENTED_EDGE('',*,*,#7526,.T.);
#7529=ORIENTED_EDGE('',*,*,#7528,.T.);
#7531=ORIENTED_EDGE('',*,*,#7530,.T.);
#7533=ORIENTED_EDGE('',*,*,#7532,.T.);
#7535=ORIENTED_EDGE('',*,*,#7534,.T.);
#7537=ORIENTED_EDGE('',*,*,#7536,.T.);
#7539=ORIENTED_EDGE('',*,*,#7538,.T.);
#7541=ORIENTED_EDGE('',*,*,#7540,.T.);
#7543=ORIENTED_EDGE('',*,*,#7542,.T.);
#7545=ORIENTED_EDGE('',*,*,#7544,.T.);
#7546=EDGE_LOOP('',(#7511,#7513,#7515,#7517,#7519,#7521,#7523,#7525,#7527,#7529,
#7531,#7533,#7535,#7537,#7539,#7541,#7543,#7545));
#7547=FACE_BOUND('',#7546,.F.);
#7549=ORIENTED_EDGE('',*,*,#7548,.T.);
#7551=ORIENTED_EDGE('',*,*,#7550,.T.);
#7553=ORIENTED_EDGE('',*,*,#7552,.T.);
#7555=ORIENTED_EDGE('',*,*,#7554,.T.);
#7557=ORIENTED_EDGE('',*,*,#7556,.T.);
#7559=ORIENTED_EDGE('',*,*,#7558,.T.);
#7561=ORIENTED_EDGE('',*,*,#7560,.T.);
#7563=ORIENTED_EDGE('',*,*,#7562,.T.);
#7565=ORIENTED_EDGE('',*,*,#7564,.T.);
#7567=ORIENTED_EDGE('',*,*,#7566,.T.);
#7569=ORIENTED_EDGE('',*,*,#7568,.T.);
#7571=ORIENTED_EDGE('',*,*,#7570,.T.);
#7573=ORIENTED_EDGE('',*,*,#7572,.T.);
#7575=ORIENTED_EDGE('',*,*,#7574,.T.);
#7577=ORIENTED_EDGE('',*,*,#7576,.T.);
#7579=ORIENTED_EDGE('',*,*,#7578,.T.);
#7581=ORIENTED_EDGE('',*,*,#7580,.T.);
#7583=ORIENTED_EDGE('',*,*,#7582,.T.);
#7585=ORIENTED_EDGE('',*,*,#7584,.T.);
#7587=ORIENTED_EDGE('',*,*,#7586,.T.);
#7588=EDGE_LOOP('',(#7549,#7551,#7553,#7555,#7557,#7559,#7561,#7563,#7565,#7567,
#7569,#7571,#7573,#7575,#7577,#7579,#7581,#7583,#7585,#7587));
#7589=FACE_BOUND('',#7588,.F.);
#7591=ORIENTED_EDGE('',*,*,#7590,.T.);
#7593=ORIENTED_EDGE('',*,*,#7592,.T.);
#7595=ORIENTED_EDGE('',*,*,#7594,.T.);
#7597=ORIENTED_EDGE('',*,*,#7596,.T.);
#7599=ORIENTED_EDGE('',*,*,#7598,.T.);
#7601=ORIENTED_EDGE('',*,*,#7600,.T.);
#7603=ORIENTED_EDGE('',*,*,#7602,.T.);
#7605=ORIENTED_EDGE('',*,*,#7604,.T.);
#7607=ORIENTED_EDGE('',*,*,#7606,.T.);
#7609=ORIENTED_EDGE('',*,*,#7608,.T.);
#7611=ORIENTED_EDGE('',*,*,#7610,.T.);
#7613=ORIENTED_EDGE('',*,*,#7612,.T.);
#7615=ORIENTED_EDGE('',*,*,#7614,.T.);
#7617=ORIENTED_EDGE('',*,*,#7616,.T.);
#7619=ORIENTED_EDGE('',*,*,#7618,.T.);
#7621=ORIENTED_EDGE('',*,*,#7620,.T.);
#7623=ORIENTED_EDGE('',*,*,#7622,.T.);
#7625=ORIENTED_EDGE('',*,*,#7624,.T.);
#7627=ORIENTED_EDGE('',*,*,#7626,.T.);
#7629=ORIENTED_EDGE('',*,*,#7628,.T.);
#7631=ORIENTED_EDGE('',*,*,#7630,.T.);
#7633=ORIENTED_EDGE('',*,*,#7632,.T.);
#7634=EDGE_LOOP('',(#7591,#7593,#7595,#7597,#7599,#7601,#7603,#7605,#7607,#7609,
#7611,#7613,#7615,#7617,#7619,#7621,#7623,#7625,#7627,#7629,#7631,#7633));
#7635=FACE_BOUND('',#7634,.F.);
#7636=ADVANCED_FACE('',(#7361,#7391,#7441,#7479,#7509,#7547,#7589,#7635),#7351,
.T.);
#7637=CARTESIAN_POINT('',(-7.412046034130E1,4.046975385735E1,-5.E-1));
#7638=DIRECTION('',(-1.218693434051E-1,-9.925461516413E-1,0.E0));
#7639=DIRECTION('',(0.E0,0.E0,1.E0));
#7640=AXIS2_PLACEMENT_3D('',#7637,#7638,#7639);
#7641=CYLINDRICAL_SURFACE('',#7640,5.E-1);
#7643=ORIENTED_EDGE('',*,*,#7642,.T.);
#7645=ORIENTED_EDGE('',*,*,#7644,.T.);
#7647=ORIENTED_EDGE('',*,*,#7646,.F.);
#7648=ORIENTED_EDGE('',*,*,#7352,.F.);
#7649=EDGE_LOOP('',(#7643,#7645,#7647,#7648));
#7650=FACE_OUTER_BOUND('',#7649,.F.);
#7651=ADVANCED_FACE('',(#7650),#7641,.T.);
#7652=CARTESIAN_POINT('',(-7.959327621125E1,0.E0,-5.E0));
#7653=DIRECTION('',(0.E0,-1.E0,0.E0));
#7654=DIRECTION('',(-1.E0,0.E0,0.E0));
#7655=AXIS2_PLACEMENT_3D('',#7652,#7653,#7654);
#7656=PLANE('',#7655);
#7658=ORIENTED_EDGE('',*,*,#7657,.F.);
#7660=ORIENTED_EDGE('',*,*,#7659,.T.);
#7661=ORIENTED_EDGE('',*,*,#7642,.F.);
#7662=ORIENTED_EDGE('',*,*,#7358,.T.);
#7664=ORIENTED_EDGE('',*,*,#7663,.F.);
#7666=ORIENTED_EDGE('',*,*,#7665,.T.);
#7668=ORIENTED_EDGE('',*,*,#7667,.F.);
#7669=EDGE_LOOP('',(#7658,#7660,#7661,#7662,#7664,#7666,#7668));
#7670=FACE_OUTER_BOUND('',#7669,.F.);
#7672=ORIENTED_EDGE('',*,*,#7671,.T.);
#7674=ORIENTED_EDGE('',*,*,#7673,.T.);
#7676=ORIENTED_EDGE('',*,*,#7675,.T.);
#7678=ORIENTED_EDGE('',*,*,#7677,.T.);
#7679=EDGE_LOOP('',(#7672,#7674,#7676,#7678));
#7680=FACE_BOUND('',#7679,.F.);
#7681=ADVANCED_FACE('',(#7670,#7680),#7656,.T.);
#7682=CARTESIAN_POINT('',(-3.979663810562E1,1.E-1,-3.05E0));
#7683=DIRECTION('',(0.E0,-7.071067811865E-1,-7.071067811865E-1));
#7684=DIRECTION('',(0.E0,7.071067811865E-1,-7.071067811865E-1));
#7685=AXIS2_PLACEMENT_3D('',#7682,#7683,#7684);
#7686=PLANE('',#7685);
#7687=ORIENTED_EDGE('',*,*,#7671,.F.);
#7689=ORIENTED_EDGE('',*,*,#7688,.F.);
#7691=ORIENTED_EDGE('',*,*,#7690,.T.);
#7693=ORIENTED_EDGE('',*,*,#7692,.T.);
#7694=EDGE_LOOP('',(#7687,#7689,#7691,#7693));
#7695=FACE_OUTER_BOUND('',#7694,.F.);
#7696=ADVANCED_FACE('',(#7695),#7686,.T.);
#7697=CARTESIAN_POINT('',(-6.E0,1.000000000001E-1,-4.75E0));
#7698=DIRECTION('',(0.E0,-1.E0,0.E0));
#7699=DIRECTION('',(0.E0,0.E0,-1.E0));
#7700=AXIS2_PLACEMENT_3D('',#7697,#7698,#7699);
#7701=CONICAL_SURFACE('',#7700,1.7E0,4.5E1);
#7702=ORIENTED_EDGE('',*,*,#7677,.F.);
#7704=ORIENTED_EDGE('',*,*,#7703,.F.);
#7706=ORIENTED_EDGE('',*,*,#7705,.T.);
#7707=ORIENTED_EDGE('',*,*,#7688,.T.);
#7708=EDGE_LOOP('',(#7702,#7704,#7706,#7707));
#7709=FACE_OUTER_BOUND('',#7708,.F.);
#7710=ADVANCED_FACE('',(#7709),#7701,.F.);
#7711=CARTESIAN_POINT('',(-3.979663810562E1,1.E-1,-6.45E0));
#7712=DIRECTION('',(0.E0,-7.071067811865E-1,7.071067811865E-1));
#7713=DIRECTION('',(0.E0,7.071067811865E-1,7.071067811865E-1));
#7714=AXIS2_PLACEMENT_3D('',#7711,#7712,#7713);
#7715=PLANE('',#7714);
#7716=ORIENTED_EDGE('',*,*,#7675,.F.);
#7718=ORIENTED_EDGE('',*,*,#7717,.F.);
#7720=ORIENTED_EDGE('',*,*,#7719,.T.);
#7721=ORIENTED_EDGE('',*,*,#7703,.T.);
#7722=EDGE_LOOP('',(#7716,#7718,#7720,#7721));
#7723=FACE_OUTER_BOUND('',#7722,.F.);
#7724=ADVANCED_FACE('',(#7723),#7715,.T.);
#7725=CARTESIAN_POINT('',(-7.359327621125E1,1.000000000001E-1,-4.75E0));
#7726=DIRECTION('',(0.E0,-1.E0,0.E0));
#7727=DIRECTION('',(0.E0,0.E0,-1.E0));
#7728=AXIS2_PLACEMENT_3D('',#7725,#7726,#7727);
#7729=CONICAL_SURFACE('',#7728,1.7E0,4.5E1);
#7730=ORIENTED_EDGE('',*,*,#7673,.F.);
#7731=ORIENTED_EDGE('',*,*,#7692,.F.);
#7733=ORIENTED_EDGE('',*,*,#7732,.T.);
#7734=ORIENTED_EDGE('',*,*,#7717,.T.);
#7735=EDGE_LOOP('',(#7730,#7731,#7733,#7734));
#7736=FACE_OUTER_BOUND('',#7735,.F.);
#7737=ADVANCED_FACE('',(#7736),#7729,.F.);
#7738=CARTESIAN_POINT('',(-7.359327621125E1,0.E0,-4.75E0));
#7739=DIRECTION('',(0.E0,1.E0,0.E0));
#7740=DIRECTION('',(1.E0,0.E0,0.E0));
#7741=AXIS2_PLACEMENT_3D('',#7738,#7739,#7740);
#7742=CYLINDRICAL_SURFACE('',#7741,1.6E0);
#7743=ORIENTED_EDGE('',*,*,#7732,.F.);
#7745=ORIENTED_EDGE('',*,*,#7744,.F.);
#7747=ORIENTED_EDGE('',*,*,#7746,.T.);
#7749=ORIENTED_EDGE('',*,*,#7748,.T.);
#7750=EDGE_LOOP('',(#7743,#7745,#7747,#7749));
#7751=FACE_OUTER_BOUND('',#7750,.F.);
#7752=ADVANCED_FACE('',(#7751),#7742,.F.);
#7753=CARTESIAN_POINT('',(-7.359327621125E1,0.E0,-3.15E0));
#7754=DIRECTION('',(0.E0,0.E0,-1.E0));
#7755=DIRECTION('',(1.E0,0.E0,0.E0));
#7756=AXIS2_PLACEMENT_3D('',#7753,#7754,#7755);
#7757=PLANE('',#7756);
#7758=ORIENTED_EDGE('',*,*,#7690,.F.);
#7760=ORIENTED_EDGE('',*,*,#7759,.F.);
#7762=ORIENTED_EDGE('',*,*,#7761,.T.);
#7763=ORIENTED_EDGE('',*,*,#7744,.T.);
#7764=EDGE_LOOP('',(#7758,#7760,#7762,#7763));
#7765=FACE_OUTER_BOUND('',#7764,.F.);
#7766=ADVANCED_FACE('',(#7765),#7757,.T.);
#7767=CARTESIAN_POINT('',(-6.E0,0.E0,-4.75E0));
#7768=DIRECTION('',(0.E0,1.E0,0.E0));
#7769=DIRECTION('',(1.E0,0.E0,0.E0));
#7770=AXIS2_PLACEMENT_3D('',#7767,#7768,#7769);
#7771=CYLINDRICAL_SURFACE('',#7770,1.6E0);
#7772=ORIENTED_EDGE('',*,*,#7705,.F.);
#7774=ORIENTED_EDGE('',*,*,#7773,.F.);
#7776=ORIENTED_EDGE('',*,*,#7775,.T.);
#7777=ORIENTED_EDGE('',*,*,#7759,.T.);
#7778=EDGE_LOOP('',(#7772,#7774,#7776,#7777));
#7779=FACE_OUTER_BOUND('',#7778,.F.);
#7780=ADVANCED_FACE('',(#7779),#7771,.F.);
#7781=CARTESIAN_POINT('',(-6.E0,0.E0,-6.35E0));
#7782=DIRECTION('',(0.E0,0.E0,1.E0));
#7783=DIRECTION('',(-1.E0,0.E0,0.E0));
#7784=AXIS2_PLACEMENT_3D('',#7781,#7782,#7783);
#7785=PLANE('',#7784);
#7786=ORIENTED_EDGE('',*,*,#7719,.F.);
#7787=ORIENTED_EDGE('',*,*,#7748,.F.);
#7789=ORIENTED_EDGE('',*,*,#7788,.T.);
#7790=ORIENTED_EDGE('',*,*,#7773,.T.);
#7791=EDGE_LOOP('',(#7786,#7787,#7789,#7790));
#7792=FACE_OUTER_BOUND('',#7791,.F.);
#7793=ADVANCED_FACE('',(#7792),#7785,.T.);
#7794=CARTESIAN_POINT('',(0.E0,1.E0,-1.5E-1));
#7795=DIRECTION('',(0.E0,1.E0,0.E0));
#7796=DIRECTION('',(1.E0,0.E0,0.E0));
#7797=AXIS2_PLACEMENT_3D('',#7794,#7795,#7796);
#7798=PLANE('',#7797);
#7799=ORIENTED_EDGE('',*,*,#7746,.F.);
#7800=ORIENTED_EDGE('',*,*,#7761,.F.);
#7801=ORIENTED_EDGE('',*,*,#7775,.F.);
#7802=ORIENTED_EDGE('',*,*,#7788,.F.);
#7803=EDGE_LOOP('',(#7799,#7800,#7801,#7802));
#7804=FACE_OUTER_BOUND('',#7803,.F.);
#7805=ADVANCED_FACE('',(#7804),#7798,.F.);
#7806=CARTESIAN_POINT('',(-8.191873243642E1,-2.304207562497E1,-9.E0));
#7807=DIRECTION('',(1.218693434051E-1,9.925461516413E-1,0.E0));
#7808=DIRECTION('',(0.E0,0.E0,-1.E0));
#7809=AXIS2_PLACEMENT_3D('',#7806,#7807,#7808);
#7810=CYLINDRICAL_SURFACE('',#7809,5.E-1);
#7811=ORIENTED_EDGE('',*,*,#7657,.T.);
#7813=ORIENTED_EDGE('',*,*,#7812,.T.);
#7815=ORIENTED_EDGE('',*,*,#7814,.T.);
#7817=ORIENTED_EDGE('',*,*,#7816,.F.);
#7818=EDGE_LOOP('',(#7811,#7813,#7815,#7817));
#7819=FACE_OUTER_BOUND('',#7818,.F.);
#7820=ADVANCED_FACE('',(#7819),#7810,.T.);
#7821=CARTESIAN_POINT('',(0.E0,0.E0,-9.5E0));
#7822=DIRECTION('',(0.E0,0.E0,-1.E0));
#7823=DIRECTION('',(-1.E0,0.E0,0.E0));
#7824=AXIS2_PLACEMENT_3D('',#7821,#7822,#7823);
#7825=PLANE('',#7824);
#7826=ORIENTED_EDGE('',*,*,#7812,.F.);
#7827=ORIENTED_EDGE('',*,*,#7667,.T.);
#7829=ORIENTED_EDGE('',*,*,#7828,.T.);
#7831=ORIENTED_EDGE('',*,*,#7830,.T.);
#7832=EDGE_LOOP('',(#7826,#7827,#7829,#7831));
#7833=FACE_OUTER_BOUND('',#7832,.F.);
#7834=ADVANCED_FACE('',(#7833),#7825,.T.);
#7835=CARTESIAN_POINT('',(-3.740918454380E-2,-3.046733585129E-1,-5.E0));
#7836=DIRECTION('',(9.925461516413E-1,-1.218693434052E-1,0.E0));
#7837=DIRECTION('',(-1.218693434052E-1,-9.925461516413E-1,0.E0));
#7838=AXIS2_PLACEMENT_3D('',#7835,#7836,#7837);
#7839=PLANE('',#7838);
#7841=ORIENTED_EDGE('',*,*,#7840,.F.);
#7843=ORIENTED_EDGE('',*,*,#7842,.F.);
#7844=ORIENTED_EDGE('',*,*,#7828,.F.);
#7845=ORIENTED_EDGE('',*,*,#7665,.F.);
#7846=EDGE_LOOP('',(#7841,#7843,#7844,#7845));
#7847=FACE_OUTER_BOUND('',#7846,.F.);
#7848=ADVANCED_FACE('',(#7847),#7839,.T.);
#7849=CARTESIAN_POINT('',(-3.315730891127E0,-2.290170651521E1,-5.E-1));
#7850=DIRECTION('',(1.218693434052E-1,9.925461516413E-1,0.E0));
#7851=DIRECTION('',(0.E0,0.E0,1.E0));
#7852=AXIS2_PLACEMENT_3D('',#7849,#7850,#7851);
#7853=CYLINDRICAL_SURFACE('',#7852,5.E-1);
#7855=ORIENTED_EDGE('',*,*,#7854,.F.);
#7856=ORIENTED_EDGE('',*,*,#7840,.T.);
#7857=ORIENTED_EDGE('',*,*,#7663,.T.);
#7858=ORIENTED_EDGE('',*,*,#7356,.F.);
#7859=EDGE_LOOP('',(#7855,#7856,#7857,#7858));
#7860=FACE_OUTER_BOUND('',#7859,.F.);
#7861=ADVANCED_FACE('',(#7860),#7853,.T.);
#7862=CARTESIAN_POINT('',(-1.579532237905E0,7.649514880658E0,-5.E0));
#7863=DIRECTION('',(1.218693434052E-1,9.925461516413E-1,0.E0));
#7864=DIRECTION('',(9.925461516413E-1,-1.218693434052E-1,0.E0));
#7865=AXIS2_PLACEMENT_3D('',#7862,#7863,#7864);
#7866=PLANE('',#7865);
#7867=ORIENTED_EDGE('',*,*,#7814,.F.);
#7868=ORIENTED_EDGE('',*,*,#7830,.F.);
#7869=ORIENTED_EDGE('',*,*,#7842,.T.);
#7870=ORIENTED_EDGE('',*,*,#7854,.T.);
#7871=ORIENTED_EDGE('',*,*,#7354,.F.);
#7872=ORIENTED_EDGE('',*,*,#7646,.T.);
#7874=ORIENTED_EDGE('',*,*,#7873,.F.);
#7875=EDGE_LOOP('',(#7867,#7868,#7869,#7870,#7871,#7872,#7874));
#7876=FACE_OUTER_BOUND('',#7875,.F.);
#7877=ADVANCED_FACE('',(#7876),#7866,.T.);
#7878=CARTESIAN_POINT('',(-7.743619123242E1,1.756804734214E1,-5.E0));
#7879=DIRECTION('',(-9.925461516413E-1,1.218693434051E-1,0.E0));
#7880=DIRECTION('',(1.218693434051E-1,9.925461516413E-1,0.E0));
#7881=AXIS2_PLACEMENT_3D('',#7878,#7879,#7880);
#7882=PLANE('',#7881);
#7883=ORIENTED_EDGE('',*,*,#7816,.T.);
#7884=ORIENTED_EDGE('',*,*,#7873,.T.);
#7885=ORIENTED_EDGE('',*,*,#7644,.F.);
#7886=ORIENTED_EDGE('',*,*,#7659,.F.);
#7887=EDGE_LOOP('',(#7883,#7884,#7885,#7886));
#7888=FACE_OUTER_BOUND('',#7887,.F.);
#7889=ADVANCED_FACE('',(#7888),#7882,.T.);
#7890=CARTESIAN_POINT('',(-7.485544711572E1,5.590056331111E0,0.E0));
#7891=DIRECTION('',(-9.999629562817E-1,8.607326200252E-3,0.E0));
#7892=DIRECTION('',(-8.607326200252E-3,-9.999629562817E-1,0.E0));
#7893=AXIS2_PLACEMENT_3D('',#7890,#7891,#7892);
#7894=PLANE('',#7893);
#7895=ORIENTED_EDGE('',*,*,#7362,.F.);
#7897=ORIENTED_EDGE('',*,*,#7896,.F.);
#7899=ORIENTED_EDGE('',*,*,#7898,.T.);
#7901=ORIENTED_EDGE('',*,*,#7900,.F.);
#7902=EDGE_LOOP('',(#7895,#7897,#7899,#7901));
#7903=FACE_OUTER_BOUND('',#7902,.F.);
#7904=ADVANCED_FACE('',(#7903),#7894,.F.);
#7905=CARTESIAN_POINT('',(-7.466899682495E1,5.844505718854E0,0.E0));
#7906=CARTESIAN_POINT('',(-7.468563595719E1,5.840377466568E0,0.E0));
#7907=CARTESIAN_POINT('',(-7.478485717774E1,5.799518965822E0,0.E0));
#7908=CARTESIAN_POINT('',(-7.486559853909E1,5.662370755539E0,0.E0));
#7909=CARTESIAN_POINT('',(-7.485372210588E1,5.556352042589E0,0.E0));
#7910=CARTESIAN_POINT('',(-7.484959069900E1,5.540352823047E0,0.E0));
#7912=DIRECTION('',(0.E0,0.E0,1.E0));
#7913=VECTOR('',#7912,1.E0);
#7914=SURFACE_OF_LINEAR_EXTRUSION('',#7911,#7913);
#7915=ORIENTED_EDGE('',*,*,#7388,.F.);
#7917=ORIENTED_EDGE('',*,*,#7916,.T.);
#7919=ORIENTED_EDGE('',*,*,#7918,.F.);
#7920=ORIENTED_EDGE('',*,*,#7896,.T.);
#7921=EDGE_LOOP('',(#7915,#7917,#7919,#7920));
#7922=FACE_OUTER_BOUND('',#7921,.F.);
#7923=ADVANCED_FACE('',(#7922),#7914,.F.);
#7924=CARTESIAN_POINT('',(-7.324271326707E1,6.659422375041E0,0.E0));
#7925=DIRECTION('',(-4.925151334172E-1,8.703038798920E-1,0.E0));
#7926=DIRECTION('',(-8.703038798920E-1,-4.925151334172E-1,0.E0));
#7927=AXIS2_PLACEMENT_3D('',#7924,#7925,#7926);
#7928=PLANE('',#7927);
#7929=ORIENTED_EDGE('',*,*,#7386,.F.);
#7931=ORIENTED_EDGE('',*,*,#7930,.F.);
#7933=ORIENTED_EDGE('',*,*,#7932,.F.);
#7934=ORIENTED_EDGE('',*,*,#7916,.F.);
#7935=EDGE_LOOP('',(#7929,#7931,#7933,#7934));
#7936=FACE_OUTER_BOUND('',#7935,.F.);
#7937=ADVANCED_FACE('',(#7936),#7928,.F.);
#7938=CARTESIAN_POINT('',(-7.315318463858E1,6.501203607373E0,0.E0));
#7939=DIRECTION('',(0.E0,0.E0,1.E0));
#7940=DIRECTION('',(9.999644024134E-1,-8.437648138541E-3,0.E0));
#7941=AXIS2_PLACEMENT_3D('',#7938,#7939,#7940);
#7942=CYLINDRICAL_SURFACE('',#7941,1.817926119546E-1);
#7943=ORIENTED_EDGE('',*,*,#7384,.F.);
#7945=ORIENTED_EDGE('',*,*,#7944,.T.);
#7947=ORIENTED_EDGE('',*,*,#7946,.F.);
#7948=ORIENTED_EDGE('',*,*,#7930,.T.);
#7949=EDGE_LOOP('',(#7943,#7945,#7947,#7948));
#7950=FACE_OUTER_BOUND('',#7949,.F.);
#7951=ADVANCED_FACE('',(#7950),#7942,.F.);
#7952=CARTESIAN_POINT('',(-7.297998100263E1,5.502590416671E0,0.E0));
#7953=DIRECTION('',(9.999629562817E-1,-8.607326204755E-3,0.E0));
#7954=DIRECTION('',(8.607326204755E-3,9.999629562817E-1,0.E0));
#7955=AXIS2_PLACEMENT_3D('',#7952,#7953,#7954);
#7956=PLANE('',#7955);
#7957=ORIENTED_EDGE('',*,*,#7382,.F.);
#7959=ORIENTED_EDGE('',*,*,#7958,.F.);
#7961=ORIENTED_EDGE('',*,*,#7960,.T.);
#7962=ORIENTED_EDGE('',*,*,#7944,.F.);
#7963=EDGE_LOOP('',(#7957,#7959,#7961,#7962));
#7964=FACE_OUTER_BOUND('',#7963,.F.);
#7965=ADVANCED_FACE('',(#7964),#7956,.F.);
#7966=CARTESIAN_POINT('',(-7.316645922084E1,5.248195562600E0,0.E0));
#7967=CARTESIAN_POINT('',(-7.314980756559E1,5.252300313686E0,0.E0));
#7968=CARTESIAN_POINT('',(-7.305052729747E1,5.293052622803E0,0.E0));
#7969=CARTESIAN_POINT('',(-7.296983707080E1,5.430286876199E0,0.E0));
#7970=CARTESIAN_POINT('',(-7.298170449798E1,5.536290153861E0,0.E0));
#7971=CARTESIAN_POINT('',(-7.298583208739E1,5.552282626376E0,0.E0));
#7973=DIRECTION('',(0.E0,0.E0,1.E0));
#7974=VECTOR('',#7973,1.E0);
#7975=SURFACE_OF_LINEAR_EXTRUSION('',#7972,#7974);
#7976=ORIENTED_EDGE('',*,*,#7380,.F.);
#7978=ORIENTED_EDGE('',*,*,#7977,.T.);
#7980=ORIENTED_EDGE('',*,*,#7979,.F.);
#7981=ORIENTED_EDGE('',*,*,#7958,.T.);
#7982=EDGE_LOOP('',(#7976,#7978,#7980,#7981));
#7983=FACE_OUTER_BOUND('',#7982,.F.);
#7984=ADVANCED_FACE('',(#7983),#7975,.F.);
#7985=CARTESIAN_POINT('',(-7.347830096229E1,5.063901873680E0,0.E0));
#7986=DIRECTION('',(4.924840522525E-1,-8.703214683535E-1,0.E0));
#7987=DIRECTION('',(8.703214683535E-1,4.924840522525E-1,0.E0));
#7988=AXIS2_PLACEMENT_3D('',#7985,#7986,#7987);
#7989=PLANE('',#7988);
#7990=ORIENTED_EDGE('',*,*,#7378,.F.);
#7992=ORIENTED_EDGE('',*,*,#7991,.F.);
#7994=ORIENTED_EDGE('',*,*,#7993,.F.);
#7995=ORIENTED_EDGE('',*,*,#7977,.F.);
#7996=EDGE_LOOP('',(#7990,#7992,#7994,#7995));
#7997=FACE_OUTER_BOUND('',#7996,.F.);
#7998=ADVANCED_FACE('',(#7997),#7989,.F.);
#7999=CARTESIAN_POINT('',(-7.344247635406E1,5.000608754164E0,0.E0));
#8000=DIRECTION('',(0.E0,0.E0,-1.E0));
#8001=DIRECTION('',(-5.074884631550E-1,-8.616585517272E-1,0.E0));
#8002=AXIS2_PLACEMENT_3D('',#7999,#8000,#8001);
#8003=CYLINDRICAL_SURFACE('',#8002,7.272840939326E-2);
#8004=ORIENTED_EDGE('',*,*,#7376,.F.);
#8006=ORIENTED_EDGE('',*,*,#8005,.T.);
#8008=ORIENTED_EDGE('',*,*,#8007,.F.);
#8009=ORIENTED_EDGE('',*,*,#7991,.T.);
#8010=EDGE_LOOP('',(#8004,#8006,#8008,#8009));
#8011=FACE_OUTER_BOUND('',#8010,.F.);
#8012=ADVANCED_FACE('',(#8011),#8003,.T.);
#8013=CARTESIAN_POINT('',(-7.312294851270E1,4.728066242854E0,0.E0));
#8014=DIRECTION('',(5.073915589805E-1,8.617156177506E-1,0.E0));
#8015=DIRECTION('',(-8.617156177506E-1,5.073915589805E-1,0.E0));
#8016=AXIS2_PLACEMENT_3D('',#8013,#8014,#8015);
#8017=PLANE('',#8016);
#8018=ORIENTED_EDGE('',*,*,#7374,.F.);
#8020=ORIENTED_EDGE('',*,*,#8019,.F.);
#8022=ORIENTED_EDGE('',*,*,#8021,.F.);
#8023=ORIENTED_EDGE('',*,*,#8005,.F.);
#8024=EDGE_LOOP('',(#8018,#8020,#8022,#8023));
#8025=FACE_OUTER_BOUND('',#8024,.F.);
#8026=ADVANCED_FACE('',(#8025),#8017,.F.);
#8027=CARTESIAN_POINT('',(-7.299591489760E1,4.439328836215E0,0.E0));
#8028=CARTESIAN_POINT('',(-7.299116289197E1,4.455801465536E0,0.E0));
#8029=CARTESIAN_POINT('',(-7.297689183203E1,4.562154816350E0,0.E0));
#8030=CARTESIAN_POINT('',(-7.305525998113E1,4.700671921183E0,0.E0));
#8031=CARTESIAN_POINT('',(-7.315299272452E1,4.743436384231E0,0.E0));
#8032=CARTESIAN_POINT('',(-7.316891093822E1,4.747865042660E0,0.E0));
#8034=DIRECTION('',(0.E0,0.E0,1.E0));
#8035=VECTOR('',#8034,1.E0);
#8036=SURFACE_OF_LINEAR_EXTRUSION('',#8033,#8035);
#8037=ORIENTED_EDGE('',*,*,#7372,.F.);
#8039=ORIENTED_EDGE('',*,*,#8038,.T.);
#8041=ORIENTED_EDGE('',*,*,#8040,.F.);
#8042=ORIENTED_EDGE('',*,*,#8019,.T.);
#8043=EDGE_LOOP('',(#8037,#8039,#8041,#8042));
#8044=FACE_OUTER_BOUND('',#8043,.F.);
#8045=ADVANCED_FACE('',(#8044),#8036,.F.);
#8046=CARTESIAN_POINT('',(-7.299727315588E1,3.493660780954E0,0.E0));
#8047=DIRECTION('',(9.999629562817E-1,-8.607326204112E-3,0.E0));
#8048=DIRECTION('',(8.607326204112E-3,9.999629562817E-1,0.E0));
#8049=AXIS2_PLACEMENT_3D('',#8046,#8047,#8048);
#8050=PLANE('',#8049);
#8051=ORIENTED_EDGE('',*,*,#7370,.F.);
#8053=ORIENTED_EDGE('',*,*,#8052,.F.);
#8055=ORIENTED_EDGE('',*,*,#8054,.T.);
#8056=ORIENTED_EDGE('',*,*,#8038,.F.);
#8057=EDGE_LOOP('',(#8051,#8053,#8055,#8056));
#8058=FACE_OUTER_BOUND('',#8057,.F.);
#8059=ADVANCED_FACE('',(#8058),#8050,.F.);
#8060=CARTESIAN_POINT('',(-7.317906912551E1,3.495183437578E0,0.E0));
#8061=DIRECTION('',(0.E0,0.E0,1.E0));
#8062=DIRECTION('',(-5.073056457376E-1,-8.617661990371E-1,0.E0));
#8063=AXIS2_PLACEMENT_3D('',#8060,#8061,#8062);
#8064=CYLINDRICAL_SURFACE('',#8063,1.818023461152E-1);
#8065=ORIENTED_EDGE('',*,*,#7368,.F.);
#8067=ORIENTED_EDGE('',*,*,#8066,.T.);
#8069=ORIENTED_EDGE('',*,*,#8068,.F.);
#8070=ORIENTED_EDGE('',*,*,#8052,.T.);
#8071=EDGE_LOOP('',(#8065,#8067,#8069,#8070));
#8072=FACE_OUTER_BOUND('',#8071,.F.);
#8073=ADVANCED_FACE('',(#8072),#8064,.F.);
#8074=CARTESIAN_POINT('',(-7.473112664471E1,4.198245934477E0,0.E0));
#8075=DIRECTION('',(-5.074634753017E-1,-8.616732682605E-1,0.E0));
#8076=DIRECTION('',(8.616732682605E-1,-5.074634753017E-1,0.E0));
#8077=AXIS2_PLACEMENT_3D('',#8074,#8075,#8076);
#8078=PLANE('',#8077);
#8079=ORIENTED_EDGE('',*,*,#7366,.F.);
#8081=ORIENTED_EDGE('',*,*,#8080,.F.);
#8083=ORIENTED_EDGE('',*,*,#8082,.F.);
#8084=ORIENTED_EDGE('',*,*,#8066,.F.);
#8085=EDGE_LOOP('',(#8079,#8081,#8083,#8084));
#8086=FACE_OUTER_BOUND('',#8085,.F.);
#8087=ADVANCED_FACE('',(#8086),#8078,.F.);
#8088=CARTESIAN_POINT('',(-7.485816242869E1,4.486984693466E0,0.E0));
#8089=CARTESIAN_POINT('',(-7.486291273869E1,4.470515242628E0,0.E0));
#8090=CARTESIAN_POINT('',(-7.487717831489E1,4.364173496873E0,0.E0));
#8091=CARTESIAN_POINT('',(-7.479885767510E1,4.225562606529E0,0.E0));
#8092=CARTESIAN_POINT('',(-7.470106135261E1,4.182901790359E0,0.E0));
#8093=CARTESIAN_POINT('',(-7.468512773939E1,4.178495021035E0,0.E0));
#8095=DIRECTION('',(0.E0,0.E0,1.E0));
#8096=VECTOR('',#8095,1.E0);
#8097=SURFACE_OF_LINEAR_EXTRUSION('',#8094,#8096);
#8098=ORIENTED_EDGE('',*,*,#7364,.F.);
#8099=ORIENTED_EDGE('',*,*,#7900,.T.);
#8101=ORIENTED_EDGE('',*,*,#8100,.F.);
#8102=ORIENTED_EDGE('',*,*,#8080,.T.);
#8103=EDGE_LOOP('',(#8098,#8099,#8101,#8102));
#8104=FACE_OUTER_BOUND('',#8103,.F.);
#8105=ADVANCED_FACE('',(#8104),#8097,.F.);
#8106=CARTESIAN_POINT('',(0.E0,0.E0,-5.E-1));
#8107=DIRECTION('',(0.E0,0.E0,1.E0));
#8108=DIRECTION('',(1.E0,0.E0,0.E0));
#8109=AXIS2_PLACEMENT_3D('',#8106,#8107,#8108);
#8110=PLANE('',#8109);
#8111=ORIENTED_EDGE('',*,*,#7898,.F.);
#8112=ORIENTED_EDGE('',*,*,#7918,.T.);
#8113=ORIENTED_EDGE('',*,*,#7932,.T.);
#8114=ORIENTED_EDGE('',*,*,#7946,.T.);
#8115=ORIENTED_EDGE('',*,*,#7960,.F.);
#8116=ORIENTED_EDGE('',*,*,#7979,.T.);
#8117=ORIENTED_EDGE('',*,*,#7993,.T.);
#8118=ORIENTED_EDGE('',*,*,#8007,.T.);
#8119=ORIENTED_EDGE('',*,*,#8021,.T.);
#8120=ORIENTED_EDGE('',*,*,#8040,.T.);
#8121=ORIENTED_EDGE('',*,*,#8054,.F.);
#8122=ORIENTED_EDGE('',*,*,#8068,.T.);
#8123=ORIENTED_EDGE('',*,*,#8082,.T.);
#8124=ORIENTED_EDGE('',*,*,#8100,.T.);
#8125=EDGE_LOOP('',(#8111,#8112,#8113,#8114,#8115,#8116,#8117,#8118,#8119,#8120,
#8121,#8122,#8123,#8124));
#8126=FACE_OUTER_BOUND('',#8125,.F.);
#8127=ADVANCED_FACE('',(#8126),#8110,.T.);
#8128=CARTESIAN_POINT('',(-7.133262358781E1,6.800415575027E0,0.E0));
#8129=DIRECTION('',(8.607326203496E-3,9.999629562817E-1,0.E0));
#8130=DIRECTION('',(-9.999629562817E-1,8.607326203496E-3,0.E0));
#8131=AXIS2_PLACEMENT_3D('',#8128,#8129,#8130);
#8132=PLANE('',#8131);
#8133=ORIENTED_EDGE('',*,*,#7392,.T.);
#8135=ORIENTED_EDGE('',*,*,#8134,.F.);
#8137=ORIENTED_EDGE('',*,*,#8136,.T.);
#8139=ORIENTED_EDGE('',*,*,#8138,.F.);
#8140=EDGE_LOOP('',(#8133,#8135,#8137,#8139));
#8141=FACE_OUTER_BOUND('',#8140,.F.);
#8142=ADVANCED_FACE('',(#8141),#8132,.F.);
#8143=CARTESIAN_POINT('',(-7.094811179814E1,6.593083548836E0,0.E0));
#8144=CARTESIAN_POINT('',(-7.094185353123E1,6.610519679515E0,0.E0));
#8145=CARTESIAN_POINT('',(-7.093620591054E1,6.706193990964E0,0.E0));
#8146=CARTESIAN_POINT('',(-7.106298451925E1,6.814427534500E0,0.E0));
#8147=CARTESIAN_POINT('',(-7.115574577309E1,6.795264545013E0,0.E0));
#8148=CARTESIAN_POINT('',(-7.117124729409E1,6.787370116426E0,0.E0));
#8150=DIRECTION('',(0.E0,0.E0,1.E0));
#8151=VECTOR('',#8150,1.E0);
#8152=SURFACE_OF_LINEAR_EXTRUSION('',#8149,#8151);
#8153=ORIENTED_EDGE('',*,*,#7438,.F.);
#8155=ORIENTED_EDGE('',*,*,#8154,.T.);
#8157=ORIENTED_EDGE('',*,*,#8156,.F.);
#8158=ORIENTED_EDGE('',*,*,#8134,.T.);
#8159=EDGE_LOOP('',(#8153,#8155,#8157,#8158));
#8160=FACE_OUTER_BOUND('',#8159,.F.);
#8161=ADVANCED_FACE('',(#8160),#8152,.F.);
#8162=CARTESIAN_POINT('',(-7.073521442615E1,5.400998468292E0,0.E0));
#8163=DIRECTION('',(9.862712520449E-1,1.651333321584E-1,0.E0));
#8164=DIRECTION('',(-1.651333321584E-1,9.862712520449E-1,0.E0));
#8165=AXIS2_PLACEMENT_3D('',#8162,#8163,#8164);
#8166=PLANE('',#8165);
#8167=ORIENTED_EDGE('',*,*,#7436,.F.);
#8169=ORIENTED_EDGE('',*,*,#8168,.F.);
#8171=ORIENTED_EDGE('',*,*,#8170,.F.);
#8172=ORIENTED_EDGE('',*,*,#8154,.F.);
#8173=EDGE_LOOP('',(#8167,#8169,#8171,#8172));
#8174=FACE_OUTER_BOUND('',#8173,.F.);
#8175=ADVANCED_FACE('',(#8174),#8166,.F.);
#8176=CARTESIAN_POINT('',(-7.066218423273E1,5.340229901142E0,0.E0));
#8177=CARTESIAN_POINT('',(-7.066280501194E1,5.340211454676E0,0.E0));
#8178=CARTESIAN_POINT('',(-7.069455161643E1,5.339883826351E0,0.E0));
#8179=CARTESIAN_POINT('',(-7.073073317261E1,5.370828965373E0,0.E0));
#8180=CARTESIAN_POINT('',(-7.073540966310E1,5.402229456225E0,0.E0));
#8181=CARTESIAN_POINT('',(-7.073548924818E1,5.402845328174E0,0.E0));
#8183=DIRECTION('',(0.E0,0.E0,1.E0));
#8184=VECTOR('',#8183,1.E0);
#8185=SURFACE_OF_LINEAR_EXTRUSION('',#8182,#8184);
#8186=ORIENTED_EDGE('',*,*,#7434,.F.);
#8188=ORIENTED_EDGE('',*,*,#8187,.T.);
#8190=ORIENTED_EDGE('',*,*,#8189,.F.);
#8191=ORIENTED_EDGE('',*,*,#8168,.T.);
#8192=EDGE_LOOP('',(#8186,#8188,#8190,#8191));
#8193=FACE_OUTER_BOUND('',#8192,.F.);
#8194=ADVANCED_FACE('',(#8193),#8185,.F.);
#8195=CARTESIAN_POINT('',(-7.050891139835E1,5.338875010879E0,0.E0));
#8196=DIRECTION('',(8.607326205592E-3,9.999629562817E-1,0.E0));
#8197=DIRECTION('',(-9.999629562817E-1,8.607326205592E-3,0.E0));
#8198=AXIS2_PLACEMENT_3D('',#8195,#8196,#8197);
#8199=PLANE('',#8198);
#8200=ORIENTED_EDGE('',*,*,#7432,.F.);
#8202=ORIENTED_EDGE('',*,*,#8201,.F.);
#8204=ORIENTED_EDGE('',*,*,#8203,.T.);
#8205=ORIENTED_EDGE('',*,*,#8187,.F.);
#8206=EDGE_LOOP('',(#8200,#8202,#8204,#8205));
#8207=FACE_OUTER_BOUND('',#8206,.F.);
#8208=ADVANCED_FACE('',(#8207),#8199,.F.);
#8209=CARTESIAN_POINT('',(-7.047964661407E1,5.457867685826E0,0.E0));
#8210=CARTESIAN_POINT('',(-7.044747713626E1,5.448555713201E0,0.E0));
#8211=CARTESIAN_POINT('',(-7.041389584086E1,5.398260006048E0,0.E0));
#8212=CARTESIAN_POINT('',(-7.049386625713E1,5.319650315145E0,0.E0));
#8213=CARTESIAN_POINT('',(-7.054185959174E1,5.348637387322E0,0.E0));
#8214=CARTESIAN_POINT('',(-7.055141513228E1,5.372891588827E0,0.E0));
#8216=DIRECTION('',(0.E0,0.E0,1.E0));
#8217=VECTOR('',#8216,1.E0);
#8218=SURFACE_OF_LINEAR_EXTRUSION('',#8215,#8217);
#8219=ORIENTED_EDGE('',*,*,#7430,.F.);
#8221=ORIENTED_EDGE('',*,*,#8220,.T.);
#8223=ORIENTED_EDGE('',*,*,#8222,.F.);
#8224=ORIENTED_EDGE('',*,*,#8201,.T.);
#8225=EDGE_LOOP('',(#8219,#8221,#8223,#8224));
#8226=FACE_OUTER_BOUND('',#8225,.F.);
#8227=ADVANCED_FACE('',(#8226),#8218,.F.);
#8228=CARTESIAN_POINT('',(-7.042519264063E1,6.610809415034E0,0.E0));
#8229=DIRECTION('',(-9.999629562817E-1,8.607326203669E-3,0.E0));
#8230=DIRECTION('',(-8.607326203669E-3,-9.999629562817E-1,0.E0));
#8231=AXIS2_PLACEMENT_3D('',#8228,#8229,#8230);
#8232=PLANE('',#8231);
#8233=ORIENTED_EDGE('',*,*,#7428,.F.);
#8235=ORIENTED_EDGE('',*,*,#8234,.F.);
#8237=ORIENTED_EDGE('',*,*,#8236,.T.);
#8238=ORIENTED_EDGE('',*,*,#8220,.F.);
#8239=EDGE_LOOP('',(#8233,#8235,#8237,#8238));
#8240=FACE_OUTER_BOUND('',#8239,.F.);
#8241=ADVANCED_FACE('',(#8240),#8232,.F.);
#8242=CARTESIAN_POINT('',(-7.018889108739E1,6.775998929610E0,0.E0));
#8243=CARTESIAN_POINT('',(-7.020529213798E1,6.786214092317E0,0.E0));
#8244=CARTESIAN_POINT('',(-7.030657083760E1,6.812373626509E0,0.E0));
#8245=CARTESIAN_POINT('',(-7.044437544272E1,6.676922096330E0,0.E0));
#8246=CARTESIAN_POINT('',(-7.042143254859E1,6.575986733725E0,0.E0));
#8247=CARTESIAN_POINT('',(-7.041252489052E1,6.560098492910E0,0.E0));
#8249=DIRECTION('',(0.E0,0.E0,1.E0));
#8250=VECTOR('',#8249,1.E0);
#8251=SURFACE_OF_LINEAR_EXTRUSION('',#8248,#8250);
#8252=ORIENTED_EDGE('',*,*,#7426,.F.);
#8254=ORIENTED_EDGE('',*,*,#8253,.T.);
#8256=ORIENTED_EDGE('',*,*,#8255,.F.);
#8257=ORIENTED_EDGE('',*,*,#8234,.T.);
#8258=EDGE_LOOP('',(#8252,#8254,#8256,#8257));
#8259=FACE_OUTER_BOUND('',#8258,.F.);
#8260=ADVANCED_FACE('',(#8259),#8251,.F.);
#8261=CARTESIAN_POINT('',(-6.951471799573E1,6.784767688933E0,0.E0));
#8262=DIRECTION('',(8.607326202351E-3,9.999629562817E-1,0.E0));
#8263=DIRECTION('',(-9.999629562817E-1,8.607326202351E-3,0.E0));
#8264=AXIS2_PLACEMENT_3D('',#8261,#8262,#8263);
#8265=PLANE('',#8264);
#8266=ORIENTED_EDGE('',*,*,#7424,.F.);
#8268=ORIENTED_EDGE('',*,*,#8267,.F.);
#8270=ORIENTED_EDGE('',*,*,#8269,.T.);
#8271=ORIENTED_EDGE('',*,*,#8253,.F.);
#8272=EDGE_LOOP('',(#8266,#8268,#8270,#8271));
#8273=FACE_OUTER_BOUND('',#8272,.F.);
#8274=ADVANCED_FACE('',(#8273),#8265,.F.);
#8275=CARTESIAN_POINT('',(-6.934953061898E1,6.548466882567E0,0.E0));
#8276=CARTESIAN_POINT('',(-6.933931540724E1,6.564867857618E0,0.E0));
#8277=CARTESIAN_POINT('',(-6.931315596656E1,6.666145751970E0,0.E0));
#8278=CARTESIAN_POINT('',(-6.944860585031E1,6.803950665390E0,0.E0));
#8279=CARTESIAN_POINT('',(-6.954954075157E1,6.781007526083E0,0.E0));
#8280=CARTESIAN_POINT('',(-6.956542906185E1,6.772099695755E0,0.E0));
#8282=DIRECTION('',(0.E0,0.E0,1.E0));
#8283=VECTOR('',#8282,1.E0);
#8284=SURFACE_OF_LINEAR_EXTRUSION('',#8281,#8283);
#8285=ORIENTED_EDGE('',*,*,#7422,.F.);
#8287=ORIENTED_EDGE('',*,*,#8286,.T.);
#8289=ORIENTED_EDGE('',*,*,#8288,.F.);
#8290=ORIENTED_EDGE('',*,*,#8267,.T.);
#8291=EDGE_LOOP('',(#8285,#8287,#8289,#8290));
#8292=FACE_OUTER_BOUND('',#8291,.F.);
#8293=ADVANCED_FACE('',(#8292),#8284,.F.);
#8294=CARTESIAN_POINT('',(-6.936266850082E1,3.329264226065E0,0.E0));
#8295=DIRECTION('',(9.999629562817E-1,-8.607326203529E-3,0.E0));
#8296=DIRECTION('',(8.607326203529E-3,9.999629562817E-1,0.E0));
#8297=AXIS2_PLACEMENT_3D('',#8294,#8295,#8296);
#8298=PLANE('',#8297);
#8299=ORIENTED_EDGE('',*,*,#7420,.F.);
#8301=ORIENTED_EDGE('',*,*,#8300,.F.);
#8303=ORIENTED_EDGE('',*,*,#8302,.F.);
#8304=ORIENTED_EDGE('',*,*,#8286,.F.);
#8305=EDGE_LOOP('',(#8299,#8301,#8303,#8304));
#8306=FACE_OUTER_BOUND('',#8305,.F.);
#8307=ADVANCED_FACE('',(#8306),#8298,.F.);
#8308=CARTESIAN_POINT('',(-6.959896728917E1,3.164075618997E0,0.E0));
#8309=CARTESIAN_POINT('',(-6.958256618512E1,3.153860284762E0,0.E0));
#8310=CARTESIAN_POINT('',(-6.948128807237E1,3.127700514388E0,0.E0));
#8311=CARTESIAN_POINT('',(-6.934348595473E1,3.263152523730E0,0.E0));
#8312=CARTESIAN_POINT('',(-6.936642856776E1,3.364086770019E0,0.E0));
#8313=CARTESIAN_POINT('',(-6.937533616706E1,3.379974844791E0,0.E0));
#8315=DIRECTION('',(0.E0,0.E0,1.E0));
#8316=VECTOR('',#8315,1.E0);
#8317=SURFACE_OF_LINEAR_EXTRUSION('',#8314,#8316);
#8318=ORIENTED_EDGE('',*,*,#7418,.F.);
#8320=ORIENTED_EDGE('',*,*,#8319,.T.);
#8322=ORIENTED_EDGE('',*,*,#8321,.F.);
#8323=ORIENTED_EDGE('',*,*,#8300,.T.);
#8324=EDGE_LOOP('',(#8318,#8320,#8322,#8323));
#8325=FACE_OUTER_BOUND('',#8324,.F.);
#8326=ADVANCED_FACE('',(#8325),#8317,.F.);
#8327=CARTESIAN_POINT('',(-7.066597240589E1,3.158687978424E0,0.E0));
#8328=DIRECTION('',(-8.607326212979E-3,-9.999629562816E-1,0.E0));
#8329=DIRECTION('',(9.999629562816E-1,-8.607326212979E-3,0.E0));
#8330=AXIS2_PLACEMENT_3D('',#8327,#8328,#8329);
#8331=PLANE('',#8330);
#8333=ORIENTED_EDGE('',*,*,#8332,.T.);
#8334=ORIENTED_EDGE('',*,*,#8319,.F.);
#8335=ORIENTED_EDGE('',*,*,#7416,.T.);
#8337=ORIENTED_EDGE('',*,*,#8336,.F.);
#8338=EDGE_LOOP('',(#8333,#8334,#8335,#8337));
#8339=FACE_OUTER_BOUND('',#8338,.F.);
#8340=ADVANCED_FACE('',(#8339),#8331,.F.);
#8341=CARTESIAN_POINT('',(0.E0,0.E0,-5.E-1));
#8342=DIRECTION('',(0.E0,0.E0,1.E0));
#8343=DIRECTION('',(1.E0,0.E0,0.E0));
#8344=AXIS2_PLACEMENT_3D('',#8341,#8342,#8343);
#8345=PLANE('',#8344);
#8346=ORIENTED_EDGE('',*,*,#8136,.F.);
#8347=ORIENTED_EDGE('',*,*,#8156,.T.);
#8348=ORIENTED_EDGE('',*,*,#8170,.T.);
#8349=ORIENTED_EDGE('',*,*,#8189,.T.);
#8350=ORIENTED_EDGE('',*,*,#8203,.F.);
#8351=ORIENTED_EDGE('',*,*,#8222,.T.);
#8352=ORIENTED_EDGE('',*,*,#8236,.F.);
#8353=ORIENTED_EDGE('',*,*,#8255,.T.);
#8354=ORIENTED_EDGE('',*,*,#8269,.F.);
#8355=ORIENTED_EDGE('',*,*,#8288,.T.);
#8356=ORIENTED_EDGE('',*,*,#8302,.T.);
#8357=ORIENTED_EDGE('',*,*,#8321,.T.);
#8358=ORIENTED_EDGE('',*,*,#8332,.F.);
#8360=ORIENTED_EDGE('',*,*,#8359,.T.);
#8362=ORIENTED_EDGE('',*,*,#8361,.T.);
#8364=ORIENTED_EDGE('',*,*,#8363,.T.);
#8366=ORIENTED_EDGE('',*,*,#8365,.F.);
#8368=ORIENTED_EDGE('',*,*,#8367,.T.);
#8370=ORIENTED_EDGE('',*,*,#8369,.F.);
#8372=ORIENTED_EDGE('',*,*,#8371,.T.);
#8374=ORIENTED_EDGE('',*,*,#8373,.F.);
#8376=ORIENTED_EDGE('',*,*,#8375,.T.);
#8378=ORIENTED_EDGE('',*,*,#8377,.T.);
#8380=ORIENTED_EDGE('',*,*,#8379,.T.);
#8381=EDGE_LOOP('',(#8346,#8347,#8348,#8349,#8350,#8351,#8352,#8353,#8354,#8355,
#8356,#8357,#8358,#8360,#8362,#8364,#8366,#8368,#8370,#8372,#8374,#8376,#8378,
#8380));
#8382=FACE_OUTER_BOUND('',#8381,.F.);
#8383=ADVANCED_FACE('',(#8382),#8345,.T.);
#8384=CARTESIAN_POINT('',(-7.083943994988E1,3.364113760281E0,0.E0));
#8385=CARTESIAN_POINT('',(-7.084569841199E1,3.346673628655E0,0.E0));
#8386=CARTESIAN_POINT('',(-7.085133611734E1,3.251009357741E0,0.E0));
#8387=CARTESIAN_POINT('',(-7.072453742848E1,3.142872256330E0,0.E0));
#8388=CARTESIAN_POINT('',(-7.063180596033E1,3.162020034386E0,0.E0));
#8389=CARTESIAN_POINT('',(-7.061631014338E1,3.169908799398E0,0.E0));
#8391=DIRECTION('',(0.E0,0.E0,1.E0));
#8392=VECTOR('',#8391,1.E0);
#8393=SURFACE_OF_LINEAR_EXTRUSION('',#8390,#8392);
#8394=ORIENTED_EDGE('',*,*,#7414,.F.);
#8396=ORIENTED_EDGE('',*,*,#8395,.T.);
#8397=ORIENTED_EDGE('',*,*,#8359,.F.);
#8398=ORIENTED_EDGE('',*,*,#8336,.T.);
#8399=EDGE_LOOP('',(#8394,#8396,#8397,#8398));
#8400=FACE_OUTER_BOUND('',#8399,.F.);
#8401=ADVANCED_FACE('',(#8400),#8393,.F.);
#8402=CARTESIAN_POINT('',(-7.105233207532E1,4.556288446041E0,0.E0));
#8403=DIRECTION('',(-9.862733232388E-1,-1.651209613207E-1,0.E0));
#8404=DIRECTION('',(1.651209613207E-1,-9.862733232388E-1,0.E0));
#8405=AXIS2_PLACEMENT_3D('',#8402,#8403,#8404);
#8406=PLANE('',#8405);
#8407=ORIENTED_EDGE('',*,*,#7412,.F.);
#8409=ORIENTED_EDGE('',*,*,#8408,.F.);
#8410=ORIENTED_EDGE('',*,*,#8361,.F.);
#8411=ORIENTED_EDGE('',*,*,#8395,.F.);
#8412=EDGE_LOOP('',(#8407,#8409,#8410,#8411));
#8413=FACE_OUTER_BOUND('',#8412,.F.);
#8414=ADVANCED_FACE('',(#8413),#8406,.F.);
#8415=CARTESIAN_POINT('',(-7.112536182912E1,4.616965829580E0,0.E0));
#8416=CARTESIAN_POINT('',(-7.112474147589E1,4.616984221116E0,0.E0));
#8417=CARTESIAN_POINT('',(-7.109301568956E1,4.617310559882E0,0.E0));
#8418=CARTESIAN_POINT('',(-7.105680972001E1,4.586440088057E0,0.E0));
#8419=CARTESIAN_POINT('',(-7.105213697460E1,4.555058208979E0,0.E0));
#8420=CARTESIAN_POINT('',(-7.105205747416E1,4.554442679974E0,0.E0));
#8422=DIRECTION('',(0.E0,0.E0,1.E0));
#8423=VECTOR('',#8422,1.E0);
#8424=SURFACE_OF_LINEAR_EXTRUSION('',#8421,#8423);
#8425=ORIENTED_EDGE('',*,*,#7410,.F.);
#8427=ORIENTED_EDGE('',*,*,#8426,.T.);
#8428=ORIENTED_EDGE('',*,*,#8363,.F.);
#8429=ORIENTED_EDGE('',*,*,#8408,.T.);
#8430=EDGE_LOOP('',(#8425,#8427,#8428,#8429));
#8431=FACE_OUTER_BOUND('',#8430,.F.);
#8432=ADVANCED_FACE('',(#8431),#8424,.F.);
#8433=CARTESIAN_POINT('',(-7.127863588866E1,4.618320642992E0,0.E0));
#8434=DIRECTION('',(-8.607326205584E-3,-9.999629562817E-1,0.E0));
#8435=DIRECTION('',(9.999629562817E-1,-8.607326205584E-3,0.E0));
#8436=AXIS2_PLACEMENT_3D('',#8433,#8434,#8435);
#8437=PLANE('',#8436);
#8438=ORIENTED_EDGE('',*,*,#7408,.F.);
#8440=ORIENTED_EDGE('',*,*,#8439,.F.);
#8441=ORIENTED_EDGE('',*,*,#8365,.T.);
#8442=ORIENTED_EDGE('',*,*,#8426,.F.);
#8443=EDGE_LOOP('',(#8438,#8440,#8441,#8442));
#8444=FACE_OUTER_BOUND('',#8443,.F.);
#8445=ADVANCED_FACE('',(#8444),#8437,.F.);
#8446=CARTESIAN_POINT('',(-7.130788669389E1,4.499393354729E0,0.E0));
#8447=CARTESIAN_POINT('',(-7.134006713897E1,4.508747098194E0,0.E0));
#8448=CARTESIAN_POINT('',(-7.137365839365E1,4.559049103680E0,0.E0));
#8449=CARTESIAN_POINT('',(-7.129364907182E1,4.637510511216E0,0.E0));
#8450=CARTESIAN_POINT('',(-7.124571936516E1,4.608575652599E0,0.E0));
#8451=CARTESIAN_POINT('',(-7.123620317777E1,4.584370389223E0,0.E0));
#8453=DIRECTION('',(0.E0,0.E0,1.E0));
#8454=VECTOR('',#8453,1.E0);
#8455=SURFACE_OF_LINEAR_EXTRUSION('',#8452,#8454);
#8456=ORIENTED_EDGE('',*,*,#7406,.F.);
#8458=ORIENTED_EDGE('',*,*,#8457,.T.);
#8459=ORIENTED_EDGE('',*,*,#8367,.F.);
#8460=ORIENTED_EDGE('',*,*,#8439,.T.);
#8461=EDGE_LOOP('',(#8456,#8458,#8459,#8460));
#8462=FACE_OUTER_BOUND('',#8461,.F.);
#8463=ADVANCED_FACE('',(#8462),#8455,.F.);
#8464=CARTESIAN_POINT('',(-7.136235386679E1,3.346476807932E0,0.E0));
#8465=DIRECTION('',(9.999629562817E-1,-8.607326203765E-3,0.E0));
#8466=DIRECTION('',(8.607326203765E-3,9.999629562817E-1,0.E0));
#8467=AXIS2_PLACEMENT_3D('',#8464,#8465,#8466);
#8468=PLANE('',#8467);
#8469=ORIENTED_EDGE('',*,*,#7404,.F.);
#8471=ORIENTED_EDGE('',*,*,#8470,.F.);
#8472=ORIENTED_EDGE('',*,*,#8369,.T.);
#8473=ORIENTED_EDGE('',*,*,#8457,.F.);
#8474=EDGE_LOOP('',(#8469,#8471,#8472,#8473));
#8475=FACE_OUTER_BOUND('',#8474,.F.);
#8476=ADVANCED_FACE('',(#8475),#8468,.F.);
#8477=CARTESIAN_POINT('',(-7.159865539979E1,3.181287988235E0,0.E0));
#8478=CARTESIAN_POINT('',(-7.158225438153E1,3.171072823297E0,0.E0));
#8479=CARTESIAN_POINT('',(-7.148097592137E1,3.144913344588E0,0.E0));
#8480=CARTESIAN_POINT('',(-7.134317097802E1,3.280364232506E0,0.E0));
#8481=CARTESIAN_POINT('',(-7.136611398686E1,3.381299528830E0,0.E0));
#8482=CARTESIAN_POINT('',(-7.137502171291E1,3.39718781E0,0.E0));
#8484=DIRECTION('',(0.E0,0.E0,1.E0));
#8485=VECTOR('',#8484,1.E0);
#8486=SURFACE_OF_LINEAR_EXTRUSION('',#8483,#8485);
#8487=ORIENTED_EDGE('',*,*,#7402,.F.);
#8489=ORIENTED_EDGE('',*,*,#8488,.T.);
#8490=ORIENTED_EDGE('',*,*,#8371,.F.);
#8491=ORIENTED_EDGE('',*,*,#8470,.T.);
#8492=EDGE_LOOP('',(#8487,#8489,#8490,#8491));
#8493=FACE_OUTER_BOUND('',#8492,.F.);
#8494=ADVANCED_FACE('',(#8493),#8486,.F.);
#8495=CARTESIAN_POINT('',(-7.227282574028E1,3.172519201591E0,0.E0));
#8496=DIRECTION('',(-8.607326200756E-3,-9.999629562817E-1,0.E0));
#8497=DIRECTION('',(9.999629562817E-1,-8.607326200756E-3,0.E0));
#8498=AXIS2_PLACEMENT_3D('',#8495,#8496,#8497);
#8499=PLANE('',#8498);
#8500=ORIENTED_EDGE('',*,*,#7400,.F.);
#8502=ORIENTED_EDGE('',*,*,#8501,.F.);
#8503=ORIENTED_EDGE('',*,*,#8373,.T.);
#8504=ORIENTED_EDGE('',*,*,#8488,.F.);
#8505=EDGE_LOOP('',(#8500,#8502,#8503,#8504));
#8506=FACE_OUTER_BOUND('',#8505,.F.);
#8507=ADVANCED_FACE('',(#8506),#8499,.F.);
#8508=CARTESIAN_POINT('',(-7.243801584343E1,3.408819402736E0,0.E0));
#8509=CARTESIAN_POINT('',(-7.244823108855E1,3.392418276930E0,0.E0));
#8510=CARTESIAN_POINT('',(-7.247439082405E1,3.291139511533E0,0.E0));
#8511=CARTESIAN_POINT('',(-7.233893809090E1,3.153336657519E0,0.E0));
#8512=CARTESIAN_POINT('',(-7.223800318703E1,3.176279239029E0,0.E0));
#8513=CARTESIAN_POINT('',(-7.222211508977E1,3.185186765735E0,0.E0));
#8515=DIRECTION('',(0.E0,0.E0,1.E0));
#8516=VECTOR('',#8515,1.E0);
#8517=SURFACE_OF_LINEAR_EXTRUSION('',#8514,#8516);
#8518=ORIENTED_EDGE('',*,*,#7398,.F.);
#8520=ORIENTED_EDGE('',*,*,#8519,.T.);
#8521=ORIENTED_EDGE('',*,*,#8375,.F.);
#8522=ORIENTED_EDGE('',*,*,#8501,.T.);
#8523=EDGE_LOOP('',(#8518,#8520,#8521,#8522));
#8524=FACE_OUTER_BOUND('',#8523,.F.);
#8525=ADVANCED_FACE('',(#8524),#8517,.F.);
#8526=CARTESIAN_POINT('',(-7.242487800660E1,6.628021996901E0,0.E0));
#8527=DIRECTION('',(-9.999629562817E-1,8.607326203321E-3,0.E0));
#8528=DIRECTION('',(-8.607326203321E-3,-9.999629562817E-1,0.E0));
#8529=AXIS2_PLACEMENT_3D('',#8526,#8527,#8528);
#8530=PLANE('',#8529);
#8531=ORIENTED_EDGE('',*,*,#7396,.F.);
#8533=ORIENTED_EDGE('',*,*,#8532,.F.);
#8534=ORIENTED_EDGE('',*,*,#8377,.F.);
#8535=ORIENTED_EDGE('',*,*,#8519,.F.);
#8536=EDGE_LOOP('',(#8531,#8533,#8534,#8535));
#8537=FACE_OUTER_BOUND('',#8536,.F.);
#8538=ADVANCED_FACE('',(#8537),#8530,.F.);
#8539=CARTESIAN_POINT('',(-7.218857645336E1,6.793211511477E0,0.E0));
#8540=CARTESIAN_POINT('',(-7.220497750395E1,6.803426674184E0,0.E0));
#8541=CARTESIAN_POINT('',(-7.230625620357E1,6.829586208377E0,0.E0));
#8542=CARTESIAN_POINT('',(-7.244406080869E1,6.694134678198E0,0.E0));
#8543=CARTESIAN_POINT('',(-7.242111791457E1,6.593199315592E0,0.E0));
#8544=CARTESIAN_POINT('',(-7.241221025651E1,6.577311074777E0,0.E0));
#8546=DIRECTION('',(0.E0,0.E0,1.E0));
#8547=VECTOR('',#8546,1.E0);
#8548=SURFACE_OF_LINEAR_EXTRUSION('',#8545,#8547);
#8549=ORIENTED_EDGE('',*,*,#7394,.F.);
#8550=ORIENTED_EDGE('',*,*,#8138,.T.);
#8551=ORIENTED_EDGE('',*,*,#8379,.F.);
#8552=ORIENTED_EDGE('',*,*,#8532,.T.);
#8553=EDGE_LOOP('',(#8549,#8550,#8551,#8552));
#8554=FACE_OUTER_BOUND('',#8553,.F.);
#8555=ADVANCED_FACE('',(#8554),#8548,.F.);
#8556=CARTESIAN_POINT('',(-6.769686771301E1,6.769120278924E0,0.E0));
#8557=DIRECTION('',(8.607326203431E-3,9.999629562817E-1,0.E0));
#8558=DIRECTION('',(-9.999629562817E-1,8.607326203431E-3,0.E0));
#8559=AXIS2_PLACEMENT_3D('',#8556,#8557,#8558);
#8560=PLANE('',#8559);
#8561=ORIENTED_EDGE('',*,*,#7442,.F.);
#8563=ORIENTED_EDGE('',*,*,#8562,.F.);
#8565=ORIENTED_EDGE('',*,*,#8564,.T.);
#8567=ORIENTED_EDGE('',*,*,#8566,.F.);
#8568=EDGE_LOOP('',(#8561,#8563,#8565,#8567));
#8569=FACE_OUTER_BOUND('',#8568,.F.);
#8570=ADVANCED_FACE('',(#8569),#8560,.F.);
#8571=CARTESIAN_POINT('',(-6.753168033625E1,6.532819472555E0,0.E0));
#8572=CARTESIAN_POINT('',(-6.752146512452E1,6.549220447606E0,0.E0));
#8573=CARTESIAN_POINT('',(-6.749530568384E1,6.650498341958E0,0.E0));
#8574=CARTESIAN_POINT('',(-6.763075556759E1,6.788303255380E0,0.E0));
#8575=CARTESIAN_POINT('',(-6.773169046885E1,6.765360116074E0,0.E0));
#8576=CARTESIAN_POINT('',(-6.774757877913E1,6.756452285746E0,0.E0));
#8578=DIRECTION('',(0.E0,0.E0,1.E0));
#8579=VECTOR('',#8578,1.E0);
#8580=SURFACE_OF_LINEAR_EXTRUSION('',#8577,#8579);
#8581=ORIENTED_EDGE('',*,*,#7476,.F.);
#8583=ORIENTED_EDGE('',*,*,#8582,.T.);
#8585=ORIENTED_EDGE('',*,*,#8584,.F.);
#8586=ORIENTED_EDGE('',*,*,#8562,.T.);
#8587=EDGE_LOOP('',(#8581,#8583,#8585,#8586));
#8588=FACE_OUTER_BOUND('',#8587,.F.);
#8589=ADVANCED_FACE('',(#8588),#8580,.F.);
#8590=CARTESIAN_POINT('',(-6.753464760036E1,4.495196408157E0,0.E0));
#8591=DIRECTION('',(9.999629562817E-1,-8.607326204080E-3,0.E0));
#8592=DIRECTION('',(8.607326204080E-3,9.999629562817E-1,0.E0));
#8593=AXIS2_PLACEMENT_3D('',#8590,#8591,#8592);
#8594=PLANE('',#8593);
#8595=ORIENTED_EDGE('',*,*,#7474,.F.);
#8597=ORIENTED_EDGE('',*,*,#8596,.T.);
#8599=ORIENTED_EDGE('',*,*,#8598,.F.);
#8600=ORIENTED_EDGE('',*,*,#8582,.F.);
#8601=EDGE_LOOP('',(#8595,#8597,#8599,#8600));
#8602=FACE_OUTER_BOUND('',#8601,.F.);
#8603=ADVANCED_FACE('',(#8602),#8594,.F.);
#8604=CARTESIAN_POINT('',(-6.726193271766E1,4.492857557270E0,0.E0));
#8605=DIRECTION('',(0.E0,0.E0,-1.E0));
#8606=DIRECTION('',(9.999626849575E-1,-8.638789992060E-3,0.E0));
#8607=AXIS2_PLACEMENT_3D('',#8604,#8605,#8606);
#8608=CYLINDRICAL_SURFACE('',#8607,2.727241841849E-1);
#8609=ORIENTED_EDGE('',*,*,#7472,.F.);
#8611=ORIENTED_EDGE('',*,*,#8610,.F.);
#8613=ORIENTED_EDGE('',*,*,#8612,.F.);
#8614=ORIENTED_EDGE('',*,*,#8596,.F.);
#8615=EDGE_LOOP('',(#8609,#8611,#8613,#8614));
#8616=FACE_OUTER_BOUND('',#8615,.F.);
#8617=ADVANCED_FACE('',(#8616),#8608,.T.);
#8618=CARTESIAN_POINT('',(-6.697121653971E1,6.581078814704E0,0.E0));
#8619=DIRECTION('',(-9.999629562817E-1,8.607326204073E-3,0.E0));
#8620=DIRECTION('',(-8.607326204073E-3,-9.999629562817E-1,0.E0));
#8621=AXIS2_PLACEMENT_3D('',#8618,#8619,#8620);
#8622=PLANE('',#8621);
#8623=ORIENTED_EDGE('',*,*,#7470,.F.);
#8625=ORIENTED_EDGE('',*,*,#8624,.F.);
#8627=ORIENTED_EDGE('',*,*,#8626,.F.);
#8628=ORIENTED_EDGE('',*,*,#8610,.T.);
#8629=EDGE_LOOP('',(#8623,#8625,#8627,#8628));
#8630=FACE_OUTER_BOUND('',#8629,.F.);
#8631=ADVANCED_FACE('',(#8630),#8622,.F.);
#8632=CARTESIAN_POINT('',(-6.673491773113E1,6.746268116656E0,0.E0));
#8633=CARTESIAN_POINT('',(-6.675131886750E1,6.756483448657E0,0.E0));
#8634=CARTESIAN_POINT('',(-6.685259721972E1,6.782643274512E0,0.E0));
#8635=CARTESIAN_POINT('',(-6.699039899912E1,6.647190622913E0,0.E0));
#8636=CARTESIAN_POINT('',(-6.696745650081E1,6.546256310339E0,0.E0));
#8637=CARTESIAN_POINT('',(-6.695854896950E1,6.530368275921E0,0.E0));
#8639=DIRECTION('',(0.E0,0.E0,1.E0));
#8640=VECTOR('',#8639,1.E0);
#8641=SURFACE_OF_LINEAR_EXTRUSION('',#8638,#8640);
#8642=ORIENTED_EDGE('',*,*,#7468,.F.);
#8644=ORIENTED_EDGE('',*,*,#8643,.T.);
#8646=ORIENTED_EDGE('',*,*,#8645,.F.);
#8647=ORIENTED_EDGE('',*,*,#8624,.T.);
#8648=EDGE_LOOP('',(#8642,#8644,#8646,#8647));
#8649=FACE_OUTER_BOUND('',#8648,.F.);
#8650=ADVANCED_FACE('',(#8649),#8641,.F.);
#8651=CARTESIAN_POINT('',(-6.587896212092E1,6.753472392830E0,0.E0));
#8652=DIRECTION('',(8.607326201040E-3,9.999629562817E-1,0.E0));
#8653=DIRECTION('',(-9.999629562817E-1,8.607326201040E-3,0.E0));
#8654=AXIS2_PLACEMENT_3D('',#8651,#8652,#8653);
#8655=PLANE('',#8654);
#8656=ORIENTED_EDGE('',*,*,#7466,.F.);
#8658=ORIENTED_EDGE('',*,*,#8657,.F.);
#8660=ORIENTED_EDGE('',*,*,#8659,.T.);
#8661=ORIENTED_EDGE('',*,*,#8643,.F.);
#8662=EDGE_LOOP('',(#8656,#8658,#8660,#8661));
#8663=FACE_OUTER_BOUND('',#8662,.F.);
#8664=ADVANCED_FACE('',(#8663),#8655,.F.);
#8665=CARTESIAN_POINT('',(-6.571377474417E1,6.517171586454E0,0.E0));
#8666=CARTESIAN_POINT('',(-6.570355953243E1,6.533572561506E0,0.E0));
#8667=CARTESIAN_POINT('',(-6.567740009176E1,6.634850455858E0,0.E0));
#8668=CARTESIAN_POINT('',(-6.581284997551E1,6.772655369288E0,0.E0));
#8669=CARTESIAN_POINT('',(-6.591378487676E1,6.749712229980E0,0.E0));
#8670=CARTESIAN_POINT('',(-6.592967318704E1,6.740804399650E0,0.E0));
#8672=DIRECTION('',(0.E0,0.E0,1.E0));
#8673=VECTOR('',#8672,1.E0);
#8674=SURFACE_OF_LINEAR_EXTRUSION('',#8671,#8673);
#8675=ORIENTED_EDGE('',*,*,#7464,.F.);
#8677=ORIENTED_EDGE('',*,*,#8676,.T.);
#8679=ORIENTED_EDGE('',*,*,#8678,.F.);
#8680=ORIENTED_EDGE('',*,*,#8657,.T.);
#8681=EDGE_LOOP('',(#8675,#8677,#8679,#8680));
#8682=FACE_OUTER_BOUND('',#8681,.F.);
#8683=ADVANCED_FACE('',(#8682),#8674,.F.);
#8684=CARTESIAN_POINT('',(-6.572260538028E1,3.798366623396E0,0.E0));
#8685=DIRECTION('',(9.999629562817E-1,-8.607326202658E-3,0.E0));
#8686=DIRECTION('',(8.607326202658E-3,9.999629562817E-1,0.E0));
#8687=AXIS2_PLACEMENT_3D('',#8684,#8685,#8686);
#8688=PLANE('',#8687);
#8689=ORIENTED_EDGE('',*,*,#7462,.F.);
#8691=ORIENTED_EDGE('',*,*,#8690,.F.);
#8693=ORIENTED_EDGE('',*,*,#8692,.F.);
#8694=ORIENTED_EDGE('',*,*,#8676,.F.);
#8695=EDGE_LOOP('',(#8689,#8691,#8693,#8694));
#8696=FACE_OUTER_BOUND('',#8695,.F.);
#8697=ADVANCED_FACE('',(#8696),#8688,.F.);
#8698=CARTESIAN_POINT('',(-6.590916988774E1,3.543964116407E0,0.E0));
#8699=CARTESIAN_POINT('',(-6.589252311892E1,3.548073416218E0,0.E0));
#8700=CARTESIAN_POINT('',(-6.579324397878E1,3.588843213039E0,0.E0));
#8701=CARTESIAN_POINT('',(-6.571244795601E1,3.726041631465E0,0.E0));
#8702=CARTESIAN_POINT('',(-6.572433122027E1,3.832070550377E0,0.E0));
#8703=CARTESIAN_POINT('',(-6.572846440445E1,3.848067811742E0,0.E0));
#8705=DIRECTION('',(0.E0,0.E0,1.E0));
#8706=VECTOR('',#8705,1.E0);
#8707=SURFACE_OF_LINEAR_EXTRUSION('',#8704,#8706);
#8708=ORIENTED_EDGE('',*,*,#7460,.F.);
#8710=ORIENTED_EDGE('',*,*,#8709,.T.);
#8712=ORIENTED_EDGE('',*,*,#8711,.F.);
#8713=ORIENTED_EDGE('',*,*,#8690,.T.);
#8714=EDGE_LOOP('',(#8708,#8710,#8712,#8713));
#8715=FACE_OUTER_BOUND('',#8714,.F.);
#8716=ADVANCED_FACE('',(#8715),#8707,.F.);
#8717=CARTESIAN_POINT('',(-6.655259948260E1,3.171947695816E0,0.E0));
#8718=DIRECTION('',(4.925788791775E-1,-8.702678023391E-1,0.E0));
#8719=DIRECTION('',(8.702678023391E-1,4.925788791775E-1,0.E0));
#8720=AXIS2_PLACEMENT_3D('',#8717,#8718,#8719);
#8721=PLANE('',#8720);
#8722=ORIENTED_EDGE('',*,*,#7458,.F.);
#8724=ORIENTED_EDGE('',*,*,#8723,.F.);
#8726=ORIENTED_EDGE('',*,*,#8725,.F.);
#8727=ORIENTED_EDGE('',*,*,#8709,.F.);
#8728=EDGE_LOOP('',(#8722,#8724,#8726,#8727));
#8729=FACE_OUTER_BOUND('',#8728,.F.);
#8730=ADVANCED_FACE('',(#8729),#8721,.F.);
#8731=CARTESIAN_POINT('',(-6.678490539974E1,3.129132821491E0,0.E0));
#8732=CARTESIAN_POINT('',(-6.676852341641E1,3.126402565807E0,0.E0));
#8733=CARTESIAN_POINT('',(-6.668959206700E1,3.119785815557E0,0.E0));
#8734=CARTESIAN_POINT('',(-6.658997603002E1,3.145510706908E0,0.E0));
#8735=CARTESIAN_POINT('',(-6.652433117878E1,3.189343526473E0,0.E0));
#8736=CARTESIAN_POINT('',(-6.651151565144E1,3.199476498519E0,0.E0));
#8738=DIRECTION('',(0.E0,0.E0,1.E0));
#8739=VECTOR('',#8738,1.E0);
#8740=SURFACE_OF_LINEAR_EXTRUSION('',#8737,#8739);
#8741=ORIENTED_EDGE('',*,*,#7456,.F.);
#8743=ORIENTED_EDGE('',*,*,#8742,.T.);
#8745=ORIENTED_EDGE('',*,*,#8744,.F.);
#8746=ORIENTED_EDGE('',*,*,#8723,.T.);
#8747=EDGE_LOOP('',(#8741,#8743,#8745,#8746));
#8748=FACE_OUTER_BOUND('',#8747,.F.);
#8749=ADVANCED_FACE('',(#8748),#8740,.F.);
#8750=CARTESIAN_POINT('',(-6.781252884647E1,3.134126549058E0,0.E0));
#8751=DIRECTION('',(-8.607326205663E-3,-9.999629562817E-1,0.E0));
#8752=DIRECTION('',(9.999629562817E-1,-8.607326205663E-3,0.E0));
#8753=AXIS2_PLACEMENT_3D('',#8750,#8751,#8752);
#8754=PLANE('',#8753);
#8755=ORIENTED_EDGE('',*,*,#7454,.F.);
#8757=ORIENTED_EDGE('',*,*,#8756,.F.);
#8759=ORIENTED_EDGE('',*,*,#8758,.T.);
#8760=ORIENTED_EDGE('',*,*,#8742,.F.);
#8761=EDGE_LOOP('',(#8755,#8757,#8759,#8760));
#8762=FACE_OUTER_BOUND('',#8761,.F.);
#8763=ADVANCED_FACE('',(#8762),#8754,.F.);
#8764=CARTESIAN_POINT('',(-6.803514420377E1,3.213115611111E0,0.E0));
#8765=CARTESIAN_POINT('',(-6.802232251656E1,3.202555441744E0,0.E0));
#8766=CARTESIAN_POINT('',(-6.795726861332E1,3.157359889938E0,0.E0));
#8767=CARTESIAN_POINT('',(-6.785811306263E1,3.129922729416E0,0.E0));
#8768=CARTESIAN_POINT('',(-6.777935262860E1,3.135061194245E0,0.E0));
#8769=CARTESIAN_POINT('',(-6.776319107026E1,3.137423723191E0,0.E0));
#8771=DIRECTION('',(0.E0,0.E0,1.E0));
#8772=VECTOR('',#8771,1.E0);
#8773=SURFACE_OF_LINEAR_EXTRUSION('',#8770,#8772);
#8774=ORIENTED_EDGE('',*,*,#7452,.F.);
#8776=ORIENTED_EDGE('',*,*,#8775,.T.);
#8778=ORIENTED_EDGE('',*,*,#8777,.F.);
#8779=ORIENTED_EDGE('',*,*,#8756,.T.);
#8780=EDGE_LOOP('',(#8774,#8776,#8778,#8779));
#8781=FACE_OUTER_BOUND('',#8780,.F.);
#8782=ADVANCED_FACE('',(#8781),#8773,.F.);
#8783=CARTESIAN_POINT('',(-6.867872258998E1,3.587641301828E0,0.E0));
#8784=DIRECTION('',(-5.074372161159E-1,-8.616887324902E-1,0.E0));
#8785=DIRECTION('',(8.616887324902E-1,-5.074372161159E-1,0.E0));
#8786=AXIS2_PLACEMENT_3D('',#8783,#8784,#8785);
#8787=PLANE('',#8786);
#8788=ORIENTED_EDGE('',*,*,#7450,.F.);
#8790=ORIENTED_EDGE('',*,*,#8789,.F.);
#8792=ORIENTED_EDGE('',*,*,#8791,.F.);
#8793=ORIENTED_EDGE('',*,*,#8775,.F.);
#8794=EDGE_LOOP('',(#8788,#8790,#8792,#8793));
#8795=FACE_OUTER_BOUND('',#8794,.F.);
#8796=ADVANCED_FACE('',(#8795),#8787,.F.);
#8797=CARTESIAN_POINT('',(-6.880575620509E1,3.876378708466E0,0.E0));
#8798=CARTESIAN_POINT('',(-6.881050821072E1,3.859906079145E0,0.E0));
#8799=CARTESIAN_POINT('',(-6.882477927066E1,3.753552728332E0,0.E0));
#8800=CARTESIAN_POINT('',(-6.874641112155E1,3.615035623500E0,0.E0));
#8801=CARTESIAN_POINT('',(-6.864867837816E1,3.572271160451E0,0.E0));
#8802=CARTESIAN_POINT('',(-6.863276016446E1,3.567842502022E0,0.E0));
#8804=DIRECTION('',(0.E0,0.E0,1.E0));
#8805=VECTOR('',#8804,1.E0);
#8806=SURFACE_OF_LINEAR_EXTRUSION('',#8803,#8805);
#8807=ORIENTED_EDGE('',*,*,#7448,.F.);
#8809=ORIENTED_EDGE('',*,*,#8808,.T.);
#8811=ORIENTED_EDGE('',*,*,#8810,.F.);
#8812=ORIENTED_EDGE('',*,*,#8789,.T.);
#8813=EDGE_LOOP('',(#8807,#8809,#8811,#8812));
#8814=FACE_OUTER_BOUND('',#8813,.F.);
#8815=ADVANCED_FACE('',(#8814),#8806,.F.);
#8816=CARTESIAN_POINT('',(-6.878912213180E1,6.596726700798E0,0.E0));
#8817=DIRECTION('',(-9.999629562817E-1,8.607326204033E-3,0.E0));
#8818=DIRECTION('',(-8.607326204033E-3,-9.999629562817E-1,0.E0));
#8819=AXIS2_PLACEMENT_3D('',#8816,#8817,#8818);
#8820=PLANE('',#8819);
#8821=ORIENTED_EDGE('',*,*,#7446,.F.);
#8823=ORIENTED_EDGE('',*,*,#8822,.F.);
#8825=ORIENTED_EDGE('',*,*,#8824,.F.);
#8826=ORIENTED_EDGE('',*,*,#8808,.F.);
#8827=EDGE_LOOP('',(#8821,#8823,#8825,#8826));
#8828=FACE_OUTER_BOUND('',#8827,.F.);
#8829=ADVANCED_FACE('',(#8828),#8820,.F.);
#8830=CARTESIAN_POINT('',(-6.855282057855E1,6.761916215378E0,0.E0));
#8831=CARTESIAN_POINT('',(-6.856922162914E1,6.772131378082E0,0.E0));
#8832=CARTESIAN_POINT('',(-6.867050032877E1,6.798290912272E0,0.E0));
#8833=CARTESIAN_POINT('',(-6.880830493389E1,6.662839382097E0,0.E0));
#8834=CARTESIAN_POINT('',(-6.878536203976E1,6.561904019489E0,0.E0));
#8835=CARTESIAN_POINT('',(-6.877645438170E1,6.546015778674E0,0.E0));
#8837=DIRECTION('',(0.E0,0.E0,1.E0));
#8838=VECTOR('',#8837,1.E0);
#8839=SURFACE_OF_LINEAR_EXTRUSION('',#8836,#8838);
#8840=ORIENTED_EDGE('',*,*,#7444,.F.);
#8841=ORIENTED_EDGE('',*,*,#8566,.T.);
#8843=ORIENTED_EDGE('',*,*,#8842,.F.);
#8844=ORIENTED_EDGE('',*,*,#8822,.T.);
#8845=EDGE_LOOP('',(#8840,#8841,#8843,#8844));
#8846=FACE_OUTER_BOUND('',#8845,.F.);
#8847=ADVANCED_FACE('',(#8846),#8839,.F.);
#8848=CARTESIAN_POINT('',(0.E0,0.E0,-5.E-1));
#8849=DIRECTION('',(0.E0,0.E0,1.E0));
#8850=DIRECTION('',(1.E0,0.E0,0.E0));
#8851=AXIS2_PLACEMENT_3D('',#8848,#8849,#8850);
#8852=PLANE('',#8851);
#8853=ORIENTED_EDGE('',*,*,#8564,.F.);
#8854=ORIENTED_EDGE('',*,*,#8584,.T.);
#8855=ORIENTED_EDGE('',*,*,#8598,.T.);
#8856=ORIENTED_EDGE('',*,*,#8612,.T.);
#8857=ORIENTED_EDGE('',*,*,#8626,.T.);
#8858=ORIENTED_EDGE('',*,*,#8645,.T.);
#8859=ORIENTED_EDGE('',*,*,#8659,.F.);
#8860=ORIENTED_EDGE('',*,*,#8678,.T.);
#8861=ORIENTED_EDGE('',*,*,#8692,.T.);
#8862=ORIENTED_EDGE('',*,*,#8711,.T.);
#8863=ORIENTED_EDGE('',*,*,#8725,.T.);
#8864=ORIENTED_EDGE('',*,*,#8744,.T.);
#8865=ORIENTED_EDGE('',*,*,#8758,.F.);
#8866=ORIENTED_EDGE('',*,*,#8777,.T.);
#8867=ORIENTED_EDGE('',*,*,#8791,.T.);
#8868=ORIENTED_EDGE('',*,*,#8810,.T.);
#8869=ORIENTED_EDGE('',*,*,#8824,.T.);
#8870=ORIENTED_EDGE('',*,*,#8842,.T.);
#8871=EDGE_LOOP('',(#8853,#8854,#8855,#8856,#8857,#8858,#8859,#8860,#8861,#8862,
#8863,#8864,#8865,#8866,#8867,#8868,#8869,#8870));
#8872=FACE_OUTER_BOUND('',#8871,.F.);
#8873=ADVANCED_FACE('',(#8872),#8852,.T.);
#8874=CARTESIAN_POINT('',(-6.515453106604E1,6.432357919609E0,0.E0));
#8875=DIRECTION('',(-9.999629562817E-1,8.607326201492E-3,0.E0));
#8876=DIRECTION('',(-8.607326201492E-3,-9.999629562817E-1,0.E0));
#8877=AXIS2_PLACEMENT_3D('',#8874,#8875,#8876);
#8878=PLANE('',#8877);
#8879=ORIENTED_EDGE('',*,*,#7480,.F.);
#8881=ORIENTED_EDGE('',*,*,#8880,.F.);
#8883=ORIENTED_EDGE('',*,*,#8882,.T.);
#8885=ORIENTED_EDGE('',*,*,#8884,.F.);
#8886=EDGE_LOOP('',(#8879,#8881,#8883,#8885));
#8887=FACE_OUTER_BOUND('',#8886,.F.);
#8888=ADVANCED_FACE('',(#8887),#8878,.F.);
#8889=CARTESIAN_POINT('',(-6.497274391036E1,6.430761213787E0,0.E0));
#8890=DIRECTION('',(0.E0,0.E0,1.E0));
#8891=DIRECTION('',(5.073879074882E-1,8.617177677957E-1,0.E0));
#8892=AXIS2_PLACEMENT_3D('',#8889,#8890,#8891);
#8893=CYLINDRICAL_SURFACE('',#8892,1.817941677775E-1);
#8894=ORIENTED_EDGE('',*,*,#7506,.F.);
#8896=ORIENTED_EDGE('',*,*,#8895,.T.);
#8898=ORIENTED_EDGE('',*,*,#8897,.F.);
#8899=ORIENTED_EDGE('',*,*,#8880,.T.);
#8900=EDGE_LOOP('',(#8894,#8896,#8898,#8899));
#8901=FACE_OUTER_BOUND('',#8900,.F.);
#8902=ADVANCED_FACE('',(#8901),#8893,.F.);
#8903=CARTESIAN_POINT('',(-6.342067480580E1,5.727773433651E0,0.E0));
#8904=DIRECTION('',(5.074235801922E-1,8.616967623619E-1,0.E0));
#8905=DIRECTION('',(-8.616967623619E-1,5.074235801922E-1,0.E0));
#8906=AXIS2_PLACEMENT_3D('',#8903,#8904,#8905);
#8907=PLANE('',#8906);
#8908=ORIENTED_EDGE('',*,*,#7504,.F.);
#8910=ORIENTED_EDGE('',*,*,#8909,.F.);
#8912=ORIENTED_EDGE('',*,*,#8911,.F.);
#8913=ORIENTED_EDGE('',*,*,#8895,.F.);
#8914=EDGE_LOOP('',(#8908,#8910,#8912,#8913));
#8915=FACE_OUTER_BOUND('',#8914,.F.);
#8916=ADVANCED_FACE('',(#8915),#8907,.F.);
#8917=CARTESIAN_POINT('',(-6.329355881315E1,5.439034484408E0,0.E0));
#8918=CARTESIAN_POINT('',(-6.328880244224E1,5.455509467258E0,0.E0));
#8919=CARTESIAN_POINT('',(-6.327451752669E1,5.561885040279E0,0.E0));
#8920=CARTESIAN_POINT('',(-6.335298526605E1,5.700363192456E0,0.E0));
#8921=CARTESIAN_POINT('',(-6.345071431097E1,5.743144216883E0,0.E0));
#8922=CARTESIAN_POINT('',(-6.346662557924E1,5.747576772039E0,0.E0));
#8924=DIRECTION('',(0.E0,0.E0,1.E0));
#8925=VECTOR('',#8924,1.E0);
#8926=SURFACE_OF_LINEAR_EXTRUSION('',#8923,#8925);
#8927=ORIENTED_EDGE('',*,*,#7502,.F.);
#8929=ORIENTED_EDGE('',*,*,#8928,.T.);
#8931=ORIENTED_EDGE('',*,*,#8930,.F.);
#8932=ORIENTED_EDGE('',*,*,#8909,.T.);
#8933=EDGE_LOOP('',(#8927,#8929,#8931,#8932));
#8934=FACE_OUTER_BOUND('',#8933,.F.);
#8935=ADVANCED_FACE('',(#8934),#8926,.F.);
#8936=CARTESIAN_POINT('',(-6.329626583980E1,4.335962275285E0,0.E0));
#8937=DIRECTION('',(9.999629562817E-1,-8.607326203619E-3,0.E0));
#8938=DIRECTION('',(8.607326203619E-3,9.999629562817E-1,0.E0));
#8939=AXIS2_PLACEMENT_3D('',#8936,#8937,#8938);
#8940=PLANE('',#8939);
#8941=ORIENTED_EDGE('',*,*,#7500,.F.);
#8943=ORIENTED_EDGE('',*,*,#8942,.F.);
#8945=ORIENTED_EDGE('',*,*,#8944,.T.);
#8946=ORIENTED_EDGE('',*,*,#8928,.F.);
#8947=EDGE_LOOP('',(#8941,#8943,#8945,#8946));
#8948=FACE_OUTER_BOUND('',#8947,.F.);
#8949=ADVANCED_FACE('',(#8948),#8940,.F.);
#8950=CARTESIAN_POINT('',(-6.348282772657E1,4.081559967254E0,0.E0));
#8951=CARTESIAN_POINT('',(-6.346618081207E1,4.085669134480E0,0.E0));
#8952=CARTESIAN_POINT('',(-6.336690164448E1,4.126438427603E0,0.E0));
#8953=CARTESIAN_POINT('',(-6.328610882444E1,4.263637925855E0,0.E0));
#8954=CARTESIAN_POINT('',(-6.329799160863E1,4.369666075864E0,0.E0));
#8955=CARTESIAN_POINT('',(-6.330212462307E1,4.385663193173E0,0.E0));
#8957=DIRECTION('',(0.E0,0.E0,1.E0));
#8958=VECTOR('',#8957,1.E0);
#8959=SURFACE_OF_LINEAR_EXTRUSION('',#8956,#8958);
#8960=ORIENTED_EDGE('',*,*,#7498,.F.);
#8962=ORIENTED_EDGE('',*,*,#8961,.T.);
#8964=ORIENTED_EDGE('',*,*,#8963,.F.);
#8965=ORIENTED_EDGE('',*,*,#8942,.T.);
#8966=EDGE_LOOP('',(#8960,#8962,#8964,#8965));
#8967=FACE_OUTER_BOUND('',#8966,.F.);
#8968=ADVANCED_FACE('',(#8967),#8959,.F.);
#8969=CARTESIAN_POINT('',(-6.490908818343E1,3.266596993088E0,0.E0));
#8970=DIRECTION('',(4.925151334157E-1,-8.703038798928E-1,0.E0));
#8971=DIRECTION('',(8.703038798928E-1,4.925151334157E-1,0.E0));
#8972=AXIS2_PLACEMENT_3D('',#8969,#8970,#8971);
#8973=PLANE('',#8972);
#8974=ORIENTED_EDGE('',*,*,#7496,.F.);
#8976=ORIENTED_EDGE('',*,*,#8975,.F.);
#8978=ORIENTED_EDGE('',*,*,#8977,.F.);
#8979=ORIENTED_EDGE('',*,*,#8961,.F.);
#8980=EDGE_LOOP('',(#8974,#8976,#8978,#8979));
#8981=FACE_OUTER_BOUND('',#8980,.F.);
#8982=ADVANCED_FACE('',(#8981),#8973,.F.);
#8983=CARTESIAN_POINT('',(-6.499864816519E1,3.424765658681E0,0.E0));
#8984=DIRECTION('',(0.E0,0.E0,1.E0));
#8985=DIRECTION('',(-9.999620591698E-1,8.710925370013E-3,0.E0));
#8986=AXIS2_PLACEMENT_3D('',#8983,#8984,#8985);
#8987=CYLINDRICAL_SURFACE('',#8986,1.817644550182E-1);
#8988=ORIENTED_EDGE('',*,*,#7494,.F.);
#8990=ORIENTED_EDGE('',*,*,#8989,.T.);
#8992=ORIENTED_EDGE('',*,*,#8991,.F.);
#8993=ORIENTED_EDGE('',*,*,#8975,.T.);
#8994=EDGE_LOOP('',(#8988,#8990,#8992,#8993));
#8995=FACE_OUTER_BOUND('',#8994,.F.);
#8996=ADVANCED_FACE('',(#8995),#8987,.F.);
#8997=CARTESIAN_POINT('',(-6.517182321930E1,4.423428283892E0,0.E0));
#8998=DIRECTION('',(-9.999629562817E-1,8.607326204741E-3,0.E0));
#8999=DIRECTION('',(-8.607326204741E-3,-9.999629562817E-1,0.E0));
#9000=AXIS2_PLACEMENT_3D('',#8997,#8998,#8999);
#9001=PLANE('',#9000);
#9002=ORIENTED_EDGE('',*,*,#7492,.F.);
#9004=ORIENTED_EDGE('',*,*,#9003,.F.);
#9006=ORIENTED_EDGE('',*,*,#9005,.T.);
#9007=ORIENTED_EDGE('',*,*,#8989,.F.);
#9008=EDGE_LOOP('',(#9002,#9004,#9006,#9007));
#9009=FACE_OUTER_BOUND('',#9008,.F.);
#9010=ADVANCED_FACE('',(#9009),#9001,.F.);
#9011=CARTESIAN_POINT('',(-6.498537292854E1,4.677877671642E0,0.E0));
#9012=CARTESIAN_POINT('',(-6.500201206078E1,4.673749419354E0,0.E0));
#9013=CARTESIAN_POINT('',(-6.510123328132E1,4.632890918599E0,0.E0));
#9014=CARTESIAN_POINT('',(-6.518197464268E1,4.495742708316E0,0.E0));
#9015=CARTESIAN_POINT('',(-6.517009820946E1,4.389723995369E0,0.E0));
#9016=CARTESIAN_POINT('',(-6.516596680258E1,4.373724775827E0,0.E0));
#9018=DIRECTION('',(0.E0,0.E0,1.E0));
#9019=VECTOR('',#9018,1.E0);
#9020=SURFACE_OF_LINEAR_EXTRUSION('',#9017,#9019);
#9021=ORIENTED_EDGE('',*,*,#7490,.F.);
#9023=ORIENTED_EDGE('',*,*,#9022,.T.);
#9025=ORIENTED_EDGE('',*,*,#9024,.F.);
#9026=ORIENTED_EDGE('',*,*,#9003,.T.);
#9027=EDGE_LOOP('',(#9021,#9023,#9025,#9026));
#9028=FACE_OUTER_BOUND('',#9027,.F.);
#9029=ADVANCED_FACE('',(#9028),#9020,.F.);
#9030=CARTESIAN_POINT('',(-6.467350325963E1,4.862116826884E0,0.E0));
#9031=DIRECTION('',(-4.924827923667E-1,8.703221812770E-1,0.E0));
#9032=DIRECTION('',(-8.703221812770E-1,-4.924827923667E-1,0.E0));
#9033=AXIS2_PLACEMENT_3D('',#9030,#9031,#9032);
#9034=PLANE('',#9033);
#9035=ORIENTED_EDGE('',*,*,#7488,.F.);
#9037=ORIENTED_EDGE('',*,*,#9036,.F.);
#9039=ORIENTED_EDGE('',*,*,#9038,.F.);
#9040=ORIENTED_EDGE('',*,*,#9022,.F.);
#9041=EDGE_LOOP('',(#9035,#9037,#9039,#9040));
#9042=FACE_OUTER_BOUND('',#9041,.F.);
#9043=ADVANCED_FACE('',(#9042),#9034,.F.);
#9044=CARTESIAN_POINT('',(-6.470932371940E1,4.925409910694E0,0.E0));
#9045=DIRECTION('',(0.E0,0.E0,-1.E0));
#9046=DIRECTION('',(5.074458966562E-1,8.616836205747E-1,0.E0));
#9047=AXIS2_PLACEMENT_3D('',#9044,#9045,#9046);
#9048=CYLINDRICAL_SURFACE('',#9047,7.272633495753E-2);
#9049=ORIENTED_EDGE('',*,*,#7486,.F.);
#9051=ORIENTED_EDGE('',*,*,#9050,.T.);
#9053=ORIENTED_EDGE('',*,*,#9052,.F.);
#9054=ORIENTED_EDGE('',*,*,#9036,.T.);
#9055=EDGE_LOOP('',(#9049,#9051,#9053,#9054));
#9056=FACE_OUTER_BOUND('',#9055,.F.);
#9057=ADVANCED_FACE('',(#9056),#9048,.T.);
#9058=CARTESIAN_POINT('',(-6.502885570327E1,5.197953149076E0,0.E0));
#9059=DIRECTION('',(-5.073928063951E-1,-8.617148832523E-1,0.E0));
#9060=DIRECTION('',(8.617148832523E-1,-5.073928063951E-1,0.E0));
#9061=AXIS2_PLACEMENT_3D('',#9058,#9059,#9060);
#9062=PLANE('',#9061);
#9063=ORIENTED_EDGE('',*,*,#7484,.F.);
#9065=ORIENTED_EDGE('',*,*,#9064,.F.);
#9067=ORIENTED_EDGE('',*,*,#9066,.F.);
#9068=ORIENTED_EDGE('',*,*,#9050,.F.);
#9069=EDGE_LOOP('',(#9063,#9065,#9067,#9068));
#9070=FACE_OUTER_BOUND('',#9069,.F.);
#9071=ADVANCED_FACE('',(#9070),#9062,.F.);
#9072=CARTESIAN_POINT('',(-6.515588929188E1,5.486689875211E0,0.E0));
#9073=CARTESIAN_POINT('',(-6.516064131905E1,5.470217263446E0,0.E0));
#9074=CARTESIAN_POINT('',(-6.517491240457E1,5.363864167208E0,0.E0));
#9075=CARTESIAN_POINT('',(-6.509654433516E1,5.225346816086E0,0.E0));
#9076=CARTESIAN_POINT('',(-6.499881135121E1,5.182583209342E0,0.E0));
#9077=CARTESIAN_POINT('',(-6.498289304916E1,5.178154713789E0,0.E0));
#9079=DIRECTION('',(0.E0,0.E0,1.E0));
#9080=VECTOR('',#9079,1.E0);
#9081=SURFACE_OF_LINEAR_EXTRUSION('',#9078,#9080);
#9082=ORIENTED_EDGE('',*,*,#7482,.F.);
#9083=ORIENTED_EDGE('',*,*,#8884,.T.);
#9085=ORIENTED_EDGE('',*,*,#9084,.F.);
#9086=ORIENTED_EDGE('',*,*,#9064,.T.);
#9087=EDGE_LOOP('',(#9082,#9083,#9085,#9086));
#9088=FACE_OUTER_BOUND('',#9087,.F.);
#9089=ADVANCED_FACE('',(#9088),#9081,.F.);
#9090=CARTESIAN_POINT('',(0.E0,0.E0,-5.E-1));
#9091=DIRECTION('',(0.E0,0.E0,1.E0));
#9092=DIRECTION('',(1.E0,0.E0,0.E0));
#9093=AXIS2_PLACEMENT_3D('',#9090,#9091,#9092);
#9094=PLANE('',#9093);
#9095=ORIENTED_EDGE('',*,*,#8882,.F.);
#9096=ORIENTED_EDGE('',*,*,#8897,.T.);
#9097=ORIENTED_EDGE('',*,*,#8911,.T.);
#9098=ORIENTED_EDGE('',*,*,#8930,.T.);
#9099=ORIENTED_EDGE('',*,*,#8944,.F.);
#9100=ORIENTED_EDGE('',*,*,#8963,.T.);
#9101=ORIENTED_EDGE('',*,*,#8977,.T.);
#9102=ORIENTED_EDGE('',*,*,#8991,.T.);
#9103=ORIENTED_EDGE('',*,*,#9005,.F.);
#9104=ORIENTED_EDGE('',*,*,#9024,.T.);
#9105=ORIENTED_EDGE('',*,*,#9038,.T.);
#9106=ORIENTED_EDGE('',*,*,#9052,.T.);
#9107=ORIENTED_EDGE('',*,*,#9066,.T.);
#9108=ORIENTED_EDGE('',*,*,#9084,.T.);
#9109=EDGE_LOOP('',(#9095,#9096,#9097,#9098,#9099,#9100,#9101,#9102,#9103,#9104,
#9105,#9106,#9107,#9108));
#9110=FACE_OUTER_BOUND('',#9109,.F.);
#9111=ADVANCED_FACE('',(#9110),#9094,.T.);
#9112=CARTESIAN_POINT('',(-6.190622998111E1,6.670573707941E0,0.E0));
#9113=DIRECTION('',(-4.925788791726E-1,8.702678023419E-1,0.E0));
#9114=DIRECTION('',(-8.702678023419E-1,-4.925788791726E-1,0.E0));
#9115=AXIS2_PLACEMENT_3D('',#9112,#9113,#9114);
#9116=PLANE('',#9115);
#9117=ORIENTED_EDGE('',*,*,#7510,.F.);
#9119=ORIENTED_EDGE('',*,*,#9118,.F.);
#9121=ORIENTED_EDGE('',*,*,#9120,.F.);
#9123=ORIENTED_EDGE('',*,*,#9122,.F.);
#9124=EDGE_LOOP('',(#9117,#9119,#9121,#9123));
#9125=FACE_OUTER_BOUND('',#9124,.F.);
#9126=ADVANCED_FACE('',(#9125),#9116,.F.);
#9127=CARTESIAN_POINT('',(-6.167383277140E1,6.713395037985E0,0.E0));
#9128=CARTESIAN_POINT('',(-6.169021446635E1,6.716120168853E0,0.E0));
#9129=CARTESIAN_POINT('',(-6.176917378082E1,6.722729292031E0,0.E0));
#9130=CARTESIAN_POINT('',(-6.186882903748E1,6.697029612845E0,0.E0));
#9131=CARTESIAN_POINT('',(-6.193449939646E1,6.653177035760E0,0.E0));
#9132=CARTESIAN_POINT('',(-6.194731546324E1,6.643041260243E0,0.E0));
#9134=DIRECTION('',(0.E0,0.E0,1.E0));
#9135=VECTOR('',#9134,1.E0);
#9136=SURFACE_OF_LINEAR_EXTRUSION('',#9133,#9135);
#9137=ORIENTED_EDGE('',*,*,#7544,.F.);
#9139=ORIENTED_EDGE('',*,*,#9138,.T.);
#9141=ORIENTED_EDGE('',*,*,#9140,.F.);
#9142=ORIENTED_EDGE('',*,*,#9118,.T.);
#9143=EDGE_LOOP('',(#9137,#9139,#9141,#9142));
#9144=FACE_OUTER_BOUND('',#9143,.F.);
#9145=ADVANCED_FACE('',(#9144),#9136,.F.);
#9146=CARTESIAN_POINT('',(-6.064630061725E1,6.708394854702E0,0.E0));
#9147=DIRECTION('',(8.607326202846E-3,9.999629562817E-1,0.E0));
#9148=DIRECTION('',(-9.999629562817E-1,8.607326202846E-3,0.E0));
#9149=AXIS2_PLACEMENT_3D('',#9146,#9147,#9148);
#9150=PLANE('',#9149);
#9151=ORIENTED_EDGE('',*,*,#7542,.F.);
#9153=ORIENTED_EDGE('',*,*,#9152,.F.);
#9155=ORIENTED_EDGE('',*,*,#9154,.T.);
#9156=ORIENTED_EDGE('',*,*,#9138,.F.);
#9157=EDGE_LOOP('',(#9151,#9153,#9155,#9156));
#9158=FACE_OUTER_BOUND('',#9157,.F.);
#9159=ADVANCED_FACE('',(#9158),#9150,.F.);
#9160=CARTESIAN_POINT('',(-6.042368890868E1,6.629404416863E0,0.E0));
#9161=CARTESIAN_POINT('',(-6.043651017686E1,6.639965214815E0,0.E0));
#9162=CARTESIAN_POINT('',(-6.050156202136E1,6.685162385848E0,0.E0));
#9163=CARTESIAN_POINT('',(-6.060071740183E1,6.712598548064E0,0.E0));
#9164=CARTESIAN_POINT('',(-6.067947675576E1,6.707460228887E0,0.E0));
#9165=CARTESIAN_POINT('',(-6.069563818226E1,6.705097777620E0,0.E0));
#9167=DIRECTION('',(0.E0,0.E0,1.E0));
#9168=VECTOR('',#9167,1.E0);
#9169=SURFACE_OF_LINEAR_EXTRUSION('',#9166,#9168);
#9170=ORIENTED_EDGE('',*,*,#7540,.F.);
#9172=ORIENTED_EDGE('',*,*,#9171,.T.);
#9174=ORIENTED_EDGE('',*,*,#9173,.F.);
#9175=ORIENTED_EDGE('',*,*,#9152,.T.);
#9176=EDGE_LOOP('',(#9170,#9172,#9174,#9175));
#9177=FACE_OUTER_BOUND('',#9176,.F.);
#9178=ADVANCED_FACE('',(#9177),#9169,.F.);
#9179=CARTESIAN_POINT('',(-5.978010687373E1,6.254880101929E0,0.E0));
#9180=DIRECTION('',(5.074357168741E-1,8.616896153723E-1,0.E0));
#9181=DIRECTION('',(-8.616896153723E-1,5.074357168741E-1,0.E0));
#9182=AXIS2_PLACEMENT_3D('',#9179,#9180,#9181);
#9183=PLANE('',#9182);
#9184=ORIENTED_EDGE('',*,*,#7538,.F.);
#9186=ORIENTED_EDGE('',*,*,#9185,.F.);
#9188=ORIENTED_EDGE('',*,*,#9187,.F.);
#9189=ORIENTED_EDGE('',*,*,#9171,.F.);
#9190=EDGE_LOOP('',(#9184,#9186,#9188,#9189));
#9191=FACE_OUTER_BOUND('',#9190,.F.);
#9192=ADVANCED_FACE('',(#9191),#9183,.F.);
#9193=CARTESIAN_POINT('',(-5.965307587109E1,5.966142767372E0,0.E0));
#9194=CARTESIAN_POINT('',(-5.964832397204E1,5.982615379139E0,0.E0));
#9195=CARTESIAN_POINT('',(-5.963405324843E1,6.088968240209E0,0.E0));
#9196=CARTESIAN_POINT('',(-5.971241912358E1,6.227484908599E0,0.E0));
#9197=CARTESIAN_POINT('',(-5.981015086088E1,6.270250681617E0,0.E0));
#9198=CARTESIAN_POINT('',(-5.982606902010E1,6.274679604126E0,0.E0));
#9200=DIRECTION('',(0.E0,0.E0,1.E0));
#9201=VECTOR('',#9200,1.E0);
#9202=SURFACE_OF_LINEAR_EXTRUSION('',#9199,#9201);
#9203=ORIENTED_EDGE('',*,*,#7536,.F.);
#9205=ORIENTED_EDGE('',*,*,#9204,.T.);
#9207=ORIENTED_EDGE('',*,*,#9206,.F.);
#9208=ORIENTED_EDGE('',*,*,#9185,.T.);
#9209=EDGE_LOOP('',(#9203,#9205,#9207,#9208));
#9210=FACE_OUTER_BOUND('',#9209,.F.);
#9211=ADVANCED_FACE('',(#9210),#9202,.F.);
#9212=CARTESIAN_POINT('',(-5.965914323541E1,4.473408307127E0,0.E0));
#9213=DIRECTION('',(9.999629562817E-1,-8.607326201855E-3,0.E0));
#9214=DIRECTION('',(8.607326201855E-3,9.999629562817E-1,0.E0));
#9215=AXIS2_PLACEMENT_3D('',#9212,#9213,#9214);
#9216=PLANE('',#9215);
#9217=ORIENTED_EDGE('',*,*,#7534,.F.);
#9219=ORIENTED_EDGE('',*,*,#9218,.F.);
#9221=ORIENTED_EDGE('',*,*,#9220,.T.);
#9222=ORIENTED_EDGE('',*,*,#9204,.F.);
#9223=EDGE_LOOP('',(#9217,#9219,#9221,#9222));
#9224=FACE_OUTER_BOUND('',#9223,.F.);
#9225=ADVANCED_FACE('',(#9224),#9216,.F.);
#9226=CARTESIAN_POINT('',(-5.984561815186E1,4.219011622489E0,0.E0));
#9227=CARTESIAN_POINT('',(-5.982896664788E1,4.223116826E0,0.E0));
#9228=CARTESIAN_POINT('',(-5.972968760462E1,4.263871357092E0,0.E0));
#9229=CARTESIAN_POINT('',(-5.964899958418E1,4.401104967852E0,0.E0));
#9230=CARTESIAN_POINT('',(-5.966086668191E1,4.507108016792E0,0.E0));
#9231=CARTESIAN_POINT('',(-5.966499416077E1,4.523100498935E0,0.E0));
#9233=DIRECTION('',(0.E0,0.E0,1.E0));
#9234=VECTOR('',#9233,1.E0);
#9235=SURFACE_OF_LINEAR_EXTRUSION('',#9232,#9234);
#9236=ORIENTED_EDGE('',*,*,#7532,.F.);
#9238=ORIENTED_EDGE('',*,*,#9237,.T.);
#9240=ORIENTED_EDGE('',*,*,#9239,.F.);
#9241=ORIENTED_EDGE('',*,*,#9218,.T.);
#9242=EDGE_LOOP('',(#9236,#9238,#9240,#9241));
#9243=FACE_OUTER_BOUND('',#9242,.F.);
#9244=ADVANCED_FACE('',(#9243),#9235,.F.);
#9245=CARTESIAN_POINT('',(-6.048913733774E1,3.846989379548E0,0.E0));
#9246=DIRECTION('',(4.925273913250E-1,-8.702969428848E-1,0.E0));
#9247=DIRECTION('',(8.702969428848E-1,4.925273913250E-1,0.E0));
#9248=AXIS2_PLACEMENT_3D('',#9245,#9246,#9247);
#9249=PLANE('',#9248);
#9250=ORIENTED_EDGE('',*,*,#7530,.F.);
#9252=ORIENTED_EDGE('',*,*,#9251,.F.);
#9254=ORIENTED_EDGE('',*,*,#9253,.F.);
#9255=ORIENTED_EDGE('',*,*,#9237,.F.);
#9256=EDGE_LOOP('',(#9250,#9252,#9254,#9255));
#9257=FACE_OUTER_BOUND('',#9256,.F.);
#9258=ADVANCED_FACE('',(#9257),#9249,.F.);
#9259=CARTESIAN_POINT('',(-6.072144211693E1,3.804104690533E0,0.E0));
#9260=CARTESIAN_POINT('',(-6.070505752633E1,3.801359458420E0,0.E0));
#9261=CARTESIAN_POINT('',(-6.062611327963E1,3.794714247534E0,0.E0));
#9262=CARTESIAN_POINT('',(-6.052652739535E1,3.820571231266E0,0.E0));
#9263=CARTESIAN_POINT('',(-6.046086998622E1,3.864377354623E0,0.E0));
#9264=CARTESIAN_POINT('',(-6.044805133243E1,3.874493763189E0,0.E0));
#9266=DIRECTION('',(0.E0,0.E0,1.E0));
#9267=VECTOR('',#9266,1.E0);
#9268=SURFACE_OF_LINEAR_EXTRUSION('',#9265,#9267);
#9269=ORIENTED_EDGE('',*,*,#7528,.F.);
#9271=ORIENTED_EDGE('',*,*,#9270,.T.);
#9273=ORIENTED_EDGE('',*,*,#9272,.F.);
#9274=ORIENTED_EDGE('',*,*,#9251,.T.);
#9275=EDGE_LOOP('',(#9269,#9271,#9273,#9274));
#9276=FACE_OUTER_BOUND('',#9275,.F.);
#9277=ADVANCED_FACE('',(#9276),#9268,.F.);
#9278=CARTESIAN_POINT('',(-6.141015102301E1,3.806160391119E0,0.E0));
#9279=DIRECTION('',(-8.607326204121E-3,-9.999629562817E-1,0.E0));
#9280=DIRECTION('',(9.999629562817E-1,-8.607326204121E-3,0.E0));
#9281=AXIS2_PLACEMENT_3D('',#9278,#9279,#9280);
#9282=PLANE('',#9281);
#9283=ORIENTED_EDGE('',*,*,#7526,.F.);
#9285=ORIENTED_EDGE('',*,*,#9284,.F.);
#9287=ORIENTED_EDGE('',*,*,#9286,.T.);
#9288=ORIENTED_EDGE('',*,*,#9270,.F.);
#9289=EDGE_LOOP('',(#9283,#9285,#9287,#9288));
#9290=FACE_OUTER_BOUND('',#9289,.F.);
#9291=ADVANCED_FACE('',(#9290),#9282,.F.);
#9292=CARTESIAN_POINT('',(-6.143925308474E1,3.687277280599E0,0.E0));
#9293=CARTESIAN_POINT('',(-6.147147864474E1,3.696567833180E0,0.E0));
#9294=CARTESIAN_POINT('',(-6.150507996173E1,3.746821906111E0,0.E0));
#9295=CARTESIAN_POINT('',(-6.142515498094E1,3.825382697626E0,0.E0));
#9296=CARTESIAN_POINT('',(-6.137720698103E1,3.796388139898E0,0.E0));
#9297=CARTESIAN_POINT('',(-6.136766763447E1,3.772102903746E0,0.E0));
#9299=DIRECTION('',(0.E0,0.E0,1.E0));
#9300=VECTOR('',#9299,1.E0);
#9301=SURFACE_OF_LINEAR_EXTRUSION('',#9298,#9300);
#9302=ORIENTED_EDGE('',*,*,#7524,.F.);
#9304=ORIENTED_EDGE('',*,*,#9303,.T.);
#9306=ORIENTED_EDGE('',*,*,#9305,.F.);
#9307=ORIENTED_EDGE('',*,*,#9284,.T.);
#9308=EDGE_LOOP('',(#9302,#9304,#9306,#9307));
#9309=FACE_OUTER_BOUND('',#9308,.F.);
#9310=ADVANCED_FACE('',(#9309),#9301,.F.);
#9311=CARTESIAN_POINT('',(-6.148752166354E1,3.261441803518E0,0.E0));
#9312=DIRECTION('',(9.999629562817E-1,-8.607326204807E-3,0.E0));
#9313=DIRECTION('',(8.607326204807E-3,9.999629562817E-1,0.E0));
#9314=AXIS2_PLACEMENT_3D('',#9311,#9312,#9313);
#9315=PLANE('',#9314);
#9316=ORIENTED_EDGE('',*,*,#7522,.F.);
#9318=ORIENTED_EDGE('',*,*,#9317,.F.);
#9320=ORIENTED_EDGE('',*,*,#9319,.T.);
#9321=ORIENTED_EDGE('',*,*,#9303,.F.);
#9322=EDGE_LOOP('',(#9316,#9318,#9320,#9321));
#9323=FACE_OUTER_BOUND('',#9322,.F.);
#9324=ADVANCED_FACE('',(#9323),#9315,.F.);
#9325=CARTESIAN_POINT('',(-6.172382047212E1,3.096252501553E0,0.E0));
#9326=CARTESIAN_POINT('',(-6.170741933575E1,3.086037169558E0,0.E0));
#9327=CARTESIAN_POINT('',(-6.160614098352E1,3.059877343718E0,0.E0));
#9328=CARTESIAN_POINT('',(-6.146833920414E1,3.195329995310E0,0.E0));
#9329=CARTESIAN_POINT('',(-6.149128170245E1,3.296264307883E0,0.E0));
#9330=CARTESIAN_POINT('',(-6.150018923376E1,3.312152342301E0,0.E0));
#9332=DIRECTION('',(0.E0,0.E0,1.E0));
#9333=VECTOR('',#9332,1.E0);
#9334=SURFACE_OF_LINEAR_EXTRUSION('',#9331,#9333);
#9335=ORIENTED_EDGE('',*,*,#7520,.F.);
#9337=ORIENTED_EDGE('',*,*,#9336,.T.);
#9339=ORIENTED_EDGE('',*,*,#9338,.F.);
#9340=ORIENTED_EDGE('',*,*,#9317,.T.);
#9341=EDGE_LOOP('',(#9335,#9337,#9339,#9340));
#9342=FACE_OUTER_BOUND('',#9341,.F.);
#9343=ADVANCED_FACE('',(#9342),#9334,.F.);
#9344=CARTESIAN_POINT('',(-6.257986457732E1,3.089048987125E0,0.E0));
#9345=DIRECTION('',(-8.607326203109E-3,-9.999629562817E-1,0.E0));
#9346=DIRECTION('',(9.999629562817E-1,-8.607326203109E-3,0.E0));
#9347=AXIS2_PLACEMENT_3D('',#9344,#9345,#9346);
#9348=PLANE('',#9347);
#9349=ORIENTED_EDGE('',*,*,#7518,.F.);
#9351=ORIENTED_EDGE('',*,*,#9350,.F.);
#9353=ORIENTED_EDGE('',*,*,#9352,.T.);
#9354=ORIENTED_EDGE('',*,*,#9336,.F.);
#9355=EDGE_LOOP('',(#9349,#9351,#9353,#9354));
#9356=FACE_OUTER_BOUND('',#9355,.F.);
#9357=ADVANCED_FACE('',(#9356),#9348,.F.);
#9358=CARTESIAN_POINT('',(-6.274505473364E1,3.325349874427E0,0.E0));
#9359=CARTESIAN_POINT('',(-6.275526993643E1,3.308948770068E0,0.E0));
#9360=CARTESIAN_POINT('',(-6.278142959902E1,3.207669917817E0,0.E0));
#9361=CARTESIAN_POINT('',(-6.264597714621E1,3.069866357375E0,0.E0));
#9362=CARTESIAN_POINT('',(-6.254504197984E1,3.092809037850E0,0.E0));
#9363=CARTESIAN_POINT('',(-6.252915383098E1,3.101716596247E0,0.E0));
#9365=DIRECTION('',(0.E0,0.E0,1.E0));
#9366=VECTOR('',#9365,1.E0);
#9367=SURFACE_OF_LINEAR_EXTRUSION('',#9364,#9366);
#9368=ORIENTED_EDGE('',*,*,#7516,.F.);
#9370=ORIENTED_EDGE('',*,*,#9369,.T.);
#9372=ORIENTED_EDGE('',*,*,#9371,.F.);
#9373=ORIENTED_EDGE('',*,*,#9350,.T.);
#9374=EDGE_LOOP('',(#9368,#9370,#9372,#9373));
#9375=FACE_OUTER_BOUND('',#9374,.F.);
#9376=ADVANCED_FACE('',(#9375),#9367,.F.);
#9377=CARTESIAN_POINT('',(-6.273622408343E1,6.044154780365E0,0.E0));
#9378=DIRECTION('',(-9.999629562817E-1,8.607326204046E-3,0.E0));
#9379=DIRECTION('',(-8.607326204046E-3,-9.999629562817E-1,0.E0));
#9380=AXIS2_PLACEMENT_3D('',#9377,#9378,#9379);
#9381=PLANE('',#9380);
#9382=ORIENTED_EDGE('',*,*,#7514,.F.);
#9384=ORIENTED_EDGE('',*,*,#9383,.F.);
#9386=ORIENTED_EDGE('',*,*,#9385,.F.);
#9387=ORIENTED_EDGE('',*,*,#9369,.F.);
#9388=EDGE_LOOP('',(#9382,#9384,#9386,#9387));
#9389=FACE_OUTER_BOUND('',#9388,.F.);
#9390=ADVANCED_FACE('',(#9389),#9381,.F.);
#9391=CARTESIAN_POINT('',(-6.254965957598E1,6.298557287348E0,0.E0));
#9392=CARTESIAN_POINT('',(-6.256630634480E1,6.294447987536E0,0.E0));
#9393=CARTESIAN_POINT('',(-6.266558548493E1,6.253678190710E0,0.E0));
#9394=CARTESIAN_POINT('',(-6.274638150771E1,6.116479772289E0,0.E0));
#9395=CARTESIAN_POINT('',(-6.273449824344E1,6.010450853383E0,0.E0));
#9396=CARTESIAN_POINT('',(-6.273036505926E1,5.994453592017E0,0.E0));
#9398=DIRECTION('',(0.E0,0.E0,1.E0));
#9399=VECTOR('',#9398,1.E0);
#9400=SURFACE_OF_LINEAR_EXTRUSION('',#9397,#9399);
#9401=ORIENTED_EDGE('',*,*,#7512,.F.);
#9402=ORIENTED_EDGE('',*,*,#9122,.T.);
#9404=ORIENTED_EDGE('',*,*,#9403,.F.);
#9405=ORIENTED_EDGE('',*,*,#9383,.T.);
#9406=EDGE_LOOP('',(#9401,#9402,#9404,#9405));
#9407=FACE_OUTER_BOUND('',#9406,.F.);
#9408=ADVANCED_FACE('',(#9407),#9400,.F.);
#9409=CARTESIAN_POINT('',(0.E0,0.E0,-5.E-1));
#9410=DIRECTION('',(0.E0,0.E0,1.E0));
#9411=DIRECTION('',(1.E0,0.E0,0.E0));
#9412=AXIS2_PLACEMENT_3D('',#9409,#9410,#9411);
#9413=PLANE('',#9412);
#9414=ORIENTED_EDGE('',*,*,#9120,.T.);
#9415=ORIENTED_EDGE('',*,*,#9140,.T.);
#9416=ORIENTED_EDGE('',*,*,#9154,.F.);
#9417=ORIENTED_EDGE('',*,*,#9173,.T.);
#9418=ORIENTED_EDGE('',*,*,#9187,.T.);
#9419=ORIENTED_EDGE('',*,*,#9206,.T.);
#9420=ORIENTED_EDGE('',*,*,#9220,.F.);
#9421=ORIENTED_EDGE('',*,*,#9239,.T.);
#9422=ORIENTED_EDGE('',*,*,#9253,.T.);
#9423=ORIENTED_EDGE('',*,*,#9272,.T.);
#9424=ORIENTED_EDGE('',*,*,#9286,.F.);
#9425=ORIENTED_EDGE('',*,*,#9305,.T.);
#9426=ORIENTED_EDGE('',*,*,#9319,.F.);
#9427=ORIENTED_EDGE('',*,*,#9338,.T.);
#9428=ORIENTED_EDGE('',*,*,#9352,.F.);
#9429=ORIENTED_EDGE('',*,*,#9371,.T.);
#9430=ORIENTED_EDGE('',*,*,#9385,.T.);
#9431=ORIENTED_EDGE('',*,*,#9403,.T.);
#9432=EDGE_LOOP('',(#9414,#9415,#9416,#9417,#9418,#9419,#9420,#9421,#9422,#9423,
#9424,#9425,#9426,#9427,#9428,#9429,#9430,#9431));
#9433=FACE_OUTER_BOUND('',#9432,.F.);
#9435=ORIENTED_EDGE('',*,*,#9434,.T.);
#9437=ORIENTED_EDGE('',*,*,#9436,.T.);
#9438=EDGE_LOOP('',(#9435,#9437));
#9439=FACE_BOUND('',#9438,.F.);
#9440=ADVANCED_FACE('',(#9433,#9439),#9413,.T.);
#9441=CARTESIAN_POINT('',(-6.119765194003E1,5.258734628047E0,0.E0));
#9442=DIRECTION('',(0.E0,0.E0,1.E0));
#9443=DIRECTION('',(-9.999618838996E-1,8.731022162730E-3,0.E0));
#9444=AXIS2_PLACEMENT_3D('',#9441,#9442,#9443);
#9445=CYLINDRICAL_SURFACE('',#9444,3.635879489451E-1);
#9447=ORIENTED_EDGE('',*,*,#9446,.F.);
#9449=ORIENTED_EDGE('',*,*,#9448,.T.);
#9450=ORIENTED_EDGE('',*,*,#9434,.F.);
#9452=ORIENTED_EDGE('',*,*,#9451,.F.);
#9453=EDGE_LOOP('',(#9447,#9449,#9450,#9452));
#9454=FACE_OUTER_BOUND('',#9453,.F.);
#9455=ADVANCED_FACE('',(#9454),#9445,.T.);
#9456=CARTESIAN_POINT('',(0.E0,0.E0,0.E0));
#9457=DIRECTION('',(0.E0,0.E0,1.E0));
#9458=DIRECTION('',(1.E0,0.E0,0.E0));
#9459=AXIS2_PLACEMENT_3D('',#9456,#9457,#9458);
#9460=PLANE('',#9459);
#9461=ORIENTED_EDGE('',*,*,#9446,.T.);
#9463=ORIENTED_EDGE('',*,*,#9462,.T.);
#9464=EDGE_LOOP('',(#9461,#9463));
#9465=FACE_OUTER_BOUND('',#9464,.F.);
#9466=ADVANCED_FACE('',(#9465),#9460,.T.);
#9467=CARTESIAN_POINT('',(-6.119765108011E1,5.258827915555E0,0.E0));
#9468=DIRECTION('',(0.E0,0.E0,1.E0));
#9469=DIRECTION('',(9.999618520011E-1,-8.734674718269E-3,0.E0));
#9470=AXIS2_PLACEMENT_3D('',#9467,#9468,#9469);
#9471=CYLINDRICAL_SURFACE('',#9470,3.635881409209E-1);
#9472=ORIENTED_EDGE('',*,*,#9462,.F.);
#9473=ORIENTED_EDGE('',*,*,#9451,.T.);
#9474=ORIENTED_EDGE('',*,*,#9436,.F.);
#9475=ORIENTED_EDGE('',*,*,#9448,.F.);
#9476=EDGE_LOOP('',(#9472,#9473,#9474,#9475));
#9477=FACE_OUTER_BOUND('',#9476,.F.);
#9478=ADVANCED_FACE('',(#9477),#9471,.T.);
#9479=CARTESIAN_POINT('',(-5.885983976272E1,6.678482713158E0,0.E0));
#9480=CARTESIAN_POINT('',(-5.887624072752E1,6.688697706571E0,0.E0));
#9481=CARTESIAN_POINT('',(-5.897751977456E1,6.714856949110E0,0.E0));
#9482=CARTESIAN_POINT('',(-5.911532720540E1,6.579406540356E0,0.E0));
#9483=CARTESIAN_POINT('',(-5.909238391546E1,6.478470127712E0,0.E0));
#9484=CARTESIAN_POINT('',(-5.908347613065E1,6.462581680503E0,0.E0));
#9486=DIRECTION('',(0.E0,0.E0,1.E0));
#9487=VECTOR('',#9486,1.E0);
#9488=SURFACE_OF_LINEAR_EXTRUSION('',#9485,#9487);
#9489=ORIENTED_EDGE('',*,*,#7548,.F.);
#9491=ORIENTED_EDGE('',*,*,#9490,.T.);
#9493=ORIENTED_EDGE('',*,*,#9492,.F.);
#9495=ORIENTED_EDGE('',*,*,#9494,.T.);
#9496=EDGE_LOOP('',(#9489,#9491,#9493,#9495));
#9497=FACE_OUTER_BOUND('',#9496,.F.);
#9498=ADVANCED_FACE('',(#9497),#9488,.F.);
#9499=CARTESIAN_POINT('',(-5.800388964184E1,6.685686564089E0,0.E0));
#9500=DIRECTION('',(8.607326201888E-3,9.999629562817E-1,0.E0));
#9501=DIRECTION('',(-9.999629562817E-1,8.607326201888E-3,0.E0));
#9502=AXIS2_PLACEMENT_3D('',#9499,#9500,#9501);
#9503=PLANE('',#9502);
#9504=ORIENTED_EDGE('',*,*,#7586,.F.);
#9506=ORIENTED_EDGE('',*,*,#9505,.F.);
#9508=ORIENTED_EDGE('',*,*,#9507,.T.);
#9509=ORIENTED_EDGE('',*,*,#9490,.F.);
#9510=EDGE_LOOP('',(#9504,#9506,#9508,#9509));
#9511=FACE_OUTER_BOUND('',#9510,.F.);
#9512=ADVANCED_FACE('',(#9511),#9503,.F.);
#9513=CARTESIAN_POINT('',(-5.783870226508E1,6.449385757719E0,0.E0));
#9514=CARTESIAN_POINT('',(-5.782848705335E1,6.465786732772E0,0.E0));
#9515=CARTESIAN_POINT('',(-5.780232761268E1,6.567064627125E0,0.E0));
#9516=CARTESIAN_POINT('',(-5.793777749643E1,6.704869540541E0,0.E0));
#9517=CARTESIAN_POINT('',(-5.803871239768E1,6.681926401240E0,0.E0));
#9518=CARTESIAN_POINT('',(-5.805460070796E1,6.673018570912E0,0.E0));
#9520=DIRECTION('',(0.E0,0.E0,1.E0));
#9521=VECTOR('',#9520,1.E0);
#9522=SURFACE_OF_LINEAR_EXTRUSION('',#9519,#9521);
#9523=ORIENTED_EDGE('',*,*,#7584,.F.);
#9525=ORIENTED_EDGE('',*,*,#9524,.T.);
#9527=ORIENTED_EDGE('',*,*,#9526,.F.);
#9528=ORIENTED_EDGE('',*,*,#9505,.T.);
#9529=EDGE_LOOP('',(#9523,#9525,#9527,#9528));
#9530=FACE_OUTER_BOUND('',#9529,.F.);
#9531=ADVANCED_FACE('',(#9530),#9522,.F.);
#9532=CARTESIAN_POINT('',(-5.783228048570E1,5.502542276210E0,0.E0));
#9533=DIRECTION('',(9.999629562817E-1,-8.607326204270E-3,0.E0));
#9534=DIRECTION('',(8.607326204270E-3,9.999629562817E-1,0.E0));
#9535=AXIS2_PLACEMENT_3D('',#9532,#9533,#9534);
#9536=PLANE('',#9535);
#9537=ORIENTED_EDGE('',*,*,#7582,.F.);
#9539=ORIENTED_EDGE('',*,*,#9538,.T.);
#9541=ORIENTED_EDGE('',*,*,#9540,.T.);
#9542=ORIENTED_EDGE('',*,*,#9524,.F.);
#9543=EDGE_LOOP('',(#9537,#9539,#9541,#9542));
#9544=FACE_OUTER_BOUND('',#9543,.F.);
#9545=ADVANCED_FACE('',(#9544),#9536,.F.);
#9546=CARTESIAN_POINT('',(-5.755955833943E1,5.500126678573E0,0.E0));
#9547=DIRECTION('',(0.E0,0.E0,-1.E0));
#9548=DIRECTION('',(9.999650743551E-1,-8.357635429484E-3,0.E0));
#9549=AXIS2_PLACEMENT_3D('',#9546,#9547,#9548);
#9550=CYLINDRICAL_SURFACE('',#9549,2.727206818869E-1);
#9551=ORIENTED_EDGE('',*,*,#7580,.F.);
#9553=ORIENTED_EDGE('',*,*,#9552,.F.);
#9555=ORIENTED_EDGE('',*,*,#9554,.F.);
#9556=ORIENTED_EDGE('',*,*,#9538,.F.);
#9557=EDGE_LOOP('',(#9551,#9553,#9555,#9556));
#9558=FACE_OUTER_BOUND('',#9557,.F.);
#9559=ADVANCED_FACE('',(#9558),#9550,.T.);
#9560=CARTESIAN_POINT('',(-5.727823570307E1,6.497645076063E0,0.E0));
#9561=DIRECTION('',(-9.999629562817E-1,8.607326204150E-3,0.E0));
#9562=DIRECTION('',(-8.607326204150E-3,-9.999629562817E-1,0.E0));
#9563=AXIS2_PLACEMENT_3D('',#9560,#9561,#9562);
#9564=PLANE('',#9563);
#9565=ORIENTED_EDGE('',*,*,#7578,.F.);
#9567=ORIENTED_EDGE('',*,*,#9566,.F.);
#9569=ORIENTED_EDGE('',*,*,#9568,.T.);
#9570=ORIENTED_EDGE('',*,*,#9552,.T.);
#9571=EDGE_LOOP('',(#9565,#9567,#9569,#9570));
#9572=FACE_OUTER_BOUND('',#9571,.F.);
#9573=ADVANCED_FACE('',(#9572),#9564,.F.);
#9574=CARTESIAN_POINT('',(-5.704193689450E1,6.662834378026E0,0.E0));
#9575=CARTESIAN_POINT('',(-5.705833803087E1,6.673049710023E0,0.E0));
#9576=CARTESIAN_POINT('',(-5.715961638309E1,6.699209535864E0,0.E0));
#9577=CARTESIAN_POINT('',(-5.729741816248E1,6.563756884270E0,0.E0));
#9578=CARTESIAN_POINT('',(-5.727447566417E1,6.462822571697E0,0.E0));
#9579=CARTESIAN_POINT('',(-5.726556813286E1,6.446934537278E0,0.E0));
#9581=DIRECTION('',(0.E0,0.E0,1.E0));
#9582=VECTOR('',#9581,1.E0);
#9583=SURFACE_OF_LINEAR_EXTRUSION('',#9580,#9582);
#9584=ORIENTED_EDGE('',*,*,#7576,.F.);
#9586=ORIENTED_EDGE('',*,*,#9585,.T.);
#9588=ORIENTED_EDGE('',*,*,#9587,.F.);
#9589=ORIENTED_EDGE('',*,*,#9566,.T.);
#9590=EDGE_LOOP('',(#9584,#9586,#9588,#9589));
#9591=FACE_OUTER_BOUND('',#9590,.F.);
#9592=ADVANCED_FACE('',(#9591),#9583,.F.);
#9593=CARTESIAN_POINT('',(-5.618598128428E1,6.670038654190E0,0.E0));
#9594=DIRECTION('',(8.607326204487E-3,9.999629562817E-1,0.E0));
#9595=DIRECTION('',(-9.999629562817E-1,8.607326204487E-3,0.E0));
#9596=AXIS2_PLACEMENT_3D('',#9593,#9594,#9595);
#9597=PLANE('',#9596);
#9598=ORIENTED_EDGE('',*,*,#7574,.F.);
#9600=ORIENTED_EDGE('',*,*,#9599,.F.);
#9602=ORIENTED_EDGE('',*,*,#9601,.T.);
#9603=ORIENTED_EDGE('',*,*,#9585,.F.);
#9604=EDGE_LOOP('',(#9598,#9600,#9602,#9603));
#9605=FACE_OUTER_BOUND('',#9604,.F.);
#9606=ADVANCED_FACE('',(#9605),#9597,.F.);
#9607=CARTESIAN_POINT('',(-5.602079390753E1,6.433737847814E0,0.E0));
#9608=CARTESIAN_POINT('',(-5.601057869579E1,6.450138822865E0,0.E0));
#9609=CARTESIAN_POINT('',(-5.598441925511E1,6.551416717215E0,0.E0));
#9610=CARTESIAN_POINT('',(-5.611986913886E1,6.689221630639E0,0.E0));
#9611=CARTESIAN_POINT('',(-5.622080404012E1,6.666278491343E0,0.E0));
#9612=CARTESIAN_POINT('',(-5.623669235041E1,6.657370661017E0,0.E0));
#9614=DIRECTION('',(0.E0,0.E0,1.E0));
#9615=VECTOR('',#9614,1.E0);
#9616=SURFACE_OF_LINEAR_EXTRUSION('',#9613,#9615);
#9617=ORIENTED_EDGE('',*,*,#7572,.F.);
#9619=ORIENTED_EDGE('',*,*,#9618,.T.);
#9621=ORIENTED_EDGE('',*,*,#9620,.F.);
#9622=ORIENTED_EDGE('',*,*,#9599,.T.);
#9623=EDGE_LOOP('',(#9617,#9619,#9621,#9622));
#9624=FACE_OUTER_BOUND('',#9623,.F.);
#9625=ADVANCED_FACE('',(#9624),#9616,.F.);
#9626=CARTESIAN_POINT('',(-5.603393178937E1,3.214535191321E0,0.E0));
#9627=DIRECTION('',(9.999629562817E-1,-8.607326202357E-3,0.E0));
#9628=DIRECTION('',(8.607326202357E-3,9.999629562817E-1,0.E0));
#9629=AXIS2_PLACEMENT_3D('',#9626,#9627,#9628);
#9630=PLANE('',#9629);
#9631=ORIENTED_EDGE('',*,*,#7570,.F.);
#9633=ORIENTED_EDGE('',*,*,#9632,.F.);
#9635=ORIENTED_EDGE('',*,*,#9634,.F.);
#9636=ORIENTED_EDGE('',*,*,#9618,.F.);
#9637=EDGE_LOOP('',(#9631,#9633,#9635,#9636));
#9638=FACE_OUTER_BOUND('',#9637,.F.);
#9639=ADVANCED_FACE('',(#9638),#9630,.F.);
#9640=CARTESIAN_POINT('',(-5.627023057772E1,3.049346584247E0,0.E0));
#9641=CARTESIAN_POINT('',(-5.625382947367E1,3.039131250013E0,0.E0));
#9642=CARTESIAN_POINT('',(-5.615255136092E1,3.012971479645E0,0.E0));
#9643=CARTESIAN_POINT('',(-5.601474924329E1,3.148423488983E0,0.E0));
#9644=CARTESIAN_POINT('',(-5.603769185631E1,3.249357735275E0,0.E0));
#9645=CARTESIAN_POINT('',(-5.604659945561E1,3.265245810047E0,0.E0));
#9647=DIRECTION('',(0.E0,0.E0,1.E0));
#9648=VECTOR('',#9647,1.E0);
#9649=SURFACE_OF_LINEAR_EXTRUSION('',#9646,#9648);
#9650=ORIENTED_EDGE('',*,*,#7568,.F.);
#9652=ORIENTED_EDGE('',*,*,#9651,.T.);
#9654=ORIENTED_EDGE('',*,*,#9653,.F.);
#9655=ORIENTED_EDGE('',*,*,#9632,.T.);
#9656=EDGE_LOOP('',(#9650,#9652,#9654,#9655));
#9657=FACE_OUTER_BOUND('',#9656,.F.);
#9658=ADVANCED_FACE('',(#9657),#9649,.F.);
#9659=CARTESIAN_POINT('',(-5.712618620222E1,3.042142304558E0,0.E0));
#9660=DIRECTION('',(-8.607326204606E-3,-9.999629562817E-1,0.E0));
#9661=DIRECTION('',(9.999629562817E-1,-8.607326204606E-3,0.E0));
#9662=AXIS2_PLACEMENT_3D('',#9659,#9660,#9661);
#9663=PLANE('',#9662);
#9664=ORIENTED_EDGE('',*,*,#7566,.F.);
#9666=ORIENTED_EDGE('',*,*,#9665,.F.);
#9668=ORIENTED_EDGE('',*,*,#9667,.T.);
#9669=ORIENTED_EDGE('',*,*,#9651,.F.);
#9670=EDGE_LOOP('',(#9664,#9666,#9668,#9669));
#9671=FACE_OUTER_BOUND('',#9670,.F.);
#9672=ADVANCED_FACE('',(#9671),#9663,.F.);
#9673=CARTESIAN_POINT('',(-5.729137352582E1,3.278442424765E0,0.E0));
#9674=CARTESIAN_POINT('',(-5.730158877988E1,3.262041428266E0,0.E0));
#9675=CARTESIAN_POINT('',(-5.732774829346E1,3.160763620770E0,0.E0));
#9676=CARTESIAN_POINT('',(-5.719229812935E1,3.022959413783E0,0.E0));
#9677=CARTESIAN_POINT('',(-5.709136349061E1,3.045902454121E0,0.E0));
#9678=CARTESIAN_POINT('',(-5.707547523193E1,3.054810252759E0,0.E0));
#9680=DIRECTION('',(0.E0,0.E0,1.E0));
#9681=VECTOR('',#9680,1.E0);
#9682=SURFACE_OF_LINEAR_EXTRUSION('',#9679,#9681);
#9683=ORIENTED_EDGE('',*,*,#7564,.F.);
#9685=ORIENTED_EDGE('',*,*,#9684,.T.);
#9687=ORIENTED_EDGE('',*,*,#9686,.F.);
#9688=ORIENTED_EDGE('',*,*,#9665,.T.);
#9689=EDGE_LOOP('',(#9683,#9685,#9687,#9688));
#9690=FACE_OUTER_BOUND('',#9689,.F.);
#9691=ADVANCED_FACE('',(#9690),#9682,.F.);
#9692=CARTESIAN_POINT('',(-5.729779535835E1,4.225286592437E0,0.E0));
#9693=DIRECTION('',(-9.999629562817E-1,8.607326204273E-3,0.E0));
#9694=DIRECTION('',(-8.607326204273E-3,-9.999629562817E-1,0.E0));
#9695=AXIS2_PLACEMENT_3D('',#9692,#9693,#9694);
#9696=PLANE('',#9695);
#9697=ORIENTED_EDGE('',*,*,#7562,.F.);
#9699=ORIENTED_EDGE('',*,*,#9698,.T.);
#9701=ORIENTED_EDGE('',*,*,#9700,.T.);
#9702=ORIENTED_EDGE('',*,*,#9684,.F.);
#9703=EDGE_LOOP('',(#9697,#9699,#9701,#9702));
#9704=FACE_OUTER_BOUND('',#9703,.F.);
#9705=ADVANCED_FACE('',(#9704),#9696,.F.);
#9706=CARTESIAN_POINT('',(-5.757051153159E1,4.227623989127E0,0.E0));
#9707=DIRECTION('',(0.E0,0.E0,-1.E0));
#9708=DIRECTION('',(-9.999626385343E-1,8.644161930358E-3,0.E0));
#9709=AXIS2_PLACEMENT_3D('',#9706,#9707,#9708);
#9710=CYLINDRICAL_SURFACE('',#9709,2.727255559736E-1);
#9711=ORIENTED_EDGE('',*,*,#7560,.F.);
#9713=ORIENTED_EDGE('',*,*,#9712,.F.);
#9715=ORIENTED_EDGE('',*,*,#9714,.F.);
#9716=ORIENTED_EDGE('',*,*,#9698,.F.);
#9717=EDGE_LOOP('',(#9711,#9713,#9715,#9716));
#9718=FACE_OUTER_BOUND('',#9717,.F.);
#9719=ADVANCED_FACE('',(#9718),#9710,.T.);
#9720=CARTESIAN_POINT('',(-5.785184014693E1,3.230183101216E0,0.E0));
#9721=DIRECTION('',(9.999629562817E-1,-8.607326200463E-3,0.E0));
#9722=DIRECTION('',(8.607326200463E-3,9.999629562817E-1,0.E0));
#9723=AXIS2_PLACEMENT_3D('',#9720,#9721,#9722);
#9724=PLANE('',#9723);
#9725=ORIENTED_EDGE('',*,*,#7558,.F.);
#9727=ORIENTED_EDGE('',*,*,#9726,.F.);
#9729=ORIENTED_EDGE('',*,*,#9728,.T.);
#9730=ORIENTED_EDGE('',*,*,#9712,.T.);
#9731=EDGE_LOOP('',(#9725,#9727,#9729,#9730));
#9732=FACE_OUTER_BOUND('',#9731,.F.);
#9733=ADVANCED_FACE('',(#9732),#9724,.F.);
#9734=CARTESIAN_POINT('',(-5.808813893527E1,3.064994494145E0,0.E0));
#9735=CARTESIAN_POINT('',(-5.807173783123E1,3.054779159912E0,0.E0));
#9736=CARTESIAN_POINT('',(-5.797045971848E1,3.028619389546E0,0.E0));
#9737=CARTESIAN_POINT('',(-5.783265760085E1,3.164071398879E0,0.E0));
#9738=CARTESIAN_POINT('',(-5.785560021387E1,3.265005645170E0,0.E0));
#9739=CARTESIAN_POINT('',(-5.786450781317E1,3.280893719942E0,0.E0));
#9741=DIRECTION('',(0.E0,0.E0,1.E0));
#9742=VECTOR('',#9741,1.E0);
#9743=SURFACE_OF_LINEAR_EXTRUSION('',#9740,#9742);
#9744=ORIENTED_EDGE('',*,*,#7556,.F.);
#9746=ORIENTED_EDGE('',*,*,#9745,.T.);
#9748=ORIENTED_EDGE('',*,*,#9747,.F.);
#9749=ORIENTED_EDGE('',*,*,#9726,.T.);
#9750=EDGE_LOOP('',(#9744,#9746,#9748,#9749));
#9751=FACE_OUTER_BOUND('',#9750,.F.);
#9752=ADVANCED_FACE('',(#9751),#9743,.F.);
#9753=CARTESIAN_POINT('',(-5.894408902884E1,3.057790166850E0,0.E0));
#9754=DIRECTION('',(-8.607326205544E-3,-9.999629562817E-1,0.E0));
#9755=DIRECTION('',(9.999629562817E-1,-8.607326205544E-3,0.E0));
#9756=AXIS2_PLACEMENT_3D('',#9753,#9754,#9755);
#9757=PLANE('',#9756);
#9758=ORIENTED_EDGE('',*,*,#7554,.F.);
#9760=ORIENTED_EDGE('',*,*,#9759,.F.);
#9762=ORIENTED_EDGE('',*,*,#9761,.T.);
#9763=ORIENTED_EDGE('',*,*,#9745,.F.);
#9764=EDGE_LOOP('',(#9758,#9760,#9762,#9763));
#9765=FACE_OUTER_BOUND('',#9764,.F.);
#9766=ADVANCED_FACE('',(#9765),#9757,.F.);
#9767=CARTESIAN_POINT('',(-5.910928191156E1,3.294090448930E0,0.E0));
#9768=CARTESIAN_POINT('',(-5.911949714773E1,3.277689193823E0,0.E0));
#9769=CARTESIAN_POINT('',(-5.914565710513E1,3.176409470527E0,0.E0));
#9770=CARTESIAN_POINT('',(-5.901020180296E1,3.038607969473E0,0.E0));
#9771=CARTESIAN_POINT('',(-5.890926663394E1,3.061550092171E0,0.E0));
#9772=CARTESIAN_POINT('',(-5.889337869809E1,3.070457346957E0,0.E0));
#9774=DIRECTION('',(0.E0,0.E0,1.E0));
#9775=VECTOR('',#9774,1.E0);
#9776=SURFACE_OF_LINEAR_EXTRUSION('',#9773,#9775);
#9777=ORIENTED_EDGE('',*,*,#7552,.F.);
#9779=ORIENTED_EDGE('',*,*,#9778,.T.);
#9781=ORIENTED_EDGE('',*,*,#9780,.F.);
#9782=ORIENTED_EDGE('',*,*,#9759,.T.);
#9783=EDGE_LOOP('',(#9777,#9779,#9781,#9782));
#9784=FACE_OUTER_BOUND('',#9783,.F.);
#9785=ADVANCED_FACE('',(#9784),#9776,.F.);
#9786=CARTESIAN_POINT('',(-5.909614406063E1,6.513292985963E0,0.E0));
#9787=DIRECTION('',(-9.999629562817E-1,8.607326203525E-3,0.E0));
#9788=DIRECTION('',(-8.607326203525E-3,-9.999629562817E-1,0.E0));
#9789=AXIS2_PLACEMENT_3D('',#9786,#9787,#9788);
#9790=PLANE('',#9789);
#9791=ORIENTED_EDGE('',*,*,#7550,.F.);
#9792=ORIENTED_EDGE('',*,*,#9494,.F.);
#9794=ORIENTED_EDGE('',*,*,#9793,.F.);
#9795=ORIENTED_EDGE('',*,*,#9778,.F.);
#9796=EDGE_LOOP('',(#9791,#9792,#9794,#9795));
#9797=FACE_OUTER_BOUND('',#9796,.F.);
#9798=ADVANCED_FACE('',(#9797),#9790,.F.);
#9799=CARTESIAN_POINT('',(0.E0,0.E0,-5.E-1));
#9800=DIRECTION('',(0.E0,0.E0,1.E0));
#9801=DIRECTION('',(1.E0,0.E0,0.E0));
#9802=AXIS2_PLACEMENT_3D('',#9799,#9800,#9801);
#9803=PLANE('',#9802);
#9804=ORIENTED_EDGE('',*,*,#9492,.T.);
#9805=ORIENTED_EDGE('',*,*,#9507,.F.);
#9806=ORIENTED_EDGE('',*,*,#9526,.T.);
#9807=ORIENTED_EDGE('',*,*,#9540,.F.);
#9808=ORIENTED_EDGE('',*,*,#9554,.T.);
#9809=ORIENTED_EDGE('',*,*,#9568,.F.);
#9810=ORIENTED_EDGE('',*,*,#9587,.T.);
#9811=ORIENTED_EDGE('',*,*,#9601,.F.);
#9812=ORIENTED_EDGE('',*,*,#9620,.T.);
#9813=ORIENTED_EDGE('',*,*,#9634,.T.);
#9814=ORIENTED_EDGE('',*,*,#9653,.T.);
#9815=ORIENTED_EDGE('',*,*,#9667,.F.);
#9816=ORIENTED_EDGE('',*,*,#9686,.T.);
#9817=ORIENTED_EDGE('',*,*,#9700,.F.);
#9818=ORIENTED_EDGE('',*,*,#9714,.T.);
#9819=ORIENTED_EDGE('',*,*,#9728,.F.);
#9820=ORIENTED_EDGE('',*,*,#9747,.T.);
#9821=ORIENTED_EDGE('',*,*,#9761,.F.);
#9822=ORIENTED_EDGE('',*,*,#9780,.T.);
#9823=ORIENTED_EDGE('',*,*,#9793,.T.);
#9824=EDGE_LOOP('',(#9804,#9805,#9806,#9807,#9808,#9809,#9810,#9811,#9812,#9813,
#9814,#9815,#9816,#9817,#9818,#9819,#9820,#9821,#9822,#9823));
#9825=FACE_OUTER_BOUND('',#9824,.F.);
#9826=ADVANCED_FACE('',(#9825),#9803,.T.);
#9827=CARTESIAN_POINT('',(-5.436812815874E1,6.654400208147E0,0.E0));
#9828=DIRECTION('',(8.607326204925E-3,9.999629562817E-1,0.E0));
#9829=DIRECTION('',(-9.999629562817E-1,8.607326204925E-3,0.E0));
#9830=AXIS2_PLACEMENT_3D('',#9827,#9828,#9829);
#9831=PLANE('',#9830);
#9832=ORIENTED_EDGE('',*,*,#7590,.F.);
#9834=ORIENTED_EDGE('',*,*,#9833,.F.);
#9836=ORIENTED_EDGE('',*,*,#9835,.T.);
#9838=ORIENTED_EDGE('',*,*,#9837,.F.);
#9839=EDGE_LOOP('',(#9832,#9834,#9836,#9838));
#9840=FACE_OUTER_BOUND('',#9839,.F.);
#9841=ADVANCED_FACE('',(#9840),#9831,.F.);
#9842=CARTESIAN_POINT('',(-5.420294083513E1,6.418100087938E0,0.E0));
#9843=CARTESIAN_POINT('',(-5.419272558107E1,6.434501084435E0,0.E0));
#9844=CARTESIAN_POINT('',(-5.416656606749E1,6.535778891937E0,0.E0));
#9845=CARTESIAN_POINT('',(-5.430201623160E1,6.673583098930E0,0.E0));
#9846=CARTESIAN_POINT('',(-5.440295087035E1,6.650640058581E0,0.E0));
#9847=CARTESIAN_POINT('',(-5.441883912903E1,6.641732259941E0,0.E0));
#9849=DIRECTION('',(0.E0,0.E0,1.E0));
#9850=VECTOR('',#9849,1.E0);
#9851=SURFACE_OF_LINEAR_EXTRUSION('',#9848,#9850);
#9852=ORIENTED_EDGE('',*,*,#7632,.F.);
#9854=ORIENTED_EDGE('',*,*,#9853,.T.);
#9856=ORIENTED_EDGE('',*,*,#9855,.F.);
#9857=ORIENTED_EDGE('',*,*,#9833,.T.);
#9858=EDGE_LOOP('',(#9852,#9854,#9856,#9857));
#9859=FACE_OUTER_BOUND('',#9858,.F.);
#9860=ADVANCED_FACE('',(#9859),#9851,.F.);
#9861=CARTESIAN_POINT('',(-5.419964920348E1,5.107602346579E0,0.E0));
#9862=DIRECTION('',(9.999629562817E-1,-8.607326203251E-3,0.E0));
#9863=DIRECTION('',(8.607326203251E-3,9.999629562817E-1,0.E0));
#9864=AXIS2_PLACEMENT_3D('',#9861,#9862,#9863);
#9865=PLANE('',#9864);
#9866=ORIENTED_EDGE('',*,*,#7630,.F.);
#9868=ORIENTED_EDGE('',*,*,#9867,.T.);
#9870=ORIENTED_EDGE('',*,*,#9869,.T.);
#9871=ORIENTED_EDGE('',*,*,#9853,.F.);
#9872=EDGE_LOOP('',(#9866,#9868,#9870,#9871));
#9873=FACE_OUTER_BOUND('',#9872,.F.);
#9874=ADVANCED_FACE('',(#9873),#9865,.F.);
#9875=CARTESIAN_POINT('',(-5.392693518725E1,5.105262204392E0,0.E0));
#9876=DIRECTION('',(0.E0,0.E0,-1.E0));
#9877=DIRECTION('',(9.999627260799E-1,-8.634028658636E-3,0.E0));
#9878=AXIS2_PLACEMENT_3D('',#9875,#9876,#9877);
#9879=CYLINDRICAL_SURFACE('',#9878,2.727227575844E-1);
#9880=ORIENTED_EDGE('',*,*,#7628,.F.);
#9882=ORIENTED_EDGE('',*,*,#9881,.F.);
#9884=ORIENTED_EDGE('',*,*,#9883,.F.);
#9885=ORIENTED_EDGE('',*,*,#9867,.F.);
#9886=EDGE_LOOP('',(#9880,#9882,#9884,#9885));
#9887=FACE_OUTER_BOUND('',#9886,.F.);
#9888=ADVANCED_FACE('',(#9887),#9879,.T.);
#9889=CARTESIAN_POINT('',(-5.364247974496E1,6.466359459100E0,0.E0));
#9890=DIRECTION('',(-9.999629562817E-1,8.607326203267E-3,0.E0));
#9891=DIRECTION('',(-8.607326203267E-3,-9.999629562817E-1,0.E0));
#9892=AXIS2_PLACEMENT_3D('',#9889,#9890,#9891);
#9893=PLANE('',#9892);
#9894=ORIENTED_EDGE('',*,*,#7626,.F.);
#9896=ORIENTED_EDGE('',*,*,#9895,.F.);
#9898=ORIENTED_EDGE('',*,*,#9897,.T.);
#9899=ORIENTED_EDGE('',*,*,#9881,.T.);
#9900=EDGE_LOOP('',(#9894,#9896,#9898,#9899));
#9901=FACE_OUTER_BOUND('',#9900,.F.);
#9902=ADVANCED_FACE('',(#9901),#9893,.F.);
#9903=CARTESIAN_POINT('',(-5.340617546728E1,6.631548491402E0,0.E0));
#9904=CARTESIAN_POINT('',(-5.342257639976E1,6.641763487052E0,0.E0));
#9905=CARTESIAN_POINT('',(-5.352385520732E1,6.667922674119E0,0.E0));
#9906=CARTESIAN_POINT('',(-5.366166297640E1,6.532472907624E0,0.E0));
#9907=CARTESIAN_POINT('',(-5.363871957176E1,6.431536561259E0,0.E0));
#9908=CARTESIAN_POINT('',(-5.362981171897E1,6.415648073695E0,0.E0));
#9910=DIRECTION('',(0.E0,0.E0,1.E0));
#9911=VECTOR('',#9910,1.E0);
#9912=SURFACE_OF_LINEAR_EXTRUSION('',#9909,#9911);
#9913=ORIENTED_EDGE('',*,*,#7624,.F.);
#9915=ORIENTED_EDGE('',*,*,#9914,.T.);
#9917=ORIENTED_EDGE('',*,*,#9916,.F.);
#9918=ORIENTED_EDGE('',*,*,#9895,.T.);
#9919=EDGE_LOOP('',(#9913,#9915,#9917,#9918));
#9920=FACE_OUTER_BOUND('',#9919,.F.);
#9921=ADVANCED_FACE('',(#9920),#9912,.F.);
#9922=CARTESIAN_POINT('',(-5.255022533212E1,6.638752345859E0,0.E0));
#9923=DIRECTION('',(8.607326201763E-3,9.999629562817E-1,0.E0));
#9924=DIRECTION('',(-9.999629562817E-1,8.607326201763E-3,0.E0));
#9925=AXIS2_PLACEMENT_3D('',#9922,#9923,#9924);
#9926=PLANE('',#9925);
#9927=ORIENTED_EDGE('',*,*,#7622,.F.);
#9929=ORIENTED_EDGE('',*,*,#9928,.F.);
#9931=ORIENTED_EDGE('',*,*,#9930,.T.);
#9932=ORIENTED_EDGE('',*,*,#9914,.F.);
#9933=EDGE_LOOP('',(#9927,#9929,#9931,#9932));
#9934=FACE_OUTER_BOUND('',#9933,.F.);
#9935=ADVANCED_FACE('',(#9934),#9926,.F.);
#9936=CARTESIAN_POINT('',(-5.238503244938E1,6.402452063790E0,0.E0));
#9937=CARTESIAN_POINT('',(-5.237481721322E1,6.418853318897E0,0.E0));
#9938=CARTESIAN_POINT('',(-5.234865725583E1,6.520133042193E0,0.E0));
#9939=CARTESIAN_POINT('',(-5.248411255799E1,6.657934543232E0,0.E0));
#9940=CARTESIAN_POINT('',(-5.258504772702E1,6.634992420539E0,0.E0));
#9941=CARTESIAN_POINT('',(-5.260093566288E1,6.626085165755E0,0.E0));
#9943=DIRECTION('',(0.E0,0.E0,1.E0));
#9944=VECTOR('',#9943,1.E0);
#9945=SURFACE_OF_LINEAR_EXTRUSION('',#9942,#9944);
#9946=ORIENTED_EDGE('',*,*,#7620,.F.);
#9948=ORIENTED_EDGE('',*,*,#9947,.T.);
#9950=ORIENTED_EDGE('',*,*,#9949,.F.);
#9951=ORIENTED_EDGE('',*,*,#9928,.T.);
#9952=EDGE_LOOP('',(#9946,#9948,#9950,#9951));
#9953=FACE_OUTER_BOUND('',#9952,.F.);
#9954=ADVANCED_FACE('',(#9953),#9945,.F.);
#9955=CARTESIAN_POINT('',(-5.238760421794E1,4.410772538016E0,0.E0));
#9956=DIRECTION('',(9.999629562817E-1,-8.607326203244E-3,0.E0));
#9957=DIRECTION('',(8.607326203244E-3,9.999629562817E-1,0.E0));
#9958=AXIS2_PLACEMENT_3D('',#9955,#9956,#9957);
#9959=PLANE('',#9958);
#9960=ORIENTED_EDGE('',*,*,#7618,.F.);
#9962=ORIENTED_EDGE('',*,*,#9961,.F.);
#9964=ORIENTED_EDGE('',*,*,#9963,.F.);
#9965=ORIENTED_EDGE('',*,*,#9947,.F.);
#9966=EDGE_LOOP('',(#9960,#9962,#9964,#9965));
#9967=FACE_OUTER_BOUND('',#9966,.F.);
#9968=ADVANCED_FACE('',(#9967),#9959,.F.);
#9969=CARTESIAN_POINT('',(-5.257415614649E1,4.156345780335E0,0.E0));
#9970=CARTESIAN_POINT('',(-5.255751502200E1,4.160465664697E0,0.E0));
#9971=CARTESIAN_POINT('',(-5.245826256535E1,4.201283255594E0,0.E0));
#9972=CARTESIAN_POINT('',(-5.237744339391E1,4.338442722403E0,0.E0));
#9973=CARTESIAN_POINT('',(-5.238933074690E1,4.444478521596E0,0.E0));
#9974=CARTESIAN_POINT('',(-5.239346566632E1,4.460478828250E0,0.E0));
#9976=DIRECTION('',(0.E0,0.E0,1.E0));
#9977=VECTOR('',#9976,1.E0);
#9978=SURFACE_OF_LINEAR_EXTRUSION('',#9975,#9977);
#9979=ORIENTED_EDGE('',*,*,#7616,.F.);
#9981=ORIENTED_EDGE('',*,*,#9980,.T.);
#9983=ORIENTED_EDGE('',*,*,#9982,.F.);
#9984=ORIENTED_EDGE('',*,*,#9961,.T.);
#9985=EDGE_LOOP('',(#9979,#9981,#9983,#9984));
#9986=FACE_OUTER_BOUND('',#9985,.F.);
#9987=ADVANCED_FACE('',(#9986),#9978,.F.);
#9988=CARTESIAN_POINT('',(-5.326586688159E1,3.757128257960E0,0.E0));
#9989=DIRECTION('',(4.924941872352E-1,-8.703157332483E-1,0.E0));
#9990=DIRECTION('',(8.703157332483E-1,4.924941872352E-1,0.E0));
#9991=AXIS2_PLACEMENT_3D('',#9988,#9989,#9990);
#9992=PLANE('',#9991);
#9993=ORIENTED_EDGE('',*,*,#7614,.F.);
#9995=ORIENTED_EDGE('',*,*,#9994,.F.);
#9997=ORIENTED_EDGE('',*,*,#9996,.F.);
#9998=ORIENTED_EDGE('',*,*,#9980,.F.);
#9999=EDGE_LOOP('',(#9993,#9995,#9997,#9998));
#10000=FACE_OUTER_BOUND('',#9999,.F.);
#10001=ADVANCED_FACE('',(#10000),#9992,.F.);
#10002=CARTESIAN_POINT('',(-5.330274120701E1,3.693009503190E0,0.E0));
#10003=CARTESIAN_POINT('',(-5.330274943309E1,3.693492351448E0,0.E0));
#10004=CARTESIAN_POINT('',(-5.330285077122E1,3.718169331510E0,0.E0));
#10005=CARTESIAN_POINT('',(-5.328661904937E1,3.745666293618E0,0.E0));
#10006=CARTESIAN_POINT('',(-5.326502212618E1,3.757602108587E0,0.E0));
#10007=CARTESIAN_POINT('',(-5.326459655388E1,3.757830231514E0,0.E0));
#10009=DIRECTION('',(0.E0,0.E0,1.E0));
#10010=VECTOR('',#10009,1.E0);
#10011=SURFACE_OF_LINEAR_EXTRUSION('',#10008,#10010);
#10012=ORIENTED_EDGE('',*,*,#7612,.F.);
#10014=ORIENTED_EDGE('',*,*,#10013,.T.);
#10016=ORIENTED_EDGE('',*,*,#10015,.F.);
#10017=ORIENTED_EDGE('',*,*,#9994,.T.);
#10018=EDGE_LOOP('',(#10012,#10014,#10016,#10017));
#10019=FACE_OUTER_BOUND('',#10018,.F.);
#10020=ADVANCED_FACE('',(#10019),#10011,.F.);
#10021=CARTESIAN_POINT('',(-5.330708023161E1,3.191073100826E0,0.E0));
#10022=DIRECTION('',(9.999629562817E-1,-8.607326202894E-3,0.E0));
#10023=DIRECTION('',(8.607326202894E-3,9.999629562817E-1,0.E0));
#10024=AXIS2_PLACEMENT_3D('',#10021,#10022,#10023);
#10025=PLANE('',#10024);
#10026=ORIENTED_EDGE('',*,*,#7610,.F.);
#10028=ORIENTED_EDGE('',*,*,#10027,.F.);
#10030=ORIENTED_EDGE('',*,*,#10029,.T.);
#10031=ORIENTED_EDGE('',*,*,#10013,.F.);
#10032=EDGE_LOOP('',(#10026,#10028,#10030,#10031));
#10033=FACE_OUTER_BOUND('',#10032,.F.);
#10034=ADVANCED_FACE('',(#10033),#10025,.F.);
#10035=CARTESIAN_POINT('',(-5.354337904018E1,3.025883798863E0,0.E0));
#10036=CARTESIAN_POINT('',(-5.352697790381E1,3.015668466866E0,0.E0));
#10037=CARTESIAN_POINT('',(-5.342569955159E1,2.989508641026E0,0.E0));
#10038=CARTESIAN_POINT('',(-5.328789777220E1,3.124961292619E0,0.E0));
#10039=CARTESIAN_POINT('',(-5.331084027051E1,3.225895605192E0,0.E0));
#10040=CARTESIAN_POINT('',(-5.331974780182E1,3.241783639611E0,0.E0));
#10042=DIRECTION('',(0.E0,0.E0,1.E0));
#10043=VECTOR('',#10042,1.E0);
#10044=SURFACE_OF_LINEAR_EXTRUSION('',#10041,#10043);
#10045=ORIENTED_EDGE('',*,*,#7608,.F.);
#10047=ORIENTED_EDGE('',*,*,#10046,.T.);
#10049=ORIENTED_EDGE('',*,*,#10048,.F.);
#10050=ORIENTED_EDGE('',*,*,#10027,.T.);
#10051=EDGE_LOOP('',(#10045,#10047,#10049,#10050));
#10052=FACE_OUTER_BOUND('',#10051,.F.);
#10053=ADVANCED_FACE('',(#10052),#10044,.F.);
#10054=CARTESIAN_POINT('',(-5.439942314539E1,3.018680284432E0,0.E0));
#10055=DIRECTION('',(-8.607326202999E-3,-9.999629562817E-1,0.E0));
#10056=DIRECTION('',(9.999629562817E-1,-8.607326202999E-3,0.E0));
#10057=AXIS2_PLACEMENT_3D('',#10054,#10055,#10056);
#10058=PLANE('',#10057);
#10059=ORIENTED_EDGE('',*,*,#7606,.F.);
#10061=ORIENTED_EDGE('',*,*,#10060,.F.);
#10063=ORIENTED_EDGE('',*,*,#10062,.T.);
#10064=ORIENTED_EDGE('',*,*,#10046,.F.);
#10065=EDGE_LOOP('',(#10059,#10061,#10063,#10064));
#10066=FACE_OUTER_BOUND('',#10065,.F.);
#10067=ADVANCED_FACE('',(#10066),#10058,.F.);
#10068=CARTESIAN_POINT('',(-5.456461608127E1,3.254981252671E0,0.E0));
#10069=CARTESIAN_POINT('',(-5.457483127511E1,3.238580019010E0,0.E0));
#10070=CARTESIAN_POINT('',(-5.460099115959E1,3.137300208866E0,0.E0));
#10071=CARTESIAN_POINT('',(-5.446553613778E1,2.999498001389E0,0.E0));
#10072=CARTESIAN_POINT('',(-5.436460070626E1,3.022440223034E0,0.E0));
#10073=CARTESIAN_POINT('',(-5.434871271880E1,3.031347509506E0,0.E0));
#10075=DIRECTION('',(0.E0,0.E0,1.E0));
#10076=VECTOR('',#10075,1.E0);
#10077=SURFACE_OF_LINEAR_EXTRUSION('',#10074,#10076);
#10078=ORIENTED_EDGE('',*,*,#7604,.F.);
#10080=ORIENTED_EDGE('',*,*,#10079,.T.);
#10082=ORIENTED_EDGE('',*,*,#10081,.F.);
#10083=ORIENTED_EDGE('',*,*,#10060,.T.);
#10084=EDGE_LOOP('',(#10078,#10080,#10082,#10083));
#10085=FACE_OUTER_BOUND('',#10084,.F.);
#10086=ADVANCED_FACE('',(#10085),#10077,.F.);
#10087=CARTESIAN_POINT('',(-5.457531075258E1,3.705414732026E0,0.E0));
#10088=DIRECTION('',(-9.999629562817E-1,8.607326202755E-3,0.E0));
#10089=DIRECTION('',(-8.607326202755E-3,-9.999629562817E-1,0.E0));
#10090=AXIS2_PLACEMENT_3D('',#10087,#10088,#10089);
#10091=PLANE('',#10090);
#10092=ORIENTED_EDGE('',*,*,#7602,.F.);
#10094=ORIENTED_EDGE('',*,*,#10093,.F.);
#10096=ORIENTED_EDGE('',*,*,#10095,.T.);
#10097=ORIENTED_EDGE('',*,*,#10079,.F.);
#10098=EDGE_LOOP('',(#10092,#10094,#10096,#10097));
#10099=FACE_OUTER_BOUND('',#10098,.F.);
#10100=ADVANCED_FACE('',(#10099),#10091,.F.);
#10101=CARTESIAN_POINT('',(-5.461236503621E1,3.769431204403E0,0.E0));
#10102=CARTESIAN_POINT('',(-5.461194342534E1,3.769195837662E0,0.E0));
#10103=CARTESIAN_POINT('',(-5.459055376546E1,3.756892385656E0,0.E0));
#10104=CARTESIAN_POINT('',(-5.457479915440E1,3.729117766936E0,0.E0));
#10105=CARTESIAN_POINT('',(-5.457532524049E1,3.704446233219E0,0.E0));
#10106=CARTESIAN_POINT('',(-5.457534177602E1,3.703963599947E0,0.E0));
#10108=DIRECTION('',(0.E0,0.E0,1.E0));
#10109=VECTOR('',#10108,1.E0);
#10110=SURFACE_OF_LINEAR_EXTRUSION('',#10107,#10109);
#10111=ORIENTED_EDGE('',*,*,#7600,.F.);
#10113=ORIENTED_EDGE('',*,*,#10112,.T.);
#10115=ORIENTED_EDGE('',*,*,#10114,.F.);
#10116=ORIENTED_EDGE('',*,*,#10093,.T.);
#10117=EDGE_LOOP('',(#10111,#10113,#10115,#10116));
#10118=FACE_OUTER_BOUND('',#10117,.F.);
#10119=ADVANCED_FACE('',(#10118),#10110,.F.);
#10120=CARTESIAN_POINT('',(-5.534372142763E1,4.200047216445E0,0.E0));
#10121=DIRECTION('',(-5.073607964022E-1,-8.617337304957E-1,0.E0));
#10122=DIRECTION('',(8.617337304957E-1,-5.073607964022E-1,0.E0));
#10123=AXIS2_PLACEMENT_3D('',#10120,#10121,#10122);
#10124=PLANE('',#10123);
#10125=ORIENTED_EDGE('',*,*,#7598,.F.);
#10127=ORIENTED_EDGE('',*,*,#10126,.F.);
#10129=ORIENTED_EDGE('',*,*,#10128,.F.);
#10130=ORIENTED_EDGE('',*,*,#10112,.F.);
#10131=EDGE_LOOP('',(#10125,#10127,#10129,#10130));
#10132=FACE_OUTER_BOUND('',#10131,.F.);
#10133=ADVANCED_FACE('',(#10132),#10124,.F.);
#10134=CARTESIAN_POINT('',(-5.547075765519E1,4.488784695138E0,0.E0));
#10135=CARTESIAN_POINT('',(-5.547550976740E1,4.472312048261E0,0.E0));
#10136=CARTESIAN_POINT('',(-5.548978116369E1,4.365958207695E0,0.E0));
#10137=CARTESIAN_POINT('',(-5.541141074058E1,4.227440666501E0,0.E0));
#10138=CARTESIAN_POINT('',(-5.531367699116E1,4.184677513362E0,0.E0));
#10139=CARTESIAN_POINT('',(-5.529775872299E1,4.180249118998E0,0.E0));
#10141=DIRECTION('',(0.E0,0.E0,1.E0));
#10142=VECTOR('',#10141,1.E0);
#10143=SURFACE_OF_LINEAR_EXTRUSION('',#10140,#10142);
#10144=ORIENTED_EDGE('',*,*,#7596,.F.);
#10146=ORIENTED_EDGE('',*,*,#10145,.T.);
#10148=ORIENTED_EDGE('',*,*,#10147,.F.);
#10149=ORIENTED_EDGE('',*,*,#10126,.T.);
#10150=EDGE_LOOP('',(#10144,#10146,#10148,#10149));
#10151=FACE_OUTER_BOUND('',#10150,.F.);
#10152=ADVANCED_FACE('',(#10151),#10143,.F.);
#10153=CARTESIAN_POINT('',(-5.546038257157E1,6.482007321388E0,0.E0));
#10154=DIRECTION('',(-9.999629562817E-1,8.607326203129E-3,0.E0));
#10155=DIRECTION('',(-8.607326203129E-3,-9.999629562817E-1,0.E0));
#10156=AXIS2_PLACEMENT_3D('',#10153,#10154,#10155);
#10157=PLANE('',#10156);
#10158=ORIENTED_EDGE('',*,*,#7594,.F.);
#10160=ORIENTED_EDGE('',*,*,#10159,.F.);
#10162=ORIENTED_EDGE('',*,*,#10161,.F.);
#10163=ORIENTED_EDGE('',*,*,#10145,.F.);
#10164=EDGE_LOOP('',(#10158,#10160,#10162,#10163));
#10165=FACE_OUTER_BOUND('',#10164,.F.);
#10166=ADVANCED_FACE('',(#10165),#10157,.F.);
#10167=CARTESIAN_POINT('',(-5.522408378324E1,6.647195928459E0,0.E0));
#10168=CARTESIAN_POINT('',(-5.524048488728E1,6.657411262692E0,0.E0));
#10169=CARTESIAN_POINT('',(-5.534176300003E1,6.683571033060E0,0.E0));
#10170=CARTESIAN_POINT('',(-5.547956511766E1,6.548119023724E0,0.E0));
#10171=CARTESIAN_POINT('',(-5.545662250464E1,6.447184777434E0,0.E0));
#10172=CARTESIAN_POINT('',(-5.544771490535E1,6.431296702663E0,0.E0));
#10174=DIRECTION('',(0.E0,0.E0,1.E0));
#10175=VECTOR('',#10174,1.E0);
#10176=SURFACE_OF_LINEAR_EXTRUSION('',#10173,#10175);
#10177=ORIENTED_EDGE('',*,*,#7592,.F.);
#10178=ORIENTED_EDGE('',*,*,#9837,.T.);
#10180=ORIENTED_EDGE('',*,*,#10179,.F.);
#10181=ORIENTED_EDGE('',*,*,#10159,.T.);
#10182=EDGE_LOOP('',(#10177,#10178,#10180,#10181));
#10183=FACE_OUTER_BOUND('',#10182,.F.);
#10184=ADVANCED_FACE('',(#10183),#10176,.F.);
#10185=CARTESIAN_POINT('',(0.E0,0.E0,-5.E-1));
#10186=DIRECTION('',(0.E0,0.E0,1.E0));
#10187=DIRECTION('',(1.E0,0.E0,0.E0));
#10188=AXIS2_PLACEMENT_3D('',#10185,#10186,#10187);
#10189=PLANE('',#10188);
#10190=ORIENTED_EDGE('',*,*,#9835,.F.);
#10191=ORIENTED_EDGE('',*,*,#9855,.T.);
#10192=ORIENTED_EDGE('',*,*,#9869,.F.);
#10193=ORIENTED_EDGE('',*,*,#9883,.T.);
#10194=ORIENTED_EDGE('',*,*,#9897,.F.);
#10195=ORIENTED_EDGE('',*,*,#9916,.T.);
#10196=ORIENTED_EDGE('',*,*,#9930,.F.);
#10197=ORIENTED_EDGE('',*,*,#9949,.T.);
#10198=ORIENTED_EDGE('',*,*,#9963,.T.);
#10199=ORIENTED_EDGE('',*,*,#9982,.T.);
#10200=ORIENTED_EDGE('',*,*,#9996,.T.);
#10201=ORIENTED_EDGE('',*,*,#10015,.T.);
#10202=ORIENTED_EDGE('',*,*,#10029,.F.);
#10203=ORIENTED_EDGE('',*,*,#10048,.T.);
#10204=ORIENTED_EDGE('',*,*,#10062,.F.);
#10205=ORIENTED_EDGE('',*,*,#10081,.T.);
#10206=ORIENTED_EDGE('',*,*,#10095,.F.);
#10207=ORIENTED_EDGE('',*,*,#10114,.T.);
#10208=ORIENTED_EDGE('',*,*,#10128,.T.);
#10209=ORIENTED_EDGE('',*,*,#10147,.T.);
#10210=ORIENTED_EDGE('',*,*,#10161,.T.);
#10211=ORIENTED_EDGE('',*,*,#10179,.T.);
#10212=EDGE_LOOP('',(#10190,#10191,#10192,#10193,#10194,#10195,#10196,#10197,
#10198,#10199,#10200,#10201,#10202,#10203,#10204,#10205,#10206,#10207,#10208,
#10209,#10210,#10211));
#10213=FACE_OUTER_BOUND('',#10212,.F.);
#10214=ADVANCED_FACE('',(#10213),#10189,.T.);
#10218=DIMENSIONAL_EXPONENTS(0.E0,0.E0,0.E0,0.E0,0.E0,0.E0,0.E0);
#10220=PLANE_ANGLE_MEASURE_WITH_UNIT(PLANE_ANGLE_MEASURE(1.745329251994E-2),
#10219);
#10221=(CONVERSION_BASED_UNIT('DEGREE',#10220)NAMED_UNIT(*)PLANE_ANGLE_UNIT());
#10223=UNCERTAINTY_MEASURE_WITH_UNIT(LENGTH_MEASURE(8.303950366417E-3),#10217,
'closure',
'Maximum model space distance between geometric entities at asserted connectivities');
#10224=(GEOMETRIC_REPRESENTATION_CONTEXT(3)GLOBAL_UNCERTAINTY_ASSIGNED_CONTEXT((
#10223))GLOBAL_UNIT_ASSIGNED_CONTEXT((#10217,#10221,#10222))REPRESENTATION_CONTEXT('ID6','3'));
#10225=CARTESIAN_POINT('',(0.E0,0.E0,0.E0));
#10226=DIRECTION('',(0.E0,0.E0,1.E0));
#10227=DIRECTION('',(1.E0,0.E0,0.E0));
#10230=MECHANICAL_CONTEXT('',#4164,'mechanical');
#10231=PRODUCT('LEFT3_1','LEFT3_1','NOT SPECIFIED',(#10230));
#10232=PRODUCT_DEFINITION_FORMATION_WITH_SPECIFIED_SOURCE('3','LAST_VERSION',
#10231,.MADE.);
#10238=CARTESIAN_POINT('',(5.137356409509E1,-6.941405431631E0,1.74E2));
#10239=DIRECTION('',(0.E0,0.E0,1.E0));
#10240=DIRECTION('',(1.E0,0.E0,0.E0));
#10241=AXIS2_PLACEMENT_3D('',#10238,#10239,#10240);
#10242=ITEM_DEFINED_TRANSFORMATION('','',#10228,#10241);
#10243=CARTESIAN_POINT('',(0.E0,0.E0,0.E0));
#10244=DIRECTION('',(0.E0,0.E0,1.E0));
#10245=DIRECTION('',(1.E0,0.E0,0.E0));
#10247=(REPRESENTATION_RELATIONSHIP('','',#10229,#4917)REPRESENTATION_RELATIONSHIP_WITH_TRANSFORMATION(#10242)SHAPE_REPRESENTATION_RELATIONSHIP());
#10248=CONTEXT_DEPENDENT_SHAPE_REPRESENTATION(#10247,#10237);
#10249=DIRECTION('',(-1.218693434050E-1,-9.925461516413E-1,0.E0));
#10250=VECTOR('',#10249,1.703858803088E1);
#10251=CARTESIAN_POINT('',(-7.701303976265E1,1.691158497945E1,0.E0));
#10252=LINE('',#10251,#10250);
#10253=DIRECTION('',(1.E0,0.E0,0.E0));
#10254=VECTOR('',#10253,7.858576638579E1);
#10255=CARTESIAN_POINT('',(-7.908952129852E1,6.802788784963E-14,0.E0));
#10256=LINE('',#10255,#10254);
#10257=DIRECTION('',(1.218693434052E-1,9.925461516413E-1,0.E0));
#10258=VECTOR('',#10257,7.461392280451E0);
#10259=CARTESIAN_POINT('',(-5.037549127285E-1,0.E0,0.E0));
#10260=LINE('',#10259,#10258);
#10261=DIRECTION('',(-9.925461516413E-1,1.218693434052E-1,0.E0));
#10262=VECTOR('',#10261,7.8E1);
#10263=CARTESIAN_POINT('',(4.055600653787E-1,7.405776193848E0,0.E0));
#10264=LINE('',#10263,#10262);
#10265=DIRECTION('',(7.069733719667E-1,-7.072401652410E-1,0.E0));
#10266=VECTOR('',#10265,1.279171272955E0);
#10267=CARTESIAN_POINT('',(-6.380043509610E1,6.725306944324E0,0.E0));
#10268=LINE('',#10267,#10266);
#10269=CARTESIAN_POINT('',(-6.289609506794E1,5.820625641868E0,0.E0));
#10270=CARTESIAN_POINT('',(-6.284692923726E1,5.771438595945E0,0.E0));
#10271=CARTESIAN_POINT('',(-6.281627804430E1,5.697399388312E0,0.E0));
#10272=CARTESIAN_POINT('',(-6.281629116425E1,5.627853401935E0,0.E0));
#10274=DIRECTION('',(-1.886513341494E-4,-9.999999822053E-1,0.E0));
#10275=VECTOR('',#10274,1.279239182241E0);
#10276=CARTESIAN_POINT('',(-6.281629116425E1,5.627853401935E0,0.E0));
#10277=LINE('',#10276,#10275);
#10278=CARTESIAN_POINT('',(-6.281653249443E1,4.348614242458E0,0.E0));
#10279=CARTESIAN_POINT('',(-6.281654560907E1,4.279096361190E0,0.E0));
#10280=CARTESIAN_POINT('',(-6.284724326998E1,4.205110683282E0,0.E0));
#10281=CARTESIAN_POINT('',(-6.289640910870E1,4.155963391479E0,0.E0));
#10283=DIRECTION('',(-7.072401652414E-1,-7.069733719662E-1,0.E0));
#10284=VECTOR('',#10283,1.279558477498E0);
#10285=CARTESIAN_POINT('',(-6.289640910870E1,4.155963391479E0,0.E0));
#10286=LINE('',#10285,#10284);
#10287=CARTESIAN_POINT('',(-6.380136425776E1,3.251349620013E0,0.E0));
#10288=CARTESIAN_POINT('',(-6.385052924456E1,3.202203179793E0,0.E0));
#10289=CARTESIAN_POINT('',(-6.392452578986E1,3.171535349775E0,0.E0));
#10290=CARTESIAN_POINT('',(-6.399404246658E1,3.171548464188E0,0.E0));
#10292=DIRECTION('',(-9.999999822053E-1,1.886513379879E-4,0.E0));
#10293=VECTOR('',#10292,1.279150682830E0);
#10294=CARTESIAN_POINT('',(-6.399404246658E1,3.171548464188E0,0.E0));
#10295=LINE('',#10294,#10293);
#10296=CARTESIAN_POINT('',(-6.527319312665E1,3.171789777676E0,0.E0));
#10297=CARTESIAN_POINT('',(-6.534270980337E1,3.171802892089E0,0.E0));
#10298=CARTESIAN_POINT('',(-6.541669477234E1,3.202498639015E0,0.E0));
#10299=CARTESIAN_POINT('',(-6.546584121257E1,3.251663625819E0,0.E0));
#10301=DIRECTION('',(-7.069376998533E-1,7.072758220992E-1,0.E0));
#10302=VECTOR('',#10301,1.279493945039E0);
#10303=CARTESIAN_POINT('',(-6.546584121257E1,3.251663625819E0,0.E0));
#10304=LINE('',#10303,#10302);
#10305=CARTESIAN_POINT('',(-6.637036371905E1,4.156618757668E0,0.E0));
#10306=CARTESIAN_POINT('',(-6.641957473511E1,4.205760596168E0,0.E0));
#10307=CARTESIAN_POINT('',(-6.645018074268E1,4.279845011229E0,0.E0));
#10308=CARTESIAN_POINT('',(-6.645016762274E1,4.349390997604E0,0.E0));
#10310=DIRECTION('',(1.886513337536E-4,9.999999822053E-1,0.E0));
#10311=VECTOR('',#10310,1.279147917231E0);
#10312=CARTESIAN_POINT('',(-6.645016762274E1,4.349390997604E0,0.E0));
#10313=LINE('',#10312,#10311);
#10314=CARTESIAN_POINT('',(-6.644992630978E1,5.628538892073E0,0.E0));
#10315=CARTESIAN_POINT('',(-6.644991319514E1,5.698056773344E0,0.E0));
#10316=CARTESIAN_POINT('',(-6.641925935464E1,5.772086327334E0,0.E0));
#10317=CARTESIAN_POINT('',(-6.637004969551E1,5.821189743065E0,0.E0));
#10319=DIRECTION('',(7.072044993891E-1,7.070090494780E-1,0.E0));
#10320=VECTOR('',#10319,1.279235808677E0);
#10321=CARTESIAN_POINT('',(-6.637004969551E1,5.821189743065E0,0.E0));
#10322=LINE('',#10321,#10320);
#10323=CARTESIAN_POINT('',(-6.546536837583E1,6.725621036216E0,0.E0));
#10324=CARTESIAN_POINT('',(-6.541620253712E1,6.774768328030E0,0.E0));
#10325=CARTESIAN_POINT('',(-6.534220528216E1,6.805438071766E0,0.E0));
#10326=CARTESIAN_POINT('',(-6.527268740089E1,6.805424957127E0,0.E0));
#10328=DIRECTION('',(9.999999822053E-1,-1.886513374207E-4,0.E0));
#10329=VECTOR('',#10328,1.279510211579E0);
#10330=CARTESIAN_POINT('',(-6.527268740089E1,6.805424957127E0,0.E0));
#10331=LINE('',#10330,#10329);
#10332=CARTESIAN_POINT('',(-6.399317721208E1,6.805183575814E0,0.E0));
#10333=CARTESIAN_POINT('',(-6.392363122572E1,6.805170455869E0,0.E0));
#10334=CARTESIAN_POINT('',(-6.384964611216E1,6.774448782822E0,0.E0));
#10335=CARTESIAN_POINT('',(-6.380043509610E1,6.725306944324E0,0.E0));
#10337=DIRECTION('',(9.999999822053E-1,-1.886513366755E-4,0.E0));
#10338=VECTOR('',#10337,7.268896596458E-1);
#10339=CARTESIAN_POINT('',(-6.791846196528E1,5.897513884526E0,0.E0));
#10340=LINE('',#10339,#10338);
#10341=CARTESIAN_POINT('',(-6.719157231857E1,5.897376755820E0,0.E0));
#10342=CARTESIAN_POINT('',(-6.710604705010E1,5.897360621368E0,0.E0));
#10343=CARTESIAN_POINT('',(-6.701016391858E1,5.801441306060E0,0.E0));
#10344=CARTESIAN_POINT('',(-6.701018005303E1,5.715916037593E0,0.E0));
#10346=DIRECTION('',(-1.886513341134E-4,-9.999999822053E-1,0.E0));
#10347=VECTOR('',#10346,1.453870584290E0);
#10348=CARTESIAN_POINT('',(-6.701018005303E1,5.715916037593E0,0.E0));
#10349=LINE('',#10348,#10347);
#10350=CARTESIAN_POINT('',(-6.701045432766E1,4.262045479174E0,0.E0));
#10351=CARTESIAN_POINT('',(-6.701047046223E1,4.176519558847E0,0.E0));
#10352=CARTESIAN_POINT('',(-6.710638912608E1,4.080634313457E0,0.E0));
#10353=CARTESIAN_POINT('',(-6.719191504641E1,4.080650448034E0,0.E0));
#10355=DIRECTION('',(-9.999999822053E-1,1.886513364398E-4,0.E0));
#10356=VECTOR('',#10355,7.268896596547E-1);
#10357=CARTESIAN_POINT('',(-6.719191504641E1,4.080650448034E0,0.E0));
#10358=LINE('',#10357,#10356);
#10359=DIRECTION('',(-1.886513327148E-4,-9.999999822053E-1,0.E0));
#10360=VECTOR('',#10359,7.269809246394E-1);
#10361=CARTESIAN_POINT('',(-6.791880469313E1,4.080787576740E0,0.E0));
#10362=LINE('',#10361,#10360);
#10363=CARTESIAN_POINT('',(-6.791894183905E1,3.353806665037E0,0.E0));
#10364=CARTESIAN_POINT('',(-6.791895797363E1,3.268280744711E0,0.E0));
#10365=CARTESIAN_POINT('',(-6.801487940256E1,3.172398265450E0,0.E0));
#10366=CARTESIAN_POINT('',(-6.810040532289E1,3.172414400029E0,0.E0));
#10368=DIRECTION('',(-9.999999822053E-1,1.886513368912E-4,0.E0));
#10369=VECTOR('',#10368,1.453961849263E0);
#10370=CARTESIAN_POINT('',(-6.810040532289E1,3.172414400029E0,0.E0));
#10371=LINE('',#10370,#10369);
#10372=CARTESIAN_POINT('',(-6.955436714628E1,3.172688691876E0,0.E0));
#10373=CARTESIAN_POINT('',(-6.963989241474E1,3.172704826329E0,0.E0));
#10374=CARTESIAN_POINT('',(-6.973577554627E1,3.268624141635E0,0.E0));
#10375=CARTESIAN_POINT('',(-6.973575941182E1,3.354149410100E0,0.E0));
#10377=DIRECTION('',(1.886513388899E-4,9.999999822053E-1,0.E0));
#10378=VECTOR('',#10377,7.269809246471E-1);
#10379=CARTESIAN_POINT('',(-6.973575941182E1,3.354149410100E0,0.E0));
#10380=LINE('',#10379,#10378);
#10381=DIRECTION('',(-9.999999822053E-1,1.886513344607E-4,0.E0));
#10382=VECTOR('',#10381,7.269809246441E-1);
#10383=CARTESIAN_POINT('',(-6.973562226589E1,4.081130321811E0,0.E0));
#10384=LINE('',#10383,#10382);
#10385=CARTESIAN_POINT('',(-7.046260317760E1,4.081267467733E0,0.E0));
#10386=CARTESIAN_POINT('',(-7.054812909793E1,4.081283602313E0,0.E0));
#10387=CARTESIAN_POINT('',(-7.064401157719E1,4.177205031251E0,0.E0));
#10388=CARTESIAN_POINT('',(-7.064399544261E1,4.262730951576E0,0.E0));
#10390=DIRECTION('',(1.886513338715E-4,9.999999822053E-1,0.E0));
#10391=VECTOR('',#10390,1.453870584271E0);
#10392=CARTESIAN_POINT('',(-7.064399544261E1,4.262730951576E0,0.E0));
#10393=LINE('',#10392,#10391);
#10394=CARTESIAN_POINT('',(-7.064372116799E1,5.716601509976E0,0.E0));
#10395=CARTESIAN_POINT('',(-7.064370503354E1,5.802126778442E0,0.E0));
#10396=CARTESIAN_POINT('',(-7.054778571822E1,5.898009909973E0,0.E0));
#10397=CARTESIAN_POINT('',(-7.046226044975E1,5.897993775518E0,0.E0));
#10399=DIRECTION('',(9.999999822053E-1,-1.886513388731E-4,0.E0));
#10400=VECTOR('',#10399,7.269809246366E-1);
#10401=CARTESIAN_POINT('',(-7.046226044975E1,5.897993775518E0,0.E0));
#10402=LINE('',#10401,#10400);
#10403=DIRECTION('',(1.886513324813E-4,9.999999822053E-1,0.E0));
#10404=VECTOR('',#10403,7.269809246353E-1);
#10405=CARTESIAN_POINT('',(-6.973527953805E1,5.897856629593E0,0.E0));
#10406=LINE('',#10405,#10404);
#10407=CARTESIAN_POINT('',(-6.973514239213E1,6.624837541292E0,0.E0));
#10408=CARTESIAN_POINT('',(-6.973512625755E1,6.710363461620E0,0.E0));
#10409=CARTESIAN_POINT('',(-6.963920759370E1,6.806248707014E0,0.E0));
#10410=CARTESIAN_POINT('',(-6.955368167337E1,6.806232572431E0,0.E0));
#10412=DIRECTION('',(9.999999822053E-1,-1.886513366978E-4,0.E0));
#10413=VECTOR('',#10412,1.453961849264E0);
#10414=CARTESIAN_POINT('',(-6.955368167337E1,6.806232572431E0,0.E0));
#10415=LINE('',#10414,#10413);
#10416=CARTESIAN_POINT('',(-6.809971984998E1,6.805958280584E0,0.E0));
#10417=CARTESIAN_POINT('',(-6.801419327779E1,6.805942145887E0,0.E0));
#10418=CARTESIAN_POINT('',(-6.791830868465E1,6.710021368407E0,0.E0));
#10419=CARTESIAN_POINT('',(-6.791832481936E1,6.624494796221E0,0.E0));
#10421=DIRECTION('',(-1.886513363137E-4,-9.999999822053E-1,0.E0));
#10422=VECTOR('',#10421,7.269809246314E-1);
#10423=CARTESIAN_POINT('',(-6.791832481936E1,6.624494796221E0,0.E0));
#10424=LINE('',#10423,#10422);
#10425=DIRECTION('',(9.999999822061E-1,-1.886474596337E-4,0.E0));
#10426=VECTOR('',#10425,8.924609376614E-1);
#10427=CARTESIAN_POINT('',(-7.227661374930E1,6.807877386477E0,0.E0));
#10428=LINE('',#10427,#10426);
#10429=CARTESIAN_POINT('',(-7.138415282752E1,6.807709025988E0,0.E0));
#10430=CARTESIAN_POINT('',(-7.129847762851E1,6.807692863243E0,0.E0));
#10431=CARTESIAN_POINT('',(-7.120247343877E1,6.711558395701E0,0.E0));
#10432=CARTESIAN_POINT('',(-7.120248960151E1,6.625883196690E0,0.E0));
#10434=DIRECTION('',(-1.886513330677E-4,-9.999999822053E-1,0.E0));
#10435=VECTOR('',#10434,2.849378592909E0);
#10436=CARTESIAN_POINT('',(-7.120248960151E1,6.625883196690E0,0.E0));
#10437=LINE('',#10436,#10435);
#10438=CARTESIAN_POINT('',(-7.120302714058E1,3.776504654485E0,0.E0));
#10439=CARTESIAN_POINT('',(-7.120304026046E1,3.706959020887E0,0.E0));
#10440=CARTESIAN_POINT('',(-7.123371554019E1,3.632929449950E0,0.E0));
#10441=CARTESIAN_POINT('',(-7.128290100646E1,3.583762537982E0,0.E0));
#10443=DIRECTION('',(-7.071429865666E-1,-7.070705739526E-1,0.E0));
#10444=VECTOR('',#10443,4.695168013396E-1);
#10445=CARTESIAN_POINT('',(-7.128290100646E1,3.583762537982E0,0.E0));
#10446=LINE('',#10445,#10444);
#10447=CARTESIAN_POINT('',(-7.161491651960E1,3.251781023779E0,0.E0));
#10448=CARTESIAN_POINT('',(-7.166413142915E1,3.202587341497E0,0.E0));
#10449=CARTESIAN_POINT('',(-7.173819465823E1,3.171875510547E0,0.E0));
#10450=CARTESIAN_POINT('',(-7.180778004122E1,3.171888637923E0,0.E0));
#10452=DIRECTION('',(-9.999999822053E-1,1.886513362986E-4,0.E0));
#10453=VECTOR('',#10452,8.923669070786E-1);
#10454=CARTESIAN_POINT('',(-7.180778004122E1,3.171888637923E0,0.E0));
#10455=LINE('',#10454,#10453);
#10456=CARTESIAN_POINT('',(-7.270014693242E1,3.172056984132E0,0.E0));
#10457=CARTESIAN_POINT('',(-7.278582213111E1,3.172073146875E0,0.E0));
#10458=CARTESIAN_POINT('',(-7.288182908730E1,3.268204849655E0,0.E0));
#10459=CARTESIAN_POINT('',(-7.288181292456E1,3.353880048339E0,0.E0));
#10461=DIRECTION('',(1.886513325909E-4,9.999999822053E-1,0.E0));
#10462=VECTOR('',#10461,3.656656111622E-1);
#10463=CARTESIAN_POINT('',(-7.288181292456E1,3.353880048339E0,0.E0));
#10464=LINE('',#10463,#10462);
#10465=CARTESIAN_POINT('',(-7.297261542515E1,3.719580645155E0,0.E0));
#10466=DIRECTION('',(0.E0,0.E0,1.E0));
#10467=DIRECTION('',(9.999999258594E-1,-3.850729404531E-4,0.E0));
#10468=AXIS2_PLACEMENT_3D('',#10465,#10466,#10467);
#10470=DIRECTION('',(-7.072989755459E-1,-7.069145345739E-1,0.E0));
#10471=VECTOR('',#10470,7.522406495564E-1);
#10472=CARTESIAN_POINT('',(-7.303687952740E1,3.783828236334E0,0.E0));
#10473=LINE('',#10472,#10471);
#10474=CARTESIAN_POINT('',(-7.356893856819E1,3.252058387665E0,0.E0));
#10475=CARTESIAN_POINT('',(-7.361810415732E1,3.202911345349E0,0.E0));
#10476=CARTESIAN_POINT('',(-7.369210201426E1,3.172244117785E0,0.E0));
#10477=CARTESIAN_POINT('',(-7.376161954263E1,3.172257232361E0,0.E0));
#10479=DIRECTION('',(-9.999999822053E-1,1.886513377312E-4,0.E0));
#10480=VECTOR('',#10479,8.924581720611E-1);
#10481=CARTESIAN_POINT('',(-7.376161954263E1,3.172257232361E0,0.E0));
#10482=LINE('',#10481,#10480);
#10483=CARTESIAN_POINT('',(-7.465407769881E1,3.172425595789E0,0.E0));
#10484=CARTESIAN_POINT('',(-7.473977440632E1,3.172441762592E0,0.E0));
#10485=CARTESIAN_POINT('',(-7.483585112273E1,3.268551969714E0,0.E0));
#10486=CARTESIAN_POINT('',(-7.483583495593E1,3.354248677224E0,0.E0));
#10488=DIRECTION('',(1.886513336407E-4,9.999999822053E-1,0.E0));
#10489=VECTOR('',#10488,2.849381354843E0);
#10490=CARTESIAN_POINT('',(-7.483583495593E1,3.354248677224E0,0.E0));
#10491=LINE('',#10490,#10489);
#10492=CARTESIAN_POINT('',(-7.483529741634E1,6.203629981363E0,0.E0));
#10493=CARTESIAN_POINT('',(-7.483528428906E1,6.273214865728E0,0.E0));
#10494=CARTESIAN_POINT('',(-7.480458659181E1,6.347309836713E0,0.E0));
#10495=CARTESIAN_POINT('',(-7.475532950316E1,6.396460579564E0,0.E0));
#10497=DIRECTION('',(7.071429864866E-1,7.070705740327E-1,0.E0));
#10498=VECTOR('',#10497,4.695168014158E-1);
#10499=CARTESIAN_POINT('',(-7.475532950316E1,6.396460579564E0,0.E0));
#10500=LINE('',#10499,#10498);
#10501=CARTESIAN_POINT('',(-7.442331399E1,6.728442093859E0,0.E0));
#10502=CARTESIAN_POINT('',(-7.437412887660E1,6.777608653100E0,0.E0));
#10503=CARTESIAN_POINT('',(-7.430008965037E1,6.808259117857E0,0.E0));
#10504=CARTESIAN_POINT('',(-7.423054451569E1,6.808245998081E0,0.E0));
#10506=DIRECTION('',(9.999999822053E-1,-1.886513094010E-4,0.E0));
#10507=VECTOR('',#10506,8.923696726790E-1);
#10508=CARTESIAN_POINT('',(-7.423054451569E1,6.808245998081E0,0.E0));
#10509=LINE('',#10508,#10507);
#10510=CARTESIAN_POINT('',(-7.333817485889E1,6.808077651374E0,0.E0));
#10511=CARTESIAN_POINT('',(-7.325245663747E1,6.808061480509E0,0.E0));
#10512=CARTESIAN_POINT('',(-7.315631293204E1,6.711970009024E0,0.E0));
#10513=CARTESIAN_POINT('',(-7.315632910291E1,6.626251787606E0,0.E0));
#10515=DIRECTION('',(-1.886513383094E-4,-9.999999822053E-1,0.E0));
#10516=VECTOR('',#10515,3.657568762060E-1);
#10517=CARTESIAN_POINT('',(-7.315632910291E1,6.626251787606E0,0.E0));
#10518=LINE('',#10517,#10516);
#10519=CARTESIAN_POINT('',(-7.306552320877E1,6.260470921057E0,0.E0));
#10520=DIRECTION('',(0.E0,0.E0,1.E0));
#10521=DIRECTION('',(-9.999999651349E-1,2.640646089268E-4,0.E0));
#10522=AXIS2_PLACEMENT_3D('',#10519,#10520,#10521);
#10524=DIRECTION('',(7.071206609104E-1,7.070929011903E-1,0.E0));
#10525=VECTOR('',#10524,7.520470555020E-1);
#10526=CARTESIAN_POINT('',(-7.300126251676E1,6.196215100164E0,0.E0));
#10527=LINE('',#10526,#10525);
#10528=CARTESIAN_POINT('',(-7.246947450584E1,6.727982234470E0,0.E0));
#10529=CARTESIAN_POINT('',(-7.242030518167E1,6.777220774900E0,0.E0));
#10530=CARTESIAN_POINT('',(-7.234619863365E1,6.807890513756E0,0.E0));
#10531=CARTESIAN_POINT('',(-7.227661374930E1,6.807877386477E0,0.E0));
#10533=CARTESIAN_POINT('',(-7.959327621125E1,0.E0,5.000000000324E-1));
#10534=CARTESIAN_POINT('',(-7.959327621126E1,0.E0,3.327075145662E-1));
#10535=CARTESIAN_POINT('',(-7.946563362607E1,0.E0,1.257651288427E-1));
#10536=CARTESIAN_POINT('',(-7.925681378399E1,0.E0,-5.059276300487E-13));
#10537=CARTESIAN_POINT('',(-7.908952129852E1,0.E0,0.E0));
#10539=DIRECTION('',(-1.218693434052E-1,-9.925461516413E-1,3.966552255121E-13));
#10540=VECTOR('',#10539,1.709998031133E1);
#10541=CARTESIAN_POINT('',(-7.750931283847E1,1.697251965116E1,5.E-1));
#10542=LINE('',#10541,#10540);
#10543=DIRECTION('',(-1.E0,0.E0,0.E0));
#10544=VECTOR('',#10543,6.759327621125E1);
#10545=CARTESIAN_POINT('',(-6.E0,0.E0,6.55E0));
#10546=LINE('',#10545,#10544);
#10547=CARTESIAN_POINT('',(-7.359327621125E1,0.E0,4.75E0));
#10548=DIRECTION('',(0.E0,-1.E0,0.E0));
#10549=DIRECTION('',(0.E0,0.E0,1.E0));
#10550=AXIS2_PLACEMENT_3D('',#10547,#10548,#10549);
#10552=DIRECTION('',(1.E0,0.E0,0.E0));
#10553=VECTOR('',#10552,6.759327621125E1);
#10554=CARTESIAN_POINT('',(-7.359327621125E1,0.E0,2.95E0));
#10555=LINE('',#10554,#10553);
#10556=CARTESIAN_POINT('',(-6.E0,0.E0,4.75E0));
#10557=DIRECTION('',(0.E0,-1.E0,0.E0));
#10558=DIRECTION('',(0.E0,0.E0,-1.E0));
#10559=AXIS2_PLACEMENT_3D('',#10556,#10557,#10558);
#10561=CARTESIAN_POINT('',(-7.908952129852E1,0.E0,9.5E0));
#10562=CARTESIAN_POINT('',(-7.925681378397E1,0.E0,9.5E0));
#10563=CARTESIAN_POINT('',(-7.946563362605E1,0.E0,9.374234871169E0));
#10564=CARTESIAN_POINT('',(-7.959327621125E1,0.E0,9.167292485455E0));
#10565=CARTESIAN_POINT('',(-7.959327621125E1,0.E0,9.E0));
#10567=DIRECTION('',(-1.E0,-1.705967414355E-13,7.108762170949E-14));
#10568=VECTOR('',#10567,6.759327622767E1);
#10569=CARTESIAN_POINT('',(-5.999999982320E0,2.000000003497E-1,
6.349999999854E0));
#10570=LINE('',#10569,#10568);
#10571=DIRECTION('',(-4.459464520989E-9,-7.071067815352E-1,7.071067808379E-1));
#10572=VECTOR('',#10571,2.828427128134E-1);
#10573=CARTESIAN_POINT('',(-7.359327620999E1,2.000000003382E-1,
6.349999999859E0));
#10574=LINE('',#10573,#10572);
#10575=CARTESIAN_POINT('',(-6.E0,2.000000000002E-1,4.75E0));
#10576=DIRECTION('',(0.E0,-1.E0,0.E0));
#10577=DIRECTION('',(-1.690549922273E-9,0.E0,-1.E0));
#10578=AXIS2_PLACEMENT_3D('',#10575,#10576,#10577);
#10580=DIRECTION('',(-6.250722399132E-8,-7.071067815471E-1,7.071067808260E-1));
#10581=VECTOR('',#10580,2.828427128250E-1);
#10582=CARTESIAN_POINT('',(-5.999999982320E0,2.000000003497E-1,
6.349999999854E0));
#10583=LINE('',#10582,#10581);
#10584=DIRECTION('',(1.E0,-1.705893501966E-13,-7.108762172373E-14));
#10585=VECTOR('',#10584,6.759327621413E1);
#10586=CARTESIAN_POINT('',(-7.359327621650E1,2.000000003497E-1,
3.150000000146E0));
#10587=LINE('',#10586,#10585);
#10588=DIRECTION('',(8.402952698085E-9,-7.071067815352E-1,-7.071067808379E-1));
#10589=VECTOR('',#10588,2.828427128134E-1);
#10590=CARTESIAN_POINT('',(-6.000000002377E0,2.000000003382E-1,
3.150000000141E0));
#10591=LINE('',#10590,#10589);
#10592=CARTESIAN_POINT('',(-7.359327621125E1,2.000000000002E-1,4.75E0));
#10593=DIRECTION('',(0.E0,-1.E0,0.E0));
#10594=DIRECTION('',(2.356861372732E-9,0.E0,1.E0));
#10595=AXIS2_PLACEMENT_3D('',#10592,#10593,#10594);
#10597=DIRECTION('',(1.857060139168E-8,-7.071067815471E-1,-7.071067808260E-1));
#10598=VECTOR('',#10597,2.828427128250E-1);
#10599=CARTESIAN_POINT('',(-7.359327621650E1,2.000000003497E-1,
3.150000000146E0));
#10600=LINE('',#10599,#10598);
#10601=CARTESIAN_POINT('',(-7.359327621125E1,1.E0,4.75E0));
#10602=DIRECTION('',(0.E0,-1.E0,0.E0));
#10603=DIRECTION('',(1.512496794476E-9,0.E0,1.E0));
#10604=AXIS2_PLACEMENT_3D('',#10601,#10602,#10603);
#10606=DIRECTION('',(-2.769393604541E-9,-1.E0,1.820843476793E-10));
#10607=VECTOR('',#10606,7.999999996503E-1);
#10608=CARTESIAN_POINT('',(-7.359327621429E1,1.E0,3.15E0));
#10609=LINE('',#10608,#10607);
#10610=DIRECTION('',(-1.581533571463E-8,1.E0,1.820821272332E-10));
#10611=VECTOR('',#10610,7.999999996503E-1);
#10612=CARTESIAN_POINT('',(-5.999999982320E0,2.000000003497E-1,
6.349999999854E0));
#10613=LINE('',#10612,#10611);
#10614=DIRECTION('',(-2.007887190696E-9,-1.E0,-1.760769308879E-10));
#10615=VECTOR('',#10614,7.999999996618E-1);
#10616=CARTESIAN_POINT('',(-7.359327620838E1,1.E0,6.35E0));
#10617=LINE('',#10616,#10615);
#10618=DIRECTION('',(1.702105124233E-10,1.E0,-1.760780411109E-10));
#10619=VECTOR('',#10618,7.999999996618E-1);
#10620=CARTESIAN_POINT('',(-6.000000002377E0,2.000000003382E-1,
3.150000000141E0));
#10621=LINE('',#10620,#10619);
#10622=CARTESIAN_POINT('',(-6.E0,1.E0,4.75E0));
#10623=DIRECTION('',(0.E0,-1.E0,0.E0));
#10624=DIRECTION('',(-1.254997772371E-9,0.E0,-1.E0));
#10625=AXIS2_PLACEMENT_3D('',#10622,#10623,#10624);
#10627=DIRECTION('',(1.E0,0.E0,0.E0));
#10628=VECTOR('',#10627,6.759327621341E1);
#10629=CARTESIAN_POINT('',(-7.359327620838E1,1.E0,6.35E0));
#10630=LINE('',#10629,#10628);
#10631=DIRECTION('',(-1.E0,0.E0,0.E0));
#10632=VECTOR('',#10631,6.759327621205E1);
#10633=CARTESIAN_POINT('',(-6.000000002241E0,1.E0,3.15E0));
#10634=LINE('',#10633,#10632);
#10635=DIRECTION('',(-1.218693434051E-1,-9.925461516413E-1,0.E0));
#10636=VECTOR('',#10635,1.709998031133E1);
#10637=CARTESIAN_POINT('',(-7.750931283846E1,1.697251965116E1,9.E0));
#10638=LINE('',#10637,#10636);
#10639=DIRECTION('',(-4.982158476628E-13,0.E0,-1.E0));
#10640=VECTOR('',#10639,8.499999999993E0);
#10641=CARTESIAN_POINT('',(-7.959327621125E1,0.E0,9.E0));
#10642=LINE('',#10641,#10640);
#10643=CARTESIAN_POINT('',(-7.701303976264E1,1.691158497945E1,9.E0));
#10644=DIRECTION('',(1.218693434051E-1,9.925461516413E-1,0.E0));
#10645=DIRECTION('',(-9.925461516413E-1,1.218693434051E-1,0.E0));
#10646=AXIS2_PLACEMENT_3D('',#10643,#10644,#10645);
#10648=DIRECTION('',(-3.276855910800E-13,3.970679993954E-14,-1.E0));
#10649=VECTOR('',#10648,8.5E0);
#10650=CARTESIAN_POINT('',(-7.750931283846E1,1.697251965116E1,9.E0));
#10651=LINE('',#10650,#10649);
#10652=CARTESIAN_POINT('',(-7.701303976265E1,1.691158497945E1,5.E-1));
#10653=DIRECTION('',(-1.218693434051E-1,-9.925461516413E-1,0.E0));
#10654=DIRECTION('',(-9.925461516413E-1,1.218693434051E-1,0.E0));
#10655=AXIS2_PLACEMENT_3D('',#10652,#10653,#10654);
#10657=CARTESIAN_POINT('',(4.055600653787E-1,7.405776193848E0,5.E-1));
#10658=DIRECTION('',(-1.218693434052E-1,-9.925461516413E-1,0.E0));
#10659=DIRECTION('',(0.E0,0.E0,-1.E0));
#10660=AXIS2_PLACEMENT_3D('',#10657,#10658,#10659);
#10662=CARTESIAN_POINT('',(-5.037549127285E-1,0.E0,0.E0));
#10663=CARTESIAN_POINT('',(-3.364624272765E-1,0.E0,0.E0));
#10664=CARTESIAN_POINT('',(-1.276425851982E-1,0.E0,1.257651288279E-1));
#10665=CARTESIAN_POINT('',(-1.982204390391E-12,0.E0,3.327075145393E-1));
#10666=CARTESIAN_POINT('',(9.513501098013E-13,0.E0,4.999999999913E-1));
#10668=DIRECTION('',(1.218693434052E-1,9.925461516413E-1,6.588123440182E-13));
#10669=VECTOR('',#10668,7.399999999999E0);
#10670=CARTESIAN_POINT('',(4.976736615407E-13,2.209343819004E-14,
4.999999999951E-1));
#10671=LINE('',#10670,#10669);
#10672=DIRECTION('',(-5.100669849293E-14,0.E0,1.E0));
#10673=VECTOR('',#10672,9.000000000005E0);
#10674=CARTESIAN_POINT('',(4.976736615407E-13,2.209343819004E-14,
4.999999999951E-1));
#10675=LINE('',#10674,#10673);
#10676=DIRECTION('',(5.002171516506E-14,0.E0,-1.E0));
#10677=VECTOR('',#10676,9.E0);
#10678=CARTESIAN_POINT('',(9.018331411985E-1,7.344841522145E0,9.5E0));
#10679=LINE('',#10678,#10677);
#10680=DIRECTION('',(-1.218693434051E-1,-9.925461516413E-1,0.E0));
#10681=VECTOR('',#10680,1.703858803088E1);
#10682=CARTESIAN_POINT('',(-7.701303976264E1,1.691158497945E1,9.5E0));
#10683=LINE('',#10682,#10681);
#10684=DIRECTION('',(9.925461516413E-1,-1.218693434052E-1,0.E0));
#10685=VECTOR('',#10684,7.85E1);
#10686=CARTESIAN_POINT('',(-7.701303976264E1,1.691158497945E1,9.5E0));
#10687=LINE('',#10686,#10685);
#10688=DIRECTION('',(-1.218693434052E-1,-9.925461516413E-1,0.E0));
#10689=VECTOR('',#10688,7.399999999999E0);
#10690=CARTESIAN_POINT('',(9.018331411985E-1,7.344841522145E0,9.5E0));
#10691=LINE('',#10690,#10689);
#10692=DIRECTION('',(-1.E0,0.E0,0.E0));
#10693=VECTOR('',#10692,7.908952129852E1);
#10694=CARTESIAN_POINT('',(3.861337510408E-14,0.E0,9.5E0));
#10695=LINE('',#10694,#10693);
#10696=DIRECTION('',(0.E0,0.E0,1.E0));
#10697=VECTOR('',#10696,5.E-1);
#10698=CARTESIAN_POINT('',(-6.399317721208E1,6.805183575814E0,0.E0));
#10699=LINE('',#10698,#10697);
#10700=DIRECTION('',(-1.213606992678E-11,9.151790436590E-12,-1.E0));
#10701=VECTOR('',#10700,5.E-1);
#10702=CARTESIAN_POINT('',(-6.380043509609E1,6.725306944320E0,5.E-1));
#10703=LINE('',#10702,#10701);
#10704=DIRECTION('',(9.999999822053E-1,-1.886513374214E-4,0.E0));
#10705=VECTOR('',#10704,1.279510211579E0);
#10706=CARTESIAN_POINT('',(-6.527268740089E1,6.805424957127E0,5.E-1));
#10707=LINE('',#10706,#10705);
#10708=DIRECTION('',(-9.663381206337E-12,-7.302602966774E-12,1.E0));
#10709=VECTOR('',#10708,5.E-1);
#10710=CARTESIAN_POINT('',(-6.546536837583E1,6.725621036216E0,0.E0));
#10711=LINE('',#10710,#10709);
#10712=DIRECTION('',(-2.842170943040E-14,0.E0,-1.E0));
#10713=VECTOR('',#10712,5.E-1);
#10714=CARTESIAN_POINT('',(-6.527268740089E1,6.805424957127E0,5.E-1));
#10715=LINE('',#10714,#10713);
#10716=DIRECTION('',(0.E0,0.E0,1.E0));
#10717=VECTOR('',#10716,5.E-1);
#10718=CARTESIAN_POINT('',(-6.644992630978E1,5.628538892073E0,0.E0));
#10719=LINE('',#10718,#10717);
#10720=DIRECTION('',(-7.361222742475E-12,-9.718448268359E-12,-1.E0));
#10721=VECTOR('',#10720,5.E-1);
#10722=CARTESIAN_POINT('',(-6.637004969551E1,5.821189743070E0,5.E-1));
#10723=LINE('',#10722,#10721);
#10724=DIRECTION('',(1.886513337536E-4,9.999999822053E-1,0.E0));
#10725=VECTOR('',#10724,1.279147917231E0);
#10726=CARTESIAN_POINT('',(-6.645016762274E1,4.349390997604E0,5.E-1));
#10727=LINE('',#10726,#10725);
#10728=DIRECTION('',(6.878053682158E-12,-9.052314453584E-12,1.E0));
#10729=VECTOR('',#10728,5.E-1);
#10730=CARTESIAN_POINT('',(-6.637036371905E1,4.156618757668E0,0.E0));
#10731=LINE('',#10730,#10729);
#10732=DIRECTION('',(0.E0,0.E0,-1.E0));
#10733=VECTOR('',#10732,5.E-1);
#10734=CARTESIAN_POINT('',(-6.645016762274E1,4.349390997604E0,5.E-1));
#10735=LINE('',#10734,#10733);
#10736=DIRECTION('',(0.E0,0.E0,1.E0));
#10737=VECTOR('',#10736,5.E-1);
#10738=CARTESIAN_POINT('',(-6.527319312665E1,3.171789777676E0,0.E0));
#10739=LINE('',#10738,#10737);
#10740=DIRECTION('',(9.009681889438E-12,-6.809663943841E-12,-1.E0));
#10741=VECTOR('',#10740,5.E-1);
#10742=CARTESIAN_POINT('',(-6.546584121257E1,3.251663625823E0,5.E-1));
#10743=LINE('',#10742,#10741);
#10744=DIRECTION('',(-9.999999822053E-1,1.886513379879E-4,0.E0));
#10745=VECTOR('',#10744,1.279150682830E0);
#10746=CARTESIAN_POINT('',(-6.399404246658E1,3.171548464188E0,5.E-1));
#10747=LINE('',#10746,#10745);
#10748=DIRECTION('',(-1.359978796245E-11,-1.026201346122E-11,1.E0));
#10749=VECTOR('',#10748,5.E-1);
#10750=CARTESIAN_POINT('',(-6.380136425776E1,3.251349620013E0,0.E0));
#10751=LINE('',#10750,#10749);
#10752=DIRECTION('',(0.E0,0.E0,-1.E0));
#10753=VECTOR('',#10752,5.E-1);
#10754=CARTESIAN_POINT('',(-6.399404246658E1,3.171548464188E0,5.E-1));
#10755=LINE('',#10754,#10753);
#10756=DIRECTION('',(0.E0,0.E0,1.E0));
#10757=VECTOR('',#10756,5.E-1);
#10758=CARTESIAN_POINT('',(-6.281653249443E1,4.348614242458E0,0.E0));
#10759=LINE('',#10758,#10757);
#10760=DIRECTION('',(-1.024602624966E-11,-1.359445889193E-11,-1.E0));
#10761=VECTOR('',#10760,5.E-1);
#10762=CARTESIAN_POINT('',(-6.289640910869E1,4.155963391485E0,5.E-1));
#10763=LINE('',#10762,#10761);
#10764=DIRECTION('',(-1.886513341494E-4,-9.999999822053E-1,0.E0));
#10765=VECTOR('',#10764,1.279239182241E0);
#10766=CARTESIAN_POINT('',(-6.281629116425E1,5.627853401935E0,5.E-1));
#10767=LINE('',#10766,#10765);
#10768=DIRECTION('',(-9.180212146020E-12,1.217337342041E-11,1.E0));
#10769=VECTOR('',#10768,5.E-1);
#10770=CARTESIAN_POINT('',(-6.289609506794E1,5.820625641868E0,0.E0));
#10771=LINE('',#10770,#10769);
#10772=DIRECTION('',(0.E0,3.197442310920E-14,-1.E0));
#10773=VECTOR('',#10772,5.E-1);
#10774=CARTESIAN_POINT('',(-6.281629116425E1,5.627853401935E0,5.E-1));
#10775=LINE('',#10774,#10773);
#10776=DIRECTION('',(-7.069733719667E-1,7.072401652410E-1,0.E0));
#10777=VECTOR('',#10776,1.279171272940E0);
#10778=CARTESIAN_POINT('',(-6.289609506794E1,5.820625641874E0,5.E-1));
#10779=LINE('',#10778,#10777);
#10780=CARTESIAN_POINT('',(-6.380043509609E1,6.725306944320E0,5.E-1));
#10781=CARTESIAN_POINT('',(-6.384964611215E1,6.774448782818E0,5.E-1));
#10782=CARTESIAN_POINT('',(-6.392363122572E1,6.805170455869E0,5.E-1));
#10783=CARTESIAN_POINT('',(-6.399317721208E1,6.805183575814E0,5.E-1));
#10785=CARTESIAN_POINT('',(-6.527268740089E1,6.805424957127E0,5.E-1));
#10786=CARTESIAN_POINT('',(-6.534220528216E1,6.805438071766E0,5.E-1));
#10787=CARTESIAN_POINT('',(-6.541620253713E1,6.774768328026E0,5.E-1));
#10788=CARTESIAN_POINT('',(-6.546536837584E1,6.725621036213E0,5.E-1));
#10790=DIRECTION('',(-7.072044993891E-1,-7.070090494780E-1,0.E0));
#10791=VECTOR('',#10790,1.279235808665E0);
#10792=CARTESIAN_POINT('',(-6.546536837584E1,6.725621036213E0,5.E-1));
#10793=LINE('',#10792,#10791);
#10794=CARTESIAN_POINT('',(-6.637004969551E1,5.821189743070E0,5.E-1));
#10795=CARTESIAN_POINT('',(-6.641925935464E1,5.772086327338E0,5.E-1));
#10796=CARTESIAN_POINT('',(-6.644991319514E1,5.698056773344E0,5.E-1));
#10797=CARTESIAN_POINT('',(-6.644992630978E1,5.628538892073E0,5.E-1));
#10799=CARTESIAN_POINT('',(-6.645016762274E1,4.349390997604E0,5.E-1));
#10800=CARTESIAN_POINT('',(-6.645018074268E1,4.279845011229E0,5.E-1));
#10801=CARTESIAN_POINT('',(-6.641957473511E1,4.205760596163E0,5.E-1));
#10802=CARTESIAN_POINT('',(-6.637036371905E1,4.156618757663E0,5.E-1));
#10804=DIRECTION('',(7.069376998534E-1,-7.072758220992E-1,0.E0));
#10805=VECTOR('',#10804,1.279493945028E0);
#10806=CARTESIAN_POINT('',(-6.637036371905E1,4.156618757663E0,5.E-1));
#10807=LINE('',#10806,#10805);
#10808=CARTESIAN_POINT('',(-6.546584121257E1,3.251663625823E0,5.E-1));
#10809=CARTESIAN_POINT('',(-6.541669477235E1,3.202498639018E0,5.E-1));
#10810=CARTESIAN_POINT('',(-6.534270980337E1,3.171802892089E0,5.E-1));
#10811=CARTESIAN_POINT('',(-6.527319312665E1,3.171789777676E0,5.E-1));
#10813=CARTESIAN_POINT('',(-6.399404246658E1,3.171548464188E0,5.E-1));
#10814=CARTESIAN_POINT('',(-6.392452578986E1,3.171535349775E0,5.E-1));
#10815=CARTESIAN_POINT('',(-6.385052924457E1,3.202203179787E0,5.E-1));
#10816=CARTESIAN_POINT('',(-6.380136425777E1,3.251349620008E0,5.E-1));
#10818=DIRECTION('',(7.072401652414E-1,7.069733719662E-1,0.E0));
#10819=VECTOR('',#10818,1.279558477515E0);
#10820=CARTESIAN_POINT('',(-6.380136425777E1,3.251349620008E0,5.E-1));
#10821=LINE('',#10820,#10819);
#10822=CARTESIAN_POINT('',(-6.289640910869E1,4.155963391485E0,5.E-1));
#10823=CARTESIAN_POINT('',(-6.284724326998E1,4.205110683288E0,5.E-1));
#10824=CARTESIAN_POINT('',(-6.281654560907E1,4.279096361190E0,5.E-1));
#10825=CARTESIAN_POINT('',(-6.281653249443E1,4.348614242458E0,5.E-1));
#10827=CARTESIAN_POINT('',(-6.281629116425E1,5.627853401935E0,5.E-1));
#10828=CARTESIAN_POINT('',(-6.281627804430E1,5.697399388312E0,5.E-1));
#10829=CARTESIAN_POINT('',(-6.284692923726E1,5.771438595951E0,5.E-1));
#10830=CARTESIAN_POINT('',(-6.289609506794E1,5.820625641874E0,5.E-1));
#10832=CARTESIAN_POINT('',(-6.379172679965E1,5.829671856275E0,5.E-1));
#10833=DIRECTION('',(0.E0,0.E0,1.E0));
#10834=DIRECTION('',(-9.999999811449E-1,1.941910917089E-4,0.E0));
#10835=AXIS2_PLACEMENT_3D('',#10832,#10833,#10834);
#10837=CARTESIAN_POINT('',(-6.379219764212E1,4.147137528049E0,5.E-1));
#10838=DIRECTION('',(0.E0,0.E0,1.E0));
#10839=DIRECTION('',(3.050306013667E-4,9.999999534782E-1,0.E0));
#10840=AXIS2_PLACEMENT_3D('',#10837,#10838,#10839);
#10842=CARTESIAN_POINT('',(-6.547470939406E1,4.147415390627E0,5.E-1));
#10843=DIRECTION('',(0.E0,0.E0,1.E0));
#10844=DIRECTION('',(9.999999970570E-1,-7.671992593768E-5,0.E0));
#10845=AXIS2_PLACEMENT_3D('',#10842,#10843,#10844);
#10847=CARTESIAN_POINT('',(-6.547454545988E1,5.830028893885E0,5.E-1));
#10848=DIRECTION('',(0.E0,0.E0,1.E0));
#10849=DIRECTION('',(1.968579668330E-4,-9.999999806235E-1,0.E0));
#10850=AXIS2_PLACEMENT_3D('',#10847,#10848,#10849);
#10852=DIRECTION('',(-9.999999822053E-1,1.886513312928E-4,0.E0));
#10853=VECTOR('',#10852,5.608675879145E-1);
#10854=CARTESIAN_POINT('',(-6.435268254135E1,5.829780788885E0,5.E-1));
#10855=LINE('',#10854,#10853);
#10856=DIRECTION('',(-9.999999822053E-1,1.886513312928E-4,0.E0));
#10857=VECTOR('',#10856,5.608675879145E-1);
#10858=CARTESIAN_POINT('',(-6.435268254135E1,5.829780788885E0,0.E0));
#10859=LINE('',#10858,#10857);
#10860=CARTESIAN_POINT('',(-6.547454545988E1,5.830028893885E0,0.E0));
#10861=DIRECTION('',(0.E0,0.E0,-1.E0));
#10862=DIRECTION('',(9.999999678308E-1,-2.536501965790E-4,0.E0));
#10863=AXIS2_PLACEMENT_3D('',#10860,#10861,#10862);
#10865=DIRECTION('',(-1.886513431158E-4,-9.999999822053E-1,0.E0));
#10866=VECTOR('',#10865,5.607763229278E-1);
#10867=CARTESIAN_POINT('',(-6.547443502347E1,5.269033546110E0,0.E0));
#10868=LINE('',#10867,#10866);
#10869=CARTESIAN_POINT('',(-6.547470939406E1,4.147415390627E0,0.E0));
#10870=DIRECTION('',(0.E0,0.E0,-1.E0));
#10871=DIRECTION('',(3.005827304627E-4,9.999999548250E-1,0.E0));
#10872=AXIS2_PLACEMENT_3D('',#10869,#10870,#10871);
#10874=DIRECTION('',(9.999999822053E-1,-1.886513316844E-4,0.E0));
#10875=VECTOR('',#10874,5.608675879084E-1);
#10876=CARTESIAN_POINT('',(-6.491386752784E1,4.147372362880E0,0.E0));
#10877=LINE('',#10876,#10875);
#10878=CARTESIAN_POINT('',(-6.379219764212E1,4.147137528049E0,0.E0));
#10879=DIRECTION('',(0.E0,0.E0,-1.E0));
#10880=DIRECTION('',(-9.999999735328E-1,2.300746783544E-4,0.E0));
#10881=AXIS2_PLACEMENT_3D('',#10878,#10879,#10880);
#10883=DIRECTION('',(1.886513335747E-4,9.999999822053E-1,0.E0));
#10884=VECTOR('',#10883,5.607763229281E-1);
#10885=CARTESIAN_POINT('',(-6.379202658025E1,4.707939824596E0,0.E0));
#10886=LINE('',#10885,#10884);
#10887=CARTESIAN_POINT('',(-6.379172679965E1,5.829671856275E0,0.E0));
#10888=DIRECTION('',(0.E0,0.E0,-1.E0));
#10889=DIRECTION('',(-3.458194326688E-4,-9.999999402045E-1,0.E0));
#10890=AXIS2_PLACEMENT_3D('',#10887,#10888,#10889);
#10892=DIRECTION('',(0.E0,0.E0,1.E0));
#10893=VECTOR('',#10892,5.E-1);
#10894=CARTESIAN_POINT('',(-6.491355011928E1,5.829886597302E0,0.E0));
#10895=LINE('',#10894,#10893);
#10896=DIRECTION('',(0.E0,3.019806626980E-14,-1.E0));
#10897=VECTOR('',#10896,5.E-1);
#10898=CARTESIAN_POINT('',(-6.547443502347E1,5.269033546110E0,5.E-1));
#10899=LINE('',#10898,#10897);
#10900=DIRECTION('',(-1.886513431160E-4,-9.999999822053E-1,0.E0));
#10901=VECTOR('',#10900,5.607763229274E-1);
#10902=CARTESIAN_POINT('',(-6.547443502347E1,5.269033546110E0,5.E-1));
#10903=LINE('',#10902,#10901);
#10904=DIRECTION('',(0.E0,7.531752999057E-13,1.E0));
#10905=VECTOR('',#10904,5.E-1);
#10906=CARTESIAN_POINT('',(-6.547454081468E1,4.708257233161E0,0.E0));
#10907=LINE('',#10906,#10905);
#10908=DIRECTION('',(-2.842170943040E-14,0.E0,-1.E0));
#10909=VECTOR('',#10908,5.E-1);
#10910=CARTESIAN_POINT('',(-6.491386752784E1,4.147372362880E0,5.E-1));
#10911=LINE('',#10910,#10909);
#10912=DIRECTION('',(9.999999822053E-1,-1.886513316844E-4,0.E0));
#10913=VECTOR('',#10912,5.608675879084E-1);
#10914=CARTESIAN_POINT('',(-6.491386752784E1,4.147372362880E0,5.E-1));
#10915=LINE('',#10914,#10913);
#10916=DIRECTION('',(0.E0,0.E0,1.E0));
#10917=VECTOR('',#10916,5.E-1);
#10918=CARTESIAN_POINT('',(-6.435299994991E1,4.147266554463E0,0.E0));
#10919=LINE('',#10918,#10917);
#10920=DIRECTION('',(-1.421085471520E-14,-3.002043058586E-13,-1.E0));
#10921=VECTOR('',#10920,5.E-1);
#10922=CARTESIAN_POINT('',(-6.379202658025E1,4.707939824596E0,5.E-1));
#10923=LINE('',#10922,#10921);
#10924=DIRECTION('',(1.886513335875E-4,9.999999822053E-1,0.E0));
#10925=VECTOR('',#10924,5.607763229278E-1);
#10926=CARTESIAN_POINT('',(-6.379202658025E1,4.707939824596E0,5.E-1));
#10927=LINE('',#10926,#10925);
#10928=DIRECTION('',(0.E0,-1.474376176702E-13,1.E0));
#10929=VECTOR('',#10928,5.E-1);
#10930=CARTESIAN_POINT('',(-6.379192078905E1,5.268716137545E0,0.E0));
#10931=LINE('',#10930,#10929);
#10932=DIRECTION('',(0.E0,0.E0,-1.E0));
#10933=VECTOR('',#10932,5.E-1);
#10934=CARTESIAN_POINT('',(-6.435268254135E1,5.829780788885E0,5.E-1));
#10935=LINE('',#10934,#10933);
#10936=DIRECTION('',(0.E0,0.E0,1.E0));
#10937=VECTOR('',#10936,5.E-1);
#10938=CARTESIAN_POINT('',(-6.791846196528E1,5.897513884526E0,0.E0));
#10939=LINE('',#10938,#10937);
#10940=DIRECTION('',(9.999999822053E-1,-1.886513366767E-4,0.E0));
#10941=VECTOR('',#10940,7.268896596458E-1);
#10942=CARTESIAN_POINT('',(-6.791846196528E1,5.897513884526E0,5.E-1));
#10943=LINE('',#10942,#10941);
#10944=DIRECTION('',(-1.886513363137E-4,-9.999999822053E-1,0.E0));
#10945=VECTOR('',#10944,7.269809246314E-1);
#10946=CARTESIAN_POINT('',(-6.791832481936E1,6.624494796221E0,5.E-1));
#10947=LINE('',#10946,#10945);
#10948=DIRECTION('',(0.E0,0.E0,1.E0));
#10949=VECTOR('',#10948,5.E-1);
#10950=CARTESIAN_POINT('',(-6.809971984998E1,6.805958280584E0,0.E0));
#10951=LINE('',#10950,#10949);
#10952=DIRECTION('',(-2.842170943040E-14,7.283063041541E-14,-1.E0));
#10953=VECTOR('',#10952,5.E-1);
#10954=CARTESIAN_POINT('',(-6.791832481936E1,6.624494796221E0,5.E-1));
#10955=LINE('',#10954,#10953);
#10956=DIRECTION('',(9.999999822053E-1,-1.886513366978E-4,0.E0));
#10957=VECTOR('',#10956,1.453961849264E0);
#10958=CARTESIAN_POINT('',(-6.955368167337E1,6.806232572431E0,5.E-1));
#10959=LINE('',#10958,#10957);
#10960=DIRECTION('',(0.E0,-1.421085471520E-14,1.E0));
#10961=VECTOR('',#10960,5.E-1);
#10962=CARTESIAN_POINT('',(-6.973514239213E1,6.624837541292E0,0.E0));
#10963=LINE('',#10962,#10961);
#10964=DIRECTION('',(0.E0,0.E0,-1.E0));
#10965=VECTOR('',#10964,5.E-1);
#10966=CARTESIAN_POINT('',(-6.955368167337E1,6.806232572431E0,5.E-1));
#10967=LINE('',#10966,#10965);
#10968=DIRECTION('',(2.842170943040E-14,0.E0,1.E0));
#10969=VECTOR('',#10968,5.E-1);
#10970=CARTESIAN_POINT('',(-6.973527953805E1,5.897856629593E0,0.E0));
#10971=LINE('',#10970,#10969);
#10972=DIRECTION('',(1.886513324617E-4,9.999999822053E-1,0.E0));
#10973=VECTOR('',#10972,7.269809246353E-1);
#10974=CARTESIAN_POINT('',(-6.973527953805E1,5.897856629593E0,5.E-1));
#10975=LINE('',#10974,#10973);
#10976=DIRECTION('',(9.999999822053E-1,-1.886513388731E-4,0.E0));
#10977=VECTOR('',#10976,7.269809246367E-1);
#10978=CARTESIAN_POINT('',(-7.046226044975E1,5.897993775518E0,5.E-1));
#10979=LINE('',#10978,#10977);
#10980=DIRECTION('',(0.E0,0.E0,1.E0));
#10981=VECTOR('',#10980,5.E-1);
#10982=CARTESIAN_POINT('',(-7.064372116799E1,5.716601509976E0,0.E0));
#10983=LINE('',#10982,#10981);
#10984=DIRECTION('',(0.E0,0.E0,-1.E0));
#10985=VECTOR('',#10984,5.E-1);
#10986=CARTESIAN_POINT('',(-7.046226044975E1,5.897993775518E0,5.E-1));
#10987=LINE('',#10986,#10985);
#10988=DIRECTION('',(1.886513338618E-4,9.999999822053E-1,0.E0));
#10989=VECTOR('',#10988,1.453870584271E0);
#10990=CARTESIAN_POINT('',(-7.064399544261E1,4.262730951576E0,5.E-1));
#10991=LINE('',#10990,#10989);
#10992=DIRECTION('',(0.E0,0.E0,1.E0));
#10993=VECTOR('',#10992,5.E-1);
#10994=CARTESIAN_POINT('',(-7.046260317760E1,4.081267467733E0,0.E0));
#10995=LINE('',#10994,#10993);
#10996=DIRECTION('',(2.842170943040E-14,-3.375077994860E-14,-1.E0));
#10997=VECTOR('',#10996,5.E-1);
#10998=CARTESIAN_POINT('',(-7.064399544261E1,4.262730951576E0,5.E-1));
#10999=LINE('',#10998,#10997);
#11000=DIRECTION('',(0.E0,0.E0,1.E0));
#11001=VECTOR('',#11000,5.E-1);
#11002=CARTESIAN_POINT('',(-6.973562226589E1,4.081130321811E0,0.E0));
#11003=LINE('',#11002,#11001);
#11004=DIRECTION('',(-9.999999822053E-1,1.886513344631E-4,0.E0));
#11005=VECTOR('',#11004,7.269809246441E-1);
#11006=CARTESIAN_POINT('',(-6.973562226589E1,4.081130321811E0,5.E-1));
#11007=LINE('',#11006,#11005);
#11008=DIRECTION('',(1.886513388704E-4,9.999999822053E-1,0.E0));
#11009=VECTOR('',#11008,7.269809246471E-1);
#11010=CARTESIAN_POINT('',(-6.973575941182E1,3.354149410100E0,5.E-1));
#11011=LINE('',#11010,#11009);
#11012=DIRECTION('',(0.E0,0.E0,1.E0));
#11013=VECTOR('',#11012,5.E-1);
#11014=CARTESIAN_POINT('',(-6.955436714628E1,3.172688691876E0,0.E0));
#11015=LINE('',#11014,#11013);
#11016=DIRECTION('',(-2.842170943040E-14,3.197442310920E-14,-1.E0));
#11017=VECTOR('',#11016,5.E-1);
#11018=CARTESIAN_POINT('',(-6.973575941182E1,3.354149410100E0,5.E-1));
#11019=LINE('',#11018,#11017);
#11020=DIRECTION('',(-9.999999822053E-1,1.886513368912E-4,0.E0));
#11021=VECTOR('',#11020,1.453961849263E0);
#11022=CARTESIAN_POINT('',(-6.810040532289E1,3.172414400029E0,5.E-1));
#11023=LINE('',#11022,#11021);
#11024=DIRECTION('',(2.842170943040E-14,0.E0,1.E0));
#11025=VECTOR('',#11024,5.E-1);
#11026=CARTESIAN_POINT('',(-6.791894183905E1,3.353806665037E0,0.E0));
#11027=LINE('',#11026,#11025);
#11028=DIRECTION('',(0.E0,0.E0,-1.E0));
#11029=VECTOR('',#11028,5.E-1);
#11030=CARTESIAN_POINT('',(-6.810040532289E1,3.172414400029E0,5.E-1));
#11031=LINE('',#11030,#11029);
#11032=DIRECTION('',(0.E0,0.E0,1.E0));
#11033=VECTOR('',#11032,5.E-1);
#11034=CARTESIAN_POINT('',(-6.791880469313E1,4.080787576740E0,0.E0));
#11035=LINE('',#11034,#11033);
#11036=DIRECTION('',(-1.886513327344E-4,-9.999999822053E-1,0.E0));
#11037=VECTOR('',#11036,7.269809246394E-1);
#11038=CARTESIAN_POINT('',(-6.791880469313E1,4.080787576740E0,5.E-1));
#11039=LINE('',#11038,#11037);
#11040=DIRECTION('',(-9.999999822053E-1,1.886513364398E-4,0.E0));
#11041=VECTOR('',#11040,7.268896596547E-1);
#11042=CARTESIAN_POINT('',(-6.719191504641E1,4.080650448034E0,5.E-1));
#11043=LINE('',#11042,#11041);
#11044=DIRECTION('',(0.E0,0.E0,1.E0));
#11045=VECTOR('',#11044,5.E-1);
#11046=CARTESIAN_POINT('',(-6.701045432766E1,4.262045479174E0,0.E0));
#11047=LINE('',#11046,#11045);
#11048=DIRECTION('',(0.E0,0.E0,-1.E0));
#11049=VECTOR('',#11048,5.E-1);
#11050=CARTESIAN_POINT('',(-6.719191504641E1,4.080650448034E0,5.E-1));
#11051=LINE('',#11050,#11049);
#11052=DIRECTION('',(-1.886513341134E-4,-9.999999822053E-1,0.E0));
#11053=VECTOR('',#11052,1.453870584290E0);
#11054=CARTESIAN_POINT('',(-6.701018005303E1,5.715916037593E0,5.E-1));
#11055=LINE('',#11054,#11053);
#11056=DIRECTION('',(0.E0,0.E0,1.E0));
#11057=VECTOR('',#11056,5.E-1);
#11058=CARTESIAN_POINT('',(-6.719157231857E1,5.897376755820E0,0.E0));
#11059=LINE('',#11058,#11057);
#11060=DIRECTION('',(0.E0,0.E0,-1.E0));
#11061=VECTOR('',#11060,5.E-1);
#11062=CARTESIAN_POINT('',(-6.701018005303E1,5.715916037593E0,5.E-1));
#11063=LINE('',#11062,#11061);
#11064=CARTESIAN_POINT('',(-6.791832481936E1,6.624494796221E0,5.E-1));
#11065=CARTESIAN_POINT('',(-6.791830868465E1,6.710021368406E0,5.E-1));
#11066=CARTESIAN_POINT('',(-6.801419327779E1,6.805942145887E0,5.E-1));
#11067=CARTESIAN_POINT('',(-6.809971984998E1,6.805958280584E0,5.E-1));
#11069=CARTESIAN_POINT('',(-6.955368167337E1,6.806232572431E0,5.E-1));
#11070=CARTESIAN_POINT('',(-6.963920759370E1,6.806248707014E0,5.E-1));
#11071=CARTESIAN_POINT('',(-6.973512625755E1,6.710363461620E0,5.E-1));
#11072=CARTESIAN_POINT('',(-6.973514239213E1,6.624837541292E0,5.E-1));
#11074=CARTESIAN_POINT('',(-7.046226044975E1,5.897993775518E0,5.E-1));
#11075=CARTESIAN_POINT('',(-7.054778571822E1,5.898009909973E0,5.E-1));
#11076=CARTESIAN_POINT('',(-7.064370503354E1,5.802126778442E0,5.E-1));
#11077=CARTESIAN_POINT('',(-7.064372116799E1,5.716601509976E0,5.E-1));
#11079=CARTESIAN_POINT('',(-7.064399544261E1,4.262730951576E0,5.E-1));
#11080=CARTESIAN_POINT('',(-7.064401157719E1,4.177205031251E0,5.E-1));
#11081=CARTESIAN_POINT('',(-7.054812909793E1,4.081283602313E0,5.E-1));
#11082=CARTESIAN_POINT('',(-7.046260317760E1,4.081267467733E0,5.E-1));
#11084=CARTESIAN_POINT('',(-6.973575941182E1,3.354149410100E0,5.E-1));
#11085=CARTESIAN_POINT('',(-6.973577554627E1,3.268624141635E0,5.E-1));
#11086=CARTESIAN_POINT('',(-6.963989241474E1,3.172704826329E0,5.E-1));
#11087=CARTESIAN_POINT('',(-6.955436714628E1,3.172688691876E0,5.E-1));
#11089=CARTESIAN_POINT('',(-6.810040532289E1,3.172414400029E0,5.E-1));
#11090=CARTESIAN_POINT('',(-6.801487940256E1,3.172398265450E0,5.E-1));
#11091=CARTESIAN_POINT('',(-6.791895797363E1,3.268280744711E0,5.E-1));
#11092=CARTESIAN_POINT('',(-6.791894183905E1,3.353806665037E0,5.E-1));
#11094=CARTESIAN_POINT('',(-6.719191504641E1,4.080650448034E0,5.E-1));
#11095=CARTESIAN_POINT('',(-6.710638912608E1,4.080634313457E0,5.E-1));
#11096=CARTESIAN_POINT('',(-6.701047046223E1,4.176519558847E0,5.E-1));
#11097=CARTESIAN_POINT('',(-6.701045432766E1,4.262045479174E0,5.E-1));
#11099=CARTESIAN_POINT('',(-6.701018005303E1,5.715916037593E0,5.E-1));
#11100=CARTESIAN_POINT('',(-6.701016391858E1,5.801441306060E0,5.E-1));
#11101=CARTESIAN_POINT('',(-6.710604705010E1,5.897360621368E0,5.E-1));
#11102=CARTESIAN_POINT('',(-6.719157231857E1,5.897376755820E0,5.E-1));
#11104=DIRECTION('',(9.999999822061E-1,-1.886474596357E-4,0.E0));
#11105=VECTOR('',#11104,8.924609376614E-1);
#11106=CARTESIAN_POINT('',(-7.227661374930E1,6.807877386477E0,5.E-1));
#11107=LINE('',#11106,#11105);
#11108=DIRECTION('',(1.611510924704E-11,1.217870249093E-11,1.E0));
#11109=VECTOR('',#11108,5.E-1);
#11110=CARTESIAN_POINT('',(-7.246947450584E1,6.727982234470E0,0.E0));
#11111=LINE('',#11110,#11109);
#11112=DIRECTION('',(0.E0,0.E0,-1.E0));
#11113=VECTOR('',#11112,5.E-1);
#11114=CARTESIAN_POINT('',(-7.227661374930E1,6.807877386477E0,5.E-1));
#11115=LINE('',#11114,#11113);
#11116=DIRECTION('',(5.684341886081E-14,-1.421085471520E-13,1.E0));
#11117=VECTOR('',#11116,5.E-1);
#11118=CARTESIAN_POINT('',(-7.315639810343E1,6.260494917908E0,0.E0));
#11119=LINE('',#11118,#11117);
#11120=DIRECTION('',(-8.554934538552E-12,-4.611422355083E-12,-1.E0));
#11121=VECTOR('',#11120,5.E-1);
#11122=CARTESIAN_POINT('',(-7.300126251676E1,6.196215100166E0,5.E-1));
#11123=LINE('',#11122,#11121);
#11124=DIRECTION('',(-1.886513383093E-4,-9.999999822053E-1,0.E0));
#11125=VECTOR('',#11124,3.657568762061E-1);
#11126=CARTESIAN_POINT('',(-7.315632910291E1,6.626251787606E0,5.E-1));
#11127=LINE('',#11126,#11125);
#11128=DIRECTION('',(0.E0,0.E0,1.E0));
#11129=VECTOR('',#11128,5.E-1);
#11130=CARTESIAN_POINT('',(-7.333817485889E1,6.808077651374E0,0.E0));
#11131=LINE('',#11130,#11129);
#11132=DIRECTION('',(2.842170943040E-14,-4.085620730621E-14,-1.E0));
#11133=VECTOR('',#11132,5.E-1);
#11134=CARTESIAN_POINT('',(-7.315632910291E1,6.626251787606E0,5.E-1));
#11135=LINE('',#11134,#11133);
#11136=DIRECTION('',(9.999999822053E-1,-1.886513093990E-4,0.E0));
#11137=VECTOR('',#11136,8.923696726790E-1);
#11138=CARTESIAN_POINT('',(-7.423054451569E1,6.808245998081E0,5.E-1));
#11139=LINE('',#11138,#11137);
#11140=DIRECTION('',(-1.341504685115E-11,-1.014299755298E-11,1.E0));
#11141=VECTOR('',#11140,5.E-1);
#11142=CARTESIAN_POINT('',(-7.442331399E1,6.728442093859E0,0.E0));
#11143=LINE('',#11142,#11141);
#11144=DIRECTION('',(2.842170943040E-14,0.E0,-1.E0));
#11145=VECTOR('',#11144,5.E-1);
#11146=CARTESIAN_POINT('',(-7.423054451569E1,6.808245998081E0,5.E-1));
#11147=LINE('',#11146,#11145);
#11148=DIRECTION('',(0.E0,0.E0,1.E0));
#11149=VECTOR('',#11148,5.E-1);
#11150=CARTESIAN_POINT('',(-7.483529741634E1,6.203629981363E0,0.E0));
#11151=LINE('',#11150,#11149);
#11152=DIRECTION('',(-1.023181539495E-11,-1.352518097519E-11,-1.E0));
#11153=VECTOR('',#11152,5.E-1);
#11154=CARTESIAN_POINT('',(-7.475532950316E1,6.396460579571E0,5.E-1));
#11155=LINE('',#11154,#11153);
#11156=DIRECTION('',(1.886513336407E-4,9.999999822053E-1,0.E0));
#11157=VECTOR('',#11156,2.849381354843E0);
#11158=CARTESIAN_POINT('',(-7.483583495593E1,3.354248677224E0,5.E-1));
#11159=LINE('',#11158,#11157);
#11160=DIRECTION('',(0.E0,0.E0,1.E0));
#11161=VECTOR('',#11160,5.E-1);
#11162=CARTESIAN_POINT('',(-7.465407769881E1,3.172425595789E0,0.E0));
#11163=LINE('',#11162,#11161);
#11164=DIRECTION('',(0.E0,4.085620730621E-14,-1.E0));
#11165=VECTOR('',#11164,5.E-1);
#11166=CARTESIAN_POINT('',(-7.483583495593E1,3.354248677224E0,5.E-1));
#11167=LINE('',#11166,#11165);
#11168=DIRECTION('',(-9.999999822053E-1,1.886513377312E-4,0.E0));
#11169=VECTOR('',#11168,8.924581720611E-1);
#11170=CARTESIAN_POINT('',(-7.376161954263E1,3.172257232361E0,5.E-1));
#11171=LINE('',#11170,#11169);
#11172=DIRECTION('',(4.746425474877E-12,3.569589068775E-12,1.E0));
#11173=VECTOR('',#11172,5.E-1);
#11174=CARTESIAN_POINT('',(-7.356893856819E1,3.252058387665E0,0.E0));
#11175=LINE('',#11174,#11173);
#11176=DIRECTION('',(0.E0,0.E0,-1.E0));
#11177=VECTOR('',#11176,5.E-1);
#11178=CARTESIAN_POINT('',(-7.376161954263E1,3.172257232361E0,5.E-1));
#11179=LINE('',#11178,#11177);
#11180=DIRECTION('',(0.E0,0.E0,1.E0));
#11181=VECTOR('',#11180,5.E-1);
#11182=CARTESIAN_POINT('',(-7.288174394125E1,3.719545652995E0,0.E0));
#11183=LINE('',#11182,#11181);
#11184=DIRECTION('',(-1.790567694115E-12,-6.510347816402E-13,-1.E0));
#11185=VECTOR('',#11184,5.E-1);
#11186=CARTESIAN_POINT('',(-7.303687952740E1,3.783828236334E0,5.E-1));
#11187=LINE('',#11186,#11185);
#11188=DIRECTION('',(1.886513325909E-4,9.999999822053E-1,0.E0));
#11189=VECTOR('',#11188,3.656656111623E-1);
#11190=CARTESIAN_POINT('',(-7.288181292456E1,3.353880048339E0,5.E-1));
#11191=LINE('',#11190,#11189);
#11192=DIRECTION('',(0.E0,0.E0,1.E0));
#11193=VECTOR('',#11192,5.E-1);
#11194=CARTESIAN_POINT('',(-7.270014693242E1,3.172056984132E0,0.E0));
#11195=LINE('',#11194,#11193);
#11196=DIRECTION('',(0.E0,3.108624468950E-14,-1.E0));
#11197=VECTOR('',#11196,5.E-1);
#11198=CARTESIAN_POINT('',(-7.288181292456E1,3.353880048339E0,5.E-1));
#11199=LINE('',#11198,#11197);
#11200=DIRECTION('',(-9.999999822053E-1,1.886513362986E-4,0.E0));
#11201=VECTOR('',#11200,8.923669070786E-1);
#11202=CARTESIAN_POINT('',(-7.180778004122E1,3.171888637923E0,5.E-1));
#11203=LINE('',#11202,#11201);
#11204=DIRECTION('',(-1.131184035330E-11,-8.562039965909E-12,1.E0));
#11205=VECTOR('',#11204,5.E-1);
#11206=CARTESIAN_POINT('',(-7.161491651960E1,3.251781023779E0,0.E0));
#11207=LINE('',#11206,#11205);
#11208=DIRECTION('',(2.842170943040E-14,0.E0,-1.E0));
#11209=VECTOR('',#11208,5.E-1);
#11210=CARTESIAN_POINT('',(-7.180778004122E1,3.171888637923E0,5.E-1));
#11211=LINE('',#11210,#11209);
#11212=DIRECTION('',(0.E0,-2.309263891220E-14,1.E0));
#11213=VECTOR('',#11212,5.E-1);
#11214=CARTESIAN_POINT('',(-7.120302714058E1,3.776504654485E0,0.E0));
#11215=LINE('',#11214,#11213);
#11216=DIRECTION('',(-8.583356247982E-12,-1.135624927429E-11,-1.E0));
#11217=VECTOR('',#11216,5.E-1);
#11218=CARTESIAN_POINT('',(-7.128290100646E1,3.583762537988E0,5.E-1));
#11219=LINE('',#11218,#11217);
#11220=DIRECTION('',(-1.886513330628E-4,-9.999999822053E-1,0.E0));
#11221=VECTOR('',#11220,2.849378592909E0);
#11222=CARTESIAN_POINT('',(-7.120248960151E1,6.625883196690E0,5.E-1));
#11223=LINE('',#11222,#11221);
#11224=DIRECTION('',(0.E0,0.E0,1.E0));
#11225=VECTOR('',#11224,5.E-1);
#11226=CARTESIAN_POINT('',(-7.138415282752E1,6.807709025988E0,0.E0));
#11227=LINE('',#11226,#11225);
#11228=DIRECTION('',(2.842170943040E-14,-7.460698725481E-14,-1.E0));
#11229=VECTOR('',#11228,5.E-1);
#11230=CARTESIAN_POINT('',(-7.120248960151E1,6.625883196690E0,5.E-1));
#11231=LINE('',#11230,#11229);
#11232=CARTESIAN_POINT('',(-7.227661374930E1,6.807877386477E0,5.E-1));
#11233=CARTESIAN_POINT('',(-7.234619863365E1,6.807890513756E0,5.E-1));
#11234=CARTESIAN_POINT('',(-7.242030518166E1,6.777220774906E0,5.E-1));
#11235=CARTESIAN_POINT('',(-7.246947450583E1,6.727982234476E0,5.E-1));
#11237=DIRECTION('',(-7.071206609104E-1,-7.070929011903E-1,0.E0));
#11238=VECTOR('',#11237,7.520470555073E-1);
#11239=CARTESIAN_POINT('',(-7.246947450583E1,6.727982234476E0,5.E-1));
#11240=LINE('',#11239,#11238);
#11241=CARTESIAN_POINT('',(-7.306552320877E1,6.260470921057E0,5.E-1));
#11242=DIRECTION('',(0.E0,0.E0,-1.E0));
#11243=DIRECTION('',(7.071335819579E-1,-7.070799793994E-1,0.E0));
#11244=AXIS2_PLACEMENT_3D('',#11241,#11242,#11243);
#11246=CARTESIAN_POINT('',(-7.315632910291E1,6.626251787606E0,5.E-1));
#11247=CARTESIAN_POINT('',(-7.315631293204E1,6.711970009024E0,5.E-1));
#11248=CARTESIAN_POINT('',(-7.325245663747E1,6.808061480509E0,5.E-1));
#11249=CARTESIAN_POINT('',(-7.333817485889E1,6.808077651374E0,5.E-1));
#11251=CARTESIAN_POINT('',(-7.423054451569E1,6.808245998081E0,5.E-1));
#11252=CARTESIAN_POINT('',(-7.430008965037E1,6.808259117857E0,5.E-1));
#11253=CARTESIAN_POINT('',(-7.437412887660E1,6.777608653095E0,5.E-1));
#11254=CARTESIAN_POINT('',(-7.442331399001E1,6.728442093854E0,5.E-1));
#11256=DIRECTION('',(-7.071429864866E-1,-7.070705740326E-1,0.E0));
#11257=VECTOR('',#11256,4.695168013990E-1);
#11258=CARTESIAN_POINT('',(-7.442331399001E1,6.728442093854E0,5.E-1));
#11259=LINE('',#11258,#11257);
#11260=CARTESIAN_POINT('',(-7.475532950316E1,6.396460579571E0,5.E-1));
#11261=CARTESIAN_POINT('',(-7.480458659180E1,6.347309836720E0,5.E-1));
#11262=CARTESIAN_POINT('',(-7.483528428906E1,6.273214865728E0,5.E-1));
#11263=CARTESIAN_POINT('',(-7.483529741634E1,6.203629981363E0,5.E-1));
#11265=CARTESIAN_POINT('',(-7.483583495593E1,3.354248677224E0,5.E-1));
#11266=CARTESIAN_POINT('',(-7.483585112273E1,3.268551969714E0,5.E-1));
#11267=CARTESIAN_POINT('',(-7.473977440632E1,3.172441762592E0,5.E-1));
#11268=CARTESIAN_POINT('',(-7.465407769881E1,3.172425595789E0,5.E-1));
#11270=CARTESIAN_POINT('',(-7.376161954263E1,3.172257232361E0,5.E-1));
#11271=CARTESIAN_POINT('',(-7.369210201426E1,3.172244117785E0,5.E-1));
#11272=CARTESIAN_POINT('',(-7.361810415731E1,3.202911345351E0,5.E-1));
#11273=CARTESIAN_POINT('',(-7.356893856819E1,3.252058387667E0,5.E-1));
#11275=DIRECTION('',(7.072989755459E-1,7.069145345739E-1,0.E0));
#11276=VECTOR('',#11275,7.522406495544E-1);
#11277=CARTESIAN_POINT('',(-7.356893856819E1,3.252058387667E0,5.E-1));
#11278=LINE('',#11277,#11276);
#11279=CARTESIAN_POINT('',(-7.297261542515E1,3.719580645155E0,5.E-1));
#11280=DIRECTION('',(0.E0,0.E0,-1.E0));
#11281=DIRECTION('',(-7.071976237321E-1,7.070159269689E-1,0.E0));
#11282=AXIS2_PLACEMENT_3D('',#11279,#11280,#11281);
#11284=CARTESIAN_POINT('',(-7.288181292456E1,3.353880048339E0,5.E-1));
#11285=CARTESIAN_POINT('',(-7.288182908730E1,3.268204849655E0,5.E-1));
#11286=CARTESIAN_POINT('',(-7.278582213111E1,3.172073146875E0,5.E-1));
#11287=CARTESIAN_POINT('',(-7.270014693242E1,3.172056984132E0,5.E-1));
#11289=CARTESIAN_POINT('',(-7.180778004122E1,3.171888637923E0,5.E-1));
#11290=CARTESIAN_POINT('',(-7.173819465823E1,3.171875510547E0,5.E-1));
#11291=CARTESIAN_POINT('',(-7.166413142916E1,3.202587341492E0,5.E-1));
#11292=CARTESIAN_POINT('',(-7.161491651961E1,3.251781023775E0,5.E-1));
#11294=DIRECTION('',(7.071429865666E-1,7.070705739526E-1,0.E0));
#11295=VECTOR('',#11294,4.695168013537E-1);
#11296=CARTESIAN_POINT('',(-7.161491651961E1,3.251781023775E0,5.E-1));
#11297=LINE('',#11296,#11295);
#11298=CARTESIAN_POINT('',(-7.128290100646E1,3.583762537988E0,5.E-1));
#11299=CARTESIAN_POINT('',(-7.123371554018E1,3.632929449956E0,5.E-1));
#11300=CARTESIAN_POINT('',(-7.120304026046E1,3.706959020887E0,5.E-1));
#11301=CARTESIAN_POINT('',(-7.120302714058E1,3.776504654485E0,5.E-1));
#11303=CARTESIAN_POINT('',(-7.120248960151E1,6.625883196690E0,5.E-1));
#11304=CARTESIAN_POINT('',(-7.120247343877E1,6.711558395701E0,5.E-1));
#11305=CARTESIAN_POINT('',(-7.129847762851E1,6.807692863243E0,5.E-1));
#11306=CARTESIAN_POINT('',(-7.138415282752E1,6.807709025988E0,5.E-1));
#11308=CARTESIAN_POINT('',(-7.204220455177E1,4.707409540213E0,5.E-1));
#11309=DIRECTION('',(0.E0,0.E0,-1.E0));
#11310=DIRECTION('',(-9.999999595702E-1,2.843581766664E-4,0.E0));
#11311=AXIS2_PLACEMENT_3D('',#11308,#11309,#11310);
#11313=CARTESIAN_POINT('',(-7.204233586739E1,4.011333771131E0,5.E-1));
#11314=DIRECTION('',(0.E0,0.E0,-1.E0));
#11315=DIRECTION('',(9.999999974623E-1,7.124235741100E-5,0.E0));
#11316=AXIS2_PLACEMENT_3D('',#11313,#11314,#11315);
#11318=CARTESIAN_POINT('',(-7.399593937276E1,5.968839592147E0,5.E-1));
#11319=DIRECTION('',(0.E0,0.E0,-1.E0));
#11320=DIRECTION('',(-9.999999994640E-1,-3.274032160147E-5,0.E0));
#11321=AXIS2_PLACEMENT_3D('',#11318,#11319,#11320);
#11323=CARTESIAN_POINT('',(-7.399607063278E1,5.272777097463E0,5.E-1));
#11324=DIRECTION('',(0.E0,0.E0,-1.E0));
#11325=DIRECTION('',(9.999999848405E-1,-1.741236930670E-4,0.E0));
#11326=AXIS2_PLACEMENT_3D('',#11323,#11324,#11325);
#11328=DIRECTION('',(-1.412274741557E-9,-7.497925117905E-6,9.999999999719E-1));
#11329=VECTOR('',#11328,5.000000000141E-1);
#11330=CARTESIAN_POINT('',(-7.232458570598E1,4.707504775044E0,0.E0));
#11331=LINE('',#11330,#11329);
#11332=DIRECTION('',(-1.877870603136E-4,-9.999999823680E-1,0.E0));
#11333=VECTOR('',#11332,6.960975686648E-1);
#11334=CARTESIAN_POINT('',(-7.232458570669E1,4.707501026081E0,5.E-1));
#11335=LINE('',#11334,#11333);
#11336=DIRECTION('',(1.540524858060E-8,8.192744791063E-5,-9.999999966439E-1));
#11337=VECTOR('',#11336,5.000000016780E-1);
#11338=CARTESIAN_POINT('',(-7.232471642480E1,4.011403469690E0,5.E-1));
#11339=LINE('',#11338,#11337);
#11340=DIRECTION('',(-1.877870487684E-4,-9.999999823680E-1,0.E0));
#11341=VECTOR('',#11340,6.960603539026E-1);
#11342=CARTESIAN_POINT('',(-7.232458570598E1,4.707504775044E0,0.E0));
#11343=LINE('',#11342,#11341);
#11344=CARTESIAN_POINT('',(-7.204233586739E1,4.011333771131E0,0.E0));
#11345=DIRECTION('',(0.E0,0.E0,1.E0));
#11346=DIRECTION('',(-9.999998994038E-1,4.485446958303E-4,0.E0));
#11347=AXIS2_PLACEMENT_3D('',#11344,#11345,#11346);
#11349=DIRECTION('',(1.895154105669E-4,9.999999820420E-1,0.E0));
#11350=VECTOR('',#11349,6.960983201733E-1);
#11351=CARTESIAN_POINT('',(-7.175995530383E1,4.011294934930E0,0.E0));
#11352=LINE('',#11351,#11350);
#11353=CARTESIAN_POINT('',(-7.204220455177E1,4.707409540213E0,0.E0));
#11354=DIRECTION('',(0.E0,0.E0,1.E0));
#11355=DIRECTION('',(9.999999956806E-1,-9.294540293422E-5,0.E0));
#11356=AXIS2_PLACEMENT_3D('',#11353,#11354,#11355);
#11358=DIRECTION('',(1.551293843727E-8,8.192762077857E-5,9.999999966439E-1));
#11359=VECTOR('',#11358,5.000000016780E-1);
#11360=CARTESIAN_POINT('',(-7.175995530383E1,4.011294934930E0,0.E0));
#11361=LINE('',#11360,#11359);
#11362=DIRECTION('',(1.895154232948E-4,9.999999820420E-1,0.E0));
#11363=VECTOR('',#11362,6.960573969580E-1);
#11364=CARTESIAN_POINT('',(-7.175995529607E1,4.011335898740E0,5.E-1));
#11365=LINE('',#11364,#11363);
#11366=DIRECTION('',(-1.949729266926E-11,-8.119199890189E-8,-1.E0));
#11367=VECTOR('',#11366,5.E-1);
#11368=CARTESIAN_POINT('',(-7.175982338246E1,4.707393283199E0,5.E-1));
#11369=LINE('',#11368,#11367);
#11370=DIRECTION('',(-5.432980285622E-9,-2.882243380544E-5,9.999999995846E-1));
#11371=VECTOR('',#11370,5.000000002077E-1);
#11372=CARTESIAN_POINT('',(-7.427836702002E1,5.968887746256E0,0.E0));
#11373=LINE('',#11372,#11371);
#11374=DIRECTION('',(-1.885914987015E-4,-9.999999822166E-1,0.E0));
#11375=VECTOR('',#11374,6.960280922954E-1);
#11376=CARTESIAN_POINT('',(-7.427836702274E1,5.968873335040E0,5.E-1));
#11377=LINE('',#11376,#11375);
#11378=DIRECTION('',(4.652150663280E-9,2.468255984981E-5,-9.999999996954E-1));
#11379=VECTOR('',#11378,5.000000001523E-1);
#11380=CARTESIAN_POINT('',(-7.427849828772E1,5.272845255122E0,5.E-1));
#11381=LINE('',#11380,#11379);
#11382=DIRECTION('',(-1.885914986806E-4,-9.999999822166E-1,0.E0));
#11383=VECTOR('',#11382,6.960301622324E-1);
#11384=CARTESIAN_POINT('',(-7.427836702002E1,5.968887746256E0,0.E0));
#11385=LINE('',#11384,#11383);
#11386=CARTESIAN_POINT('',(-7.399607063278E1,5.272777097463E0,0.E0));
#11387=DIRECTION('',(0.E0,0.E0,1.E0));
#11388=DIRECTION('',(-9.999999111876E-1,4.214555470838E-4,0.E0));
#11389=AXIS2_PLACEMENT_3D('',#11386,#11387,#11388);
#11391=DIRECTION('',(1.886433642068E-4,9.999999822068E-1,0.E0));
#11392=VECTOR('',#11391,6.960812533817E-1);
#11393=CARTESIAN_POINT('',(-7.371364712226E1,5.272709357951E0,0.E0));
#11394=LINE('',#11393,#11392);
#11395=CARTESIAN_POINT('',(-7.399593937276E1,5.968839592147E0,0.E0));
#11396=DIRECTION('',(0.E0,0.E0,1.E0));
#11397=DIRECTION('',(9.999999813666E-1,-1.930461264151E-4,0.E0));
#11398=AXIS2_PLACEMENT_3D('',#11395,#11396,#11397);
#11400=DIRECTION('',(4.624354231484E-9,2.452098891910E-5,9.999999996994E-1));
#11401=VECTOR('',#11400,5.000000001503E-1);
#11402=CARTESIAN_POINT('',(-7.371364712226E1,5.272709357951E0,0.E0));
#11403=LINE('',#11402,#11401);
#11404=DIRECTION('',(1.886433641891E-4,9.999999822068E-1,0.E0));
#11405=VECTOR('',#11404,6.960793171171E-1);
#11406=CARTESIAN_POINT('',(-7.371364711995E1,5.272721618445E0,5.E-1));
#11407=LINE('',#11406,#11405);
#11408=DIRECTION('',(-3.893831034554E-9,-2.064845986020E-5,-9.999999997868E-1));
#11409=VECTOR('',#11408,5.000000001066E-1);
#11410=CARTESIAN_POINT('',(-7.371351580921E1,5.968800923177E0,5.E-1));
#11411=LINE('',#11410,#11409);
#11412=CARTESIAN_POINT('',(-7.908952129852E1,6.802788784963E-14,0.E0));
#11413=CARTESIAN_POINT('',(-5.037549127285E-1,0.E0,0.E0));
#11414=VERTEX_POINT('',#11412);
#11415=VERTEX_POINT('',#11413);
#11416=CARTESIAN_POINT('',(-6.380043509610E1,6.725306944324E0,0.E0));
#11417=CARTESIAN_POINT('',(-6.289609506794E1,5.820625641868E0,0.E0));
#11418=VERTEX_POINT('',#11416);
#11419=VERTEX_POINT('',#11417);
#11420=VERTEX_POINT('',#10272);
#11421=CARTESIAN_POINT('',(-6.281653249443E1,4.348614242458E0,0.E0));
#11422=VERTEX_POINT('',#11421);
#11423=VERTEX_POINT('',#10281);
#11424=CARTESIAN_POINT('',(-6.380136425776E1,3.251349620013E0,0.E0));
#11425=VERTEX_POINT('',#11424);
#11426=VERTEX_POINT('',#10290);
#11427=CARTESIAN_POINT('',(-6.527319312665E1,3.171789777676E0,0.E0));
#11428=VERTEX_POINT('',#11427);
#11429=VERTEX_POINT('',#10299);
#11430=CARTESIAN_POINT('',(-6.637036371905E1,4.156618757668E0,0.E0));
#11431=VERTEX_POINT('',#11430);
#11432=VERTEX_POINT('',#10308);
#11433=CARTESIAN_POINT('',(-6.644992630978E1,5.628538892073E0,0.E0));
#11434=VERTEX_POINT('',#11433);
#11435=VERTEX_POINT('',#10317);
#11436=CARTESIAN_POINT('',(-6.546536837583E1,6.725621036216E0,0.E0));
#11437=VERTEX_POINT('',#11436);
#11438=VERTEX_POINT('',#10326);
#11439=CARTESIAN_POINT('',(-6.399317721208E1,6.805183575814E0,0.E0));
#11440=VERTEX_POINT('',#11439);
#11441=CARTESIAN_POINT('',(-6.791846196528E1,5.897513884526E0,0.E0));
#11442=CARTESIAN_POINT('',(-6.719157231857E1,5.897376755820E0,0.E0));
#11443=VERTEX_POINT('',#11441);
#11444=VERTEX_POINT('',#11442);
#11445=VERTEX_POINT('',#10344);
#11446=CARTESIAN_POINT('',(-6.701045432766E1,4.262045479174E0,0.E0));
#11447=VERTEX_POINT('',#11446);
#11448=VERTEX_POINT('',#10353);
#11449=CARTESIAN_POINT('',(-6.791880469313E1,4.080787576740E0,0.E0));
#11450=VERTEX_POINT('',#11449);
#11451=CARTESIAN_POINT('',(-6.791894183905E1,3.353806665037E0,0.E0));
#11452=VERTEX_POINT('',#11451);
#11453=VERTEX_POINT('',#10366);
#11454=CARTESIAN_POINT('',(-6.955436714628E1,3.172688691876E0,0.E0));
#11455=VERTEX_POINT('',#11454);
#11456=VERTEX_POINT('',#10375);
#11457=CARTESIAN_POINT('',(-6.973562226589E1,4.081130321811E0,0.E0));
#11458=VERTEX_POINT('',#11457);
#11459=CARTESIAN_POINT('',(-7.046260317760E1,4.081267467733E0,0.E0));
#11460=VERTEX_POINT('',#11459);
#11461=VERTEX_POINT('',#10388);
#11462=CARTESIAN_POINT('',(-7.064372116799E1,5.716601509976E0,0.E0));
#11463=VERTEX_POINT('',#11462);
#11464=VERTEX_POINT('',#10397);
#11465=CARTESIAN_POINT('',(-6.973527953805E1,5.897856629593E0,0.E0));
#11466=VERTEX_POINT('',#11465);
#11467=CARTESIAN_POINT('',(-6.973514239213E1,6.624837541292E0,0.E0));
#11468=VERTEX_POINT('',#11467);
#11469=VERTEX_POINT('',#10410);
#11470=CARTESIAN_POINT('',(-6.809971984998E1,6.805958280584E0,0.E0));
#11471=VERTEX_POINT('',#11470);
#11472=VERTEX_POINT('',#10419);
#11473=CARTESIAN_POINT('',(-7.227661374930E1,6.807877386477E0,0.E0));
#11474=CARTESIAN_POINT('',(-7.138415282752E1,6.807709025988E0,0.E0));
#11475=VERTEX_POINT('',#11473);
#11476=VERTEX_POINT('',#11474);
#11477=VERTEX_POINT('',#10432);
#11478=CARTESIAN_POINT('',(-7.120302714058E1,3.776504654485E0,0.E0));
#11479=VERTEX_POINT('',#11478);
#11480=VERTEX_POINT('',#10441);
#11481=CARTESIAN_POINT('',(-7.161491651960E1,3.251781023779E0,0.E0));
#11482=VERTEX_POINT('',#11481);
#11483=VERTEX_POINT('',#10450);
#11484=CARTESIAN_POINT('',(-7.270014693242E1,3.172056984132E0,0.E0));
#11485=VERTEX_POINT('',#11484);
#11486=VERTEX_POINT('',#10459);
#11487=CARTESIAN_POINT('',(-7.288174394125E1,3.719545652995E0,0.E0));
#11488=VERTEX_POINT('',#11487);
#11489=CARTESIAN_POINT('',(-7.303687952739E1,3.783828236340E0,0.E0));
#11490=VERTEX_POINT('',#11489);
#11491=CARTESIAN_POINT('',(-7.356893856819E1,3.252058387665E0,0.E0));
#11492=VERTEX_POINT('',#11491);
#11493=VERTEX_POINT('',#10477);
#11494=CARTESIAN_POINT('',(-7.465407769881E1,3.172425595789E0,0.E0));
#11495=VERTEX_POINT('',#11494);
#11496=VERTEX_POINT('',#10486);
#11497=CARTESIAN_POINT('',(-7.483529741634E1,6.203629981363E0,0.E0));
#11498=VERTEX_POINT('',#11497);
#11499=VERTEX_POINT('',#10495);
#11500=CARTESIAN_POINT('',(-7.442331399E1,6.728442093859E0,0.E0));
#11501=VERTEX_POINT('',#11500);
#11502=VERTEX_POINT('',#10504);
#11503=CARTESIAN_POINT('',(-7.333817485889E1,6.808077651374E0,0.E0));
#11504=VERTEX_POINT('',#11503);
#11505=VERTEX_POINT('',#10513);
#11506=CARTESIAN_POINT('',(-7.315639810343E1,6.260494917908E0,0.E0));
#11507=VERTEX_POINT('',#11506);
#11508=CARTESIAN_POINT('',(-7.300126251676E1,6.196215100159E0,0.E0));
#11509=VERTEX_POINT('',#11508);
#11510=CARTESIAN_POINT('',(-7.246947450584E1,6.727982234470E0,0.E0));
#11511=VERTEX_POINT('',#11510);
#11512=VERTEX_POINT('',#10533);
#11513=VERTEX_POINT('',#10666);
#11514=CARTESIAN_POINT('',(-6.380043509609E1,6.725306944320E0,5.E-1));
#11515=VERTEX_POINT('',#11514);
#11516=CARTESIAN_POINT('',(-6.289609506794E1,5.820625641874E0,5.E-1));
#11517=VERTEX_POINT('',#11516);
#11518=CARTESIAN_POINT('',(-6.399317721208E1,6.805183575814E0,5.E-1));
#11519=VERTEX_POINT('',#11518);
#11520=CARTESIAN_POINT('',(-6.527268740089E1,6.805424957127E0,5.E-1));
#11521=VERTEX_POINT('',#11520);
#11522=CARTESIAN_POINT('',(-6.546536837584E1,6.725621036213E0,5.E-1));
#11523=VERTEX_POINT('',#11522);
#11524=CARTESIAN_POINT('',(-6.637004969551E1,5.821189743070E0,5.E-1));
#11525=VERTEX_POINT('',#11524);
#11526=CARTESIAN_POINT('',(-6.644992630978E1,5.628538892073E0,5.E-1));
#11527=VERTEX_POINT('',#11526);
#11528=CARTESIAN_POINT('',(-6.645016762274E1,4.349390997604E0,5.E-1));
#11529=VERTEX_POINT('',#11528);
#11530=CARTESIAN_POINT('',(-6.637036371905E1,4.156618757663E0,5.E-1));
#11531=VERTEX_POINT('',#11530);
#11532=CARTESIAN_POINT('',(-6.546584121257E1,3.251663625823E0,5.E-1));
#11533=VERTEX_POINT('',#11532);
#11534=CARTESIAN_POINT('',(-6.527319312665E1,3.171789777676E0,5.E-1));
#11535=VERTEX_POINT('',#11534);
#11536=CARTESIAN_POINT('',(-6.399404246658E1,3.171548464188E0,5.E-1));
#11537=VERTEX_POINT('',#11536);
#11538=CARTESIAN_POINT('',(-6.380136425777E1,3.251349620008E0,5.E-1));
#11539=VERTEX_POINT('',#11538);
#11540=CARTESIAN_POINT('',(-6.289640910869E1,4.155963391485E0,5.E-1));
#11541=VERTEX_POINT('',#11540);
#11542=CARTESIAN_POINT('',(-6.281653249443E1,4.348614242458E0,5.E-1));
#11543=VERTEX_POINT('',#11542);
#11544=CARTESIAN_POINT('',(-6.281629116425E1,5.627853401935E0,5.E-1));
#11545=VERTEX_POINT('',#11544);
#11546=CARTESIAN_POINT('',(-6.435268254135E1,5.829780788885E0,5.E-1));
#11547=CARTESIAN_POINT('',(-6.491355011928E1,5.829886597302E0,5.E-1));
#11548=VERTEX_POINT('',#11546);
#11549=VERTEX_POINT('',#11547);
#11550=CARTESIAN_POINT('',(-6.379192078905E1,5.268716137545E0,5.E-1));
#11551=VERTEX_POINT('',#11550);
#11552=CARTESIAN_POINT('',(-6.379202658025E1,4.707939824596E0,5.E-1));
#11553=VERTEX_POINT('',#11552);
#11554=CARTESIAN_POINT('',(-6.435299994991E1,4.147266554463E0,5.E-1));
#11555=VERTEX_POINT('',#11554);
#11556=CARTESIAN_POINT('',(-6.491386752784E1,4.147372362880E0,5.E-1));
#11557=VERTEX_POINT('',#11556);
#11558=CARTESIAN_POINT('',(-6.547454081468E1,4.708257233161E0,5.E-1));
#11559=VERTEX_POINT('',#11558);
#11560=CARTESIAN_POINT('',(-6.547443502347E1,5.269033546110E0,5.E-1));
#11561=VERTEX_POINT('',#11560);
#11562=CARTESIAN_POINT('',(-6.435268254135E1,5.829780788885E0,0.E0));
#11563=CARTESIAN_POINT('',(-6.491355011928E1,5.829886597302E0,0.E0));
#11564=VERTEX_POINT('',#11562);
#11565=VERTEX_POINT('',#11563);
#11566=CARTESIAN_POINT('',(-6.547443502347E1,5.269033546110E0,0.E0));
#11567=VERTEX_POINT('',#11566);
#11568=CARTESIAN_POINT('',(-6.547454081468E1,4.708257233161E0,0.E0));
#11569=VERTEX_POINT('',#11568);
#11570=CARTESIAN_POINT('',(-6.491386752784E1,4.147372362880E0,0.E0));
#11571=VERTEX_POINT('',#11570);
#11572=CARTESIAN_POINT('',(-6.435299994991E1,4.147266554463E0,0.E0));
#11573=VERTEX_POINT('',#11572);
#11574=CARTESIAN_POINT('',(-6.379202658025E1,4.707939824596E0,0.E0));
#11575=VERTEX_POINT('',#11574);
#11576=CARTESIAN_POINT('',(-6.379192078905E1,5.268716137545E0,0.E0));
#11577=VERTEX_POINT('',#11576);
#11578=CARTESIAN_POINT('',(-6.791846196528E1,5.897513884526E0,5.E-1));
#11579=VERTEX_POINT('',#11578);
#11580=CARTESIAN_POINT('',(-6.719157231857E1,5.897376755820E0,5.E-1));
#11581=VERTEX_POINT('',#11580);
#11582=CARTESIAN_POINT('',(-6.791832481936E1,6.624494796221E0,5.E-1));
#11583=VERTEX_POINT('',#11582);
#11584=CARTESIAN_POINT('',(-6.809971984998E1,6.805958280584E0,5.E-1));
#11585=VERTEX_POINT('',#11584);
#11586=CARTESIAN_POINT('',(-6.955368167337E1,6.806232572431E0,5.E-1));
#11587=VERTEX_POINT('',#11586);
#11588=CARTESIAN_POINT('',(-6.973514239213E1,6.624837541292E0,5.E-1));
#11589=VERTEX_POINT('',#11588);
#11590=CARTESIAN_POINT('',(-6.973527953805E1,5.897856629593E0,5.E-1));
#11591=VERTEX_POINT('',#11590);
#11592=CARTESIAN_POINT('',(-7.046226044975E1,5.897993775518E0,5.E-1));
#11593=VERTEX_POINT('',#11592);
#11594=CARTESIAN_POINT('',(-7.064372116799E1,5.716601509976E0,5.E-1));
#11595=VERTEX_POINT('',#11594);
#11596=CARTESIAN_POINT('',(-7.064399544261E1,4.262730951576E0,5.E-1));
#11597=VERTEX_POINT('',#11596);
#11598=CARTESIAN_POINT('',(-7.046260317760E1,4.081267467733E0,5.E-1));
#11599=VERTEX_POINT('',#11598);
#11600=CARTESIAN_POINT('',(-6.973562226589E1,4.081130321811E0,5.E-1));
#11601=VERTEX_POINT('',#11600);
#11602=CARTESIAN_POINT('',(-6.973575941182E1,3.354149410100E0,5.E-1));
#11603=VERTEX_POINT('',#11602);
#11604=CARTESIAN_POINT('',(-6.955436714628E1,3.172688691876E0,5.E-1));
#11605=VERTEX_POINT('',#11604);
#11606=CARTESIAN_POINT('',(-6.810040532289E1,3.172414400029E0,5.E-1));
#11607=VERTEX_POINT('',#11606);
#11608=CARTESIAN_POINT('',(-6.791894183905E1,3.353806665037E0,5.E-1));
#11609=VERTEX_POINT('',#11608);
#11610=CARTESIAN_POINT('',(-6.791880469313E1,4.080787576740E0,5.E-1));
#11611=VERTEX_POINT('',#11610);
#11612=CARTESIAN_POINT('',(-6.719191504641E1,4.080650448034E0,5.E-1));
#11613=VERTEX_POINT('',#11612);
#11614=CARTESIAN_POINT('',(-6.701045432766E1,4.262045479174E0,5.E-1));
#11615=VERTEX_POINT('',#11614);
#11616=CARTESIAN_POINT('',(-6.701018005303E1,5.715916037593E0,5.E-1));
#11617=VERTEX_POINT('',#11616);
#11618=CARTESIAN_POINT('',(-7.227661374930E1,6.807877386477E0,5.E-1));
#11619=VERTEX_POINT('',#11618);
#11620=CARTESIAN_POINT('',(-7.138415282752E1,6.807709025988E0,5.E-1));
#11621=VERTEX_POINT('',#11620);
#11622=CARTESIAN_POINT('',(-7.246947450583E1,6.727982234476E0,5.E-1));
#11623=VERTEX_POINT('',#11622);
#11624=CARTESIAN_POINT('',(-7.300126251676E1,6.196215100166E0,5.E-1));
#11625=VERTEX_POINT('',#11624);
#11626=CARTESIAN_POINT('',(-7.315639810343E1,6.260494917908E0,5.E-1));
#11627=VERTEX_POINT('',#11626);
#11628=CARTESIAN_POINT('',(-7.315632910291E1,6.626251787606E0,5.E-1));
#11629=VERTEX_POINT('',#11628);
#11630=CARTESIAN_POINT('',(-7.333817485889E1,6.808077651374E0,5.E-1));
#11631=VERTEX_POINT('',#11630);
#11632=CARTESIAN_POINT('',(-7.423054451569E1,6.808245998081E0,5.E-1));
#11633=VERTEX_POINT('',#11632);
#11634=CARTESIAN_POINT('',(-7.442331399001E1,6.728442093854E0,5.E-1));
#11635=VERTEX_POINT('',#11634);
#11636=CARTESIAN_POINT('',(-7.475532950316E1,6.396460579571E0,5.E-1));
#11637=VERTEX_POINT('',#11636);
#11638=CARTESIAN_POINT('',(-7.483529741634E1,6.203629981363E0,5.E-1));
#11639=VERTEX_POINT('',#11638);
#11640=CARTESIAN_POINT('',(-7.483583495593E1,3.354248677224E0,5.E-1));
#11641=VERTEX_POINT('',#11640);
#11642=CARTESIAN_POINT('',(-7.465407769881E1,3.172425595789E0,5.E-1));
#11643=VERTEX_POINT('',#11642);
#11644=CARTESIAN_POINT('',(-7.376161954263E1,3.172257232361E0,5.E-1));
#11645=VERTEX_POINT('',#11644);
#11646=CARTESIAN_POINT('',(-7.356893856819E1,3.252058387667E0,5.E-1));
#11647=VERTEX_POINT('',#11646);
#11648=CARTESIAN_POINT('',(-7.303687952740E1,3.783828236334E0,5.E-1));
#11649=VERTEX_POINT('',#11648);
#11650=CARTESIAN_POINT('',(-7.288174394125E1,3.719545652995E0,5.E-1));
#11651=VERTEX_POINT('',#11650);
#11652=CARTESIAN_POINT('',(-7.288181292456E1,3.353880048339E0,5.E-1));
#11653=VERTEX_POINT('',#11652);
#11654=CARTESIAN_POINT('',(-7.270014693242E1,3.172056984132E0,5.E-1));
#11655=VERTEX_POINT('',#11654);
#11656=CARTESIAN_POINT('',(-7.180778004122E1,3.171888637923E0,5.E-1));
#11657=VERTEX_POINT('',#11656);
#11658=CARTESIAN_POINT('',(-7.161491651961E1,3.251781023775E0,5.E-1));
#11659=VERTEX_POINT('',#11658);
#11660=CARTESIAN_POINT('',(-7.128290100646E1,3.583762537988E0,5.E-1));
#11661=VERTEX_POINT('',#11660);
#11662=CARTESIAN_POINT('',(-7.120302714058E1,3.776504654485E0,5.E-1));
#11663=VERTEX_POINT('',#11662);
#11664=CARTESIAN_POINT('',(-7.120248960151E1,6.625883196690E0,5.E-1));
#11665=VERTEX_POINT('',#11664);
#11666=CARTESIAN_POINT('',(-7.232458570669E1,4.707501026081E0,5.E-1));
#11667=CARTESIAN_POINT('',(-7.232471642480E1,4.011403469690E0,5.E-1));
#11668=VERTEX_POINT('',#11666);
#11669=VERTEX_POINT('',#11667);
#11670=CARTESIAN_POINT('',(-7.175982462709E1,4.707383395675E0,5.E-1));
#11671=VERTEX_POINT('',#11670);
#11672=CARTESIAN_POINT('',(-7.175995529607E1,4.011335898740E0,5.E-1));
#11673=VERTEX_POINT('',#11672);
#11674=CARTESIAN_POINT('',(-7.427836702274E1,5.968873335040E0,5.E-1));
#11675=CARTESIAN_POINT('',(-7.427849828772E1,5.272845255122E0,5.E-1));
#11676=VERTEX_POINT('',#11674);
#11677=VERTEX_POINT('',#11675);
#11678=CARTESIAN_POINT('',(-7.371351649886E1,5.968816032903E0,5.E-1));
#11679=VERTEX_POINT('',#11678);
#11680=CARTESIAN_POINT('',(-7.371364711995E1,5.272721618445E0,5.E-1));
#11681=VERTEX_POINT('',#11680);
#11682=CARTESIAN_POINT('',(-7.232458570598E1,4.707504775044E0,0.E0));
#11683=CARTESIAN_POINT('',(-7.232471641710E1,4.011444433414E0,0.E0));
#11684=VERTEX_POINT('',#11682);
#11685=VERTEX_POINT('',#11683);
#11686=CARTESIAN_POINT('',(-7.175995731341E1,4.011231030656E0,0.E0));
#11687=VERTEX_POINT('',#11686);
#11688=CARTESIAN_POINT('',(-7.175982338247E1,4.707393242603E0,0.E0));
#11689=VERTEX_POINT('',#11688);
#11690=CARTESIAN_POINT('',(-7.427836702002E1,5.968887746256E0,0.E0));
#11691=CARTESIAN_POINT('',(-7.427849828539E1,5.272857596402E0,0.E0));
#11692=VERTEX_POINT('',#11690);
#11693=VERTEX_POINT('',#11691);
#11694=CARTESIAN_POINT('',(-7.371364781162E1,5.272691151211E0,0.E0));
#11695=VERTEX_POINT('',#11694);
#11696=CARTESIAN_POINT('',(-7.371351581115E1,5.968790598947E0,0.E0));
#11697=VERTEX_POINT('',#11696);
#11698=CARTESIAN_POINT('',(3.861337510408E-14,0.E0,9.5E0));
#11699=VERTEX_POINT('',#11698);
#11700=VERTEX_POINT('',#10561);
#11701=VERTEX_POINT('',#10565);
#11702=CARTESIAN_POINT('',(-5.999999982320E0,2.000000003497E-1,
6.349999999854E0));
#11703=CARTESIAN_POINT('',(-7.359327620999E1,2.000000003382E-1,
6.349999999859E0));
#11704=VERTEX_POINT('',#11702);
#11705=VERTEX_POINT('',#11703);
#11706=CARTESIAN_POINT('',(-7.359327621650E1,2.000000003497E-1,
3.150000000146E0));
#11707=CARTESIAN_POINT('',(-6.000000002377E0,2.000000003382E-1,
3.150000000141E0));
#11708=VERTEX_POINT('',#11706);
#11709=VERTEX_POINT('',#11707);
#11710=CARTESIAN_POINT('',(-7.359327620838E1,1.E0,6.35E0));
#11711=VERTEX_POINT('',#11710);
#11712=CARTESIAN_POINT('',(-7.359327621429E1,1.E0,3.15E0));
#11713=VERTEX_POINT('',#11712);
#11714=CARTESIAN_POINT('',(-5.999999994973E0,1.E0,6.35E0));
#11715=VERTEX_POINT('',#11714);
#11716=CARTESIAN_POINT('',(-6.000000002241E0,1.E0,3.15E0));
#11717=VERTEX_POINT('',#11716);
#11718=CARTESIAN_POINT('',(-6.E0,0.E0,6.55E0));
#11719=CARTESIAN_POINT('',(-7.359327621125E1,0.E0,6.55E0));
#11720=VERTEX_POINT('',#11718);
#11721=VERTEX_POINT('',#11719);
#11722=CARTESIAN_POINT('',(-7.359327621125E1,0.E0,2.95E0));
#11723=VERTEX_POINT('',#11722);
#11724=CARTESIAN_POINT('',(-6.E0,0.E0,2.95E0));
#11725=VERTEX_POINT('',#11724);
#11726=CARTESIAN_POINT('',(4.055600653787E-1,7.405776193848E0,0.E0));
#11727=CARTESIAN_POINT('',(-7.701303976265E1,1.691158497945E1,0.E0));
#11728=VERTEX_POINT('',#11726);
#11729=VERTEX_POINT('',#11727);
#11730=CARTESIAN_POINT('',(-7.750931283847E1,1.697251965116E1,5.E-1));
#11731=VERTEX_POINT('',#11730);
#11732=CARTESIAN_POINT('',(9.018331411994E-1,7.344841522145E0,5.E-1));
#11733=VERTEX_POINT('',#11732);
#11734=CARTESIAN_POINT('',(9.018331411985E-1,7.344841522145E0,9.5E0));
#11735=VERTEX_POINT('',#11734);
#11736=CARTESIAN_POINT('',(-7.750931283846E1,1.697251965116E1,9.E0));
#11737=CARTESIAN_POINT('',(-7.701303976264E1,1.691158497945E1,9.5E0));
#11738=VERTEX_POINT('',#11736);
#11739=VERTEX_POINT('',#11737);
#11740=CARTESIAN_POINT('',(0.E0,0.E0,0.E0));
#11741=DIRECTION('',(0.E0,0.E0,1.E0));
#11742=DIRECTION('',(1.E0,0.E0,0.E0));
#11743=AXIS2_PLACEMENT_3D('',#11740,#11741,#11742);
#11744=PLANE('',#11743);
#11746=ORIENTED_EDGE('',*,*,#11745,.T.);
#11748=ORIENTED_EDGE('',*,*,#11747,.T.);
#11750=ORIENTED_EDGE('',*,*,#11749,.T.);
#11752=ORIENTED_EDGE('',*,*,#11751,.T.);
#11753=EDGE_LOOP('',(#11746,#11748,#11750,#11752));
#11754=FACE_OUTER_BOUND('',#11753,.F.);
#11756=ORIENTED_EDGE('',*,*,#11755,.T.);
#11758=ORIENTED_EDGE('',*,*,#11757,.T.);
#11760=ORIENTED_EDGE('',*,*,#11759,.T.);
#11762=ORIENTED_EDGE('',*,*,#11761,.T.);
#11764=ORIENTED_EDGE('',*,*,#11763,.T.);
#11766=ORIENTED_EDGE('',*,*,#11765,.T.);
#11768=ORIENTED_EDGE('',*,*,#11767,.T.);
#11770=ORIENTED_EDGE('',*,*,#11769,.T.);
#11772=ORIENTED_EDGE('',*,*,#11771,.T.);
#11774=ORIENTED_EDGE('',*,*,#11773,.T.);
#11776=ORIENTED_EDGE('',*,*,#11775,.T.);
#11778=ORIENTED_EDGE('',*,*,#11777,.T.);
#11780=ORIENTED_EDGE('',*,*,#11779,.T.);
#11782=ORIENTED_EDGE('',*,*,#11781,.T.);
#11784=ORIENTED_EDGE('',*,*,#11783,.T.);
#11786=ORIENTED_EDGE('',*,*,#11785,.T.);
#11787=EDGE_LOOP('',(#11756,#11758,#11760,#11762,#11764,#11766,#11768,#11770,
#11772,#11774,#11776,#11778,#11780,#11782,#11784,#11786));
#11788=FACE_BOUND('',#11787,.F.);
#11790=ORIENTED_EDGE('',*,*,#11789,.T.);
#11792=ORIENTED_EDGE('',*,*,#11791,.T.);
#11794=ORIENTED_EDGE('',*,*,#11793,.T.);
#11796=ORIENTED_EDGE('',*,*,#11795,.T.);
#11798=ORIENTED_EDGE('',*,*,#11797,.T.);
#11800=ORIENTED_EDGE('',*,*,#11799,.T.);
#11802=ORIENTED_EDGE('',*,*,#11801,.T.);
#11804=ORIENTED_EDGE('',*,*,#11803,.T.);
#11806=ORIENTED_EDGE('',*,*,#11805,.T.);
#11808=ORIENTED_EDGE('',*,*,#11807,.T.);
#11810=ORIENTED_EDGE('',*,*,#11809,.T.);
#11812=ORIENTED_EDGE('',*,*,#11811,.T.);
#11814=ORIENTED_EDGE('',*,*,#11813,.T.);
#11816=ORIENTED_EDGE('',*,*,#11815,.T.);
#11818=ORIENTED_EDGE('',*,*,#11817,.T.);
#11820=ORIENTED_EDGE('',*,*,#11819,.T.);
#11822=ORIENTED_EDGE('',*,*,#11821,.T.);
#11824=ORIENTED_EDGE('',*,*,#11823,.T.);
#11826=ORIENTED_EDGE('',*,*,#11825,.T.);
#11828=ORIENTED_EDGE('',*,*,#11827,.T.);
#11829=EDGE_LOOP('',(#11790,#11792,#11794,#11796,#11798,#11800,#11802,#11804,
#11806,#11808,#11810,#11812,#11814,#11816,#11818,#11820,#11822,#11824,#11826,
#11828));
#11830=FACE_BOUND('',#11829,.F.);
#11832=ORIENTED_EDGE('',*,*,#11831,.T.);
#11834=ORIENTED_EDGE('',*,*,#11833,.T.);
#11836=ORIENTED_EDGE('',*,*,#11835,.T.);
#11838=ORIENTED_EDGE('',*,*,#11837,.T.);
#11840=ORIENTED_EDGE('',*,*,#11839,.T.);
#11842=ORIENTED_EDGE('',*,*,#11841,.T.);
#11844=ORIENTED_EDGE('',*,*,#11843,.T.);
#11846=ORIENTED_EDGE('',*,*,#11845,.T.);
#11848=ORIENTED_EDGE('',*,*,#11847,.T.);
#11850=ORIENTED_EDGE('',*,*,#11849,.T.);
#11852=ORIENTED_EDGE('',*,*,#11851,.T.);
#11854=ORIENTED_EDGE('',*,*,#11853,.T.);
#11856=ORIENTED_EDGE('',*,*,#11855,.T.);
#11858=ORIENTED_EDGE('',*,*,#11857,.T.);
#11860=ORIENTED_EDGE('',*,*,#11859,.T.);
#11862=ORIENTED_EDGE('',*,*,#11861,.T.);
#11864=ORIENTED_EDGE('',*,*,#11863,.T.);
#11866=ORIENTED_EDGE('',*,*,#11865,.T.);
#11868=ORIENTED_EDGE('',*,*,#11867,.T.);
#11870=ORIENTED_EDGE('',*,*,#11869,.T.);
#11872=ORIENTED_EDGE('',*,*,#11871,.T.);
#11874=ORIENTED_EDGE('',*,*,#11873,.T.);
#11876=ORIENTED_EDGE('',*,*,#11875,.T.);
#11878=ORIENTED_EDGE('',*,*,#11877,.T.);
#11879=EDGE_LOOP('',(#11832,#11834,#11836,#11838,#11840,#11842,#11844,#11846,
#11848,#11850,#11852,#11854,#11856,#11858,#11860,#11862,#11864,#11866,#11868,
#11870,#11872,#11874,#11876,#11878));
#11880=FACE_BOUND('',#11879,.F.);
#11881=ADVANCED_FACE('',(#11754,#11788,#11830,#11880),#11744,.F.);
#11882=CARTESIAN_POINT('',(-7.412046034130E1,4.046975385735E1,5.E-1));
#11883=DIRECTION('',(1.218693434051E-1,9.925461516413E-1,0.E0));
#11884=DIRECTION('',(0.E0,0.E0,-1.E0));
#11885=AXIS2_PLACEMENT_3D('',#11882,#11883,#11884);
#11886=CYLINDRICAL_SURFACE('',#11885,5.E-1);
#11888=ORIENTED_EDGE('',*,*,#11887,.T.);
#11889=ORIENTED_EDGE('',*,*,#11745,.F.);
#11891=ORIENTED_EDGE('',*,*,#11890,.F.);
#11893=ORIENTED_EDGE('',*,*,#11892,.T.);
#11894=EDGE_LOOP('',(#11888,#11889,#11891,#11893));
#11895=FACE_OUTER_BOUND('',#11894,.F.);
#11896=ADVANCED_FACE('',(#11895),#11886,.T.);
#11897=CARTESIAN_POINT('',(-7.959327621125E1,0.E0,5.E0));
#11898=DIRECTION('',(0.E0,1.E0,0.E0));
#11899=DIRECTION('',(-1.E0,0.E0,0.E0));
#11900=AXIS2_PLACEMENT_3D('',#11897,#11898,#11899);
#11901=PLANE('',#11900);
#11903=ORIENTED_EDGE('',*,*,#11902,.F.);
#11905=ORIENTED_EDGE('',*,*,#11904,.F.);
#11907=ORIENTED_EDGE('',*,*,#11906,.F.);
#11909=ORIENTED_EDGE('',*,*,#11908,.F.);
#11910=ORIENTED_EDGE('',*,*,#11747,.F.);
#11911=ORIENTED_EDGE('',*,*,#11887,.F.);
#11913=ORIENTED_EDGE('',*,*,#11912,.F.);
#11914=EDGE_LOOP('',(#11903,#11905,#11907,#11909,#11910,#11911,#11913));
#11915=FACE_OUTER_BOUND('',#11914,.F.);
#11917=ORIENTED_EDGE('',*,*,#11916,.T.);
#11919=ORIENTED_EDGE('',*,*,#11918,.T.);
#11921=ORIENTED_EDGE('',*,*,#11920,.T.);
#11923=ORIENTED_EDGE('',*,*,#11922,.T.);
#11924=EDGE_LOOP('',(#11917,#11919,#11921,#11923));
#11925=FACE_BOUND('',#11924,.F.);
#11926=ADVANCED_FACE('',(#11915,#11925),#11901,.F.);
#11927=CARTESIAN_POINT('',(-3.979663810562E1,1.E-1,6.45E0));
#11928=DIRECTION('',(0.E0,-7.071067811865E-1,-7.071067811865E-1));
#11929=DIRECTION('',(0.E0,7.071067811865E-1,-7.071067811865E-1));
#11930=AXIS2_PLACEMENT_3D('',#11927,#11928,#11929);
#11931=PLANE('',#11930);
#11932=ORIENTED_EDGE('',*,*,#11916,.F.);
#11934=ORIENTED_EDGE('',*,*,#11933,.F.);
#11936=ORIENTED_EDGE('',*,*,#11935,.T.);
#11938=ORIENTED_EDGE('',*,*,#11937,.T.);
#11939=EDGE_LOOP('',(#11932,#11934,#11936,#11938));
#11940=FACE_OUTER_BOUND('',#11939,.F.);
#11941=ADVANCED_FACE('',(#11940),#11931,.T.);
#11942=CARTESIAN_POINT('',(-6.E0,1.000000000001E-1,4.75E0));
#11943=DIRECTION('',(0.E0,-1.E0,0.E0));
#11944=DIRECTION('',(0.E0,0.E0,-1.E0));
#11945=AXIS2_PLACEMENT_3D('',#11942,#11943,#11944);
#11946=CONICAL_SURFACE('',#11945,1.7E0,4.5E1);
#11947=ORIENTED_EDGE('',*,*,#11922,.F.);
#11949=ORIENTED_EDGE('',*,*,#11948,.F.);
#11951=ORIENTED_EDGE('',*,*,#11950,.T.);
#11952=ORIENTED_EDGE('',*,*,#11933,.T.);
#11953=EDGE_LOOP('',(#11947,#11949,#11951,#11952));
#11954=FACE_OUTER_BOUND('',#11953,.F.);
#11955=ADVANCED_FACE('',(#11954),#11946,.F.);
#11956=CARTESIAN_POINT('',(-3.979663810562E1,1.E-1,3.05E0));
#11957=DIRECTION('',(0.E0,-7.071067811865E-1,7.071067811865E-1));
#11958=DIRECTION('',(0.E0,7.071067811865E-1,7.071067811865E-1));
#11959=AXIS2_PLACEMENT_3D('',#11956,#11957,#11958);
#11960=PLANE('',#11959);
#11961=ORIENTED_EDGE('',*,*,#11920,.F.);
#11963=ORIENTED_EDGE('',*,*,#11962,.F.);
#11965=ORIENTED_EDGE('',*,*,#11964,.T.);
#11966=ORIENTED_EDGE('',*,*,#11948,.T.);
#11967=EDGE_LOOP('',(#11961,#11963,#11965,#11966));
#11968=FACE_OUTER_BOUND('',#11967,.F.);
#11969=ADVANCED_FACE('',(#11968),#11960,.T.);
#11970=CARTESIAN_POINT('',(-7.359327621125E1,1.000000000001E-1,4.75E0));
#11971=DIRECTION('',(0.E0,-1.E0,0.E0));
#11972=DIRECTION('',(0.E0,0.E0,-1.E0));
#11973=AXIS2_PLACEMENT_3D('',#11970,#11971,#11972);
#11974=CONICAL_SURFACE('',#11973,1.7E0,4.5E1);
#11975=ORIENTED_EDGE('',*,*,#11918,.F.);
#11976=ORIENTED_EDGE('',*,*,#11937,.F.);
#11978=ORIENTED_EDGE('',*,*,#11977,.T.);
#11979=ORIENTED_EDGE('',*,*,#11962,.T.);
#11980=EDGE_LOOP('',(#11975,#11976,#11978,#11979));
#11981=FACE_OUTER_BOUND('',#11980,.F.);
#11982=ADVANCED_FACE('',(#11981),#11974,.F.);
#11983=CARTESIAN_POINT('',(-7.359327621125E1,0.E0,4.75E0));
#11984=DIRECTION('',(0.E0,-1.E0,0.E0));
#11985=DIRECTION('',(1.E0,0.E0,0.E0));
#11986=AXIS2_PLACEMENT_3D('',#11983,#11984,#11985);
#11987=CYLINDRICAL_SURFACE('',#11986,1.6E0);
#11988=ORIENTED_EDGE('',*,*,#11977,.F.);
#11990=ORIENTED_EDGE('',*,*,#11989,.F.);
#11992=ORIENTED_EDGE('',*,*,#11991,.T.);
#11994=ORIENTED_EDGE('',*,*,#11993,.T.);
#11995=EDGE_LOOP('',(#11988,#11990,#11992,#11994));
#11996=FACE_OUTER_BOUND('',#11995,.F.);
#11997=ADVANCED_FACE('',(#11996),#11987,.F.);
#11998=CARTESIAN_POINT('',(-6.E0,0.E0,6.35E0));
#11999=DIRECTION('',(0.E0,0.E0,1.E0));
#12000=DIRECTION('',(-1.E0,0.E0,0.E0));
#12001=AXIS2_PLACEMENT_3D('',#11998,#11999,#12000);
#12002=PLANE('',#12001);
#12003=ORIENTED_EDGE('',*,*,#11935,.F.);
#12005=ORIENTED_EDGE('',*,*,#12004,.T.);
#12007=ORIENTED_EDGE('',*,*,#12006,.F.);
#12008=ORIENTED_EDGE('',*,*,#11989,.T.);
#12009=EDGE_LOOP('',(#12003,#12005,#12007,#12008));
#12010=FACE_OUTER_BOUND('',#12009,.F.);
#12011=ADVANCED_FACE('',(#12010),#12002,.F.);
#12012=CARTESIAN_POINT('',(-6.E0,0.E0,4.75E0));
#12013=DIRECTION('',(0.E0,-1.E0,0.E0));
#12014=DIRECTION('',(1.E0,0.E0,0.E0));
#12015=AXIS2_PLACEMENT_3D('',#12012,#12013,#12014);
#12016=CYLINDRICAL_SURFACE('',#12015,1.6E0);
#12017=ORIENTED_EDGE('',*,*,#11950,.F.);
#12019=ORIENTED_EDGE('',*,*,#12018,.T.);
#12021=ORIENTED_EDGE('',*,*,#12020,.T.);
#12022=ORIENTED_EDGE('',*,*,#12004,.F.);
#12023=EDGE_LOOP('',(#12017,#12019,#12021,#12022));
#12024=FACE_OUTER_BOUND('',#12023,.F.);
#12025=ADVANCED_FACE('',(#12024),#12016,.F.);
#12026=CARTESIAN_POINT('',(-7.359327621125E1,0.E0,3.15E0));
#12027=DIRECTION('',(0.E0,0.E0,-1.E0));
#12028=DIRECTION('',(1.E0,0.E0,0.E0));
#12029=AXIS2_PLACEMENT_3D('',#12026,#12027,#12028);
#12030=PLANE('',#12029);
#12031=ORIENTED_EDGE('',*,*,#11964,.F.);
#12032=ORIENTED_EDGE('',*,*,#11993,.F.);
#12034=ORIENTED_EDGE('',*,*,#12033,.F.);
#12035=ORIENTED_EDGE('',*,*,#12018,.F.);
#12036=EDGE_LOOP('',(#12031,#12032,#12034,#12035));
#12037=FACE_OUTER_BOUND('',#12036,.F.);
#12038=ADVANCED_FACE('',(#12037),#12030,.F.);
#12039=CARTESIAN_POINT('',(0.E0,1.E0,1.5E-1));
#12040=DIRECTION('',(0.E0,-1.E0,0.E0));
#12041=DIRECTION('',(1.E0,0.E0,0.E0));
#12042=AXIS2_PLACEMENT_3D('',#12039,#12040,#12041);
#12043=PLANE('',#12042);
#12044=ORIENTED_EDGE('',*,*,#11991,.F.);
#12045=ORIENTED_EDGE('',*,*,#12006,.T.);
#12046=ORIENTED_EDGE('',*,*,#12020,.F.);
#12047=ORIENTED_EDGE('',*,*,#12033,.T.);
#12048=EDGE_LOOP('',(#12044,#12045,#12046,#12047));
#12049=FACE_OUTER_BOUND('',#12048,.F.);
#12050=ADVANCED_FACE('',(#12049),#12043,.T.);
#12051=CARTESIAN_POINT('',(-7.411070701870E1,4.054918829540E1,9.E0));
#12052=DIRECTION('',(-1.218693434051E-1,-9.925461516413E-1,0.E0));
#12053=DIRECTION('',(0.E0,0.E0,1.E0));
#12054=AXIS2_PLACEMENT_3D('',#12051,#12052,#12053);
#12055=CYLINDRICAL_SURFACE('',#12054,5.E-1);
#12056=ORIENTED_EDGE('',*,*,#11902,.T.);
#12058=ORIENTED_EDGE('',*,*,#12057,.F.);
#12060=ORIENTED_EDGE('',*,*,#12059,.T.);
#12062=ORIENTED_EDGE('',*,*,#12061,.T.);
#12063=EDGE_LOOP('',(#12056,#12058,#12060,#12062));
#12064=FACE_OUTER_BOUND('',#12063,.F.);
#12065=ADVANCED_FACE('',(#12064),#12055,.T.);
#12066=CARTESIAN_POINT('',(-7.743619123242E1,1.756804734214E1,5.E0));
#12067=DIRECTION('',(9.925461516413E-1,-1.218693434051E-1,0.E0));
#12068=DIRECTION('',(1.218693434051E-1,9.925461516413E-1,0.E0));
#12069=AXIS2_PLACEMENT_3D('',#12066,#12067,#12068);
#12070=PLANE('',#12069);
#12071=ORIENTED_EDGE('',*,*,#12057,.T.);
#12072=ORIENTED_EDGE('',*,*,#11912,.T.);
#12073=ORIENTED_EDGE('',*,*,#11892,.F.);
#12075=ORIENTED_EDGE('',*,*,#12074,.F.);
#12076=EDGE_LOOP('',(#12071,#12072,#12073,#12075));
#12077=FACE_OUTER_BOUND('',#12076,.F.);
#12078=ADVANCED_FACE('',(#12077),#12070,.F.);
#12079=CARTESIAN_POINT('',(-1.579532237905E0,7.649514880658E0,5.E0));
#12080=DIRECTION('',(-1.218693434052E-1,-9.925461516413E-1,0.E0));
#12081=DIRECTION('',(9.925461516413E-1,-1.218693434052E-1,0.E0));
#12082=AXIS2_PLACEMENT_3D('',#12079,#12080,#12081);
#12083=PLANE('',#12082);
#12084=ORIENTED_EDGE('',*,*,#12059,.F.);
#12085=ORIENTED_EDGE('',*,*,#12074,.T.);
#12086=ORIENTED_EDGE('',*,*,#11890,.T.);
#12087=ORIENTED_EDGE('',*,*,#11751,.F.);
#12089=ORIENTED_EDGE('',*,*,#12088,.T.);
#12091=ORIENTED_EDGE('',*,*,#12090,.F.);
#12093=ORIENTED_EDGE('',*,*,#12092,.F.);
#12094=EDGE_LOOP('',(#12084,#12085,#12086,#12087,#12089,#12091,#12093));
#12095=FACE_OUTER_BOUND('',#12094,.F.);
#12096=ADVANCED_FACE('',(#12095),#12083,.F.);
#12097=CARTESIAN_POINT('',(-3.315730891127E0,-2.290170651521E1,5.E-1));
#12098=DIRECTION('',(-1.218693434052E-1,-9.925461516413E-1,0.E0));
#12099=DIRECTION('',(0.E0,0.E0,-1.E0));
#12100=AXIS2_PLACEMENT_3D('',#12097,#12098,#12099);
#12101=CYLINDRICAL_SURFACE('',#12100,5.E-1);
#12102=ORIENTED_EDGE('',*,*,#12088,.F.);
#12103=ORIENTED_EDGE('',*,*,#11749,.F.);
#12104=ORIENTED_EDGE('',*,*,#11908,.T.);
#12106=ORIENTED_EDGE('',*,*,#12105,.T.);
#12107=EDGE_LOOP('',(#12102,#12103,#12104,#12106));
#12108=FACE_OUTER_BOUND('',#12107,.F.);
#12109=ADVANCED_FACE('',(#12108),#12101,.T.);
#12110=CARTESIAN_POINT('',(-3.740918454380E-2,-3.046733585129E-1,5.E0));
#12111=DIRECTION('',(-9.925461516413E-1,1.218693434052E-1,0.E0));
#12112=DIRECTION('',(-1.218693434052E-1,-9.925461516413E-1,0.E0));
#12113=AXIS2_PLACEMENT_3D('',#12110,#12111,#12112);
#12114=PLANE('',#12113);
#12115=ORIENTED_EDGE('',*,*,#12105,.F.);
#12116=ORIENTED_EDGE('',*,*,#11906,.T.);
#12118=ORIENTED_EDGE('',*,*,#12117,.F.);
#12119=ORIENTED_EDGE('',*,*,#12090,.T.);
#12120=EDGE_LOOP('',(#12115,#12116,#12118,#12119));
#12121=FACE_OUTER_BOUND('',#12120,.F.);
#12122=ADVANCED_FACE('',(#12121),#12114,.F.);
#12123=CARTESIAN_POINT('',(0.E0,0.E0,9.5E0));
#12124=DIRECTION('',(0.E0,0.E0,-1.E0));
#12125=DIRECTION('',(-1.E0,0.E0,0.E0));
#12126=AXIS2_PLACEMENT_3D('',#12123,#12124,#12125);
#12127=PLANE('',#12126);
#12128=ORIENTED_EDGE('',*,*,#12061,.F.);
#12129=ORIENTED_EDGE('',*,*,#12092,.T.);
#12130=ORIENTED_EDGE('',*,*,#12117,.T.);
#12131=ORIENTED_EDGE('',*,*,#11904,.T.);
#12132=EDGE_LOOP('',(#12128,#12129,#12130,#12131));
#12133=FACE_OUTER_BOUND('',#12132,.F.);
#12134=ADVANCED_FACE('',(#12133),#12127,.F.);
#12135=CARTESIAN_POINT('',(-6.380043509610E1,6.725306944325E0,0.E0));
#12136=DIRECTION('',(7.072401652421E-1,7.069733719656E-1,0.E0));
#12137=DIRECTION('',(7.069733719656E-1,-7.072401652421E-1,0.E0));
#12138=AXIS2_PLACEMENT_3D('',#12135,#12136,#12137);
#12139=PLANE('',#12138);
#12140=ORIENTED_EDGE('',*,*,#11755,.F.);
#12142=ORIENTED_EDGE('',*,*,#12141,.F.);
#12144=ORIENTED_EDGE('',*,*,#12143,.F.);
#12146=ORIENTED_EDGE('',*,*,#12145,.F.);
#12147=EDGE_LOOP('',(#12140,#12142,#12144,#12146));
#12148=FACE_OUTER_BOUND('',#12147,.F.);
#12149=ADVANCED_FACE('',(#12148),#12139,.F.);
#12150=CARTESIAN_POINT('',(-6.404377886858E1,6.799309517568E0,0.E0));
#12151=CARTESIAN_POINT('',(-6.402748539865E1,6.803291774909E0,0.E0));
#12152=CARTESIAN_POINT('',(-6.394202623226E1,6.812808821882E0,0.E0));
#12153=CARTESIAN_POINT('',(-6.383182215285E1,6.767047539191E0,0.E0));
#12154=CARTESIAN_POINT('',(-6.377816183386E1,6.700560063190E0,0.E0));
#12155=CARTESIAN_POINT('',(-6.376959046620E1,6.686754811837E0,0.E0));
#12157=DIRECTION('',(0.E0,0.E0,-1.E0));
#12158=VECTOR('',#12157,1.E0);
#12159=SURFACE_OF_LINEAR_EXTRUSION('',#12156,#12158);
#12160=ORIENTED_EDGE('',*,*,#11785,.F.);
#12162=ORIENTED_EDGE('',*,*,#12161,.T.);
#12164=ORIENTED_EDGE('',*,*,#12163,.F.);
#12165=ORIENTED_EDGE('',*,*,#12141,.T.);
#12166=EDGE_LOOP('',(#12160,#12162,#12164,#12165));
#12167=FACE_OUTER_BOUND('',#12166,.F.);
#12168=ADVANCED_FACE('',(#12167),#12159,.F.);
#12169=CARTESIAN_POINT('',(-6.527268740089E1,6.805424957127E0,0.E0));
#12170=DIRECTION('',(1.886513374080E-4,9.999999822053E-1,0.E0));
#12171=DIRECTION('',(9.999999822053E-1,-1.886513374080E-4,0.E0));
#12172=AXIS2_PLACEMENT_3D('',#12169,#12170,#12171);
#12173=PLANE('',#12172);
#12174=ORIENTED_EDGE('',*,*,#11783,.F.);
#12176=ORIENTED_EDGE('',*,*,#12175,.F.);
#12178=ORIENTED_EDGE('',*,*,#12177,.T.);
#12179=ORIENTED_EDGE('',*,*,#12161,.F.);
#12180=EDGE_LOOP('',(#12174,#12176,#12178,#12179));
#12181=FACE_OUTER_BOUND('',#12180,.F.);
#12182=ADVANCED_FACE('',(#12181),#12173,.F.);
#12183=CARTESIAN_POINT('',(-6.549700278809E1,6.685694524611E0,0.E0));
#12184=CARTESIAN_POINT('',(-6.548829599144E1,6.700021813670E0,0.E0));
#12185=CARTESIAN_POINT('',(-6.543461287745E1,6.767137769025E0,0.E0));
#12186=CARTESIAN_POINT('',(-6.532436804515E1,6.812831095851E0,0.E0));
#12187=CARTESIAN_POINT('',(-6.523943273725E1,6.803635764137E0,0.E0));
#12188=CARTESIAN_POINT('',(-6.522360637336E1,6.799895905956E0,0.E0));
#12190=DIRECTION('',(0.E0,0.E0,-1.E0));
#12191=VECTOR('',#12190,1.E0);
#12192=SURFACE_OF_LINEAR_EXTRUSION('',#12189,#12191);
#12193=ORIENTED_EDGE('',*,*,#11781,.F.);
#12195=ORIENTED_EDGE('',*,*,#12194,.T.);
#12197=ORIENTED_EDGE('',*,*,#12196,.F.);
#12198=ORIENTED_EDGE('',*,*,#12175,.T.);
#12199=EDGE_LOOP('',(#12193,#12195,#12197,#12198));
#12200=FACE_OUTER_BOUND('',#12199,.F.);
#12201=ADVANCED_FACE('',(#12200),#12192,.F.);
#12202=CARTESIAN_POINT('',(-6.637004969551E1,5.821189743065E0,0.E0));
#12203=DIRECTION('',(-7.070090494784E-1,7.072044993887E-1,0.E0));
#12204=DIRECTION('',(7.072044993887E-1,7.070090494784E-1,0.E0));
#12205=AXIS2_PLACEMENT_3D('',#12202,#12203,#12204);
#12206=PLANE('',#12205);
#12207=ORIENTED_EDGE('',*,*,#11779,.F.);
#12209=ORIENTED_EDGE('',*,*,#12208,.F.);
#12211=ORIENTED_EDGE('',*,*,#12210,.F.);
#12212=ORIENTED_EDGE('',*,*,#12194,.F.);
#12213=EDGE_LOOP('',(#12207,#12209,#12211,#12212));
#12214=FACE_OUTER_BOUND('',#12213,.F.);
#12215=ADVANCED_FACE('',(#12214),#12206,.F.);
#12216=CARTESIAN_POINT('',(-6.644405851317E1,5.577936429871E0,0.E0));
#12217=CARTESIAN_POINT('',(-6.644803570213E1,5.594222223091E0,0.E0));
#12218=CARTESIAN_POINT('',(-6.645754073348E1,5.679636136573E0,0.E0));
#12219=CARTESIAN_POINT('',(-6.641186972599E1,5.789932408100E0,0.E0));
#12220=CARTESIAN_POINT('',(-6.634524570839E1,5.843415627184E0,0.E0));
#12221=CARTESIAN_POINT('',(-6.633139550522E1,5.851943359476E0,0.E0));
#12223=DIRECTION('',(0.E0,0.E0,-1.E0));
#12224=VECTOR('',#12223,1.E0);
#12225=SURFACE_OF_LINEAR_EXTRUSION('',#12222,#12224);
#12226=ORIENTED_EDGE('',*,*,#11777,.F.);
#12228=ORIENTED_EDGE('',*,*,#12227,.T.);
#12230=ORIENTED_EDGE('',*,*,#12229,.F.);
#12231=ORIENTED_EDGE('',*,*,#12208,.T.);
#12232=EDGE_LOOP('',(#12226,#12228,#12230,#12231));
#12233=FACE_OUTER_BOUND('',#12232,.F.);
#12234=ADVANCED_FACE('',(#12233),#12225,.F.);
#12235=CARTESIAN_POINT('',(-6.645016762274E1,4.349390997602E0,0.E0));
#12236=DIRECTION('',(-9.999999822053E-1,1.886513346427E-4,0.E0));
#12237=DIRECTION('',(1.886513346427E-4,9.999999822053E-1,0.E0));
#12238=AXIS2_PLACEMENT_3D('',#12235,#12236,#12237);
#12239=PLANE('',#12238);
#12240=ORIENTED_EDGE('',*,*,#11775,.F.);
#12242=ORIENTED_EDGE('',*,*,#12241,.F.);
#12244=ORIENTED_EDGE('',*,*,#12243,.T.);
#12245=ORIENTED_EDGE('',*,*,#12227,.F.);
#12246=EDGE_LOOP('',(#12240,#12242,#12244,#12245));
#12247=FACE_OUTER_BOUND('',#12246,.F.);
#12248=ADVANCED_FACE('',(#12247),#12239,.F.);
#12249=CARTESIAN_POINT('',(-6.633038492988E1,4.125038767459E0,0.E0));
#12250=CARTESIAN_POINT('',(-6.634473851513E1,4.133720825480E0,0.E0));
#12251=CARTESIAN_POINT('',(-6.641196390408E1,4.187337939640E0,0.E0));
#12252=CARTESIAN_POINT('',(-6.645755442753E1,4.297693635469E0,0.E0));
#12253=CARTESIAN_POINT('',(-6.644838405067E1,4.382637996636E0,0.E0));
#12254=CARTESIAN_POINT('',(-6.644465838290E1,4.398454090214E0,0.E0));
#12256=DIRECTION('',(0.E0,0.E0,-1.E0));
#12257=VECTOR('',#12256,1.E0);
#12258=SURFACE_OF_LINEAR_EXTRUSION('',#12255,#12257);
#12259=ORIENTED_EDGE('',*,*,#11773,.F.);
#12261=ORIENTED_EDGE('',*,*,#12260,.T.);
#12263=ORIENTED_EDGE('',*,*,#12262,.F.);
#12264=ORIENTED_EDGE('',*,*,#12241,.T.);
#12265=EDGE_LOOP('',(#12259,#12261,#12263,#12264));
#12266=FACE_OUTER_BOUND('',#12265,.F.);
#12267=ADVANCED_FACE('',(#12266),#12258,.F.);
#12268=CARTESIAN_POINT('',(-6.546584121257E1,3.251663625819E0,0.E0));
#12269=DIRECTION('',(-7.072758220992E-1,-7.069376998533E-1,0.E0));
#12270=DIRECTION('',(-7.069376998533E-1,7.072758220992E-1,0.E0));
#12271=AXIS2_PLACEMENT_3D('',#12268,#12269,#12270);
#12272=PLANE('',#12271);
#12273=ORIENTED_EDGE('',*,*,#11771,.F.);
#12275=ORIENTED_EDGE('',*,*,#12274,.F.);
#12277=ORIENTED_EDGE('',*,*,#12276,.F.);
#12278=ORIENTED_EDGE('',*,*,#12260,.F.);
#12279=EDGE_LOOP('',(#12273,#12275,#12277,#12278));
#12280=FACE_OUTER_BOUND('',#12279,.F.);
#12281=ADVANCED_FACE('',(#12280),#12272,.F.);
#12282=CARTESIAN_POINT('',(-6.522259104927E1,3.177664999991E0,0.E0));
#12283=CARTESIAN_POINT('',(-6.523888103036E1,3.173682238230E0,0.E0));
#12284=CARTESIAN_POINT('',(-6.532430386178E1,3.164166420348E0,0.E0));
#12285=CARTESIAN_POINT('',(-6.543452788388E1,3.209897448344E0,0.E0));
#12286=CARTESIAN_POINT('',(-6.548809034E1,3.276437824022E0,0.E0));
#12287=CARTESIAN_POINT('',(-6.549663985858E1,3.290263448622E0,0.E0));
#12289=DIRECTION('',(0.E0,0.E0,-1.E0));
#12290=VECTOR('',#12289,1.E0);
#12291=SURFACE_OF_LINEAR_EXTRUSION('',#12288,#12290);
#12292=ORIENTED_EDGE('',*,*,#11769,.F.);
#12294=ORIENTED_EDGE('',*,*,#12293,.T.);
#12296=ORIENTED_EDGE('',*,*,#12295,.F.);
#12297=ORIENTED_EDGE('',*,*,#12274,.T.);
#12298=EDGE_LOOP('',(#12292,#12294,#12296,#12297));
#12299=FACE_OUTER_BOUND('',#12298,.F.);
#12300=ADVANCED_FACE('',(#12299),#12291,.F.);
#12301=CARTESIAN_POINT('',(-6.399404246658E1,3.171548464189E0,0.E0));
#12302=DIRECTION('',(-1.886513378045E-4,-9.999999822053E-1,0.E0));
#12303=DIRECTION('',(-9.999999822053E-1,1.886513378045E-4,0.E0));
#12304=AXIS2_PLACEMENT_3D('',#12301,#12302,#12303);
#12305=PLANE('',#12304);
#12306=ORIENTED_EDGE('',*,*,#11767,.F.);
#12308=ORIENTED_EDGE('',*,*,#12307,.F.);
#12310=ORIENTED_EDGE('',*,*,#12309,.T.);
#12311=ORIENTED_EDGE('',*,*,#12293,.F.);
#12312=EDGE_LOOP('',(#12306,#12308,#12310,#12311));
#12313=FACE_OUTER_BOUND('',#12312,.F.);
#12314=ADVANCED_FACE('',(#12313),#12305,.F.);
#12315=CARTESIAN_POINT('',(-6.376973011277E1,3.291276405232E0,0.E0));
#12316=CARTESIAN_POINT('',(-6.377843674336E1,3.276948899032E0,0.E0));
#12317=CARTESIAN_POINT('',(-6.383211879548E1,3.209833380913E0,0.E0));
#12318=CARTESIAN_POINT('',(-6.394236312586E1,3.164142675073E0,0.E0));
#12319=CARTESIAN_POINT('',(-6.402729702028E1,3.173337599936E0,0.E0));
#12320=CARTESIAN_POINT('',(-6.404312324667E1,3.177077309729E0,0.E0));
#12322=DIRECTION('',(0.E0,0.E0,-1.E0));
#12323=VECTOR('',#12322,1.E0);
#12324=SURFACE_OF_LINEAR_EXTRUSION('',#12321,#12323);
#12325=ORIENTED_EDGE('',*,*,#11765,.F.);
#12327=ORIENTED_EDGE('',*,*,#12326,.T.);
#12329=ORIENTED_EDGE('',*,*,#12328,.F.);
#12330=ORIENTED_EDGE('',*,*,#12307,.T.);
#12331=EDGE_LOOP('',(#12325,#12327,#12329,#12330));
#12332=FACE_OUTER_BOUND('',#12331,.F.);
#12333=ADVANCED_FACE('',(#12332),#12324,.F.);
#12334=CARTESIAN_POINT('',(-6.289640910870E1,4.155963391480E0,0.E0));
#12335=DIRECTION('',(7.069733719670E-1,-7.072401652407E-1,0.E0));
#12336=DIRECTION('',(-7.072401652407E-1,-7.069733719670E-1,0.E0));
#12337=AXIS2_PLACEMENT_3D('',#12334,#12335,#12336);
#12338=PLANE('',#12337);
#12339=ORIENTED_EDGE('',*,*,#11763,.F.);
#12341=ORIENTED_EDGE('',*,*,#12340,.F.);
#12343=ORIENTED_EDGE('',*,*,#12342,.F.);
#12344=ORIENTED_EDGE('',*,*,#12326,.F.);
#12345=EDGE_LOOP('',(#12339,#12341,#12343,#12344));
#12346=FACE_OUTER_BOUND('',#12345,.F.);
#12347=ADVANCED_FACE('',(#12346),#12338,.F.);
#12348=CARTESIAN_POINT('',(-6.282240788195E1,4.399216356403E0,0.E0));
#12349=CARTESIAN_POINT('',(-6.281842499850E1,4.382926297188E0,0.E0));
#12350=CARTESIAN_POINT('',(-6.280890881186E1,4.297502115967E0,0.E0));
#12351=CARTESIAN_POINT('',(-6.285464240015E1,4.187277739508E0,0.E0));
#12352=CARTESIAN_POINT('',(-6.292118316505E1,4.133714240339E0,0.E0));
#12353=CARTESIAN_POINT('',(-6.293500853312E1,4.125164582944E0,0.E0));
#12355=DIRECTION('',(0.E0,0.E0,-1.E0));
#12356=VECTOR('',#12355,1.E0);
#12357=SURFACE_OF_LINEAR_EXTRUSION('',#12354,#12356);
#12358=ORIENTED_EDGE('',*,*,#11761,.F.);
#12360=ORIENTED_EDGE('',*,*,#12359,.T.);
#12362=ORIENTED_EDGE('',*,*,#12361,.F.);
#12363=ORIENTED_EDGE('',*,*,#12340,.T.);
#12364=EDGE_LOOP('',(#12358,#12360,#12362,#12363));
#12365=FACE_OUTER_BOUND('',#12364,.F.);
#12366=ADVANCED_FACE('',(#12365),#12357,.F.);
#12367=CARTESIAN_POINT('',(-6.281629116425E1,5.627853401931E0,0.E0));
#12368=DIRECTION('',(9.999999822053E-1,-1.886513337251E-4,0.E0));
#12369=DIRECTION('',(-1.886513337251E-4,-9.999999822053E-1,0.E0));
#12370=AXIS2_PLACEMENT_3D('',#12367,#12368,#12369);
#12371=PLANE('',#12370);
#12372=ORIENTED_EDGE('',*,*,#11759,.F.);
#12374=ORIENTED_EDGE('',*,*,#12373,.F.);
#12376=ORIENTED_EDGE('',*,*,#12375,.T.);
#12377=ORIENTED_EDGE('',*,*,#12359,.F.);
#12378=EDGE_LOOP('',(#12372,#12374,#12376,#12377));
#12379=FACE_OUTER_BOUND('',#12378,.F.);
#12380=ADVANCED_FACE('',(#12379),#12371,.F.);
#12381=CARTESIAN_POINT('',(-6.293602342960E1,5.852259510592E0,0.E0));
#12382=CARTESIAN_POINT('',(-6.292169353648E1,5.843552708815E0,0.E0));
#12383=CARTESIAN_POINT('',(-6.285455168239E1,5.789850923281E0,0.E0));
#12384=CARTESIAN_POINT('',(-6.280889274331E1,5.679559892323E0,0.E0));
#12385=CARTESIAN_POINT('',(-6.281807771157E1,5.594600517980E0,0.E0));
#12386=CARTESIAN_POINT('',(-6.282181127492E1,5.578775848425E0,0.E0));
#12388=DIRECTION('',(0.E0,0.E0,-1.E0));
#12389=VECTOR('',#12388,1.E0);
#12390=SURFACE_OF_LINEAR_EXTRUSION('',#12387,#12389);
#12391=ORIENTED_EDGE('',*,*,#11757,.F.);
#12392=ORIENTED_EDGE('',*,*,#12145,.T.);
#12394=ORIENTED_EDGE('',*,*,#12393,.F.);
#12395=ORIENTED_EDGE('',*,*,#12373,.T.);
#12396=EDGE_LOOP('',(#12391,#12392,#12394,#12395));
#12397=FACE_OUTER_BOUND('',#12396,.F.);
#12398=ADVANCED_FACE('',(#12397),#12390,.F.);
#12399=CARTESIAN_POINT('',(0.E0,0.E0,5.E-1));
#12400=DIRECTION('',(0.E0,0.E0,-1.E0));
#12401=DIRECTION('',(-1.E0,0.E0,0.E0));
#12402=AXIS2_PLACEMENT_3D('',#12399,#12400,#12401);
#12403=PLANE('',#12402);
#12404=ORIENTED_EDGE('',*,*,#12143,.T.);
#12405=ORIENTED_EDGE('',*,*,#12163,.T.);
#12406=ORIENTED_EDGE('',*,*,#12177,.F.);
#12407=ORIENTED_EDGE('',*,*,#12196,.T.);
#12408=ORIENTED_EDGE('',*,*,#12210,.T.);
#12409=ORIENTED_EDGE('',*,*,#12229,.T.);
#12410=ORIENTED_EDGE('',*,*,#12243,.F.);
#12411=ORIENTED_EDGE('',*,*,#12262,.T.);
#12412=ORIENTED_EDGE('',*,*,#12276,.T.);
#12413=ORIENTED_EDGE('',*,*,#12295,.T.);
#12414=ORIENTED_EDGE('',*,*,#12309,.F.);
#12415=ORIENTED_EDGE('',*,*,#12328,.T.);
#12416=ORIENTED_EDGE('',*,*,#12342,.T.);
#12417=ORIENTED_EDGE('',*,*,#12361,.T.);
#12418=ORIENTED_EDGE('',*,*,#12375,.F.);
#12419=ORIENTED_EDGE('',*,*,#12393,.T.);
#12420=EDGE_LOOP('',(#12404,#12405,#12406,#12407,#12408,#12409,#12410,#12411,
#12412,#12413,#12414,#12415,#12416,#12417,#12418,#12419));
#12421=FACE_OUTER_BOUND('',#12420,.F.);
#12423=ORIENTED_EDGE('',*,*,#12422,.F.);
#12425=ORIENTED_EDGE('',*,*,#12424,.T.);
#12427=ORIENTED_EDGE('',*,*,#12426,.F.);
#12429=ORIENTED_EDGE('',*,*,#12428,.T.);
#12431=ORIENTED_EDGE('',*,*,#12430,.F.);
#12433=ORIENTED_EDGE('',*,*,#12432,.T.);
#12435=ORIENTED_EDGE('',*,*,#12434,.F.);
#12437=ORIENTED_EDGE('',*,*,#12436,.T.);
#12438=EDGE_LOOP('',(#12423,#12425,#12427,#12429,#12431,#12433,#12435,#12437));
#12439=FACE_BOUND('',#12438,.F.);
#12440=ADVANCED_FACE('',(#12421,#12439),#12403,.T.);
#12441=CARTESIAN_POINT('',(-6.435268254135E1,5.829780788885E0,0.E0));
#12442=DIRECTION('',(-1.886513312237E-4,-9.999999822053E-1,0.E0));
#12443=DIRECTION('',(-9.999999822053E-1,1.886513312237E-4,0.E0));
#12444=AXIS2_PLACEMENT_3D('',#12441,#12442,#12443);
#12445=PLANE('',#12444);
#12447=ORIENTED_EDGE('',*,*,#12446,.F.);
#12449=ORIENTED_EDGE('',*,*,#12448,.F.);
#12450=ORIENTED_EDGE('',*,*,#12422,.T.);
#12452=ORIENTED_EDGE('',*,*,#12451,.F.);
#12453=EDGE_LOOP('',(#12447,#12449,#12450,#12452));
#12454=FACE_OUTER_BOUND('',#12453,.F.);
#12455=ADVANCED_FACE('',(#12454),#12445,.F.);
#12456=CARTESIAN_POINT('',(0.E0,0.E0,0.E0));
#12457=DIRECTION('',(0.E0,0.E0,1.E0));
#12458=DIRECTION('',(1.E0,0.E0,0.E0));
#12459=AXIS2_PLACEMENT_3D('',#12456,#12457,#12458);
#12460=PLANE('',#12459);
#12461=ORIENTED_EDGE('',*,*,#12446,.T.);
#12463=ORIENTED_EDGE('',*,*,#12462,.T.);
#12465=ORIENTED_EDGE('',*,*,#12464,.T.);
#12467=ORIENTED_EDGE('',*,*,#12466,.T.);
#12469=ORIENTED_EDGE('',*,*,#12468,.T.);
#12471=ORIENTED_EDGE('',*,*,#12470,.T.);
#12473=ORIENTED_EDGE('',*,*,#12472,.T.);
#12475=ORIENTED_EDGE('',*,*,#12474,.T.);
#12476=EDGE_LOOP('',(#12461,#12463,#12465,#12467,#12469,#12471,#12473,#12475));
#12477=FACE_OUTER_BOUND('',#12476,.F.);
#12478=ADVANCED_FACE('',(#12477),#12460,.F.);
#12479=CARTESIAN_POINT('',(-6.547454545988E1,5.830028893885E0,0.E0));
#12480=DIRECTION('',(0.E0,0.E0,1.E0));
#12481=DIRECTION('',(1.968579750188E-4,-9.999999806235E-1,0.E0));
#12482=AXIS2_PLACEMENT_3D('',#12479,#12480,#12481);
#12483=CYLINDRICAL_SURFACE('',#12482,5.609953586452E-1);
#12484=ORIENTED_EDGE('',*,*,#12462,.F.);
#12485=ORIENTED_EDGE('',*,*,#12451,.T.);
#12486=ORIENTED_EDGE('',*,*,#12436,.F.);
#12488=ORIENTED_EDGE('',*,*,#12487,.T.);
#12489=EDGE_LOOP('',(#12484,#12485,#12486,#12488));
#12490=FACE_OUTER_BOUND('',#12489,.F.);
#12491=ADVANCED_FACE('',(#12490),#12483,.F.);
#12492=CARTESIAN_POINT('',(-6.547443502347E1,5.269033546110E0,0.E0));
#12493=DIRECTION('',(9.999999822053E-1,-1.886513378701E-4,0.E0));
#12494=DIRECTION('',(-1.886513378701E-4,-9.999999822053E-1,0.E0));
#12495=AXIS2_PLACEMENT_3D('',#12492,#12493,#12494);
#12496=PLANE('',#12495);
#12497=ORIENTED_EDGE('',*,*,#12464,.F.);
#12498=ORIENTED_EDGE('',*,*,#12487,.F.);
#12499=ORIENTED_EDGE('',*,*,#12434,.T.);
#12501=ORIENTED_EDGE('',*,*,#12500,.F.);
#12502=EDGE_LOOP('',(#12497,#12498,#12499,#12501));
#12503=FACE_OUTER_BOUND('',#12502,.F.);
#12504=ADVANCED_FACE('',(#12503),#12496,.F.);
#12505=CARTESIAN_POINT('',(-6.547470939406E1,4.147415390627E0,0.E0));
#12506=DIRECTION('',(0.E0,0.E0,1.E0));
#12507=DIRECTION('',(9.999999970570E-1,-7.671992583519E-5,0.E0));
#12508=AXIS2_PLACEMENT_3D('',#12505,#12506,#12507);
#12509=CYLINDRICAL_SURFACE('',#12508,5.608418678699E-1);
#12510=ORIENTED_EDGE('',*,*,#12466,.F.);
#12511=ORIENTED_EDGE('',*,*,#12500,.T.);
#12512=ORIENTED_EDGE('',*,*,#12432,.F.);
#12514=ORIENTED_EDGE('',*,*,#12513,.T.);
#12515=EDGE_LOOP('',(#12510,#12511,#12512,#12514));
#12516=FACE_OUTER_BOUND('',#12515,.F.);
#12517=ADVANCED_FACE('',(#12516),#12509,.F.);
#12518=CARTESIAN_POINT('',(-6.491386752784E1,4.147372362880E0,0.E0));
#12519=DIRECTION('',(1.886513313140E-4,9.999999822053E-1,0.E0));
#12520=DIRECTION('',(9.999999822053E-1,-1.886513313140E-4,0.E0));
#12521=AXIS2_PLACEMENT_3D('',#12518,#12519,#12520);
#12522=PLANE('',#12521);
#12523=ORIENTED_EDGE('',*,*,#12468,.F.);
#12524=ORIENTED_EDGE('',*,*,#12513,.F.);
#12525=ORIENTED_EDGE('',*,*,#12430,.T.);
#12527=ORIENTED_EDGE('',*,*,#12526,.F.);
#12528=EDGE_LOOP('',(#12523,#12524,#12525,#12527));
#12529=FACE_OUTER_BOUND('',#12528,.F.);
#12530=ADVANCED_FACE('',(#12529),#12522,.F.);
#12531=CARTESIAN_POINT('',(-6.379219764212E1,4.147137528049E0,0.E0));
#12532=DIRECTION('',(0.E0,0.E0,1.E0));
#12533=DIRECTION('',(3.050305968094E-4,9.999999534782E-1,0.E0));
#12534=AXIS2_PLACEMENT_3D('',#12531,#12532,#12533);
#12535=CYLINDRICAL_SURFACE('',#12534,5.608023226366E-1);
#12536=ORIENTED_EDGE('',*,*,#12470,.F.);
#12537=ORIENTED_EDGE('',*,*,#12526,.T.);
#12538=ORIENTED_EDGE('',*,*,#12428,.F.);
#12540=ORIENTED_EDGE('',*,*,#12539,.T.);
#12541=EDGE_LOOP('',(#12536,#12537,#12538,#12540));
#12542=FACE_OUTER_BOUND('',#12541,.F.);
#12543=ADVANCED_FACE('',(#12542),#12535,.F.);
#12544=CARTESIAN_POINT('',(-6.379202658025E1,4.707939824596E0,0.E0));
#12545=DIRECTION('',(-9.999999822053E-1,1.886513322063E-4,0.E0));
#12546=DIRECTION('',(1.886513322063E-4,9.999999822053E-1,0.E0));
#12547=AXIS2_PLACEMENT_3D('',#12544,#12545,#12546);
#12548=PLANE('',#12547);
#12549=ORIENTED_EDGE('',*,*,#12472,.F.);
#12550=ORIENTED_EDGE('',*,*,#12539,.F.);
#12551=ORIENTED_EDGE('',*,*,#12426,.T.);
#12553=ORIENTED_EDGE('',*,*,#12552,.F.);
#12554=EDGE_LOOP('',(#12549,#12550,#12551,#12553));
#12555=FACE_OUTER_BOUND('',#12554,.F.);
#12556=ADVANCED_FACE('',(#12555),#12548,.F.);
#12557=CARTESIAN_POINT('',(-6.379172679965E1,5.829671856275E0,0.E0));
#12558=DIRECTION('',(0.E0,0.E0,1.E0));
#12559=DIRECTION('',(-9.999999811449E-1,1.941910913735E-4,0.E0));
#12560=AXIS2_PLACEMENT_3D('',#12557,#12558,#12559);
#12561=CYLINDRICAL_SURFACE('',#12560,5.609557522724E-1);
#12562=ORIENTED_EDGE('',*,*,#12474,.F.);
#12563=ORIENTED_EDGE('',*,*,#12552,.T.);
#12564=ORIENTED_EDGE('',*,*,#12424,.F.);
#12565=ORIENTED_EDGE('',*,*,#12448,.T.);
#12566=EDGE_LOOP('',(#12562,#12563,#12564,#12565));
#12567=FACE_OUTER_BOUND('',#12566,.F.);
#12568=ADVANCED_FACE('',(#12567),#12561,.F.);
#12569=CARTESIAN_POINT('',(-6.791846196528E1,5.897513884526E0,0.E0));
#12570=DIRECTION('',(1.886513365398E-4,9.999999822053E-1,0.E0));
#12571=DIRECTION('',(9.999999822053E-1,-1.886513365398E-4,0.E0));
#12572=AXIS2_PLACEMENT_3D('',#12569,#12570,#12571);
#12573=PLANE('',#12572);
#12574=ORIENTED_EDGE('',*,*,#11789,.F.);
#12576=ORIENTED_EDGE('',*,*,#12575,.T.);
#12578=ORIENTED_EDGE('',*,*,#12577,.T.);
#12580=ORIENTED_EDGE('',*,*,#12579,.F.);
#12581=EDGE_LOOP('',(#12574,#12576,#12578,#12580));
#12582=FACE_OUTER_BOUND('',#12581,.F.);
#12583=ADVANCED_FACE('',(#12582),#12573,.F.);
#12584=CARTESIAN_POINT('',(-6.791832481936E1,6.624494796225E0,0.E0));
#12585=DIRECTION('',(9.999999822053E-1,-1.886513367426E-4,0.E0));
#12586=DIRECTION('',(-1.886513367426E-4,-9.999999822053E-1,0.E0));
#12587=AXIS2_PLACEMENT_3D('',#12584,#12585,#12586);
#12588=PLANE('',#12587);
#12589=ORIENTED_EDGE('',*,*,#11827,.F.);
#12591=ORIENTED_EDGE('',*,*,#12590,.F.);
#12593=ORIENTED_EDGE('',*,*,#12592,.T.);
#12594=ORIENTED_EDGE('',*,*,#12575,.F.);
#12595=EDGE_LOOP('',(#12589,#12591,#12593,#12594));
#12596=FACE_OUTER_BOUND('',#12595,.F.);
#12597=ADVANCED_FACE('',(#12596),#12588,.F.);
#12598=CARTESIAN_POINT('',(-6.815279984231E1,6.791364312365E0,0.E0));
#12599=CARTESIAN_POINT('',(-6.813631501870E1,6.801458118007E0,0.E0));
#12600=CARTESIAN_POINT('',(-6.803497973194E1,6.826736444299E0,0.E0));
#12601=CARTESIAN_POINT('',(-6.789856228255E1,6.690267514532E0,0.E0));
#12602=CARTESIAN_POINT('',(-6.792239870861E1,6.589709066766E0,0.E0));
#12603=CARTESIAN_POINT('',(-6.793146459181E1,6.573905867894E0,0.E0));
#12605=DIRECTION('',(0.E0,0.E0,-1.E0));
#12606=VECTOR('',#12605,1.E0);
#12607=SURFACE_OF_LINEAR_EXTRUSION('',#12604,#12606);
#12608=ORIENTED_EDGE('',*,*,#11825,.F.);
#12610=ORIENTED_EDGE('',*,*,#12609,.T.);
#12612=ORIENTED_EDGE('',*,*,#12611,.F.);
#12613=ORIENTED_EDGE('',*,*,#12590,.T.);
#12614=EDGE_LOOP('',(#12608,#12610,#12612,#12613));
#12615=FACE_OUTER_BOUND('',#12614,.F.);
#12616=ADVANCED_FACE('',(#12615),#12607,.F.);
#12617=CARTESIAN_POINT('',(-6.955368167337E1,6.806232572431E0,0.E0));
#12618=DIRECTION('',(1.886513367989E-4,9.999999822053E-1,0.E0));
#12619=DIRECTION('',(9.999999822053E-1,-1.886513367989E-4,0.E0));
#12620=AXIS2_PLACEMENT_3D('',#12617,#12618,#12619);
#12621=PLANE('',#12620);
#12622=ORIENTED_EDGE('',*,*,#11823,.F.);
#12624=ORIENTED_EDGE('',*,*,#12623,.F.);
#12626=ORIENTED_EDGE('',*,*,#12625,.T.);
#12627=ORIENTED_EDGE('',*,*,#12609,.F.);
#12628=EDGE_LOOP('',(#12622,#12624,#12626,#12627));
#12629=FACE_OUTER_BOUND('',#12628,.F.);
#12630=ADVANCED_FACE('',(#12629),#12621,.F.);
#12631=CARTESIAN_POINT('',(-6.972054840901E1,6.571757606348E0,0.E0));
#12632=CARTESIAN_POINT('',(-6.973064222495E1,6.588242300048E0,0.E0));
#12633=CARTESIAN_POINT('',(-6.975592033757E1,6.689576626339E0,0.E0));
#12634=CARTESIAN_POINT('',(-6.961945396548E1,6.825995452986E0,0.E0));
#12635=CARTESIAN_POINT('',(-6.951889578595E1,6.802158569178E0,0.E0));
#12636=CARTESIAN_POINT('',(-6.950309242746E1,6.793092411379E0,0.E0));
#12638=DIRECTION('',(0.E0,0.E0,-1.E0));
#12639=VECTOR('',#12638,1.E0);
#12640=SURFACE_OF_LINEAR_EXTRUSION('',#12637,#12639);
#12641=ORIENTED_EDGE('',*,*,#11821,.F.);
#12643=ORIENTED_EDGE('',*,*,#12642,.T.);
#12645=ORIENTED_EDGE('',*,*,#12644,.F.);
#12646=ORIENTED_EDGE('',*,*,#12623,.T.);
#12647=EDGE_LOOP('',(#12641,#12643,#12645,#12646));
#12648=FACE_OUTER_BOUND('',#12647,.F.);
#12649=ADVANCED_FACE('',(#12648),#12640,.F.);
#12650=CARTESIAN_POINT('',(-6.973527953805E1,5.897856629593E0,0.E0));
#12651=DIRECTION('',(-9.999999822053E-1,1.886513321881E-4,0.E0));
#12652=DIRECTION('',(1.886513321881E-4,9.999999822053E-1,0.E0));
#12653=AXIS2_PLACEMENT_3D('',#12650,#12651,#12652);
#12654=PLANE('',#12653);
#12655=ORIENTED_EDGE('',*,*,#11819,.F.);
#12657=ORIENTED_EDGE('',*,*,#12656,.T.);
#12659=ORIENTED_EDGE('',*,*,#12658,.T.);
#12660=ORIENTED_EDGE('',*,*,#12642,.F.);
#12661=EDGE_LOOP('',(#12655,#12657,#12659,#12660));
#12662=FACE_OUTER_BOUND('',#12661,.F.);
#12663=ADVANCED_FACE('',(#12662),#12654,.F.);
#12664=CARTESIAN_POINT('',(-7.046226044975E1,5.897993775518E0,0.E0));
#12665=DIRECTION('',(1.886513389447E-4,9.999999822053E-1,0.E0));
#12666=DIRECTION('',(9.999999822053E-1,-1.886513389447E-4,0.E0));
#12667=AXIS2_PLACEMENT_3D('',#12664,#12665,#12666);
#12668=PLANE('',#12667);
#12669=ORIENTED_EDGE('',*,*,#11817,.F.);
#12671=ORIENTED_EDGE('',*,*,#12670,.F.);
#12673=ORIENTED_EDGE('',*,*,#12672,.T.);
#12674=ORIENTED_EDGE('',*,*,#12656,.F.);
#12675=EDGE_LOOP('',(#12669,#12671,#12673,#12674));
#12676=FACE_OUTER_BOUND('',#12675,.F.);
#12677=ADVANCED_FACE('',(#12676),#12668,.F.);
#12678=CARTESIAN_POINT('',(-7.062912694781E1,5.663521551988E0,0.E0));
#12679=CARTESIAN_POINT('',(-7.063922093289E1,5.680006333394E0,0.E0));
#12680=CARTESIAN_POINT('',(-7.066449934075E1,5.781340315498E0,0.E0));
#12681=CARTESIAN_POINT('',(-7.052803187150E1,5.917756304914E0,0.E0));
#12682=CARTESIAN_POINT('',(-7.042747473947E1,5.893919827220E0,0.E0));
#12683=CARTESIAN_POINT('',(-7.041167158708E1,5.884853798642E0,0.E0));
#12685=DIRECTION('',(0.E0,0.E0,-1.E0));
#12686=VECTOR('',#12685,1.E0);
#12687=SURFACE_OF_LINEAR_EXTRUSION('',#12684,#12686);
#12688=ORIENTED_EDGE('',*,*,#11815,.F.);
#12690=ORIENTED_EDGE('',*,*,#12689,.T.);
#12692=ORIENTED_EDGE('',*,*,#12691,.F.);
#12693=ORIENTED_EDGE('',*,*,#12670,.T.);
#12694=EDGE_LOOP('',(#12688,#12690,#12692,#12693));
#12695=FACE_OUTER_BOUND('',#12694,.F.);
#12696=ADVANCED_FACE('',(#12695),#12687,.F.);
#12697=CARTESIAN_POINT('',(-7.064399544261E1,4.262730951570E0,0.E0));
#12698=DIRECTION('',(-9.999999822053E-1,1.886513330974E-4,0.E0));
#12699=DIRECTION('',(1.886513330974E-4,9.999999822053E-1,0.E0));
#12700=AXIS2_PLACEMENT_3D('',#12697,#12698,#12699);
#12701=PLANE('',#12700);
#12702=ORIENTED_EDGE('',*,*,#11813,.F.);
#12704=ORIENTED_EDGE('',*,*,#12703,.F.);
#12706=ORIENTED_EDGE('',*,*,#12705,.T.);
#12707=ORIENTED_EDGE('',*,*,#12689,.F.);
#12708=EDGE_LOOP('',(#12702,#12704,#12706,#12707));
#12709=FACE_OUTER_BOUND('',#12708,.F.);
#12710=ADVANCED_FACE('',(#12709),#12701,.F.);
#12711=CARTESIAN_POINT('',(-7.040952316223E1,4.095861672983E0,0.E0));
#12712=CARTESIAN_POINT('',(-7.042600807354E1,4.085767698215E0,0.E0));
#12713=CARTESIAN_POINT('',(-7.052734301612E1,4.060489076717E0,0.E0));
#12714=CARTESIAN_POINT('',(-7.066375762826E1,4.196959103617E0,0.E0));
#12715=CARTESIAN_POINT('',(-7.063992160831E1,4.297516503890E0,0.E0));
#12716=CARTESIAN_POINT('',(-7.063085585433E1,4.313319496669E0,0.E0));
#12718=DIRECTION('',(0.E0,0.E0,-1.E0));
#12719=VECTOR('',#12718,1.E0);
#12720=SURFACE_OF_LINEAR_EXTRUSION('',#12717,#12719);
#12721=ORIENTED_EDGE('',*,*,#11811,.F.);
#12723=ORIENTED_EDGE('',*,*,#12722,.T.);
#12725=ORIENTED_EDGE('',*,*,#12724,.F.);
#12726=ORIENTED_EDGE('',*,*,#12703,.T.);
#12727=EDGE_LOOP('',(#12721,#12723,#12725,#12726));
#12728=FACE_OUTER_BOUND('',#12727,.F.);
#12729=ADVANCED_FACE('',(#12728),#12720,.F.);
#12730=CARTESIAN_POINT('',(-6.973562226589E1,4.081130321811E0,0.E0));
#12731=DIRECTION('',(-1.886513345560E-4,-9.999999822053E-1,0.E0));
#12732=DIRECTION('',(-9.999999822053E-1,1.886513345560E-4,0.E0));
#12733=AXIS2_PLACEMENT_3D('',#12730,#12731,#12732);
#12734=PLANE('',#12733);
#12735=ORIENTED_EDGE('',*,*,#11809,.F.);
#12737=ORIENTED_EDGE('',*,*,#12736,.T.);
#12739=ORIENTED_EDGE('',*,*,#12738,.T.);
#12740=ORIENTED_EDGE('',*,*,#12722,.F.);
#12741=EDGE_LOOP('',(#12735,#12737,#12739,#12740));
#12742=FACE_OUTER_BOUND('',#12741,.F.);
#12743=ADVANCED_FACE('',(#12742),#12734,.F.);
#12744=CARTESIAN_POINT('',(-6.973575941182E1,3.354149410108E0,0.E0));
#12745=DIRECTION('',(-9.999999822053E-1,1.886513367222E-4,0.E0));
#12746=DIRECTION('',(1.886513367222E-4,9.999999822053E-1,0.E0));
#12747=AXIS2_PLACEMENT_3D('',#12744,#12745,#12746);
#12748=PLANE('',#12747);
#12749=ORIENTED_EDGE('',*,*,#11807,.F.);
#12751=ORIENTED_EDGE('',*,*,#12750,.F.);
#12753=ORIENTED_EDGE('',*,*,#12752,.T.);
#12754=ORIENTED_EDGE('',*,*,#12736,.F.);
#12755=EDGE_LOOP('',(#12749,#12751,#12753,#12754));
#12756=FACE_OUTER_BOUND('',#12755,.F.);
#12757=ADVANCED_FACE('',(#12756),#12748,.F.);
#12758=CARTESIAN_POINT('',(-6.950128718829E1,3.187282912045E0,0.E0));
#12759=CARTESIAN_POINT('',(-6.951777196970E1,3.177188926970E0,0.E0));
#12760=CARTESIAN_POINT('',(-6.961910595180E1,3.151910519116E0,0.E0));
#12761=CARTESIAN_POINT('',(-6.975552194121E1,3.288377988355E0,0.E0));
#12762=CARTESIAN_POINT('',(-6.973168546352E1,3.388935120389E0,0.E0));
#12763=CARTESIAN_POINT('',(-6.972261943494E1,3.404738272778E0,0.E0));
#12765=DIRECTION('',(0.E0,0.E0,-1.E0));
#12766=VECTOR('',#12765,1.E0);
#12767=SURFACE_OF_LINEAR_EXTRUSION('',#12764,#12766);
#12768=ORIENTED_EDGE('',*,*,#11805,.F.);
#12770=ORIENTED_EDGE('',*,*,#12769,.T.);
#12772=ORIENTED_EDGE('',*,*,#12771,.F.);
#12773=ORIENTED_EDGE('',*,*,#12750,.T.);
#12774=EDGE_LOOP('',(#12768,#12770,#12772,#12773));
#12775=FACE_OUTER_BOUND('',#12774,.F.);
#12776=ADVANCED_FACE('',(#12775),#12767,.F.);
#12777=CARTESIAN_POINT('',(-6.810040532289E1,3.172414400029E0,0.E0));
#12778=DIRECTION('',(-1.886513367922E-4,-9.999999822053E-1,0.E0));
#12779=DIRECTION('',(-9.999999822053E-1,1.886513367922E-4,0.E0));
#12780=AXIS2_PLACEMENT_3D('',#12777,#12778,#12779);
#12781=PLANE('',#12780);
#12782=ORIENTED_EDGE('',*,*,#11803,.F.);
#12784=ORIENTED_EDGE('',*,*,#12783,.F.);
#12786=ORIENTED_EDGE('',*,*,#12785,.T.);
#12787=ORIENTED_EDGE('',*,*,#12769,.F.);
#12788=EDGE_LOOP('',(#12782,#12784,#12786,#12787));
#12789=FACE_OUTER_BOUND('',#12788,.F.);
#12790=ADVANCED_FACE('',(#12789),#12781,.F.);
#12791=CARTESIAN_POINT('',(-6.793353604430E1,3.406886680412E0,0.E0));
#12792=CARTESIAN_POINT('',(-6.792344206953E1,3.390401769100E0,0.E0));
#12793=CARTESIAN_POINT('',(-6.789816344803E1,3.289066826522E0,0.E0));
#12794=CARTESIAN_POINT('',(-6.803463347493E1,3.152652214379E0,0.E0));
#12795=CARTESIAN_POINT('',(-6.813519087521E1,3.176488234328E0,0.E0));
#12796=CARTESIAN_POINT('',(-6.815099386799E1,3.185553988306E0,0.E0));
#12798=DIRECTION('',(0.E0,0.E0,-1.E0));
#12799=VECTOR('',#12798,1.E0);
#12800=SURFACE_OF_LINEAR_EXTRUSION('',#12797,#12799);
#12801=ORIENTED_EDGE('',*,*,#11801,.F.);
#12803=ORIENTED_EDGE('',*,*,#12802,.T.);
#12805=ORIENTED_EDGE('',*,*,#12804,.F.);
#12806=ORIENTED_EDGE('',*,*,#12783,.T.);
#12807=EDGE_LOOP('',(#12801,#12803,#12805,#12806));
#12808=FACE_OUTER_BOUND('',#12807,.F.);
#12809=ADVANCED_FACE('',(#12808),#12800,.F.);
#12810=CARTESIAN_POINT('',(-6.791880469313E1,4.080787576740E0,0.E0));
#12811=DIRECTION('',(9.999999822053E-1,-1.886513367231E-4,0.E0));
#12812=DIRECTION('',(-1.886513367231E-4,-9.999999822053E-1,0.E0));
#12813=AXIS2_PLACEMENT_3D('',#12810,#12811,#12812);
#12814=PLANE('',#12813);
#12815=ORIENTED_EDGE('',*,*,#11799,.F.);
#12817=ORIENTED_EDGE('',*,*,#12816,.T.);
#12819=ORIENTED_EDGE('',*,*,#12818,.T.);
#12820=ORIENTED_EDGE('',*,*,#12802,.F.);
#12821=EDGE_LOOP('',(#12815,#12817,#12819,#12820));
#12822=FACE_OUTER_BOUND('',#12821,.F.);
#12823=ADVANCED_FACE('',(#12822),#12814,.F.);
#12824=CARTESIAN_POINT('',(-6.719191504641E1,4.080650448034E0,0.E0));
#12825=DIRECTION('',(-1.886513366924E-4,-9.999999822053E-1,0.E0));
#12826=DIRECTION('',(-9.999999822053E-1,1.886513366924E-4,0.E0));
#12827=AXIS2_PLACEMENT_3D('',#12824,#12825,#12826);
#12828=PLANE('',#12827);
#12829=ORIENTED_EDGE('',*,*,#11797,.F.);
#12831=ORIENTED_EDGE('',*,*,#12830,.F.);
#12833=ORIENTED_EDGE('',*,*,#12832,.T.);
#12834=ORIENTED_EDGE('',*,*,#12816,.F.);
#12835=EDGE_LOOP('',(#12829,#12831,#12833,#12834));
#12836=FACE_OUTER_BOUND('',#12835,.F.);
#12837=ADVANCED_FACE('',(#12836),#12828,.F.);
#12838=CARTESIAN_POINT('',(-6.702504831078E1,4.315125414115E0,0.E0));
#12839=CARTESIAN_POINT('',(-6.701495449484E1,4.298640720416E0,0.E0));
#12840=CARTESIAN_POINT('',(-6.698967638221E1,4.197306394127E0,0.E0));
#12841=CARTESIAN_POINT('',(-6.712614275430E1,4.060887567487E0,0.E0));
#12842=CARTESIAN_POINT('',(-6.722670093383E1,4.084724451284E0,0.E0));
#12843=CARTESIAN_POINT('',(-6.724250429232E1,4.093790609079E0,0.E0));
#12845=DIRECTION('',(0.E0,0.E0,-1.E0));
#12846=VECTOR('',#12845,1.E0);
#12847=SURFACE_OF_LINEAR_EXTRUSION('',#12844,#12846);
#12848=ORIENTED_EDGE('',*,*,#11795,.F.);
#12850=ORIENTED_EDGE('',*,*,#12849,.T.);
#12852=ORIENTED_EDGE('',*,*,#12851,.F.);
#12853=ORIENTED_EDGE('',*,*,#12830,.T.);
#12854=EDGE_LOOP('',(#12848,#12850,#12852,#12853));
#12855=FACE_OUTER_BOUND('',#12854,.F.);
#12856=ADVANCED_FACE('',(#12855),#12847,.F.);
#12857=CARTESIAN_POINT('',(-6.701018005303E1,5.715916037587E0,0.E0));
#12858=DIRECTION('',(9.999999822053E-1,-1.886513348270E-4,0.E0));
#12859=DIRECTION('',(-1.886513348270E-4,-9.999999822053E-1,0.E0));
#12860=AXIS2_PLACEMENT_3D('',#12857,#12858,#12859);
#12861=PLANE('',#12860);
#12862=ORIENTED_EDGE('',*,*,#11793,.F.);
#12864=ORIENTED_EDGE('',*,*,#12863,.F.);
#12866=ORIENTED_EDGE('',*,*,#12865,.T.);
#12867=ORIENTED_EDGE('',*,*,#12849,.F.);
#12868=EDGE_LOOP('',(#12862,#12864,#12866,#12867));
#12869=FACE_OUTER_BOUND('',#12868,.F.);
#12870=ADVANCED_FACE('',(#12869),#12861,.F.);
#12871=CARTESIAN_POINT('',(-6.724465227656E1,5.882782535655E0,0.E0));
#12872=CARTESIAN_POINT('',(-6.722816749515E1,5.892876520727E0,0.E0));
#12873=CARTESIAN_POINT('',(-6.712683351304E1,5.918154928578E0,0.E0));
#12874=CARTESIAN_POINT('',(-6.699041752364E1,5.781687459342E0,0.E0));
#12875=CARTESIAN_POINT('',(-6.701425400133E1,5.681130327307E0,0.E0));
#12876=CARTESIAN_POINT('',(-6.702332002991E1,5.665327174918E0,0.E0));
#12878=DIRECTION('',(0.E0,0.E0,-1.E0));
#12879=VECTOR('',#12878,1.E0);
#12880=SURFACE_OF_LINEAR_EXTRUSION('',#12877,#12879);
#12881=ORIENTED_EDGE('',*,*,#11791,.F.);
#12882=ORIENTED_EDGE('',*,*,#12579,.T.);
#12884=ORIENTED_EDGE('',*,*,#12883,.F.);
#12885=ORIENTED_EDGE('',*,*,#12863,.T.);
#12886=EDGE_LOOP('',(#12881,#12882,#12884,#12885));
#12887=FACE_OUTER_BOUND('',#12886,.F.);
#12888=ADVANCED_FACE('',(#12887),#12880,.F.);
#12889=CARTESIAN_POINT('',(0.E0,0.E0,5.E-1));
#12890=DIRECTION('',(0.E0,0.E0,-1.E0));
#12891=DIRECTION('',(-1.E0,0.E0,0.E0));
#12892=AXIS2_PLACEMENT_3D('',#12889,#12890,#12891);
#12893=PLANE('',#12892);
#12894=ORIENTED_EDGE('',*,*,#12577,.F.);
#12895=ORIENTED_EDGE('',*,*,#12592,.F.);
#12896=ORIENTED_EDGE('',*,*,#12611,.T.);
#12897=ORIENTED_EDGE('',*,*,#12625,.F.);
#12898=ORIENTED_EDGE('',*,*,#12644,.T.);
#12899=ORIENTED_EDGE('',*,*,#12658,.F.);
#12900=ORIENTED_EDGE('',*,*,#12672,.F.);
#12901=ORIENTED_EDGE('',*,*,#12691,.T.);
#12902=ORIENTED_EDGE('',*,*,#12705,.F.);
#12903=ORIENTED_EDGE('',*,*,#12724,.T.);
#12904=ORIENTED_EDGE('',*,*,#12738,.F.);
#12905=ORIENTED_EDGE('',*,*,#12752,.F.);
#12906=ORIENTED_EDGE('',*,*,#12771,.T.);
#12907=ORIENTED_EDGE('',*,*,#12785,.F.);
#12908=ORIENTED_EDGE('',*,*,#12804,.T.);
#12909=ORIENTED_EDGE('',*,*,#12818,.F.);
#12910=ORIENTED_EDGE('',*,*,#12832,.F.);
#12911=ORIENTED_EDGE('',*,*,#12851,.T.);
#12912=ORIENTED_EDGE('',*,*,#12865,.F.);
#12913=ORIENTED_EDGE('',*,*,#12883,.T.);
#12914=EDGE_LOOP('',(#12894,#12895,#12896,#12897,#12898,#12899,#12900,#12901,
#12902,#12903,#12904,#12905,#12906,#12907,#12908,#12909,#12910,#12911,#12912,
#12913));
#12915=FACE_OUTER_BOUND('',#12914,.F.);
#12916=ADVANCED_FACE('',(#12915),#12893,.T.);
#12917=CARTESIAN_POINT('',(-7.227661374930E1,6.807877386477E0,0.E0));
#12918=DIRECTION('',(1.886474596012E-4,9.999999822061E-1,0.E0));
#12919=DIRECTION('',(9.999999822061E-1,-1.886474596012E-4,0.E0));
#12920=AXIS2_PLACEMENT_3D('',#12917,#12918,#12919);
#12921=PLANE('',#12920);
#12922=ORIENTED_EDGE('',*,*,#11831,.F.);
#12924=ORIENTED_EDGE('',*,*,#12923,.F.);
#12926=ORIENTED_EDGE('',*,*,#12925,.T.);
#12928=ORIENTED_EDGE('',*,*,#12927,.F.);
#12929=EDGE_LOOP('',(#12922,#12924,#12926,#12928));
#12930=FACE_OUTER_BOUND('',#12929,.F.);
#12931=ADVANCED_FACE('',(#12930),#12921,.F.);
#12932=CARTESIAN_POINT('',(-7.250106337875E1,6.688012562141E0,0.E0));
#12933=CARTESIAN_POINT('',(-7.249237582008E1,6.702358889143E0,0.E0));
#12934=CARTESIAN_POINT('',(-7.243872418537E1,6.769597885314E0,0.E0));
#12935=CARTESIAN_POINT('',(-7.232835334946E1,6.815275963767E0,0.E0));
#12936=CARTESIAN_POINT('',(-7.224336306590E1,6.806091844050E0,0.E0));
#12937=CARTESIAN_POINT('',(-7.222754237880E1,6.802361085352E0,0.E0));
#12939=DIRECTION('',(0.E0,0.E0,-1.E0));
#12940=VECTOR('',#12939,1.E0);
#12941=SURFACE_OF_LINEAR_EXTRUSION('',#12938,#12940);
#12942=ORIENTED_EDGE('',*,*,#11877,.F.);
#12944=ORIENTED_EDGE('',*,*,#12943,.T.);
#12946=ORIENTED_EDGE('',*,*,#12945,.F.);
#12947=ORIENTED_EDGE('',*,*,#12923,.T.);
#12948=EDGE_LOOP('',(#12942,#12944,#12946,#12947));
#12949=FACE_OUTER_BOUND('',#12948,.F.);
#12950=ADVANCED_FACE('',(#12949),#12941,.F.);
#12951=CARTESIAN_POINT('',(-7.300126251676E1,6.196215100167E0,0.E0));
#12952=DIRECTION('',(-7.070929011901E-1,7.071206609106E-1,0.E0));
#12953=DIRECTION('',(7.071206609106E-1,7.070929011901E-1,0.E0));
#12954=AXIS2_PLACEMENT_3D('',#12951,#12952,#12953);
#12955=PLANE('',#12954);
#12956=ORIENTED_EDGE('',*,*,#11875,.F.);
#12958=ORIENTED_EDGE('',*,*,#12957,.F.);
#12960=ORIENTED_EDGE('',*,*,#12959,.F.);
#12961=ORIENTED_EDGE('',*,*,#12943,.F.);
#12962=EDGE_LOOP('',(#12956,#12958,#12960,#12961));
#12963=FACE_OUTER_BOUND('',#12962,.F.);
#12964=ADVANCED_FACE('',(#12963),#12955,.F.);
#12965=CARTESIAN_POINT('',(-7.306552320877E1,6.260470921057E0,0.E0));
#12966=DIRECTION('',(0.E0,0.E0,1.E0));
#12967=DIRECTION('',(-9.999999651349E-1,2.640647026974E-4,0.E0));
#12968=AXIS2_PLACEMENT_3D('',#12965,#12966,#12967);
#12969=CYLINDRICAL_SURFACE('',#12968,9.087489783412E-2);
#12970=ORIENTED_EDGE('',*,*,#11873,.F.);
#12972=ORIENTED_EDGE('',*,*,#12971,.T.);
#12974=ORIENTED_EDGE('',*,*,#12973,.F.);
#12975=ORIENTED_EDGE('',*,*,#12957,.T.);
#12976=EDGE_LOOP('',(#12970,#12972,#12974,#12975));
#12977=FACE_OUTER_BOUND('',#12976,.F.);
#12978=ADVANCED_FACE('',(#12977),#12969,.T.);
#12979=CARTESIAN_POINT('',(-7.315632910291E1,6.626251787610E0,0.E0));
#12980=DIRECTION('',(9.999999822053E-1,-1.886513355496E-4,0.E0));
#12981=DIRECTION('',(-1.886513355496E-4,-9.999999822053E-1,0.E0));
#12982=AXIS2_PLACEMENT_3D('',#12979,#12980,#12981);
#12983=PLANE('',#12982);
#12984=ORIENTED_EDGE('',*,*,#11871,.F.);
#12986=ORIENTED_EDGE('',*,*,#12985,.F.);
#12988=ORIENTED_EDGE('',*,*,#12987,.T.);
#12989=ORIENTED_EDGE('',*,*,#12971,.F.);
#12990=EDGE_LOOP('',(#12984,#12986,#12988,#12989));
#12991=FACE_OUTER_BOUND('',#12990,.F.);
#12992=ADVANCED_FACE('',(#12991),#12983,.F.);
#12993=CARTESIAN_POINT('',(-7.339125860397E1,6.793524173532E0,0.E0));
#12994=CARTESIAN_POINT('',(-7.337477105975E1,6.803589134940E0,0.E0));
#12995=CARTESIAN_POINT('',(-7.327325382363E1,6.828847367762E0,0.E0));
#12996=CARTESIAN_POINT('',(-7.313655438893E1,6.692222200540E0,0.E0));
#12997=CARTESIAN_POINT('',(-7.316039702096E1,6.591457904514E0,0.E0));
#12998=CARTESIAN_POINT('',(-7.316944801078E1,6.575642063785E0,0.E0));
#13000=DIRECTION('',(0.E0,0.E0,-1.E0));
#13001=VECTOR('',#13000,1.E0);
#13002=SURFACE_OF_LINEAR_EXTRUSION('',#12999,#13001);
#13003=ORIENTED_EDGE('',*,*,#11869,.F.);
#13005=ORIENTED_EDGE('',*,*,#13004,.T.);
#13007=ORIENTED_EDGE('',*,*,#13006,.F.);
#13008=ORIENTED_EDGE('',*,*,#12985,.T.);
#13009=EDGE_LOOP('',(#13003,#13005,#13007,#13008));
#13010=FACE_OUTER_BOUND('',#13009,.F.);
#13011=ADVANCED_FACE('',(#13010),#13002,.F.);
#13012=CARTESIAN_POINT('',(-7.423054451569E1,6.808245998081E0,0.E0));
#13013=DIRECTION('',(1.886513093115E-4,9.999999822053E-1,0.E0));
#13014=DIRECTION('',(9.999999822053E-1,-1.886513093115E-4,0.E0));
#13015=AXIS2_PLACEMENT_3D('',#13012,#13013,#13014);
#13016=PLANE('',#13015);
#13017=ORIENTED_EDGE('',*,*,#11867,.F.);
#13019=ORIENTED_EDGE('',*,*,#13018,.F.);
#13021=ORIENTED_EDGE('',*,*,#13020,.T.);
#13022=ORIENTED_EDGE('',*,*,#13004,.F.);
#13023=EDGE_LOOP('',(#13017,#13019,#13021,#13022));
#13024=FACE_OUTER_BOUND('',#13023,.F.);
#13025=ADVANCED_FACE('',(#13024),#13016,.F.);
#13026=CARTESIAN_POINT('',(-7.445494633786E1,6.688512347722E0,0.E0));
#13027=CARTESIAN_POINT('',(-7.444624024231E1,6.702842838772E0,0.E0));
#13028=CARTESIAN_POINT('',(-7.439254143857E1,6.769986293835E0,0.E0));
#13029=CARTESIAN_POINT('',(-7.428224996235E1,6.815644321036E0,0.E0));
#13030=CARTESIAN_POINT('',(-7.419729174584E1,6.806459455627E0,0.E0));
#13031=CARTESIAN_POINT('',(-7.418146726977E1,6.802725927194E0,0.E0));
#13033=DIRECTION('',(0.E0,0.E0,-1.E0));
#13034=VECTOR('',#13033,1.E0);
#13035=SURFACE_OF_LINEAR_EXTRUSION('',#13032,#13034);
#13036=ORIENTED_EDGE('',*,*,#11865,.F.);
#13038=ORIENTED_EDGE('',*,*,#13037,.T.);
#13040=ORIENTED_EDGE('',*,*,#13039,.F.);
#13041=ORIENTED_EDGE('',*,*,#13018,.T.);
#13042=EDGE_LOOP('',(#13036,#13038,#13040,#13041));
#13043=FACE_OUTER_BOUND('',#13042,.F.);
#13044=ADVANCED_FACE('',(#13043),#13035,.F.);
#13045=CARTESIAN_POINT('',(-7.475532950316E1,6.396460579564E0,0.E0));
#13046=DIRECTION('',(-7.070705740340E-1,7.071429864852E-1,0.E0));
#13047=DIRECTION('',(7.071429864852E-1,7.070705740340E-1,0.E0));
#13048=AXIS2_PLACEMENT_3D('',#13045,#13046,#13047);
#13049=PLANE('',#13048);
#13050=ORIENTED_EDGE('',*,*,#11863,.F.);
#13052=ORIENTED_EDGE('',*,*,#13051,.F.);
#13054=ORIENTED_EDGE('',*,*,#13053,.F.);
#13055=ORIENTED_EDGE('',*,*,#13037,.F.);
#13056=EDGE_LOOP('',(#13050,#13052,#13054,#13055));
#13057=FACE_OUTER_BOUND('',#13056,.F.);
#13058=ADVANCED_FACE('',(#13057),#13049,.F.);
#13059=CARTESIAN_POINT('',(-7.482943281843E1,6.153026413041E0,0.E0));
#13060=CARTESIAN_POINT('',(-7.483340789483E1,6.169313969773E0,0.E0));
#13061=CARTESIAN_POINT('',(-7.484291509525E1,6.254796403953E0,0.E0));
#13062=CARTESIAN_POINT('',(-7.479719355673E1,6.365154390815E0,0.E0));
#13063=CARTESIAN_POINT('',(-7.473052752575E1,6.418688089251E0,0.E0));
#13064=CARTESIAN_POINT('',(-7.471668121890E1,6.427220232883E0,0.E0));
#13066=DIRECTION('',(0.E0,0.E0,-1.E0));
#13067=VECTOR('',#13066,1.E0);
#13068=SURFACE_OF_LINEAR_EXTRUSION('',#13065,#13067);
#13069=ORIENTED_EDGE('',*,*,#11861,.F.);
#13071=ORIENTED_EDGE('',*,*,#13070,.T.);
#13073=ORIENTED_EDGE('',*,*,#13072,.F.);
#13074=ORIENTED_EDGE('',*,*,#13051,.T.);
#13075=EDGE_LOOP('',(#13069,#13071,#13073,#13074));
#13076=FACE_OUTER_BOUND('',#13075,.F.);
#13077=ADVANCED_FACE('',(#13076),#13068,.F.);
#13078=CARTESIAN_POINT('',(-7.483583495593E1,3.354248677220E0,0.E0));
#13079=DIRECTION('',(-9.999999822053E-1,1.886513337191E-4,0.E0));
#13080=DIRECTION('',(1.886513337191E-4,9.999999822053E-1,0.E0));
#13081=AXIS2_PLACEMENT_3D('',#13078,#13079,#13080);
#13082=PLANE('',#13081);
#13083=ORIENTED_EDGE('',*,*,#11859,.F.);
#13085=ORIENTED_EDGE('',*,*,#13084,.F.);
#13087=ORIENTED_EDGE('',*,*,#13086,.T.);
#13088=ORIENTED_EDGE('',*,*,#13070,.F.);
#13089=EDGE_LOOP('',(#13083,#13085,#13087,#13088));
#13090=FACE_OUTER_BOUND('',#13089,.F.);
#13091=ADVANCED_FACE('',(#13090),#13082,.F.);
#13092=CARTESIAN_POINT('',(-7.460099327925E1,3.186986647829E0,0.E0));
#13093=CARTESIAN_POINT('',(-7.461748348532E1,3.176916283246E0,0.E0));
#13094=CARTESIAN_POINT('',(-7.471898872187E1,3.151648832608E0,0.E0));
#13095=CARTESIAN_POINT('',(-7.485559880443E1,3.288306535121E0,0.E0));
#13096=CARTESIAN_POINT('',(-7.483176867347E1,3.389037071530E0,0.E0));
#13097=CARTESIAN_POINT('',(-7.482272152194E1,3.404846503631E0,0.E0));
#13099=DIRECTION('',(0.E0,0.E0,-1.E0));
#13100=VECTOR('',#13099,1.E0);
#13101=SURFACE_OF_LINEAR_EXTRUSION('',#13098,#13100);
#13102=ORIENTED_EDGE('',*,*,#11857,.F.);
#13104=ORIENTED_EDGE('',*,*,#13103,.T.);
#13106=ORIENTED_EDGE('',*,*,#13105,.F.);
#13107=ORIENTED_EDGE('',*,*,#13084,.T.);
#13108=EDGE_LOOP('',(#13102,#13104,#13106,#13107));
#13109=FACE_OUTER_BOUND('',#13108,.F.);
#13110=ADVANCED_FACE('',(#13109),#13101,.F.);
#13111=CARTESIAN_POINT('',(-7.376161954263E1,3.172257232361E0,0.E0));
#13112=DIRECTION('',(-1.886513377438E-4,-9.999999822053E-1,0.E0));
#13113=DIRECTION('',(-9.999999822053E-1,1.886513377438E-4,0.E0));
#13114=AXIS2_PLACEMENT_3D('',#13111,#13112,#13113);
#13115=PLANE('',#13114);
#13116=ORIENTED_EDGE('',*,*,#11855,.F.);
#13118=ORIENTED_EDGE('',*,*,#13117,.F.);
#13120=ORIENTED_EDGE('',*,*,#13119,.T.);
#13121=ORIENTED_EDGE('',*,*,#13103,.F.);
#13122=EDGE_LOOP('',(#13116,#13118,#13120,#13121));
#13123=FACE_OUTER_BOUND('',#13122,.F.);
#13124=ADVANCED_FACE('',(#13123),#13115,.F.);
#13125=CARTESIAN_POINT('',(-7.353730448780E1,3.291985274093E0,0.E0));
#13126=CARTESIAN_POINT('',(-7.354601109642E1,3.277657667722E0,0.E0));
#13127=CARTESIAN_POINT('',(-7.359969363875E1,3.210541290131E0,0.E0));
#13128=CARTESIAN_POINT('',(-7.370993942689E1,3.164851687587E0,0.E0));
#13129=CARTESIAN_POINT('',(-7.379487403708E1,3.174046285220E0,0.E0));
#13130=CARTESIAN_POINT('',(-7.381070020441E1,3.177785797053E0,0.E0));
#13132=DIRECTION('',(0.E0,0.E0,-1.E0));
#13133=VECTOR('',#13132,1.E0);
#13134=SURFACE_OF_LINEAR_EXTRUSION('',#13131,#13133);
#13135=ORIENTED_EDGE('',*,*,#11853,.F.);
#13137=ORIENTED_EDGE('',*,*,#13136,.T.);
#13139=ORIENTED_EDGE('',*,*,#13138,.F.);
#13140=ORIENTED_EDGE('',*,*,#13117,.T.);
#13141=EDGE_LOOP('',(#13135,#13137,#13139,#13140));
#13142=FACE_OUTER_BOUND('',#13141,.F.);
#13143=ADVANCED_FACE('',(#13142),#13134,.F.);
#13144=CARTESIAN_POINT('',(-7.303687952740E1,3.783828236330E0,0.E0));
#13145=DIRECTION('',(7.069145345732E-1,-7.072989755466E-1,0.E0));
#13146=DIRECTION('',(-7.072989755466E-1,-7.069145345732E-1,0.E0));
#13147=AXIS2_PLACEMENT_3D('',#13144,#13145,#13146);
#13148=PLANE('',#13147);
#13149=ORIENTED_EDGE('',*,*,#11851,.F.);
#13151=ORIENTED_EDGE('',*,*,#13150,.F.);
#13153=ORIENTED_EDGE('',*,*,#13152,.F.);
#13154=ORIENTED_EDGE('',*,*,#13136,.F.);
#13155=EDGE_LOOP('',(#13149,#13151,#13153,#13154));
#13156=FACE_OUTER_BOUND('',#13155,.F.);
#13157=ADVANCED_FACE('',(#13156),#13148,.F.);
#13158=CARTESIAN_POINT('',(-7.297261542515E1,3.719580645155E0,0.E0));
#13159=DIRECTION('',(0.E0,0.E0,1.E0));
#13160=DIRECTION('',(9.999999258593E-1,-3.850731181295E-4,0.E0));
#13161=AXIS2_PLACEMENT_3D('',#13158,#13159,#13160);
#13162=CYLINDRICAL_SURFACE('',#13161,9.087149063602E-2);
#13163=ORIENTED_EDGE('',*,*,#11849,.F.);
#13165=ORIENTED_EDGE('',*,*,#13164,.T.);
#13167=ORIENTED_EDGE('',*,*,#13166,.F.);
#13168=ORIENTED_EDGE('',*,*,#13150,.T.);
#13169=EDGE_LOOP('',(#13163,#13165,#13167,#13168));
#13170=FACE_OUTER_BOUND('',#13169,.F.);
#13171=ADVANCED_FACE('',(#13170),#13162,.T.);
#13172=CARTESIAN_POINT('',(-7.288181292456E1,3.353880048347E0,0.E0));
#13173=DIRECTION('',(-9.999999822053E-1,1.886513298395E-4,0.E0));
#13174=DIRECTION('',(1.886513298395E-4,9.999999822053E-1,0.E0));
#13175=AXIS2_PLACEMENT_3D('',#13172,#13173,#13174);
#13176=PLANE('',#13175);
#13177=ORIENTED_EDGE('',*,*,#11847,.F.);
#13179=ORIENTED_EDGE('',*,*,#13178,.F.);
#13181=ORIENTED_EDGE('',*,*,#13180,.T.);
#13182=ORIENTED_EDGE('',*,*,#13164,.F.);
#13183=EDGE_LOOP('',(#13177,#13179,#13181,#13182));
#13184=FACE_OUTER_BOUND('',#13183,.F.);
#13185=ADVANCED_FACE('',(#13184),#13176,.F.);
#13186=CARTESIAN_POINT('',(-7.264706175707E1,3.186625831448E0,0.E0));
#13187=CARTESIAN_POINT('',(-7.266355484457E1,3.176549905533E0,0.E0));
#13188=CARTESIAN_POINT('',(-7.276504870691E1,3.151272730737E0,0.E0));
#13189=CARTESIAN_POINT('',(-7.290156520884E1,3.287966615326E0,0.E0));
#13190=CARTESIAN_POINT('',(-7.287774844774E1,3.388662618379E0,0.E0));
#13191=CARTESIAN_POINT('',(-7.286870554103E1,3.404465275451E0,0.E0));
#13193=DIRECTION('',(0.E0,0.E0,-1.E0));
#13194=VECTOR('',#13193,1.E0);
#13195=SURFACE_OF_LINEAR_EXTRUSION('',#13192,#13194);
#13196=ORIENTED_EDGE('',*,*,#11845,.F.);
#13198=ORIENTED_EDGE('',*,*,#13197,.T.);
#13200=ORIENTED_EDGE('',*,*,#13199,.F.);
#13201=ORIENTED_EDGE('',*,*,#13178,.T.);
#13202=EDGE_LOOP('',(#13196,#13198,#13200,#13201));
#13203=FACE_OUTER_BOUND('',#13202,.F.);
#13204=ADVANCED_FACE('',(#13203),#13195,.F.);
#13205=CARTESIAN_POINT('',(-7.180778004122E1,3.171888637923E0,0.E0));
#13206=DIRECTION('',(-1.886513361660E-4,-9.999999822053E-1,0.E0));
#13207=DIRECTION('',(-9.999999822053E-1,1.886513361660E-4,0.E0));
#13208=AXIS2_PLACEMENT_3D('',#13205,#13206,#13207);
#13209=PLANE('',#13208);
#13210=ORIENTED_EDGE('',*,*,#11843,.F.);
#13212=ORIENTED_EDGE('',*,*,#13211,.F.);
#13214=ORIENTED_EDGE('',*,*,#13213,.T.);
#13215=ORIENTED_EDGE('',*,*,#13197,.F.);
#13216=EDGE_LOOP('',(#13210,#13212,#13214,#13215));
#13217=FACE_OUTER_BOUND('',#13216,.F.);
#13218=ADVANCED_FACE('',(#13217),#13209,.F.);
#13219=CARTESIAN_POINT('',(-7.158327417511E1,3.291700741917E0,0.E0));
#13220=CARTESIAN_POINT('',(-7.159198626145E1,3.277377688073E0,0.E0));
#13221=CARTESIAN_POINT('',(-7.164572251125E1,3.210220975374E0,0.E0));
#13222=CARTESIAN_POINT('',(-7.175603106447E1,3.164479280326E0,0.E0));
#13223=CARTESIAN_POINT('',(-7.184103637955E1,3.173676932159E0,0.E0));
#13224=CARTESIAN_POINT('',(-7.185686538383E1,3.177415040171E0,0.E0));
#13226=DIRECTION('',(0.E0,0.E0,-1.E0));
#13227=VECTOR('',#13226,1.E0);
#13228=SURFACE_OF_LINEAR_EXTRUSION('',#13225,#13227);
#13229=ORIENTED_EDGE('',*,*,#11841,.F.);
#13231=ORIENTED_EDGE('',*,*,#13230,.T.);
#13233=ORIENTED_EDGE('',*,*,#13232,.F.);
#13234=ORIENTED_EDGE('',*,*,#13211,.T.);
#13235=EDGE_LOOP('',(#13229,#13231,#13233,#13234));
#13236=FACE_OUTER_BOUND('',#13235,.F.);
#13237=ADVANCED_FACE('',(#13236),#13228,.F.);
#13238=CARTESIAN_POINT('',(-7.128290100646E1,3.583762537980E0,0.E0));
#13239=DIRECTION('',(7.070705739500E-1,-7.071429865692E-1,0.E0));
#13240=DIRECTION('',(-7.071429865692E-1,-7.070705739500E-1,0.E0));
#13241=AXIS2_PLACEMENT_3D('',#13238,#13239,#13240);
#13242=PLANE('',#13241);
#13243=ORIENTED_EDGE('',*,*,#11839,.F.);
#13245=ORIENTED_EDGE('',*,*,#13244,.F.);
#13247=ORIENTED_EDGE('',*,*,#13246,.F.);
#13248=ORIENTED_EDGE('',*,*,#13230,.F.);
#13249=EDGE_LOOP('',(#13243,#13245,#13247,#13248));
#13250=FACE_OUTER_BOUND('',#13249,.F.);
#13251=ADVANCED_FACE('',(#13250),#13242,.F.);
#13252=CARTESIAN_POINT('',(-7.120889316733E1,3.827106622431E0,0.E0));
#13253=CARTESIAN_POINT('',(-7.120491692068E1,3.810817511360E0,0.E0));
#13254=CARTESIAN_POINT('',(-7.119541172232E1,3.725369200363E0,0.E0));
#13255=CARTESIAN_POINT('',(-7.124110672613E1,3.615092079644E0,0.E0));
#13256=CARTESIAN_POINT('',(-7.130767804733E1,3.561512516006E0,0.E0));
#13257=CARTESIAN_POINT('',(-7.132150853391E1,3.552963185357E0,0.E0));
#13259=DIRECTION('',(0.E0,0.E0,-1.E0));
#13260=VECTOR('',#13259,1.E0);
#13261=SURFACE_OF_LINEAR_EXTRUSION('',#13258,#13260);
#13262=ORIENTED_EDGE('',*,*,#11837,.F.);
#13264=ORIENTED_EDGE('',*,*,#13263,.T.);
#13266=ORIENTED_EDGE('',*,*,#13265,.F.);
#13267=ORIENTED_EDGE('',*,*,#13244,.T.);
#13268=EDGE_LOOP('',(#13262,#13264,#13266,#13267));
#13269=FACE_OUTER_BOUND('',#13268,.F.);
#13270=ADVANCED_FACE('',(#13269),#13261,.F.);
#13271=CARTESIAN_POINT('',(-7.120248960151E1,6.625883196690E0,0.E0));
#13272=DIRECTION('',(9.999999822053E-1,-1.886513332872E-4,0.E0));
#13273=DIRECTION('',(-1.886513332872E-4,-9.999999822053E-1,0.E0));
#13274=AXIS2_PLACEMENT_3D('',#13271,#13272,#13273);
#13275=PLANE('',#13274);
#13276=ORIENTED_EDGE('',*,*,#11835,.F.);
#13278=ORIENTED_EDGE('',*,*,#13277,.F.);
#13280=ORIENTED_EDGE('',*,*,#13279,.T.);
#13281=ORIENTED_EDGE('',*,*,#13263,.F.);
#13282=EDGE_LOOP('',(#13276,#13278,#13280,#13281));
#13283=FACE_OUTER_BOUND('',#13282,.F.);
#13284=ADVANCED_FACE('',(#13283),#13275,.F.);
#13285=CARTESIAN_POINT('',(-7.143723808281E1,6.793139957290E0,0.E0));
#13286=CARTESIAN_POINT('',(-7.142074477874E1,6.803216041475E0,0.E0));
#13287=CARTESIAN_POINT('',(-7.131925030091E1,6.828493724188E0,0.E0));
#13288=CARTESIAN_POINT('',(-7.118273801068E1,6.691796186608E0,0.E0));
#13289=CARTESIAN_POINT('',(-7.120655391008E1,6.591100960416E0,0.E0));
#13290=CARTESIAN_POINT('',(-7.121559641477E1,6.575298667550E0,0.E0));
#13292=DIRECTION('',(0.E0,0.E0,-1.E0));
#13293=VECTOR('',#13292,1.E0);
#13294=SURFACE_OF_LINEAR_EXTRUSION('',#13291,#13293);
#13295=ORIENTED_EDGE('',*,*,#11833,.F.);
#13296=ORIENTED_EDGE('',*,*,#12927,.T.);
#13298=ORIENTED_EDGE('',*,*,#13297,.F.);
#13299=ORIENTED_EDGE('',*,*,#13277,.T.);
#13300=EDGE_LOOP('',(#13295,#13296,#13298,#13299));
#13301=FACE_OUTER_BOUND('',#13300,.F.);
#13302=ADVANCED_FACE('',(#13301),#13294,.F.);
#13303=CARTESIAN_POINT('',(0.E0,0.E0,5.E-1));
#13304=DIRECTION('',(0.E0,0.E0,-1.E0));
#13305=DIRECTION('',(-1.E0,0.E0,0.E0));
#13306=AXIS2_PLACEMENT_3D('',#13303,#13304,#13305);
#13307=PLANE('',#13306);
#13308=ORIENTED_EDGE('',*,*,#12925,.F.);
#13309=ORIENTED_EDGE('',*,*,#12945,.T.);
#13310=ORIENTED_EDGE('',*,*,#12959,.T.);
#13311=ORIENTED_EDGE('',*,*,#12973,.T.);
#13312=ORIENTED_EDGE('',*,*,#12987,.F.);
#13313=ORIENTED_EDGE('',*,*,#13006,.T.);
#13314=ORIENTED_EDGE('',*,*,#13020,.F.);
#13315=ORIENTED_EDGE('',*,*,#13039,.T.);
#13316=ORIENTED_EDGE('',*,*,#13053,.T.);
#13317=ORIENTED_EDGE('',*,*,#13072,.T.);
#13318=ORIENTED_EDGE('',*,*,#13086,.F.);
#13319=ORIENTED_EDGE('',*,*,#13105,.T.);
#13320=ORIENTED_EDGE('',*,*,#13119,.F.);
#13321=ORIENTED_EDGE('',*,*,#13138,.T.);
#13322=ORIENTED_EDGE('',*,*,#13152,.T.);
#13323=ORIENTED_EDGE('',*,*,#13166,.T.);
#13324=ORIENTED_EDGE('',*,*,#13180,.F.);
#13325=ORIENTED_EDGE('',*,*,#13199,.T.);
#13326=ORIENTED_EDGE('',*,*,#13213,.F.);
#13327=ORIENTED_EDGE('',*,*,#13232,.T.);
#13328=ORIENTED_EDGE('',*,*,#13246,.T.);
#13329=ORIENTED_EDGE('',*,*,#13265,.T.);
#13330=ORIENTED_EDGE('',*,*,#13279,.F.);
#13331=ORIENTED_EDGE('',*,*,#13297,.T.);
#13332=EDGE_LOOP('',(#13308,#13309,#13310,#13311,#13312,#13313,#13314,#13315,
#13316,#13317,#13318,#13319,#13320,#13321,#13322,#13323,#13324,#13325,#13326,
#13327,#13328,#13329,#13330,#13331));
#13333=FACE_OUTER_BOUND('',#13332,.F.);
#13335=ORIENTED_EDGE('',*,*,#13334,.F.);
#13337=ORIENTED_EDGE('',*,*,#13336,.T.);
#13339=ORIENTED_EDGE('',*,*,#13338,.F.);
#13341=ORIENTED_EDGE('',*,*,#13340,.T.);
#13342=EDGE_LOOP('',(#13335,#13337,#13339,#13341));
#13343=FACE_BOUND('',#13342,.F.);
#13345=ORIENTED_EDGE('',*,*,#13344,.F.);
#13347=ORIENTED_EDGE('',*,*,#13346,.T.);
#13349=ORIENTED_EDGE('',*,*,#13348,.F.);
#13351=ORIENTED_EDGE('',*,*,#13350,.T.);
#13352=EDGE_LOOP('',(#13345,#13347,#13349,#13351));
#13353=FACE_BOUND('',#13352,.F.);
#13354=ADVANCED_FACE('',(#13333,#13343,#13353),#13307,.T.);
#13355=CARTESIAN_POINT('',(-7.232458670125E1,4.707508486500E0,0.E0));
#13356=DIRECTION('',(9.999999822053E-1,-1.886513356940E-4,0.E0));
#13357=DIRECTION('',(-1.886513356940E-4,-9.999999822053E-1,0.E0));
#13358=AXIS2_PLACEMENT_3D('',#13355,#13356,#13357);
#13359=PLANE('',#13358);
#13361=ORIENTED_EDGE('',*,*,#13360,.F.);
#13363=ORIENTED_EDGE('',*,*,#13362,.T.);
#13364=ORIENTED_EDGE('',*,*,#13334,.T.);
#13366=ORIENTED_EDGE('',*,*,#13365,.T.);
#13367=EDGE_LOOP('',(#13361,#13363,#13364,#13366));
#13368=FACE_OUTER_BOUND('',#13367,.F.);
#13369=ADVANCED_FACE('',(#13368),#13359,.F.);
#13370=CARTESIAN_POINT('',(0.E0,0.E0,0.E0));
#13371=DIRECTION('',(0.E0,0.E0,1.E0));
#13372=DIRECTION('',(1.E0,0.E0,0.E0));
#13373=AXIS2_PLACEMENT_3D('',#13370,#13371,#13372);
#13374=PLANE('',#13373);
#13375=ORIENTED_EDGE('',*,*,#13360,.T.);
#13377=ORIENTED_EDGE('',*,*,#13376,.T.);
#13379=ORIENTED_EDGE('',*,*,#13378,.T.);
#13381=ORIENTED_EDGE('',*,*,#13380,.T.);
#13382=EDGE_LOOP('',(#13375,#13377,#13379,#13381));
#13383=FACE_OUTER_BOUND('',#13382,.F.);
#13384=ADVANCED_FACE('',(#13383),#13374,.F.);
#13385=CARTESIAN_POINT('',(-7.204233586739E1,4.011333771131E0,0.E0));
#13386=DIRECTION('',(0.E0,0.E0,-1.E0));
#13387=DIRECTION('',(9.999999993900E-1,-3.492814941949E-5,0.E0));
#13388=AXIS2_PLACEMENT_3D('',#13385,#13386,#13387);
#13389=CYLINDRICAL_SURFACE('',#13388,2.823785726714E-1);
#13390=ORIENTED_EDGE('',*,*,#13376,.F.);
#13391=ORIENTED_EDGE('',*,*,#13365,.F.);
#13392=ORIENTED_EDGE('',*,*,#13340,.F.);
#13394=ORIENTED_EDGE('',*,*,#13393,.F.);
#13395=EDGE_LOOP('',(#13390,#13391,#13392,#13394));
#13396=FACE_OUTER_BOUND('',#13395,.F.);
#13397=ADVANCED_FACE('',(#13396),#13389,.T.);
#13398=CARTESIAN_POINT('',(-7.175995370110E1,4.011323908044E0,0.E0));
#13399=DIRECTION('',(-9.999999822053E-1,1.886513365107E-4,0.E0));
#13400=DIRECTION('',(1.886513365107E-4,9.999999822053E-1,0.E0));
#13401=AXIS2_PLACEMENT_3D('',#13398,#13399,#13400);
#13402=PLANE('',#13401);
#13403=ORIENTED_EDGE('',*,*,#13378,.F.);
#13404=ORIENTED_EDGE('',*,*,#13393,.T.);
#13405=ORIENTED_EDGE('',*,*,#13338,.T.);
#13407=ORIENTED_EDGE('',*,*,#13406,.T.);
#13408=EDGE_LOOP('',(#13403,#13404,#13405,#13407));
#13409=FACE_OUTER_BOUND('',#13408,.F.);
#13410=ADVANCED_FACE('',(#13409),#13402,.F.);
#13411=CARTESIAN_POINT('',(-7.204220455177E1,4.707409540213E0,0.E0));
#13412=DIRECTION('',(0.E0,0.E0,-1.E0));
#13413=DIRECTION('',(-9.999999386109E-1,3.503972136480E-4,0.E0));
#13414=AXIS2_PLACEMENT_3D('',#13411,#13412,#13413);
#13415=CYLINDRICAL_SURFACE('',#13414,2.823799258917E-1);
#13416=ORIENTED_EDGE('',*,*,#13380,.F.);
#13417=ORIENTED_EDGE('',*,*,#13406,.F.);
#13418=ORIENTED_EDGE('',*,*,#13336,.F.);
#13419=ORIENTED_EDGE('',*,*,#13362,.F.);
#13420=EDGE_LOOP('',(#13416,#13417,#13418,#13419));
#13421=FACE_OUTER_BOUND('',#13420,.F.);
#13422=ADVANCED_FACE('',(#13421),#13415,.T.);
#13423=CARTESIAN_POINT('',(-7.427837083860E1,5.968901992774E0,0.E0));
#13424=DIRECTION('',(9.999999822053E-1,-1.886513311037E-4,0.E0));
#13425=DIRECTION('',(-1.886513311037E-4,-9.999999822053E-1,0.E0));
#13426=AXIS2_PLACEMENT_3D('',#13423,#13424,#13425);
#13427=PLANE('',#13426);
#13429=ORIENTED_EDGE('',*,*,#13428,.F.);
#13431=ORIENTED_EDGE('',*,*,#13430,.T.);
#13432=ORIENTED_EDGE('',*,*,#13344,.T.);
#13434=ORIENTED_EDGE('',*,*,#13433,.T.);
#13435=EDGE_LOOP('',(#13429,#13431,#13432,#13434));
#13436=FACE_OUTER_BOUND('',#13435,.F.);
#13437=ADVANCED_FACE('',(#13436),#13427,.F.);
#13438=CARTESIAN_POINT('',(0.E0,0.E0,0.E0));
#13439=DIRECTION('',(0.E0,0.E0,1.E0));
#13440=DIRECTION('',(1.E0,0.E0,0.E0));
#13441=AXIS2_PLACEMENT_3D('',#13438,#13439,#13440);
#13442=PLANE('',#13441);
#13443=ORIENTED_EDGE('',*,*,#13428,.T.);
#13445=ORIENTED_EDGE('',*,*,#13444,.T.);
#13447=ORIENTED_EDGE('',*,*,#13446,.T.);
#13449=ORIENTED_EDGE('',*,*,#13448,.T.);
#13450=EDGE_LOOP('',(#13443,#13445,#13447,#13449));
#13451=FACE_OUTER_BOUND('',#13450,.F.);
#13452=ADVANCED_FACE('',(#13451),#13442,.F.);
#13453=CARTESIAN_POINT('',(-7.399607063278E1,5.272777097463E0,0.E0));
#13454=DIRECTION('',(0.E0,0.E0,-1.E0));
#13455=DIRECTION('',(9.999999776580E-1,-2.113858641115E-4,0.E0));
#13456=AXIS2_PLACEMENT_3D('',#13453,#13454,#13455);
#13457=CYLINDRICAL_SURFACE('',#13456,2.824228342327E-1);
#13458=ORIENTED_EDGE('',*,*,#13444,.F.);
#13459=ORIENTED_EDGE('',*,*,#13433,.F.);
#13460=ORIENTED_EDGE('',*,*,#13350,.F.);
#13462=ORIENTED_EDGE('',*,*,#13461,.F.);
#13463=EDGE_LOOP('',(#13458,#13459,#13460,#13462));
#13464=FACE_OUTER_BOUND('',#13463,.F.);
#13465=ADVANCED_FACE('',(#13464),#13457,.T.);
#13466=CARTESIAN_POINT('',(-7.371364657346E1,5.272717396979E0,0.E0));
#13467=DIRECTION('',(-9.999999822053E-1,1.886513310629E-4,0.E0));
#13468=DIRECTION('',(1.886513310629E-4,9.999999822053E-1,0.E0));
#13469=AXIS2_PLACEMENT_3D('',#13466,#13467,#13468);
#13470=PLANE('',#13469);
#13471=ORIENTED_EDGE('',*,*,#13446,.F.);
#13472=ORIENTED_EDGE('',*,*,#13461,.T.);
#13473=ORIENTED_EDGE('',*,*,#13348,.T.);
#13475=ORIENTED_EDGE('',*,*,#13474,.T.);
#13476=EDGE_LOOP('',(#13471,#13472,#13473,#13475));
#13477=FACE_OUTER_BOUND('',#13476,.F.);
#13478=ADVANCED_FACE('',(#13477),#13470,.F.);
#13479=CARTESIAN_POINT('',(-7.399593937276E1,5.968839592147E0,0.E0));
#13480=DIRECTION('',(0.E0,0.E0,-1.E0));
#13481=DIRECTION('',(-9.999999755928E-1,2.209397867433E-4,0.E0));
#13482=AXIS2_PLACEMENT_3D('',#13479,#13480,#13481);
#13483=CYLINDRICAL_SURFACE('',#13482,2.824228748836E-1);
#13484=ORIENTED_EDGE('',*,*,#13448,.F.);
#13485=ORIENTED_EDGE('',*,*,#13474,.F.);
#13486=ORIENTED_EDGE('',*,*,#13346,.F.);
#13487=ORIENTED_EDGE('',*,*,#13430,.F.);
#13488=EDGE_LOOP('',(#13484,#13485,#13486,#13487));
#13489=FACE_OUTER_BOUND('',#13488,.F.);
#13490=ADVANCED_FACE('',(#13489),#13483,.T.);
#13494=DIMENSIONAL_EXPONENTS(0.E0,0.E0,0.E0,0.E0,0.E0,0.E0,0.E0);
#13496=PLANE_ANGLE_MEASURE_WITH_UNIT(PLANE_ANGLE_MEASURE(1.745329251994E-2),
#13495);
#13497=(CONVERSION_BASED_UNIT('DEGREE',#13496)NAMED_UNIT(*)PLANE_ANGLE_UNIT());
#13499=UNCERTAINTY_MEASURE_WITH_UNIT(LENGTH_MEASURE(8.303950366417E-3),#13493,
'closure',
'Maximum model space distance between geometric entities at asserted connectivities');
#13500=(GEOMETRIC_REPRESENTATION_CONTEXT(3)GLOBAL_UNCERTAINTY_ASSIGNED_CONTEXT((
#13499))GLOBAL_UNIT_ASSIGNED_CONTEXT((#13493,#13497,#13498))REPRESENTATION_CONTEXT('ID7','3'));
#13501=CARTESIAN_POINT('',(0.E0,0.E0,0.E0));
#13502=DIRECTION('',(0.E0,0.E0,1.E0));
#13503=DIRECTION('',(1.E0,0.E0,0.E0));
#13506=DESIGN_CONTEXT('',#4164,'design');
#13507=MECHANICAL_CONTEXT('',#4164,'mechanical');
#13508=PRODUCT('RIGHT3_1','RIGHT3_1','NOT SPECIFIED',(#13507));
#13509=PRODUCT_DEFINITION_FORMATION_WITH_SPECIFIED_SOURCE('3','LAST_VERSION',
#13508,.MADE.);
#13515=CARTESIAN_POINT('',(5.137356409509E1,-6.941405431631E0,-1.74E2));
#13516=DIRECTION('',(0.E0,0.E0,1.E0));
#13517=DIRECTION('',(1.E0,0.E0,0.E0));
#13518=AXIS2_PLACEMENT_3D('',#13515,#13516,#13517);
#13519=ITEM_DEFINED_TRANSFORMATION('','',#13504,#13518);
#13520=CARTESIAN_POINT('',(0.E0,0.E0,0.E0));
#13521=DIRECTION('',(0.E0,0.E0,1.E0));
#13522=DIRECTION('',(1.E0,0.E0,0.E0));
#13524=(REPRESENTATION_RELATIONSHIP('','',#13505,#4917)REPRESENTATION_RELATIONSHIP_WITH_TRANSFORMATION(#13519)SHAPE_REPRESENTATION_RELATIONSHIP());
#13525=CONTEXT_DEPENDENT_SHAPE_REPRESENTATION(#13524,#13514);
#13527=DIMENSIONAL_EXPONENTS(0.E0,0.E0,0.E0,0.E0,0.E0,0.E0,0.E0);
#13529=PLANE_ANGLE_MEASURE_WITH_UNIT(PLANE_ANGLE_MEASURE(1.745329251994E-2),
#13528);
#13530=(CONVERSION_BASED_UNIT('DEGREE',#13529)NAMED_UNIT(*)PLANE_ANGLE_UNIT());
#13532=UNCERTAINTY_MEASURE_WITH_UNIT(LENGTH_MEASURE(8.659907627683E-2),#13526,
'closure',
'Maximum model space distance between geometric entities at asserted connectivities');
#13533=(GEOMETRIC_REPRESENTATION_CONTEXT(3)GLOBAL_UNCERTAINTY_ASSIGNED_CONTEXT((
#13532))GLOBAL_UNIT_ASSIGNED_CONTEXT((#13526,#13530,#13531))REPRESENTATION_CONTEXT('ID8','3'));
#13534=CARTESIAN_POINT('',(0.E0,0.E0,0.E0));
#13535=DIRECTION('',(0.E0,0.E0,1.E0));
#13536=DIRECTION('',(1.E0,0.E0,0.E0));
#13538=MECHANICAL_CONTEXT('',#4164,'mechanical');
#13539=PRODUCT('WH80-ASM-121725_2_0001_ASM_1_ASM',
'WH80-ASM-121725_2_0001_ASM_1_ASM','NOT SPECIFIED',(#13538));
#13540=PRODUCT_DEFINITION_FORMATION_WITH_SPECIFIED_SOURCE('1','LAST_VERSION',
#13539,.MADE.);
#13547=CARTESIAN_POINT('',(0.E0,0.E0,0.E0));
#13548=DIRECTION('',(0.E0,0.E0,1.E0));
#13549=DIRECTION('',(1.E0,0.E0,0.E0));
#13550=AXIS2_PLACEMENT_3D('',#13547,#13548,#13549);
#13551=ITEM_DEFINED_TRANSFORMATION('','',#4928,#13550);
#13552=(REPRESENTATION_RELATIONSHIP('','',#4917,#13544)REPRESENTATION_RELATIONSHIP_WITH_TRANSFORMATION(#13551)SHAPE_REPRESENTATION_RELATIONSHIP());
#13553=CONTEXT_DEPENDENT_SHAPE_REPRESENTATION(#13552,#13546);
#13555=DIMENSIONAL_EXPONENTS(0.E0,0.E0,0.E0,0.E0,0.E0,0.E0,0.E0);
#13557=PLANE_ANGLE_MEASURE_WITH_UNIT(PLANE_ANGLE_MEASURE(1.745329251994E-2),
#13556);
#13558=(CONVERSION_BASED_UNIT('DEGREE',#13557)NAMED_UNIT(*)PLANE_ANGLE_UNIT());
#13560=UNCERTAINTY_MEASURE_WITH_UNIT(LENGTH_MEASURE(8.659907627683E-2),#13554,
'closure',
'Maximum model space distance between geometric entities at asserted connectivities');
#13561=(GEOMETRIC_REPRESENTATION_CONTEXT(3)GLOBAL_UNCERTAINTY_ASSIGNED_CONTEXT((
#13560))GLOBAL_UNIT_ASSIGNED_CONTEXT((#13554,#13558,#13559))REPRESENTATION_CONTEXT('ID9','3'));
#13562=CARTESIAN_POINT('',(0.E0,0.E0,0.E0));
#13563=DIRECTION('',(0.E0,0.E0,1.E0));
#13564=DIRECTION('',(1.E0,0.E0,0.E0));
#13566=DESIGN_CONTEXT('',#4164,'design');
#13567=MECHANICAL_CONTEXT('',#4164,'mechanical');
#13568=PRODUCT('WH80-ASM-12292500_ASM','WH80-ASM-12292500_ASM','NOT SPECIFIED',(
#13567));
#13569=PRODUCT_DEFINITION_FORMATION_WITH_SPECIFIED_SOURCE('4','LAST_VERSION',
#13568,.MADE.);
#13571=PRODUCT_CATEGORY('part','');
#13572=PRODUCT_RELATED_PRODUCT_CATEGORY('assembly','',(#4202,#4912,#13539,
#13568));
#13573=PRODUCT_CATEGORY_RELATIONSHIP('','',#13571,#13572);
#13574=PRODUCT_CATEGORY('part','');
#13575=PRODUCT_RELATED_PRODUCT_CATEGORY('detail','',(#4168,#4532,#4880,#10231,
#13508));
#13576=PRODUCT_CATEGORY_RELATIONSHIP('','',#13574,#13575);
#13577=SECURITY_CLASSIFICATION_LEVEL('unclassified');
#13578=SECURITY_CLASSIFICATION('','',#13577);
#13579=CC_DESIGN_SECURITY_CLASSIFICATION(#13578,(#4169,#4203,#4533,#4881,#4913,
#10232,#13509,#13540,#13569,#4176,#4208,#4537,#4885,#4918,#10236,#13513,
#13545));
#13580=APPROVAL_STATUS('approved');
#13581=APPROVAL(#13580,'');
#13582=CC_DESIGN_APPROVAL(#13581,(#13578,#4169,#4203,#4533,#4881,#4913,#10232,
#13509,#13540,#13569,#4170,#4204,#4534,#4882,#4914,#10233,#13510,#13541,
#13570));
#13583=CALENDAR_DATE(126,8,1);
#13584=COORDINATED_UNIVERSAL_TIME_OFFSET(8,0,.AHEAD.);
#13585=LOCAL_TIME(14,8,3.E1,#13584);
#13586=DATE_AND_TIME(#13583,#13585);
#13587=APPROVAL_DATE_TIME(#13586,#13581);
#13588=DATE_TIME_ROLE('creation_date');
#13589=CC_DESIGN_DATE_AND_TIME_ASSIGNMENT(#13586,#13588,(#4170,#4204,#4534,
#4882,#4914,#10233,#13510,#13541,#13570));
#13590=DATE_TIME_ROLE('classification_date');
#13591=CC_DESIGN_DATE_AND_TIME_ASSIGNMENT(#13586,#13590,(#13578));
#13592=PERSON('UNSPECIFIED','UNSPECIFIED',$,$,$,$);
#13593=ORGANIZATION('UNSPECIFIED','UNSPECIFIED','UNSPECIFIED');
#13594=PERSON_AND_ORGANIZATION(#13592,#13593);
#13595=APPROVAL_ROLE('approver');
#13596=APPROVAL_PERSON_ORGANIZATION(#13594,#13581,#13595);
#13597=PERSON_AND_ORGANIZATION_ROLE('creator');
#13598=CC_DESIGN_PERSON_AND_ORGANIZATION_ASSIGNMENT(#13594,#13597,(#4169,#4203,
#4533,#4881,#4913,#10232,#13509,#13540,#13569,#4170,#4204,#4534,#4882,#4914,
#10233,#13510,#13541,#13570));
#13599=PERSON_AND_ORGANIZATION_ROLE('design_supplier');
#13600=CC_DESIGN_PERSON_AND_ORGANIZATION_ASSIGNMENT(#13594,#13599,(#4169,#4203,
#4533,#4881,#4913,#10232,#13509,#13540,#13569));
#13601=PERSON_AND_ORGANIZATION_ROLE('classification_officer');
#13602=CC_DESIGN_PERSON_AND_ORGANIZATION_ASSIGNMENT(#13594,#13601,(#13578));
#13603=PERSON_AND_ORGANIZATION_ROLE('design_owner');
#13604=CC_DESIGN_PERSON_AND_ORGANIZATION_ASSIGNMENT(#13594,#13603,(#4202,#4912,
#13539,#13568,#4168,#4532,#4880,#10231,#13508));
#13=CIRCLE('',#12,5.E-1);
#18=CIRCLE('',#17,5.E-1);
#23=CIRCLE('',#22,5.E-1);
#44=CIRCLE('',#43,5.E-1);
#49=CIRCLE('',#48,5.E-1);
#58=CIRCLE('',#57,5.E-1);
#63=CIRCLE('',#62,5.E-1);
#688=CIRCLE('',#687,5.E-1);
#693=CIRCLE('',#692,5.E-1);
#698=CIRCLE('',#697,5.E-1);
#719=CIRCLE('',#718,5.E-1);
#724=CIRCLE('',#723,5.E-1);
#729=CIRCLE('',#728,5.E-1);
#754=CIRCLE('',#753,5.E-1);
#767=CIRCLE('',#766,5.E-1);
#776=CIRCLE('',#775,5.E-1);
#1998=EDGE_CURVE('',#1962,#1964,#4,.T.);
#2000=EDGE_CURVE('',#1962,#1972,#8,.T.);
#2002=EDGE_CURVE('',#1971,#1972,#53,.T.);
#2004=EDGE_CURVE('',#1964,#1971,#27,.T.);
#2015=EDGE_CURVE('',#1964,#1966,#18,.T.);
#2017=EDGE_CURVE('',#1960,#1966,#745,.T.);
#2019=EDGE_CURVE('',#1962,#1960,#13,.T.);
#2029=EDGE_CURVE('',#1964,#1968,#23,.T.);
#2031=EDGE_CURVE('',#1968,#1966,#754,.T.);
#2044=EDGE_CURVE('',#1980,#1971,#49,.T.);
#2046=EDGE_CURVE('',#1980,#1968,#31,.T.);
#2056=EDGE_CURVE('',#1991,#1988,#71,.T.);
#2058=EDGE_CURVE('',#1991,#1992,#35,.T.);
#2060=EDGE_CURVE('',#1992,#1977,#39,.T.);
#2062=EDGE_CURVE('',#1977,#1978,#44,.T.);
#2064=EDGE_CURVE('',#1980,#1978,#762,.T.);
#2068=EDGE_CURVE('',#1972,#1974,#58,.T.);
#2070=EDGE_CURVE('',#1982,#1974,#714,.T.);
#2072=EDGE_CURVE('',#1982,#1984,#63,.T.);
#2074=EDGE_CURVE('',#1984,#1986,#67,.T.);
#2076=EDGE_CURVE('',#1988,#1986,#367,.T.);
#2087=EDGE_CURVE('',#1988,#1938,#75,.T.);
#2089=EDGE_CURVE('',#1507,#1938,#383,.T.);
#2091=EDGE_CURVE('',#1507,#1508,#79,.T.);
#2093=EDGE_CURVE('',#1508,#1510,#83,.T.);
#2095=EDGE_CURVE('',#1512,#1510,#1488,.T.);
#2097=EDGE_CURVE('',#1512,#1514,#87,.T.);
#2099=EDGE_CURVE('',#1514,#1516,#91,.T.);
#2101=EDGE_CURVE('',#1518,#1516,#1472,.T.);
#2103=EDGE_CURVE('',#1518,#1520,#95,.T.);
#2105=EDGE_CURVE('',#1520,#1522,#99,.T.);
#2107=EDGE_CURVE('',#1524,#1522,#1452,.T.);
#2109=EDGE_CURVE('',#1524,#1526,#103,.T.);
#2111=EDGE_CURVE('',#1526,#1528,#107,.T.);
#2113=EDGE_CURVE('',#1530,#1528,#1432,.T.);
#2115=EDGE_CURVE('',#1530,#1532,#111,.T.);
#2117=EDGE_CURVE('',#1532,#1534,#115,.T.);
#2119=EDGE_CURVE('',#1536,#1534,#1412,.T.);
#2121=EDGE_CURVE('',#1536,#1538,#119,.T.);
#2123=EDGE_CURVE('',#1538,#1540,#123,.T.);
#2125=EDGE_CURVE('',#1542,#1540,#1392,.T.);
#2127=EDGE_CURVE('',#1542,#1544,#127,.T.);
#2129=EDGE_CURVE('',#1544,#1546,#131,.T.);
#2131=EDGE_CURVE('',#1548,#1546,#1372,.T.);
#2133=EDGE_CURVE('',#1548,#1550,#135,.T.);
#2135=EDGE_CURVE('',#1550,#1552,#139,.T.);
#2137=EDGE_CURVE('',#1554,#1552,#1352,.T.);
#2139=EDGE_CURVE('',#1554,#1556,#143,.T.);
#2141=EDGE_CURVE('',#1556,#1558,#147,.T.);
#2143=EDGE_CURVE('',#1560,#1558,#1332,.T.);
#2145=EDGE_CURVE('',#1560,#1562,#151,.T.);
#2147=EDGE_CURVE('',#1562,#1564,#155,.T.);
#2149=EDGE_CURVE('',#1566,#1564,#1312,.T.);
#2151=EDGE_CURVE('',#1566,#1568,#159,.T.);
#2153=EDGE_CURVE('',#1568,#1570,#163,.T.);
#2155=EDGE_CURVE('',#1572,#1570,#1292,.T.);
#2157=EDGE_CURVE('',#1572,#1574,#167,.T.);
#2159=EDGE_CURVE('',#1574,#1576,#171,.T.);
#2161=EDGE_CURVE('',#1578,#1576,#1272,.T.);
#2163=EDGE_CURVE('',#1578,#1580,#175,.T.);
#2165=EDGE_CURVE('',#1580,#1582,#179,.T.);
#2167=EDGE_CURVE('',#1584,#1582,#1252,.T.);
#2169=EDGE_CURVE('',#1584,#1586,#183,.T.);
#2171=EDGE_CURVE('',#1586,#1588,#187,.T.);
#2173=EDGE_CURVE('',#1590,#1588,#1232,.T.);
#2175=EDGE_CURVE('',#1590,#1592,#191,.T.);
#2177=EDGE_CURVE('',#1592,#1594,#195,.T.);
#2179=EDGE_CURVE('',#1596,#1594,#1212,.T.);
#2181=EDGE_CURVE('',#1596,#1598,#199,.T.);
#2183=EDGE_CURVE('',#1598,#1600,#203,.T.);
#2185=EDGE_CURVE('',#1602,#1600,#1192,.T.);
#2187=EDGE_CURVE('',#1602,#1604,#207,.T.);
#2189=EDGE_CURVE('',#1604,#1606,#211,.T.);
#2191=EDGE_CURVE('',#1608,#1606,#1172,.T.);
#2193=EDGE_CURVE('',#1608,#1610,#215,.T.);
#2195=EDGE_CURVE('',#1610,#1612,#219,.T.);
#2197=EDGE_CURVE('',#1614,#1612,#1152,.T.);
#2199=EDGE_CURVE('',#1614,#1616,#223,.T.);
#2201=EDGE_CURVE('',#1616,#1618,#227,.T.);
#2203=EDGE_CURVE('',#1620,#1618,#1132,.T.);
#2205=EDGE_CURVE('',#1620,#1622,#231,.T.);
#2207=EDGE_CURVE('',#1622,#1624,#235,.T.);
#2209=EDGE_CURVE('',#1626,#1624,#1112,.T.);
#2211=EDGE_CURVE('',#1626,#1628,#239,.T.);
#2213=EDGE_CURVE('',#1628,#1630,#243,.T.);
#2215=EDGE_CURVE('',#1632,#1630,#1092,.T.);
#2217=EDGE_CURVE('',#1632,#1634,#247,.T.);
#2219=EDGE_CURVE('',#1634,#1636,#251,.T.);
#2221=EDGE_CURVE('',#1638,#1636,#1072,.T.);
#2223=EDGE_CURVE('',#1638,#1640,#255,.T.);
#2225=EDGE_CURVE('',#1640,#1642,#259,.T.);
#2227=EDGE_CURVE('',#1644,#1642,#1052,.T.);
#2229=EDGE_CURVE('',#1644,#1646,#263,.T.);
#2231=EDGE_CURVE('',#1646,#1648,#267,.T.);
#2233=EDGE_CURVE('',#1650,#1648,#1032,.T.);
#2235=EDGE_CURVE('',#1650,#1652,#271,.T.);
#2237=EDGE_CURVE('',#1652,#1654,#275,.T.);
#2239=EDGE_CURVE('',#1656,#1654,#1012,.T.);
#2241=EDGE_CURVE('',#1656,#1658,#279,.T.);
#2243=EDGE_CURVE('',#1658,#1660,#283,.T.);
#2245=EDGE_CURVE('',#1662,#1660,#992,.T.);
#2247=EDGE_CURVE('',#1662,#1664,#287,.T.);
#2249=EDGE_CURVE('',#1664,#1666,#291,.T.);
#2251=EDGE_CURVE('',#1668,#1666,#972,.T.);
#2253=EDGE_CURVE('',#1668,#1670,#295,.T.);
#2255=EDGE_CURVE('',#1670,#1672,#299,.T.);
#2257=EDGE_CURVE('',#1674,#1672,#952,.T.);
#2259=EDGE_CURVE('',#1674,#1676,#303,.T.);
#2261=EDGE_CURVE('',#1676,#1678,#307,.T.);
#2263=EDGE_CURVE('',#1680,#1678,#932,.T.);
#2265=EDGE_CURVE('',#1680,#1682,#311,.T.);
#2267=EDGE_CURVE('',#1682,#1684,#315,.T.);
#2269=EDGE_CURVE('',#1686,#1684,#912,.T.);
#2271=EDGE_CURVE('',#1686,#1688,#319,.T.);
#2273=EDGE_CURVE('',#1688,#1690,#323,.T.);
#2275=EDGE_CURVE('',#1692,#1690,#892,.T.);
#2277=EDGE_CURVE('',#1692,#1694,#327,.T.);
#2279=EDGE_CURVE('',#1694,#1696,#331,.T.);
#2281=EDGE_CURVE('',#1698,#1696,#872,.T.);
#2283=EDGE_CURVE('',#1698,#1700,#335,.T.);
#2285=EDGE_CURVE('',#1700,#1702,#339,.T.);
#2287=EDGE_CURVE('',#1704,#1702,#852,.T.);
#2289=EDGE_CURVE('',#1704,#1706,#343,.T.);
#2291=EDGE_CURVE('',#1706,#1708,#347,.T.);
#2293=EDGE_CURVE('',#1710,#1708,#832,.T.);
#2295=EDGE_CURVE('',#1710,#1712,#351,.T.);
#2297=EDGE_CURVE('',#1712,#1714,#355,.T.);
#2299=EDGE_CURVE('',#1716,#1714,#812,.T.);
#2301=EDGE_CURVE('',#1716,#1718,#359,.T.);
#2303=EDGE_CURVE('',#1718,#1720,#363,.T.);
#2305=EDGE_CURVE('',#1942,#1720,#788,.T.);
#2307=EDGE_CURVE('',#1991,#1942,#784,.T.);
#2317=EDGE_CURVE('',#1938,#1940,#375,.T.);
#2321=EDGE_CURVE('',#1986,#1940,#371,.T.);
#2332=EDGE_CURVE('',#1940,#1722,#379,.T.);
#2334=EDGE_CURVE('',#1507,#1722,#1504,.T.);
#2345=EDGE_CURVE('',#1948,#1950,#387,.T.);
#2347=EDGE_CURVE('',#1948,#1977,#391,.T.);
#2350=EDGE_CURVE('',#1992,#1944,#395,.T.);
#2352=EDGE_CURVE('',#1725,#1944,#796,.T.);
#2354=EDGE_CURVE('',#1725,#1726,#399,.T.);
#2356=EDGE_CURVE('',#1726,#1728,#403,.T.);
#2358=EDGE_CURVE('',#1730,#1728,#808,.T.);
#2360=EDGE_CURVE('',#1730,#1732,#407,.T.);
#2362=EDGE_CURVE('',#1732,#1734,#411,.T.);
#2364=EDGE_CURVE('',#1736,#1734,#828,.T.);
#2366=EDGE_CURVE('',#1736,#1738,#415,.T.);
#2368=EDGE_CURVE('',#1738,#1740,#419,.T.);
#2370=EDGE_CURVE('',#1742,#1740,#848,.T.);
#2372=EDGE_CURVE('',#1742,#1744,#423,.T.);
#2374=EDGE_CURVE('',#1744,#1746,#427,.T.);
#2376=EDGE_CURVE('',#1748,#1746,#868,.T.);
#2378=EDGE_CURVE('',#1748,#1750,#431,.T.);
#2380=EDGE_CURVE('',#1750,#1752,#435,.T.);
#2382=EDGE_CURVE('',#1754,#1752,#888,.T.);
#2384=EDGE_CURVE('',#1754,#1756,#439,.T.);
#2386=EDGE_CURVE('',#1756,#1758,#443,.T.);
#2388=EDGE_CURVE('',#1760,#1758,#908,.T.);
#2390=EDGE_CURVE('',#1760,#1762,#447,.T.);
#2392=EDGE_CURVE('',#1762,#1764,#451,.T.);
#2394=EDGE_CURVE('',#1766,#1764,#928,.T.);
#2396=EDGE_CURVE('',#1766,#1768,#455,.T.);
#2398=EDGE_CURVE('',#1768,#1770,#459,.T.);
#2400=EDGE_CURVE('',#1772,#1770,#948,.T.);
#2402=EDGE_CURVE('',#1772,#1774,#463,.T.);
#2404=EDGE_CURVE('',#1774,#1776,#467,.T.);
#2406=EDGE_CURVE('',#1778,#1776,#968,.T.);
#2408=EDGE_CURVE('',#1778,#1780,#471,.T.);
#2410=EDGE_CURVE('',#1780,#1782,#475,.T.);
#2412=EDGE_CURVE('',#1784,#1782,#988,.T.);
#2414=EDGE_CURVE('',#1784,#1786,#479,.T.);
#2416=EDGE_CURVE('',#1786,#1788,#483,.T.);
#2418=EDGE_CURVE('',#1790,#1788,#1008,.T.);
#2420=EDGE_CURVE('',#1790,#1792,#487,.T.);
#2422=EDGE_CURVE('',#1792,#1794,#491,.T.);
#2424=EDGE_CURVE('',#1796,#1794,#1028,.T.);
#2426=EDGE_CURVE('',#1796,#1798,#495,.T.);
#2428=EDGE_CURVE('',#1798,#1800,#499,.T.);
#2430=EDGE_CURVE('',#1802,#1800,#1048,.T.);
#2432=EDGE_CURVE('',#1802,#1804,#503,.T.);
#2434=EDGE_CURVE('',#1804,#1806,#507,.T.);
#2436=EDGE_CURVE('',#1808,#1806,#1068,.T.);
#2438=EDGE_CURVE('',#1808,#1810,#511,.T.);
#2440=EDGE_CURVE('',#1810,#1812,#515,.T.);
#2442=EDGE_CURVE('',#1814,#1812,#1088,.T.);
#2444=EDGE_CURVE('',#1814,#1816,#519,.T.);
#2446=EDGE_CURVE('',#1816,#1818,#523,.T.);
#2448=EDGE_CURVE('',#1820,#1818,#1108,.T.);
#2450=EDGE_CURVE('',#1820,#1822,#527,.T.);
#2452=EDGE_CURVE('',#1822,#1824,#531,.T.);
#2454=EDGE_CURVE('',#1826,#1824,#1128,.T.);
#2456=EDGE_CURVE('',#1826,#1828,#535,.T.);
#2458=EDGE_CURVE('',#1828,#1830,#539,.T.);
#2460=EDGE_CURVE('',#1832,#1830,#1148,.T.);
#2462=EDGE_CURVE('',#1832,#1834,#543,.T.);
#2464=EDGE_CURVE('',#1834,#1836,#547,.T.);
#2466=EDGE_CURVE('',#1838,#1836,#1168,.T.);
#2468=EDGE_CURVE('',#1838,#1840,#551,.T.);
#2470=EDGE_CURVE('',#1840,#1842,#555,.T.);
#2472=EDGE_CURVE('',#1844,#1842,#1188,.T.);
#2474=EDGE_CURVE('',#1844,#1846,#559,.T.);
#2476=EDGE_CURVE('',#1846,#1848,#563,.T.);
#2478=EDGE_CURVE('',#1850,#1848,#1208,.T.);
#2480=EDGE_CURVE('',#1850,#1852,#567,.T.);
#2482=EDGE_CURVE('',#1852,#1854,#571,.T.);
#2484=EDGE_CURVE('',#1856,#1854,#1228,.T.);
#2486=EDGE_CURVE('',#1856,#1858,#575,.T.);
#2488=EDGE_CURVE('',#1858,#1860,#579,.T.);
#2490=EDGE_CURVE('',#1862,#1860,#1248,.T.);
#2492=EDGE_CURVE('',#1862,#1864,#583,.T.);
#2494=EDGE_CURVE('',#1864,#1866,#587,.T.);
#2496=EDGE_CURVE('',#1868,#1866,#1268,.T.);
#2498=EDGE_CURVE('',#1868,#1870,#591,.T.);
#2500=EDGE_CURVE('',#1870,#1872,#595,.T.);
#2502=EDGE_CURVE('',#1874,#1872,#1288,.T.);
#2504=EDGE_CURVE('',#1874,#1876,#599,.T.);
#2506=EDGE_CURVE('',#1876,#1878,#603,.T.);
#2508=EDGE_CURVE('',#1880,#1878,#1308,.T.);
#2510=EDGE_CURVE('',#1880,#1882,#607,.T.);
#2512=EDGE_CURVE('',#1882,#1884,#611,.T.);
#2514=EDGE_CURVE('',#1886,#1884,#1328,.T.);
#2516=EDGE_CURVE('',#1886,#1888,#615,.T.);
#2518=EDGE_CURVE('',#1888,#1890,#619,.T.);
#2520=EDGE_CURVE('',#1892,#1890,#1348,.T.);
#2522=EDGE_CURVE('',#1892,#1894,#623,.T.);
#2524=EDGE_CURVE('',#1894,#1896,#627,.T.);
#2526=EDGE_CURVE('',#1898,#1896,#1368,.T.);
#2528=EDGE_CURVE('',#1898,#1900,#631,.T.);
#2530=EDGE_CURVE('',#1900,#1902,#635,.T.);
#2532=EDGE_CURVE('',#1904,#1902,#1388,.T.);
#2534=EDGE_CURVE('',#1904,#1906,#639,.T.);
#2536=EDGE_CURVE('',#1906,#1908,#643,.T.);
#2538=EDGE_CURVE('',#1910,#1908,#1408,.T.);
#2540=EDGE_CURVE('',#1910,#1912,#647,.T.);
#2542=EDGE_CURVE('',#1912,#1914,#651,.T.);
#2544=EDGE_CURVE('',#1916,#1914,#1428,.T.);
#2546=EDGE_CURVE('',#1916,#1918,#655,.T.);
#2548=EDGE_CURVE('',#1918,#1920,#659,.T.);
#2550=EDGE_CURVE('',#1922,#1920,#1448,.T.);
#2552=EDGE_CURVE('',#1922,#1924,#663,.T.);
#2554=EDGE_CURVE('',#1924,#1926,#667,.T.);
#2556=EDGE_CURVE('',#1928,#1926,#1468,.T.);
#2558=EDGE_CURVE('',#1928,#1930,#671,.T.);
#2560=EDGE_CURVE('',#1930,#1932,#675,.T.);
#2562=EDGE_CURVE('',#1934,#1932,#1496,.T.);
#2564=EDGE_CURVE('',#1934,#1936,#679,.T.);
#2566=EDGE_CURVE('',#1936,#1722,#683,.T.);
#2571=EDGE_CURVE('',#1950,#1984,#702,.T.);
#2582=EDGE_CURVE('',#1950,#1954,#693,.T.);
#2584=EDGE_CURVE('',#1953,#1954,#737,.T.);
#2586=EDGE_CURVE('',#1948,#1953,#688,.T.);
#2596=EDGE_CURVE('',#1950,#1956,#698,.T.);
#2598=EDGE_CURVE('',#1956,#1954,#719,.T.);
#2612=EDGE_CURVE('',#1956,#1982,#710,.T.);
#2622=EDGE_CURVE('',#1956,#1958,#706,.T.);
#2626=EDGE_CURVE('',#1958,#1974,#733,.T.);
#2637=EDGE_CURVE('',#1958,#1960,#724,.T.);
#2639=EDGE_CURVE('',#1954,#1960,#741,.T.);
#2650=EDGE_CURVE('',#1958,#1962,#729,.T.);
#2677=EDGE_CURVE('',#1966,#1953,#749,.T.);
#2687=EDGE_CURVE('',#1968,#1947,#758,.T.);
#2689=EDGE_CURVE('',#1947,#1953,#776,.T.);
#2704=EDGE_CURVE('',#1947,#1978,#771,.T.);
#2714=EDGE_CURVE('',#1947,#1948,#767,.T.);
#2738=EDGE_CURVE('',#1942,#1944,#780,.T.);
#2753=EDGE_CURVE('',#1720,#1725,#792,.T.);
#2766=EDGE_CURVE('',#1718,#1726,#800,.T.);
#2777=EDGE_CURVE('',#1716,#1728,#804,.T.);
#2793=EDGE_CURVE('',#1714,#1730,#816,.T.);
#2805=EDGE_CURVE('',#1712,#1732,#820,.T.);
#2816=EDGE_CURVE('',#1710,#1734,#824,.T.);
#2832=EDGE_CURVE('',#1708,#1736,#836,.T.);
#2844=EDGE_CURVE('',#1706,#1738,#840,.T.);
#2855=EDGE_CURVE('',#1704,#1740,#844,.T.);
#2871=EDGE_CURVE('',#1702,#1742,#856,.T.);
#2883=EDGE_CURVE('',#1700,#1744,#860,.T.);
#2894=EDGE_CURVE('',#1698,#1746,#864,.T.);
#2910=EDGE_CURVE('',#1696,#1748,#876,.T.);
#2922=EDGE_CURVE('',#1694,#1750,#880,.T.);
#2933=EDGE_CURVE('',#1692,#1752,#884,.T.);
#2949=EDGE_CURVE('',#1690,#1754,#896,.T.);
#2961=EDGE_CURVE('',#1688,#1756,#900,.T.);
#2972=EDGE_CURVE('',#1686,#1758,#904,.T.);
#2988=EDGE_CURVE('',#1684,#1760,#916,.T.);
#3000=EDGE_CURVE('',#1682,#1762,#920,.T.);
#3011=EDGE_CURVE('',#1680,#1764,#924,.T.);
#3027=EDGE_CURVE('',#1678,#1766,#936,.T.);
#3039=EDGE_CURVE('',#1676,#1768,#940,.T.);
#3050=EDGE_CURVE('',#1674,#1770,#944,.T.);
#3066=EDGE_CURVE('',#1672,#1772,#956,.T.);
#3078=EDGE_CURVE('',#1670,#1774,#960,.T.);
#3089=EDGE_CURVE('',#1668,#1776,#964,.T.);
#3105=EDGE_CURVE('',#1666,#1778,#976,.T.);
#3117=EDGE_CURVE('',#1664,#1780,#980,.T.);
#3128=EDGE_CURVE('',#1662,#1782,#984,.T.);
#3144=EDGE_CURVE('',#1660,#1784,#996,.T.);
#3156=EDGE_CURVE('',#1658,#1786,#1000,.T.);
#3167=EDGE_CURVE('',#1656,#1788,#1004,.T.);
#3183=EDGE_CURVE('',#1654,#1790,#1016,.T.);
#3195=EDGE_CURVE('',#1652,#1792,#1020,.T.);
#3206=EDGE_CURVE('',#1650,#1794,#1024,.T.);
#3222=EDGE_CURVE('',#1648,#1796,#1036,.T.);
#3234=EDGE_CURVE('',#1646,#1798,#1040,.T.);
#3245=EDGE_CURVE('',#1644,#1800,#1044,.T.);
#3261=EDGE_CURVE('',#1642,#1802,#1056,.T.);
#3273=EDGE_CURVE('',#1640,#1804,#1060,.T.);
#3284=EDGE_CURVE('',#1638,#1806,#1064,.T.);
#3300=EDGE_CURVE('',#1636,#1808,#1076,.T.);
#3312=EDGE_CURVE('',#1634,#1810,#1080,.T.);
#3323=EDGE_CURVE('',#1632,#1812,#1084,.T.);
#3339=EDGE_CURVE('',#1630,#1814,#1096,.T.);
#3351=EDGE_CURVE('',#1628,#1816,#1100,.T.);
#3362=EDGE_CURVE('',#1626,#1818,#1104,.T.);
#3378=EDGE_CURVE('',#1624,#1820,#1116,.T.);
#3390=EDGE_CURVE('',#1622,#1822,#1120,.T.);
#3401=EDGE_CURVE('',#1620,#1824,#1124,.T.);
#3417=EDGE_CURVE('',#1618,#1826,#1136,.T.);
#3429=EDGE_CURVE('',#1616,#1828,#1140,.T.);
#3440=EDGE_CURVE('',#1614,#1830,#1144,.T.);
#3456=EDGE_CURVE('',#1612,#1832,#1156,.T.);
#3468=EDGE_CURVE('',#1610,#1834,#1160,.T.);
#3479=EDGE_CURVE('',#1608,#1836,#1164,.T.);
#3495=EDGE_CURVE('',#1606,#1838,#1176,.T.);
#3507=EDGE_CURVE('',#1604,#1840,#1180,.T.);
#3518=EDGE_CURVE('',#1602,#1842,#1184,.T.);
#3534=EDGE_CURVE('',#1600,#1844,#1196,.T.);
#3546=EDGE_CURVE('',#1598,#1846,#1200,.T.);
#3557=EDGE_CURVE('',#1596,#1848,#1204,.T.);
#3573=EDGE_CURVE('',#1594,#1850,#1216,.T.);
#3585=EDGE_CURVE('',#1592,#1852,#1220,.T.);
#3596=EDGE_CURVE('',#1590,#1854,#1224,.T.);
#3612=EDGE_CURVE('',#1588,#1856,#1236,.T.);
#3624=EDGE_CURVE('',#1586,#1858,#1240,.T.);
#3635=EDGE_CURVE('',#1584,#1860,#1244,.T.);
#3651=EDGE_CURVE('',#1582,#1862,#1256,.T.);
#3663=EDGE_CURVE('',#1580,#1864,#1260,.T.);
#3674=EDGE_CURVE('',#1578,#1866,#1264,.T.);
#3690=EDGE_CURVE('',#1576,#1868,#1276,.T.);
#3702=EDGE_CURVE('',#1574,#1870,#1280,.T.);
#3713=EDGE_CURVE('',#1572,#1872,#1284,.T.);
#3729=EDGE_CURVE('',#1570,#1874,#1296,.T.);
#3741=EDGE_CURVE('',#1568,#1876,#1300,.T.);
#3752=EDGE_CURVE('',#1566,#1878,#1304,.T.);
#3768=EDGE_CURVE('',#1564,#1880,#1316,.T.);
#3780=EDGE_CURVE('',#1562,#1882,#1320,.T.);
#3791=EDGE_CURVE('',#1560,#1884,#1324,.T.);
#3807=EDGE_CURVE('',#1558,#1886,#1336,.T.);
#3819=EDGE_CURVE('',#1556,#1888,#1340,.T.);
#3830=EDGE_CURVE('',#1554,#1890,#1344,.T.);
#3846=EDGE_CURVE('',#1552,#1892,#1356,.T.);
#3858=EDGE_CURVE('',#1550,#1894,#1360,.T.);
#3869=EDGE_CURVE('',#1548,#1896,#1364,.T.);
#3885=EDGE_CURVE('',#1546,#1898,#1376,.T.);
#3897=EDGE_CURVE('',#1544,#1900,#1380,.T.);
#3908=EDGE_CURVE('',#1542,#1902,#1384,.T.);
#3924=EDGE_CURVE('',#1540,#1904,#1396,.T.);
#3936=EDGE_CURVE('',#1538,#1906,#1400,.T.);
#3947=EDGE_CURVE('',#1536,#1908,#1404,.T.);
#3963=EDGE_CURVE('',#1534,#1910,#1416,.T.);
#3975=EDGE_CURVE('',#1532,#1912,#1420,.T.);
#3986=EDGE_CURVE('',#1530,#1914,#1424,.T.);
#4002=EDGE_CURVE('',#1528,#1916,#1436,.T.);
#4014=EDGE_CURVE('',#1526,#1918,#1440,.T.);
#4025=EDGE_CURVE('',#1524,#1920,#1444,.T.);
#4041=EDGE_CURVE('',#1522,#1922,#1456,.T.);
#4053=EDGE_CURVE('',#1520,#1924,#1460,.T.);
#4064=EDGE_CURVE('',#1518,#1926,#1464,.T.);
#4080=EDGE_CURVE('',#1516,#1928,#1476,.T.);
#4092=EDGE_CURVE('',#1514,#1930,#1480,.T.);
#4103=EDGE_CURVE('',#1512,#1932,#1484,.T.);
#4117=EDGE_CURVE('',#1510,#1934,#1492,.T.);
#4131=EDGE_CURVE('',#1508,#1936,#1500,.T.);
#4149=CLOSED_SHELL('',(#2008,#2023,#2036,#2050,#2080,#2311,#2325,#2339,#2575,
#2590,#2603,#2616,#2630,#2644,#2656,#2668,#2681,#2695,#2708,#2721,#2732,#2745,
#2758,#2771,#2784,#2797,#2810,#2823,#2836,#2849,#2862,#2875,#2888,#2901,#2914,
#2927,#2940,#2953,#2966,#2979,#2992,#3005,#3018,#3031,#3044,#3057,#3070,#3083,
#3096,#3109,#3122,#3135,#3148,#3161,#3174,#3187,#3200,#3213,#3226,#3239,#3252,
#3265,#3278,#3291,#3304,#3317,#3330,#3343,#3356,#3369,#3382,#3395,#3408,#3421,
#3434,#3447,#3460,#3473,#3486,#3499,#3512,#3525,#3538,#3551,#3564,#3577,#3590,
#3603,#3616,#3629,#3642,#3655,#3668,#3681,#3694,#3707,#3720,#3733,#3746,#3759,
#3772,#3785,#3798,#3811,#3824,#3837,#3850,#3863,#3876,#3889,#3902,#3915,#3928,
#3941,#3954,#3967,#3980,#3993,#4006,#4019,#4032,#4045,#4058,#4071,#4084,#4097,
#4110,#4123,#4136,#4148));
#4150=MANIFOLD_SOLID_BREP('',#4149);
#4151=(LENGTH_UNIT()NAMED_UNIT(*)SI_UNIT(.MILLI.,.METRE.));
#4153=(NAMED_UNIT(*)PLANE_ANGLE_UNIT()SI_UNIT($,.RADIAN.));
#4156=(NAMED_UNIT(*)SI_UNIT($,.STERADIAN.)SOLID_ANGLE_UNIT());
#4162=AXIS2_PLACEMENT_3D('',#4159,#4160,#4161);
#4163=ADVANCED_BREP_SHAPE_REPRESENTATION('',(#4162,#4150),#4158);
#4170=PRODUCT_DEFINITION('design','',#4169,#4166);
#4171=PRODUCT_DEFINITION_SHAPE('','SHAPE FOR _X2_96F64EF6_X0_1_11_3_1.',#4170);
#4172=SHAPE_DEFINITION_REPRESENTATION(#4171,#4163);
#4173=SHAPE_DEFINITION_REPRESENTATION(#4174,#4175);
#4174=PRODUCT_DEFINITION_SHAPE('','SHAPE FOR WH80_ASM_7_ASM_2_ASM_1_ASM.',
#4204);
#4175=SHAPE_REPRESENTATION('',(#4186,#4181,#4200),#4196);
#4176=NEXT_ASSEMBLY_USAGE_OCCURRENCE('0','Next assembly relationship',
'_X2_96F64EF6_X0_1',#4204,#4170,$);
#4177=PRODUCT_DEFINITION_SHAPE('Placement #0',
'Placement of _X2_96F64EF6_X0_1_11_3_1 with respect to WH80_ASM_7_ASM_2_ASM_1_ASM',#4176);
#4186=AXIS2_PLACEMENT_3D('',#4183,#4184,#4185);
#4189=(LENGTH_UNIT()NAMED_UNIT(*)SI_UNIT(.MILLI.,.METRE.));
#4191=(NAMED_UNIT(*)PLANE_ANGLE_UNIT()SI_UNIT($,.RADIAN.));
#4194=(NAMED_UNIT(*)SI_UNIT($,.STERADIAN.)SOLID_ANGLE_UNIT());
#4200=AXIS2_PLACEMENT_3D('',#4197,#4198,#4199);
#4204=PRODUCT_DEFINITION('design','',#4203,#4166);
#4205=SHAPE_DEFINITION_REPRESENTATION(#4206,#4207);
#4206=PRODUCT_DEFINITION_SHAPE('','SHAPE FOR WH80_ASM1_ASM_16_ASM_1_ASM.',
#4914);
#4207=SHAPE_REPRESENTATION('',(#4218,#4213,#4547,#4542,#4895,#4890,#4909),
#4905);
#4208=NEXT_ASSEMBLY_USAGE_OCCURRENCE('1','Next assembly relationship',
'WH80_ASM_7',#4914,#4204,$);
#4209=PRODUCT_DEFINITION_SHAPE('Placement #1',
'Placement of WH80_ASM_7_ASM_2_ASM_1_ASM with respect to WH80_ASM1_ASM_16_ASM_1_ASM',#4208);
#4218=AXIS2_PLACEMENT_3D('',#4215,#4216,#4217);
#4225=CIRCLE('',#4224,1.E0);
#4230=CIRCLE('',#4229,1.E0);
#4243=CIRCLE('',#4242,5.E-1);
#4248=CIRCLE('',#4247,1.5E0);
#4253=CIRCLE('',#4252,1.5E0);
#4258=CIRCLE('',#4257,1.5E0);
#4263=CIRCLE('',#4262,5.E-1);
#4276=CIRCLE('',#4275,5.E-1);
#4281=CIRCLE('',#4280,1.5E0);
#4286=CIRCLE('',#4285,1.5E0);
#4291=CIRCLE('',#4290,5.E-1);
#4320=CIRCLE('',#4319,1.5E0);
#4325=CIRCLE('',#4324,1.5E0);
#4330=CIRCLE('',#4329,1.5E0);
#4368=EDGE_CURVE('',#4333,#4334,#4234,.T.);
#4370=EDGE_CURVE('',#4333,#4336,#4225,.T.);
#4372=EDGE_CURVE('',#4338,#4336,#4267,.T.);
#4374=EDGE_CURVE('',#4338,#4334,#4230,.T.);
#4385=EDGE_CURVE('',#4340,#4334,#4263,.T.);
#4387=EDGE_CURVE('',#4340,#4342,#4238,.T.);
#4389=EDGE_CURVE('',#4333,#4342,#4276,.T.);
#4400=EDGE_CURVE('',#4338,#4344,#4243,.T.);
#4402=EDGE_CURVE('',#4344,#4346,#4248,.T.);
#4404=EDGE_CURVE('',#4346,#4348,#4253,.T.);
#4406=EDGE_CURVE('',#4348,#4340,#4258,.T.);
#4418=EDGE_CURVE('',#4350,#4336,#4291,.T.);
#4420=EDGE_CURVE('',#4350,#4344,#4271,.T.);
#4433=EDGE_CURVE('',#4342,#4352,#4281,.T.);
#4435=EDGE_CURVE('',#4352,#4350,#4286,.T.);
#4448=EDGE_CURVE('',#4342,#4354,#4295,.T.);
#4450=EDGE_CURVE('',#4356,#4354,#4320,.T.);
#4452=EDGE_CURVE('',#4356,#4350,#4299,.T.);
#4463=EDGE_CURVE('',#4358,#4340,#4311,.T.);
#4465=EDGE_CURVE('',#4358,#4354,#4303,.T.);
#4479=EDGE_CURVE('',#4344,#4360,#4307,.T.);
#4481=EDGE_CURVE('',#4362,#4360,#4330,.T.);
#4483=EDGE_CURVE('',#4358,#4362,#4325,.T.);
#4496=EDGE_CURVE('',#4356,#4360,#4315,.T.);
#4515=CLOSED_SHELL('',(#4378,#4393,#4411,#4425,#4440,#4456,#4470,#4488,#4501,
#4514));
#4516=MANIFOLD_SOLID_BREP('',#4515);
#4517=(LENGTH_UNIT()NAMED_UNIT(*)SI_UNIT(.MILLI.,.METRE.));
#4519=(NAMED_UNIT(*)PLANE_ANGLE_UNIT()SI_UNIT($,.RADIAN.));
#4522=(NAMED_UNIT(*)SI_UNIT($,.STERADIAN.)SOLID_ANGLE_UNIT());
#4528=AXIS2_PLACEMENT_3D('',#4525,#4526,#4527);
#4529=ADVANCED_BREP_SHAPE_REPRESENTATION('',(#4528,#4516),#4524);
#4534=PRODUCT_DEFINITION('design','',#4533,#4530);
#4535=PRODUCT_DEFINITION_SHAPE('','SHAPE FOR JIANDIANWH80_2_1.',#4534);
#4536=SHAPE_DEFINITION_REPRESENTATION(#4535,#4529);
#4537=NEXT_ASSEMBLY_USAGE_OCCURRENCE('2','Next assembly relationship',
'JIANDIANWH80',#4914,#4534,$);
#4538=PRODUCT_DEFINITION_SHAPE('Placement #2',
'Placement of JIANDIANWH80_2_1 with respect to WH80_ASM1_ASM_16_ASM_1_ASM',
#4537);
#4547=AXIS2_PLACEMENT_3D('',#4544,#4545,#4546);
#4554=CIRCLE('',#4553,1.E0);
#4559=CIRCLE('',#4558,1.E0);
#4564=CIRCLE('',#4563,1.E0);
#4569=CIRCLE('',#4568,1.E0);
#4582=CIRCLE('',#4581,5.E-1);
#4587=CIRCLE('',#4586,1.5E0);
#4592=CIRCLE('',#4591,1.5E0);
#4597=CIRCLE('',#4596,5.E-1);
#4610=CIRCLE('',#4609,5.E-1);
#4615=CIRCLE('',#4614,1.5E0);
#4620=CIRCLE('',#4619,1.5E0);
#4625=CIRCLE('',#4624,1.5E0);
#4630=CIRCLE('',#4629,5.E-1);
#4651=CIRCLE('',#4650,1.5E0);
#4660=CIRCLE('',#4659,1.5E0);
#4665=CIRCLE('',#4664,1.5E0);
#4711=EDGE_CURVE('',#4672,#4673,#4573,.T.);
#4713=EDGE_CURVE('',#4672,#4675,#4554,.T.);
#4715=EDGE_CURVE('',#4675,#4677,#4559,.T.);
#4717=EDGE_CURVE('',#4679,#4677,#4601,.T.);
#4719=EDGE_CURVE('',#4679,#4681,#4564,.T.);
#4721=EDGE_CURVE('',#4681,#4673,#4569,.T.);
#4732=EDGE_CURVE('',#4683,#4673,#4597,.T.);
#4734=EDGE_CURVE('',#4683,#4685,#4577,.T.);
#4736=EDGE_CURVE('',#4672,#4685,#4610,.T.);
#4748=EDGE_CURVE('',#4679,#4687,#4582,.T.);
#4750=EDGE_CURVE('',#4687,#4689,#4587,.T.);
#4752=EDGE_CURVE('',#4689,#4683,#4592,.T.);
#4764=EDGE_CURVE('',#4691,#4677,#4630,.T.);
#4766=EDGE_CURVE('',#4691,#4687,#4605,.T.);
#4780=EDGE_CURVE('',#4685,#4693,#4615,.T.);
#4782=EDGE_CURVE('',#4693,#4695,#4620,.T.);
#4784=EDGE_CURVE('',#4695,#4691,#4625,.T.);
#4798=EDGE_CURVE('',#4685,#4697,#4634,.T.);
#4800=EDGE_CURVE('',#4699,#4697,#4665,.T.);
#4802=EDGE_CURVE('',#4701,#4699,#4660,.T.);
#4804=EDGE_CURVE('',#4701,#4691,#4638,.T.);
#4815=EDGE_CURVE('',#4703,#4683,#4646,.T.);
#4817=EDGE_CURVE('',#4697,#4703,#4669,.T.);
#4830=EDGE_CURVE('',#4687,#4705,#4642,.T.);
#4832=EDGE_CURVE('',#4703,#4705,#4651,.T.);
#4845=EDGE_CURVE('',#4705,#4701,#4655,.T.);
#4864=CLOSED_SHELL('',(#4725,#4740,#4757,#4771,#4789,#4808,#4822,#4837,#4850,
#4863));
#4865=MANIFOLD_SOLID_BREP('',#4864);
#4866=(LENGTH_UNIT()NAMED_UNIT(*)SI_UNIT(.MILLI.,.METRE.));
#4868=(NAMED_UNIT(*)PLANE_ANGLE_UNIT()SI_UNIT($,.RADIAN.));
#4871=(NAMED_UNIT(*)SI_UNIT($,.STERADIAN.)SOLID_ANGLE_UNIT());
#4877=AXIS2_PLACEMENT_3D('',#4874,#4875,#4876);
#4878=ADVANCED_BREP_SHAPE_REPRESENTATION('',(#4877,#4865),#4873);
#4882=PRODUCT_DEFINITION('design','',#4881,#4530);
#4883=PRODUCT_DEFINITION_SHAPE('','SHAPE FOR PRT0006_1_1.',#4882);
#4884=SHAPE_DEFINITION_REPRESENTATION(#4883,#4878);
#4885=NEXT_ASSEMBLY_USAGE_OCCURRENCE('3','Next assembly relationship','PRT0006',
#4914,#4882,$);
#4886=PRODUCT_DEFINITION_SHAPE('Placement #3',
'Placement of PRT0006_1_1 with respect to WH80_ASM1_ASM_16_ASM_1_ASM',#4885);
#4895=AXIS2_PLACEMENT_3D('',#4892,#4893,#4894);
#4898=(LENGTH_UNIT()NAMED_UNIT(*)SI_UNIT(.MILLI.,.METRE.));
#4900=(NAMED_UNIT(*)PLANE_ANGLE_UNIT()SI_UNIT($,.RADIAN.));
#4903=(NAMED_UNIT(*)SI_UNIT($,.STERADIAN.)SOLID_ANGLE_UNIT());
#4909=AXIS2_PLACEMENT_3D('',#4906,#4907,#4908);
#4914=PRODUCT_DEFINITION('design','',#4913,#4910);
#4915=SHAPE_DEFINITION_REPRESENTATION(#4916,#4917);
#4916=PRODUCT_DEFINITION_SHAPE('','SHAPE FOR WH80-ASM-121725_2_0001_ASM_1_ASM.',
#13541);
#4917=SHAPE_REPRESENTATION('',(#4928,#4923,#10246,#10241,#13523,#13518,#13537),
#13533);
#4918=NEXT_ASSEMBLY_USAGE_OCCURRENCE('4','Next assembly relationship',
'WH80_ASM1_ASM_16',#13541,#4914,$);
#4919=PRODUCT_DEFINITION_SHAPE('Placement #4',
'Placement of WH80_ASM1_ASM_16_ASM_1_ASM with respect to WH80-ASM-121725_2_0001_ASM_1_ASM',#4918);
#4928=AXIS2_PLACEMENT_3D('',#4925,#4926,#4927);
#4951=B_SPLINE_CURVE_WITH_KNOTS('',3,(#4947,#4948,#4949,#4950),.UNSPECIFIED.,
.F.,.F.,(4,4),(0.E0,1.E0),.UNSPECIFIED.);
#4960=CIRCLE('',#4959,1.818023461152E-1);
#4969=B_SPLINE_CURVE_WITH_KNOTS('',3,(#4965,#4966,#4967,#4968),.UNSPECIFIED.,
.F.,.F.,(4,4),(0.E0,1.E0),.UNSPECIFIED.);
#4978=CIRCLE('',#4977,7.272840939326E-2);
#4987=B_SPLINE_CURVE_WITH_KNOTS('',3,(#4983,#4984,#4985,#4986),.UNSPECIFIED.,
.F.,.F.,(4,4),(0.E0,1.E0),.UNSPECIFIED.);
#4996=CIRCLE('',#4995,1.817926119546E-1);
#5005=B_SPLINE_CURVE_WITH_KNOTS('',3,(#5001,#5002,#5003,#5004),.UNSPECIFIED.,
.F.,.F.,(4,4),(0.E0,1.E0),.UNSPECIFIED.);
#5010=B_SPLINE_CURVE_WITH_KNOTS('',3,(#5006,#5007,#5008,#5009),.UNSPECIFIED.,
.F.,.F.,(4,4),(0.E0,1.E0),.UNSPECIFIED.);
#5019=B_SPLINE_CURVE_WITH_KNOTS('',3,(#5015,#5016,#5017,#5018),.UNSPECIFIED.,
.F.,.F.,(4,4),(0.E0,1.E0),.UNSPECIFIED.);
#5028=B_SPLINE_CURVE_WITH_KNOTS('',3,(#5024,#5025,#5026,#5027),.UNSPECIFIED.,
.F.,.F.,(4,4),(0.E0,1.E0),.UNSPECIFIED.);
#5037=B_SPLINE_CURVE_WITH_KNOTS('',3,(#5033,#5034,#5035,#5036),.UNSPECIFIED.,
.F.,.F.,(4,4),(0.E0,1.E0),.UNSPECIFIED.);
#5046=B_SPLINE_CURVE_WITH_KNOTS('',3,(#5042,#5043,#5044,#5045),.UNSPECIFIED.,
.F.,.F.,(4,4),(0.E0,1.E0),.UNSPECIFIED.);
#5055=B_SPLINE_CURVE_WITH_KNOTS('',3,(#5051,#5052,#5053,#5054),.UNSPECIFIED.,
.F.,.F.,(4,4),(0.E0,1.E0),.UNSPECIFIED.);
#5060=B_SPLINE_CURVE_WITH_KNOTS('',3,(#5056,#5057,#5058,#5059),.UNSPECIFIED.,
.F.,.F.,(4,4),(0.E0,1.E0),.UNSPECIFIED.);
#5069=B_SPLINE_CURVE_WITH_KNOTS('',3,(#5065,#5066,#5067,#5068),.UNSPECIFIED.,
.F.,.F.,(4,4),(0.E0,1.E0),.UNSPECIFIED.);
#5078=B_SPLINE_CURVE_WITH_KNOTS('',3,(#5074,#5075,#5076,#5077),.UNSPECIFIED.,
.F.,.F.,(4,4),(0.E0,1.E0),.UNSPECIFIED.);
#5087=B_SPLINE_CURVE_WITH_KNOTS('',3,(#5083,#5084,#5085,#5086),.UNSPECIFIED.,
.F.,.F.,(4,4),(0.E0,1.E0),.UNSPECIFIED.);
#5096=B_SPLINE_CURVE_WITH_KNOTS('',3,(#5092,#5093,#5094,#5095),.UNSPECIFIED.,
.F.,.F.,(4,4),(0.E0,1.E0),.UNSPECIFIED.);
#5105=B_SPLINE_CURVE_WITH_KNOTS('',3,(#5101,#5102,#5103,#5104),.UNSPECIFIED.,
.F.,.F.,(4,4),(0.E0,1.E0),.UNSPECIFIED.);
#5114=B_SPLINE_CURVE_WITH_KNOTS('',3,(#5110,#5111,#5112,#5113),.UNSPECIFIED.,
.F.,.F.,(4,4),(0.E0,1.E0),.UNSPECIFIED.);
#5123=B_SPLINE_CURVE_WITH_KNOTS('',3,(#5119,#5120,#5121,#5122),.UNSPECIFIED.,
.F.,.F.,(4,4),(0.E0,1.E0),.UNSPECIFIED.);
#5132=B_SPLINE_CURVE_WITH_KNOTS('',3,(#5128,#5129,#5130,#5131),.UNSPECIFIED.,
.F.,.F.,(4,4),(0.E0,1.E0),.UNSPECIFIED.);
#5141=B_SPLINE_CURVE_WITH_KNOTS('',3,(#5137,#5138,#5139,#5140),.UNSPECIFIED.,
.F.,.F.,(4,4),(0.E0,1.E0),.UNSPECIFIED.);
#5150=B_SPLINE_CURVE_WITH_KNOTS('',3,(#5146,#5147,#5148,#5149),.UNSPECIFIED.,
.F.,.F.,(4,4),(0.E0,1.E0),.UNSPECIFIED.);
#5159=B_SPLINE_CURVE_WITH_KNOTS('',3,(#5155,#5156,#5157,#5158),.UNSPECIFIED.,
.F.,.F.,(4,4),(0.E0,1.E0),.UNSPECIFIED.);
#5168=B_SPLINE_CURVE_WITH_KNOTS('',3,(#5164,#5165,#5166,#5167),.UNSPECIFIED.,
.F.,.F.,(4,4),(0.E0,1.E0),.UNSPECIFIED.);
#5177=CIRCLE('',#5176,2.727241841849E-1);
#5186=B_SPLINE_CURVE_WITH_KNOTS('',3,(#5182,#5183,#5184,#5185),.UNSPECIFIED.,
.F.,.F.,(4,4),(0.E0,1.E0),.UNSPECIFIED.);
#5195=B_SPLINE_CURVE_WITH_KNOTS('',3,(#5191,#5192,#5193,#5194),.UNSPECIFIED.,
.F.,.F.,(4,4),(0.E0,1.E0),.UNSPECIFIED.);
#5204=CIRCLE('',#5203,7.272633495753E-2);
#5213=B_SPLINE_CURVE_WITH_KNOTS('',3,(#5209,#5210,#5211,#5212),.UNSPECIFIED.,
.F.,.F.,(4,4),(0.E0,1.E0),.UNSPECIFIED.);
#5222=CIRCLE('',#5221,1.817644550182E-1);
#5231=B_SPLINE_CURVE_WITH_KNOTS('',3,(#5227,#5228,#5229,#5230),.UNSPECIFIED.,
.F.,.F.,(4,4),(0.E0,1.E0),.UNSPECIFIED.);
#5240=B_SPLINE_CURVE_WITH_KNOTS('',3,(#5236,#5237,#5238,#5239),.UNSPECIFIED.,
.F.,.F.,(4,4),(0.E0,1.E0),.UNSPECIFIED.);
#5249=CIRCLE('',#5248,1.817941677775E-1);
#5258=B_SPLINE_CURVE_WITH_KNOTS('',3,(#5254,#5255,#5256,#5257),.UNSPECIFIED.,
.F.,.F.,(4,4),(0.E0,1.E0),.UNSPECIFIED.);
#5267=B_SPLINE_CURVE_WITH_KNOTS('',3,(#5263,#5264,#5265,#5266),.UNSPECIFIED.,
.F.,.F.,(4,4),(0.E0,1.E0),.UNSPECIFIED.);
#5276=B_SPLINE_CURVE_WITH_KNOTS('',3,(#5272,#5273,#5274,#5275),.UNSPECIFIED.,
.F.,.F.,(4,4),(0.E0,1.E0),.UNSPECIFIED.);
#5285=B_SPLINE_CURVE_WITH_KNOTS('',3,(#5281,#5282,#5283,#5284),.UNSPECIFIED.,
.F.,.F.,(4,4),(0.E0,1.E0),.UNSPECIFIED.);
#5294=B_SPLINE_CURVE_WITH_KNOTS('',3,(#5290,#5291,#5292,#5293),.UNSPECIFIED.,
.F.,.F.,(4,4),(0.E0,1.E0),.UNSPECIFIED.);
#5303=B_SPLINE_CURVE_WITH_KNOTS('',3,(#5299,#5300,#5301,#5302),.UNSPECIFIED.,
.F.,.F.,(4,4),(0.E0,1.E0),.UNSPECIFIED.);
#5312=B_SPLINE_CURVE_WITH_KNOTS('',3,(#5308,#5309,#5310,#5311),.UNSPECIFIED.,
.F.,.F.,(4,4),(0.E0,1.E0),.UNSPECIFIED.);
#5321=B_SPLINE_CURVE_WITH_KNOTS('',3,(#5317,#5318,#5319,#5320),.UNSPECIFIED.,
.F.,.F.,(4,4),(0.E0,1.E0),.UNSPECIFIED.);
#5330=B_SPLINE_CURVE_WITH_KNOTS('',3,(#5326,#5327,#5328,#5329),.UNSPECIFIED.,
.F.,.F.,(4,4),(0.E0,1.E0),.UNSPECIFIED.);
#5335=B_SPLINE_CURVE_WITH_KNOTS('',3,(#5331,#5332,#5333,#5334),.UNSPECIFIED.,
.F.,.F.,(4,4),(0.E0,1.E0),.UNSPECIFIED.);
#5344=B_SPLINE_CURVE_WITH_KNOTS('',3,(#5340,#5341,#5342,#5343),.UNSPECIFIED.,
.F.,.F.,(4,4),(0.E0,1.E0),.UNSPECIFIED.);
#5353=B_SPLINE_CURVE_WITH_KNOTS('',3,(#5349,#5350,#5351,#5352),.UNSPECIFIED.,
.F.,.F.,(4,4),(0.E0,1.E0),.UNSPECIFIED.);
#5362=CIRCLE('',#5361,2.727255559736E-1);
#5371=B_SPLINE_CURVE_WITH_KNOTS('',3,(#5367,#5368,#5369,#5370),.UNSPECIFIED.,
.F.,.F.,(4,4),(0.E0,1.E0),.UNSPECIFIED.);
#5380=B_SPLINE_CURVE_WITH_KNOTS('',3,(#5376,#5377,#5378,#5379),.UNSPECIFIED.,
.F.,.F.,(4,4),(0.E0,1.E0),.UNSPECIFIED.);
#5389=B_SPLINE_CURVE_WITH_KNOTS('',3,(#5385,#5386,#5387,#5388),.UNSPECIFIED.,
.F.,.F.,(4,4),(0.E0,1.E0),.UNSPECIFIED.);
#5398=B_SPLINE_CURVE_WITH_KNOTS('',3,(#5394,#5395,#5396,#5397),.UNSPECIFIED.,
.F.,.F.,(4,4),(0.E0,1.E0),.UNSPECIFIED.);
#5407=CIRCLE('',#5406,2.727206818869E-1);
#5416=B_SPLINE_CURVE_WITH_KNOTS('',3,(#5412,#5413,#5414,#5415),.UNSPECIFIED.,
.F.,.F.,(4,4),(0.E0,1.E0),.UNSPECIFIED.);
#5429=B_SPLINE_CURVE_WITH_KNOTS('',3,(#5425,#5426,#5427,#5428),.UNSPECIFIED.,
.F.,.F.,(4,4),(0.E0,1.E0),.UNSPECIFIED.);
#5438=B_SPLINE_CURVE_WITH_KNOTS('',3,(#5434,#5435,#5436,#5437),.UNSPECIFIED.,
.F.,.F.,(4,4),(0.E0,1.E0),.UNSPECIFIED.);
#5447=B_SPLINE_CURVE_WITH_KNOTS('',3,(#5443,#5444,#5445,#5446),.UNSPECIFIED.,
.F.,.F.,(4,4),(0.E0,1.E0),.UNSPECIFIED.);
#5456=B_SPLINE_CURVE_WITH_KNOTS('',3,(#5452,#5453,#5454,#5455),.UNSPECIFIED.,
.F.,.F.,(4,4),(0.E0,1.E0),.UNSPECIFIED.);
#5465=B_SPLINE_CURVE_WITH_KNOTS('',3,(#5461,#5462,#5463,#5464),.UNSPECIFIED.,
.F.,.F.,(4,4),(0.E0,1.E0),.UNSPECIFIED.);
#5474=B_SPLINE_CURVE_WITH_KNOTS('',3,(#5470,#5471,#5472,#5473),.UNSPECIFIED.,
.F.,.F.,(4,4),(0.E0,1.E0),.UNSPECIFIED.);
#5483=B_SPLINE_CURVE_WITH_KNOTS('',3,(#5479,#5480,#5481,#5482),.UNSPECIFIED.,
.F.,.F.,(4,4),(0.E0,1.E0),.UNSPECIFIED.);
#5492=B_SPLINE_CURVE_WITH_KNOTS('',3,(#5488,#5489,#5490,#5491),.UNSPECIFIED.,
.F.,.F.,(4,4),(0.E0,1.E0),.UNSPECIFIED.);
#5501=B_SPLINE_CURVE_WITH_KNOTS('',3,(#5497,#5498,#5499,#5500),.UNSPECIFIED.,
.F.,.F.,(4,4),(0.E0,1.E0),.UNSPECIFIED.);
#5510=CIRCLE('',#5509,2.727227575844E-1);
#5519=B_SPLINE_CURVE_WITH_KNOTS('',3,(#5515,#5516,#5517,#5518),.UNSPECIFIED.,
.F.,.F.,(4,4),(0.E0,1.E0),.UNSPECIFIED.);
#5525=B_SPLINE_CURVE_WITH_KNOTS('',3,(#5520,#5521,#5522,#5523,#5524),
.UNSPECIFIED.,.F.,.F.,(4,1,4),(0.E0,5.E-1,1.E0),.UNSPECIFIED.);
#5538=CIRCLE('',#5537,1.8E0);
#5547=CIRCLE('',#5546,1.8E0);
#5553=B_SPLINE_CURVE_WITH_KNOTS('',3,(#5548,#5549,#5550,#5551,#5552),
.UNSPECIFIED.,.F.,.F.,(4,1,4),(0.E0,5.E-1,1.E0),.UNSPECIFIED.);
#5578=CIRCLE('',#5577,1.6E0);
#5595=CIRCLE('',#5594,1.6E0);
#5604=CIRCLE('',#5603,1.6E0);
#5621=CIRCLE('',#5620,1.6E0);
#5659=B_SPLINE_CURVE_WITH_KNOTS('',3,(#5654,#5655,#5656,#5657,#5658),
.UNSPECIFIED.,.F.,.F.,(4,1,4),(0.E0,5.E-1,1.E0),.UNSPECIFIED.);
#5664=CIRCLE('',#5663,5.E-1);
#5673=CIRCLE('',#5672,5.E-1);
#5678=CIRCLE('',#5677,5.E-1);
#5759=B_SPLINE_CURVE_WITH_KNOTS('',3,(#5755,#5756,#5757,#5758),.UNSPECIFIED.,
.F.,.F.,(4,4),(0.E0,1.E0),.UNSPECIFIED.);
#5768=CIRCLE('',#5767,1.817926119546E-1);
#5773=B_SPLINE_CURVE_WITH_KNOTS('',3,(#5769,#5770,#5771,#5772),.UNSPECIFIED.,
.F.,.F.,(4,4),(0.E0,1.E0),.UNSPECIFIED.);
#5782=CIRCLE('',#5781,7.272840939326E-2);
#5791=B_SPLINE_CURVE_WITH_KNOTS('',3,(#5787,#5788,#5789,#5790),.UNSPECIFIED.,
.F.,.F.,(4,4),(0.E0,1.E0),.UNSPECIFIED.);
#5796=CIRCLE('',#5795,1.818023461152E-1);
#5805=B_SPLINE_CURVE_WITH_KNOTS('',3,(#5801,#5802,#5803,#5804),.UNSPECIFIED.,
.F.,.F.,(4,4),(0.E0,1.E0),.UNSPECIFIED.);
#5886=B_SPLINE_CURVE_WITH_KNOTS('',3,(#5882,#5883,#5884,#5885),.UNSPECIFIED.,
.F.,.F.,(4,4),(0.E0,1.E0),.UNSPECIFIED.);
#5895=B_SPLINE_CURVE_WITH_KNOTS('',3,(#5891,#5892,#5893,#5894),.UNSPECIFIED.,
.F.,.F.,(4,4),(0.E0,1.E0),.UNSPECIFIED.);
#5900=B_SPLINE_CURVE_WITH_KNOTS('',3,(#5896,#5897,#5898,#5899),.UNSPECIFIED.,
.F.,.F.,(4,4),(0.E0,1.E0),.UNSPECIFIED.);
#5905=B_SPLINE_CURVE_WITH_KNOTS('',3,(#5901,#5902,#5903,#5904),.UNSPECIFIED.,
.F.,.F.,(4,4),(0.E0,1.E0),.UNSPECIFIED.);
#5910=B_SPLINE_CURVE_WITH_KNOTS('',3,(#5906,#5907,#5908,#5909),.UNSPECIFIED.,
.F.,.F.,(4,4),(0.E0,1.E0),.UNSPECIFIED.);
#5919=B_SPLINE_CURVE_WITH_KNOTS('',3,(#5915,#5916,#5917,#5918),.UNSPECIFIED.,
.F.,.F.,(4,4),(0.E0,1.E0),.UNSPECIFIED.);
#5924=B_SPLINE_CURVE_WITH_KNOTS('',3,(#5920,#5921,#5922,#5923),.UNSPECIFIED.,
.F.,.F.,(4,4),(0.E0,1.E0),.UNSPECIFIED.);
#5933=B_SPLINE_CURVE_WITH_KNOTS('',3,(#5929,#5930,#5931,#5932),.UNSPECIFIED.,
.F.,.F.,(4,4),(0.E0,1.E0),.UNSPECIFIED.);
#5938=B_SPLINE_CURVE_WITH_KNOTS('',3,(#5934,#5935,#5936,#5937),.UNSPECIFIED.,
.F.,.F.,(4,4),(0.E0,1.E0),.UNSPECIFIED.);
#5943=B_SPLINE_CURVE_WITH_KNOTS('',3,(#5939,#5940,#5941,#5942),.UNSPECIFIED.,
.F.,.F.,(4,4),(0.E0,1.E0),.UNSPECIFIED.);
#5948=B_SPLINE_CURVE_WITH_KNOTS('',3,(#5944,#5945,#5946,#5947),.UNSPECIFIED.,
.F.,.F.,(4,4),(0.E0,1.E0),.UNSPECIFIED.);
#5957=B_SPLINE_CURVE_WITH_KNOTS('',3,(#5953,#5954,#5955,#5956),.UNSPECIFIED.,
.F.,.F.,(4,4),(0.E0,1.E0),.UNSPECIFIED.);
#6106=B_SPLINE_CURVE_WITH_KNOTS('',3,(#6102,#6103,#6104,#6105),.UNSPECIFIED.,
.F.,.F.,(4,4),(0.E0,1.E0),.UNSPECIFIED.);
#6115=CIRCLE('',#6114,2.727241841849E-1);
#6124=B_SPLINE_CURVE_WITH_KNOTS('',3,(#6120,#6121,#6122,#6123),.UNSPECIFIED.,
.F.,.F.,(4,4),(0.E0,1.E0),.UNSPECIFIED.);
#6129=B_SPLINE_CURVE_WITH_KNOTS('',3,(#6125,#6126,#6127,#6128),.UNSPECIFIED.,
.F.,.F.,(4,4),(0.E0,1.E0),.UNSPECIFIED.);
#6138=B_SPLINE_CURVE_WITH_KNOTS('',3,(#6134,#6135,#6136,#6137),.UNSPECIFIED.,
.F.,.F.,(4,4),(0.E0,1.E0),.UNSPECIFIED.);
#6147=B_SPLINE_CURVE_WITH_KNOTS('',3,(#6143,#6144,#6145,#6146),.UNSPECIFIED.,
.F.,.F.,(4,4),(0.E0,1.E0),.UNSPECIFIED.);
#6152=B_SPLINE_CURVE_WITH_KNOTS('',3,(#6148,#6149,#6150,#6151),.UNSPECIFIED.,
.F.,.F.,(4,4),(0.E0,1.E0),.UNSPECIFIED.);
#6161=B_SPLINE_CURVE_WITH_KNOTS('',3,(#6157,#6158,#6159,#6160),.UNSPECIFIED.,
.F.,.F.,(4,4),(0.E0,1.E0),.UNSPECIFIED.);
#6170=B_SPLINE_CURVE_WITH_KNOTS('',3,(#6166,#6167,#6168,#6169),.UNSPECIFIED.,
.F.,.F.,(4,4),(0.E0,1.E0),.UNSPECIFIED.);
#6243=CIRCLE('',#6242,1.817941677775E-1);
#6252=B_SPLINE_CURVE_WITH_KNOTS('',3,(#6248,#6249,#6250,#6251),.UNSPECIFIED.,
.F.,.F.,(4,4),(0.E0,1.E0),.UNSPECIFIED.);
#6257=B_SPLINE_CURVE_WITH_KNOTS('',3,(#6253,#6254,#6255,#6256),.UNSPECIFIED.,
.F.,.F.,(4,4),(0.E0,1.E0),.UNSPECIFIED.);
#6266=CIRCLE('',#6265,1.817644550182E-1);
#6271=B_SPLINE_CURVE_WITH_KNOTS('',3,(#6267,#6268,#6269,#6270),.UNSPECIFIED.,
.F.,.F.,(4,4),(0.E0,1.E0),.UNSPECIFIED.);
#6280=CIRCLE('',#6279,7.272633495753E-2);
#6289=B_SPLINE_CURVE_WITH_KNOTS('',3,(#6285,#6286,#6287,#6288),.UNSPECIFIED.,
.F.,.F.,(4,4),(0.E0,1.E0),.UNSPECIFIED.);
#6390=B_SPLINE_CURVE_WITH_KNOTS('',3,(#6386,#6387,#6388,#6389),.UNSPECIFIED.,
.F.,.F.,(4,4),(0.E0,1.E0),.UNSPECIFIED.);
#6395=B_SPLINE_CURVE_WITH_KNOTS('',3,(#6391,#6392,#6393,#6394),.UNSPECIFIED.,
.F.,.F.,(4,4),(0.E0,1.E0),.UNSPECIFIED.);
#6404=B_SPLINE_CURVE_WITH_KNOTS('',3,(#6400,#6401,#6402,#6403),.UNSPECIFIED.,
.F.,.F.,(4,4),(0.E0,1.E0),.UNSPECIFIED.);
#6409=B_SPLINE_CURVE_WITH_KNOTS('',3,(#6405,#6406,#6407,#6408),.UNSPECIFIED.,
.F.,.F.,(4,4),(0.E0,1.E0),.UNSPECIFIED.);
#6418=B_SPLINE_CURVE_WITH_KNOTS('',3,(#6414,#6415,#6416,#6417),.UNSPECIFIED.,
.F.,.F.,(4,4),(0.E0,1.E0),.UNSPECIFIED.);
#6423=B_SPLINE_CURVE_WITH_KNOTS('',3,(#6419,#6420,#6421,#6422),.UNSPECIFIED.,
.F.,.F.,(4,4),(0.E0,1.E0),.UNSPECIFIED.);
#6428=B_SPLINE_CURVE_WITH_KNOTS('',3,(#6424,#6425,#6426,#6427),.UNSPECIFIED.,
.F.,.F.,(4,4),(0.E0,1.E0),.UNSPECIFIED.);
#6433=B_SPLINE_CURVE_WITH_KNOTS('',3,(#6429,#6430,#6431,#6432),.UNSPECIFIED.,
.F.,.F.,(4,4),(0.E0,1.E0),.UNSPECIFIED.);
#6442=B_SPLINE_CURVE_WITH_KNOTS('',3,(#6438,#6439,#6440,#6441),.UNSPECIFIED.,
.F.,.F.,(4,4),(0.E0,1.E0),.UNSPECIFIED.);
#6447=CIRCLE('',#6446,3.635879489451E-1);
#6452=CIRCLE('',#6451,3.635881409209E-1);
#6461=CIRCLE('',#6460,3.635879489451E-1);
#6466=CIRCLE('',#6465,3.635881409209E-1);
#6587=B_SPLINE_CURVE_WITH_KNOTS('',3,(#6583,#6584,#6585,#6586),.UNSPECIFIED.,
.F.,.F.,(4,4),(0.E0,1.E0),.UNSPECIFIED.);
#6592=B_SPLINE_CURVE_WITH_KNOTS('',3,(#6588,#6589,#6590,#6591),.UNSPECIFIED.,
.F.,.F.,(4,4),(0.E0,1.E0),.UNSPECIFIED.);
#6597=CIRCLE('',#6596,2.727206818869E-1);
#6602=B_SPLINE_CURVE_WITH_KNOTS('',3,(#6598,#6599,#6600,#6601),.UNSPECIFIED.,
.F.,.F.,(4,4),(0.E0,1.E0),.UNSPECIFIED.);
#6607=B_SPLINE_CURVE_WITH_KNOTS('',3,(#6603,#6604,#6605,#6606),.UNSPECIFIED.,
.F.,.F.,(4,4),(0.E0,1.E0),.UNSPECIFIED.);
#6616=B_SPLINE_CURVE_WITH_KNOTS('',3,(#6612,#6613,#6614,#6615),.UNSPECIFIED.,
.F.,.F.,(4,4),(0.E0,1.E0),.UNSPECIFIED.);
#6621=B_SPLINE_CURVE_WITH_KNOTS('',3,(#6617,#6618,#6619,#6620),.UNSPECIFIED.,
.F.,.F.,(4,4),(0.E0,1.E0),.UNSPECIFIED.);
#6626=CIRCLE('',#6625,2.727255559736E-1);
#6631=B_SPLINE_CURVE_WITH_KNOTS('',3,(#6627,#6628,#6629,#6630),.UNSPECIFIED.,
.F.,.F.,(4,4),(0.E0,1.E0),.UNSPECIFIED.);
#6636=B_SPLINE_CURVE_WITH_KNOTS('',3,(#6632,#6633,#6634,#6635),.UNSPECIFIED.,
.F.,.F.,(4,4),(0.E0,1.E0),.UNSPECIFIED.);
#6761=B_SPLINE_CURVE_WITH_KNOTS('',3,(#6757,#6758,#6759,#6760),.UNSPECIFIED.,
.F.,.F.,(4,4),(0.E0,1.E0),.UNSPECIFIED.);
#6766=CIRCLE('',#6765,2.727227575844E-1);
#6771=B_SPLINE_CURVE_WITH_KNOTS('',3,(#6767,#6768,#6769,#6770),.UNSPECIFIED.,
.F.,.F.,(4,4),(0.E0,1.E0),.UNSPECIFIED.);
#6776=B_SPLINE_CURVE_WITH_KNOTS('',3,(#6772,#6773,#6774,#6775),.UNSPECIFIED.,
.F.,.F.,(4,4),(0.E0,1.E0),.UNSPECIFIED.);
#6785=B_SPLINE_CURVE_WITH_KNOTS('',3,(#6781,#6782,#6783,#6784),.UNSPECIFIED.,
.F.,.F.,(4,4),(0.E0,1.E0),.UNSPECIFIED.);
#6794=B_SPLINE_CURVE_WITH_KNOTS('',3,(#6790,#6791,#6792,#6793),.UNSPECIFIED.,
.F.,.F.,(4,4),(0.E0,1.E0),.UNSPECIFIED.);
#6799=B_SPLINE_CURVE_WITH_KNOTS('',3,(#6795,#6796,#6797,#6798),.UNSPECIFIED.,
.F.,.F.,(4,4),(0.E0,1.E0),.UNSPECIFIED.);
#6804=B_SPLINE_CURVE_WITH_KNOTS('',3,(#6800,#6801,#6802,#6803),.UNSPECIFIED.,
.F.,.F.,(4,4),(0.E0,1.E0),.UNSPECIFIED.);
#6809=B_SPLINE_CURVE_WITH_KNOTS('',3,(#6805,#6806,#6807,#6808),.UNSPECIFIED.,
.F.,.F.,(4,4),(0.E0,1.E0),.UNSPECIFIED.);
#6818=B_SPLINE_CURVE_WITH_KNOTS('',3,(#6814,#6815,#6816,#6817),.UNSPECIFIED.,
.F.,.F.,(4,4),(0.E0,1.E0),.UNSPECIFIED.);
#6827=B_SPLINE_CURVE_WITH_KNOTS('',3,(#6823,#6824,#6825,#6826),.UNSPECIFIED.,
.F.,.F.,(4,4),(0.E0,1.E0),.UNSPECIFIED.);
#7352=EDGE_CURVE('',#6830,#7335,#4934,.T.);
#7354=EDGE_CURVE('',#7335,#7336,#4938,.T.);
#7356=EDGE_CURVE('',#7336,#6831,#4942,.T.);
#7358=EDGE_CURVE('',#6830,#6831,#5561,.T.);
#7362=EDGE_CURVE('',#6834,#6835,#4946,.T.);
#7364=EDGE_CURVE('',#6835,#6836,#4951,.T.);
#7366=EDGE_CURVE('',#6836,#6838,#4955,.T.);
#7368=EDGE_CURVE('',#6838,#6840,#4960,.T.);
#7370=EDGE_CURVE('',#6840,#6842,#4964,.T.);
#7372=EDGE_CURVE('',#6842,#6843,#4969,.T.);
#7374=EDGE_CURVE('',#6843,#6845,#4973,.T.);
#7376=EDGE_CURVE('',#6845,#6847,#4978,.T.);
#7378=EDGE_CURVE('',#6847,#6849,#4982,.T.);
#7380=EDGE_CURVE('',#6849,#6850,#4987,.T.);
#7382=EDGE_CURVE('',#6850,#6852,#4991,.T.);
#7384=EDGE_CURVE('',#6852,#6854,#4996,.T.);
#7386=EDGE_CURVE('',#6854,#6856,#5000,.T.);
#7388=EDGE_CURVE('',#6856,#6834,#5005,.T.);
#7392=EDGE_CURVE('',#6859,#6860,#5809,.T.);
#7394=EDGE_CURVE('',#6859,#6861,#5010,.T.);
#7396=EDGE_CURVE('',#6861,#6863,#5014,.T.);
#7398=EDGE_CURVE('',#6863,#6864,#5019,.T.);
#7400=EDGE_CURVE('',#6864,#6866,#5023,.T.);
#7402=EDGE_CURVE('',#6866,#6867,#5028,.T.);
#7404=EDGE_CURVE('',#6867,#6869,#5032,.T.);
#7406=EDGE_CURVE('',#6869,#6870,#5037,.T.);
#7408=EDGE_CURVE('',#6870,#6872,#5041,.T.);
#7410=EDGE_CURVE('',#6872,#6873,#5046,.T.);
#7412=EDGE_CURVE('',#6873,#6875,#5050,.T.);
#7414=EDGE_CURVE('',#6875,#6876,#5055,.T.);
#7416=EDGE_CURVE('',#6878,#6876,#5881,.T.);
#7418=EDGE_CURVE('',#6878,#6879,#5060,.T.);
#7420=EDGE_CURVE('',#6879,#6881,#5064,.T.);
#7422=EDGE_CURVE('',#6881,#6882,#5069,.T.);
#7424=EDGE_CURVE('',#6882,#6884,#5073,.T.);
#7426=EDGE_CURVE('',#6884,#6885,#5078,.T.);
#7428=EDGE_CURVE('',#6885,#6887,#5082,.T.);
#7430=EDGE_CURVE('',#6887,#6888,#5087,.T.);
#7432=EDGE_CURVE('',#6888,#6890,#5091,.T.);
#7434=EDGE_CURVE('',#6890,#6891,#5096,.T.);
#7436=EDGE_CURVE('',#6891,#6893,#5100,.T.);
#7438=EDGE_CURVE('',#6893,#6860,#5105,.T.);
#7442=EDGE_CURVE('',#6896,#6897,#5109,.T.);
#7444=EDGE_CURVE('',#6897,#6898,#5114,.T.);
#7446=EDGE_CURVE('',#6898,#6900,#5118,.T.);
#7448=EDGE_CURVE('',#6900,#6901,#5123,.T.);
#7450=EDGE_CURVE('',#6901,#6903,#5127,.T.);
#7452=EDGE_CURVE('',#6903,#6904,#5132,.T.);
#7454=EDGE_CURVE('',#6904,#6906,#5136,.T.);
#7456=EDGE_CURVE('',#6906,#6907,#5141,.T.);
#7458=EDGE_CURVE('',#6907,#6909,#5145,.T.);
#7460=EDGE_CURVE('',#6909,#6910,#5150,.T.);
#7462=EDGE_CURVE('',#6910,#6912,#5154,.T.);
#7464=EDGE_CURVE('',#6912,#6913,#5159,.T.);
#7466=EDGE_CURVE('',#6913,#6915,#5163,.T.);
#7468=EDGE_CURVE('',#6915,#6916,#5168,.T.);
#7470=EDGE_CURVE('',#6916,#6918,#5172,.T.);
#7472=EDGE_CURVE('',#6918,#6920,#5177,.T.);
#7474=EDGE_CURVE('',#6920,#6922,#5181,.T.);
#7476=EDGE_CURVE('',#6922,#6896,#5186,.T.);
#7480=EDGE_CURVE('',#6925,#6926,#5190,.T.);
#7482=EDGE_CURVE('',#6926,#6927,#5195,.T.);
#7484=EDGE_CURVE('',#6927,#6929,#5199,.T.);
#7486=EDGE_CURVE('',#6929,#6931,#5204,.T.);
#7488=EDGE_CURVE('',#6931,#6933,#5208,.T.);
#7490=EDGE_CURVE('',#6933,#6934,#5213,.T.);
#7492=EDGE_CURVE('',#6934,#6936,#5217,.T.);
#7494=EDGE_CURVE('',#6936,#6938,#5222,.T.);
#7496=EDGE_CURVE('',#6938,#6940,#5226,.T.);
#7498=EDGE_CURVE('',#6940,#6941,#5231,.T.);
#7500=EDGE_CURVE('',#6941,#6943,#5235,.T.);
#7502=EDGE_CURVE('',#6943,#6944,#5240,.T.);
#7504=EDGE_CURVE('',#6944,#6946,#5244,.T.);
#7506=EDGE_CURVE('',#6946,#6925,#5249,.T.);
#7510=EDGE_CURVE('',#6949,#6950,#5253,.T.);
#7512=EDGE_CURVE('',#6950,#6951,#5258,.T.);
#7514=EDGE_CURVE('',#6951,#6953,#5262,.T.);
#7516=EDGE_CURVE('',#6953,#6954,#5267,.T.);
#7518=EDGE_CURVE('',#6954,#6956,#5271,.T.);
#7520=EDGE_CURVE('',#6956,#6957,#5276,.T.);
#7522=EDGE_CURVE('',#6957,#6959,#5280,.T.);
#7524=EDGE_CURVE('',#6959,#6960,#5285,.T.);
#7526=EDGE_CURVE('',#6960,#6962,#5289,.T.);
#7528=EDGE_CURVE('',#6962,#6963,#5294,.T.);
#7530=EDGE_CURVE('',#6963,#6965,#5298,.T.);
#7532=EDGE_CURVE('',#6965,#6966,#5303,.T.);
#7534=EDGE_CURVE('',#6966,#6968,#5307,.T.);
#7536=EDGE_CURVE('',#6968,#6969,#5312,.T.);
#7538=EDGE_CURVE('',#6969,#6971,#5316,.T.);
#7540=EDGE_CURVE('',#6971,#6972,#5321,.T.);
#7542=EDGE_CURVE('',#6972,#6974,#5325,.T.);
#7544=EDGE_CURVE('',#6974,#6949,#5330,.T.);
#7548=EDGE_CURVE('',#6975,#6976,#5335,.T.);
#7550=EDGE_CURVE('',#6976,#6978,#5339,.T.);
#7552=EDGE_CURVE('',#6978,#6979,#5344,.T.);
#7554=EDGE_CURVE('',#6979,#6981,#5348,.T.);
#7556=EDGE_CURVE('',#6981,#6982,#5353,.T.);
#7558=EDGE_CURVE('',#6982,#6984,#5357,.T.);
#7560=EDGE_CURVE('',#6984,#6986,#5362,.T.);
#7562=EDGE_CURVE('',#6986,#6988,#5366,.T.);
#7564=EDGE_CURVE('',#6988,#6989,#5371,.T.);
#7566=EDGE_CURVE('',#6989,#6991,#5375,.T.);
#7568=EDGE_CURVE('',#6991,#6992,#5380,.T.);
#7570=EDGE_CURVE('',#6992,#6994,#5384,.T.);
#7572=EDGE_CURVE('',#6994,#6995,#5389,.T.);
#7574=EDGE_CURVE('',#6995,#6997,#5393,.T.);
#7576=EDGE_CURVE('',#6997,#6998,#5398,.T.);
#7578=EDGE_CURVE('',#6998,#7000,#5402,.T.);
#7580=EDGE_CURVE('',#7000,#7002,#5407,.T.);
#7582=EDGE_CURVE('',#7002,#7004,#5411,.T.);
#7584=EDGE_CURVE('',#7004,#7005,#5416,.T.);
#7586=EDGE_CURVE('',#7005,#6975,#5420,.T.);
#7590=EDGE_CURVE('',#7008,#7009,#5424,.T.);
#7592=EDGE_CURVE('',#7009,#7010,#5429,.T.);
#7594=EDGE_CURVE('',#7010,#7012,#5433,.T.);
#7596=EDGE_CURVE('',#7012,#7013,#5438,.T.);
#7598=EDGE_CURVE('',#7013,#7015,#5442,.T.);
#7600=EDGE_CURVE('',#7015,#7016,#5447,.T.);
#7602=EDGE_CURVE('',#7016,#7018,#5451,.T.);
#7604=EDGE_CURVE('',#7018,#7019,#5456,.T.);
#7606=EDGE_CURVE('',#7019,#7021,#5460,.T.);
#7608=EDGE_CURVE('',#7021,#7022,#5465,.T.);
#7610=EDGE_CURVE('',#7022,#7024,#5469,.T.);
#7612=EDGE_CURVE('',#7024,#7025,#5474,.T.);
#7614=EDGE_CURVE('',#7025,#7027,#5478,.T.);
#7616=EDGE_CURVE('',#7027,#7028,#5483,.T.);
#7618=EDGE_CURVE('',#7028,#7030,#5487,.T.);
#7620=EDGE_CURVE('',#7030,#7031,#5492,.T.);
#7622=EDGE_CURVE('',#7031,#7033,#5496,.T.);
#7624=EDGE_CURVE('',#7033,#7034,#5501,.T.);
#7626=EDGE_CURVE('',#7034,#7036,#5505,.T.);
#7628=EDGE_CURVE('',#7036,#7038,#5510,.T.);
#7630=EDGE_CURVE('',#7038,#7040,#5514,.T.);
#7632=EDGE_CURVE('',#7040,#7008,#5519,.T.);
#7642=EDGE_CURVE('',#6830,#7041,#5525,.T.);
#7644=EDGE_CURVE('',#7041,#7338,#5529,.T.);
#7646=EDGE_CURVE('',#7335,#7338,#5678,.T.);
#7657=EDGE_CURVE('',#7307,#7308,#5553,.T.);
#7659=EDGE_CURVE('',#7307,#7041,#5557,.T.);
#7663=EDGE_CURVE('',#7042,#6831,#5659,.T.);
#7665=EDGE_CURVE('',#7042,#7306,#5565,.T.);
#7667=EDGE_CURVE('',#7308,#7306,#5641,.T.);
#7671=EDGE_CURVE('',#7327,#7328,#5533,.T.);
#7673=EDGE_CURVE('',#7328,#7330,#5538,.T.);
#7675=EDGE_CURVE('',#7330,#7332,#5542,.T.);
#7677=EDGE_CURVE('',#7332,#7327,#5547,.T.);
#7688=EDGE_CURVE('',#7311,#7327,#5582,.T.);
#7690=EDGE_CURVE('',#7311,#7312,#5569,.T.);
#7692=EDGE_CURVE('',#7312,#7328,#5573,.T.);
#7703=EDGE_CURVE('',#7316,#7332,#5590,.T.);
#7705=EDGE_CURVE('',#7316,#7311,#5578,.T.);
#7717=EDGE_CURVE('',#7315,#7330,#5599,.T.);
#7719=EDGE_CURVE('',#7315,#7316,#5586,.T.);
#7732=EDGE_CURVE('',#7312,#7315,#5595,.T.);
#7744=EDGE_CURVE('',#7318,#7312,#5616,.T.);
#7746=EDGE_CURVE('',#7318,#7320,#5604,.T.);
#7748=EDGE_CURVE('',#7320,#7315,#5608,.T.);
#7759=EDGE_CURVE('',#7322,#7311,#5625,.T.);
#7761=EDGE_CURVE('',#7322,#7318,#5612,.T.);
#7773=EDGE_CURVE('',#7324,#7316,#5633,.T.);
#7775=EDGE_CURVE('',#7324,#7322,#5621,.T.);
#7788=EDGE_CURVE('',#7320,#7324,#5629,.T.);
#7812=EDGE_CURVE('',#7308,#7345,#5637,.T.);
#7814=EDGE_CURVE('',#7345,#7346,#5664,.T.);
#7816=EDGE_CURVE('',#7307,#7346,#5682,.T.);
#7828=EDGE_CURVE('',#7306,#7342,#5645,.T.);
#7830=EDGE_CURVE('',#7342,#7345,#5649,.T.);
#7840=EDGE_CURVE('',#7340,#7042,#5653,.T.);
#7842=EDGE_CURVE('',#7342,#7340,#5668,.T.);
#7854=EDGE_CURVE('',#7340,#7336,#5673,.T.);
#7873=EDGE_CURVE('',#7346,#7338,#5686,.T.);
#7896=EDGE_CURVE('',#7044,#6834,#5698,.T.);
#7898=EDGE_CURVE('',#7044,#7046,#5690,.T.);
#7900=EDGE_CURVE('',#6835,#7046,#5750,.T.);
#7911=B_SPLINE_CURVE_WITH_KNOTS('',3,(#7905,#7906,#7907,#7908,#7909,#7910),
.UNSPECIFIED.,.F.,.F.,(4,1,1,4),(0.E0,1.405755962718E-1,8.645831225962E-1,1.E0),
.UNSPECIFIED.);
#7916=EDGE_CURVE('',#6856,#7048,#5694,.T.);
#7918=EDGE_CURVE('',#7044,#7048,#5759,.T.);
#7930=EDGE_CURVE('',#7050,#6854,#5706,.T.);
#7932=EDGE_CURVE('',#7048,#7050,#5763,.T.);
#7944=EDGE_CURVE('',#6852,#7052,#5702,.T.);
#7946=EDGE_CURVE('',#7050,#7052,#5768,.T.);
#7958=EDGE_CURVE('',#7054,#6850,#5718,.T.);
#7960=EDGE_CURVE('',#7054,#7052,#5710,.T.);
#7972=B_SPLINE_CURVE_WITH_KNOTS('',3,(#7966,#7967,#7968,#7969,#7970,#7971),
.UNSPECIFIED.,.F.,.F.,(4,1,1,4),(0.E0,1.405718175692E-1,8.645901714020E-1,1.E0),
.UNSPECIFIED.);
#7977=EDGE_CURVE('',#6849,#7056,#5714,.T.);
#7979=EDGE_CURVE('',#7054,#7056,#5773,.T.);
#7991=EDGE_CURVE('',#7058,#6847,#5726,.T.);
#7993=EDGE_CURVE('',#7056,#7058,#5777,.T.);
#8005=EDGE_CURVE('',#6845,#7060,#5722,.T.);
#8007=EDGE_CURVE('',#7058,#7060,#5782,.T.);
#8019=EDGE_CURVE('',#7062,#6843,#5734,.T.);
#8021=EDGE_CURVE('',#7060,#7062,#5786,.T.);
#8033=B_SPLINE_CURVE_WITH_KNOTS('',3,(#8027,#8028,#8029,#8030,#8031,#8032),
.UNSPECIFIED.,.F.,.F.,(4,1,1,4),(0.E0,1.405736860700E-1,8.645846981816E-1,1.E0),
.UNSPECIFIED.);
#8038=EDGE_CURVE('',#6842,#7064,#5730,.T.);
#8040=EDGE_CURVE('',#7062,#7064,#5791,.T.);
#8052=EDGE_CURVE('',#7066,#6840,#5746,.T.);
#8054=EDGE_CURVE('',#7066,#7064,#5738,.T.);
#8066=EDGE_CURVE('',#6838,#7068,#5742,.T.);
#8068=EDGE_CURVE('',#7066,#7068,#5796,.T.);
#8080=EDGE_CURVE('',#7070,#6836,#5754,.T.);
#8082=EDGE_CURVE('',#7068,#7070,#5800,.T.);
#8094=B_SPLINE_CURVE_WITH_KNOTS('',3,(#8088,#8089,#8090,#8091,#8092,#8093),
.UNSPECIFIED.,.F.,.F.,(4,1,1,4),(0.E0,1.405949839791E-1,8.645710576889E-1,1.E0),
.UNSPECIFIED.);
#8100=EDGE_CURVE('',#7070,#7046,#5805,.T.);
#8134=EDGE_CURVE('',#7072,#6860,#5821,.T.);
#8136=EDGE_CURVE('',#7072,#7074,#5813,.T.);
#8138=EDGE_CURVE('',#6859,#7074,#6013,.T.);
#8149=B_SPLINE_CURVE_WITH_KNOTS('',3,(#8143,#8144,#8145,#8146,#8147,#8148),
.UNSPECIFIED.,.F.,.F.,(4,1,1,4),(0.E0,1.613817408883E-1,8.475586189061E-1,1.E0),
.UNSPECIFIED.);
#8154=EDGE_CURVE('',#6893,#7076,#5817,.T.);
#8156=EDGE_CURVE('',#7072,#7076,#5886,.T.);
#8168=EDGE_CURVE('',#7078,#6891,#5829,.T.);
#8170=EDGE_CURVE('',#7076,#7078,#5890,.T.);
#8182=B_SPLINE_CURVE_WITH_KNOTS('',3,(#8176,#8177,#8178,#8179,#8180,#8181),
.UNSPECIFIED.,.F.,.F.,(4,1,1,4),(0.E0,1.923076923066E-2,9.807692307692E-1,1.E0),
.UNSPECIFIED.);
#8187=EDGE_CURVE('',#6890,#7080,#5825,.T.);
#8189=EDGE_CURVE('',#7078,#7080,#5895,.T.);
#8201=EDGE_CURVE('',#7082,#6888,#5841,.T.);
#8203=EDGE_CURVE('',#7082,#7080,#5833,.T.);
#8215=B_SPLINE_CURVE_WITH_KNOTS('',3,(#8209,#8210,#8211,#8212,#8213,#8214),
.UNSPECIFIED.,.F.,.F.,(4,1,1,4),(0.E0,2.740945999674E-1,7.591971932058E-1,1.E0),
.UNSPECIFIED.);
#8220=EDGE_CURVE('',#6887,#7084,#5837,.T.);
#8222=EDGE_CURVE('',#7082,#7084,#5900,.T.);
#8234=EDGE_CURVE('',#7086,#6885,#5853,.T.);
#8236=EDGE_CURVE('',#7086,#7084,#5845,.T.);
#8248=B_SPLINE_CURVE_WITH_KNOTS('',3,(#8242,#8243,#8244,#8245,#8246,#8247),
.UNSPECIFIED.,.F.,.F.,(4,1,1,4),(0.E0,1.521538262902E-1,8.554444784063E-1,1.E0),
.UNSPECIFIED.);
#8253=EDGE_CURVE('',#6884,#7088,#5849,.T.);
#8255=EDGE_CURVE('',#7086,#7088,#5905,.T.);
#8267=EDGE_CURVE('',#7090,#6882,#5865,.T.);
#8269=EDGE_CURVE('',#7090,#7088,#5857,.T.);
#8281=B_SPLINE_CURVE_WITH_KNOTS('',3,(#8275,#8276,#8277,#8278,#8279,#8280),
.UNSPECIFIED.,.F.,.F.,(4,1,1,4),(0.E0,1.521548743089E-1,8.554435772613E-1,1.E0),
.UNSPECIFIED.);
#8286=EDGE_CURVE('',#6881,#7092,#5861,.T.);
#8288=EDGE_CURVE('',#7090,#7092,#5910,.T.);
#8300=EDGE_CURVE('',#7094,#6879,#5873,.T.);
#8302=EDGE_CURVE('',#7092,#7094,#5914,.T.);
#8314=B_SPLINE_CURVE_WITH_KNOTS('',3,(#8308,#8309,#8310,#8311,#8312,#8313),
.UNSPECIFIED.,.F.,.F.,(4,1,1,4),(0.E0,1.521545783258E-1,8.554437776867E-1,1.E0),
.UNSPECIFIED.);
#8319=EDGE_CURVE('',#6878,#7096,#5869,.T.);
#8321=EDGE_CURVE('',#7094,#7096,#5919,.T.);
#8332=EDGE_CURVE('',#7098,#7096,#5877,.T.);
#8336=EDGE_CURVE('',#7098,#6876,#5965,.T.);
#8359=EDGE_CURVE('',#7098,#7099,#5924,.T.);
#8361=EDGE_CURVE('',#7099,#7101,#5928,.T.);
#8363=EDGE_CURVE('',#7101,#7102,#5933,.T.);
#8365=EDGE_CURVE('',#7104,#7102,#5977,.T.);
#8367=EDGE_CURVE('',#7104,#7105,#5938,.T.);
#8369=EDGE_CURVE('',#7107,#7105,#5989,.T.);
#8371=EDGE_CURVE('',#7107,#7108,#5943,.T.);
#8373=EDGE_CURVE('',#7110,#7108,#6001,.T.);
#8375=EDGE_CURVE('',#7110,#7111,#5948,.T.);
#8377=EDGE_CURVE('',#7111,#7113,#5952,.T.);
#8379=EDGE_CURVE('',#7113,#7074,#5957,.T.);
#8390=B_SPLINE_CURVE_WITH_KNOTS('',3,(#8384,#8385,#8386,#8387,#8388,#8389),
.UNSPECIFIED.,.F.,.F.,(4,1,1,4),(0.E0,1.613972988936E-1,8.475432958207E-1,1.E0),
.UNSPECIFIED.);
#8395=EDGE_CURVE('',#6875,#7099,#5961,.T.);
#8408=EDGE_CURVE('',#7101,#6873,#5973,.T.);
#8421=B_SPLINE_CURVE_WITH_KNOTS('',3,(#8415,#8416,#8417,#8418,#8419,#8420),
.UNSPECIFIED.,.F.,.F.,(4,1,1,4),(0.E0,1.923076923077E-2,9.807692307692E-1,1.E0),
.UNSPECIFIED.);
#8426=EDGE_CURVE('',#6872,#7102,#5969,.T.);
#8439=EDGE_CURVE('',#7104,#6870,#5985,.T.);
#8452=B_SPLINE_CURVE_WITH_KNOTS('',3,(#8446,#8447,#8448,#8449,#8450,#8451),
.UNSPECIFIED.,.F.,.F.,(4,1,1,4),(0.E0,2.740556562257E-1,7.591836243261E-1,1.E0),
.UNSPECIFIED.);
#8457=EDGE_CURVE('',#6869,#7105,#5981,.T.);
#8470=EDGE_CURVE('',#7107,#6867,#5997,.T.);
#8483=B_SPLINE_CURVE_WITH_KNOTS('',3,(#8477,#8478,#8479,#8480,#8481,#8482),
.UNSPECIFIED.,.F.,.F.,(4,1,1,4),(0.E0,1.521541390003E-1,8.554442144163E-1,1.E0),
.UNSPECIFIED.);
#8488=EDGE_CURVE('',#6866,#7108,#5993,.T.);
#8501=EDGE_CURVE('',#7110,#6864,#6009,.T.);
#8514=B_SPLINE_CURVE_WITH_KNOTS('',3,(#8508,#8509,#8510,#8511,#8512,#8513),
.UNSPECIFIED.,.F.,.F.,(4,1,1,4),(0.E0,1.521537332086E-1,8.554445240257E-1,1.E0),
.UNSPECIFIED.);
#8519=EDGE_CURVE('',#6863,#7111,#6005,.T.);
#8532=EDGE_CURVE('',#7113,#6861,#6017,.T.);
#8545=B_SPLINE_CURVE_WITH_KNOTS('',3,(#8539,#8540,#8541,#8542,#8543,#8544),
.UNSPECIFIED.,.F.,.F.,(4,1,1,4),(0.E0,1.521538262916E-1,8.554444784082E-1,1.E0),
.UNSPECIFIED.);
#8562=EDGE_CURVE('',#7115,#6896,#6029,.T.);
#8564=EDGE_CURVE('',#7115,#7117,#6021,.T.);
#8566=EDGE_CURVE('',#6897,#7117,#6097,.T.);
#8577=B_SPLINE_CURVE_WITH_KNOTS('',3,(#8571,#8572,#8573,#8574,#8575,#8576),
.UNSPECIFIED.,.F.,.F.,(4,1,1,4),(0.E0,1.521548743098E-1,8.554435772610E-1,1.E0),
.UNSPECIFIED.);
#8582=EDGE_CURVE('',#6922,#7119,#6025,.T.);
#8584=EDGE_CURVE('',#7115,#7119,#6106,.T.);
#8596=EDGE_CURVE('',#6920,#7121,#6033,.T.);
#8598=EDGE_CURVE('',#7119,#7121,#6110,.T.);
#8610=EDGE_CURVE('',#7123,#6918,#6037,.T.);
#8612=EDGE_CURVE('',#7121,#7123,#6115,.T.);
#8624=EDGE_CURVE('',#7125,#6916,#6045,.T.);
#8626=EDGE_CURVE('',#7123,#7125,#6119,.T.);
#8638=B_SPLINE_CURVE_WITH_KNOTS('',3,(#8632,#8633,#8634,#8635,#8636,#8637),
.UNSPECIFIED.,.F.,.F.,(4,1,1,4),(0.E0,1.521542656010E-1,8.554440416776E-1,1.E0),
.UNSPECIFIED.);
#8643=EDGE_CURVE('',#6915,#7127,#6041,.T.);
#8645=EDGE_CURVE('',#7125,#7127,#6124,.T.);
#8657=EDGE_CURVE('',#7129,#6913,#6057,.T.);
#8659=EDGE_CURVE('',#7129,#7127,#6049,.T.);
#8671=B_SPLINE_CURVE_WITH_KNOTS('',3,(#8665,#8666,#8667,#8668,#8669,#8670),
.UNSPECIFIED.,.F.,.F.,(4,1,1,4),(0.E0,1.521548743153E-1,8.554435772501E-1,1.E0),
.UNSPECIFIED.);
#8676=EDGE_CURVE('',#6912,#7131,#6053,.T.);
#8678=EDGE_CURVE('',#7129,#7131,#6129,.T.);
#8690=EDGE_CURVE('',#7133,#6910,#6065,.T.);
#8692=EDGE_CURVE('',#7131,#7133,#6133,.T.);
#8704=B_SPLINE_CURVE_WITH_KNOTS('',3,(#8698,#8699,#8700,#8701,#8702,#8703),
.UNSPECIFIED.,.F.,.F.,(4,1,1,4),(0.E0,1.405632075517E-1,8.645988445247E-1,1.E0),
.UNSPECIFIED.);
#8709=EDGE_CURVE('',#6909,#7135,#6061,.T.);
#8711=EDGE_CURVE('',#7133,#7135,#6138,.T.);
#8723=EDGE_CURVE('',#7137,#6907,#6073,.T.);
#8725=EDGE_CURVE('',#7135,#7137,#6142,.T.);
#8737=B_SPLINE_CURVE_WITH_KNOTS('',3,(#8731,#8732,#8733,#8734,#8735,#8736),
.UNSPECIFIED.,.F.,.F.,(4,1,1,4),(0.E0,1.758645163468E-1,8.270989940415E-1,1.E0),
.UNSPECIFIED.);
#8742=EDGE_CURVE('',#6906,#7139,#6069,.T.);
#8744=EDGE_CURVE('',#7137,#7139,#6147,.T.);
#8756=EDGE_CURVE('',#7141,#6904,#6085,.T.);
#8758=EDGE_CURVE('',#7141,#7139,#6077,.T.);
#8770=B_SPLINE_CURVE_WITH_KNOTS('',3,(#8764,#8765,#8766,#8767,#8768,#8769),
.UNSPECIFIED.,.F.,.F.,(4,1,1,4),(0.E0,1.758580791647E-1,8.271046358306E-1,1.E0),
.UNSPECIFIED.);
#8775=EDGE_CURVE('',#6903,#7143,#6081,.T.);
#8777=EDGE_CURVE('',#7141,#7143,#6152,.T.);
#8789=EDGE_CURVE('',#7145,#6901,#6093,.T.);
#8791=EDGE_CURVE('',#7143,#7145,#6156,.T.);
#8803=B_SPLINE_CURVE_WITH_KNOTS('',3,(#8797,#8798,#8799,#8800,#8801,#8802),
.UNSPECIFIED.,.F.,.F.,(4,1,1,4),(0.E0,1.405736860751E-1,8.645846981818E-1,1.E0),
.UNSPECIFIED.);
#8808=EDGE_CURVE('',#6900,#7147,#6089,.T.);
#8810=EDGE_CURVE('',#7145,#7147,#6161,.T.);
#8822=EDGE_CURVE('',#7149,#6898,#6101,.T.);
#8824=EDGE_CURVE('',#7147,#7149,#6165,.T.);
#8836=B_SPLINE_CURVE_WITH_KNOTS('',3,(#8830,#8831,#8832,#8833,#8834,#8835),
.UNSPECIFIED.,.F.,.F.,(4,1,1,4),(0.E0,1.521538262732E-1,8.554444784072E-1,1.E0),
.UNSPECIFIED.);
#8842=EDGE_CURVE('',#7149,#7117,#6170,.T.);
#8880=EDGE_CURVE('',#7151,#6925,#6182,.T.);
#8882=EDGE_CURVE('',#7151,#7153,#6174,.T.);
#8884=EDGE_CURVE('',#6926,#7153,#6234,.T.);
#8895=EDGE_CURVE('',#6946,#7155,#6178,.T.);
#8897=EDGE_CURVE('',#7151,#7155,#6243,.T.);
#8909=EDGE_CURVE('',#7157,#6944,#6190,.T.);
#8911=EDGE_CURVE('',#7155,#7157,#6247,.T.);
#8923=B_SPLINE_CURVE_WITH_KNOTS('',3,(#8917,#8918,#8919,#8920,#8921,#8922),
.UNSPECIFIED.,.F.,.F.,(4,1,1,4),(0.E0,1.405479012779E-1,8.646074855164E-1,1.E0),
.UNSPECIFIED.);
#8928=EDGE_CURVE('',#6943,#7159,#6186,.T.);
#8930=EDGE_CURVE('',#7157,#7159,#6252,.T.);
#8942=EDGE_CURVE('',#7161,#6941,#6202,.T.);
#8944=EDGE_CURVE('',#7161,#7159,#6194,.T.);
#8956=B_SPLINE_CURVE_WITH_KNOTS('',3,(#8950,#8951,#8952,#8953,#8954,#8955),
.UNSPECIFIED.,.F.,.F.,(4,1,1,4),(0.E0,1.405634614494E-1,8.645985873561E-1,1.E0),
.UNSPECIFIED.);
#8961=EDGE_CURVE('',#6940,#7163,#6198,.T.);
#8963=EDGE_CURVE('',#7161,#7163,#6257,.T.);
#8975=EDGE_CURVE('',#7165,#6938,#6210,.T.);
#8977=EDGE_CURVE('',#7163,#7165,#6261,.T.);
#8989=EDGE_CURVE('',#6936,#7167,#6206,.T.);
#8991=EDGE_CURVE('',#7165,#7167,#6266,.T.);
#9003=EDGE_CURVE('',#7169,#6934,#6222,.T.);
#9005=EDGE_CURVE('',#7169,#7167,#6214,.T.);
#9017=B_SPLINE_CURVE_WITH_KNOTS('',3,(#9011,#9012,#9013,#9014,#9015,#9016),
.UNSPECIFIED.,.F.,.F.,(4,1,1,4),(0.E0,1.405755962826E-1,8.645831225911E-1,1.E0),
.UNSPECIFIED.);
#9022=EDGE_CURVE('',#6933,#7171,#6218,.T.);
#9024=EDGE_CURVE('',#7169,#7171,#6271,.T.);
#9036=EDGE_CURVE('',#7173,#6931,#6230,.T.);
#9038=EDGE_CURVE('',#7171,#7173,#6275,.T.);
#9050=EDGE_CURVE('',#6929,#7175,#6226,.T.);
#9052=EDGE_CURVE('',#7173,#7175,#6280,.T.);
#9064=EDGE_CURVE('',#7177,#6927,#6238,.T.);
#9066=EDGE_CURVE('',#7175,#7177,#6284,.T.);
#9078=B_SPLINE_CURVE_WITH_KNOTS('',3,(#9072,#9073,#9074,#9075,#9076,#9077),
.UNSPECIFIED.,.F.,.F.,(4,1,1,4),(0.E0,1.405740381922E-1,8.645844171294E-1,1.E0),
.UNSPECIFIED.);
#9084=EDGE_CURVE('',#7177,#7153,#6289,.T.);
#9118=EDGE_CURVE('',#7179,#6949,#6297,.T.);
#9120=EDGE_CURVE('',#7181,#7179,#6385,.T.);
#9122=EDGE_CURVE('',#6950,#7181,#6377,.T.);
#9133=B_SPLINE_CURVE_WITH_KNOTS('',3,(#9127,#9128,#9129,#9130,#9131,#9132),
.UNSPECIFIED.,.F.,.F.,(4,1,1,4),(0.E0,1.758127783359E-1,8.271484611197E-1,1.E0),
.UNSPECIFIED.);
#9138=EDGE_CURVE('',#6974,#7183,#6293,.T.);
#9140=EDGE_CURVE('',#7179,#7183,#6390,.T.);
#9152=EDGE_CURVE('',#7185,#6972,#6309,.T.);
#9154=EDGE_CURVE('',#7185,#7183,#6301,.T.);
#9166=B_SPLINE_CURVE_WITH_KNOTS('',3,(#9160,#9161,#9162,#9163,#9164,#9165),
.UNSPECIFIED.,.F.,.F.,(4,1,1,4),(0.E0,1.758597721415E-1,8.271032267986E-1,1.E0),
.UNSPECIFIED.);
#9171=EDGE_CURVE('',#6971,#7187,#6305,.T.);
#9173=EDGE_CURVE('',#7185,#7187,#6395,.T.);
#9185=EDGE_CURVE('',#7189,#6969,#6317,.T.);
#9187=EDGE_CURVE('',#7187,#7189,#6399,.T.);
#9199=B_SPLINE_CURVE_WITH_KNOTS('',3,(#9193,#9194,#9195,#9196,#9197,#9198),
.UNSPECIFIED.,.F.,.F.,(4,1,1,4),(0.E0,1.405741164043E-1,8.645842261969E-1,1.E0),
.UNSPECIFIED.);
#9204=EDGE_CURVE('',#6968,#7191,#6313,.T.);
#9206=EDGE_CURVE('',#7189,#7191,#6404,.T.);
#9218=EDGE_CURVE('',#7193,#6966,#6329,.T.);
#9220=EDGE_CURVE('',#7193,#7191,#6321,.T.);
#9232=B_SPLINE_CURVE_WITH_KNOTS('',3,(#9226,#9227,#9228,#9229,#9230,#9231),
.UNSPECIFIED.,.F.,.F.,(4,1,1,4),(0.E0,1.405719034744E-1,8.645899743329E-1,1.E0),
.UNSPECIFIED.);
#9237=EDGE_CURVE('',#6965,#7195,#6325,.T.);
#9239=EDGE_CURVE('',#7193,#7195,#6409,.T.);
#9251=EDGE_CURVE('',#7197,#6963,#6337,.T.);
#9253=EDGE_CURVE('',#7195,#7197,#6413,.T.);
#9265=B_SPLINE_CURVE_WITH_KNOTS('',3,(#9259,#9260,#9261,#9262,#9263,#9264),
.UNSPECIFIED.,.F.,.F.,(4,1,1,4),(0.E0,1.758401091166E-1,8.271217941548E-1,1.E0),
.UNSPECIFIED.);
#9270=EDGE_CURVE('',#6962,#7199,#6333,.T.);
#9272=EDGE_CURVE('',#7197,#7199,#6418,.T.);
#9284=EDGE_CURVE('',#7201,#6960,#6349,.T.);
#9286=EDGE_CURVE('',#7201,#7199,#6341,.T.);
#9298=B_SPLINE_CURVE_WITH_KNOTS('',3,(#9292,#9293,#9294,#9295,#9296,#9297),
.UNSPECIFIED.,.F.,.F.,(4,1,1,4),(0.E0,2.742790997099E-1,7.590730959908E-1,1.E0),
.UNSPECIFIED.);
#9303=EDGE_CURVE('',#6959,#7203,#6345,.T.);
#9305=EDGE_CURVE('',#7201,#7203,#6423,.T.);
#9317=EDGE_CURVE('',#7205,#6957,#6361,.T.);
#9319=EDGE_CURVE('',#7205,#7203,#6353,.T.);
#9331=B_SPLINE_CURVE_WITH_KNOTS('',3,(#9325,#9326,#9327,#9328,#9329,#9330),
.UNSPECIFIED.,.F.,.F.,(4,1,1,4),(0.E0,1.521542655842E-1,8.554440416764E-1,1.E0),
.UNSPECIFIED.);
#9336=EDGE_CURVE('',#6956,#7207,#6357,.T.);
#9338=EDGE_CURVE('',#7205,#7207,#6428,.T.);
#9350=EDGE_CURVE('',#7209,#6954,#6373,.T.);
#9352=EDGE_CURVE('',#7209,#7207,#6365,.T.);
#9364=B_SPLINE_CURVE_WITH_KNOTS('',3,(#9358,#9359,#9360,#9361,#9362,#9363),
.UNSPECIFIED.,.F.,.F.,(4,1,1,4),(0.E0,1.521536233747E-1,8.554446332109E-1,1.E0),
.UNSPECIFIED.);
#9369=EDGE_CURVE('',#6953,#7211,#6369,.T.);
#9371=EDGE_CURVE('',#7209,#7211,#6433,.T.);
#9383=EDGE_CURVE('',#7213,#6951,#6381,.T.);
#9385=EDGE_CURVE('',#7211,#7213,#6437,.T.);
#9397=B_SPLINE_CURVE_WITH_KNOTS('',3,(#9391,#9392,#9393,#9394,#9395,#9396),
.UNSPECIFIED.,.F.,.F.,(4,1,1,4),(0.E0,1.405632075554E-1,8.645988445168E-1,1.E0),
.UNSPECIFIED.);
#9403=EDGE_CURVE('',#7213,#7181,#6442,.T.);
#9434=EDGE_CURVE('',#7216,#7217,#6447,.T.);
#9436=EDGE_CURVE('',#7217,#7216,#6452,.T.);
#9446=EDGE_CURVE('',#7220,#7221,#6461,.T.);
#9448=EDGE_CURVE('',#7220,#7217,#6456,.T.);
#9451=EDGE_CURVE('',#7221,#7216,#6470,.T.);
#9462=EDGE_CURVE('',#7221,#7220,#6466,.T.);
#9485=B_SPLINE_CURVE_WITH_KNOTS('',3,(#9479,#9480,#9481,#9482,#9483,#9484),
.UNSPECIFIED.,.F.,.F.,(4,1,1,4),(0.E0,1.521533869515E-1,8.554449151385E-1,1.E0),
.UNSPECIFIED.);
#9490=EDGE_CURVE('',#6975,#7223,#6474,.T.);
#9492=EDGE_CURVE('',#7224,#7223,#6587,.T.);
#9494=EDGE_CURVE('',#7224,#6976,#6478,.T.);
#9505=EDGE_CURVE('',#7226,#7005,#6490,.T.);
#9507=EDGE_CURVE('',#7226,#7223,#6482,.T.);
#9519=B_SPLINE_CURVE_WITH_KNOTS('',3,(#9513,#9514,#9515,#9516,#9517,#9518),
.UNSPECIFIED.,.F.,.F.,(4,1,1,4),(0.E0,1.521548743153E-1,8.554435772482E-1,1.E0),
.UNSPECIFIED.);
#9524=EDGE_CURVE('',#7004,#7228,#6486,.T.);
#9526=EDGE_CURVE('',#7226,#7228,#6592,.T.);
#9538=EDGE_CURVE('',#7002,#7230,#6494,.T.);
#9540=EDGE_CURVE('',#7230,#7228,#6498,.T.);
#9552=EDGE_CURVE('',#7232,#7000,#6506,.T.);
#9554=EDGE_CURVE('',#7230,#7232,#6597,.T.);
#9566=EDGE_CURVE('',#7234,#6998,#6514,.T.);
#9568=EDGE_CURVE('',#7234,#7232,#6502,.T.);
#9580=B_SPLINE_CURVE_WITH_KNOTS('',3,(#9574,#9575,#9576,#9577,#9578,#9579),
.UNSPECIFIED.,.F.,.F.,(4,1,1,4),(0.E0,1.521542656042E-1,8.554440416760E-1,1.E0),
.UNSPECIFIED.);
#9585=EDGE_CURVE('',#6997,#7236,#6510,.T.);
#9587=EDGE_CURVE('',#7234,#7236,#6602,.T.);
#9599=EDGE_CURVE('',#7238,#6995,#6526,.T.);
#9601=EDGE_CURVE('',#7238,#7236,#6518,.T.);
#9613=B_SPLINE_CURVE_WITH_KNOTS('',3,(#9607,#9608,#9609,#9610,#9611,#9612),
.UNSPECIFIED.,.F.,.F.,(4,1,1,4),(0.E0,1.521548743151E-1,8.554435772623E-1,1.E0),
.UNSPECIFIED.);
#9618=EDGE_CURVE('',#6994,#7240,#6522,.T.);
#9620=EDGE_CURVE('',#7238,#7240,#6607,.T.);
#9632=EDGE_CURVE('',#7242,#6992,#6534,.T.);
#9634=EDGE_CURVE('',#7240,#7242,#6611,.T.);
#9646=B_SPLINE_CURVE_WITH_KNOTS('',3,(#9640,#9641,#9642,#9643,#9644,#9645),
.UNSPECIFIED.,.F.,.F.,(4,1,1,4),(0.E0,1.521545783268E-1,8.554437776912E-1,1.E0),
.UNSPECIFIED.);
#9651=EDGE_CURVE('',#6991,#7244,#6530,.T.);
#9653=EDGE_CURVE('',#7242,#7244,#6616,.T.);
#9665=EDGE_CURVE('',#7246,#6989,#6546,.T.);
#9667=EDGE_CURVE('',#7246,#7244,#6538,.T.);
#9679=B_SPLINE_CURVE_WITH_KNOTS('',3,(#9673,#9674,#9675,#9676,#9677,#9678),
.UNSPECIFIED.,.F.,.F.,(4,1,1,4),(0.E0,1.521549841557E-1,8.554434680671E-1,1.E0),
.UNSPECIFIED.);
#9684=EDGE_CURVE('',#6988,#7248,#6542,.T.);
#9686=EDGE_CURVE('',#7246,#7248,#6621,.T.);
#9698=EDGE_CURVE('',#6986,#7250,#6550,.T.);
#9700=EDGE_CURVE('',#7250,#7248,#6554,.T.);
#9712=EDGE_CURVE('',#7252,#6984,#6562,.T.);
#9714=EDGE_CURVE('',#7250,#7252,#6626,.T.);
#9726=EDGE_CURVE('',#7254,#6982,#6570,.T.);
#9728=EDGE_CURVE('',#7254,#7252,#6558,.T.);
#9740=B_SPLINE_CURVE_WITH_KNOTS('',3,(#9734,#9735,#9736,#9737,#9738,#9739),
.UNSPECIFIED.,.F.,.F.,(4,1,1,4),(0.E0,1.521545783253E-1,8.554437776899E-1,1.E0),
.UNSPECIFIED.);
#9745=EDGE_CURVE('',#6981,#7256,#6566,.T.);
#9747=EDGE_CURVE('',#7254,#7256,#6631,.T.);
#9759=EDGE_CURVE('',#7258,#6979,#6582,.T.);
#9761=EDGE_CURVE('',#7258,#7256,#6574,.T.);
#9773=B_SPLINE_CURVE_WITH_KNOTS('',3,(#9767,#9768,#9769,#9770,#9771,#9772),
.UNSPECIFIED.,.F.,.F.,(4,1,1,4),(0.E0,1.521524822891E-1,8.554455799647E-1,1.E0),
.UNSPECIFIED.);
#9778=EDGE_CURVE('',#6978,#7260,#6578,.T.);
#9780=EDGE_CURVE('',#7258,#7260,#6636,.T.);
#9793=EDGE_CURVE('',#7260,#7224,#6640,.T.);
#9833=EDGE_CURVE('',#7262,#7008,#6652,.T.);
#9835=EDGE_CURVE('',#7262,#7264,#6644,.T.);
#9837=EDGE_CURVE('',#7009,#7264,#6752,.T.);
#9848=B_SPLINE_CURVE_WITH_KNOTS('',3,(#9842,#9843,#9844,#9845,#9846,#9847),
.UNSPECIFIED.,.F.,.F.,(4,1,1,4),(0.E0,1.521549841424E-1,8.554434680782E-1,1.E0),
.UNSPECIFIED.);
#9853=EDGE_CURVE('',#7040,#7266,#6648,.T.);
#9855=EDGE_CURVE('',#7262,#7266,#6761,.T.);
#9867=EDGE_CURVE('',#7038,#7268,#6656,.T.);
#9869=EDGE_CURVE('',#7268,#7266,#6660,.T.);
#9881=EDGE_CURVE('',#7270,#7036,#6668,.T.);
#9883=EDGE_CURVE('',#7268,#7270,#6766,.T.);
#9895=EDGE_CURVE('',#7272,#7034,#6676,.T.);
#9897=EDGE_CURVE('',#7272,#7270,#6664,.T.);
#9909=B_SPLINE_CURVE_WITH_KNOTS('',3,(#9903,#9904,#9905,#9906,#9907,#9908),
.UNSPECIFIED.,.F.,.F.,(4,1,1,4),(0.E0,1.521536996892E-1,8.554446511569E-1,1.E0),
.UNSPECIFIED.);
#9914=EDGE_CURVE('',#7033,#7274,#6672,.T.);
#9916=EDGE_CURVE('',#7272,#7274,#6771,.T.);
#9928=EDGE_CURVE('',#7276,#7031,#6688,.T.);
#9930=EDGE_CURVE('',#7276,#7274,#6680,.T.);
#9942=B_SPLINE_CURVE_WITH_KNOTS('',3,(#9936,#9937,#9938,#9939,#9940,#9941),
.UNSPECIFIED.,.F.,.F.,(4,1,1,4),(0.E0,1.521524822907E-1,8.554455799719E-1,1.E0),
.UNSPECIFIED.);
#9947=EDGE_CURVE('',#7030,#7278,#6684,.T.);
#9949=EDGE_CURVE('',#7276,#7278,#6776,.T.);
#9961=EDGE_CURVE('',#7280,#7028,#6696,.T.);
#9963=EDGE_CURVE('',#7278,#7280,#6780,.T.);
#9975=B_SPLINE_CURVE_WITH_KNOTS('',3,(#9969,#9970,#9971,#9972,#9973,#9974),
.UNSPECIFIED.,.F.,.F.,(4,1,1,4),(0.E0,1.405650273061E-1,8.645955606969E-1,1.E0),
.UNSPECIFIED.);
#9980=EDGE_CURVE('',#7027,#7282,#6692,.T.);
#9982=EDGE_CURVE('',#7280,#7282,#6785,.T.);
#9994=EDGE_CURVE('',#7284,#7025,#6704,.T.);
#9996=EDGE_CURVE('',#7282,#7284,#6789,.T.);
#10008=B_SPLINE_CURVE_WITH_KNOTS('',3,(#10002,#10003,#10004,#10005,#10006,
#10007),.UNSPECIFIED.,.F.,.F.,(4,1,1,4),(0.E0,1.923076923077E-2,
9.807692307693E-1,1.E0),.UNSPECIFIED.);
#10013=EDGE_CURVE('',#7024,#7286,#6700,.T.);
#10015=EDGE_CURVE('',#7284,#7286,#6794,.T.);
#10027=EDGE_CURVE('',#7288,#7022,#6716,.T.);
#10029=EDGE_CURVE('',#7288,#7286,#6708,.T.);
#10041=B_SPLINE_CURVE_WITH_KNOTS('',3,(#10035,#10036,#10037,#10038,#10039,
#10040),.UNSPECIFIED.,.F.,.F.,(4,1,1,4),(0.E0,1.521542656043E-1,
8.554440416754E-1,1.E0),.UNSPECIFIED.);
#10046=EDGE_CURVE('',#7021,#7290,#6712,.T.);
#10048=EDGE_CURVE('',#7288,#7290,#6799,.T.);
#10060=EDGE_CURVE('',#7292,#7019,#6728,.T.);
#10062=EDGE_CURVE('',#7292,#7290,#6720,.T.);
#10074=B_SPLINE_CURVE_WITH_KNOTS('',3,(#10068,#10069,#10070,#10071,#10072,
#10073),.UNSPECIFIED.,.F.,.F.,(4,1,1,4),(0.E0,1.521523724640E-1,
8.554456891510E-1,1.E0),.UNSPECIFIED.);
#10079=EDGE_CURVE('',#7018,#7294,#6724,.T.);
#10081=EDGE_CURVE('',#7292,#7294,#6804,.T.);
#10093=EDGE_CURVE('',#7296,#7016,#6740,.T.);
#10095=EDGE_CURVE('',#7296,#7294,#6732,.T.);
#10107=B_SPLINE_CURVE_WITH_KNOTS('',3,(#10101,#10102,#10103,#10104,#10105,
#10106),.UNSPECIFIED.,.F.,.F.,(4,1,1,4),(0.E0,1.923076923077E-2,
9.807692307692E-1,1.E0),.UNSPECIFIED.);
#10112=EDGE_CURVE('',#7015,#7298,#6736,.T.);
#10114=EDGE_CURVE('',#7296,#7298,#6809,.T.);
#10126=EDGE_CURVE('',#7300,#7013,#6748,.T.);
#10128=EDGE_CURVE('',#7298,#7300,#6813,.T.);
#10140=B_SPLINE_CURVE_WITH_KNOTS('',3,(#10134,#10135,#10136,#10137,#10138,
#10139),.UNSPECIFIED.,.F.,.F.,(4,1,1,4),(0.E0,1.405732557251E-1,
8.645851701701E-1,1.E0),.UNSPECIFIED.);
#10145=EDGE_CURVE('',#7012,#7302,#6744,.T.);
#10147=EDGE_CURVE('',#7300,#7302,#6818,.T.);
#10159=EDGE_CURVE('',#7304,#7010,#6756,.T.);
#10161=EDGE_CURVE('',#7302,#7304,#6822,.T.);
#10173=B_SPLINE_CURVE_WITH_KNOTS('',3,(#10167,#10168,#10169,#10170,#10171,
#10172),.UNSPECIFIED.,.F.,.F.,(4,1,1,4),(0.E0,1.521545783254E-1,
8.554437776897E-1,1.E0),.UNSPECIFIED.);
#10179=EDGE_CURVE('',#7304,#7264,#6827,.T.);
#10215=CLOSED_SHELL('',(#7636,#7651,#7681,#7696,#7710,#7724,#7737,#7752,#7766,
#7780,#7793,#7805,#7820,#7834,#7848,#7861,#7877,#7889,#7904,#7923,#7937,#7951,
#7965,#7984,#7998,#8012,#8026,#8045,#8059,#8073,#8087,#8105,#8127,#8142,#8161,
#8175,#8194,#8208,#8227,#8241,#8260,#8274,#8293,#8307,#8326,#8340,#8383,#8401,
#8414,#8432,#8445,#8463,#8476,#8494,#8507,#8525,#8538,#8555,#8570,#8589,#8603,
#8617,#8631,#8650,#8664,#8683,#8697,#8716,#8730,#8749,#8763,#8782,#8796,#8815,
#8829,#8847,#8873,#8888,#8902,#8916,#8935,#8949,#8968,#8982,#8996,#9010,#9029,
#9043,#9057,#9071,#9089,#9111,#9126,#9145,#9159,#9178,#9192,#9211,#9225,#9244,
#9258,#9277,#9291,#9310,#9324,#9343,#9357,#9376,#9390,#9408,#9440,#9455,#9466,
#9478,#9498,#9512,#9531,#9545,#9559,#9573,#9592,#9606,#9625,#9639,#9658,#9672,
#9691,#9705,#9719,#9733,#9752,#9766,#9785,#9798,#9826,#9841,#9860,#9874,#9888,
#9902,#9921,#9935,#9954,#9968,#9987,#10001,#10020,#10034,#10053,#10067,#10086,
#10100,#10119,#10133,#10152,#10166,#10184,#10214));
#10216=MANIFOLD_SOLID_BREP('',#10215);
#10217=(LENGTH_UNIT()NAMED_UNIT(*)SI_UNIT(.MILLI.,.METRE.));
#10219=(NAMED_UNIT(*)PLANE_ANGLE_UNIT()SI_UNIT($,.RADIAN.));
#10222=(NAMED_UNIT(*)SI_UNIT($,.STERADIAN.)SOLID_ANGLE_UNIT());
#10228=AXIS2_PLACEMENT_3D('',#10225,#10226,#10227);
#10229=ADVANCED_BREP_SHAPE_REPRESENTATION('',(#10228,#10216),#10224);
#10233=PRODUCT_DEFINITION('design','',#10232,#4910);
#10234=PRODUCT_DEFINITION_SHAPE('','SHAPE FOR LEFT3_1.',#10233);
#10235=SHAPE_DEFINITION_REPRESENTATION(#10234,#10229);
#10236=NEXT_ASSEMBLY_USAGE_OCCURRENCE('5','Next assembly relationship','LEFT3',
#13541,#10233,$);
#10237=PRODUCT_DEFINITION_SHAPE('Placement #5',
'Placement of LEFT3_1 with respect to WH80-ASM-121725_2_0001_ASM_1_ASM',#10236);
#10246=AXIS2_PLACEMENT_3D('',#10243,#10244,#10245);
#10273=B_SPLINE_CURVE_WITH_KNOTS('',3,(#10269,#10270,#10271,#10272),
.UNSPECIFIED.,.F.,.F.,(4,4),(0.E0,1.E0),.UNSPECIFIED.);
#10282=B_SPLINE_CURVE_WITH_KNOTS('',3,(#10278,#10279,#10280,#10281),
.UNSPECIFIED.,.F.,.F.,(4,4),(0.E0,1.E0),.UNSPECIFIED.);
#10291=B_SPLINE_CURVE_WITH_KNOTS('',3,(#10287,#10288,#10289,#10290),
.UNSPECIFIED.,.F.,.F.,(4,4),(0.E0,1.E0),.UNSPECIFIED.);
#10300=B_SPLINE_CURVE_WITH_KNOTS('',3,(#10296,#10297,#10298,#10299),
.UNSPECIFIED.,.F.,.F.,(4,4),(0.E0,1.E0),.UNSPECIFIED.);
#10309=B_SPLINE_CURVE_WITH_KNOTS('',3,(#10305,#10306,#10307,#10308),
.UNSPECIFIED.,.F.,.F.,(4,4),(0.E0,1.E0),.UNSPECIFIED.);
#10318=B_SPLINE_CURVE_WITH_KNOTS('',3,(#10314,#10315,#10316,#10317),
.UNSPECIFIED.,.F.,.F.,(4,4),(0.E0,1.E0),.UNSPECIFIED.);
#10327=B_SPLINE_CURVE_WITH_KNOTS('',3,(#10323,#10324,#10325,#10326),
.UNSPECIFIED.,.F.,.F.,(4,4),(0.E0,1.E0),.UNSPECIFIED.);
#10336=B_SPLINE_CURVE_WITH_KNOTS('',3,(#10332,#10333,#10334,#10335),
.UNSPECIFIED.,.F.,.F.,(4,4),(0.E0,1.E0),.UNSPECIFIED.);
#10345=B_SPLINE_CURVE_WITH_KNOTS('',3,(#10341,#10342,#10343,#10344),
.UNSPECIFIED.,.F.,.F.,(4,4),(0.E0,1.E0),.UNSPECIFIED.);
#10354=B_SPLINE_CURVE_WITH_KNOTS('',3,(#10350,#10351,#10352,#10353),
.UNSPECIFIED.,.F.,.F.,(4,4),(0.E0,1.E0),.UNSPECIFIED.);
#10367=B_SPLINE_CURVE_WITH_KNOTS('',3,(#10363,#10364,#10365,#10366),
.UNSPECIFIED.,.F.,.F.,(4,4),(0.E0,1.E0),.UNSPECIFIED.);
#10376=B_SPLINE_CURVE_WITH_KNOTS('',3,(#10372,#10373,#10374,#10375),
.UNSPECIFIED.,.F.,.F.,(4,4),(0.E0,1.E0),.UNSPECIFIED.);
#10389=B_SPLINE_CURVE_WITH_KNOTS('',3,(#10385,#10386,#10387,#10388),
.UNSPECIFIED.,.F.,.F.,(4,4),(0.E0,1.E0),.UNSPECIFIED.);
#10398=B_SPLINE_CURVE_WITH_KNOTS('',3,(#10394,#10395,#10396,#10397),
.UNSPECIFIED.,.F.,.F.,(4,4),(0.E0,1.E0),.UNSPECIFIED.);
#10411=B_SPLINE_CURVE_WITH_KNOTS('',3,(#10407,#10408,#10409,#10410),
.UNSPECIFIED.,.F.,.F.,(4,4),(0.E0,1.E0),.UNSPECIFIED.);
#10420=B_SPLINE_CURVE_WITH_KNOTS('',3,(#10416,#10417,#10418,#10419),
.UNSPECIFIED.,.F.,.F.,(4,4),(0.E0,1.E0),.UNSPECIFIED.);
#10433=B_SPLINE_CURVE_WITH_KNOTS('',3,(#10429,#10430,#10431,#10432),
.UNSPECIFIED.,.F.,.F.,(4,4),(0.E0,1.E0),.UNSPECIFIED.);
#10442=B_SPLINE_CURVE_WITH_KNOTS('',3,(#10438,#10439,#10440,#10441),
.UNSPECIFIED.,.F.,.F.,(4,4),(0.E0,1.E0),.UNSPECIFIED.);
#10451=B_SPLINE_CURVE_WITH_KNOTS('',3,(#10447,#10448,#10449,#10450),
.UNSPECIFIED.,.F.,.F.,(4,4),(0.E0,1.E0),.UNSPECIFIED.);
#10460=B_SPLINE_CURVE_WITH_KNOTS('',3,(#10456,#10457,#10458,#10459),
.UNSPECIFIED.,.F.,.F.,(4,4),(0.E0,1.E0),.UNSPECIFIED.);
#10469=CIRCLE('',#10468,9.087149063602E-2);
#10478=B_SPLINE_CURVE_WITH_KNOTS('',3,(#10474,#10475,#10476,#10477),
.UNSPECIFIED.,.F.,.F.,(4,4),(0.E0,1.E0),.UNSPECIFIED.);
#10487=B_SPLINE_CURVE_WITH_KNOTS('',3,(#10483,#10484,#10485,#10486),
.UNSPECIFIED.,.F.,.F.,(4,4),(0.E0,1.E0),.UNSPECIFIED.);
#10496=B_SPLINE_CURVE_WITH_KNOTS('',3,(#10492,#10493,#10494,#10495),
.UNSPECIFIED.,.F.,.F.,(4,4),(0.E0,1.E0),.UNSPECIFIED.);
#10505=B_SPLINE_CURVE_WITH_KNOTS('',3,(#10501,#10502,#10503,#10504),
.UNSPECIFIED.,.F.,.F.,(4,4),(0.E0,1.E0),.UNSPECIFIED.);
#10514=B_SPLINE_CURVE_WITH_KNOTS('',3,(#10510,#10511,#10512,#10513),
.UNSPECIFIED.,.F.,.F.,(4,4),(0.E0,1.E0),.UNSPECIFIED.);
#10523=CIRCLE('',#10522,9.087489783412E-2);
#10532=B_SPLINE_CURVE_WITH_KNOTS('',3,(#10528,#10529,#10530,#10531),
.UNSPECIFIED.,.F.,.F.,(4,4),(0.E0,1.E0),.UNSPECIFIED.);
#10538=B_SPLINE_CURVE_WITH_KNOTS('',3,(#10533,#10534,#10535,#10536,#10537),
.UNSPECIFIED.,.F.,.F.,(4,1,4),(0.E0,5.E-1,1.E0),.UNSPECIFIED.);
#10551=CIRCLE('',#10550,1.8E0);
#10560=CIRCLE('',#10559,1.8E0);
#10566=B_SPLINE_CURVE_WITH_KNOTS('',3,(#10561,#10562,#10563,#10564,#10565),
.UNSPECIFIED.,.F.,.F.,(4,1,4),(0.E0,5.E-1,1.E0),.UNSPECIFIED.);
#10579=CIRCLE('',#10578,1.6E0);
#10596=CIRCLE('',#10595,1.6E0);
#10605=CIRCLE('',#10604,1.6E0);
#10626=CIRCLE('',#10625,1.6E0);
#10647=CIRCLE('',#10646,5.E-1);
#10656=CIRCLE('',#10655,5.E-1);
#10661=CIRCLE('',#10660,5.E-1);
#10667=B_SPLINE_CURVE_WITH_KNOTS('',3,(#10662,#10663,#10664,#10665,#10666),
.UNSPECIFIED.,.F.,.F.,(4,1,4),(0.E0,5.E-1,1.E0),.UNSPECIFIED.);
#10784=B_SPLINE_CURVE_WITH_KNOTS('',3,(#10780,#10781,#10782,#10783),
.UNSPECIFIED.,.F.,.F.,(4,4),(0.E0,1.E0),.UNSPECIFIED.);
#10789=B_SPLINE_CURVE_WITH_KNOTS('',3,(#10785,#10786,#10787,#10788),
.UNSPECIFIED.,.F.,.F.,(4,4),(0.E0,1.E0),.UNSPECIFIED.);
#10798=B_SPLINE_CURVE_WITH_KNOTS('',3,(#10794,#10795,#10796,#10797),
.UNSPECIFIED.,.F.,.F.,(4,4),(0.E0,1.E0),.UNSPECIFIED.);
#10803=B_SPLINE_CURVE_WITH_KNOTS('',3,(#10799,#10800,#10801,#10802),
.UNSPECIFIED.,.F.,.F.,(4,4),(0.E0,1.E0),.UNSPECIFIED.);
#10812=B_SPLINE_CURVE_WITH_KNOTS('',3,(#10808,#10809,#10810,#10811),
.UNSPECIFIED.,.F.,.F.,(4,4),(0.E0,1.E0),.UNSPECIFIED.);
#10817=B_SPLINE_CURVE_WITH_KNOTS('',3,(#10813,#10814,#10815,#10816),
.UNSPECIFIED.,.F.,.F.,(4,4),(0.E0,1.E0),.UNSPECIFIED.);
#10826=B_SPLINE_CURVE_WITH_KNOTS('',3,(#10822,#10823,#10824,#10825),
.UNSPECIFIED.,.F.,.F.,(4,4),(0.E0,1.E0),.UNSPECIFIED.);
#10831=B_SPLINE_CURVE_WITH_KNOTS('',3,(#10827,#10828,#10829,#10830),
.UNSPECIFIED.,.F.,.F.,(4,4),(0.E0,1.E0),.UNSPECIFIED.);
#10836=CIRCLE('',#10835,5.609557522724E-1);
#10841=CIRCLE('',#10840,5.608023226366E-1);
#10846=CIRCLE('',#10845,5.608418678699E-1);
#10851=CIRCLE('',#10850,5.609953586452E-1);
#10864=CIRCLE('',#10863,5.609953586452E-1);
#10873=CIRCLE('',#10872,5.608418678699E-1);
#10882=CIRCLE('',#10881,5.608023226366E-1);
#10891=CIRCLE('',#10890,5.609557522724E-1);
#11068=B_SPLINE_CURVE_WITH_KNOTS('',3,(#11064,#11065,#11066,#11067),
.UNSPECIFIED.,.F.,.F.,(4,4),(0.E0,1.E0),.UNSPECIFIED.);
#11073=B_SPLINE_CURVE_WITH_KNOTS('',3,(#11069,#11070,#11071,#11072),
.UNSPECIFIED.,.F.,.F.,(4,4),(0.E0,1.E0),.UNSPECIFIED.);
#11078=B_SPLINE_CURVE_WITH_KNOTS('',3,(#11074,#11075,#11076,#11077),
.UNSPECIFIED.,.F.,.F.,(4,4),(0.E0,1.E0),.UNSPECIFIED.);
#11083=B_SPLINE_CURVE_WITH_KNOTS('',3,(#11079,#11080,#11081,#11082),
.UNSPECIFIED.,.F.,.F.,(4,4),(0.E0,1.E0),.UNSPECIFIED.);
#11088=B_SPLINE_CURVE_WITH_KNOTS('',3,(#11084,#11085,#11086,#11087),
.UNSPECIFIED.,.F.,.F.,(4,4),(0.E0,1.E0),.UNSPECIFIED.);
#11093=B_SPLINE_CURVE_WITH_KNOTS('',3,(#11089,#11090,#11091,#11092),
.UNSPECIFIED.,.F.,.F.,(4,4),(0.E0,1.E0),.UNSPECIFIED.);
#11098=B_SPLINE_CURVE_WITH_KNOTS('',3,(#11094,#11095,#11096,#11097),
.UNSPECIFIED.,.F.,.F.,(4,4),(0.E0,1.E0),.UNSPECIFIED.);
#11103=B_SPLINE_CURVE_WITH_KNOTS('',3,(#11099,#11100,#11101,#11102),
.UNSPECIFIED.,.F.,.F.,(4,4),(0.E0,1.E0),.UNSPECIFIED.);
#11236=B_SPLINE_CURVE_WITH_KNOTS('',3,(#11232,#11233,#11234,#11235),
.UNSPECIFIED.,.F.,.F.,(4,4),(0.E0,1.E0),.UNSPECIFIED.);
#11245=CIRCLE('',#11244,9.087489783412E-2);
#11250=B_SPLINE_CURVE_WITH_KNOTS('',3,(#11246,#11247,#11248,#11249),
.UNSPECIFIED.,.F.,.F.,(4,4),(0.E0,1.E0),.UNSPECIFIED.);
#11255=B_SPLINE_CURVE_WITH_KNOTS('',3,(#11251,#11252,#11253,#11254),
.UNSPECIFIED.,.F.,.F.,(4,4),(0.E0,1.E0),.UNSPECIFIED.);
#11264=B_SPLINE_CURVE_WITH_KNOTS('',3,(#11260,#11261,#11262,#11263),
.UNSPECIFIED.,.F.,.F.,(4,4),(0.E0,1.E0),.UNSPECIFIED.);
#11269=B_SPLINE_CURVE_WITH_KNOTS('',3,(#11265,#11266,#11267,#11268),
.UNSPECIFIED.,.F.,.F.,(4,4),(0.E0,1.E0),.UNSPECIFIED.);
#11274=B_SPLINE_CURVE_WITH_KNOTS('',3,(#11270,#11271,#11272,#11273),
.UNSPECIFIED.,.F.,.F.,(4,4),(0.E0,1.E0),.UNSPECIFIED.);
#11283=CIRCLE('',#11282,9.087149063602E-2);
#11288=B_SPLINE_CURVE_WITH_KNOTS('',3,(#11284,#11285,#11286,#11287),
.UNSPECIFIED.,.F.,.F.,(4,4),(0.E0,1.E0),.UNSPECIFIED.);
#11293=B_SPLINE_CURVE_WITH_KNOTS('',3,(#11289,#11290,#11291,#11292),
.UNSPECIFIED.,.F.,.F.,(4,4),(0.E0,1.E0),.UNSPECIFIED.);
#11302=B_SPLINE_CURVE_WITH_KNOTS('',3,(#11298,#11299,#11300,#11301),
.UNSPECIFIED.,.F.,.F.,(4,4),(0.E0,1.E0),.UNSPECIFIED.);
#11307=B_SPLINE_CURVE_WITH_KNOTS('',3,(#11303,#11304,#11305,#11306),
.UNSPECIFIED.,.F.,.F.,(4,4),(0.E0,1.E0),.UNSPECIFIED.);
#11312=CIRCLE('',#11311,2.823799258917E-1);
#11317=CIRCLE('',#11316,2.823785726714E-1);
#11322=CIRCLE('',#11321,2.824228748836E-1);
#11327=CIRCLE('',#11326,2.824228342327E-1);
#11348=CIRCLE('',#11347,2.823785726714E-1);
#11357=CIRCLE('',#11356,2.823799258917E-1);
#11390=CIRCLE('',#11389,2.824228342327E-1);
#11399=CIRCLE('',#11398,2.824228748836E-1);
#11745=EDGE_CURVE('',#11729,#11414,#10252,.T.);
#11747=EDGE_CURVE('',#11414,#11415,#10256,.T.);
#11749=EDGE_CURVE('',#11415,#11728,#10260,.T.);
#11751=EDGE_CURVE('',#11728,#11729,#10264,.T.);
#11755=EDGE_CURVE('',#11418,#11419,#10268,.T.);
#11757=EDGE_CURVE('',#11419,#11420,#10273,.T.);
#11759=EDGE_CURVE('',#11420,#11422,#10277,.T.);
#11761=EDGE_CURVE('',#11422,#11423,#10282,.T.);
#11763=EDGE_CURVE('',#11423,#11425,#10286,.T.);
#11765=EDGE_CURVE('',#11425,#11426,#10291,.T.);
#11767=EDGE_CURVE('',#11426,#11428,#10295,.T.);
#11769=EDGE_CURVE('',#11428,#11429,#10300,.T.);
#11771=EDGE_CURVE('',#11429,#11431,#10304,.T.);
#11773=EDGE_CURVE('',#11431,#11432,#10309,.T.);
#11775=EDGE_CURVE('',#11432,#11434,#10313,.T.);
#11777=EDGE_CURVE('',#11434,#11435,#10318,.T.);
#11779=EDGE_CURVE('',#11435,#11437,#10322,.T.);
#11781=EDGE_CURVE('',#11437,#11438,#10327,.T.);
#11783=EDGE_CURVE('',#11438,#11440,#10331,.T.);
#11785=EDGE_CURVE('',#11440,#11418,#10336,.T.);
#11789=EDGE_CURVE('',#11443,#11444,#10340,.T.);
#11791=EDGE_CURVE('',#11444,#11445,#10345,.T.);
#11793=EDGE_CURVE('',#11445,#11447,#10349,.T.);
#11795=EDGE_CURVE('',#11447,#11448,#10354,.T.);
#11797=EDGE_CURVE('',#11448,#11450,#10358,.T.);
#11799=EDGE_CURVE('',#11450,#11452,#10362,.T.);
#11801=EDGE_CURVE('',#11452,#11453,#10367,.T.);
#11803=EDGE_CURVE('',#11453,#11455,#10371,.T.);
#11805=EDGE_CURVE('',#11455,#11456,#10376,.T.);
#11807=EDGE_CURVE('',#11456,#11458,#10380,.T.);
#11809=EDGE_CURVE('',#11458,#11460,#10384,.T.);
#11811=EDGE_CURVE('',#11460,#11461,#10389,.T.);
#11813=EDGE_CURVE('',#11461,#11463,#10393,.T.);
#11815=EDGE_CURVE('',#11463,#11464,#10398,.T.);
#11817=EDGE_CURVE('',#11464,#11466,#10402,.T.);
#11819=EDGE_CURVE('',#11466,#11468,#10406,.T.);
#11821=EDGE_CURVE('',#11468,#11469,#10411,.T.);
#11823=EDGE_CURVE('',#11469,#11471,#10415,.T.);
#11825=EDGE_CURVE('',#11471,#11472,#10420,.T.);
#11827=EDGE_CURVE('',#11472,#11443,#10424,.T.);
#11831=EDGE_CURVE('',#11475,#11476,#10428,.T.);
#11833=EDGE_CURVE('',#11476,#11477,#10433,.T.);
#11835=EDGE_CURVE('',#11477,#11479,#10437,.T.);
#11837=EDGE_CURVE('',#11479,#11480,#10442,.T.);
#11839=EDGE_CURVE('',#11480,#11482,#10446,.T.);
#11841=EDGE_CURVE('',#11482,#11483,#10451,.T.);
#11843=EDGE_CURVE('',#11483,#11485,#10455,.T.);
#11845=EDGE_CURVE('',#11485,#11486,#10460,.T.);
#11847=EDGE_CURVE('',#11486,#11488,#10464,.T.);
#11849=EDGE_CURVE('',#11488,#11490,#10469,.T.);
#11851=EDGE_CURVE('',#11490,#11492,#10473,.T.);
#11853=EDGE_CURVE('',#11492,#11493,#10478,.T.);
#11855=EDGE_CURVE('',#11493,#11495,#10482,.T.);
#11857=EDGE_CURVE('',#11495,#11496,#10487,.T.);
#11859=EDGE_CURVE('',#11496,#11498,#10491,.T.);
#11861=EDGE_CURVE('',#11498,#11499,#10496,.T.);
#11863=EDGE_CURVE('',#11499,#11501,#10500,.T.);
#11865=EDGE_CURVE('',#11501,#11502,#10505,.T.);
#11867=EDGE_CURVE('',#11502,#11504,#10509,.T.);
#11869=EDGE_CURVE('',#11504,#11505,#10514,.T.);
#11871=EDGE_CURVE('',#11505,#11507,#10518,.T.);
#11873=EDGE_CURVE('',#11507,#11509,#10523,.T.);
#11875=EDGE_CURVE('',#11509,#11511,#10527,.T.);
#11877=EDGE_CURVE('',#11511,#11475,#10532,.T.);
#11887=EDGE_CURVE('',#11512,#11414,#10538,.T.);
#11890=EDGE_CURVE('',#11731,#11729,#10656,.T.);
#11892=EDGE_CURVE('',#11731,#11512,#10542,.T.);
#11902=EDGE_CURVE('',#11700,#11701,#10566,.T.);
#11904=EDGE_CURVE('',#11699,#11700,#10695,.T.);
#11906=EDGE_CURVE('',#11513,#11699,#10675,.T.);
#11908=EDGE_CURVE('',#11415,#11513,#10667,.T.);
#11912=EDGE_CURVE('',#11701,#11512,#10642,.T.);
#11916=EDGE_CURVE('',#11720,#11721,#10546,.T.);
#11918=EDGE_CURVE('',#11721,#11723,#10551,.T.);
#11920=EDGE_CURVE('',#11723,#11725,#10555,.T.);
#11922=EDGE_CURVE('',#11725,#11720,#10560,.T.);
#11933=EDGE_CURVE('',#11704,#11720,#10583,.T.);
#11935=EDGE_CURVE('',#11704,#11705,#10570,.T.);
#11937=EDGE_CURVE('',#11705,#11721,#10574,.T.);
#11948=EDGE_CURVE('',#11709,#11725,#10591,.T.);
#11950=EDGE_CURVE('',#11709,#11704,#10579,.T.);
#11962=EDGE_CURVE('',#11708,#11723,#10600,.T.);
#11964=EDGE_CURVE('',#11708,#11709,#10587,.T.);
#11977=EDGE_CURVE('',#11705,#11708,#10596,.T.);
#11989=EDGE_CURVE('',#11711,#11705,#10617,.T.);
#11991=EDGE_CURVE('',#11711,#11713,#10605,.T.);
#11993=EDGE_CURVE('',#11713,#11708,#10609,.T.);
#12004=EDGE_CURVE('',#11704,#11715,#10613,.T.);
#12006=EDGE_CURVE('',#11711,#11715,#10630,.T.);
#12018=EDGE_CURVE('',#11709,#11717,#10621,.T.);
#12020=EDGE_CURVE('',#11717,#11715,#10626,.T.);
#12033=EDGE_CURVE('',#11717,#11713,#10634,.T.);
#12057=EDGE_CURVE('',#11738,#11701,#10638,.T.);
#12059=EDGE_CURVE('',#11738,#11739,#10647,.T.);
#12061=EDGE_CURVE('',#11739,#11700,#10683,.T.);
#12074=EDGE_CURVE('',#11738,#11731,#10651,.T.);
#12088=EDGE_CURVE('',#11728,#11733,#10661,.T.);
#12090=EDGE_CURVE('',#11735,#11733,#10679,.T.);
#12092=EDGE_CURVE('',#11739,#11735,#10687,.T.);
#12105=EDGE_CURVE('',#11513,#11733,#10671,.T.);
#12117=EDGE_CURVE('',#11735,#11699,#10691,.T.);
#12141=EDGE_CURVE('',#11515,#11418,#10703,.T.);
#12143=EDGE_CURVE('',#11517,#11515,#10779,.T.);
#12145=EDGE_CURVE('',#11419,#11517,#10771,.T.);
#12156=B_SPLINE_CURVE_WITH_KNOTS('',3,(#12150,#12151,#12152,#12153,#12154,
#12155),.UNSPECIFIED.,.F.,.F.,(4,1,1,4),(0.E0,1.669176553452E-1,
8.382640696533E-1,1.E0),.UNSPECIFIED.);
#12161=EDGE_CURVE('',#11440,#11519,#10699,.T.);
#12163=EDGE_CURVE('',#11515,#11519,#10784,.T.);
#12175=EDGE_CURVE('',#11521,#11438,#10715,.T.);
#12177=EDGE_CURVE('',#11521,#11519,#10707,.T.);
#12189=B_SPLINE_CURVE_WITH_KNOTS('',3,(#12183,#12184,#12185,#12186,#12187,
#12188),.UNSPECIFIED.,.F.,.F.,(4,1,1,4),(0.E0,1.669950412781E-1,
8.382034183389E-1,1.E0),.UNSPECIFIED.);
#12194=EDGE_CURVE('',#11437,#11523,#10711,.T.);
#12196=EDGE_CURVE('',#11521,#11523,#10789,.T.);
#12208=EDGE_CURVE('',#11525,#11435,#10723,.T.);
#12210=EDGE_CURVE('',#11523,#11525,#10793,.T.);
#12222=B_SPLINE_CURVE_WITH_KNOTS('',3,(#12216,#12217,#12218,#12219,#12220,
#12221),.UNSPECIFIED.,.F.,.F.,(4,1,1,4),(0.E0,1.670105119280E-1,
8.381986941243E-1,1.E0),.UNSPECIFIED.);
#12227=EDGE_CURVE('',#11434,#11527,#10719,.T.);
#12229=EDGE_CURVE('',#11525,#11527,#10798,.T.);
#12241=EDGE_CURVE('',#11529,#11432,#10735,.T.);
#12243=EDGE_CURVE('',#11529,#11527,#10727,.T.);
#12255=B_SPLINE_CURVE_WITH_KNOTS('',3,(#12249,#12250,#12251,#12252,#12253,
#12254),.UNSPECIFIED.,.F.,.F.,(4,1,1,4),(0.E0,1.669388823641E-1,
8.382627728671E-1,1.E0),.UNSPECIFIED.);
#12260=EDGE_CURVE('',#11431,#11531,#10731,.T.);
#12262=EDGE_CURVE('',#11529,#11531,#10803,.T.);
#12274=EDGE_CURVE('',#11533,#11429,#10743,.T.);
#12276=EDGE_CURVE('',#11531,#11533,#10807,.T.);
#12288=B_SPLINE_CURVE_WITH_KNOTS('',3,(#12282,#12283,#12284,#12285,#12286,
#12287),.UNSPECIFIED.,.F.,.F.,(4,1,1,4),(0.E0,1.669866625606E-1,
8.382102993798E-1,1.E0),.UNSPECIFIED.);
#12293=EDGE_CURVE('',#11428,#11535,#10739,.T.);
#12295=EDGE_CURVE('',#11533,#11535,#10812,.T.);
#12307=EDGE_CURVE('',#11537,#11426,#10755,.T.);
#12309=EDGE_CURVE('',#11537,#11535,#10747,.T.);
#12321=B_SPLINE_CURVE_WITH_KNOTS('',3,(#12315,#12316,#12317,#12318,#12319,
#12320),.UNSPECIFIED.,.F.,.F.,(4,1,1,4),(0.E0,1.669967882184E-1,
8.382017838160E-1,1.E0),.UNSPECIFIED.);
#12326=EDGE_CURVE('',#11425,#11539,#10751,.T.);
#12328=EDGE_CURVE('',#11537,#11539,#10817,.T.);
#12340=EDGE_CURVE('',#11541,#11423,#10763,.T.);
#12342=EDGE_CURVE('',#11539,#11541,#10821,.T.);
#12354=B_SPLINE_CURVE_WITH_KNOTS('',3,(#12348,#12349,#12350,#12351,#12352,
#12353),.UNSPECIFIED.,.F.,.F.,(4,1,1,4),(0.E0,1.669844309270E-1,
8.382123415428E-1,1.E0),.UNSPECIFIED.);
#12359=EDGE_CURVE('',#11422,#11543,#10759,.T.);
#12361=EDGE_CURVE('',#11541,#11543,#10826,.T.);
#12373=EDGE_CURVE('',#11545,#11420,#10775,.T.);
#12375=EDGE_CURVE('',#11545,#11543,#10767,.T.);
#12387=B_SPLINE_CURVE_WITH_KNOTS('',3,(#12381,#12382,#12383,#12384,#12385,
#12386),.UNSPECIFIED.,.F.,.F.,(4,1,1,4),(0.E0,1.669431065182E-1,
8.382507096937E-1,1.E0),.UNSPECIFIED.);
#12393=EDGE_CURVE('',#11545,#11517,#10831,.T.);
#12422=EDGE_CURVE('',#11548,#11549,#10855,.T.);
#12424=EDGE_CURVE('',#11548,#11551,#10836,.T.);
#12426=EDGE_CURVE('',#11553,#11551,#10927,.T.);
#12428=EDGE_CURVE('',#11553,#11555,#10841,.T.);
#12430=EDGE_CURVE('',#11557,#11555,#10915,.T.);
#12432=EDGE_CURVE('',#11557,#11559,#10846,.T.);
#12434=EDGE_CURVE('',#11561,#11559,#10903,.T.);
#12436=EDGE_CURVE('',#11561,#11549,#10851,.T.);
#12446=EDGE_CURVE('',#11564,#11565,#10859,.T.);
#12448=EDGE_CURVE('',#11548,#11564,#10935,.T.);
#12451=EDGE_CURVE('',#11565,#11549,#10895,.T.);
#12462=EDGE_CURVE('',#11565,#11567,#10864,.T.);
#12464=EDGE_CURVE('',#11567,#11569,#10868,.T.);
#12466=EDGE_CURVE('',#11569,#11571,#10873,.T.);
#12468=EDGE_CURVE('',#11571,#11573,#10877,.T.);
#12470=EDGE_CURVE('',#11573,#11575,#10882,.T.);
#12472=EDGE_CURVE('',#11575,#11577,#10886,.T.);
#12474=EDGE_CURVE('',#11577,#11564,#10891,.T.);
#12487=EDGE_CURVE('',#11561,#11567,#10899,.T.);
#12500=EDGE_CURVE('',#11569,#11559,#10907,.T.);
#12513=EDGE_CURVE('',#11557,#11571,#10911,.T.);
#12526=EDGE_CURVE('',#11573,#11555,#10919,.T.);
#12539=EDGE_CURVE('',#11553,#11575,#10923,.T.);
#12552=EDGE_CURVE('',#11577,#11551,#10931,.T.);
#12575=EDGE_CURVE('',#11443,#11579,#10939,.T.);
#12577=EDGE_CURVE('',#11579,#11581,#10943,.T.);
#12579=EDGE_CURVE('',#11444,#11581,#11059,.T.);
#12590=EDGE_CURVE('',#11583,#11472,#10955,.T.);
#12592=EDGE_CURVE('',#11583,#11579,#10947,.T.);
#12604=B_SPLINE_CURVE_WITH_KNOTS('',3,(#12598,#12599,#12600,#12601,#12602,
#12603),.UNSPECIFIED.,.F.,.F.,(4,1,1,4),(0.E0,1.523738659576E-1,
8.552501737046E-1,1.E0),.UNSPECIFIED.);
#12609=EDGE_CURVE('',#11471,#11585,#10951,.T.);
#12611=EDGE_CURVE('',#11583,#11585,#11068,.T.);
#12623=EDGE_CURVE('',#11587,#11469,#10967,.T.);
#12625=EDGE_CURVE('',#11587,#11585,#10959,.T.);
#12637=B_SPLINE_CURVE_WITH_KNOTS('',3,(#12631,#12632,#12633,#12634,#12635,
#12636),.UNSPECIFIED.,.F.,.F.,(4,1,1,4),(0.E0,1.523751214729E-1,
8.552491143790E-1,1.E0),.UNSPECIFIED.);
#12642=EDGE_CURVE('',#11468,#11589,#10963,.T.);
#12644=EDGE_CURVE('',#11587,#11589,#11073,.T.);
#12656=EDGE_CURVE('',#11466,#11591,#10971,.T.);
#12658=EDGE_CURVE('',#11591,#11589,#10975,.T.);
#12670=EDGE_CURVE('',#11593,#11464,#10987,.T.);
#12672=EDGE_CURVE('',#11593,#11591,#10979,.T.);
#12684=B_SPLINE_CURVE_WITH_KNOTS('',3,(#12678,#12679,#12680,#12681,#12682,
#12683),.UNSPECIFIED.,.F.,.F.,(4,1,1,4),(0.E0,1.523755612062E-1,
8.552486770412E-1,1.E0),.UNSPECIFIED.);
#12689=EDGE_CURVE('',#11463,#11595,#10983,.T.);
#12691=EDGE_CURVE('',#11593,#11595,#11078,.T.);
#12703=EDGE_CURVE('',#11597,#11461,#10999,.T.);
#12705=EDGE_CURVE('',#11597,#11595,#10991,.T.);
#12717=B_SPLINE_CURVE_WITH_KNOTS('',3,(#12711,#12712,#12713,#12714,#12715,
#12716),.UNSPECIFIED.,.F.,.F.,(4,1,1,4),(0.E0,1.523743056827E-1,
8.552497363628E-1,1.E0),.UNSPECIFIED.);
#12722=EDGE_CURVE('',#11460,#11599,#10995,.T.);
#12724=EDGE_CURVE('',#11597,#11599,#11083,.T.);
#12736=EDGE_CURVE('',#11458,#11601,#11003,.T.);
#12738=EDGE_CURVE('',#11601,#11599,#11007,.T.);
#12750=EDGE_CURVE('',#11603,#11456,#11019,.T.);
#12752=EDGE_CURVE('',#11603,#11601,#11011,.T.);
#12764=B_SPLINE_CURVE_WITH_KNOTS('',3,(#12758,#12759,#12760,#12761,#12762,
#12763),.UNSPECIFIED.,.F.,.F.,(4,1,1,4),(0.E0,1.523755612151E-1,
8.552486770405E-1,1.E0),.UNSPECIFIED.);
#12769=EDGE_CURVE('',#11455,#11605,#11015,.T.);
#12771=EDGE_CURVE('',#11603,#11605,#11088,.T.);
#12783=EDGE_CURVE('',#11607,#11453,#11031,.T.);
#12785=EDGE_CURVE('',#11607,#11605,#11023,.T.);
#12797=B_SPLINE_CURVE_WITH_KNOTS('',3,(#12791,#12792,#12793,#12794,#12795,
#12796),.UNSPECIFIED.,.F.,.F.,(4,1,1,4),(0.E0,1.523743056867E-1,
8.552497363676E-1,1.E0),.UNSPECIFIED.);
#12802=EDGE_CURVE('',#11452,#11609,#11027,.T.);
#12804=EDGE_CURVE('',#11607,#11609,#11093,.T.);
#12816=EDGE_CURVE('',#11450,#11611,#11035,.T.);
#12818=EDGE_CURVE('',#11611,#11609,#11039,.T.);
#12830=EDGE_CURVE('',#11613,#11448,#11051,.T.);
#12832=EDGE_CURVE('',#11613,#11611,#11043,.T.);
#12844=B_SPLINE_CURVE_WITH_KNOTS('',3,(#12838,#12839,#12840,#12841,#12842,
#12843),.UNSPECIFIED.,.F.,.F.,(4,1,1,4),(0.E0,1.523751214687E-1,
8.552491143861E-1,1.E0),.UNSPECIFIED.);
#12849=EDGE_CURVE('',#11447,#11615,#11047,.T.);
#12851=EDGE_CURVE('',#11613,#11615,#11098,.T.);
#12863=EDGE_CURVE('',#11617,#11445,#11063,.T.);
#12865=EDGE_CURVE('',#11617,#11615,#11055,.T.);
#12877=B_SPLINE_CURVE_WITH_KNOTS('',3,(#12871,#12872,#12873,#12874,#12875,
#12876),.UNSPECIFIED.,.F.,.F.,(4,1,1,4),(0.E0,1.523755611946E-1,
8.552486770435E-1,1.E0),.UNSPECIFIED.);
#12883=EDGE_CURVE('',#11617,#11581,#11103,.T.);
#12923=EDGE_CURVE('',#11619,#11475,#11115,.T.);
#12925=EDGE_CURVE('',#11619,#11621,#11107,.T.);
#12927=EDGE_CURVE('',#11476,#11621,#11227,.T.);
#12938=B_SPLINE_CURVE_WITH_KNOTS('',3,(#12932,#12933,#12934,#12935,#12936,
#12937),.UNSPECIFIED.,.F.,.F.,(4,1,1,4),(0.E0,1.668828867221E-1,
8.383152211869E-1,1.E0),.UNSPECIFIED.);
#12943=EDGE_CURVE('',#11511,#11623,#11111,.T.);
#12945=EDGE_CURVE('',#11619,#11623,#11236,.T.);
#12957=EDGE_CURVE('',#11625,#11509,#11123,.T.);
#12959=EDGE_CURVE('',#11623,#11625,#11240,.T.);
#12971=EDGE_CURVE('',#11507,#11627,#11119,.T.);
#12973=EDGE_CURVE('',#11625,#11627,#11245,.T.);
#12985=EDGE_CURVE('',#11629,#11505,#11135,.T.);
#12987=EDGE_CURVE('',#11629,#11627,#11127,.T.);
#12999=B_SPLINE_CURVE_WITH_KNOTS('',3,(#12993,#12994,#12995,#12996,#12997,
#12998),.UNSPECIFIED.,.F.,.F.,(4,1,1,4),(0.E0,1.521380553509E-1,
8.554599500957E-1,1.E0),.UNSPECIFIED.);
#13004=EDGE_CURVE('',#11504,#11631,#11131,.T.);
#13006=EDGE_CURVE('',#11629,#11631,#11250,.T.);
#13018=EDGE_CURVE('',#11633,#11502,#11147,.T.);
#13020=EDGE_CURVE('',#11633,#11631,#11139,.T.);
#13032=B_SPLINE_CURVE_WITH_KNOTS('',3,(#13026,#13027,#13028,#13029,#13030,
#13031),.UNSPECIFIED.,.F.,.F.,(4,1,1,4),(0.E0,1.669445599343E-1,
8.382496215499E-1,1.E0),.UNSPECIFIED.);
#13037=EDGE_CURVE('',#11501,#11635,#11143,.T.);
#13039=EDGE_CURVE('',#11633,#11635,#11255,.T.);
#13051=EDGE_CURVE('',#11637,#11499,#11155,.T.);
#13053=EDGE_CURVE('',#11635,#11637,#11259,.T.);
#13065=B_SPLINE_CURVE_WITH_KNOTS('',3,(#13059,#13060,#13061,#13062,#13063,
#13064),.UNSPECIFIED.,.F.,.F.,(4,1,1,4),(0.E0,1.668974063344E-1,
8.383030117836E-1,1.E0),.UNSPECIFIED.);
#13070=EDGE_CURVE('',#11498,#11639,#11151,.T.);
#13072=EDGE_CURVE('',#11637,#11639,#11264,.T.);
#13084=EDGE_CURVE('',#11641,#11496,#11167,.T.);
#13086=EDGE_CURVE('',#11641,#11639,#11159,.T.);
#13098=B_SPLINE_CURVE_WITH_KNOTS('',3,(#13092,#13093,#13094,#13095,#13096,
#13097),.UNSPECIFIED.,.F.,.F.,(4,1,1,4),(0.E0,1.521533700750E-1,
8.554449178694E-1,1.E0),.UNSPECIFIED.);
#13103=EDGE_CURVE('',#11495,#11643,#11163,.T.);
#13105=EDGE_CURVE('',#11641,#11643,#11269,.T.);
#13117=EDGE_CURVE('',#11645,#11493,#11179,.T.);
#13119=EDGE_CURVE('',#11645,#11643,#11171,.T.);
#13131=B_SPLINE_CURVE_WITH_KNOTS('',3,(#13125,#13126,#13127,#13128,#13129,
#13130),.UNSPECIFIED.,.F.,.F.,(4,1,1,4),(0.E0,1.669952101689E-1,
8.382032281630E-1,1.E0),.UNSPECIFIED.);
#13136=EDGE_CURVE('',#11492,#11647,#11175,.T.);
#13138=EDGE_CURVE('',#11645,#11647,#11274,.T.);
#13150=EDGE_CURVE('',#11649,#11490,#11187,.T.);
#13152=EDGE_CURVE('',#11647,#11649,#11278,.T.);
#13164=EDGE_CURVE('',#11488,#11651,#11183,.T.);
#13166=EDGE_CURVE('',#11649,#11651,#11283,.T.);
#13178=EDGE_CURVE('',#11653,#11486,#11199,.T.);
#13180=EDGE_CURVE('',#11653,#11651,#11191,.T.);
#13192=B_SPLINE_CURVE_WITH_KNOTS('',3,(#13186,#13187,#13188,#13189,#13190,
#13191),.UNSPECIFIED.,.F.,.F.,(4,1,1,4),(0.E0,1.521678617956E-1,
8.554305064699E-1,1.E0),.UNSPECIFIED.);
#13197=EDGE_CURVE('',#11485,#11655,#11195,.T.);
#13199=EDGE_CURVE('',#11653,#11655,#11288,.T.);
#13211=EDGE_CURVE('',#11657,#11483,#11211,.T.);
#13213=EDGE_CURVE('',#11657,#11655,#11203,.T.);
#13225=B_SPLINE_CURVE_WITH_KNOTS('',3,(#13219,#13220,#13221,#13222,#13223,
#13224),.UNSPECIFIED.,.F.,.F.,(4,1,1,4),(0.E0,1.668856799553E-1,
8.383044132241E-1,1.E0),.UNSPECIFIED.);
#13230=EDGE_CURVE('',#11482,#11659,#11207,.T.);
#13232=EDGE_CURVE('',#11657,#11659,#11293,.T.);
#13244=EDGE_CURVE('',#11661,#11480,#11219,.T.);
#13246=EDGE_CURVE('',#11659,#11661,#11297,.T.);
#13258=B_SPLINE_CURVE_WITH_KNOTS('',3,(#13252,#13253,#13254,#13255,#13256,
#13257),.UNSPECIFIED.,.F.,.F.,(4,1,1,4),(0.E0,1.669446876738E-1,
8.382495825698E-1,1.E0),.UNSPECIFIED.);
#13263=EDGE_CURVE('',#11479,#11663,#11215,.T.);
#13265=EDGE_CURVE('',#11661,#11663,#11302,.T.);
#13277=EDGE_CURVE('',#11665,#11477,#11231,.T.);
#13279=EDGE_CURVE('',#11665,#11663,#11223,.T.);
#13291=B_SPLINE_CURVE_WITH_KNOTS('',3,(#13285,#13286,#13287,#13288,#13289,
#13290),.UNSPECIFIED.,.F.,.F.,(4,1,1,4),(0.E0,1.521670493351E-1,
8.554311259516E-1,1.E0),.UNSPECIFIED.);
#13297=EDGE_CURVE('',#11665,#11621,#11307,.T.);
#13334=EDGE_CURVE('',#11668,#11669,#11335,.T.);
#13336=EDGE_CURVE('',#11668,#11671,#11312,.T.);
#13338=EDGE_CURVE('',#11673,#11671,#11365,.T.);
#13340=EDGE_CURVE('',#11673,#11669,#11317,.T.);
#13344=EDGE_CURVE('',#11676,#11677,#11377,.T.);
#13346=EDGE_CURVE('',#11676,#11679,#11322,.T.);
#13348=EDGE_CURVE('',#11681,#11679,#11407,.T.);
#13350=EDGE_CURVE('',#11681,#11677,#11327,.T.);
#13360=EDGE_CURVE('',#11684,#11685,#11343,.T.);
#13362=EDGE_CURVE('',#11684,#11668,#11331,.T.);
#13365=EDGE_CURVE('',#11669,#11685,#11339,.T.);
#13376=EDGE_CURVE('',#11685,#11687,#11348,.T.);
#13378=EDGE_CURVE('',#11687,#11689,#11352,.T.);
#13380=EDGE_CURVE('',#11689,#11684,#11357,.T.);
#13393=EDGE_CURVE('',#11687,#11673,#11361,.T.);
#13406=EDGE_CURVE('',#11671,#11689,#11369,.T.);
#13428=EDGE_CURVE('',#11692,#11693,#11385,.T.);
#13430=EDGE_CURVE('',#11692,#11676,#11373,.T.);
#13433=EDGE_CURVE('',#11677,#11693,#11381,.T.);
#13444=EDGE_CURVE('',#11693,#11695,#11390,.T.);
#13446=EDGE_CURVE('',#11695,#11697,#11394,.T.);
#13448=EDGE_CURVE('',#11697,#11692,#11399,.T.);
#13461=EDGE_CURVE('',#11695,#11681,#11403,.T.);
#13474=EDGE_CURVE('',#11679,#11697,#11411,.T.);
#13491=CLOSED_SHELL('',(#11881,#11896,#11926,#11941,#11955,#11969,#11982,#11997,
#12011,#12025,#12038,#12050,#12065,#12078,#12096,#12109,#12122,#12134,#12149,
#12168,#12182,#12201,#12215,#12234,#12248,#12267,#12281,#12300,#12314,#12333,
#12347,#12366,#12380,#12398,#12440,#12455,#12478,#12491,#12504,#12517,#12530,
#12543,#12556,#12568,#12583,#12597,#12616,#12630,#12649,#12663,#12677,#12696,
#12710,#12729,#12743,#12757,#12776,#12790,#12809,#12823,#12837,#12856,#12870,
#12888,#12916,#12931,#12950,#12964,#12978,#12992,#13011,#13025,#13044,#13058,
#13077,#13091,#13110,#13124,#13143,#13157,#13171,#13185,#13204,#13218,#13237,
#13251,#13270,#13284,#13302,#13354,#13369,#13384,#13397,#13410,#13422,#13437,
#13452,#13465,#13478,#13490));
#13492=MANIFOLD_SOLID_BREP('',#13491);
#13493=(LENGTH_UNIT()NAMED_UNIT(*)SI_UNIT(.MILLI.,.METRE.));
#13495=(NAMED_UNIT(*)PLANE_ANGLE_UNIT()SI_UNIT($,.RADIAN.));
#13498=(NAMED_UNIT(*)SI_UNIT($,.STERADIAN.)SOLID_ANGLE_UNIT());
#13504=AXIS2_PLACEMENT_3D('',#13501,#13502,#13503);
#13505=ADVANCED_BREP_SHAPE_REPRESENTATION('',(#13504,#13492),#13500);
#13510=PRODUCT_DEFINITION('design','',#13509,#13506);
#13511=PRODUCT_DEFINITION_SHAPE('','SHAPE FOR RIGHT3_1.',#13510);
#13512=SHAPE_DEFINITION_REPRESENTATION(#13511,#13505);
#13513=NEXT_ASSEMBLY_USAGE_OCCURRENCE('6','Next assembly relationship','RIGHT3',
#13541,#13510,$);
#13514=PRODUCT_DEFINITION_SHAPE('Placement #6',
'Placement of RIGHT3_1 with respect to WH80-ASM-121725_2_0001_ASM_1_ASM',
#13513);
#13523=AXIS2_PLACEMENT_3D('',#13520,#13521,#13522);
#13526=(LENGTH_UNIT()NAMED_UNIT(*)SI_UNIT(.MILLI.,.METRE.));
#13528=(NAMED_UNIT(*)PLANE_ANGLE_UNIT()SI_UNIT($,.RADIAN.));
#13531=(NAMED_UNIT(*)SI_UNIT($,.STERADIAN.)SOLID_ANGLE_UNIT());
#13537=AXIS2_PLACEMENT_3D('',#13534,#13535,#13536);
#13541=PRODUCT_DEFINITION('design','',#13540,#13506);
#13542=SHAPE_DEFINITION_REPRESENTATION(#13543,#13544);
#13543=PRODUCT_DEFINITION_SHAPE('','SHAPE FOR WH80-ASM-12292500_ASM.',#13570);
#13544=SHAPE_REPRESENTATION('',(#13550,#13565),#13561);
#13545=NEXT_ASSEMBLY_USAGE_OCCURRENCE('7','Next assembly relationship',
'WH80-ASM-121725_2_0001_ASM_1',#13570,#13541,$);
#13546=PRODUCT_DEFINITION_SHAPE('Placement #7',
'Placement of WH80-ASM-121725_2_0001_ASM_1_ASM with respect to WH80-ASM-12292500_ASM',#13545);
#13554=(LENGTH_UNIT()NAMED_UNIT(*)SI_UNIT(.MILLI.,.METRE.));
#13556=(NAMED_UNIT(*)PLANE_ANGLE_UNIT()SI_UNIT($,.RADIAN.));
#13559=(NAMED_UNIT(*)SI_UNIT($,.STERADIAN.)SOLID_ANGLE_UNIT());
#13565=AXIS2_PLACEMENT_3D('',#13562,#13563,#13564);
#13570=PRODUCT_DEFINITION('design','',#13569,#13566);
ENDSEC;
END-ISO-10303-21;
