ISO-10303-21;
HEADER;
FILE_DESCRIPTION((''),'2;1');
FILE_NAME('_-3','2022-06-22T',('Administrator'),(''),
'PRO/ENGINEER BY PARAMETRIC TECHNOLOGY CORPORATION, 2014320',
'PRO/ENGINEER BY PARAMETRIC TECHNOLOGY CORPORATION, 2014320','');
FILE_SCHEMA(('AUTOMOTIVE_DESIGN_CC2 { 1 2 10303 214 -1 1 5 2 }'));
ENDSEC;
DATA;
#114=DIRECTION('',(-5.486004316790E-7,-9.982728730585E-1,5.874751837531E-2));
#115=VECTOR('',#114,6.699600215807E1);
#116=CARTESIAN_POINT('',(-1.583001765082E2,-6.238577992306E1,
-9.821775633069E0));
#117=LINE('',#116,#115);
#118=DIRECTION('',(2.108382941299E-7,-3.257232130675E-2,9.994693811641E-1));
#119=VECTOR('',#118,8.535779044732E0);
#120=CARTESIAN_POINT('',(-1.583001765082E2,-6.238577992306E1,
-9.821775633069E0));
#121=LINE('',#120,#119);
#122=DIRECTION('',(5.438778093381E-7,9.999384539253E-1,1.109451942487E-2));
#123=VECTOR('',#122,6.673198909963E1);
#124=CARTESIAN_POINT('',(-1.583002110025E2,-1.293916920684E2,
-2.030885182803E0));
#125=LINE('',#124,#123);
#126=DIRECTION('',(5.858453016362E-7,-3.256876553492E-2,9.994694970389E-1));
#127=VECTOR('',#126,3.857087778900E0);
#128=CARTESIAN_POINT('',(-1.583002132622E2,-1.292660714808E2,
-5.885926765215E0));
#129=LINE('',#128,#127);
#130=DIRECTION('',(7.070854600053E-1,-4.154377794903E-2,-7.059066983411E-1));
#131=VECTOR('',#130,1.414213566699E0);
#132=CARTESIAN_POINT('',(-1.583001765082E2,-6.238577992306E1,
-9.821775633069E0));
#133=LINE('',#132,#131);
#134=DIRECTION('',(7.070766112981E-1,-4.154430928763E-2,-7.059155304433E-1));
#135=VECTOR('',#134,1.414213568819E0);
#136=CARTESIAN_POINT('',(-1.583002132622E2,-1.292660714808E2,
-5.885926765215E0));
#137=LINE('',#136,#135);
#138=CARTESIAN_POINT('',(-1.483000000356E2,-1.393929022069E2,
-2.163338360441E0));
#139=CARTESIAN_POINT('',(-1.490254595894E2,-1.393928983433E2,
-2.163456904401E0));
#140=CARTESIAN_POINT('',(-1.504907974027E2,-1.392344057251E2,
-2.162453485329E0));
#141=CARTESIAN_POINT('',(-1.526302240975E2,-1.385016195964E2,
-2.151500321884E0));
#142=CARTESIAN_POINT('',(-1.545728234134E2,-1.372917325376E2,
-2.135773960897E0));
#143=CARTESIAN_POINT('',(-1.561960377235E2,-1.356692260442E2,
-2.114287019491E0));
#144=CARTESIAN_POINT('',(-1.574071583E2,-1.337264718922E2,-2.088287685736E0));
#145=CARTESIAN_POINT('',(-1.581413313673E2,-1.315854108984E2,
-2.061123037736E0));
#146=CARTESIAN_POINT('',(-1.583002110025E2,-1.301182339999E2,
-2.040790881174E0));
#147=CARTESIAN_POINT('',(-1.583002110025E2,-1.293916920684E2,
-2.030885182803E0));
#149=CARTESIAN_POINT('',(-1.583002132622E2,-1.292660714808E2,
-5.885926765215E0));
#150=CARTESIAN_POINT('',(-1.583002132622E2,-1.299962394028E2,
-5.849331143494E0));
#151=CARTESIAN_POINT('',(-1.581404532538E2,-1.314697949641E2,
-5.775129003217E0));
#152=CARTESIAN_POINT('',(-1.574033672026E2,-1.336181937601E2,
-5.669511822047E0));
#153=CARTESIAN_POINT('',(-1.561893455460E2,-1.355650179975E2,
-5.572410989371E0));
#154=CARTESIAN_POINT('',(-1.545642979395E2,-1.371890579348E2,
-5.491656047844E0));
#155=CARTESIAN_POINT('',(-1.526217715729E2,-1.383985088862E2,
-5.431795476301E0));
#156=CARTESIAN_POINT('',(-1.504851969453E2,-1.391299810601E2,
-5.394187116526E0));
#157=CARTESIAN_POINT('',(-1.490233861087E2,-1.392878241738E2,
-5.387415469564E0));
#158=CARTESIAN_POINT('',(-1.483000000342E2,-1.392878200311E2,
-5.387542577857E0));
#160=DIRECTION('',(-5.113615478576E-9,6.914666040911E-1,7.224084270181E-1));
#161=VECTOR('',#160,1.429323752025E0);
#162=CARTESIAN_POINT('',(-1.483000000356E2,-1.393929022069E2,
-2.163338360441E0));
#163=LINE('',#162,#161);
#164=DIRECTION('',(7.070769372100E-1,-7.845416706645E-3,7.070931015803E-1));
#165=VECTOR('',#164,1.414213568671E0);
#166=CARTESIAN_POINT('',(-1.583002110025E2,-1.293916920684E2,
-2.030885182803E0));
#167=LINE('',#166,#165);
#168=DIRECTION('',(7.070856870376E-1,-7.845291643201E-3,7.070843532320E-1));
#169=VECTOR('',#168,1.414213566599E0);
#170=CARTESIAN_POINT('',(-1.583001747085E2,-6.266381006071E1,
-1.290525833476E0));
#171=LINE('',#170,#169);
#172=CARTESIAN_POINT('',(-1.500999999998E2,-5.416865914750E1,
-1.021375850004E1));
#173=CARTESIAN_POINT('',(-1.506975669021E2,-5.416865932752E1,
-1.021375297658E1));
#174=CARTESIAN_POINT('',(-1.519017545103E2,-5.430058419706E1,
-1.020810166545E1));
#175=CARTESIAN_POINT('',(-1.536398306283E2,-5.489627728042E1,
-1.017826012149E1));
#176=CARTESIAN_POINT('',(-1.552378302868E2,-5.588979977285E1,
-1.013196070761E1));
#177=CARTESIAN_POINT('',(-1.565678881473E2,-5.721970977326E1,
-1.006807206896E1));
#178=CARTESIAN_POINT('',(-1.575635425632E2,-5.881475233050E1,
-9.992180724811E0));
#179=CARTESIAN_POINT('',(-1.581684866581E2,-6.057556361463E1,
-9.907227374489E0));
#180=CARTESIAN_POINT('',(-1.583001765082E2,-6.178571683192E1,
-9.850047313605E0));
#181=CARTESIAN_POINT('',(-1.583001765082E2,-6.238577992306E1,
-9.821775633069E0));
#183=CARTESIAN_POINT('',(-1.583001747085E2,-6.266381006071E1,
-1.290525833476E0));
#184=CARTESIAN_POINT('',(-1.583001747085E2,-6.206665230914E1,
-1.282710138750E0));
#185=CARTESIAN_POINT('',(-1.581692206243E2,-6.086161767736E1,
-1.266735658094E0));
#186=CARTESIAN_POINT('',(-1.575665237326E2,-5.910654896086E1,
-1.241775840245E0));
#187=CARTESIAN_POINT('',(-1.565731441078E2,-5.751474976139E1,
-1.220163055213E0));
#188=CARTESIAN_POINT('',(-1.552445057714E2,-5.618611263017E1,
-1.201537551705E0));
#189=CARTESIAN_POINT('',(-1.536466026289E2,-5.519230065754E1,
-1.189002548144E0));
#190=CARTESIAN_POINT('',(-1.519062032909E2,-5.459556269476E1,
-1.179447069280E0));
#191=CARTESIAN_POINT('',(-1.506992176738E2,-5.446313804072E1,
-1.178256515472E0));
#192=CARTESIAN_POINT('',(-1.500999999996E2,-5.446313848270E1,
-1.178242954272E0));
#194=DIRECTION('',(3.058955642636E-11,-7.163124736036E-1,-6.977796501475E-1));
#195=VECTOR('',#194,1.477318512386E0);
#196=CARTESIAN_POINT('',(-1.500999999998E2,-5.416865914750E1,
-1.021375850004E1));
#197=LINE('',#196,#195);
#198=CARTESIAN_POINT('',(1.4925E2,-1.299739494265E2,-6.845784833960E0));
#199=DIRECTION('',(0.E0,-5.874806611750E-2,-9.982728408243E-1));
#200=DIRECTION('',(-1.E0,0.E0,0.E0));
#201=AXIS2_PLACEMENT_3D('',#198,#199,#200);
#203=CARTESIAN_POINT('',(1.4925E2,-1.299739494265E2,-6.845784833960E0));
#204=DIRECTION('',(0.E0,-5.874806611750E-2,-9.982728408243E-1));
#205=DIRECTION('',(1.E0,0.E0,0.E0));
#206=AXIS2_PLACEMENT_3D('',#203,#204,#205);
#208=CARTESIAN_POINT('',(-1.4925E2,-1.299739494265E2,-6.845784833960E0));
#209=DIRECTION('',(0.E0,-5.874806611750E-2,-9.982728408243E-1));
#210=DIRECTION('',(-1.E0,0.E0,0.E0));
#211=AXIS2_PLACEMENT_3D('',#208,#209,#210);
#213=CARTESIAN_POINT('',(-1.4925E2,-1.299739494265E2,-6.845784833960E0));
#214=DIRECTION('',(0.E0,-5.874806611750E-2,-9.982728408243E-1));
#215=DIRECTION('',(1.E0,0.E0,0.E0));
#216=AXIS2_PLACEMENT_3D('',#213,#214,#215);
#218=CARTESIAN_POINT('',(-1.4925E2,-6.336411591199E1,-1.076575414831E1));
#219=DIRECTION('',(0.E0,-5.874806611750E-2,-9.982728408243E-1));
#220=DIRECTION('',(-1.E0,0.E0,0.E0));
#221=AXIS2_PLACEMENT_3D('',#218,#219,#220);
#223=CARTESIAN_POINT('',(-1.4925E2,-6.336411591199E1,-1.076575414831E1));
#224=DIRECTION('',(0.E0,-5.874806611750E-2,-9.982728408243E-1));
#225=DIRECTION('',(1.E0,0.E0,0.E0));
#226=AXIS2_PLACEMENT_3D('',#223,#224,#225);
#228=CARTESIAN_POINT('',(1.4925E2,-6.336411591199E1,-1.076575414831E1));
#229=DIRECTION('',(0.E0,-5.874806611750E-2,-9.982728408243E-1));
#230=DIRECTION('',(-1.E0,0.E0,0.E0));
#231=AXIS2_PLACEMENT_3D('',#228,#229,#230);
#233=CARTESIAN_POINT('',(1.4925E2,-6.336411591199E1,-1.076575414831E1));
#234=DIRECTION('',(0.E0,-5.874806611750E-2,-9.982728408243E-1));
#235=DIRECTION('',(1.E0,0.E0,0.E0));
#236=AXIS2_PLACEMENT_3D('',#233,#234,#235);
#238=DIRECTION('',(-4.125538152937E-6,9.982730832127E-1,-5.874394705827E-2));
#239=VECTOR('',#238,6.699600204902E1);
#240=CARTESIAN_POINT('',(1.573002559243E2,-1.293248240067E2,-6.884242086808E0));
#241=LINE('',#240,#239);
#242=CARTESIAN_POINT('',(1.572999795297E2,-6.244451847834E1,-1.081985168429E1));
#243=CARTESIAN_POINT('',(1.572999635733E2,-6.191009788186E1,-1.085130218084E1));
#244=CARTESIAN_POINT('',(1.571852886962E2,-6.086259854269E1,-1.091297737296E1));
#245=CARTESIAN_POINT('',(1.566586269651E2,-5.931992604481E1,-1.100375050835E1));
#246=CARTESIAN_POINT('',(1.557845698030E2,-5.791214070851E1,-1.108660379262E1));
#247=CARTESIAN_POINT('',(1.546119633269E2,-5.673970273259E1,-1.115559201037E1));
#248=CARTESIAN_POINT('',(1.532130950667E2,-5.586689406116E1,-1.120698868317E1));
#249=CARTESIAN_POINT('',(1.516648673153E2,-5.533993458185E1,-1.123788096488E1));
#250=CARTESIAN_POINT('',(1.506277119889E2,-5.522697888550E1,-1.124482463109E1));
#251=CARTESIAN_POINT('',(1.501000001406E2,-5.522664410494E1,-1.124484433283E1));
#253=DIRECTION('',(-9.999999999994E-1,-7.885425181491E-7,8.095871486885E-7));
#254=VECTOR('',#253,3.002000001406E2);
#255=CARTESIAN_POINT('',(1.501000001406E2,-5.522664410494E1,-1.124484433283E1));
#256=LINE('',#255,#254);
#257=CARTESIAN_POINT('',(-1.500999999997E2,-5.522688082541E1,
-1.124460129477E1));
#258=CARTESIAN_POINT('',(-1.506300255179E2,-5.522688577366E1,
-1.124460100356E1));
#259=CARTESIAN_POINT('',(-1.516699710161E2,-5.534049150987E1,
-1.123795467517E1));
#260=CARTESIAN_POINT('',(-1.532045487247E2,-5.586426998827E1,
-1.120711407108E1));
#261=CARTESIAN_POINT('',(-1.546088843611E2,-5.673621191383E1,
-1.115580711077E1));
#262=CARTESIAN_POINT('',(-1.557810680818E2,-5.790903445706E1,
-1.108677696571E1));
#263=CARTESIAN_POINT('',(-1.566560172374E2,-5.931144291630E1,
-1.100427858689E1));
#264=CARTESIAN_POINT('',(-1.571858644969E2,-6.086770991633E1,
-1.091257080342E1));
#265=CARTESIAN_POINT('',(-1.572998819196E2,-6.191243179936E1,
-1.085139238681E1));
#266=CARTESIAN_POINT('',(-1.573002066578E2,-6.244453169745E1,
-1.082007846269E1));
#268=DIRECTION('',(-7.353647466624E-7,-9.982728840321E-1,5.874733190245E-2));
#269=VECTOR('',#268,6.699600217443E1);
#270=CARTESIAN_POINT('',(-1.573002066578E2,-6.244453169745E1,
-1.082007846269E1));
#271=LINE('',#270,#269);
#272=CARTESIAN_POINT('',(-1.573002559243E2,-1.293248240067E2,
-6.884242086808E0));
#273=CARTESIAN_POINT('',(-1.572999967198E2,-1.299887376104E2,
-6.845170964479E0));
#274=CARTESIAN_POINT('',(-1.571578913136E2,-1.312928988222E2,
-6.768046219756E0));
#275=CARTESIAN_POINT('',(-1.564961130379E2,-1.332389778426E2,
-6.653670137357E0));
#276=CARTESIAN_POINT('',(-1.554028383315E2,-1.349927107088E2,
-6.550425918094E0));
#277=CARTESIAN_POINT('',(-1.539355987769E2,-1.364596442331E2,
-6.464097407831E0));
#278=CARTESIAN_POINT('',(-1.521858408382E2,-1.375495124258E2,
-6.399996129786E0));
#279=CARTESIAN_POINT('',(-1.502507294654E2,-1.382064828316E2,
-6.361184920483E0));
#280=CARTESIAN_POINT('',(-1.489574656249E2,-1.383470235255E2,
-6.353285888706E0));
#281=CARTESIAN_POINT('',(-1.483000000403E2,-1.383471378919E2,
-6.353279158275E0));
#283=DIRECTION('',(9.999999999985E-1,-1.252833686906E-6,-1.220973540824E-6));
#284=VECTOR('',#283,7.915786451593E1);
#285=CARTESIAN_POINT('',(-1.483000000403E2,-1.383471378919E2,
-6.353279158275E0));
#286=LINE('',#285,#284);
#287=CARTESIAN_POINT('',(-6.914213552451E1,-1.383472370635E2,
-6.353375807934E0));
#288=CARTESIAN_POINT('',(-6.856015157279E1,-1.383470594675E2,
-6.353386259408E0));
#289=CARTESIAN_POINT('',(-6.741009268486E1,-1.382359203016E2,
-6.359392156470E0));
#290=CARTESIAN_POINT('',(-6.567614546503E1,-1.377183556857E2,
-6.390117345412E0));
#291=CARTESIAN_POINT('',(-6.408503895547E1,-1.368563071710E2,
-6.440583917566E0));
#292=CARTESIAN_POINT('',(-6.319104496555E1,-1.361182393445E2,
-6.484547171755E0));
#293=CARTESIAN_POINT('',(-6.277794137544E1,-1.357046378215E2,
-6.508887500998E0));
#295=DIRECTION('',(7.054072307544E-1,7.075974570097E-1,-4.130953440503E-2));
#296=VECTOR('',#295,3.035788814136E0);
#297=CARTESIAN_POINT('',(-6.277794137544E1,-1.357046378215E2,
-6.508887500998E0));
#298=LINE('',#297,#296);
#299=CARTESIAN_POINT('',(-6.063647399490E1,-1.335565213766E2,
-6.634294523462E0));
#300=CARTESIAN_POINT('',(-6.013821630519E1,-1.330581109918E2,
-6.663625829536E0));
#301=CARTESIAN_POINT('',(-5.905618663761E1,-1.321613464135E2,
-6.717386039923E0));
#302=CARTESIAN_POINT('',(-5.709404610235E1,-1.310928239540E2,
-6.779773797796E0));
#303=CARTESIAN_POINT('',(-5.495166143304E1,-1.304588239633E2,
-6.817583610181E0));
#304=CARTESIAN_POINT('',(-5.355857636732E1,-1.303270279467E2,
-6.824338492715E0));
#305=CARTESIAN_POINT('',(-5.285786473408E1,-1.303266163458E2,
-6.824362715307E0));
#307=DIRECTION('',(1.E0,0.E0,0.E0));
#308=VECTOR('',#307,1.057157294682E2);
#309=CARTESIAN_POINT('',(-5.285786473408E1,-1.303266163458E2,
-6.824362715307E0));
#310=LINE('',#309,#308);
#311=CARTESIAN_POINT('',(5.285786473408E1,-1.303266163458E2,-6.824362715307E0));
#312=CARTESIAN_POINT('',(5.355857636732E1,-1.303270279467E2,-6.824338492715E0));
#313=CARTESIAN_POINT('',(5.495166143304E1,-1.304588239633E2,-6.817583610181E0));
#314=CARTESIAN_POINT('',(5.709404610235E1,-1.310928239540E2,-6.779773797796E0));
#315=CARTESIAN_POINT('',(5.905618663761E1,-1.321613464135E2,-6.717386039923E0));
#316=CARTESIAN_POINT('',(6.013821630519E1,-1.330581109918E2,-6.663625829536E0));
#317=CARTESIAN_POINT('',(6.063647399490E1,-1.335565213766E2,-6.634294523462E0));
#319=DIRECTION('',(7.054072307544E-1,-7.075974570097E-1,4.130953440504E-2));
#320=VECTOR('',#319,3.035788814136E0);
#321=CARTESIAN_POINT('',(6.063647399490E1,-1.335565213766E2,-6.634294523462E0));
#322=LINE('',#321,#320);
#323=CARTESIAN_POINT('',(6.277794137544E1,-1.357046378215E2,-6.508887500998E0));
#324=CARTESIAN_POINT('',(6.319104496555E1,-1.361182393445E2,-6.484547171755E0));
#325=CARTESIAN_POINT('',(6.408503895547E1,-1.368563071710E2,-6.440583917566E0));
#326=CARTESIAN_POINT('',(6.567614546503E1,-1.377183556857E2,-6.390117345412E0));
#327=CARTESIAN_POINT('',(6.741009268486E1,-1.382359203016E2,-6.359392156470E0));
#328=CARTESIAN_POINT('',(6.856015157279E1,-1.383470594675E2,-6.353386259408E0));
#329=CARTESIAN_POINT('',(6.914213552451E1,-1.383472370635E2,-6.353375807934E0));
#331=DIRECTION('',(9.999999999985E-1,1.252833686906E-6,1.220973540768E-6));
#332=VECTOR('',#331,7.915786451593E1);
#333=CARTESIAN_POINT('',(6.914213552451E1,-1.383472370635E2,-6.353375807934E0));
#334=LINE('',#333,#332);
#335=CARTESIAN_POINT('',(1.483000000403E2,-1.383471378919E2,-6.353279158275E0));
#336=CARTESIAN_POINT('',(1.489574656249E2,-1.383470235255E2,-6.353285888706E0));
#337=CARTESIAN_POINT('',(1.502507294654E2,-1.382064828316E2,-6.361184920483E0));
#338=CARTESIAN_POINT('',(1.521858408382E2,-1.375495124258E2,-6.399996129786E0));
#339=CARTESIAN_POINT('',(1.539355987769E2,-1.364596442331E2,-6.464097407831E0));
#340=CARTESIAN_POINT('',(1.554028383315E2,-1.349927107088E2,-6.550425918094E0));
#341=CARTESIAN_POINT('',(1.564961130379E2,-1.332389778426E2,-6.653670137357E0));
#342=CARTESIAN_POINT('',(1.571578913136E2,-1.312928988222E2,-6.768046219756E0));
#343=CARTESIAN_POINT('',(1.572999967198E2,-1.299887376104E2,-6.845170964479E0));
#344=CARTESIAN_POINT('',(1.573002559243E2,-1.293248240067E2,-6.884242086808E0));
#346=DIRECTION('',(0.E0,5.874806611757E-2,9.982728408243E-1));
#347=VECTOR('',#346,5.E-1);
#348=CARTESIAN_POINT('',(1.45E2,-1.299739494265E2,-6.845784833960E0));
#349=LINE('',#348,#347);
#350=DIRECTION('',(0.E0,5.874806611757E-2,9.982728408243E-1));
#351=VECTOR('',#350,5.E-1);
#352=CARTESIAN_POINT('',(1.535E2,-1.299739494265E2,-6.845784833960E0));
#353=LINE('',#352,#351);
#354=CARTESIAN_POINT('',(-1.4925E2,-1.299445753934E2,-6.346648413547E0));
#355=DIRECTION('',(0.E0,-5.874806611750E-2,-9.982728408243E-1));
#356=DIRECTION('',(-1.E0,0.E0,0.E0));
#357=AXIS2_PLACEMENT_3D('',#354,#355,#356);
#359=CARTESIAN_POINT('',(-1.4925E2,-1.299445753934E2,-6.346648413547E0));
#360=DIRECTION('',(0.E0,-5.874806611750E-2,-9.982728408243E-1));
#361=DIRECTION('',(1.E0,0.E0,0.E0));
#362=AXIS2_PLACEMENT_3D('',#359,#360,#361);
#364=CARTESIAN_POINT('',(1.4925E2,-1.299445753934E2,-6.346648413547E0));
#365=DIRECTION('',(0.E0,-5.874806611750E-2,-9.982728408243E-1));
#366=DIRECTION('',(-1.E0,0.E0,0.E0));
#367=AXIS2_PLACEMENT_3D('',#364,#365,#366);
#369=CARTESIAN_POINT('',(1.4925E2,-1.299445753934E2,-6.346648413547E0));
#370=DIRECTION('',(0.E0,-5.874806611750E-2,-9.982728408243E-1));
#371=DIRECTION('',(1.E0,0.E0,0.E0));
#372=AXIS2_PLACEMENT_3D('',#369,#370,#371);
#374=DIRECTION('',(0.E0,5.874806611752E-2,9.982728408243E-1));
#375=VECTOR('',#374,5.E-1);
#376=CARTESIAN_POINT('',(-1.535E2,-1.299739494265E2,-6.845784833960E0));
#377=LINE('',#376,#375);
#378=DIRECTION('',(0.E0,5.874806611752E-2,9.982728408243E-1));
#379=VECTOR('',#378,5.E-1);
#380=CARTESIAN_POINT('',(-1.45E2,-1.299739494265E2,-6.845784833960E0));
#381=LINE('',#380,#379);
#382=DIRECTION('',(0.E0,5.874806611750E-2,9.982728408243E-1));
#383=VECTOR('',#382,5.E-1);
#384=CARTESIAN_POINT('',(-1.535E2,-6.336411591199E1,-1.076575414831E1));
#385=LINE('',#384,#383);
#386=DIRECTION('',(0.E0,5.874806611750E-2,9.982728408243E-1));
#387=VECTOR('',#386,5.E-1);
#388=CARTESIAN_POINT('',(-1.45E2,-6.336411591199E1,-1.076575414831E1));
#389=LINE('',#388,#387);
#390=CARTESIAN_POINT('',(-1.4925E2,-6.333474187893E1,-1.026661772790E1));
#391=DIRECTION('',(0.E0,-5.874806611750E-2,-9.982728408243E-1));
#392=DIRECTION('',(-1.E0,0.E0,0.E0));
#393=AXIS2_PLACEMENT_3D('',#390,#391,#392);
#395=CARTESIAN_POINT('',(-1.4925E2,-6.333474187893E1,-1.026661772790E1));
#396=DIRECTION('',(0.E0,-5.874806611750E-2,-9.982728408243E-1));
#397=DIRECTION('',(1.E0,0.E0,0.E0));
#398=AXIS2_PLACEMENT_3D('',#395,#396,#397);
#400=CARTESIAN_POINT('',(1.4925E2,-6.333474187893E1,-1.026661772790E1));
#401=DIRECTION('',(0.E0,-5.874806611750E-2,-9.982728408243E-1));
#402=DIRECTION('',(-1.E0,0.E0,0.E0));
#403=AXIS2_PLACEMENT_3D('',#400,#401,#402);
#405=CARTESIAN_POINT('',(1.4925E2,-6.333474187893E1,-1.026661772790E1));
#406=DIRECTION('',(0.E0,-5.874806611750E-2,-9.982728408243E-1));
#407=DIRECTION('',(1.E0,0.E0,0.E0));
#408=AXIS2_PLACEMENT_3D('',#405,#406,#407);
#410=DIRECTION('',(0.E0,5.874806611747E-2,9.982728408243E-1));
#411=VECTOR('',#410,5.E-1);
#412=CARTESIAN_POINT('',(1.45E2,-6.336411591199E1,-1.076575414831E1));
#413=LINE('',#412,#411);
#414=DIRECTION('',(0.E0,5.874806611747E-2,9.982728408243E-1));
#415=VECTOR('',#414,5.E-1);
#416=CARTESIAN_POINT('',(1.535E2,-6.336411591199E1,-1.076575414831E1));
#417=LINE('',#416,#415);
#418=DIRECTION('',(-7.070766112981E-1,-4.154430928763E-2,-7.059155304432E-1));
#419=VECTOR('',#418,1.414213568819E0);
#420=CARTESIAN_POINT('',(1.583002132622E2,-1.292660714808E2,-5.885926765215E0));
#421=LINE('',#420,#419);
#422=DIRECTION('',(-3.444177677031E-6,9.982730431829E-1,-5.874462735015E-2));
#423=VECTOR('',#422,6.699599989843E1);
#424=CARTESIAN_POINT('',(1.583002132622E2,-1.292660714808E2,-5.885926765215E0));
#425=LINE('',#424,#423);
#426=DIRECTION('',(5.858452942676E-7,3.256876553492E-2,-9.994694970389E-1));
#427=VECTOR('',#426,3.857087778900E0);
#428=CARTESIAN_POINT('',(1.583002110025E2,-1.293916920684E2,-2.030885182803E0));
#429=LINE('',#428,#427);
#430=DIRECTION('',(3.448224372413E-6,-9.999384861425E-1,-1.109161481600E-2));
#431=VECTOR('',#430,6.673198949810E1);
#432=CARTESIAN_POINT('',(1.582999808957E2,-6.266380751235E1,-1.290719659384E0));
#433=LINE('',#432,#431);
#434=DIRECTION('',(-1.898450702584E-7,-3.257457151182E-2,9.994693078283E-1));
#435=VECTOR('',#434,8.535391819436E0);
#436=CARTESIAN_POINT('',(1.582999825161E2,-6.238577078115E1,-9.821581813199E0));
#437=LINE('',#436,#435);
#438=CARTESIAN_POINT('',(1.583002110025E2,-1.293916920684E2,-2.030885182803E0));
#439=CARTESIAN_POINT('',(1.583002110025E2,-1.301182339999E2,-2.040790881174E0));
#440=CARTESIAN_POINT('',(1.581413313673E2,-1.315854108984E2,-2.061123037736E0));
#441=CARTESIAN_POINT('',(1.574071583E2,-1.337264718922E2,-2.088287685736E0));
#442=CARTESIAN_POINT('',(1.561960377235E2,-1.356692260442E2,-2.114287019491E0));
#443=CARTESIAN_POINT('',(1.545728234134E2,-1.372917325376E2,-2.135773960897E0));
#444=CARTESIAN_POINT('',(1.526302240975E2,-1.385016195964E2,-2.151500321884E0));
#445=CARTESIAN_POINT('',(1.504907974027E2,-1.392344057251E2,-2.162453485329E0));
#446=CARTESIAN_POINT('',(1.490254595894E2,-1.393928983433E2,-2.163456904401E0));
#447=CARTESIAN_POINT('',(1.483000000356E2,-1.393929022069E2,-2.163338360441E0));
#449=CARTESIAN_POINT('',(1.483000000342E2,-1.392878200311E2,-5.387542577857E0));
#450=CARTESIAN_POINT('',(1.490233861087E2,-1.392878241738E2,-5.387415469564E0));
#451=CARTESIAN_POINT('',(1.504851969453E2,-1.391299810601E2,-5.394187116526E0));
#452=CARTESIAN_POINT('',(1.526217715729E2,-1.383985088862E2,-5.431795476301E0));
#453=CARTESIAN_POINT('',(1.545642979395E2,-1.371890579348E2,-5.491656047844E0));
#454=CARTESIAN_POINT('',(1.561893455460E2,-1.355650179975E2,-5.572410989372E0));
#455=CARTESIAN_POINT('',(1.574033672026E2,-1.336181937601E2,-5.669511822047E0));
#456=CARTESIAN_POINT('',(1.581404532538E2,-1.314697949641E2,-5.775129003217E0));
#457=CARTESIAN_POINT('',(1.583002132622E2,-1.299962394028E2,-5.849331143494E0));
#458=CARTESIAN_POINT('',(1.583002132622E2,-1.292660714808E2,-5.885926765215E0));
#460=DIRECTION('',(-7.070769372100E-1,-7.845416706625E-3,7.070931015803E-1));
#461=VECTOR('',#460,1.414213568671E0);
#462=CARTESIAN_POINT('',(1.583002110025E2,-1.293916920684E2,-2.030885182803E0));
#463=LINE('',#462,#461);
#464=DIRECTION('',(5.113575709127E-9,6.914666040911E-1,7.224084270181E-1));
#465=VECTOR('',#464,1.429323752025E0);
#466=CARTESIAN_POINT('',(1.483000000356E2,-1.393929022069E2,-2.163338360441E0));
#467=LINE('',#466,#465);
#468=DIRECTION('',(-9.999999999990E-1,-1.022256944798E-6,9.789448989131E-7));
#469=VECTOR('',#468,7.915786449883E1);
#470=CARTESIAN_POINT('',(1.483000000356E2,-1.393929022069E2,-2.163338360441E0));
#471=LINE('',#470,#469);
#472=DIRECTION('',(-4.368299433358E-10,3.257436660481E-2,-9.994693145066E-1));
#473=VECTOR('',#472,3.225916164327E0);
#474=CARTESIAN_POINT('',(1.483000000356E2,-1.393929022069E2,-2.163338360441E0));
#475=LINE('',#474,#473);
#476=DIRECTION('',(9.999999999989E-1,1.053557908748E-6,1.026765437481E-6));
#477=VECTOR('',#476,7.915786449477E1);
#478=CARTESIAN_POINT('',(6.914213553953E1,-1.392879034285E2,-5.387623854416E0));
#479=LINE('',#478,#477);
#480=DIRECTION('',(-8.250121809758E-10,-3.257199713E-2,9.994693917289E-1));
#481=VECTOR('',#480,3.226074767117E0);
#482=CARTESIAN_POINT('',(6.914213553953E1,-1.392879034285E2,-5.387623854416E0));
#483=LINE('',#482,#481);
#484=DIRECTION('',(-9.999999999990E-1,1.022256944798E-6,-9.789448989636E-7));
#485=VECTOR('',#484,7.915786449883E1);
#486=CARTESIAN_POINT('',(-6.914213553687E1,-1.393929831265E2,
-2.163260869253E0));
#487=LINE('',#486,#485);
#488=DIRECTION('',(-8.250077759772E-10,3.257199713E-2,-9.994693917289E-1));
#489=VECTOR('',#488,3.226074767117E0);
#490=CARTESIAN_POINT('',(-6.914213553687E1,-1.393929831265E2,
-2.163260869253E0));
#491=LINE('',#490,#489);
#492=DIRECTION('',(9.999999999989E-1,-1.053557908748E-6,-1.026765437470E-6));
#493=VECTOR('',#492,7.915786449477E1);
#494=CARTESIAN_POINT('',(-1.483000000342E2,-1.392878200311E2,
-5.387542577857E0));
#495=LINE('',#494,#493);
#496=DIRECTION('',(-4.368211329055E-10,-3.257436660481E-2,9.994693145066E-1));
#497=VECTOR('',#496,3.225916164327E0);
#498=CARTESIAN_POINT('',(-1.483000000342E2,-1.392878200311E2,
-5.387542577857E0));
#499=LINE('',#498,#497);
#500=DIRECTION('',(-1.114526413670E-8,6.977419199163E-1,-7.163492257213E-1));
#501=VECTOR('',#500,1.348158019638E0);
#502=CARTESIAN_POINT('',(6.914213553953E1,-1.392879034285E2,-5.387623854416E0));
#503=LINE('',#502,#501);
#504=DIRECTION('',(4.527334361644E-9,6.977536235995E-1,-7.163378258571E-1));
#505=VECTOR('',#504,1.348158013662E0);
#506=CARTESIAN_POINT('',(1.483000000342E2,-1.392878200311E2,-5.387542577857E0));
#507=LINE('',#506,#505);
#508=DIRECTION('',(5.169264553303E-1,4.736983140179E-1,-7.130195979608E-1));
#509=VECTOR('',#508,1.367835614233E0);
#510=CARTESIAN_POINT('',(6.207087095990E1,-1.363525792458E2,-5.533593901261E0));
#511=LINE('',#510,#509);
#512=CARTESIAN_POINT('',(6.914213553687E1,-1.393929831265E2,-2.163260869253E0));
#513=CARTESIAN_POINT('',(6.849834946569E1,-1.393929770113E2,-2.163448500552E0));
#514=CARTESIAN_POINT('',(6.720148457850E1,-1.392683500719E2,-2.163051690344E0));
#515=CARTESIAN_POINT('',(6.529083924699E1,-1.386933451505E2,-2.153709642744E0));
#516=CARTESIAN_POINT('',(6.353295663988E1,-1.377491605984E2,-2.142956268656E0));
#517=CARTESIAN_POINT('',(6.252669428855E1,-1.369195333828E2,-2.130897590207E0));
#518=CARTESIAN_POINT('',(6.207086214187E1,-1.364636686966E2,-2.124469797861E0));
#520=CARTESIAN_POINT('',(6.207087095990E1,-1.363525792458E2,-5.533593901261E0));
#521=CARTESIAN_POINT('',(6.252689849816E1,-1.368096028226E2,-5.510462131490E0));
#522=CARTESIAN_POINT('',(6.353350586860E1,-1.376412331585E2,-5.468009293218E0));
#523=CARTESIAN_POINT('',(6.529256772224E1,-1.385875872838E2,-5.422746724020E0));
#524=CARTESIAN_POINT('',(6.720348256203E1,-1.391634376277E2,-5.392338239799E0));
#525=CARTESIAN_POINT('',(6.849919656227E1,-1.392879098871E2,-5.387425685548E0));
#526=CARTESIAN_POINT('',(6.914213553953E1,-1.392879034285E2,-5.387623854416E0));
#528=DIRECTION('',(-1.247290235845E-8,6.914551322419E-1,7.224194073364E-1));
#529=VECTOR('',#528,1.429323757682E0);
#530=CARTESIAN_POINT('',(6.914213553687E1,-1.393929831265E2,-2.163260869253E0));
#531=LINE('',#530,#529);
#532=DIRECTION('',(4.962156015561E-1,4.881657372584E-1,7.179584178344E-1));
#533=VECTOR('',#532,1.424914679805E0);
#534=CARTESIAN_POINT('',(6.207086214187E1,-1.364636686966E2,-2.124469797861E0));
#535=LINE('',#534,#533);
#536=DIRECTION('',(-7.068522672941E-1,7.073202948694E-1,7.607410011263E-3));
#537=VECTOR('',#536,3.029787522331E0);
#538=CARTESIAN_POINT('',(6.207086214187E1,-1.364636686966E2,-2.124469797861E0));
#539=LINE('',#538,#537);
#540=DIRECTION('',(-2.585225545736E-6,-3.256863482240E-2,9.994695012951E-1));
#541=VECTOR('',#540,3.410933599256E0);
#542=CARTESIAN_POINT('',(6.207087095990E1,-1.363525792458E2,-5.533593901261E0));
#543=LINE('',#542,#541);
#544=DIRECTION('',(7.054659401147E-1,-7.075339694850E-1,4.139431558541E-2));
#545=VECTOR('',#544,3.035789325021E0);
#546=CARTESIAN_POINT('',(5.992922498973E1,-1.342046551742E2,-5.659258322632E0));
#547=LINE('',#546,#545);
#548=DIRECTION('',(7.015299752388E-6,-3.258207927600E-2,9.994690630834E-1));
#549=VECTOR('',#548,3.559727351363E0);
#550=CARTESIAN_POINT('',(5.992922498973E1,-1.342046551742E2,-5.659258322632E0));
#551=LINE('',#550,#549);
#552=DIRECTION('',(5.170570327821E-1,4.738389672721E-1,-7.128314372593E-1));
#553=VECTOR('',#552,1.367835577762E0);
#554=CARTESIAN_POINT('',(5.992922498973E1,-1.342046551742E2,-5.659258322632E0));
#555=LINE('',#554,#553);
#556=DIRECTION('',(8.773806077616E-8,6.979381456176E-1,-7.161580446325E-1));
#557=VECTOR('',#556,1.348157980969E0);
#558=CARTESIAN_POINT('',(5.285786461580E1,-1.312675472271E2,-5.858868531800E0));
#559=LINE('',#558,#557);
#560=CARTESIAN_POINT('',(5.992924996229E1,-1.343206384930E2,-2.101420961932E0));
#561=CARTESIAN_POINT('',(5.947972626619E1,-1.338710290167E2,-2.096729511994E0));
#562=CARTESIAN_POINT('',(5.848305197534E1,-1.330456151652E2,-2.087767991867E0));
#563=CARTESIAN_POINT('',(5.670903717982E1,-1.320886462772E2,-2.081894052411E0));
#564=CARTESIAN_POINT('',(5.477790536433E1,-1.315114961218E2,-2.074080038860E0));
#565=CARTESIAN_POINT('',(5.349197900378E1,-1.313908735959E2,-2.074852982468E0));
#566=CARTESIAN_POINT('',(5.285786463924E1,-1.313908618168E2,-2.075214395976E0));
#568=CARTESIAN_POINT('',(5.285786461580E1,-1.312675472271E2,-5.858868531800E0));
#569=CARTESIAN_POINT('',(5.349112858572E1,-1.312675352051E2,-5.859237397093E0));
#570=CARTESIAN_POINT('',(5.477590211301E1,-1.313880059337E2,-5.852901524527E0));
#571=CARTESIAN_POINT('',(5.670726182245E1,-1.319663020576E2,-5.810945077750E0));
#572=CARTESIAN_POINT('',(5.848256119463E1,-1.329259000092E2,-5.748422976617E0));
#573=CARTESIAN_POINT('',(5.947950697451E1,-1.337536772687E2,-5.690588567416E0));
#574=CARTESIAN_POINT('',(5.992922498973E1,-1.342046551742E2,-5.659258322632E0));
#576=DIRECTION('',(4.963480891963E-1,4.883007279206E-1,7.177750159091E-1));
#577=VECTOR('',#576,1.424914647185E0);
#578=CARTESIAN_POINT('',(5.992924996229E1,-1.343206384930E2,-2.101420961932E0));
#579=LINE('',#578,#577);
#580=DIRECTION('',(8.470182042882E-8,6.916489385040E-1,7.222338581555E-1));
#581=VECTOR('',#580,1.429323724089E0);
#582=CARTESIAN_POINT('',(5.285786463924E1,-1.313908618168E2,-2.075214395976E0));
#583=LINE('',#582,#581);
#584=DIRECTION('',(-1.E0,0.E0,0.E0));
#585=VECTOR('',#584,1.057157292785E2);
#586=CARTESIAN_POINT('',(5.285786463924E1,-1.313908618168E2,-2.075214395976E0));
#587=LINE('',#586,#585);
#588=DIRECTION('',(6.191609665264E-9,-3.257410564330E-2,9.994693230117E-1));
#589=VECTOR('',#588,3.785663100117E0);
#590=CARTESIAN_POINT('',(5.285786461580E1,-1.312675472271E2,-5.858868531800E0));
#591=LINE('',#590,#589);
#592=DIRECTION('',(1.E0,0.E0,0.E0));
#593=VECTOR('',#592,1.057157292316E2);
#594=CARTESIAN_POINT('',(-5.285786461580E1,-1.312675472271E2,
-5.858868531800E0));
#595=LINE('',#594,#593);
#596=DIRECTION('',(6.191609665264E-9,3.257410564330E-2,-9.994693230117E-1));
#597=VECTOR('',#596,3.785663100117E0);
#598=CARTESIAN_POINT('',(-5.285786463924E1,-1.313908618168E2,
-2.075214395976E0));
#599=LINE('',#598,#597);
#600=DIRECTION('',(-8.773810821039E-8,6.979381456177E-1,-7.161580446325E-1));
#601=VECTOR('',#600,1.348157980969E0);
#602=CARTESIAN_POINT('',(-5.285786461580E1,-1.312675472271E2,
-5.858868531800E0));
#603=LINE('',#602,#601);
#604=DIRECTION('',(-5.170570327821E-1,4.738389672721E-1,-7.128314372593E-1));
#605=VECTOR('',#604,1.367835577762E0);
#606=CARTESIAN_POINT('',(-5.992922498973E1,-1.342046551742E2,
-5.659258322632E0));
#607=LINE('',#606,#605);
#608=CARTESIAN_POINT('',(-5.285786463924E1,-1.313908618168E2,
-2.075214395976E0));
#609=CARTESIAN_POINT('',(-5.349197900378E1,-1.313908735959E2,
-2.074852982468E0));
#610=CARTESIAN_POINT('',(-5.477790536433E1,-1.315114961218E2,
-2.074080038860E0));
#611=CARTESIAN_POINT('',(-5.670903717982E1,-1.320886462772E2,
-2.081894052411E0));
#612=CARTESIAN_POINT('',(-5.848305197534E1,-1.330456151652E2,
-2.087767991867E0));
#613=CARTESIAN_POINT('',(-5.947972626619E1,-1.338710290167E2,
-2.096729511994E0));
#614=CARTESIAN_POINT('',(-5.992924996229E1,-1.343206384930E2,
-2.101420961932E0));
#616=CARTESIAN_POINT('',(-5.992922498973E1,-1.342046551742E2,
-5.659258322632E0));
#617=CARTESIAN_POINT('',(-5.947950697451E1,-1.337536772687E2,
-5.690588567416E0));
#618=CARTESIAN_POINT('',(-5.848256119463E1,-1.329259000092E2,
-5.748422976617E0));
#619=CARTESIAN_POINT('',(-5.670726182245E1,-1.319663020576E2,
-5.810945077749E0));
#620=CARTESIAN_POINT('',(-5.477590211301E1,-1.313880059337E2,
-5.852901524527E0));
#621=CARTESIAN_POINT('',(-5.349112858572E1,-1.312675352051E2,
-5.859237397093E0));
#622=CARTESIAN_POINT('',(-5.285786461580E1,-1.312675472271E2,
-5.858868531800E0));
#624=DIRECTION('',(-8.470181048646E-8,6.916489385040E-1,7.222338581555E-1));
#625=VECTOR('',#624,1.429323724089E0);
#626=CARTESIAN_POINT('',(-5.285786463924E1,-1.313908618168E2,
-2.075214395976E0));
#627=LINE('',#626,#625);
#628=DIRECTION('',(-4.963480891963E-1,4.883007279207E-1,7.177750159091E-1));
#629=VECTOR('',#628,1.424914647185E0);
#630=CARTESIAN_POINT('',(-5.992924996229E1,-1.343206384930E2,
-2.101420961932E0));
#631=LINE('',#630,#629);
#632=DIRECTION('',(-7.068522672941E-1,-7.073202948694E-1,-7.607410011264E-3));
#633=VECTOR('',#632,3.029787522331E0);
#634=CARTESIAN_POINT('',(-5.992924996229E1,-1.343206384930E2,
-2.101420961932E0));
#635=LINE('',#634,#633);
#636=DIRECTION('',(7.015299754384E-6,3.258207927601E-2,-9.994690630834E-1));
#637=VECTOR('',#636,3.559727351363E0);
#638=CARTESIAN_POINT('',(-5.992924996229E1,-1.343206384930E2,
-2.101420961932E0));
#639=LINE('',#638,#637);
#640=DIRECTION('',(7.054659401147E-1,7.075339694851E-1,-4.139431558541E-2));
#641=VECTOR('',#640,3.035789325021E0);
#642=CARTESIAN_POINT('',(-6.207087095990E1,-1.363525792458E2,
-5.533593901261E0));
#643=LINE('',#642,#641);
#644=DIRECTION('',(-2.585225545736E-6,3.256863482240E-2,-9.994695012951E-1));
#645=VECTOR('',#644,3.410933599256E0);
#646=CARTESIAN_POINT('',(-6.207086214187E1,-1.364636686966E2,
-2.124469797861E0));
#647=LINE('',#646,#645);
#648=DIRECTION('',(-5.169264553304E-1,4.736983140178E-1,-7.130195979608E-1));
#649=VECTOR('',#648,1.367835614233E0);
#650=CARTESIAN_POINT('',(-6.207087095990E1,-1.363525792458E2,
-5.533593901261E0));
#651=LINE('',#650,#649);
#652=DIRECTION('',(1.114524305482E-8,6.977419199163E-1,-7.163492257213E-1));
#653=VECTOR('',#652,1.348158019638E0);
#654=CARTESIAN_POINT('',(-6.914213553953E1,-1.392879034285E2,
-5.387623854416E0));
#655=LINE('',#654,#653);
#656=CARTESIAN_POINT('',(-6.207086214187E1,-1.364636686966E2,
-2.124469797861E0));
#657=CARTESIAN_POINT('',(-6.252669428855E1,-1.369195333828E2,
-2.130897590207E0));
#658=CARTESIAN_POINT('',(-6.353295663988E1,-1.377491605984E2,
-2.142956268656E0));
#659=CARTESIAN_POINT('',(-6.529083924699E1,-1.386933451505E2,
-2.153709642744E0));
#660=CARTESIAN_POINT('',(-6.720148457850E1,-1.392683500719E2,
-2.163051690344E0));
#661=CARTESIAN_POINT('',(-6.849834946569E1,-1.393929770113E2,
-2.163448500552E0));
#662=CARTESIAN_POINT('',(-6.914213553687E1,-1.393929831265E2,
-2.163260869253E0));
#664=CARTESIAN_POINT('',(-6.914213553953E1,-1.392879034285E2,
-5.387623854416E0));
#665=CARTESIAN_POINT('',(-6.849919656227E1,-1.392879098871E2,
-5.387425685548E0));
#666=CARTESIAN_POINT('',(-6.720348256203E1,-1.391634376277E2,
-5.392338239799E0));
#667=CARTESIAN_POINT('',(-6.529256772224E1,-1.385875872838E2,
-5.422746724020E0));
#668=CARTESIAN_POINT('',(-6.353350586860E1,-1.376412331585E2,
-5.468009293218E0));
#669=CARTESIAN_POINT('',(-6.252689849816E1,-1.368096028226E2,
-5.510462131490E0));
#670=CARTESIAN_POINT('',(-6.207087095990E1,-1.363525792458E2,
-5.533593901261E0));
#672=DIRECTION('',(-4.962156015561E-1,4.881657372584E-1,7.179584178344E-1));
#673=VECTOR('',#672,1.424914679805E0);
#674=CARTESIAN_POINT('',(-6.207086214187E1,-1.364636686966E2,
-2.124469797861E0));
#675=LINE('',#674,#673);
#676=DIRECTION('',(1.247292224317E-8,6.914551322419E-1,7.224194073364E-1));
#677=VECTOR('',#676,1.429323757682E0);
#678=CARTESIAN_POINT('',(-6.914213553687E1,-1.393929831265E2,
-2.163260869253E0));
#679=LINE('',#678,#677);
#680=CARTESIAN_POINT('',(1.244420906791E2,-1.342706546421E2,-1.085170409093E0));
#681=CARTESIAN_POINT('',(1.244774563728E2,-1.342724276166E2,-1.085190081568E0));
#682=CARTESIAN_POINT('',(1.245458683856E2,-1.342532857451E2,-1.084977688218E0));
#683=CARTESIAN_POINT('',(1.246491606104E2,-1.341843258664E2,-1.084212526898E0));
#684=CARTESIAN_POINT('',(1.247289582930E2,-1.340843820914E2,-1.083103576124E0));
#685=CARTESIAN_POINT('',(1.247546309207E2,-1.340089699354E2,-1.082266821971E0));
#686=CARTESIAN_POINT('',(1.247546309207E2,-1.339677855612E2,-1.081809850602E0));
#688=DIRECTION('',(0.E0,9.999384478902E-1,1.109506335671E-2));
#689=VECTOR('',#688,2.185809527517E0);
#690=CARTESIAN_POINT('',(1.247546309207E2,-1.339677855612E2,-1.081809850602E0));
#691=LINE('',#690,#689);
#692=CARTESIAN_POINT('',(1.247546309207E2,-1.317821105749E2,-1.057558155409E0));
#693=CARTESIAN_POINT('',(1.247546309207E2,-1.317284537560E2,-1.056962792958E0));
#694=CARTESIAN_POINT('',(1.247176253422E2,-1.316346432996E2,-1.055921895931E0));
#695=CARTESIAN_POINT('',(1.246051955083E2,-1.315187893677E2,-1.054636410092E0));
#696=CARTESIAN_POINT('',(1.244540208626E2,-1.314662933476E2,-1.054053927570E0));
#697=CARTESIAN_POINT('',(1.243044876032E2,-1.315200792224E2,-1.054650721993E0));
#698=CARTESIAN_POINT('',(1.241934141042E2,-1.316346598598E2,-1.055922079678E0));
#699=CARTESIAN_POINT('',(1.241562968976E2,-1.317284472392E2,-1.056962720649E0));
#700=CARTESIAN_POINT('',(1.241562968976E2,-1.317821105749E2,-1.057558155409E0));
#702=DIRECTION('',(-2.006253550996E-14,-9.999384478902E-1,-1.109506335671E-2));
#703=VECTOR('',#702,1.416655906542E0);
#704=CARTESIAN_POINT('',(1.241562968976E2,-1.317821105749E2,-1.057558155409E0));
#705=LINE('',#704,#703);
#706=DIRECTION('',(-6.070993400024E-1,7.945770334054E-1,8.816425196993E-3));
#707=VECTOR('',#706,1.926013766772E0);
#708=CARTESIAN_POINT('',(1.241562968976E2,-1.331986792833E2,-1.073276042447E0));
#709=LINE('',#708,#707);
#710=CARTESIAN_POINT('',(1.229870152110E2,-1.316683129782E2,-1.056295486144E0));
#711=CARTESIAN_POINT('',(1.229547939315E2,-1.316269855101E2,-1.055836927042E0));
#712=CARTESIAN_POINT('',(1.228835927917E2,-1.315605350880E2,-1.055099610014E0));
#713=CARTESIAN_POINT('',(1.227609651541E2,-1.314978702995E2,-1.054404297418E0));
#714=CARTESIAN_POINT('',(1.226794948430E2,-1.314882704481E2,-1.054297779902E0));
#715=CARTESIAN_POINT('',(1.226383093458E2,-1.314940495715E2,-1.054361903590E0));
#717=CARTESIAN_POINT('',(1.226383093458E2,-1.314940495715E2,-1.054361903590E0));
#718=CARTESIAN_POINT('',(1.226002558542E2,-1.314878964523E2,-1.054293630140E0));
#719=CARTESIAN_POINT('',(1.225260715293E2,-1.314997364922E2,-1.054425004219E0));
#720=CARTESIAN_POINT('',(1.224126737411E2,-1.315695842986E2,-1.055200017761E0));
#721=CARTESIAN_POINT('',(1.223311270814E2,-1.316750466593E2,-1.056370201361E0));
#722=CARTESIAN_POINT('',(1.223059798057E2,-1.317520652149E2,-1.057224779716E0));
#723=CARTESIAN_POINT('',(1.223059798057E2,-1.317938822619E2,-1.057688771061E0));
#725=DIRECTION('',(0.E0,-9.999384478902E-1,-1.109506335671E-2));
#726=VECTOR('',#725,2.185810683358E0);
#727=CARTESIAN_POINT('',(1.223059798057E2,-1.317938822619E2,-1.057688771061E0));
#728=LINE('',#727,#726);
#729=CARTESIAN_POINT('',(1.223059798057E2,-1.339795584040E2,-1.081940479079E0));
#730=CARTESIAN_POINT('',(1.223059798057E2,-1.340309483411E2,-1.082510688785E0));
#731=CARTESIAN_POINT('',(1.223408254003E2,-1.341219332527E2,-1.083520234283E0));
#732=CARTESIAN_POINT('',(1.224606586546E2,-1.342420068608E2,-1.084852540579E0));
#733=CARTESIAN_POINT('',(1.225528161457E2,-1.342777829356E2,-1.085249502830E0));
#734=CARTESIAN_POINT('',(1.226051344433E2,-1.342777829491E2,-1.085249502979E0));
#736=CARTESIAN_POINT('',(1.226051344433E2,-1.342777829491E2,-1.085249502979E0));
#737=CARTESIAN_POINT('',(1.226570168395E2,-1.342777829625E2,-1.085249503128E0));
#738=CARTESIAN_POINT('',(1.227486825934E2,-1.342425787719E2,-1.084858886360E0));
#739=CARTESIAN_POINT('',(1.228689608085E2,-1.341229403591E2,-1.083531408880E0));
#740=CARTESIAN_POINT('',(1.229044124295E2,-1.340314144151E2,-1.082515860223E0));
#741=CARTESIAN_POINT('',(1.229044124295E2,-1.339795584039E2,-1.081940479078E0));
#743=DIRECTION('',(3.862705083161E-14,9.999384478902E-1,1.109506335671E-2));
#744=VECTOR('',#743,1.471596138898E0);
#745=CARTESIAN_POINT('',(1.229044124295E2,-1.339795584039E2,-1.081940479078E0));
#746=LINE('',#745,#744);
#747=DIRECTION('',(6.074988005147E-1,-7.942717027229E-1,-8.813037325195E-3));
#748=VECTOR('',#747,1.995918537414E0);
#749=CARTESIAN_POINT('',(1.229044124295E2,-1.325080528448E2,-1.065613026681E0));
#750=LINE('',#749,#748);
#751=CARTESIAN_POINT('',(1.241169305469E2,-1.340933544600E2,-1.083203131249E0));
#752=CARTESIAN_POINT('',(1.241472034881E2,-1.341321486549E2,-1.083633581795E0));
#753=CARTESIAN_POINT('',(1.242155382875E2,-1.341942669767E2,-1.084322830935E0));
#754=CARTESIAN_POINT('',(1.243284423743E2,-1.342541387450E2,-1.084987152889E0));
#755=CARTESIAN_POINT('',(1.244038304507E2,-1.342721432540E2,-1.085186926353E0));
#756=CARTESIAN_POINT('',(1.244420906791E2,-1.342706546421E2,-1.085170409093E0));
#758=CARTESIAN_POINT('',(1.264982373490E2,-1.342777829491E2,-1.085249502979E0));
#759=CARTESIAN_POINT('',(1.266327226846E2,-1.342777829490E2,-1.085249502978E0));
#760=CARTESIAN_POINT('',(1.268887352086E2,-1.342501310285E2,-1.084942684283E0));
#761=CARTESIAN_POINT('',(1.272710443740E2,-1.340974595174E2,-1.083248679924E0));
#762=CARTESIAN_POINT('',(1.275411663495E2,-1.338190895682E2,-1.080159957584E0));
#763=CARTESIAN_POINT('',(1.276856109430E2,-1.334361020553E2,-1.075910425296E0));
#764=CARTESIAN_POINT('',(1.277134669851E2,-1.331802826532E2,-1.073071918107E0));
#765=CARTESIAN_POINT('',(1.277134669851E2,-1.330464413002E2,-1.071586848406E0));
#767=DIRECTION('',(0.E0,9.999384478902E-1,1.109506335671E-2));
#768=VECTOR('',#767,1.262591722280E0);
#769=CARTESIAN_POINT('',(1.277134669851E2,-1.330464413002E2,-1.071586848406E0));
#770=LINE('',#769,#768);
#771=CARTESIAN_POINT('',(1.277134669851E2,-1.317839272931E2,-1.057578313254E0));
#772=CARTESIAN_POINT('',(1.277134669851E2,-1.317305897298E2,-1.056986493181E0));
#773=CARTESIAN_POINT('',(1.276770874628E2,-1.316369545189E2,-1.055947540634E0));
#774=CARTESIAN_POINT('',(1.275619876673E2,-1.315190887621E2,-1.054639732097E0));
#775=CARTESIAN_POINT('',(1.274072556273E2,-1.314661572650E2,-1.054052417633E0));
#776=CARTESIAN_POINT('',(1.272541201718E2,-1.315203037247E2,-1.054653213014E0));
#777=CARTESIAN_POINT('',(1.271403797703E2,-1.316369178412E2,-1.055947133668E0));
#778=CARTESIAN_POINT('',(1.271038431757E2,-1.317305597129E2,-1.056986160121E0));
#779=CARTESIAN_POINT('',(1.271038431757E2,-1.317839272931E2,-1.057578313253E0));
#781=DIRECTION('',(0.E0,-9.999384478902E-1,-1.109506335671E-2));
#782=VECTOR('',#781,1.285973200283E0);
#783=CARTESIAN_POINT('',(1.271038431757E2,-1.317839272931E2,-1.057578313253E0));
#784=LINE('',#783,#782);
#785=CARTESIAN_POINT('',(1.271038431757E2,-1.330698213390E2,-1.071846267385E0));
#786=CARTESIAN_POINT('',(1.271038431757E2,-1.331769077943E2,-1.073034471528E0));
#787=CARTESIAN_POINT('',(1.270738081748E2,-1.333679383753E2,-1.075154098395E0));
#788=CARTESIAN_POINT('',(1.269425320047E2,-1.336004498175E2,-1.077733986375E0));
#789=CARTESIAN_POINT('',(1.266672561576E2,-1.337330251463E2,-1.079205008592E0));
#790=CARTESIAN_POINT('',(1.263341651227E2,-1.337287515333E2,-1.079157589666E0));
#791=CARTESIAN_POINT('',(1.260646566717E2,-1.335897911480E2,-1.077615720481E0));
#792=CARTESIAN_POINT('',(1.259359914879E2,-1.333516821076E2,-1.074973722972E0));
#793=CARTESIAN_POINT('',(1.259083829888E2,-1.331583259706E2,-1.072828292326E0));
#794=CARTESIAN_POINT('',(1.259083829888E2,-1.330503382299E2,-1.071630087749E0));
#796=DIRECTION('',(-2.244134126680E-14,9.999384478902E-1,1.109506335671E-2));
#797=VECTOR('',#796,1.266488891751E0);
#798=CARTESIAN_POINT('',(1.259083829888E2,-1.330503382299E2,-1.071630087749E0));
#799=LINE('',#798,#797);
#800=CARTESIAN_POINT('',(1.259083829888E2,-1.317839272932E2,-1.057578313254E0));
#801=CARTESIAN_POINT('',(1.259083829888E2,-1.317305767184E2,-1.056986348810E0));
#802=CARTESIAN_POINT('',(1.258719878714E2,-1.316369260974E2,-1.055947225277E0));
#803=CARTESIAN_POINT('',(1.257569128503E2,-1.315190787438E2,-1.054639620936E0));
#804=CARTESIAN_POINT('',(1.256022143205E2,-1.314661585055E2,-1.054052431397E0));
#805=CARTESIAN_POINT('',(1.254491211408E2,-1.315203094346E2,-1.054653276369E0));
#806=CARTESIAN_POINT('',(1.253354065808E2,-1.316369010792E2,-1.055946947680E0));
#807=CARTESIAN_POINT('',(1.252988577802E2,-1.317305518045E2,-1.056986072372E0));
#808=CARTESIAN_POINT('',(1.252988577802E2,-1.317839272932E2,-1.057578313254E0));
#810=DIRECTION('',(0.E0,-9.999384478902E-1,-1.109506335671E-2));
#811=VECTOR('',#810,1.282076800443E0);
#812=CARTESIAN_POINT('',(1.252988577802E2,-1.317839272932E2,-1.057578313254E0));
#813=LINE('',#812,#811);
#814=CARTESIAN_POINT('',(1.252988577802E2,-1.330659251791E2,-1.071803036583E0));
#815=CARTESIAN_POINT('',(1.252988577802E2,-1.332361727408E2,-1.073692060340E0));
#816=CARTESIAN_POINT('',(1.253427868823E2,-1.335485411591E2,-1.077158021068E0));
#817=CARTESIAN_POINT('',(1.255713816117E2,-1.339918821185E2,-1.082077219889E0));
#818=CARTESIAN_POINT('',(1.260133976962E2,-1.342341851174E2,-1.084765752498E0));
#819=CARTESIAN_POINT('',(1.263265839671E2,-1.342777829493E2,-1.085249502982E0));
#820=CARTESIAN_POINT('',(1.264982373490E2,-1.342777829491E2,-1.085249502979E0));
#822=CARTESIAN_POINT('',(1.293223847820E2,-1.334332909542E2,-1.075879234032E0));
#823=CARTESIAN_POINT('',(1.294425991423E2,-1.334330495494E2,-1.075876555466E0));
#824=CARTESIAN_POINT('',(1.296673414981E2,-1.333814277565E2,-1.075303773146E0));
#825=CARTESIAN_POINT('',(1.299712057433E2,-1.332187909061E2,-1.073499195912E0));
#826=CARTESIAN_POINT('',(1.302079844466E2,-1.330140033111E2,-1.071226924707E0));
#827=CARTESIAN_POINT('',(1.303896164153E2,-1.327486237511E2,-1.068282340431E0));
#828=CARTESIAN_POINT('',(1.304344258530E2,-1.325644007413E2,-1.066238248647E0));
#829=CARTESIAN_POINT('',(1.304342315299E2,-1.324675992757E2,-1.065164164141E0));
#831=CARTESIAN_POINT('',(1.304342315299E2,-1.324675992757E2,-1.065164164141E0));
#832=CARTESIAN_POINT('',(1.304344575703E2,-1.323573452813E2,-1.063940813787E0));
#833=CARTESIAN_POINT('',(1.303770147163E2,-1.321457508069E2,-1.061593015176E0));
#834=CARTESIAN_POINT('',(1.301301666524E2,-1.318257895878E2,-1.058042806656E0));
#835=CARTESIAN_POINT('',(1.297766653353E2,-1.315902894407E2,-1.055429756764E0));
#836=CARTESIAN_POINT('',(1.295189432261E2,-1.315176716915E2,-1.054624008641E0));
#837=CARTESIAN_POINT('',(1.293799090040E2,-1.315173865500E2,-1.054620844783E0));
#839=CARTESIAN_POINT('',(1.293799090040E2,-1.315173865500E2,-1.054620844783E0));
#840=CARTESIAN_POINT('',(1.292893159094E2,-1.315172007551E2,-1.054618783250E0));
#841=CARTESIAN_POINT('',(1.291078414696E2,-1.315174738449E2,-1.054621813385E0));
#842=CARTESIAN_POINT('',(1.288347674841E2,-1.315173616231E2,-1.054620568200E0));
#843=CARTESIAN_POINT('',(1.286521429983E2,-1.315173865500E2,-1.054620844783E0));
#844=CARTESIAN_POINT('',(1.285606869881E2,-1.315173865500E2,-1.054620844783E0));
#846=CARTESIAN_POINT('',(1.285606869881E2,-1.315173865500E2,-1.054620844783E0));
#847=CARTESIAN_POINT('',(1.285228076154E2,-1.315173865500E2,-1.054620844783E0));
#848=CARTESIAN_POINT('',(1.284517251330E2,-1.315381416565E2,-1.054851138179E0));
#849=CARTESIAN_POINT('',(1.283502320191E2,-1.316096078137E2,-1.055644108531E0));
#850=CARTESIAN_POINT('',(1.282784059674E2,-1.317105192213E2,-1.056763795911E0));
#851=CARTESIAN_POINT('',(1.282576938446E2,-1.317810390536E2,-1.057546266080E0));
#852=CARTESIAN_POINT('',(1.282576938446E2,-1.318185920954E2,-1.057962945105E0));
#854=DIRECTION('',(0.E0,-9.999384478902E-1,-1.109506335671E-2));
#855=VECTOR('',#854,2.158278542143E0);
#856=CARTESIAN_POINT('',(1.282576938446E2,-1.318185920954E2,-1.057962945105E0));
#857=LINE('',#856,#855);
#858=CARTESIAN_POINT('',(1.282576938446E2,-1.339767377909E2,-1.081909182272E0));
#859=CARTESIAN_POINT('',(1.282576938446E2,-1.340139382529E2,-1.082321949161E0));
#860=CARTESIAN_POINT('',(1.282780448657E2,-1.340839731363E2,-1.083099038462E0));
#861=CARTESIAN_POINT('',(1.283493668849E2,-1.341848536495E2,-1.084218383044E0));
#862=CARTESIAN_POINT('',(1.284506897254E2,-1.342566968249E2,-1.085015536694E0));
#863=CARTESIAN_POINT('',(1.285220730384E2,-1.342777829941E2,-1.085249503479E0));
#864=CARTESIAN_POINT('',(1.285602011825E2,-1.342777829491E2,-1.085249502979E0));
#866=CARTESIAN_POINT('',(1.285602011825E2,-1.342777829491E2,-1.085249502979E0));
#867=CARTESIAN_POINT('',(1.285979490080E2,-1.342777829046E2,-1.085249502485E0));
#868=CARTESIAN_POINT('',(1.286688184408E2,-1.342570864953E2,-1.085019860377E0));
#869=CARTESIAN_POINT('',(1.287701359958E2,-1.341857282438E2,-1.084228087321E0));
#870=CARTESIAN_POINT('',(1.288419269732E2,-1.340848902677E2,-1.083109214719E0));
#871=CARTESIAN_POINT('',(1.288626834185E2,-1.340143300300E2,-1.082326296220E0));
#872=CARTESIAN_POINT('',(1.288626834185E2,-1.339767377909E2,-1.081909182272E0));
#874=DIRECTION('',(2.091830007794E-13,9.999384478902E-1,1.109506335671E-2));
#875=VECTOR('',#874,5.434802890199E-1);
#876=CARTESIAN_POINT('',(1.288626834185E2,-1.339767377909E2,-1.081909182272E0));
#877=LINE('',#876,#875);
#878=DIRECTION('',(1.E0,-6.182646319595E-14,0.E0));
#879=VECTOR('',#878,4.597013634813E-1);
#880=CARTESIAN_POINT('',(1.288626834185E2,-1.334332909542E2,-1.075879234032E0));
#881=LINE('',#880,#879);
#882=CARTESIAN_POINT('',(1.328542148268E2,-1.342777829491E2,-1.085249502979E0));
#883=CARTESIAN_POINT('',(1.328913880128E2,-1.342777828800E2,-1.085249502213E0));
#884=CARTESIAN_POINT('',(1.329613686095E2,-1.342574464459E2,-1.085023854298E0));
#885=CARTESIAN_POINT('',(1.330621598140E2,-1.341862057483E2,-1.084233385590E0));
#886=CARTESIAN_POINT('',(1.331339354243E2,-1.340850075431E2,-1.083110515977E0));
#887=CARTESIAN_POINT('',(1.331549960747E2,-1.340137137081E2,-1.082319457669E0));
#888=CARTESIAN_POINT('',(1.331549960747E2,-1.339756341229E2,-1.081896936252E0));
#890=DIRECTION('',(0.E0,9.999384478902E-1,1.109506335671E-2));
#891=VECTOR('',#890,2.189735205682E0);
#892=CARTESIAN_POINT('',(1.331549960747E2,-1.339756341229E2,-1.081896936252E0));
#893=LINE('',#892,#891);
#894=CARTESIAN_POINT('',(1.331549960747E2,-1.317860337001E2,-1.057601685411E0));
#895=CARTESIAN_POINT('',(1.331549960747E2,-1.317313517211E2,-1.056994948044E0));
#896=CARTESIAN_POINT('',(1.331170905524E2,-1.316359421265E2,-1.055936307385E0));
#897=CARTESIAN_POINT('',(1.330044231935E2,-1.315192627018E2,-1.054641662088E0));
#898=CARTESIAN_POINT('',(1.328527760446E2,-1.314660595374E2,-1.054051333271E0));
#899=CARTESIAN_POINT('',(1.327027714230E2,-1.315205719218E2,-1.054656188861E0));
#900=CARTESIAN_POINT('',(1.325914193742E2,-1.316359809228E2,-1.055936737859E0));
#901=CARTESIAN_POINT('',(1.325534328769E2,-1.317313556398E2,-1.056994991525E0));
#902=CARTESIAN_POINT('',(1.325534328769E2,-1.317860337001E2,-1.057601685411E0));
#904=DIRECTION('',(0.E0,-9.999384478902E-1,-1.109506335671E-2));
#905=VECTOR('',#904,8.083973043897E-1);
#906=CARTESIAN_POINT('',(1.325534328769E2,-1.317860337001E2,-1.057601685411E0));
#907=LINE('',#906,#905);
#908=DIRECTION('',(-1.E0,0.E0,0.E0));
#909=VECTOR('',#908,1.109431029400E0);
#910=CARTESIAN_POINT('',(1.325534328769E2,-1.325943812459E2,-1.066570904721E0));
#911=LINE('',#910,#909);
#912=DIRECTION('',(0.E0,9.999384478902E-1,1.109506335671E-2));
#913=VECTOR('',#912,8.083973043721E-1);
#914=CARTESIAN_POINT('',(1.314440018475E2,-1.325943812459E2,-1.066570904721E0));
#915=LINE('',#914,#913);
#916=CARTESIAN_POINT('',(1.314440018475E2,-1.317860337001E2,-1.057601685411E0));
#917=CARTESIAN_POINT('',(1.314440018475E2,-1.317313657808E2,-1.056995104047E0));
#918=CARTESIAN_POINT('',(1.314061109201E2,-1.316359729733E2,-1.055936649653E0));
#919=CARTESIAN_POINT('',(1.312934181075E2,-1.315192797292E2,-1.054641851019E0));
#920=CARTESIAN_POINT('',(1.311417442653E2,-1.314660584599E2,-1.054051321316E0));
#921=CARTESIAN_POINT('',(1.309916957622E2,-1.315205577047E2,-1.054656031111E0));
#922=CARTESIAN_POINT('',(1.308803186114E2,-1.316359880210E2,-1.055936816619E0));
#923=CARTESIAN_POINT('',(1.308423400490E2,-1.317313592734E2,-1.056995031841E0));
#924=CARTESIAN_POINT('',(1.308423400490E2,-1.317860337001E2,-1.057601685411E0));
#926=DIRECTION('',(0.E0,-9.999384478902E-1,-1.109506335671E-2));
#927=VECTOR('',#926,2.189735205766E0);
#928=CARTESIAN_POINT('',(1.308423400490E2,-1.317860337001E2,-1.057601685411E0));
#929=LINE('',#928,#927);
#930=CARTESIAN_POINT('',(1.308423400490E2,-1.339756341230E2,-1.081896936253E0));
#931=CARTESIAN_POINT('',(1.308423400490E2,-1.340303167577E2,-1.082503680896E0));
#932=CARTESIAN_POINT('',(1.308802430770E2,-1.341257277991E2,-1.083562337608E0));
#933=CARTESIAN_POINT('',(1.309929378062E2,-1.342424224444E2,-1.084857151789E0));
#934=CARTESIAN_POINT('',(1.311446221377E2,-1.342956066518E2,-1.085447270262E0));
#935=CARTESIAN_POINT('',(1.312946459682E2,-1.342410823073E2,-1.084842281968E0));
#936=CARTESIAN_POINT('',(1.314060230832E2,-1.341256663859E2,-1.083561656183E0));
#937=CARTESIAN_POINT('',(1.314440018475E2,-1.340303029492E2,-1.082503527680E0));
#938=CARTESIAN_POINT('',(1.314440018475E2,-1.339756341230E2,-1.081896936253E0));
#940=DIRECTION('',(0.E0,9.999384478902E-1,1.109506335671E-2));
#941=VECTOR('',#940,8.240934679745E-1);
#942=CARTESIAN_POINT('',(1.314440018475E2,-1.339756341230E2,-1.081896936253E0));
#943=LINE('',#942,#941);
#944=DIRECTION('',(1.E0,2.561827520344E-14,0.E0));
#945=VECTOR('',#944,1.109431029400E0);
#946=CARTESIAN_POINT('',(1.314440018475E2,-1.331515913797E2,-1.072753567014E0));
#947=LINE('',#946,#945);
#948=DIRECTION('',(0.E0,-9.999384478902E-1,-1.109506335671E-2));
#949=VECTOR('',#948,8.240934679588E-1);
#950=CARTESIAN_POINT('',(1.325534328769E2,-1.331515913797E2,-1.072753567014E0));
#951=LINE('',#950,#949);
#952=CARTESIAN_POINT('',(1.325534328769E2,-1.339756341230E2,-1.081896936253E0));
#953=CARTESIAN_POINT('',(1.325534328769E2,-1.340133393855E2,-1.082315304281E0));
#954=CARTESIAN_POINT('',(1.325741070474E2,-1.340841292670E2,-1.083100770848E0));
#955=CARTESIAN_POINT('',(1.326454022023E2,-1.341853324054E2,-1.084223695198E0));
#956=CARTESIAN_POINT('',(1.327461533988E2,-1.342570445898E2,-1.085019395405E0));
#957=CARTESIAN_POINT('',(1.328166539798E2,-1.342777830190E2,-1.085249503754E0));
#958=CARTESIAN_POINT('',(1.328542148268E2,-1.342777829491E2,-1.085249502979E0));
#960=CARTESIAN_POINT('',(1.345320048991E2,-1.339760582551E2,-1.081901642315E0));
#961=CARTESIAN_POINT('',(1.345320048991E2,-1.340131722868E2,-1.082313450195E0));
#962=CARTESIAN_POINT('',(1.345522847961E2,-1.340831347225E2,-1.083089735634E0));
#963=CARTESIAN_POINT('',(1.346238979159E2,-1.341842674965E2,-1.084211879240E0));
#964=CARTESIAN_POINT('',(1.347258892101E2,-1.342564532397E2,-1.085012833935E0));
#965=CARTESIAN_POINT('',(1.347979654837E2,-1.342777829129E2,-1.085249502578E0));
#966=CARTESIAN_POINT('',(1.348365084949E2,-1.342777829491E2,-1.085249502979E0));
#968=CARTESIAN_POINT('',(1.348365084949E2,-1.342777829491E2,-1.085249502979E0));
#969=CARTESIAN_POINT('',(1.348746887122E2,-1.342777829850E2,-1.085249503377E0));
#970=CARTESIAN_POINT('',(1.349462770344E2,-1.342568295905E2,-1.085017009827E0));
#971=CARTESIAN_POINT('',(1.350482617827E2,-1.341851289119E2,-1.084221437286E0));
#972=CARTESIAN_POINT('',(1.351203462825E2,-1.340840559750E2,-1.083099957619E0));
#973=CARTESIAN_POINT('',(1.351410371040E2,-1.340135662597E2,-1.082317821619E0));
#974=CARTESIAN_POINT('',(1.351410371040E2,-1.339760582551E2,-1.081901642315E0));
#976=DIRECTION('',(0.E0,9.999384478902E-1,1.109506335671E-2));
#977=VECTOR('',#976,7.915889295897E-1);
#978=CARTESIAN_POINT('',(1.351410371040E2,-1.339760582551E2,-1.081901642315E0));
#979=LINE('',#978,#977);
#980=DIRECTION('',(5.988534600327E-1,8.008093280709E-1,8.885577157613E-3));
#981=VECTOR('',#980,1.492421669559E0);
#982=CARTESIAN_POINT('',(1.351410371040E2,-1.331845180494E2,-1.073118912988E0));
#983=LINE('',#982,#981);
#984=CARTESIAN_POINT('',(1.360347789846E2,-1.319893728550E2,-1.059857885092E0));
#985=CARTESIAN_POINT('',(1.360772796377E2,-1.319303308612E2,-1.059202770106E0));
#986=CARTESIAN_POINT('',(1.361336063906E2,-1.318219291882E2,-1.057999972641E0));
#987=CARTESIAN_POINT('',(1.360821003369E2,-1.316339234724E2,-1.055913908911E0));
#988=CARTESIAN_POINT('',(1.359601768972E2,-1.315205460657E2,-1.054655901968E0));
#989=CARTESIAN_POINT('',(1.358034166598E2,-1.314648026181E2,-1.054037386814E0));
#990=CARTESIAN_POINT('',(1.356426242665E2,-1.315283860735E2,-1.054742892706E0));
#991=CARTESIAN_POINT('',(1.355614788565E2,-1.316102733631E2,-1.055651493298E0));
#992=CARTESIAN_POINT('',(1.355245940355E2,-1.316641363752E2,-1.056249143616E0));
#994=DIRECTION('',(-5.771874773857E-1,-8.165614036057E-1,-9.060358191813E-3));
#995=VECTOR('',#994,1.185301753202E0);
#996=CARTESIAN_POINT('',(1.355245940355E2,-1.316641363752E2,-1.056249143616E0));
#997=LINE('',#996,#995);
#998=DIRECTION('',(-5.735598009155E-1,8.191132710411E-1,9.088673065527E-3));
#999=VECTOR('',#998,1.172040450826E0);
#1000=CARTESIAN_POINT('',(1.348404527066E2,-1.326320080385E2,
-1.066988402065E0));
#1001=LINE('',#1000,#999);
#1002=CARTESIAN_POINT('',(1.341682174190E2,-1.316719741510E2,
-1.056336109588E0));
#1003=CARTESIAN_POINT('',(1.341307989043E2,-1.316173314008E2,
-1.055729807493E0));
#1004=CARTESIAN_POINT('',(1.340479894182E2,-1.315341310908E2,
-1.054806637960E0));
#1005=CARTESIAN_POINT('',(1.338841557842E2,-1.314689248510E2,
-1.054083126064E0));
#1006=CARTESIAN_POINT('',(1.337234264083E2,-1.315222903743E2,
-1.054675256373E0));
#1007=CARTESIAN_POINT('',(1.335981255085E2,-1.316347446538E2,
-1.055923020532E0));
#1008=CARTESIAN_POINT('',(1.335420703908E2,-1.318230137380E2,
-1.058012006530E0));
#1009=CARTESIAN_POINT('',(1.335955838030E2,-1.319362004297E2,
-1.059267897348E0));
#1010=CARTESIAN_POINT('',(1.336401410312E2,-1.319958522840E2,
-1.059929779192E0));
#1012=DIRECTION('',(5.963529444886E-1,-8.026729372642E-1,-8.906255292468E-3));
#1013=VECTOR('',#1012,1.495530249567E0);
#1014=CARTESIAN_POINT('',(1.336401410312E2,-1.319958522840E2,
-1.059929779192E0));
#1015=LINE('',#1014,#1013);
#1016=DIRECTION('',(0.E0,-9.999384478902E-1,-1.109506335671E-2));
#1017=VECTOR('',#1016,7.798323132331E-1);
#1018=CARTESIAN_POINT('',(1.345320048991E2,-1.331962739422E2,
-1.073249353392E0));
#1019=LINE('',#1018,#1017);
#1020=CARTESIAN_POINT('',(1.389554565575E2,-1.342777829491E2,
-1.085249502979E0));
#1021=CARTESIAN_POINT('',(1.390679839702E2,-1.342777829491E2,
-1.085249502980E0));
#1022=CARTESIAN_POINT('',(1.392775829237E2,-1.342304269522E2,
-1.084724052851E0));
#1023=CARTESIAN_POINT('',(1.395578052756E2,-1.340846816335E2,
-1.083106899767E0));
#1024=CARTESIAN_POINT('',(1.397744023091E2,-1.339023043366E2,
-1.081083287544E0));
#1025=CARTESIAN_POINT('',(1.399374535782E2,-1.336660882825E2,
-1.078462294131E0));
#1026=CARTESIAN_POINT('',(1.399752995122E2,-1.335054297389E2,
-1.076679667687E0));
#1027=CARTESIAN_POINT('',(1.399746353970E2,-1.334215484994E2,
-1.075748942732E0));
#1029=CARTESIAN_POINT('',(1.399746353970E2,-1.334215484994E2,
-1.075748942732E0));
#1030=CARTESIAN_POINT('',(1.399753406571E2,-1.333301662981E2,
-1.074734989008E0));
#1031=CARTESIAN_POINT('',(1.399252471218E2,-1.331572319377E2,
-1.072816153214E0));
#1032=CARTESIAN_POINT('',(1.397310623751E2,-1.329190132388E2,
-1.070172938962E0));
#1033=CARTESIAN_POINT('',(1.394533563575E2,-1.327249327524E2,
-1.068019471118E0));
#1034=CARTESIAN_POINT('',(1.392234965505E2,-1.326264019757E2,
-1.066926198615E0));
#1035=CARTESIAN_POINT('',(1.390941878179E2,-1.325930291084E2,
-1.066555901745E0));
#1037=CARTESIAN_POINT('',(1.390941878179E2,-1.325930291084E2,
-1.066555901745E0));
#1038=CARTESIAN_POINT('',(1.390363920474E2,-1.325783609676E2,
-1.066393147776E0));
#1039=CARTESIAN_POINT('',(1.389245916343E2,-1.325533992051E2,
-1.066116178391E0));
#1040=CARTESIAN_POINT('',(1.387725658592E2,-1.325039980331E2,
-1.065568035519E0));
#1041=CARTESIAN_POINT('',(1.386409066941E2,-1.324429503792E2,
-1.064890666238E0));
#1042=CARTESIAN_POINT('',(1.385216071835E2,-1.323455178267E2,
-1.063809579352E0));
#1043=CARTESIAN_POINT('',(1.384941406370E2,-1.322696236648E2,
-1.062967476983E0));
#1044=CARTESIAN_POINT('',(1.384950841908E2,-1.322277831779E2,
-1.062503225555E0));
#1046=CARTESIAN_POINT('',(1.384950841908E2,-1.322277831779E2,
-1.062503225555E0));
#1047=CARTESIAN_POINT('',(1.384941035438E2,-1.321877599994E2,
-1.062059138519E0));
#1048=CARTESIAN_POINT('',(1.385209353649E2,-1.321173541745E2,
-1.061277933347E0));
#1049=CARTESIAN_POINT('',(1.386399140131E2,-1.320335209549E2,
-1.060347741208E0));
#1050=CARTESIAN_POINT('',(1.387693325742E2,-1.319922482655E2,
-1.059889789916E0));
#1051=CARTESIAN_POINT('',(1.389259776856E2,-1.319746031387E2,
-1.059694004066E0));
#1052=CARTESIAN_POINT('',(1.390898564690E2,-1.320038509838E2,
-1.060018530736E0));
#1053=CARTESIAN_POINT('',(1.392505451673E2,-1.320747960936E2,
-1.060805719677E0));
#1054=CARTESIAN_POINT('',(1.393980885121E2,-1.321515089108E2,
-1.061656905636E0));
#1055=CARTESIAN_POINT('',(1.395402614254E2,-1.322225341680E2,
-1.062444983872E0));
#1056=CARTESIAN_POINT('',(1.396869905858E2,-1.322029454977E2,
-1.062227632956E0));
#1057=CARTESIAN_POINT('',(1.398188420143E2,-1.320953243484E2,
-1.061033495984E0));
#1058=CARTESIAN_POINT('',(1.398895548888E2,-1.319588321172E2,
-1.059519012812E0));
#1059=CARTESIAN_POINT('',(1.398592739308E2,-1.318166882479E2,
-1.057941820496E0));
#1060=CARTESIAN_POINT('',(1.397510596543E2,-1.316930908820E2,
-1.056570415479E0));
#1061=CARTESIAN_POINT('',(1.396050464757E2,-1.315958718161E2,
-1.055491697386E0));
#1062=CARTESIAN_POINT('',(1.394219291675E2,-1.315321166580E2,
-1.054784286325E0));
#1063=CARTESIAN_POINT('',(1.392216769844E2,-1.314861826213E2,
-1.054274613906E0));
#1064=CARTESIAN_POINT('',(1.389975842913E2,-1.314507194177E2,
-1.053881123195E0));
#1065=CARTESIAN_POINT('',(1.387450743727E2,-1.314458097622E2,
-1.053826646902E0));
#1066=CARTESIAN_POINT('',(1.384566042667E2,-1.314973314157E2,
-1.054398318100E0));
#1067=CARTESIAN_POINT('',(1.381758690148E2,-1.316324131377E2,
-1.055897150620E0));
#1068=CARTESIAN_POINT('',(1.379509223800E2,-1.319203217009E2,
-1.059091711002E0));
#1069=CARTESIAN_POINT('',(1.378878481506E2,-1.321517456435E2,
-1.061659532362E0));
#1070=CARTESIAN_POINT('',(1.378886112112E2,-1.322828564202E2,
-1.063114304281E0));
#1072=CARTESIAN_POINT('',(1.378886112112E2,-1.322828564202E2,
-1.063114304281E0));
#1073=CARTESIAN_POINT('',(1.378878850598E2,-1.323772208325E2,
-1.064161347862E0));
#1074=CARTESIAN_POINT('',(1.379406763637E2,-1.325551577026E2,
-1.066135690234E0));
#1075=CARTESIAN_POINT('',(1.381452956098E2,-1.327981149122E2,
-1.068831481798E0));
#1076=CARTESIAN_POINT('',(1.384357666893E2,-1.329940526602E2,
-1.071005557346E0));
#1077=CARTESIAN_POINT('',(1.386747991900E2,-1.330932466661E2,
-1.072106188872E0));
#1078=CARTESIAN_POINT('',(1.388087632884E2,-1.331271238529E2,
-1.072482081544E0));
#1080=CARTESIAN_POINT('',(1.388087632884E2,-1.331271238529E2,
-1.072482081544E0));
#1081=CARTESIAN_POINT('',(1.388630799704E2,-1.331408595957E2,
-1.072634489860E0));
#1082=CARTESIAN_POINT('',(1.389679401707E2,-1.331651930470E2,
-1.072904487663E0));
#1083=CARTESIAN_POINT('',(1.391103550398E2,-1.332143009710E2,
-1.073449376731E0));
#1084=CARTESIAN_POINT('',(1.392333228028E2,-1.332746778746E2,
-1.074119303536E0));
#1085=CARTESIAN_POINT('',(1.393435485257E2,-1.333687531022E2,
-1.075163138397E0));
#1086=CARTESIAN_POINT('',(1.393691206964E2,-1.334410028838E2,
-1.075964803646E0));
#1087=CARTESIAN_POINT('',(1.393681819795E2,-1.334806292664E2,
-1.076404487935E0));
#1089=CARTESIAN_POINT('',(1.393681819795E2,-1.334806292664E2,
-1.076404487935E0));
#1090=CARTESIAN_POINT('',(1.393689796601E2,-1.335165513708E2,
-1.076803070493E0));
#1091=CARTESIAN_POINT('',(1.393457400099E2,-1.335811823395E2,
-1.077520199327E0));
#1092=CARTESIAN_POINT('',(1.392505679607E2,-1.336651390048E2,
-1.078451761186E0));
#1093=CARTESIAN_POINT('',(1.391366696251E2,-1.337110261124E2,
-1.078960912892E0));
#1094=CARTESIAN_POINT('',(1.390091168907E2,-1.337426688328E2,
-1.079312012491E0));
#1095=CARTESIAN_POINT('',(1.388611070183E2,-1.337522579401E2,
-1.079418410792E0));
#1096=CARTESIAN_POINT('',(1.387012892639E2,-1.337260263213E2,
-1.079127351405E0));
#1097=CARTESIAN_POINT('',(1.385394723049E2,-1.336562881932E2,
-1.078353554826E0));
#1098=CARTESIAN_POINT('',(1.383800454203E2,-1.335679431467E2,
-1.077373300602E0));
#1099=CARTESIAN_POINT('',(1.382319864682E2,-1.334706088811E2,
-1.076293304282E0));
#1100=CARTESIAN_POINT('',(1.380495943540E2,-1.334223968525E2,
-1.075758355843E0));
#1101=CARTESIAN_POINT('',(1.379059816510E2,-1.335057650024E2,
-1.076683387686E0));
#1102=CARTESIAN_POINT('',(1.377965457669E2,-1.336350553901E2,
-1.078117961029E0));
#1103=CARTESIAN_POINT('',(1.377955953502E2,-1.338228378610E2,
-1.080201547691E0));
#1104=CARTESIAN_POINT('',(1.378601758475E2,-1.339111602894E2,
-1.081181550951E0));
#1105=CARTESIAN_POINT('',(1.379126796376E2,-1.339479006633E2,
-1.081589212820E0));
#1107=CARTESIAN_POINT('',(1.379126796376E2,-1.339479006633E2,
-1.081589212820E0));
#1108=CARTESIAN_POINT('',(1.380090037893E2,-1.340163985863E2,
-1.082349248397E0));
#1109=CARTESIAN_POINT('',(1.382146509749E2,-1.341327813773E2,
-1.083640602322E0));
#1110=CARTESIAN_POINT('',(1.385869210081E2,-1.342519105155E2,
-1.084962429019E0));
#1111=CARTESIAN_POINT('',(1.388307326546E2,-1.342777829491E2,
-1.085249502979E0));
#1112=CARTESIAN_POINT('',(1.389554565575E2,-1.342777829491E2,
-1.085249502979E0));
#1114=CARTESIAN_POINT('',(1.413347664680E2,-1.342777829491E2,
-1.085249502979E0));
#1115=CARTESIAN_POINT('',(1.413720858863E2,-1.342777829934E2,
-1.085249503471E0));
#1116=CARTESIAN_POINT('',(1.414422637938E2,-1.342573459937E2,
-1.085022739706E0));
#1117=CARTESIAN_POINT('',(1.415430293731E2,-1.341862191487E2,
-1.084233534278E0));
#1118=CARTESIAN_POINT('',(1.416146500326E2,-1.340853946056E2,
-1.083114810725E0));
#1119=CARTESIAN_POINT('',(1.416355482915E2,-1.340145441120E2,
-1.082328671620E0));
#1120=CARTESIAN_POINT('',(1.416355482915E2,-1.339767377909E2,
-1.081909182271E0));
#1122=DIRECTION('',(0.E0,9.999384478902E-1,1.109506335671E-2));
#1123=VECTOR('',#1122,1.904133449060E0);
#1124=CARTESIAN_POINT('',(1.416355482915E2,-1.339767377909E2,
-1.081909182271E0));
#1125=LINE('',#1124,#1123);
#1126=DIRECTION('',(1.E0,0.E0,0.E0));
#1127=VECTOR('',#1126,5.781208686537E-1);
#1128=CARTESIAN_POINT('',(1.416355482915E2,-1.320727215452E2,
-1.060782701014E0));
#1129=LINE('',#1128,#1127);
#1130=CARTESIAN_POINT('',(1.422136691602E2,-1.320727215452E2,
-1.060782701014E0));
#1131=CARTESIAN_POINT('',(1.422793291016E2,-1.320727215452E2,
-1.060782701014E0));
#1132=CARTESIAN_POINT('',(1.423865982880E2,-1.320338079196E2,
-1.060350925296E0));
#1133=CARTESIAN_POINT('',(1.424959185542E2,-1.318848190279E2,
-1.058697782349E0));
#1134=CARTESIAN_POINT('',(1.424960288066E2,-1.317056449823E2,
-1.056709712591E0));
#1135=CARTESIAN_POINT('',(1.423865862758E2,-1.315564225949E2,
-1.055053978834E0));
#1136=CARTESIAN_POINT('',(1.422793262292E2,-1.315175469371E2,
-1.054622624398E0));
#1137=CARTESIAN_POINT('',(1.422136691600E2,-1.315175469371E2,
-1.054622624398E0));
#1139=DIRECTION('',(-1.E0,1.616773066258E-14,0.E0));
#1140=VECTOR('',#1139,1.757928185691E0);
#1141=CARTESIAN_POINT('',(1.422136691600E2,-1.315175469371E2,
-1.054622624398E0));
#1142=LINE('',#1141,#1140);
#1143=CARTESIAN_POINT('',(1.404557409743E2,-1.315175469371E2,
-1.054622624398E0));
#1144=CARTESIAN_POINT('',(1.403900810328E2,-1.315175469371E2,
-1.054622624398E0));
#1145=CARTESIAN_POINT('',(1.402828118461E2,-1.315564605629E2,
-1.055054400117E0));
#1146=CARTESIAN_POINT('',(1.401734915801E2,-1.317054494546E2,
-1.056707543066E0));
#1147=CARTESIAN_POINT('',(1.401733813278E2,-1.318846235003E2,
-1.058695612823E0));
#1148=CARTESIAN_POINT('',(1.402828238588E2,-1.320338458876E2,
-1.060351346579E0));
#1149=CARTESIAN_POINT('',(1.403900839051E2,-1.320727215452E2,
-1.060782701014E0));
#1150=CARTESIAN_POINT('',(1.404557409742E2,-1.320727215452E2,
-1.060782701014E0));
#1152=DIRECTION('',(1.E0,0.E0,0.E0));
#1153=VECTOR('',#1152,5.782441195812E-1);
#1154=CARTESIAN_POINT('',(1.404557409742E2,-1.320727215452E2,
-1.060782701014E0));
#1155=LINE('',#1154,#1153);
#1156=DIRECTION('',(0.E0,-9.999384478902E-1,-1.109506335671E-2));
#1157=VECTOR('',#1156,1.904133449065E0);
#1158=CARTESIAN_POINT('',(1.410339850938E2,-1.320727215452E2,
-1.060782701014E0));
#1159=LINE('',#1158,#1157);
#1160=CARTESIAN_POINT('',(1.410339850938E2,-1.339767377909E2,
-1.081909182271E0));
#1161=CARTESIAN_POINT('',(1.410339850938E2,-1.340141656445E2,
-1.082324472240E0));
#1162=CARTESIAN_POINT('',(1.410544918899E2,-1.340845074264E2,
-1.083104966809E0));
#1163=CARTESIAN_POINT('',(1.411256364461E2,-1.341853504525E2,
-1.084223895445E0));
#1164=CARTESIAN_POINT('',(1.412263769948E2,-1.342569516055E2,
-1.085018363675E0));
#1165=CARTESIAN_POINT('',(1.412970662940E2,-1.342777829044E2,
-1.085249502483E0));
#1166=CARTESIAN_POINT('',(1.413347664680E2,-1.342777829491E2,
-1.085249502979E0));
#1168=CARTESIAN_POINT('',(1.440646025083E2,-1.342777829491E2,
-1.085249502979E0));
#1169=CARTESIAN_POINT('',(1.441990864797E2,-1.342777829490E2,
-1.085249502978E0));
#1170=CARTESIAN_POINT('',(1.444550964963E2,-1.342501266673E2,
-1.084942635892E0));
#1171=CARTESIAN_POINT('',(1.448373967971E2,-1.340974447052E2,
-1.083248515573E0));
#1172=CARTESIAN_POINT('',(1.451075211418E2,-1.338190803315E2,
-1.080159855096E0));
#1173=CARTESIAN_POINT('',(1.452519908744E2,-1.334361024525E2,
-1.075910429703E0));
#1174=CARTESIAN_POINT('',(1.452798567950E2,-1.331802832684E2,
-1.073071924932E0));
#1175=CARTESIAN_POINT('',(1.452798567950E2,-1.330464413001E2,
-1.071586848404E0));
#1177=DIRECTION('',(0.E0,9.999384478902E-1,1.109506335671E-2));
#1178=VECTOR('',#1177,1.262591722206E0);
#1179=CARTESIAN_POINT('',(1.452798567950E2,-1.330464413001E2,
-1.071586848404E0));
#1180=LINE('',#1179,#1178);
#1181=CARTESIAN_POINT('',(1.452798567950E2,-1.317839272931E2,
-1.057578313253E0));
#1182=CARTESIAN_POINT('',(1.452798567950E2,-1.317305939293E2,
-1.056986539778E0));
#1183=CARTESIAN_POINT('',(1.452434820047E2,-1.316369637459E2,
-1.055947643015E0));
#1184=CARTESIAN_POINT('',(1.451283762364E2,-1.315190934491E2,
-1.054639784102E0));
#1185=CARTESIAN_POINT('',(1.449736364235E2,-1.314661568019E2,
-1.054052412494E0));
#1186=CARTESIAN_POINT('',(1.448204887573E2,-1.315203006064E2,
-1.054653178414E0));
#1187=CARTESIAN_POINT('',(1.447067417897E2,-1.316369213860E2,-1.055947173E0));
#1188=CARTESIAN_POINT('',(1.446702083354E2,-1.317305614249E2,
-1.056986179117E0));
#1189=CARTESIAN_POINT('',(1.446702083354E2,-1.317839272931E2,
-1.057578313253E0));
#1191=DIRECTION('',(0.E0,-9.999384478902E-1,-1.109506335671E-2));
#1192=VECTOR('',#1191,1.285973199992E0);
#1193=CARTESIAN_POINT('',(1.446702083354E2,-1.317839272931E2,
-1.057578313253E0));
#1194=LINE('',#1193,#1192);
#1195=CARTESIAN_POINT('',(1.446702083354E2,-1.330698213387E2,
-1.071846267382E0));
#1196=CARTESIAN_POINT('',(1.446702083354E2,-1.331769172948E2,
-1.073034576943E0));
#1197=CARTESIAN_POINT('',(1.446401514840E2,-1.333679611666E2,
-1.075154351281E0));
#1198=CARTESIAN_POINT('',(1.445088408197E2,-1.336004616015E2,
-1.077734117127E0));
#1199=CARTESIAN_POINT('',(1.442335511250E2,-1.337330338342E2,
-1.079205104991E0));
#1200=CARTESIAN_POINT('',(1.439004720676E2,-1.337287386774E2,
-1.079157447020E0));
#1201=CARTESIAN_POINT('',(1.436310115828E2,-1.335897732924E2,
-1.077615522360E0));
#1202=CARTESIAN_POINT('',(1.435023524958E2,-1.333516688748E2,
-1.074973576145E0));
#1203=CARTESIAN_POINT('',(1.434747481485E2,-1.331583206635E2,
-1.072828233440E0));
#1204=CARTESIAN_POINT('',(1.434747481485E2,-1.330503382299E2,
-1.071630087749E0));
#1206=DIRECTION('',(2.244134126648E-14,9.999384478902E-1,1.109506335671E-2));
#1207=VECTOR('',#1206,1.266488891770E0);
#1208=CARTESIAN_POINT('',(1.434747481485E2,-1.330503382299E2,
-1.071630087749E0));
#1209=LINE('',#1208,#1207);
#1210=CARTESIAN_POINT('',(1.434747481485E2,-1.317839272932E2,
-1.057578313254E0));
#1211=CARTESIAN_POINT('',(1.434747481485E2,-1.317305897298E2,
-1.056986493181E0));
#1212=CARTESIAN_POINT('',(1.434383686261E2,-1.316369545188E2,
-1.055947540633E0));
#1213=CARTESIAN_POINT('',(1.433232688306E2,-1.315190887621E2,
-1.054639732096E0));
#1214=CARTESIAN_POINT('',(1.431685367906E2,-1.314661572651E2,
-1.054052417633E0));
#1215=CARTESIAN_POINT('',(1.430154013353E2,-1.315203037247E2,
-1.054653213014E0));
#1216=CARTESIAN_POINT('',(1.429016609339E2,-1.316369178412E2,
-1.055947133668E0));
#1217=CARTESIAN_POINT('',(1.428651243392E2,-1.317305597129E2,
-1.056986160121E0));
#1218=CARTESIAN_POINT('',(1.428651243392E2,-1.317839272931E2,
-1.057578313253E0));
#1220=DIRECTION('',(0.E0,-9.999384478902E-1,-1.109506335671E-2));
#1221=VECTOR('',#1220,1.282076800653E0);
#1222=CARTESIAN_POINT('',(1.428651243392E2,-1.317839272931E2,
-1.057578313253E0));
#1223=LINE('',#1222,#1221);
#1224=CARTESIAN_POINT('',(1.428651243392E2,-1.330659251792E2,
-1.071803036585E0));
#1225=CARTESIAN_POINT('',(1.428651243392E2,-1.332361808478E2,
-1.073692150293E0));
#1226=CARTESIAN_POINT('',(1.429090758428E2,-1.335485603578E2,
-1.077158234093E0));
#1227=CARTESIAN_POINT('',(1.431377226557E2,-1.339918949038E2,
-1.082077361752E0));
#1228=CARTESIAN_POINT('',(1.435797543051E2,-1.342341867090E2,
-1.084765770158E0));
#1229=CARTESIAN_POINT('',(1.438929479604E2,-1.342777829493E2,
-1.085249502981E0));
#1230=CARTESIAN_POINT('',(1.440646025083E2,-1.342777829491E2,
-1.085249502979E0));
#1232=CARTESIAN_POINT('',(1.469025539982E2,-1.342442270868E2,
-1.084877175643E0));
#1233=CARTESIAN_POINT('',(1.470593699986E2,-1.342440039433E2,
-1.084874699700E0));
#1234=CARTESIAN_POINT('',(1.473534336761E2,-1.341742030618E2,
-1.084100206825E0));
#1235=CARTESIAN_POINT('',(1.477555924814E2,-1.339438575016E2,
-1.081544350923E0));
#1236=CARTESIAN_POINT('',(1.480686054242E2,-1.336529906619E2,
-1.078316966256E0));
#1237=CARTESIAN_POINT('',(1.483107900801E2,-1.332794447974E2,
-1.074172196103E0));
#1238=CARTESIAN_POINT('',(1.483748856773E2,-1.330159414781E2,
-1.071248430117E0));
#1239=CARTESIAN_POINT('',(1.483746879487E2,-1.328769389078E2,
-1.069706092858E0));
#1241=CARTESIAN_POINT('',(1.483746879487E2,-1.328769389078E2,
-1.069706092858E0));
#1242=CARTESIAN_POINT('',(1.483748854570E2,-1.327388223055E2,
-1.068173586077E0));
#1243=CARTESIAN_POINT('',(1.483111083354E2,-1.324769469505E2,
-1.065267883569E0));
#1244=CARTESIAN_POINT('',(1.480689635860E2,-1.321053659053E2,
-1.061144914552E0));
#1245=CARTESIAN_POINT('',(1.477558759771E2,-1.318162556498E2,
-1.057937020498E0));
#1246=CARTESIAN_POINT('',(1.473537356080E2,-1.315872798678E2,
-1.055396363307E0));
#1247=CARTESIAN_POINT('',(1.470594845590E2,-1.315176658383E2,
-1.054623943695E0));
#1248=CARTESIAN_POINT('',(1.469025443010E2,-1.315174413360E2,
-1.054621452674E0));
#1250=CARTESIAN_POINT('',(1.469025443010E2,-1.315174413360E2,
-1.054621452674E0));
#1251=CARTESIAN_POINT('',(1.468168840499E2,-1.315173187993E2,
-1.054620093039E0));
#1252=CARTESIAN_POINT('',(1.466453565378E2,-1.315174988469E2,
-1.054622090801E0));
#1253=CARTESIAN_POINT('',(1.463874453562E2,-1.315174249052E2,
-1.054621270362E0));
#1254=CARTESIAN_POINT('',(1.462150911647E2,-1.315174413359E2,
-1.054621452674E0));
#1255=CARTESIAN_POINT('',(1.461288107287E2,-1.315174413360E2,
-1.054621452674E0));
#1257=CARTESIAN_POINT('',(1.461288107287E2,-1.315174413360E2,
-1.054621452674E0));
#1258=CARTESIAN_POINT('',(1.460903029602E2,-1.315174413360E2,
-1.054621452674E0));
#1259=CARTESIAN_POINT('',(1.460182513113E2,-1.315385947244E2,
-1.054856165306E0));
#1260=CARTESIAN_POINT('',(1.459161978812E2,-1.316101674346E2,
-1.055650317943E0));
#1261=CARTESIAN_POINT('',(1.458443580396E2,-1.317106770709E2,
-1.056765547369E0));
#1262=CARTESIAN_POINT('',(1.458239604035E2,-1.317804262782E2,
-1.057539466879E0));
#1263=CARTESIAN_POINT('',(1.458239604035E2,-1.318174703219E2,
-1.057950498192E0));
#1265=DIRECTION('',(-2.672646011895E-14,-9.999384478902E-1,-1.109506335671E-2));
#1266=VECTOR('',#1265,2.126859247645E0);
#1267=CARTESIAN_POINT('',(1.458239604035E2,-1.318174703219E2,
-1.057950498192E0));
#1268=LINE('',#1267,#1266);
#1269=CARTESIAN_POINT('',(1.458239604035E2,-1.339441986569E2,
-1.081548136295E0));
#1270=CARTESIAN_POINT('',(1.458239604035E2,-1.339808374455E2,
-1.081954670999E0));
#1271=CARTESIAN_POINT('',(1.458439353148E2,-1.340500454814E2,
-1.082722585809E0));
#1272=CARTESIAN_POINT('',(1.459153146183E2,-1.341506411647E2,
-1.083838769992E0));
#1273=CARTESIAN_POINT('',(1.460174085341E2,-1.342227071306E2,
-1.084638395668E0));
#1274=CARTESIAN_POINT('',(1.460899441268E2,-1.342442270868E2,
-1.084877175643E0));
#1275=CARTESIAN_POINT('',(1.461288093390E2,-1.342442270868E2,
-1.084877175643E0));
#1277=CARTESIAN_POINT('',(1.461288093390E2,-1.342442270868E2,
-1.084877175643E0));
#1278=CARTESIAN_POINT('',(1.462150898225E2,-1.342442270868E2,
-1.084877175643E0));
#1279=CARTESIAN_POINT('',(1.463874448985E2,-1.342442434093E2,
-1.084877356754E0));
#1280=CARTESIAN_POINT('',(1.466453597758E2,-1.342441699201E2,
-1.084876541336E0));
#1281=CARTESIAN_POINT('',(1.468168913297E2,-1.342443489816E2,
-1.084878528157E0));
#1282=CARTESIAN_POINT('',(1.469025539982E2,-1.342442270868E2,
-1.084877175643E0));
#1284=CARTESIAN_POINT('',(1.489528334675E2,-1.339756341230E2,
-1.081896936253E0));
#1285=CARTESIAN_POINT('',(1.489528334675E2,-1.340126467830E2,
-1.082307619338E0));
#1286=CARTESIAN_POINT('',(1.489730360267E2,-1.340824994652E2,
-1.083082686981E0));
#1287=CARTESIAN_POINT('',(1.490448652224E2,-1.341837943213E2,
-1.084206629008E0));
#1288=CARTESIAN_POINT('',(1.491473988077E2,-1.342562433050E2,
-1.085010504553E0));
#1289=CARTESIAN_POINT('',(1.492200645403E2,-1.342777829378E2,
-1.085249502854E0));
#1290=CARTESIAN_POINT('',(1.492589641004E2,-1.342777829491E2,
-1.085249502979E0));
#1292=CARTESIAN_POINT('',(1.492589641004E2,-1.342777829491E2,
-1.085249502979E0));
#1293=CARTESIAN_POINT('',(1.492974736725E2,-1.342777829604E2,
-1.085249503104E0));
#1294=CARTESIAN_POINT('',(1.493696056451E2,-1.342566332391E2,
-1.085014831162E0));
#1295=CARTESIAN_POINT('',(1.494720775620E2,-1.341846911656E2,
-1.084216580165E0));
#1296=CARTESIAN_POINT('',(1.495443643485E2,-1.340834724483E2,
-1.083093482955E0));
#1297=CARTESIAN_POINT('',(1.495649962463E2,-1.340130630643E2,
-1.082312238291E0));
#1298=CARTESIAN_POINT('',(1.495649962463E2,-1.339756341230E2,
-1.081896936253E0));
#1300=DIRECTION('',(-2.595903774689E-14,9.999384478902E-1,1.109506335671E-2));
#1301=VECTOR('',#1300,2.189735205713E0);
#1302=CARTESIAN_POINT('',(1.495649962463E2,-1.339756341230E2,
-1.081896936253E0));
#1303=LINE('',#1302,#1301);
#1304=CARTESIAN_POINT('',(1.495649962463E2,-1.317860337001E2,
-1.057601685411E0));
#1305=CARTESIAN_POINT('',(1.495649962463E2,-1.317321512095E2,
-1.057003818964E0));
#1306=CARTESIAN_POINT('',(1.495281378608E2,-1.316376603502E2,
-1.055955372360E0));
#1307=CARTESIAN_POINT('',(1.494126793247E2,-1.315192967003E2,
-1.054642039326E0));
#1308=CARTESIAN_POINT('',(1.492574924067E2,-1.314660457773E2,
-1.054051180593E0));
#1309=CARTESIAN_POINT('',(1.491039268991E2,-1.315205505557E2,
-1.054655951787E0));
#1310=CARTESIAN_POINT('',(1.489898383463E2,-1.316376507660E2,
-1.055955266016E0));
#1311=CARTESIAN_POINT('',(1.489528334675E2,-1.317321328890E2,
-1.057003615684E0));
#1312=CARTESIAN_POINT('',(1.489528334675E2,-1.317860337001E2,
-1.057601685411E0));
#1314=DIRECTION('',(0.E0,-9.999384478902E-1,-1.109506335671E-2));
#1315=VECTOR('',#1314,2.189735205746E0);
#1316=CARTESIAN_POINT('',(1.489528334675E2,-1.317860337001E2,
-1.057601685411E0));
#1317=LINE('',#1316,#1315);
#1318=CARTESIAN_POINT('',(1.500752380196E2,-1.328778213677E2,
-1.069715884409E0));
#1319=CARTESIAN_POINT('',(1.500792100225E2,-1.332228187769E2,
-1.073543888144E0));
#1320=CARTESIAN_POINT('',(1.504057445409E2,-1.340400722031E2,
-1.082611924843E0));
#1321=CARTESIAN_POINT('',(1.515585916971E2,-1.344727490662E2,
-1.087412797556E0));
#1322=CARTESIAN_POINT('',(1.526997645616E2,-1.340101483808E2,
-1.082279897702E0));
#1323=CARTESIAN_POINT('',(1.530048779033E2,-1.331846555677E2,
-1.073120438856E0));
#1324=CARTESIAN_POINT('',(1.529998526512E2,-1.328396718974E2,
-1.069292587565E0));
#1326=CARTESIAN_POINT('',(1.530000194328E2,-1.328396694689E2,
-1.069292508414E0));
#1327=CARTESIAN_POINT('',(1.529973496694E2,-1.326563901537E2,
-1.067258887627E0));
#1328=CARTESIAN_POINT('',(1.529275782584E2,-1.323139538821E2,
-1.063459378055E0));
#1329=CARTESIAN_POINT('',(1.525872996521E2,-1.317955916546E2,
-1.057707731564E0));
#1330=CARTESIAN_POINT('',(1.520808408178E2,-1.315043065923E2,
-1.054475714605E0));
#1331=CARTESIAN_POINT('',(1.514707735217E2,-1.314132482926E2,
-1.053465352724E0));
#1332=CARTESIAN_POINT('',(1.508796276481E2,-1.315526934592E2,
-1.055012601062E0));
#1333=CARTESIAN_POINT('',(1.504164124232E2,-1.318871464014E2,
-1.058723607578E0));
#1334=CARTESIAN_POINT('',(1.501433570158E2,-1.323564009074E2,
-1.063930330350E0));
#1335=CARTESIAN_POINT('',(1.500731024170E2,-1.326960465832E2,
-1.067698968101E0));
#1336=CARTESIAN_POINT('',(1.500751952209E2,-1.328778218603E2,
-1.069715900463E0));
#1338=DIRECTION('',(1.E0,0.E0,0.E0));
#1339=VECTOR('',#1338,4.809991262E-1);
#1340=CARTESIAN_POINT('',(1.288698566234E2,-1.320561291601E2,
-1.060598596119E0));
#1341=LINE('',#1340,#1339);
#1342=CARTESIAN_POINT('',(1.298561106613E2,-1.324600664053E2,
-1.065080581321E0));
#1343=CARTESIAN_POINT('',(1.298563436098E2,-1.324091307388E2,
-1.064515412087E0));
#1344=CARTESIAN_POINT('',(1.298257584608E2,-1.323145813410E2,
-1.063466315954E0));
#1345=CARTESIAN_POINT('',(1.297142675964E2,-1.321897366359E2,
-1.062081070776E0));
#1346=CARTESIAN_POINT('',(1.295568607988E2,-1.320944426558E2,
-1.061023712948E0));
#1347=CARTESIAN_POINT('',(1.294246606844E2,-1.320564668129E2,
-1.060602342628E0));
#1348=CARTESIAN_POINT('',(1.293508557496E2,-1.320561291601E2,
-1.060598596119E0));
#1350=CARTESIAN_POINT('',(1.293629836423E2,-1.328640032652E2,
-1.069562562250E0));
#1351=CARTESIAN_POINT('',(1.294344898874E2,-1.328636744297E2,
-1.069558913574E0));
#1352=CARTESIAN_POINT('',(1.295628945145E2,-1.328261524793E2,
-1.069142579532E0));
#1353=CARTESIAN_POINT('',(1.297179965551E2,-1.327296725387E2,
-1.068072062585E0));
#1354=CARTESIAN_POINT('',(1.298272083180E2,-1.326033032460E2,
-1.066669900970E0));
#1355=CARTESIAN_POINT('',(1.298563401821E2,-1.325099932690E2,
-1.065634557136E0));
#1356=CARTESIAN_POINT('',(1.298561106613E2,-1.324600664053E2,
-1.065080581321E0));
#1358=DIRECTION('',(-1.E0,-1.152713533857E-13,0.E0));
#1359=VECTOR('',#1358,4.931270189102E-1);
#1360=CARTESIAN_POINT('',(1.293629836423E2,-1.328640032652E2,
-1.069562562250E0));
#1361=LINE('',#1360,#1359);
#1362=DIRECTION('',(0.E0,9.999384478902E-1,1.109506335671E-2));
#1363=VECTOR('',#1362,8.079238345086E-1);
#1364=CARTESIAN_POINT('',(1.288698566234E2,-1.328640032652E2,
-1.069562562250E0));
#1365=LINE('',#1364,#1363);
#1366=DIRECTION('',(0.E0,9.999384478902E-1,1.109506335671E-2));
#1367=VECTOR('',#1366,1.649510648435E0);
#1368=CARTESIAN_POINT('',(1.464361231823E2,-1.336718773703E2,
-1.078526528381E0));
#1369=LINE('',#1368,#1367);
#1370=DIRECTION('',(1.E0,0.E0,0.E0));
#1371=VECTOR('',#1370,4.660611120922E-1);
#1372=CARTESIAN_POINT('',(1.464361231823E2,-1.320224682528E2,
-1.060225103229E0));
#1373=LINE('',#1372,#1371);
#1374=CARTESIAN_POINT('',(1.477285079100E2,-1.328510807204E2,
-1.069419176970E0));
#1375=CARTESIAN_POINT('',(1.477287468905E2,-1.327499785040E2,
-1.068297372424E0));
#1376=CARTESIAN_POINT('',(1.476759934638E2,-1.325584899708E2,
-1.066172664237E0));
#1377=CARTESIAN_POINT('',(1.474763777652E2,-1.322790880547E2,
-1.063072491453E0));
#1378=CARTESIAN_POINT('',(1.471974400719E2,-1.320773781003E2,
-1.060834368968E0));
#1379=CARTESIAN_POINT('',(1.470044800128E2,-1.320227101363E2,
-1.060227787107E0));
#1380=CARTESIAN_POINT('',(1.469021842944E2,-1.320224682528E2,
-1.060225103229E0));
#1382=CARTESIAN_POINT('',(1.469021842944E2,-1.336718773703E2,
-1.078526528381E0));
#1383=CARTESIAN_POINT('',(1.470047390149E2,-1.336716325703E2,
-1.078523812142E0));
#1384=CARTESIAN_POINT('',(1.471980497922E2,-1.336169852962E2,
-1.077917459851E0));
#1385=CARTESIAN_POINT('',(1.474768151999E2,-1.334172209243E2,
-1.075700925056E0));
#1386=CARTESIAN_POINT('',(1.476763593108E2,-1.331405547813E2,
-1.072631107718E0));
#1387=CARTESIAN_POINT('',(1.477287465479E2,-1.329510877490E2,
-1.070528829590E0));
#1388=CARTESIAN_POINT('',(1.477285079100E2,-1.328510807204E2,
-1.069419176970E0));
#1390=DIRECTION('',(-1.E0,0.E0,0.E0));
#1391=VECTOR('',#1390,4.660611120923E-1);
#1392=CARTESIAN_POINT('',(1.469021842944E2,-1.336718773703E2,
-1.078526528381E0));
#1393=LINE('',#1392,#1391);
#1394=CARTESIAN_POINT('',(1.523538199612E2,-1.328471720391E2,
-1.069375807234E0));
#1395=CARTESIAN_POINT('',(1.523538199609E2,-1.327028238488E2,
-1.067774156332E0));
#1396=CARTESIAN_POINT('',(1.522904565933E2,-1.324474473577E2,
-1.064940563571E0));
#1397=CARTESIAN_POINT('',(1.520498250885E2,-1.321386494286E2,
-1.061514220084E0));
#1398=CARTESIAN_POINT('',(1.516969024691E2,-1.319785193304E2,
-1.059737457136E0));
#1399=CARTESIAN_POINT('',(1.512912912453E2,-1.319885339926E2,
-1.059848577287E0));
#1400=CARTESIAN_POINT('',(1.509530792328E2,-1.321624574957E2,
-1.061778388356E0));
#1401=CARTESIAN_POINT('',(1.507333693318E2,-1.324817894128E2,
-1.065321614302E0));
#1402=CARTESIAN_POINT('',(1.506815313675E2,-1.327361352370E2,
-1.068143771046E0));
#1403=CARTESIAN_POINT('',(1.506879151115E2,-1.328780230109E2,
-1.069718121792E0));
#1405=CARTESIAN_POINT('',(1.506879151115E2,-1.328780230109E2,
-1.069718121792E0));
#1406=CARTESIAN_POINT('',(1.506922534064E2,-1.329951531184E2,
-1.071017767751E0));
#1407=CARTESIAN_POINT('',(1.506956037886E2,-1.329417090178E2,
-1.070424765568E0));
#1408=CARTESIAN_POINT('',(1.507061314498E2,-1.330415372724E2,
-1.071532434557E0));
#1409=CARTESIAN_POINT('',(1.507174249888E2,-1.330655253448E2,
-1.071798600123E0));
#1410=CARTESIAN_POINT('',(1.507313998716E2,-1.331171404442E2,
-1.072371308172E0));
#1411=CARTESIAN_POINT('',(1.507496302565E2,-1.331642030646E2,
-1.072893503070E0));
#1412=CARTESIAN_POINT('',(1.507722822703E2,-1.332156868266E2,
-1.073464753833E0));
#1413=CARTESIAN_POINT('',(1.508082272045E2,-1.332819483126E2,
-1.074199974472E0));
#1414=CARTESIAN_POINT('',(1.508528531608E2,-1.333482886440E2,
-1.074936069961E0));
#1415=CARTESIAN_POINT('',(1.509061069172E2,-1.334118329430E2,
-1.075641141383E0));
#1416=CARTESIAN_POINT('',(1.509591566905E2,-1.334643587415E2,
-1.076223954318E0));
#1417=CARTESIAN_POINT('',(1.510296815456E2,-1.335231481531E2,
-1.076876266716E0));
#1418=CARTESIAN_POINT('',(1.511175261645E2,-1.335798114093E2,
-1.077504987833E0));
#1419=CARTESIAN_POINT('',(1.512225751898E2,-1.336281172823E2,
-1.078040977545E0));
#1420=CARTESIAN_POINT('',(1.513622394406E2,-1.336708581235E2,
-1.078515219077E0));
#1421=CARTESIAN_POINT('',(1.515361650177E2,-1.336889174499E2,
-1.078715600781E0));
#1422=CARTESIAN_POINT('',(1.517093029510E2,-1.336644308367E2,
-1.078443903533E0));
#1423=CARTESIAN_POINT('',(1.518472895084E2,-1.336165481661E2,
-1.077912609566E0));
#1424=CARTESIAN_POINT('',(1.519504785893E2,-1.335643859210E2,
-1.077333830527E0));
#1425=CARTESIAN_POINT('',(1.520361657256E2,-1.335045090214E2,
-1.076669451639E0));
#1426=CARTESIAN_POINT('',(1.521044662746E2,-1.334431486951E2,
-1.075988613023E0));
#1427=CARTESIAN_POINT('',(1.521555355545E2,-1.333886947106E2,
-1.075384405425E0));
#1428=CARTESIAN_POINT('',(1.522064008512E2,-1.333232222256E2,
-1.074657939340E0));
#1429=CARTESIAN_POINT('',(1.522485407724E2,-1.332552750725E2,
-1.073904014967E0));
#1430=CARTESIAN_POINT('',(1.522820085403E2,-1.331877281290E2,
-1.073154531216E0));
#1431=CARTESIAN_POINT('',(1.523027394653E2,-1.331354409568E2,
-1.072574366018E0));
#1432=CARTESIAN_POINT('',(1.523192154314E2,-1.330877356065E2,
-1.072045039553E0));
#1433=CARTESIAN_POINT('',(1.523312703119E2,-1.330356384644E2,
-1.071466982880E0));
#1434=CARTESIAN_POINT('',(1.523416682421E2,-1.330112486751E2,
-1.071196359964E0));
#1435=CARTESIAN_POINT('',(1.523484937568E2,-1.329110990800E2,
-1.070085125463E0));
#1436=CARTESIAN_POINT('',(1.523538199615E2,-1.329643824506E2,
-1.070676344227E0));
#1437=CARTESIAN_POINT('',(1.523538199612E2,-1.328471720391E2,
-1.069375807234E0));
#1439=CARTESIAN_POINT('',(1.573002532038E2,-1.294027871631E2,
-1.030904524234E0));
#1440=CARTESIAN_POINT('',(1.572999958118E2,-1.300632952888E2,
-1.038233354841E0));
#1441=CARTESIAN_POINT('',(1.571587027090E2,-1.313614359418E2,
-1.053007819586E0));
#1442=CARTESIAN_POINT('',(1.564995096794E2,-1.333004433905E2,
-1.074374313264E0));
#1443=CARTESIAN_POINT('',(1.554088841602E2,-1.350500898858E2,
-1.093824973248E0));
#1444=CARTESIAN_POINT('',(1.539432929572E2,-1.365153186600E2,
-1.110082915855E0));
#1445=CARTESIAN_POINT('',(1.521934418547E2,-1.376053573305E2,
-1.122140138817E0));
#1446=CARTESIAN_POINT('',(1.502556796871E2,-1.382634019944E2,
-1.129591778091E0));
#1447=CARTESIAN_POINT('',(1.489593538484E2,-1.384044645235E2,
-1.130781638231E0));
#1448=CARTESIAN_POINT('',(1.483000000429E2,-1.384045725659E2,
-1.130782837041E0));
#1450=DIRECTION('',(-9.999999999986E-1,-1.229350392825E-6,1.177263996453E-6));
#1451=VECTOR('',#1450,7.915786452400E1);
#1452=CARTESIAN_POINT('',(1.483000000429E2,-1.384045725659E2,
-1.130782837041E0));
#1453=LINE('',#1452,#1451);
#1454=CARTESIAN_POINT('',(6.914213551904E1,-1.384046698787E2,
-1.130689647337E0));
#1455=CARTESIAN_POINT('',(6.855938362621E1,-1.384044995519E2,
-1.130687757434E0));
#1456=CARTESIAN_POINT('',(6.740827730021E1,-1.382932852510E2,
-1.129979668848E0));
#1457=CARTESIAN_POINT('',(6.567458049077E1,-1.377764937132E2,
-1.123983330871E0));
#1458=CARTESIAN_POINT('',(6.408448517259E1,-1.369166887153E2,
-1.114702877790E0));
#1459=CARTESIAN_POINT('',(6.319083916185E1,-1.361805558515E2,
-1.106017100884E0));
#1460=CARTESIAN_POINT('',(6.277792703687E1,-1.357680741714E2,
-1.101440308800E0));
#1462=DIRECTION('',(-7.067898126919E-1,7.073836250802E-1,7.521146414187E-3));
#1463=VECTOR('',#1462,3.029788168608E0);
#1464=CARTESIAN_POINT('',(6.277792703687E1,-1.357680741714E2,
-1.101440308800E0));
#1465=LINE('',#1464,#1463);
#1466=CARTESIAN_POINT('',(6.063650362469E1,-1.336248516335E2,
-1.078652828379E0));
#1467=CARTESIAN_POINT('',(6.013849660579E1,-1.331278059701E2,
-1.073137735787E0));
#1468=CARTESIAN_POINT('',(5.905687757890E1,-1.322334048712E2,
-1.062241112810E0));
#1469=CARTESIAN_POINT('',(5.709600204131E1,-1.311676538711E2,
-1.050903884929E0));
#1470=CARTESIAN_POINT('',(5.495391204703E1,-1.305345930102E2,
-1.043386165675E0));
#1471=CARTESIAN_POINT('',(5.355952788621E1,-1.304026709602E2,
-1.042912839593E0));
#1472=CARTESIAN_POINT('',(5.285786476031E1,-1.304022715803E2,
-1.042908408174E0));
#1474=DIRECTION('',(-1.E0,0.E0,0.E0));
#1475=VECTOR('',#1474,1.057157295206E2);
#1476=CARTESIAN_POINT('',(5.285786476031E1,-1.304022715803E2,
-1.042908408174E0));
#1477=LINE('',#1476,#1475);
#1478=CARTESIAN_POINT('',(-5.285786476031E1,-1.304022715803E2,
-1.042908408174E0));
#1479=CARTESIAN_POINT('',(-5.355952788621E1,-1.304026709602E2,
-1.042912839593E0));
#1480=CARTESIAN_POINT('',(-5.495391204703E1,-1.305345930102E2,
-1.043386165675E0));
#1481=CARTESIAN_POINT('',(-5.709600204131E1,-1.311676538711E2,
-1.050903884929E0));
#1482=CARTESIAN_POINT('',(-5.905687757890E1,-1.322334048712E2,
-1.062241112810E0));
#1483=CARTESIAN_POINT('',(-6.013849660579E1,-1.331278059701E2,
-1.073137735787E0));
#1484=CARTESIAN_POINT('',(-6.063650362469E1,-1.336248516335E2,
-1.078652828379E0));
#1486=DIRECTION('',(-7.067898126919E-1,-7.073836250802E-1,-7.521146414187E-3));
#1487=VECTOR('',#1486,3.029788168608E0);
#1488=CARTESIAN_POINT('',(-6.063650362469E1,-1.336248516335E2,
-1.078652828379E0));
#1489=LINE('',#1488,#1487);
#1490=CARTESIAN_POINT('',(-6.277792703687E1,-1.357680741714E2,
-1.101440308800E0));
#1491=CARTESIAN_POINT('',(-6.319083916185E1,-1.361805558515E2,
-1.106017100884E0));
#1492=CARTESIAN_POINT('',(-6.408448517259E1,-1.369166887153E2,
-1.114702877790E0));
#1493=CARTESIAN_POINT('',(-6.567458049077E1,-1.377764937132E2,
-1.123983330871E0));
#1494=CARTESIAN_POINT('',(-6.740827730021E1,-1.382932852510E2,
-1.129979668848E0));
#1495=CARTESIAN_POINT('',(-6.855938362621E1,-1.384044995519E2,
-1.130687757434E0));
#1496=CARTESIAN_POINT('',(-6.914213551904E1,-1.384046698787E2,
-1.130689647337E0));
#1498=DIRECTION('',(-9.999999999986E-1,1.229350393184E-6,-1.177263996352E-6));
#1499=VECTOR('',#1498,7.915786452400E1);
#1500=CARTESIAN_POINT('',(-6.914213551904E1,-1.384046698787E2,
-1.130689647337E0));
#1501=LINE('',#1500,#1499);
#1502=CARTESIAN_POINT('',(-1.483000000429E2,-1.384045725659E2,
-1.130782837041E0));
#1503=CARTESIAN_POINT('',(-1.489593538484E2,-1.384044645235E2,
-1.130781638231E0));
#1504=CARTESIAN_POINT('',(-1.502556796871E2,-1.382634019944E2,
-1.129591778091E0));
#1505=CARTESIAN_POINT('',(-1.521934418547E2,-1.376053573305E2,
-1.122140138817E0));
#1506=CARTESIAN_POINT('',(-1.539432929572E2,-1.365153186600E2,
-1.110082915855E0));
#1507=CARTESIAN_POINT('',(-1.554088841602E2,-1.350500898858E2,
-1.093824973248E0));
#1508=CARTESIAN_POINT('',(-1.564995096794E2,-1.333004433905E2,
-1.074374313264E0));
#1509=CARTESIAN_POINT('',(-1.571587027090E2,-1.313614359418E2,
-1.053007819586E0));
#1510=CARTESIAN_POINT('',(-1.572999958118E2,-1.300632952888E2,
-1.038233354841E0));
#1511=CARTESIAN_POINT('',(-1.573002532038E2,-1.294027871631E2,
-1.030904524234E0));
#1513=DIRECTION('',(7.292860322686E-7,9.999384559825E-1,1.109433399749E-2));
#1514=VECTOR('',#1513,6.673198913924E1);
#1515=CARTESIAN_POINT('',(-1.573002532038E2,-1.294027871631E2,
-1.030904524234E0));
#1516=LINE('',#1515,#1514);
#1517=CARTESIAN_POINT('',(-1.573002045371E2,-6.267490497859E1,
-2.905575484060E-1));
#1518=CARTESIAN_POINT('',(-1.572998721169E2,-6.214547479703E1,
-2.846831254156E-1));
#1519=CARTESIAN_POINT('',(-1.571864962704E2,-6.110550618942E1,
-2.734434458131E-1));
#1520=CARTESIAN_POINT('',(-1.566586212790E2,-5.955478210974E1,
-2.561165452354E-1));
#1521=CARTESIAN_POINT('',(-1.557857033606E2,-5.815563062798E1,
-2.406244312369E-1));
#1522=CARTESIAN_POINT('',(-1.546147555081E2,-5.698422718428E1,
-2.276172317120E-1));
#1523=CARTESIAN_POINT('',(-1.532104543435E2,-5.611226883717E1,
-2.179481034624E-1));
#1524=CARTESIAN_POINT('',(-1.516737760665E2,-5.558770145703E1,
-2.121136394563E-1));
#1525=CARTESIAN_POINT('',(-1.506314784663E2,-5.547371801821E1,
-2.108823010219E-1));
#1526=CARTESIAN_POINT('',(-1.500999999995E2,-5.547370601608E1,
-2.108821678494E-1));
#1528=DIRECTION('',(9.999999999994E-1,7.316124914360E-7,7.644029395601E-7));
#1529=VECTOR('',#1528,3.002000001250E2);
#1530=CARTESIAN_POINT('',(-1.500999999995E2,-5.547370601608E1,
-2.108821678494E-1));
#1531=LINE('',#1530,#1529);
#1532=CARTESIAN_POINT('',(1.501000001254E2,-5.547348638601E1,
-2.106526940868E-1));
#1533=CARTESIAN_POINT('',(1.506291703309E2,-5.547381817212E1,
-2.106563755013E-1));
#1534=CARTESIAN_POINT('',(1.516686840053E2,-5.558713078911E1,
-2.122128315592E-1));
#1535=CARTESIAN_POINT('',(1.532189131361E2,-5.611486791063E1,
-2.179481630139E-1));
#1536=CARTESIAN_POINT('',(1.546178216175E2,-5.698769655333E1,
-2.276653192948E-1));
#1537=CARTESIAN_POINT('',(1.557891734467E2,-5.815869846515E1,
-2.406488809119E-1));
#1538=CARTESIAN_POINT('',(1.566612186614E2,-5.956323746093E1,
-2.562391323950E-1));
#1539=CARTESIAN_POINT('',(1.571859275961E2,-6.110041439059E1,
-2.732814638624E-1));
#1540=CARTESIAN_POINT('',(1.572999651585E2,-6.214316369231E1,
-2.848844336649E-1));
#1541=CARTESIAN_POINT('',(1.572999776339E2,-6.267490258963E1,
-2.907844735798E-1));
#1543=DIRECTION('',(4.129503273122E-6,-9.999384936973E-1,-1.109093347311E-2));
#1544=VECTOR('',#1543,6.673198901140E1);
#1545=CARTESIAN_POINT('',(1.572999776339E2,-6.267490258963E1,
-2.907844735798E-1));
#1546=LINE('',#1545,#1544);
#1547=DIRECTION('',(-1.448925516200E-12,-9.999384479273E-1,-1.109506001638E-2));
#1548=VECTOR('',#1547,4.825465796347E0);
#1549=CARTESIAN_POINT('',(1.488711529651E2,-6.254512835015E1,
-2.893221805723E-1));
#1550=LINE('',#1549,#1548);
#1551=CARTESIAN_POINT('',(1.503254509510E2,-6.736938966662E1,
-3.428509442167E-1));
#1552=CARTESIAN_POINT('',(1.504864106790E2,-6.747454207758E1,
-3.440176886939E-1));
#1553=CARTESIAN_POINT('',(1.507327962925E2,-6.773467924540E1,
-3.469041047173E-1));
#1554=CARTESIAN_POINT('',(1.509407332246E2,-6.826949144081E1,
-3.528382451682E-1));
#1555=CARTESIAN_POINT('',(1.508921711275E2,-6.881474076237E1,
-3.588881933232E-1));
#1556=CARTESIAN_POINT('',(1.506270284929E2,-6.930310870677E1,
-3.643070001467E-1));
#1557=CARTESIAN_POINT('',(1.501608531570E2,-6.964370209440E1,
-3.680861379752E-1));
#1558=CARTESIAN_POINT('',(1.496010143135E2,-6.976791078183E1,
-3.694643260621E-1));
#1559=CARTESIAN_POINT('',(1.490295580124E2,-6.964074809337E1,
-3.680533611291E-1));
#1560=CARTESIAN_POINT('',(1.485708901667E2,-6.930257825561E1,
-3.643011143952E-1));
#1561=CARTESIAN_POINT('',(1.483033466377E2,-6.880716711385E1,
-3.588041580404E-1));
#1562=CARTESIAN_POINT('',(1.482575355025E2,-6.826643684106E1,
-3.528043521043E-1));
#1563=CARTESIAN_POINT('',(1.484717375376E2,-6.772345370494E1,
-3.467795489680E-1));
#1564=CARTESIAN_POINT('',(1.487149685387E2,-6.747238351745E1,
-3.439937378583E-1));
#1565=CARTESIAN_POINT('',(1.488711529651E2,-6.737029712907E1,
-3.428610131898E-1));
#1567=DIRECTION('',(1.006912104244E-14,9.999384478926E-1,1.109506314173E-2));
#1568=VECTOR('',#1567,5.645320839944E0);
#1569=CARTESIAN_POINT('',(1.503254509510E2,-6.736938966662E1,
-3.428509442167E-1));
#1570=LINE('',#1569,#1568);
#1571=CARTESIAN_POINT('',(1.502002809494E2,-6.151234703697E1,
-2.778627129100E-1));
#1572=CARTESIAN_POINT('',(1.502420499032E2,-6.153594576803E1,
-2.781245584435E-1));
#1573=CARTESIAN_POINT('',(1.503016427681E2,-6.159925547443E1,
-2.788269844034E-1));
#1574=CARTESIAN_POINT('',(1.503254122942E2,-6.167905858341E1,
-2.797124752355E-1));
#1575=CARTESIAN_POINT('',(1.503254509510E2,-6.172441630807E1,
-2.802157530422E-1));
#1577=DIRECTION('',(-8.708766410307E-1,4.914714011826E-1,5.453249178996E-3));
#1578=VECTOR('',#1577,3.888510664719E0);
#1579=CARTESIAN_POINT('',(1.502002809494E2,-6.151234703697E1,
-2.778627129100E-1));
#1580=LINE('',#1579,#1578);
#1581=CARTESIAN_POINT('',(1.468138678431E2,-5.960125525206E1,
-2.566576953201E-1));
#1582=CARTESIAN_POINT('',(1.467877413102E2,-5.958658295784E1,
-2.564948952654E-1));
#1583=CARTESIAN_POINT('',(1.467340036246E2,-5.956768382001E1,
-2.562851952663E-1));
#1584=CARTESIAN_POINT('',(1.466449256705E2,-5.956772867299E1,
-2.562856929273E-1));
#1585=CARTESIAN_POINT('',(1.465911976425E2,-5.958668678084E1,
-2.564960472864E-1));
#1586=CARTESIAN_POINT('',(1.465650804444E2,-5.960139146635E1,
-2.566592067465E-1));
#1588=DIRECTION('',(-8.713663739680E-1,-4.906027001199E-1,-5.443615800082E-3));
#1589=VECTOR('',#1588,1.096532154187E0);
#1590=CARTESIAN_POINT('',(1.465650804444E2,-5.960139146635E1,
-2.566592067465E-1));
#1591=LINE('',#1590,#1589);
#1592=CARTESIAN_POINT('',(1.456098833324E2,-6.056380582055E1,
-2.673379290918E-1));
#1593=CARTESIAN_POINT('',(1.455682985175E2,-6.054034479621E1,
-2.670776115172E-1));
#1594=CARTESIAN_POINT('',(1.455085989343E2,-6.047924437540E1,
-2.663996316313E-1));
#1595=CARTESIAN_POINT('',(1.454734582042E2,-6.035581276600E1,
-2.650300779499E-1));
#1596=CARTESIAN_POINT('',(1.455054783961E2,-6.022761945942E1,
-2.636076666351E-1));
#1597=CARTESIAN_POINT('',(1.455663697428E2,-6.016379158169E1,
-2.628994696779E-1));
#1598=CARTESIAN_POINT('',(1.456095991972E2,-6.013935310196E1,
-2.626283065064E-1));
#1600=DIRECTION('',(8.709481231199E-1,-4.913447306677E-1,-5.451832630402E-3));
#1601=VECTOR('',#1600,3.600959163794E0);
#1602=CARTESIAN_POINT('',(1.456098833324E2,-6.056380582055E1,
-2.673379290918E-1));
#1603=LINE('',#1602,#1601);
#1604=CARTESIAN_POINT('',(1.488711529651E2,-6.254512835015E1,
-2.893221805723E-1));
#1605=CARTESIAN_POINT('',(1.488711529651E2,-6.249769028631E1,
-2.887958198500E-1));
#1606=CARTESIAN_POINT('',(1.488449558893E2,-6.241557245442E1,
-2.878846355780E-1));
#1607=CARTESIAN_POINT('',(1.487859249225E2,-6.235556831817E1,
-2.872188573431E-1));
#1608=CARTESIAN_POINT('',(1.487461319575E2,-6.233311813103E1,
-2.869697557617E-1));
#1610=CARTESIAN_POINT('',(1.495990289626E2,-6.890126772371E1,
-3.597772204938E-1));
#1611=CARTESIAN_POINT('',(1.495029884514E2,-6.890311658111E1,
-3.597977349466E-1));
#1612=CARTESIAN_POINT('',(1.493407748948E2,-6.884956976649E1,
-3.593076234809E-1));
#1613=CARTESIAN_POINT('',(1.491691993781E2,-6.867318021470E1,
-3.573086371889E-1));
#1614=CARTESIAN_POINT('',(1.491093867675E2,-6.843064333514E1,
-3.546287141757E-1));
#1615=CARTESIAN_POINT('',(1.491774947684E2,-6.819159897754E1,
-3.519733324893E-1));
#1616=CARTESIAN_POINT('',(1.493608468601E2,-6.801901014749E1,
-3.500591504738E-1));
#1617=CARTESIAN_POINT('',(1.495121058607E2,-6.797899666934E1,
-3.496149888645E-1));
#1618=CARTESIAN_POINT('',(1.495989555174E2,-6.798068059091E1,
-3.496336732311E-1));
#1620=CARTESIAN_POINT('',(1.495989555174E2,-6.798068059091E1,
-3.496336732311E-1));
#1621=CARTESIAN_POINT('',(1.496857969167E2,-6.797894837311E1,
-3.496144529819E-1));
#1622=CARTESIAN_POINT('',(1.498370701326E2,-6.801887053143E1,
-3.500576013295E-1));
#1623=CARTESIAN_POINT('',(1.500205080154E2,-6.819133177652E1,
-3.519703676946E-1));
#1624=CARTESIAN_POINT('',(1.500887940473E2,-6.843030412709E1,
-3.546249504091E-1));
#1625=CARTESIAN_POINT('',(1.500290783923E2,-6.867288781477E1,
-3.573053927934E-1));
#1626=CARTESIAN_POINT('',(1.498579596803E2,-6.884930969566E1,
-3.593047378010E-1));
#1627=CARTESIAN_POINT('',(1.496950346710E2,-6.890319600167E1,
-3.597986161769E-1));
#1628=CARTESIAN_POINT('',(1.495990289626E2,-6.890126772371E1,
-3.597772204938E-1));
#1630=CARTESIAN_POINT('',(1.525148970412E2,-6.389513140872E1,
-3.043014559254E-1));
#1631=CARTESIAN_POINT('',(1.526017429199E2,-6.389341385578E1,
-3.042823983936E-1));
#1632=CARTESIAN_POINT('',(1.527530144474E2,-6.393336550859E1,
-3.047258739566E-1));
#1633=CARTESIAN_POINT('',(1.529364278893E2,-6.410587124536E1,
-3.066391341389E-1));
#1634=CARTESIAN_POINT('',(1.530046544159E2,-6.434487222281E1,
-3.092940339673E-1));
#1635=CARTESIAN_POINT('',(1.529449058280E2,-6.458744334764E1,
-3.119743388995E-1));
#1636=CARTESIAN_POINT('',(1.527736174603E2,-6.476385799380E1,
-3.139735963869E-1));
#1637=CARTESIAN_POINT('',(1.526109523524E2,-6.481761981912E1,
-3.144661115828E-1));
#1638=CARTESIAN_POINT('',(1.525149338088E2,-6.481572085838E1,
-3.144450411962E-1));
#1640=CARTESIAN_POINT('',(1.525149338088E2,-6.481572085838E1,
-3.144450411962E-1));
#1641=CARTESIAN_POINT('',(1.524189082070E2,-6.481759848137E1,
-3.144658748247E-1));
#1642=CARTESIAN_POINT('',(1.522564372547E2,-6.476393001232E1,
-3.139743954862E-1));
#1643=CARTESIAN_POINT('',(1.520850280668E2,-6.458753246520E1,
-3.119753277252E-1));
#1644=CARTESIAN_POINT('',(1.520252469918E2,-6.434498242610E1,
-3.092952567551E-1));
#1645=CARTESIAN_POINT('',(1.520934132721E2,-6.410596499921E1,
-3.066401744078E-1));
#1646=CARTESIAN_POINT('',(1.522767893778E2,-6.393341869189E1,
-3.047264640650E-1));
#1647=CARTESIAN_POINT('',(1.524280510707E2,-6.389343327854E1,
-3.042826139036E-1));
#1648=CARTESIAN_POINT('',(1.525148970412E2,-6.389513140872E1,
-3.043014559254E-1));
#1650=CARTESIAN_POINT('',(1.516568611923E2,-6.983320969470E1,
-3.701888629737E-1));
#1651=CARTESIAN_POINT('',(1.516963768909E2,-6.981036069164E1,
-3.699353362320E-1));
#1652=CARTESIAN_POINT('',(1.517542655954E2,-6.975029040667E1,
-3.692688246822E-1));
#1653=CARTESIAN_POINT('',(1.517798539018E2,-6.966859862404E1,
-3.683623671471E-1));
#1654=CARTESIAN_POINT('',(1.517797378250E2,-6.962169304095E1,
-3.678419146960E-1));
#1656=DIRECTION('',(-8.656846539303E-1,-5.005589197944E-1,-5.554076326684E-3));
#1657=VECTOR('',#1656,2.260951133050E0);
#1658=CARTESIAN_POINT('',(1.516568611923E2,-6.983320969470E1,
-3.701888629737E-1));
#1659=LINE('',#1658,#1657);
#1660=CARTESIAN_POINT('',(1.494549232670E2,-7.096343346145E1,
-3.827295424389E-1));
#1661=CARTESIAN_POINT('',(1.494804367108E2,-7.097849858403E1,
-3.828967012174E-1));
#1662=CARTESIAN_POINT('',(1.495330993702E2,-7.099799327535E1,
-3.831130093943E-1));
#1663=CARTESIAN_POINT('',(1.496211213873E2,-7.099850983634E1,
-3.831187409011E-1));
#1664=CARTESIAN_POINT('',(1.496739420467E2,-7.097966850049E1,
-3.829096825184E-1));
#1665=CARTESIAN_POINT('',(1.496995904932E2,-7.096494895157E1,
-3.827463581376E-1));
#1667=DIRECTION('',(-8.610792816301E-1,5.084394201108E-1,5.641526804471E-3));
#1668=VECTOR('',#1667,2.226509210797E0);
#1669=CARTESIAN_POINT('',(1.494549232670E2,-7.096343346145E1,
-3.827295424389E-1));
#1670=LINE('',#1669,#1668);
#1671=CARTESIAN_POINT('',(1.474168915830E2,-6.962167983443E1,
-3.678417834895E-1));
#1672=CARTESIAN_POINT('',(1.474168915830E2,-6.966615440760E1,
-3.683352620713E-1));
#1673=CARTESIAN_POINT('',(1.474396983822E2,-6.974470508447E1,
-3.692068554035E-1));
#1674=CARTESIAN_POINT('',(1.474973954081E2,-6.980757628579E1,
-3.699044177623E-1));
#1675=CARTESIAN_POINT('',(1.475377223153E2,-6.983138840944E1,
-3.701686310458E-1));
#1677=DIRECTION('',(9.993935737783E-14,9.999384479217E-1,1.109506051673E-2));
#1678=VECTOR('',#1677,6.256570222930E0);
#1679=CARTESIAN_POINT('',(1.474168915830E2,-6.962167983443E1,
-3.678417834895E-1));
#1680=LINE('',#1679,#1678);
#1681=CARTESIAN_POINT('',(1.472917187260E2,-6.315389462232E1,
-2.960768839525E-1));
#1682=CARTESIAN_POINT('',(1.473317245364E2,-6.317646465666E1,
-2.963273153280E-1));
#1683=CARTESIAN_POINT('',(1.473904102558E2,-6.323631610802E1,
-2.969913984400E-1));
#1684=CARTESIAN_POINT('',(1.474167649835E2,-6.331829030729E1,
-2.979009900901E-1));
#1685=CARTESIAN_POINT('',(1.474168915830E2,-6.336549471640E1,
-2.984247582390E-1));
#1687=DIRECTION('',(-8.709407959218E-1,4.913577168393E-1,5.451981444386E-3));
#1688=VECTOR('',#1687,3.904256227726E0);
#1689=CARTESIAN_POINT('',(1.472917187260E2,-6.315389462232E1,
-2.960768839525E-1));
#1690=LINE('',#1689,#1688);
#1691=CARTESIAN_POINT('',(1.436529335298E2,-6.124092968440E1,
-2.748511069013E-1));
#1692=CARTESIAN_POINT('',(1.436777962232E2,-6.122693256931E1,
-2.746957984631E-1));
#1693=CARTESIAN_POINT('',(1.437290121794E2,-6.120841275941E1,
-2.744903073505E-1));
#1694=CARTESIAN_POINT('',(1.438138636399E2,-6.120648391712E1,
-2.744689054057E-1));
#1695=CARTESIAN_POINT('',(1.438658669678E2,-6.122265448270E1,
-2.746483298993E-1));
#1696=CARTESIAN_POINT('',(1.438913426995E2,-6.123550819631E1,
-2.747909514448E-1));
#1698=DIRECTION('',(-8.713827334485E-1,-4.905736463050E-1,-5.443289336086E-3));
#1699=VECTOR('',#1698,3.871670605957E0);
#1700=CARTESIAN_POINT('',(1.436529335298E2,-6.124092968440E1,
-2.748511069013E-1));
#1701=LINE('',#1700,#1699);
#1702=CARTESIAN_POINT('',(1.401538551069E2,-6.335241429498E1,
-2.982796059303E-1));
#1703=CARTESIAN_POINT('',(1.401538973255E2,-6.330706547043E1,
-2.977764268769E-1));
#1704=CARTESIAN_POINT('',(1.401776976073E2,-6.322722827835E1,
-2.968905548546E-1));
#1705=CARTESIAN_POINT('',(1.402372935009E2,-6.316387661791E1,
-2.961876715798E-1));
#1706=CARTESIAN_POINT('',(1.402792266142E2,-6.314026925085E1,
-2.959257302236E-1));
#1708=DIRECTION('',(-9.309181070854E-4,-9.999380146408E-1,-1.109505600278E-2));
#1709=VECTOR('',#1708,7.091149506693E0);
#1710=CARTESIAN_POINT('',(1.401538551069E2,-6.335241429498E1,
-2.982796059303E-1));
#1711=LINE('',#1710,#1709);
#1712=CARTESIAN_POINT('',(1.402725465791E2,-7.065607613069E1,
-3.793191799678E-1));
#1713=CARTESIAN_POINT('',(1.402323012116E2,-7.063337062711E1,
-3.790672454599E-1));
#1714=CARTESIAN_POINT('',(1.401733962735E2,-7.057311660841E1,
-3.783986957184E-1));
#1715=CARTESIAN_POINT('',(1.401471653689E2,-7.049061661192E1,
-3.774832699844E-1));
#1716=CARTESIAN_POINT('',(1.401472538274E2,-7.044312425422E1,
-3.769563068311E-1));
#1718=DIRECTION('',(8.709380321963E-1,-4.913626149208E-1,-5.452039276134E-3));
#1719=VECTOR('',#1718,1.093855056317E0);
#1720=CARTESIAN_POINT('',(1.402725465791E2,-7.065607613069E1,
-3.793191799678E-1));
#1721=LINE('',#1720,#1719);
#1722=CARTESIAN_POINT('',(1.415997065026E2,-7.098127056899E1,
-3.829274504113E-1));
#1723=CARTESIAN_POINT('',(1.415997065026E2,-7.102877586440E1,
-3.834545571182E-1));
#1724=CARTESIAN_POINT('',(1.415751653464E2,-7.111048756909E1,
-3.843612212047E-1));
#1725=CARTESIAN_POINT('',(1.414815081390E2,-7.120239117012E1,
-3.853809557076E-1));
#1726=CARTESIAN_POINT('',(1.413527967949E2,-7.123732832680E1,
-3.857686100875E-1));
#1727=CARTESIAN_POINT('',(1.412676624665E2,-7.121749697252E1,
-3.855485679656E-1));
#1728=CARTESIAN_POINT('',(1.412252265494E2,-7.119355561151E1,
-3.852829206972E-1));
#1730=DIRECTION('',(-8.270606008231E-13,9.999384479316E-1,1.109505962527E-2));
#1731=VECTOR('',#1730,6.804215388352E0);
#1732=CARTESIAN_POINT('',(1.415997065026E2,-7.098127056899E1,
-3.829274504113E-1));
#1733=LINE('',#1732,#1731);
#1734=CARTESIAN_POINT('',(1.417250087763E2,-6.396541157277E1,
-3.050812701363E-1));
#1735=CARTESIAN_POINT('',(1.416848880074E2,-6.398804709986E1,
-3.053324282028E-1));
#1736=CARTESIAN_POINT('',(1.416260781338E2,-6.404804966293E1,
-3.059981877403E-1));
#1737=CARTESIAN_POINT('',(1.415997517952E2,-6.413018871083E1,
-3.069096094657E-1));
#1738=CARTESIAN_POINT('',(1.415997065026E2,-6.417747399416E1,
-3.074342749744E-1));
#1740=DIRECTION('',(8.709348802044E-1,4.913682011137E-1,5.452098457543E-3));
#1741=VECTOR('',#1740,2.209534577591E0);
#1742=CARTESIAN_POINT('',(1.417250087763E2,-6.396541157277E1,
-3.050812701363E-1));
#1743=LINE('',#1742,#1741);
#1744=CARTESIAN_POINT('',(1.438979201255E2,-6.288012183544E1,
-2.930391671845E-1));
#1745=CARTESIAN_POINT('',(1.438718383188E2,-6.286540675449E1,
-2.928758923791E-1));
#1746=CARTESIAN_POINT('',(1.438181766754E2,-6.284641503646E1,
-2.926651650832E-1));
#1747=CARTESIAN_POINT('',(1.437291691639E2,-6.284628141096E1,
-2.926636824554E-1));
#1748=CARTESIAN_POINT('',(1.436754785669E2,-6.286509808621E1,
-2.928724673959E-1));
#1749=CARTESIAN_POINT('',(1.436493695089E2,-6.287971654208E1,
-2.930346700739E-1));
#1751=DIRECTION('',(8.709331563668E-1,-4.913712560413E-1,-5.452144293509E-3));
#1752=VECTOR('',#1751,2.227264704316E0);
#1753=CARTESIAN_POINT('',(1.438979201255E2,-6.288012183544E1,
-2.930391671845E-1));
#1754=LINE('',#1753,#1752);
#1755=CARTESIAN_POINT('',(1.459625962117E2,-6.418662224140E1,
-3.075357655824E-1));
#1756=CARTESIAN_POINT('',(1.459625962117E2,-6.414132311414E1,
-3.070331379576E-1));
#1757=CARTESIAN_POINT('',(1.459389404390E2,-6.406157834532E1,
-3.061482932308E-1));
#1758=CARTESIAN_POINT('',(1.458794504324E2,-6.399818726351E1,
-3.054449675839E-1));
#1759=CARTESIAN_POINT('',(1.458377188045E2,-6.397453569074E1,
-3.051825357322E-1));
#1761=DIRECTION('',(3.498393298395E-13,-9.999384479230E-1,-1.109506040431E-2));
#1762=VECTOR('',#1761,6.255647777353E0);
#1763=CARTESIAN_POINT('',(1.459625962117E2,-6.418662224140E1,
-3.075357655824E-1));
#1764=LINE('',#1763,#1762);
#1765=CARTESIAN_POINT('',(1.460877612335E2,-7.065440057200E1,
-3.793005884300E-1));
#1766=CARTESIAN_POINT('',(1.460475866376E2,-7.063173465554E1,
-3.790490931707E-1));
#1767=CARTESIAN_POINT('',(1.459887609820E2,-7.057160672307E1,
-3.783819426529E-1));
#1768=CARTESIAN_POINT('',(1.459625418043E2,-7.048927811567E1,
-3.774684178549E-1));
#1769=CARTESIAN_POINT('',(1.459625962117E2,-7.044188497064E1,
-3.769425555402E-1));
#1771=DIRECTION('',(8.709346852828E-1,-4.913685465710E-1,-5.452101607801E-3));
#1772=VECTOR('',#1771,4.007926440626E0);
#1773=CARTESIAN_POINT('',(1.460877612335E2,-7.065440057200E1,
-3.793005884300E-1));
#1774=LINE('',#1773,#1772);
#1775=CARTESIAN_POINT('',(1.497946188265E2,-7.260841451630E1,
-4.009818349301E-1));
#1776=CARTESIAN_POINT('',(1.497724542102E2,-7.262148043140E1,
-4.011268110096E-1));
#1777=CARTESIAN_POINT('',(1.497265746213E2,-7.263962826330E1,
-4.013281747486E-1));
#1778=CARTESIAN_POINT('',(1.496501711076E2,-7.264505424907E1,
-4.013883801103E-1));
#1779=CARTESIAN_POINT('',(1.496021884464E2,-7.263357084617E1,
-4.012609631848E-1));
#1780=CARTESIAN_POINT('',(1.495784033867E2,-7.262376956190E1,
-4.011522106209E-1));
#1782=DIRECTION('',(8.614485413303E-1,5.078136096751E-1,5.634577945359E-3));
#1783=VECTOR('',#1782,3.852240237905E0);
#1784=CARTESIAN_POINT('',(1.497946188265E2,-7.260841451630E1,
-4.009818349301E-1));
#1785=LINE('',#1784,#1783);
#1786=CARTESIAN_POINT('',(1.532340763367E2,-7.044240705034E1,
-3.769483644648E-1));
#1787=CARTESIAN_POINT('',(1.532340763367E2,-7.048693796425E1,
-3.774424681891E-1));
#1788=CARTESIAN_POINT('',(1.532112363427E2,-7.056555725315E1,-3.783148229E-1));
#1789=CARTESIAN_POINT('',(1.531534763730E2,-7.062840795485E1,
-3.790121576216E-1));
#1790=CARTESIAN_POINT('',(1.531131255603E2,-7.065219449575E1,
-3.792760870454E-1));
#1792=DIRECTION('',(-5.012931764012E-12,9.999384478926E-1,1.109506314099E-2));
#1793=VECTOR('',#1792,5.046013507436E0);
#1794=CARTESIAN_POINT('',(1.532340763367E2,-7.044240705034E1,
-3.769483644648E-1));
#1795=LINE('',#1794,#1793);
#1796=CARTESIAN_POINT('',(1.517797378250E2,-6.538527777152E1,
-3.208357419516E-1));
#1797=CARTESIAN_POINT('',(1.516365927207E2,-6.528425150733E1,
-3.197147801521E-1));
#1798=CARTESIAN_POINT('',(1.514123338119E2,-6.503950784802E1,
-3.169991665942E-1));
#1799=CARTESIAN_POINT('',(1.512117572482E2,-6.452059017456E1,
-3.112413877268E-1));
#1800=CARTESIAN_POINT('',(1.512548715362E2,-6.398117919120E1,
-3.052562202914E-1));
#1801=CARTESIAN_POINT('',(1.515049202080E2,-6.350451723855E1,
-2.999673001828E-1));
#1802=CARTESIAN_POINT('',(1.519350336226E2,-6.316814690013E1,
-2.962350202371E-1));
#1803=CARTESIAN_POINT('',(1.524736337720E2,-6.302906686597E1,
-2.946918234593E-1));
#1804=CARTESIAN_POINT('',(1.530246440731E2,-6.313462743902E1,
-2.958630967997E-1));
#1805=CARTESIAN_POINT('',(1.534867967821E2,-6.345614546200E1,
-2.994305792210E-1));
#1806=CARTESIAN_POINT('',(1.537717161128E2,-6.394802993303E1,
-3.048884045319E-1));
#1807=CARTESIAN_POINT('',(1.538190445447E2,-6.453569361463E1,
-3.114089716664E-1));
#1808=CARTESIAN_POINT('',(1.536121029538E2,-6.504659450103E1,
-3.170777982982E-1));
#1809=CARTESIAN_POINT('',(1.533818622485E2,-6.529601532389E1,
-3.198453084764E-1));
#1810=CARTESIAN_POINT('',(1.532340763367E2,-6.539670413567E1,
-3.209625259895E-1));
#1812=DIRECTION('',(1.073358798249E-13,-9.999384479332E-1,-1.109505948497E-2));
#1813=VECTOR('',#1812,4.236676045589E0);
#1814=CARTESIAN_POINT('',(1.517797378250E2,-6.538527777152E1,
-3.208357419516E-1));
#1815=LINE('',#1814,#1813);
#1816=DIRECTION('',(-8.709412100970E-1,4.913569827746E-1,5.451975183915E-3));
#1817=VECTOR('',#1816,1.211003909794E0);
#1818=CARTESIAN_POINT('',(1.456876531690E2,-7.207022097144E1,
-3.950101758835E-1));
#1819=LINE('',#1818,#1817);
#1820=CARTESIAN_POINT('',(1.445083112986E2,-7.126320664053E1,
-3.860557333560E-1));
#1821=CARTESIAN_POINT('',(1.445083112986E2,-7.131040221595E1,
-3.865794034884E-1));
#1822=CARTESIAN_POINT('',(1.445344189247E2,-7.139244578553E1,
-3.874897641371E-1));
#1823=CARTESIAN_POINT('',(1.445929737868E2,-7.145248575482E1,
-3.881559392961E-1));
#1824=CARTESIAN_POINT('',(1.446329399583E2,-7.147518574419E1,
-3.884078126197E-1));
#1826=DIRECTION('',(6.857942196395E-13,9.999384479211E-1,1.109506057200E-2));
#1827=VECTOR('',#1826,6.257967770925E0);
#1828=CARTESIAN_POINT('',(1.445083112986E2,-7.126320664053E1,
-3.860557333560E-1));
#1829=LINE('',#1828,#1827);
#1830=CARTESIAN_POINT('',(1.443831002340E2,-6.479372140587E1,
-3.142720096227E-1));
#1831=CARTESIAN_POINT('',(1.444248739324E2,-6.481731422515E1,
-3.145337895605E-1));
#1832=CARTESIAN_POINT('',(1.444844550685E2,-6.488063730268E1,
-3.152363652065E-1));
#1833=CARTESIAN_POINT('',(1.445082409086E2,-6.496033430491E1,
-3.161206782405E-1));
#1834=CARTESIAN_POINT('',(1.445083112986E2,-6.500562406053E1,
-3.166232018799E-1));
#1836=DIRECTION('',(-8.709798722462E-1,4.912884548798E-1,5.451260753027E-3));
#1837=VECTOR('',#1836,5.570766509079E-1);
#1838=CARTESIAN_POINT('',(1.443831002340E2,-6.479372140587E1,
-3.142720096227E-1));
#1839=LINE('',#1838,#1837);
#1840=CARTESIAN_POINT('',(1.438978976838E2,-6.452003607879E1,
-3.112352395391E-1));
#1841=CARTESIAN_POINT('',(1.438717974038E2,-6.450541073940E1,
-3.110729604834E-1));
#1842=CARTESIAN_POINT('',(1.438181220951E2,-6.448658692450E1,
-3.108640963280E-1));
#1843=CARTESIAN_POINT('',(1.437291257579E2,-6.448672558853E1,
-3.108656348600E-1));
#1844=CARTESIAN_POINT('',(1.436754803733E2,-6.450573183418E1,
-3.110765233511E-1));
#1845=CARTESIAN_POINT('',(1.436494092794E2,-6.452045711544E1,
-3.112399113366E-1));
#1847=DIRECTION('',(-8.709600352975E-1,-4.913236172617E-1,-5.451608516478E-3));
#1848=VECTOR('',#1847,5.400373868991E-1);
#1849=CARTESIAN_POINT('',(1.436494092794E2,-6.452045711544E1,
-3.112399113366E-1));
#1850=LINE('',#1849,#1848);
#1851=CARTESIAN_POINT('',(1.430540156004E2,-6.499793731958E1,
-3.165379264013E-1));
#1852=CARTESIAN_POINT('',(1.430540156004E2,-6.495064119649E1,
-3.160131406174E-1));
#1853=CARTESIAN_POINT('',(1.430802418593E2,-6.486847712897E1,
-3.151014434992E-1));
#1854=CARTESIAN_POINT('',(1.431389691863E2,-6.480843549551E1,
-3.144352497888E-1));
#1855=CARTESIAN_POINT('',(1.431790582978E2,-6.478579023783E1,
-3.141839837542E-1));
#1857=DIRECTION('',(-1.797953858556E-12,-9.999384479171E-1,-1.109506093879E-2));
#1858=VECTOR('',#1857,7.081897994340E0);
#1859=CARTESIAN_POINT('',(1.430540156004E2,-6.499793731958E1,
-3.165379264013E-1));
#1860=LINE('',#1859,#1858);
#1861=CARTESIAN_POINT('',(1.431794387765E2,-7.229238980035E1,
-3.974752766760E-1));
#1862=CARTESIAN_POINT('',(1.431374441304E2,-7.226874799604E1,
-3.972129532127E-1));
#1863=CARTESIAN_POINT('',(1.430776192956E2,-7.220518453250E1,
-3.965077120472E-1));
#1864=CARTESIAN_POINT('',(1.430539049695E2,-7.212499481105E1,
-3.956179312327E-1));
#1865=CARTESIAN_POINT('',(1.430540156004E2,-7.207939940835E1,
-3.951120162108E-1));
#1867=DIRECTION('',(8.713868729960E-1,-4.905662941995E-1,-5.443212800684E-3));
#1868=VECTOR('',#1867,2.064722601675E0);
#1869=CARTESIAN_POINT('',(1.431794387765E2,-7.229238980035E1,
-3.974752766760E-1));
#1870=LINE('',#1869,#1868);
#1871=CARTESIAN_POINT('',(1.456876531690E2,-7.207022097144E1,
-3.950101758835E-1));
#1872=CARTESIAN_POINT('',(1.458109976534E2,-7.200803896817E1,
-3.943202201494E-1));
#1873=CARTESIAN_POINT('',(1.460734217098E2,-7.192113813428E1,
-3.933559905413E-1));
#1874=CARTESIAN_POINT('',(1.465704399103E2,-7.192413068761E1,
-3.933891951539E-1));
#1875=CARTESIAN_POINT('',(1.470737653979E2,-7.213402921413E1,
-3.957181759578E-1));
#1876=CARTESIAN_POINT('',(1.474723933634E2,-7.257392375570E1,-4.005991342E-1));
#1877=CARTESIAN_POINT('',(1.476413424428E2,-7.314030197049E1,
-4.068835231944E-1));
#1878=CARTESIAN_POINT('',(1.475396848414E2,-7.371417837033E1,
-4.132511101480E-1));
#1879=CARTESIAN_POINT('',(1.472013191854E2,-7.419548163810E1,
-4.185915291118E-1));
#1880=CARTESIAN_POINT('',(1.466860705184E2,-7.448316981150E1,
-4.217836441040E-1));
#1881=CARTESIAN_POINT('',(1.460866675223E2,-7.452823844773E1,
-4.222837142588E-1));
#1882=CARTESIAN_POINT('',(1.455266779474E2,-7.431128930163E1,
-4.198765015685E-1));
#1883=CARTESIAN_POINT('',(1.451139734276E2,-7.388473473786E1,
-4.151435603359E-1));
#1884=CARTESIAN_POINT('',(1.449938294687E2,-7.351616104673E1,
-4.110539601577E-1));
#1885=CARTESIAN_POINT('',(1.449786109480E2,-7.330527311561E1,
-4.087140011713E-1));
#1887=CARTESIAN_POINT('',(1.462867237342E2,-7.367530292305E1,
-4.127488836817E-1));
#1888=CARTESIAN_POINT('',(1.461907015082E2,-7.367714787048E1,
-4.127693547504E-1));
#1889=CARTESIAN_POINT('',(1.460285006466E2,-7.362362142699E1,
-4.122792062514E-1));
#1890=CARTESIAN_POINT('',(1.458569019406E2,-7.344722386895E1,
-4.102802368574E-1));
#1891=CARTESIAN_POINT('',(1.457970795759E2,-7.320468031519E1,
-4.076002114551E-1));
#1892=CARTESIAN_POINT('',(1.458651804910E2,-7.296562211837E1,
-4.049446838144E-1));
#1893=CARTESIAN_POINT('',(1.460485338932E2,-7.279301830983E1,
-4.030303335270E-1));
#1894=CARTESIAN_POINT('',(1.461997980496E2,-7.275299675237E1,
-4.025860827350E-1));
#1895=CARTESIAN_POINT('',(1.462866516908E2,-7.275467715283E1,
-4.026047280322E-1));
#1897=CARTESIAN_POINT('',(1.462866516908E2,-7.275467715283E1,
-4.026047280322E-1));
#1898=CARTESIAN_POINT('',(1.463734972950E2,-7.275294948700E1,
-4.025855582904E-1));
#1899=CARTESIAN_POINT('',(1.465247754185E2,-7.279288170152E1,
-4.030288177559E-1));
#1900=CARTESIAN_POINT('',(1.467082129150E2,-7.296536091047E1,
-4.049417855177E-1));
#1901=CARTESIAN_POINT('',(1.467764877993E2,-7.320434895941E1,
-4.075965348154E-1));
#1902=CARTESIAN_POINT('',(1.467167601794E2,-7.344693840312E1,
-4.102770694009E-1));
#1903=CARTESIAN_POINT('',(1.465456069035E2,-7.362336774E1,-4.122763914049E-1));
#1904=CARTESIAN_POINT('',(1.463827121417E2,-7.367722530952E1,
-4.127702139944E-1));
#1905=CARTESIAN_POINT('',(1.462867237342E2,-7.367530292305E1,
-4.127488836817E-1));
#1907=DIRECTION('',(0.E0,3.257436514794E-2,-9.994693145541E-1));
#1908=VECTOR('',#1907,2.000461687044E-1);
#1909=CARTESIAN_POINT('',(1.244420906791E2,-1.342706546421E2,
-1.085170409093E0));
#1910=LINE('',#1909,#1908);
#1911=DIRECTION('',(3.480855872195E-12,3.257436514326E-2,-9.994693145542E-1));
#1912=VECTOR('',#1911,2.000461687044E-1);
#1913=CARTESIAN_POINT('',(1.241169305469E2,-1.340933544600E2,
-1.083203131249E0));
#1914=LINE('',#1913,#1912);
#1915=DIRECTION('',(0.E0,3.257436514780E-2,-9.994693145541E-1));
#1916=VECTOR('',#1915,2.000461687044E-1);
#1917=CARTESIAN_POINT('',(1.229044124295E2,-1.325080528448E2,
-1.065613026681E0));
#1918=LINE('',#1917,#1916);
#1919=DIRECTION('',(0.E0,3.257436514766E-2,-9.994693145541E-1));
#1920=VECTOR('',#1919,2.000461687044E-1);
#1921=CARTESIAN_POINT('',(1.229044124295E2,-1.339795584039E2,
-1.081940479078E0));
#1922=LINE('',#1921,#1920);
#1923=DIRECTION('',(1.025786914173E-10,3.257436514752E-2,-9.994693145541E-1));
#1924=VECTOR('',#1923,2.000461687044E-1);
#1925=CARTESIAN_POINT('',(1.226051344433E2,-1.342777829491E2,
-1.085249502979E0));
#1926=LINE('',#1925,#1924);
#1927=DIRECTION('',(0.E0,3.257436514766E-2,-9.994693145541E-1));
#1928=VECTOR('',#1927,2.000461687044E-1);
#1929=CARTESIAN_POINT('',(1.223059798057E2,-1.339795584040E2,
-1.081940479079E0));
#1930=LINE('',#1929,#1928);
#1931=DIRECTION('',(0.E0,3.257436514766E-2,-9.994693145541E-1));
#1932=VECTOR('',#1931,2.000461687044E-1);
#1933=CARTESIAN_POINT('',(1.223059798057E2,-1.317938822619E2,
-1.057688771061E0));
#1934=LINE('',#1933,#1932);
#1935=DIRECTION('',(7.103787494275E-14,3.257436514780E-2,-9.994693145541E-1));
#1936=VECTOR('',#1935,2.000461687044E-1);
#1937=CARTESIAN_POINT('',(1.226383093458E2,-1.314940495715E2,
-1.054361903590E0));
#1938=LINE('',#1937,#1936);
#1939=DIRECTION('',(-3.480855872194E-12,3.257436515234E-2,-9.994693145539E-1));
#1940=VECTOR('',#1939,2.000461687045E-1);
#1941=CARTESIAN_POINT('',(1.229870152110E2,-1.316683129782E2,
-1.056295486144E0));
#1942=LINE('',#1941,#1940);
#1943=DIRECTION('',(0.E0,3.257436514766E-2,-9.994693145541E-1));
#1944=VECTOR('',#1943,2.000461687044E-1);
#1945=CARTESIAN_POINT('',(1.241562968976E2,-1.331986792833E2,
-1.073276042447E0));
#1946=LINE('',#1945,#1944);
#1947=DIRECTION('',(0.E0,3.257436514780E-2,-9.994693145541E-1));
#1948=VECTOR('',#1947,2.000461687044E-1);
#1949=CARTESIAN_POINT('',(1.241562968976E2,-1.317821105749E2,
-1.057558155409E0));
#1950=LINE('',#1949,#1948);
#1951=DIRECTION('',(0.E0,3.257436514780E-2,-9.994693145541E-1));
#1952=VECTOR('',#1951,2.000461687044E-1);
#1953=CARTESIAN_POINT('',(1.247546309207E2,-1.317821105749E2,
-1.057558155409E0));
#1954=LINE('',#1953,#1952);
#1955=DIRECTION('',(0.E0,3.257436514780E-2,-9.994693145541E-1));
#1956=VECTOR('',#1955,2.000461687044E-1);
#1957=CARTESIAN_POINT('',(1.247546309207E2,-1.339677855612E2,
-1.081809850602E0));
#1958=LINE('',#1957,#1956);
#1959=CARTESIAN_POINT('',(1.506879151115E2,-1.328715066340E2,
-1.269658128906E0));
#1960=CARTESIAN_POINT('',(1.506815142050E2,-1.327292373990E2,
-1.268079545565E0));
#1961=CARTESIAN_POINT('',(1.507336191449E2,-1.324744295343E2,
-1.265252262137E0));
#1962=CARTESIAN_POINT('',(1.509538667737E2,-1.321555488853E2,
-1.261714043348E0));
#1963=CARTESIAN_POINT('',(1.512900318149E2,-1.319825522122E2,
-1.259794516149E0));
#1964=CARTESIAN_POINT('',(1.516958973350E2,-1.319715981246E2,
-1.259672972372E0));
#1965=CARTESIAN_POINT('',(1.520501259584E2,-1.321321999017E2,
-1.261454968949E0));
#1966=CARTESIAN_POINT('',(1.522906217990E2,-1.324413526579E2,
-1.264885249507E0));
#1967=CARTESIAN_POINT('',(1.523538199609E2,-1.326965069168E2,
-1.267716376437E0));
#1968=CARTESIAN_POINT('',(1.523538199612E2,-1.328406556622E2,
-1.269315814349E0));
#1970=CARTESIAN_POINT('',(1.523538199612E2,-1.328406556622E2,
-1.269315814349E0));
#1971=CARTESIAN_POINT('',(1.523538199615E2,-1.329578660737E2,
-1.270616351341E0));
#1972=CARTESIAN_POINT('',(1.523484937568E2,-1.329045827030E2,
-1.270025132577E0));
#1973=CARTESIAN_POINT('',(1.523416682421E2,-1.330047322981E2,
-1.271136367079E0));
#1974=CARTESIAN_POINT('',(1.523312703119E2,-1.330291220874E2,
-1.271406989994E0));
#1975=CARTESIAN_POINT('',(1.523192154314E2,-1.330812192296E2,
-1.271985046667E0));
#1976=CARTESIAN_POINT('',(1.523027394653E2,-1.331289245799E2,
-1.272514373132E0));
#1977=CARTESIAN_POINT('',(1.522820085403E2,-1.331812117520E2,
-1.273094538331E0));
#1978=CARTESIAN_POINT('',(1.522485407724E2,-1.332487586956E2,
-1.273844022081E0));
#1979=CARTESIAN_POINT('',(1.522064008512E2,-1.333167058486E2,
-1.274597946455E0));
#1980=CARTESIAN_POINT('',(1.521555355545E2,-1.333821783336E2,
-1.275324412540E0));
#1981=CARTESIAN_POINT('',(1.521044662746E2,-1.334366323181E2,
-1.275928620138E0));
#1982=CARTESIAN_POINT('',(1.520361657256E2,-1.334979926445E2,
-1.276609458753E0));
#1983=CARTESIAN_POINT('',(1.519504785893E2,-1.335578695440E2,
-1.277273837642E0));
#1984=CARTESIAN_POINT('',(1.518472895084E2,-1.336100317891E2,
-1.277852616680E0));
#1985=CARTESIAN_POINT('',(1.517093029510E2,-1.336579144598E2,
-1.278383910647E0));
#1986=CARTESIAN_POINT('',(1.515361650177E2,-1.336824010729E2,
-1.278655607896E0));
#1987=CARTESIAN_POINT('',(1.513622394406E2,-1.336643417465E2,
-1.278455226191E0));
#1988=CARTESIAN_POINT('',(1.512225751898E2,-1.336216009053E2,
-1.277980984659E0));
#1989=CARTESIAN_POINT('',(1.511175261645E2,-1.335732950323E2,
-1.277444994947E0));
#1990=CARTESIAN_POINT('',(1.510296815456E2,-1.335166317762E2,
-1.276816273830E0));
#1991=CARTESIAN_POINT('',(1.509591566905E2,-1.334578423645E2,
-1.276163961432E0));
#1992=CARTESIAN_POINT('',(1.509061069172E2,-1.334053165661E2,
-1.275581148497E0));
#1993=CARTESIAN_POINT('',(1.508528531608E2,-1.333417722671E2,
-1.274876077075E0));
#1994=CARTESIAN_POINT('',(1.508082272045E2,-1.332754319356E2,
-1.274139981587E0));
#1995=CARTESIAN_POINT('',(1.507722822703E2,-1.332091704496E2,
-1.273404760947E0));
#1996=CARTESIAN_POINT('',(1.507496302565E2,-1.331576866877E2,
-1.272833510184E0));
#1997=CARTESIAN_POINT('',(1.507313998716E2,-1.331106240672E2,
-1.272311315287E0));
#1998=CARTESIAN_POINT('',(1.507174249888E2,-1.330590089678E2,
-1.271738607237E0));
#1999=CARTESIAN_POINT('',(1.507061314498E2,-1.330350208955E2,
-1.271472441671E0));
#2000=CARTESIAN_POINT('',(1.506956037886E2,-1.329351926408E2,
-1.270364772682E0));
#2001=CARTESIAN_POINT('',(1.506922534064E2,-1.329886367415E2,
-1.270957774866E0));
#2002=CARTESIAN_POINT('',(1.506879151115E2,-1.328715066340E2,
-1.269658128906E0));
#2004=CARTESIAN_POINT('',(1.500752380196E2,-1.328713049907E2,
-1.269655891524E0));
#2005=CARTESIAN_POINT('',(1.500792100225E2,-1.332163023999E2,
-1.273483895258E0));
#2006=CARTESIAN_POINT('',(1.504057445409E2,-1.340335558262E2,
-1.282551931958E0));
#2007=CARTESIAN_POINT('',(1.515585916971E2,-1.344662326892E2,
-1.287352804670E0));
#2008=CARTESIAN_POINT('',(1.526997645616E2,-1.340036320039E2,
-1.282219904816E0));
#2009=CARTESIAN_POINT('',(1.530048779033E2,-1.331781391908E2,
-1.273060445971E0));
#2010=CARTESIAN_POINT('',(1.529998526512E2,-1.328331555205E2,
-1.269232594679E0));
#2012=CARTESIAN_POINT('',(1.530000194328E2,-1.328331530919E2,
-1.269232515528E0));
#2013=CARTESIAN_POINT('',(1.529968412949E2,-1.326149738527E2,
-1.266811654036E0));
#2014=CARTESIAN_POINT('',(1.529035966875E2,-1.322214827710E2,
-1.262445653253E0));
#2015=CARTESIAN_POINT('',(1.524596935814E2,-1.316719539454E2,
-1.256348190054E0));
#2016=CARTESIAN_POINT('',(1.518533026681E2,-1.314266450343E2,
-1.253626312958E0));
#2017=CARTESIAN_POINT('',(1.511414957666E2,-1.314454328705E2,
-1.253834775369E0));
#2018=CARTESIAN_POINT('',(1.505572018759E2,-1.317252145370E2,
-1.256939164027E0));
#2019=CARTESIAN_POINT('',(1.501545683825E2,-1.322817381486E2,
-1.263114202453E0));
#2020=CARTESIAN_POINT('',(1.500728011935E2,-1.326633667498E2,
-1.267348672139E0));
#2021=CARTESIAN_POINT('',(1.500751952209E2,-1.328713054833E2,
-1.269655907577E0));
#2023=CARTESIAN_POINT('',(1.489528334675E2,-1.339691177461E2,
-1.281836943367E0));
#2024=CARTESIAN_POINT('',(1.489528334675E2,-1.340061052407E2,
-1.282247347225E0));
#2025=CARTESIAN_POINT('',(1.489730080637E2,-1.340759276917E2,
-1.283022079428E0));
#2026=CARTESIAN_POINT('',(1.490448425372E2,-1.341772646939E2,
-1.284146489099E0));
#2027=CARTESIAN_POINT('',(1.491474248552E2,-1.342497430360E2,
-1.284950690396E0));
#2028=CARTESIAN_POINT('',(1.492200772660E2,-1.342712665608E2,
-1.285189509968E0));
#2029=CARTESIAN_POINT('',(1.492589641004E2,-1.342712665722E2,
-1.285189510094E0));
#2031=DIRECTION('',(0.E0,-9.999384478902E-1,-1.109506335671E-2));
#2032=VECTOR('',#2031,2.189735205746E0);
#2033=CARTESIAN_POINT('',(1.489528334675E2,-1.317795173231E2,
-1.257541692525E0));
#2034=LINE('',#2033,#2032);
#2035=CARTESIAN_POINT('',(1.495649962463E2,-1.317795173232E2,
-1.257541692525E0));
#2036=CARTESIAN_POINT('',(1.495649962463E2,-1.317255591409E2,
-1.256942986223E0));
#2037=CARTESIAN_POINT('',(1.495280409749E2,-1.316309783395E2,
-1.255893541644E0));
#2038=CARTESIAN_POINT('',(1.494125126601E2,-1.315126784917E2,
-1.254580916542E0));
#2039=CARTESIAN_POINT('',(1.492573770265E2,-1.314595557974E2,
-1.253991480603E0));
#2040=CARTESIAN_POINT('',(1.491039842829E2,-1.315140324471E2,
-1.254595939688E0));
#2041=CARTESIAN_POINT('',(1.489899414749E2,-1.316309780431E2,
-1.255893538355E0));
#2042=CARTESIAN_POINT('',(1.489528334675E2,-1.317255438019E2,
-1.256942816026E0));
#2043=CARTESIAN_POINT('',(1.489528334675E2,-1.317795173231E2,
-1.257541692525E0));
#2045=DIRECTION('',(-2.595903774689E-14,9.999384478902E-1,1.109506335671E-2));
#2046=VECTOR('',#2045,2.189735205713E0);
#2047=CARTESIAN_POINT('',(1.495649962463E2,-1.339691177460E2,
-1.281836943367E0));
#2048=LINE('',#2047,#2046);
#2049=CARTESIAN_POINT('',(1.492589641004E2,-1.342712665722E2,
-1.285189510094E0));
#2050=CARTESIAN_POINT('',(1.492974529382E2,-1.342712665834E2,
-1.285189510218E0));
#2051=CARTESIAN_POINT('',(1.493695607886E2,-1.342501398734E2,
-1.284955093603E0));
#2052=CARTESIAN_POINT('',(1.494720728486E2,-1.341781886248E2,
-1.284156740801E0));
#2053=CARTESIAN_POINT('',(1.495443850272E2,-1.340769203170E2,
-1.283033093347E0));
#2054=CARTESIAN_POINT('',(1.495649962463E2,-1.340065298914E2,
-1.282252059041E0));
#2055=CARTESIAN_POINT('',(1.495649962463E2,-1.339691177460E2,
-1.281836943367E0));
#2057=CARTESIAN_POINT('',(1.469025539982E2,-1.342377107098E2,
-1.284817182757E0));
#2058=CARTESIAN_POINT('',(1.470594101596E2,-1.342374875092E2,
-1.284814706180E0));
#2059=CARTESIAN_POINT('',(1.473534968708E2,-1.341676138209E2,
-1.284039405460E0));
#2060=CARTESIAN_POINT('',(1.477550317341E2,-1.339377057736E2,
-1.281488404089E0));
#2061=CARTESIAN_POINT('',(1.480682990087E2,-1.336469174024E2,
-1.278261890088E0));
#2062=CARTESIAN_POINT('',(1.483109107429E2,-1.332727628351E2,
-1.274110365924E0));
#2063=CARTESIAN_POINT('',(1.483748855539E2,-1.330093383127E2,
-1.271187474248E0));
#2064=CARTESIAN_POINT('',(1.483746879487E2,-1.328704225308E2,
-1.269646099972E0));
#2066=CARTESIAN_POINT('',(1.461288093390E2,-1.342377107098E2,
-1.284817182757E0));
#2067=CARTESIAN_POINT('',(1.462150898195E2,-1.342377107098E2,
-1.284817182757E0));
#2068=CARTESIAN_POINT('',(1.463874448914E2,-1.342377270324E2,
-1.284817363868E0));
#2069=CARTESIAN_POINT('',(1.466453597688E2,-1.342376535431E2,
-1.284816548450E0));
#2070=CARTESIAN_POINT('',(1.468168913267E2,-1.342378326047E2,
-1.284818535271E0));
#2071=CARTESIAN_POINT('',(1.469025539982E2,-1.342377107098E2,
-1.284817182757E0));
#2073=CARTESIAN_POINT('',(1.458239604035E2,-1.339376822799E2,
-1.281488143409E0));
#2074=CARTESIAN_POINT('',(1.458239604035E2,-1.339887376595E2,
-1.282054640949E0));
#2075=CARTESIAN_POINT('',(1.458584773896E2,-1.340795252940E2,
-1.283061997512E0));
#2076=CARTESIAN_POINT('',(1.459802065165E2,-1.342008295886E2,
-1.284407959192E0));
#2077=CARTESIAN_POINT('',(1.460748570280E2,-1.342377107098E2,
-1.284817182757E0));
#2078=CARTESIAN_POINT('',(1.461288093390E2,-1.342377107098E2,
-1.284817182757E0));
#2080=DIRECTION('',(-2.672646011895E-14,-9.999384478902E-1,-1.109506335671E-2));
#2081=VECTOR('',#2080,2.126859247645E0);
#2082=CARTESIAN_POINT('',(1.458239604035E2,-1.318109539449E2,
-1.257890505306E0));
#2083=LINE('',#2082,#2081);
#2084=CARTESIAN_POINT('',(1.461288107287E2,-1.315109249590E2,
-1.254561459788E0));
#2085=CARTESIAN_POINT('',(1.460903226716E2,-1.315109249590E2,
-1.254561459788E0));
#2086=CARTESIAN_POINT('',(1.460182938360E2,-1.315320564807E2,
-1.254795929792E0));
#2087=CARTESIAN_POINT('',(1.459162013882E2,-1.316036386262E2,
-1.255590187120E0));
#2088=CARTESIAN_POINT('',(1.458443371928E2,-1.317041969879E2,
-1.256705957192E0));
#2089=CARTESIAN_POINT('',(1.458239604035E2,-1.317739268838E2,
-1.257479662429E0));
#2090=CARTESIAN_POINT('',(1.458239604035E2,-1.318109539449E2,
-1.257890505306E0));
#2092=CARTESIAN_POINT('',(1.469025443010E2,-1.315109249590E2,
-1.254561459788E0));
#2093=CARTESIAN_POINT('',(1.468168840494E2,-1.315108024224E2,
-1.254560100153E0));
#2094=CARTESIAN_POINT('',(1.466453565368E2,-1.315109824699E2,
-1.254562097915E0));
#2095=CARTESIAN_POINT('',(1.463874453552E2,-1.315109085282E2,
-1.254561277477E0));
#2096=CARTESIAN_POINT('',(1.462150911643E2,-1.315109249590E2,
-1.254561459788E0));
#2097=CARTESIAN_POINT('',(1.461288107287E2,-1.315109249590E2,
-1.254561459788E0));
#2099=CARTESIAN_POINT('',(1.483746879487E2,-1.328704225308E2,
-1.269646099972E0));
#2100=CARTESIAN_POINT('',(1.483748853236E2,-1.327323992733E2,
-1.268114628920E0));
#2101=CARTESIAN_POINT('',(1.483112389261E2,-1.324706079516E2,
-1.265209858825E0));
#2102=CARTESIAN_POINT('',(1.480686279474E2,-1.320983668437E2,
-1.261079565920E0));
#2103=CARTESIAN_POINT('',(1.477552567215E2,-1.318093377429E2,
-1.257872572338E0));
#2104=CARTESIAN_POINT('',(1.473537934351E2,-1.315808382386E2,
-1.255337199803E0));
#2105=CARTESIAN_POINT('',(1.470595234978E2,-1.315111495171E2,
-1.254563951428E0));
#2106=CARTESIAN_POINT('',(1.469025443010E2,-1.315109249590E2,
-1.254561459788E0));
#2108=DIRECTION('',(0.E0,9.999384478902E-1,1.109506335671E-2));
#2109=VECTOR('',#2108,1.649510648435E0);
#2110=CARTESIAN_POINT('',(1.464361231823E2,-1.336653609934E2,
-1.278466535495E0));
#2111=LINE('',#2110,#2109);
#2112=DIRECTION('',(-1.E0,0.E0,0.E0));
#2113=VECTOR('',#2112,4.660611121E-1);
#2114=CARTESIAN_POINT('',(1.469021842944E2,-1.336653609934E2,
-1.278466535495E0));
#2115=LINE('',#2114,#2113);
#2116=CARTESIAN_POINT('',(1.477285079100E2,-1.328445643434E2,
-1.269359184084E0));
#2117=CARTESIAN_POINT('',(1.477287445977E2,-1.329437541153E2,
-1.270459768631E0));
#2118=CARTESIAN_POINT('',(1.476772044911E2,-1.331321392491E2,
-1.272550042287E0));
#2119=CARTESIAN_POINT('',(1.474784133061E2,-1.334091847240E2,
-1.275624068596E0));
#2120=CARTESIAN_POINT('',(1.471993427805E2,-1.336099389904E2,
-1.277851587010E0));
#2121=CARTESIAN_POINT('',(1.470052787070E2,-1.336651149051E2,
-1.278463804962E0));
#2122=CARTESIAN_POINT('',(1.469021842944E2,-1.336653609934E2,
-1.278466535495E0));
#2124=CARTESIAN_POINT('',(1.469021842944E2,-1.320159518758E2,
-1.260165110343E0));
#2125=CARTESIAN_POINT('',(1.470037413567E2,-1.320161920127E2,
-1.260167774842E0));
#2126=CARTESIAN_POINT('',(1.471957178122E2,-1.320701007023E2,
-1.260765931986E0));
#2127=CARTESIAN_POINT('',(1.474748493471E2,-1.322710056077E2,
-1.262995121851E0));
#2128=CARTESIAN_POINT('',(1.476753900663E2,-1.325505308857E2,
-1.266096663426E0));
#2129=CARTESIAN_POINT('',(1.477287483270E2,-1.327428544059E2,
-1.268230636419E0));
#2130=CARTESIAN_POINT('',(1.477285079100E2,-1.328445643434E2,
-1.269359184084E0));
#2132=DIRECTION('',(1.E0,0.E0,0.E0));
#2133=VECTOR('',#2132,4.660611121E-1);
#2134=CARTESIAN_POINT('',(1.464361231823E2,-1.320159518758E2,
-1.260165110343E0));
#2135=LINE('',#2134,#2133);
#2136=CARTESIAN_POINT('',(1.440646025083E2,-1.342712665722E2,
-1.285189510094E0));
#2137=CARTESIAN_POINT('',(1.441990770224E2,-1.342712665721E2,
-1.285189510092E0));
#2138=CARTESIAN_POINT('',(1.444550727429E2,-1.342436132377E2,
-1.284882675709E0));
#2139=CARTESIAN_POINT('',(1.448373490253E2,-1.340909545974E2,
-1.283188814162E0));
#2140=CARTESIAN_POINT('',(1.451074959244E2,-1.338126126529E2,
-1.280100402555E0));
#2141=CARTESIAN_POINT('',(1.452519877415E2,-1.334296105003E2,
-1.275850707828E0));
#2142=CARTESIAN_POINT('',(1.452798567950E2,-1.331737766021E2,
-1.273012039794E0));
#2143=CARTESIAN_POINT('',(1.452798567950E2,-1.330399249231E2,
-1.271526855519E0));
#2145=CARTESIAN_POINT('',(1.428651243392E2,-1.330594088023E2,
-1.271743043699E0));
#2146=CARTESIAN_POINT('',(1.428651243392E2,-1.332298680218E2,
-1.273634415957E0));
#2147=CARTESIAN_POINT('',(1.429091036265E2,-1.335425154666E2,
-1.277103472693E0));
#2148=CARTESIAN_POINT('',(1.431384715990E2,-1.339861323296E2,
-1.282025732869E0));
#2149=CARTESIAN_POINT('',(1.435801949746E2,-1.342276929744E2,
-1.284706028506E0));
#2150=CARTESIAN_POINT('',(1.438931380675E2,-1.342712665723E2,
-1.285189510095E0));
#2151=CARTESIAN_POINT('',(1.440646025083E2,-1.342712665722E2,
-1.285189510094E0));
#2153=DIRECTION('',(0.E0,-9.999384478902E-1,-1.109506335671E-2));
#2154=VECTOR('',#2153,1.282076800652E0);
#2155=CARTESIAN_POINT('',(1.428651243392E2,-1.317774109161E2,
-1.257518320367E0));
#2156=LINE('',#2155,#2154);
#2157=CARTESIAN_POINT('',(1.434747481485E2,-1.317774109162E2,
-1.257518320368E0));
#2158=CARTESIAN_POINT('',(1.434747481485E2,-1.317239750659E2,
-1.256925409728E0));
#2159=CARTESIAN_POINT('',(1.434382428159E2,-1.316302229349E2,
-1.255885159866E0));
#2160=CARTESIAN_POINT('',(1.433230524420E2,-1.315124410042E2,
-1.254578281441E0));
#2161=CARTESIAN_POINT('',(1.431683896301E2,-1.314596751462E2,
-1.253992804866E0));
#2162=CARTESIAN_POINT('',(1.430154771653E2,-1.315137842579E2,
-1.254593185844E0));
#2163=CARTESIAN_POINT('',(1.429017962096E2,-1.316301964020E2,
-1.255884865463E0));
#2164=CARTESIAN_POINT('',(1.428651243392E2,-1.317239480750E2,
-1.256925110244E0));
#2165=CARTESIAN_POINT('',(1.428651243392E2,-1.317774109161E2,
-1.257518320367E0));
#2167=DIRECTION('',(4.488268253295E-14,9.999384478902E-1,1.109506335671E-2));
#2168=VECTOR('',#2167,1.266488891770E0);
#2169=CARTESIAN_POINT('',(1.434747481485E2,-1.330438218530E2,
-1.271570094863E0));
#2170=LINE('',#2169,#2168);
#2171=CARTESIAN_POINT('',(1.446702083354E2,-1.330633049618E2,
-1.271786274496E0));
#2172=CARTESIAN_POINT('',(1.446702083354E2,-1.331706200244E2,
-1.272977015207E0));
#2173=CARTESIAN_POINT('',(1.446402476405E2,-1.333619147587E2,
-1.275099573052E0));
#2174=CARTESIAN_POINT('',(1.445074327875E2,-1.335951644341E2,
-1.277687652280E0));
#2175=CARTESIAN_POINT('',(1.442335693746E2,-1.337260681386E2,
-1.279140126578E0));
#2176=CARTESIAN_POINT('',(1.439035146363E2,-1.337224503572E2,
-1.279099984594E0));
#2177=CARTESIAN_POINT('',(1.436339734603E2,-1.335862563053E2,
-1.277588809943E0));
#2178=CARTESIAN_POINT('',(1.435024050392E2,-1.333468310202E2,
-1.274932207717E0));
#2179=CARTESIAN_POINT('',(1.434747481485E2,-1.331525252848E2,
-1.272776240568E0));
#2180=CARTESIAN_POINT('',(1.434747481485E2,-1.330438218530E2,
-1.271570094863E0));
#2182=DIRECTION('',(-2.210132328619E-14,-9.999384478902E-1,-1.109506335671E-2));
#2183=VECTOR('',#2182,1.285973199992E0);
#2184=CARTESIAN_POINT('',(1.446702083354E2,-1.317774109162E2,
-1.257518320367E0));
#2185=LINE('',#2184,#2183);
#2186=CARTESIAN_POINT('',(1.452798567950E2,-1.317774109161E2,
-1.257518320367E0));
#2187=CARTESIAN_POINT('',(1.452798567950E2,-1.317239787109E2,
-1.256925450172E0));
#2188=CARTESIAN_POINT('',(1.452433554834E2,-1.316302309452E2,
-1.255885248746E0));
#2189=CARTESIAN_POINT('',(1.451281586326E2,-1.315124449635E2,
-1.254578325373E0));
#2190=CARTESIAN_POINT('',(1.449734884795E2,-1.314596748710E2,
-1.253992801812E0));
#2191=CARTESIAN_POINT('',(1.448205650387E2,-1.315137811086E2,
-1.254593150900E0));
#2192=CARTESIAN_POINT('',(1.447068778475E2,-1.316301987579E2,
-1.255884891604E0));
#2193=CARTESIAN_POINT('',(1.446702083354E2,-1.317239492367E2,
-1.256925123134E0));
#2194=CARTESIAN_POINT('',(1.446702083354E2,-1.317774109162E2,
-1.257518320367E0));
#2196=DIRECTION('',(0.E0,9.999384478902E-1,1.109506335671E-2));
#2197=VECTOR('',#2196,1.262591722206E0);
#2198=CARTESIAN_POINT('',(1.452798567950E2,-1.330399249231E2,
-1.271526855519E0));
#2199=LINE('',#2198,#2197);
#2200=CARTESIAN_POINT('',(1.413347664684E2,-1.342712665722E2,
-1.285189510094E0));
#2201=CARTESIAN_POINT('',(1.413866784877E2,-1.342712666336E2,
-1.285189510776E0));
#2202=CARTESIAN_POINT('',(1.414785367439E2,-1.342360760042E2,
-1.284799044478E0));
#2203=CARTESIAN_POINT('',(1.415996178004E2,-1.341154049134E2,
-1.283460108666E0));
#2204=CARTESIAN_POINT('',(1.416355482915E2,-1.340227749430E2,
-1.282432310013E0));
#2205=CARTESIAN_POINT('',(1.416355482915E2,-1.339702214139E2,
-1.281849189386E0));
#2207=CARTESIAN_POINT('',(1.410339850938E2,-1.339702214139E2,
-1.281849189386E0));
#2208=CARTESIAN_POINT('',(1.410339850938E2,-1.340222724788E2,
-1.282426734798E0));
#2209=CARTESIAN_POINT('',(1.410692790228E2,-1.341143200837E2,
-1.283448071671E0));
#2210=CARTESIAN_POINT('',(1.411899070538E2,-1.342354347027E2,
-1.284791928759E0));
#2211=CARTESIAN_POINT('',(1.412823501165E2,-1.342712665101E2,
-1.285189509405E0));
#2212=CARTESIAN_POINT('',(1.413347664684E2,-1.342712665722E2,
-1.285189510094E0));
#2214=DIRECTION('',(0.E0,-9.999384478902E-1,-1.109506335671E-2));
#2215=VECTOR('',#2214,1.904133449065E0);
#2216=CARTESIAN_POINT('',(1.410339850938E2,-1.320662051683E2,
-1.260722708129E0));
#2217=LINE('',#2216,#2215);
#2218=DIRECTION('',(1.E0,0.E0,0.E0));
#2219=VECTOR('',#2218,5.782441195812E-1);
#2220=CARTESIAN_POINT('',(1.404557409742E2,-1.320662051683E2,
-1.260722708129E0));
#2221=LINE('',#2220,#2219);
#2222=CARTESIAN_POINT('',(1.404557409743E2,-1.315110305602E2,
-1.254562631512E0));
#2223=CARTESIAN_POINT('',(1.403900772179E2,-1.315110305602E2,
-1.254562631512E0));
#2224=CARTESIAN_POINT('',(1.402828034668E2,-1.315499500478E2,
-1.254994472273E0));
#2225=CARTESIAN_POINT('',(1.401734921928E2,-1.316989379296E2,
-1.256647604015E0));
#2226=CARTESIAN_POINT('',(1.401733820637E2,-1.318780980945E2,
-1.258635519757E0));
#2227=CARTESIAN_POINT('',(1.402828062653E2,-1.320273167679E2,
-1.260291212303E0));
#2228=CARTESIAN_POINT('',(1.403900759444E2,-1.320662051683E2,
-1.260722708129E0));
#2229=CARTESIAN_POINT('',(1.404557409742E2,-1.320662051683E2,
-1.260722708129E0));
#2231=DIRECTION('',(-1.E0,0.E0,0.E0));
#2232=VECTOR('',#2231,1.757928185691E0);
#2233=CARTESIAN_POINT('',(1.422136691600E2,-1.315110305602E2,
-1.254562631512E0));
#2234=LINE('',#2233,#2232);
#2235=CARTESIAN_POINT('',(1.422136691602E2,-1.320662051683E2,
-1.260722708129E0));
#2236=CARTESIAN_POINT('',(1.422793329164E2,-1.320662051683E2,
-1.260722708129E0));
#2237=CARTESIAN_POINT('',(1.423866066673E2,-1.320272856808E2,
-1.260290867368E0));
#2238=CARTESIAN_POINT('',(1.424959179415E2,-1.318782977991E2,
-1.258637735628E0));
#2239=CARTESIAN_POINT('',(1.424960280707E2,-1.316991376342E2,
-1.256649819886E0));
#2240=CARTESIAN_POINT('',(1.423866038692E2,-1.315499189607E2,
-1.254994127339E0));
#2241=CARTESIAN_POINT('',(1.422793341900E2,-1.315110305602E2,
-1.254562631512E0));
#2242=CARTESIAN_POINT('',(1.422136691600E2,-1.315110305602E2,
-1.254562631512E0));
#2244=DIRECTION('',(1.E0,0.E0,0.E0));
#2245=VECTOR('',#2244,5.781208686537E-1);
#2246=CARTESIAN_POINT('',(1.416355482915E2,-1.320662051683E2,
-1.260722708129E0));
#2247=LINE('',#2246,#2245);
#2248=DIRECTION('',(0.E0,9.999384478902E-1,1.109506335671E-2));
#2249=VECTOR('',#2248,1.904133449060E0);
#2250=CARTESIAN_POINT('',(1.416355482915E2,-1.339702214139E2,
-1.281849189386E0));
#2251=LINE('',#2250,#2249);
#2252=CARTESIAN_POINT('',(1.389554565575E2,-1.342712665722E2,
-1.285189510094E0));
#2253=CARTESIAN_POINT('',(1.390680482135E2,-1.342712665722E2,
-1.285189510094E0));
#2254=CARTESIAN_POINT('',(1.392777167968E2,-1.342238129430E2,
-1.284662976662E0));
#2255=CARTESIAN_POINT('',(1.395572352653E2,-1.340785088005E2,
-1.283050718758E0));
#2256=CARTESIAN_POINT('',(1.397743000673E2,-1.338960097195E2,
-1.281025755250E0));
#2257=CARTESIAN_POINT('',(1.399376742778E2,-1.336591664523E2,
-1.278397802439E0));
#2258=CARTESIAN_POINT('',(1.399752980127E2,-1.334987239614E2,
-1.276617573260E0));
#2259=CARTESIAN_POINT('',(1.399746353970E2,-1.334150321225E2,
-1.275688949846E0));
#2261=CARTESIAN_POINT('',(1.379126796376E2,-1.339413842864E2,
-1.281529219934E0));
#2262=CARTESIAN_POINT('',(1.380089919542E2,-1.340098737932E2,
-1.282289162128E0));
#2263=CARTESIAN_POINT('',(1.382146187047E2,-1.341262525558E2,
-1.283580471354E0));
#2264=CARTESIAN_POINT('',(1.385869335151E2,-1.342453988819E2,
-1.284902488764E0));
#2265=CARTESIAN_POINT('',(1.388307381366E2,-1.342712665722E2,
-1.285189510093E0));
#2266=CARTESIAN_POINT('',(1.389554565575E2,-1.342712665722E2,
-1.285189510094E0));
#2268=CARTESIAN_POINT('',(1.393681819795E2,-1.334741128894E2,
-1.276344495049E0));
#2269=CARTESIAN_POINT('',(1.393689882805E2,-1.335104231970E2,
-1.276747385011E0));
#2270=CARTESIAN_POINT('',(1.393453845292E2,-1.335757237597E2,
-1.277471943489E0));
#2271=CARTESIAN_POINT('',(1.392475793385E2,-1.336605106645E2,
-1.278412717476E0));
#2272=CARTESIAN_POINT('',(1.391307930641E2,-1.337065440197E2,
-1.278923491909E0));
#2273=CARTESIAN_POINT('',(1.390000030842E2,-1.337377255008E2,
-1.279269473713E0));
#2274=CARTESIAN_POINT('',(1.388487731520E2,-1.337452570268E2,
-1.279353041614E0));
#2275=CARTESIAN_POINT('',(1.386864752682E2,-1.337151327132E2,
-1.279018789873E0));
#2276=CARTESIAN_POINT('',(1.385237138189E2,-1.336413053930E2,
-1.278199620656E0));
#2277=CARTESIAN_POINT('',(1.383668732333E2,-1.335532399237E2,
-1.277222468549E0));
#2278=CARTESIAN_POINT('',(1.382193665936E2,-1.334580747695E2,
-1.276166540139E0));
#2279=CARTESIAN_POINT('',(1.380466142255E2,-1.334183023841E2,
-1.275725235839E0));
#2280=CARTESIAN_POINT('',(1.379080013462E2,-1.334982208147E2,
-1.276611990472E0));
#2281=CARTESIAN_POINT('',(1.377985741674E2,-1.336241351750E2,
-1.278009104273E0));
#2282=CARTESIAN_POINT('',(1.377939401659E2,-1.338130026467E2,
-1.280104729828E0));
#2283=CARTESIAN_POINT('',(1.378589638887E2,-1.339037958248E2,
-1.281112147899E0));
#2284=CARTESIAN_POINT('',(1.379126796376E2,-1.339413842864E2,
-1.281529219934E0));
#2286=CARTESIAN_POINT('',(1.388087632884E2,-1.331206074760E2,
-1.272422088658E0));
#2287=CARTESIAN_POINT('',(1.388630529225E2,-1.331343363788E2,
-1.272574421080E0));
#2288=CARTESIAN_POINT('',(1.389679037459E2,-1.331586858205E2,
-1.272844596309E0));
#2289=CARTESIAN_POINT('',(1.391099050292E2,-1.332075872421E2,
-1.273387194077E0));
#2290=CARTESIAN_POINT('',(1.392336956600E2,-1.332683280218E2,
-1.274061158361E0));
#2291=CARTESIAN_POINT('',(1.393437829836E2,-1.333625958076E2,
-1.275107129798E0));
#2292=CARTESIAN_POINT('',(1.393691167532E2,-1.334346529611E2,
-1.275906657695E0));
#2293=CARTESIAN_POINT('',(1.393681819795E2,-1.334741128894E2,
-1.276344495049E0));
#2295=CARTESIAN_POINT('',(1.378886112112E2,-1.322763400433E2,
-1.263054311395E0));
#2296=CARTESIAN_POINT('',(1.378878849246E2,-1.323707220280E2,
-1.264101549955E0));
#2297=CARTESIAN_POINT('',(1.379406946784E2,-1.325486815602E2,
-1.266076143780E0));
#2298=CARTESIAN_POINT('',(1.381453433351E2,-1.327916364074E2,
-1.268771909133E0));
#2299=CARTESIAN_POINT('',(1.384357794603E2,-1.329875400018E2,
-1.270945605720E0));
#2300=CARTESIAN_POINT('',(1.386748038524E2,-1.330867314682E2,
-1.272046209068E0));
#2301=CARTESIAN_POINT('',(1.388087632884E2,-1.331206074760E2,
-1.272422088658E0));
#2303=CARTESIAN_POINT('',(1.384950841908E2,-1.322212668010E2,
-1.262443232669E0));
#2304=CARTESIAN_POINT('',(1.384941100877E2,-1.321815106961E2,
-1.262002109015E0));
#2305=CARTESIAN_POINT('',(1.385206715595E2,-1.321116316253E2,
-1.261226748572E0));
#2306=CARTESIAN_POINT('',(1.386368677598E2,-1.320287579570E2,
-1.260307203372E0));
#2307=CARTESIAN_POINT('',(1.387615840474E2,-1.319878522219E2,
-1.259853323711E0));
#2308=CARTESIAN_POINT('',(1.389133366999E2,-1.319681339098E2,
-1.259634534323E0));
#2309=CARTESIAN_POINT('',(1.390761131705E2,-1.319930416517E2,
-1.259910904309E0));
#2310=CARTESIAN_POINT('',(1.392452526070E2,-1.320636893141E2,
-1.260694792849E0));
#2311=CARTESIAN_POINT('',(1.394069063338E2,-1.321549982787E2,
-1.261707933957E0));
#2312=CARTESIAN_POINT('',(1.396258549814E2,-1.322370592376E2,
-1.262618461540E0));
#2313=CARTESIAN_POINT('',(1.397957640668E2,-1.321143938049E2,
-1.261257397016E0));
#2314=CARTESIAN_POINT('',(1.398901039238E2,-1.319774121097E2,
-1.259737482876E0));
#2315=CARTESIAN_POINT('',(1.398571748280E2,-1.317942519228E2,
-1.257705183905E0));
#2316=CARTESIAN_POINT('',(1.397231929806E2,-1.316613159011E2,
-1.256230159530E0));
#2317=CARTESIAN_POINT('',(1.395387361867E2,-1.315587219419E2,
-1.255091802985E0));
#2318=CARTESIAN_POINT('',(1.393236674086E2,-1.315019732074E2,
-1.254462133423E0));
#2319=CARTESIAN_POINT('',(1.390853398066E2,-1.314538128206E2,
-1.253927757989E0));
#2320=CARTESIAN_POINT('',(1.388129336161E2,-1.314344081262E2,
-1.253712448422E0));
#2321=CARTESIAN_POINT('',(1.384975819033E2,-1.314768588720E2,
-1.254183471129E0));
#2322=CARTESIAN_POINT('',(1.381911794431E2,-1.316098408878E2,
-1.255659005841E0));
#2323=CARTESIAN_POINT('',(1.379502432725E2,-1.319111200734E2,
-1.259001923257E0));
#2324=CARTESIAN_POINT('',(1.378878445251E2,-1.321446063294E2,
-1.261592627524E0));
#2325=CARTESIAN_POINT('',(1.378886112112E2,-1.322763400433E2,
-1.263054311395E0));
#2327=CARTESIAN_POINT('',(1.390941878179E2,-1.325865127314E2,
-1.266495908859E0));
#2328=CARTESIAN_POINT('',(1.390364234191E2,-1.325718525526E2,
-1.266333243234E0));
#2329=CARTESIAN_POINT('',(1.389246347295E2,-1.325468743581E2,
-1.266056091524E0));
#2330=CARTESIAN_POINT('',(1.387730569097E2,-1.324976854617E2,
-1.265510304007E0));
#2331=CARTESIAN_POINT('',(1.386404879776E2,-1.324362564923E2,
-1.264828703747E0));
#2332=CARTESIAN_POINT('',(1.385213487116E2,-1.323386163503E2,
-1.263745313500E0));
#2333=CARTESIAN_POINT('',(1.384941446628E2,-1.322629287692E2,
-1.262905503300E0));
#2334=CARTESIAN_POINT('',(1.384950841908E2,-1.322212668010E2,
-1.262443232669E0));
#2336=CARTESIAN_POINT('',(1.399746353970E2,-1.334150321225E2,
-1.275688949846E0));
#2337=CARTESIAN_POINT('',(1.399753407778E2,-1.333236342766E2,
-1.274674822534E0));
#2338=CARTESIAN_POINT('',(1.399252311458E2,-1.331506796734E2,
-1.272755762132E0));
#2339=CARTESIAN_POINT('',(1.397310210617E2,-1.329124628331E2,
-1.270112568501E0));
#2340=CARTESIAN_POINT('',(1.394533445459E2,-1.327184126260E2,
-1.267959436630E0));
#2341=CARTESIAN_POINT('',(1.392234921729E2,-1.326198844689E2,
-1.266866193193E0));
#2342=CARTESIAN_POINT('',(1.390941878179E2,-1.325865127314E2,
-1.266495908859E0));
#2344=CARTESIAN_POINT('',(1.345320048991E2,-1.339695418781E2,
-1.281841649429E0));
#2345=CARTESIAN_POINT('',(1.345320048991E2,-1.340066313716E2,
-1.282253185040E0));
#2346=CARTESIAN_POINT('',(1.345522575330E2,-1.340765644552E2,
-1.283029144795E0));
#2347=CARTESIAN_POINT('',(1.346238765614E2,-1.341777391505E2,
-1.284151753549E0));
#2348=CARTESIAN_POINT('',(1.347259168172E2,-1.342499537131E2,
-1.284953028015E0));
#2349=CARTESIAN_POINT('',(1.347979788692E2,-1.342712665360E2,
-1.285189509693E0));
#2350=CARTESIAN_POINT('',(1.348365084950E2,-1.342712665722E2,
-1.285189510094E0));
#2352=DIRECTION('',(0.E0,-9.999384478902E-1,-1.109506335671E-2));
#2353=VECTOR('',#2352,7.798323132331E-1);
#2354=CARTESIAN_POINT('',(1.345320048991E2,-1.331897575652E2,
-1.273189360506E0));
#2355=LINE('',#2354,#2353);
#2356=DIRECTION('',(5.963529444886E-1,-8.026729372642E-1,-8.906255292468E-3));
#2357=VECTOR('',#2356,1.498720747946E0);
#2358=CARTESIAN_POINT('',(1.336382383681E2,-1.319867749803E2,
-1.259841370913E0));
#2359=LINE('',#2358,#2357);
#2360=CARTESIAN_POINT('',(1.341682174190E2,-1.316654577741E2,
-1.256276116703E0));
#2361=CARTESIAN_POINT('',(1.341288519515E2,-1.316079718629E2,
-1.255638267615E0));
#2362=CARTESIAN_POINT('',(1.340404402298E2,-1.315228530841E2,
-1.254693811239E0));
#2363=CARTESIAN_POINT('',(1.338838150823E2,-1.314632646466E2,
-1.254032633052E0));
#2364=CARTESIAN_POINT('',(1.337159794241E2,-1.315167911821E2,
-1.254626549912E0));
#2365=CARTESIAN_POINT('',(1.335793469866E2,-1.316543475991E2,
-1.256152841020E0));
#2366=CARTESIAN_POINT('',(1.335490037593E2,-1.318362975147E2,
-1.258171711127E0));
#2367=CARTESIAN_POINT('',(1.335999336889E2,-1.319349383130E2,
-1.259266204402E0));
#2368=CARTESIAN_POINT('',(1.336382383681E2,-1.319867749803E2,
-1.259841370913E0));
#2370=DIRECTION('',(-5.735598009155E-1,8.191132710411E-1,9.088673065526E-3));
#2371=VECTOR('',#2370,1.172040450826E0);
#2372=CARTESIAN_POINT('',(1.348404527066E2,-1.326254916615E2,
-1.266928409180E0));
#2373=LINE('',#2372,#2371);
#2374=DIRECTION('',(-5.771874773857E-1,-8.165614036057E-1,-9.060358191813E-3));
#2375=VECTOR('',#2374,1.185301753203E0);
#2376=CARTESIAN_POINT('',(1.355245940355E2,-1.316576199982E2,
-1.256189150730E0));
#2377=LINE('',#2376,#2375);
#2378=CARTESIAN_POINT('',(1.360347789846E2,-1.319828564781E2,
-1.259797892206E0));
#2379=CARTESIAN_POINT('',(1.360947066880E2,-1.318996047905E2,
-1.258874152599E0));
#2380=CARTESIAN_POINT('',(1.361449814593E2,-1.317415290172E2,
-1.257120183919E0));
#2381=CARTESIAN_POINT('',(1.360106639992E2,-1.315438370196E2,
-1.254926643663E0));
#2382=CARTESIAN_POINT('',(1.358388335486E2,-1.314579913707E2,
-1.253974122120E0));
#2383=CARTESIAN_POINT('',(1.356619394801E2,-1.315049634454E2,
-1.254495312345E0));
#2384=CARTESIAN_POINT('',(1.355674924466E2,-1.315949753229E2,
-1.255494061305E0));
#2385=CARTESIAN_POINT('',(1.355245940355E2,-1.316576199982E2,
-1.256189150730E0));
#2387=DIRECTION('',(5.988534600327E-1,8.008093280709E-1,8.885577157613E-3));
#2388=VECTOR('',#2387,1.492421669558E0);
#2389=CARTESIAN_POINT('',(1.351410371040E2,-1.331780016725E2,
-1.273058920103E0));
#2390=LINE('',#2389,#2388);
#2391=DIRECTION('',(0.E0,9.999384478902E-1,1.109506335671E-2));
#2392=VECTOR('',#2391,7.915889295897E-1);
#2393=CARTESIAN_POINT('',(1.351410371040E2,-1.339695418781E2,
-1.281841649429E0));
#2394=LINE('',#2393,#2392);
#2395=CARTESIAN_POINT('',(1.348365084950E2,-1.342712665722E2,
-1.285189510094E0));
#2396=CARTESIAN_POINT('',(1.348746672456E2,-1.342712666080E2,
-1.285189510491E0));
#2397=CARTESIAN_POINT('',(1.349462304657E2,-1.342503370486E2,
-1.284957281409E0));
#2398=CARTESIAN_POINT('',(1.350482559015E2,-1.341786276126E2,
-1.284161611699E0));
#2399=CARTESIAN_POINT('',(1.351203664426E2,-1.340775049794E2,
-1.283039580613E0));
#2400=CARTESIAN_POINT('',(1.351410371040E2,-1.340070335512E2,
-1.282257647522E0));
#2401=CARTESIAN_POINT('',(1.351410371040E2,-1.339695418781E2,
-1.281841649429E0));
#2403=CARTESIAN_POINT('',(1.328542148268E2,-1.342712665722E2,
-1.285189510094E0));
#2404=CARTESIAN_POINT('',(1.328913642701E2,-1.342712665031E2,
-1.285189509327E0));
#2405=CARTESIAN_POINT('',(1.329613166070E2,-1.342509564522E2,
-1.284964154154E0));
#2406=CARTESIAN_POINT('',(1.330621493748E2,-1.341797091012E2,
-1.284173611621E0));
#2407=CARTESIAN_POINT('',(1.331339529967E2,-1.340784619913E2,
-1.283050199374E0));
#2408=CARTESIAN_POINT('',(1.331549960747E2,-1.340071832914E2,
-1.282259309002E0));
#2409=CARTESIAN_POINT('',(1.331549960747E2,-1.339691177460E2,
-1.281836943366E0));
#2411=CARTESIAN_POINT('',(1.325534328769E2,-1.339691177460E2,
-1.281836943367E0));
#2412=CARTESIAN_POINT('',(1.325534328769E2,-1.340068008488E2,
-1.282255065515E0));
#2413=CARTESIAN_POINT('',(1.325740824425E2,-1.340775646609E2,
-1.283040242824E0));
#2414=CARTESIAN_POINT('',(1.326453855951E2,-1.341788086284E2,
-1.284163620204E0));
#2415=CARTESIAN_POINT('',(1.327461862412E2,-1.342505475315E2,
-1.284959616874E0));
#2416=CARTESIAN_POINT('',(1.328166695626E2,-1.342712666420E2,
-1.285189510868E0));
#2417=CARTESIAN_POINT('',(1.328542148268E2,-1.342712665722E2,
-1.285189510094E0));
#2419=DIRECTION('',(0.E0,-9.999384478902E-1,-1.109506335671E-2));
#2420=VECTOR('',#2419,8.240934679588E-1);
#2421=CARTESIAN_POINT('',(1.325534328769E2,-1.331450750028E2,
-1.272693574128E0));
#2422=LINE('',#2421,#2420);
#2423=DIRECTION('',(1.E0,0.E0,0.E0));
#2424=VECTOR('',#2423,1.109431029400E0);
#2425=CARTESIAN_POINT('',(1.314440018475E2,-1.331450750028E2,
-1.272693574128E0));
#2426=LINE('',#2425,#2424);
#2427=DIRECTION('',(0.E0,9.999384478902E-1,1.109506335671E-2));
#2428=VECTOR('',#2427,8.240934679745E-1);
#2429=CARTESIAN_POINT('',(1.314440018475E2,-1.339691177460E2,
-1.281836943367E0));
#2430=LINE('',#2429,#2428);
#2431=CARTESIAN_POINT('',(1.308423400490E2,-1.339691177461E2,
-1.281836943367E0));
#2432=CARTESIAN_POINT('',(1.308423400490E2,-1.340237878870E2,
-1.282443549382E0));
#2433=CARTESIAN_POINT('',(1.308802271056E2,-1.341191841612E2,
-1.283502042241E0));
#2434=CARTESIAN_POINT('',(1.309929105076E2,-1.342358888426E2,
-1.284796967781E0));
#2435=CARTESIAN_POINT('',(1.311446017456E2,-1.342890946211E2,
-1.285387325602E0));
#2436=CARTESIAN_POINT('',(1.312946548244E2,-1.342345659886E2,
-1.284782289729E0));
#2437=CARTESIAN_POINT('',(1.314060391514E2,-1.341191255123E2,
-1.283501391488E0));
#2438=CARTESIAN_POINT('',(1.314440018475E2,-1.340237751216E2,
-1.282443407741E0));
#2439=CARTESIAN_POINT('',(1.314440018475E2,-1.339691177460E2,
-1.281836943367E0));
#2441=DIRECTION('',(0.E0,-9.999384478902E-1,-1.109506335671E-2));
#2442=VECTOR('',#2441,2.189735205766E0);
#2443=CARTESIAN_POINT('',(1.308423400490E2,-1.317795173231E2,
-1.257541692525E0));
#2444=LINE('',#2443,#2442);
#2445=CARTESIAN_POINT('',(1.314440018475E2,-1.317795173232E2,
-1.257541692525E0));
#2446=CARTESIAN_POINT('',(1.314440018475E2,-1.317248615462E2,
-1.256935245888E0));
#2447=CARTESIAN_POINT('',(1.314061264436E2,-1.316294830911E2,
-1.255876950747E0));
#2448=CARTESIAN_POINT('',(1.312934446323E2,-1.315127800906E2,
-1.254582043857E0));
#2449=CARTESIAN_POINT('',(1.311417640738E2,-1.314595378650E2,
-1.253991281628E0));
#2450=CARTESIAN_POINT('',(1.309916871495E2,-1.315140412734E2,
-1.254596037623E0));
#2451=CARTESIAN_POINT('',(1.308803029966E2,-1.316294954536E2,
-1.255877087918E0));
#2452=CARTESIAN_POINT('',(1.308423400490E2,-1.317248540254E2,
-1.256935162440E0));
#2453=CARTESIAN_POINT('',(1.308423400490E2,-1.317795173231E2,
-1.257541692525E0));
#2455=DIRECTION('',(0.E0,9.999384478902E-1,1.109506335671E-2));
#2456=VECTOR('',#2455,8.083973043721E-1);
#2457=CARTESIAN_POINT('',(1.314440018475E2,-1.325878648690E2,
-1.266510911835E0));
#2458=LINE('',#2457,#2456);
#2459=DIRECTION('',(-1.E0,0.E0,0.E0));
#2460=VECTOR('',#2459,1.109431029400E0);
#2461=CARTESIAN_POINT('',(1.325534328769E2,-1.325878648690E2,
-1.266510911835E0));
#2462=LINE('',#2461,#2460);
#2463=DIRECTION('',(0.E0,-9.999384478902E-1,-1.109506335671E-2));
#2464=VECTOR('',#2463,8.083973043897E-1);
#2465=CARTESIAN_POINT('',(1.325534328769E2,-1.317795173232E2,
-1.257541692525E0));
#2466=LINE('',#2465,#2464);
#2467=CARTESIAN_POINT('',(1.331549960747E2,-1.317795173231E2,
-1.257541692525E0));
#2468=CARTESIAN_POINT('',(1.331549960747E2,-1.317248479283E2,
-1.256935094788E0));
#2469=CARTESIAN_POINT('',(1.331171066398E2,-1.316294532075E2,
-1.255876619166E0));
#2470=CARTESIAN_POINT('',(1.330044506840E2,-1.315127636766E2,
-1.254581861732E0));
#2471=CARTESIAN_POINT('',(1.328527965895E2,-1.314595387859E2,
-1.253991291847E0));
#2472=CARTESIAN_POINT('',(1.327027625042E2,-1.315140554851E2,
-1.254596195312E0));
#2473=CARTESIAN_POINT('',(1.325914031988E2,-1.316294892098E2,
-1.255877018638E0));
#2474=CARTESIAN_POINT('',(1.325534328769E2,-1.317248507919E2,
-1.256935126562E0));
#2475=CARTESIAN_POINT('',(1.325534328769E2,-1.317795173232E2,
-1.257541692525E0));
#2477=DIRECTION('',(0.E0,9.999384478902E-1,1.109506335671E-2));
#2478=VECTOR('',#2477,2.189735205682E0);
#2479=CARTESIAN_POINT('',(1.331549960747E2,-1.339691177460E2,
-1.281836943366E0));
#2480=LINE('',#2479,#2478);
#2481=CARTESIAN_POINT('',(1.293223847820E2,-1.334267745773E2,
-1.275819241146E0));
#2482=CARTESIAN_POINT('',(1.294426453030E2,-1.334265330798E2,
-1.275816561551E0));
#2483=CARTESIAN_POINT('',(1.296674267557E2,-1.333748309061E2,
-1.275242887347E0));
#2484=CARTESIAN_POINT('',(1.299706171575E2,-1.332126380370E2,
-1.273443236416E0));
#2485=CARTESIAN_POINT('',(1.302077862209E2,-1.330078047511E2,
-1.271170458238E0));
#2486=CARTESIAN_POINT('',(1.303897958271E2,-1.327418077240E2,
-1.268219022702E0));
#2487=CARTESIAN_POINT('',(1.304344255618E2,-1.325577392967E2,
-1.266176646127E0));
#2488=CARTESIAN_POINT('',(1.304342315299E2,-1.324610828988E2,
-1.265104171255E0));
#2490=DIRECTION('',(1.E0,-6.182646319472E-14,0.E0));
#2491=VECTOR('',#2490,4.597013634904E-1);
#2492=CARTESIAN_POINT('',(1.288626834185E2,-1.334267745773E2,
-1.275819241146E0));
#2493=LINE('',#2492,#2491);
#2494=DIRECTION('',(2.091830007794E-13,9.999384478902E-1,1.109506335671E-2));
#2495=VECTOR('',#2494,5.434802890199E-1);
#2496=CARTESIAN_POINT('',(1.288626834185E2,-1.339702214139E2,
-1.281849189386E0));
#2497=LINE('',#2496,#2495);
#2498=CARTESIAN_POINT('',(1.285602011823E2,-1.342712665722E2,
-1.285189510094E0));
#2499=CARTESIAN_POINT('',(1.285979268002E2,-1.342712665277E2,
-1.285189509600E0));
#2500=CARTESIAN_POINT('',(1.286687701046E2,-1.342505947847E2,
-1.284960141184E0));
#2501=CARTESIAN_POINT('',(1.287701286329E2,-1.341792284441E2,
-1.284168278372E0));
#2502=CARTESIAN_POINT('',(1.288419462823E2,-1.340783410584E2,
-1.283048857534E0));
#2503=CARTESIAN_POINT('',(1.288626834185E2,-1.340077980729E2,
-1.282266130462E0));
#2504=CARTESIAN_POINT('',(1.288626834185E2,-1.339702214139E2,
-1.281849189386E0));
#2506=CARTESIAN_POINT('',(1.282576938446E2,-1.339702214140E2,
-1.281849189386E0));
#2507=CARTESIAN_POINT('',(1.282576938446E2,-1.340073981155E2,
-1.282261692635E0));
#2508=CARTESIAN_POINT('',(1.282780184707E2,-1.340774047175E2,
-1.283038468132E0));
#2509=CARTESIAN_POINT('',(1.283493470610E2,-1.341783267558E2,
-1.284158273468E0));
#2510=CARTESIAN_POINT('',(1.284507189497E2,-1.342501980559E2,
-1.284955739182E0));
#2511=CARTESIAN_POINT('',(1.285220871011E2,-1.342712666171E2,
-1.285189510592E0));
#2512=CARTESIAN_POINT('',(1.285602011823E2,-1.342712665722E2,
-1.285189510094E0));
#2514=DIRECTION('',(0.E0,-9.999384478902E-1,-1.109506335671E-2));
#2515=VECTOR('',#2514,2.158278542143E0);
#2516=CARTESIAN_POINT('',(1.282576938446E2,-1.318120757184E2,
-1.257902952220E0));
#2517=LINE('',#2516,#2515);
#2518=CARTESIAN_POINT('',(1.285606869881E2,-1.315108701731E2,
-1.254560851897E0));
#2519=CARTESIAN_POINT('',(1.285228295402E2,-1.315108701731E2,
-1.254560851897E0));
#2520=CARTESIAN_POINT('',(1.284517728072E2,-1.315316009301E2,
-1.254790875118E0));
#2521=CARTESIAN_POINT('',(1.283502388297E2,-1.316030754157E2,
-1.255583937880E0));
#2522=CARTESIAN_POINT('',(1.282783864160E2,-1.317040362410E2,
-1.256704173585E0));
#2523=CARTESIAN_POINT('',(1.282576938446E2,-1.317745384905E2,
-1.257486448661E0));
#2524=CARTESIAN_POINT('',(1.282576938446E2,-1.318120757184E2,
-1.257902952220E0));
#2526=CARTESIAN_POINT('',(1.293799090040E2,-1.315108701731E2,
-1.254560851897E0));
#2527=CARTESIAN_POINT('',(1.292893159079E2,-1.315106843782E2,
-1.254558790364E0));
#2528=CARTESIAN_POINT('',(1.291078414661E2,-1.315109574680E2,
-1.254561820500E0));
#2529=CARTESIAN_POINT('',(1.288347674806E2,-1.315108452461E2,
-1.254560575314E0));
#2530=CARTESIAN_POINT('',(1.286521429968E2,-1.315108701731E2,
-1.254560851897E0));
#2531=CARTESIAN_POINT('',(1.285606869881E2,-1.315108701731E2,
-1.254560851897E0));
#2533=CARTESIAN_POINT('',(1.304342315299E2,-1.324610828988E2,
-1.265104171255E0));
#2534=CARTESIAN_POINT('',(1.304344575814E2,-1.323508234886E2,
-1.263880760810E0));
#2535=CARTESIAN_POINT('',(1.303770101380E2,-1.321392210141E2,
-1.261532873431E0));
#2536=CARTESIAN_POINT('',(1.301301417329E2,-1.318192487806E2,
-1.257982542698E0));
#2537=CARTESIAN_POINT('',(1.297766355642E2,-1.315837605397E2,
-1.255369624915E0));
#2538=CARTESIAN_POINT('',(1.295189301897E2,-1.315111552878E2,
-1.254564015458E0));
#2539=CARTESIAN_POINT('',(1.293799090040E2,-1.315108701731E2,
-1.254560851897E0));
#2541=DIRECTION('',(1.E0,0.E0,0.E0));
#2542=VECTOR('',#2541,4.809991262E-1);
#2543=CARTESIAN_POINT('',(1.288698566234E2,-1.320496127832E2,
-1.260538603233E0));
#2544=LINE('',#2543,#2542);
#2545=DIRECTION('',(0.E0,9.999384478902E-1,1.109506335671E-2));
#2546=VECTOR('',#2545,8.079238345086E-1);
#2547=CARTESIAN_POINT('',(1.288698566234E2,-1.328574868883E2,
-1.269502569364E0));
#2548=LINE('',#2547,#2546);
#2549=DIRECTION('',(-1.E0,-5.763567669355E-14,0.E0));
#2550=VECTOR('',#2549,4.931270189040E-1);
#2551=CARTESIAN_POINT('',(1.293629836423E2,-1.328574868883E2,
-1.269502569364E0));
#2552=LINE('',#2551,#2550);
#2553=CARTESIAN_POINT('',(1.298561106613E2,-1.324535500283E2,
-1.265020588435E0));
#2554=CARTESIAN_POINT('',(1.298563420203E2,-1.325038767455E2,
-1.265579000923E0));
#2555=CARTESIAN_POINT('',(1.298267243766E2,-1.325977011293E2,
-1.266620052484E0));
#2556=CARTESIAN_POINT('',(1.297172312099E2,-1.327237204384E2,
-1.268018330769E0));
#2557=CARTESIAN_POINT('',(1.295624737721E2,-1.328197832994E2,
-1.269084219907E0));
#2558=CARTESIAN_POINT('',(1.294343214898E2,-1.328571588272E2,
-1.269498929281E0));
#2559=CARTESIAN_POINT('',(1.293629836423E2,-1.328574868883E2,
-1.269502569364E0));
#2561=CARTESIAN_POINT('',(1.293508557496E2,-1.320496127832E2,
-1.260538603233E0));
#2562=CARTESIAN_POINT('',(1.294250785201E2,-1.320499523476E2,
-1.260542370953E0));
#2563=CARTESIAN_POINT('',(1.295578369170E2,-1.320883096618E2,
-1.260967973981E0));
#2564=CARTESIAN_POINT('',(1.297152963137E2,-1.321840272827E2,
-1.262030032421E0));
#2565=CARTESIAN_POINT('',(1.298262238889E2,-1.323089839309E2,
-1.263416519692E0));
#2566=CARTESIAN_POINT('',(1.298563418111E2,-1.324030076595E2,
-1.264459783132E0));
#2567=CARTESIAN_POINT('',(1.298561106613E2,-1.324535500283E2,
-1.265020588435E0));
#2569=CARTESIAN_POINT('',(1.264982373490E2,-1.342712665722E2,
-1.285189510094E0));
#2570=CARTESIAN_POINT('',(1.266327129688E2,-1.342712665720E2,
-1.285189510092E0));
#2571=CARTESIAN_POINT('',(1.268887108059E2,-1.342436176789E2,
-1.284882724988E0));
#2572=CARTESIAN_POINT('',(1.272709952951E2,-1.340909701261E2,
-1.283188986465E0));
#2573=CARTESIAN_POINT('',(1.275411404452E2,-1.338126232236E2,
-1.280100519845E0));
#2574=CARTESIAN_POINT('',(1.276856077258E2,-1.334296107711E2,
-1.275850710834E0));
#2575=CARTESIAN_POINT('',(1.277134669851E2,-1.331737762527E2,
-1.273012035916E0));
#2576=CARTESIAN_POINT('',(1.277134669851E2,-1.330399249233E2,
-1.271526855520E0));
#2578=CARTESIAN_POINT('',(1.252988577802E2,-1.330594088021E2,
-1.271743043697E0));
#2579=CARTESIAN_POINT('',(1.252988577802E2,-1.332298594562E2,
-1.273634320915E0));
#2580=CARTESIAN_POINT('',(1.253428145596E2,-1.335424952041E2,
-1.277103247865E0));
#2581=CARTESIAN_POINT('',(1.255721287787E2,-1.339861178526E2,
-1.282025572237E0));
#2582=CARTESIAN_POINT('',(1.260138373401E2,-1.342276913236E2,
-1.284706010189E0));
#2583=CARTESIAN_POINT('',(1.263267736332E2,-1.342712665724E2,
-1.285189510096E0));
#2584=CARTESIAN_POINT('',(1.264982373490E2,-1.342712665722E2,
-1.285189510094E0));
#2586=DIRECTION('',(0.E0,-9.999384478902E-1,-1.109506335671E-2));
#2587=VECTOR('',#2586,1.282076800443E0);
#2588=CARTESIAN_POINT('',(1.252988577802E2,-1.317774109162E2,
-1.257518320368E0));
#2589=LINE('',#2588,#2587);
#2590=CARTESIAN_POINT('',(1.259083829888E2,-1.317774109162E2,
-1.257518320368E0));
#2591=CARTESIAN_POINT('',(1.259083829888E2,-1.317239637245E2,
-1.256925283887E0));
#2592=CARTESIAN_POINT('',(1.258718642011E2,-1.316301981787E2,
-1.255884885177E0));
#2593=CARTESIAN_POINT('',(1.257567001283E2,-1.315124331693E2,
-1.254578194507E0));
#2594=CARTESIAN_POINT('',(1.256020694978E2,-1.314596758151E2,
-1.253992812288E0));
#2595=CARTESIAN_POINT('',(1.254491956011E2,-1.315137900691E2,
-1.254593250322E0));
#2596=CARTESIAN_POINT('',(1.253355394830E2,-1.316301832436E2,
-1.255884719461E0));
#2597=CARTESIAN_POINT('',(1.252988577802E2,-1.317239418340E2,
-1.256925040996E0));
#2598=CARTESIAN_POINT('',(1.252988577802E2,-1.317774109162E2,
-1.257518320368E0));
#2600=DIRECTION('',(-2.244134126680E-14,9.999384478902E-1,1.109506335671E-2));
#2601=VECTOR('',#2600,1.266488891751E0);
#2602=CARTESIAN_POINT('',(1.259083829888E2,-1.330438218529E2,
-1.271570094863E0));
#2603=LINE('',#2602,#2601);
#2604=CARTESIAN_POINT('',(1.271038431757E2,-1.330633049621E2,
-1.271786274500E0));
#2605=CARTESIAN_POINT('',(1.271038431757E2,-1.331706112172E2,
-1.272976917486E0));
#2606=CARTESIAN_POINT('',(1.270739042321E2,-1.333618935903E2,
-1.275099338174E0));
#2607=CARTESIAN_POINT('',(1.269411216554E2,-1.335951550901E2,
-1.277687548602E0));
#2608=CARTESIAN_POINT('',(1.266672712616E2,-1.337260598321E2,
-1.279140034411E0));
#2609=CARTESIAN_POINT('',(1.263372066163E2,-1.337224624684E2,
-1.279100118977E0));
#2610=CARTESIAN_POINT('',(1.260676184736E2,-1.335862738044E2,
-1.277589004109E0));
#2611=CARTESIAN_POINT('',(1.259360437164E2,-1.333468432852E2,
-1.274932343805E0));
#2612=CARTESIAN_POINT('',(1.259083829888E2,-1.331525301993E2,
-1.272776295097E0));
#2613=CARTESIAN_POINT('',(1.259083829888E2,-1.330438218529E2,
-1.271570094863E0));
#2615=DIRECTION('',(0.E0,-9.999384478902E-1,-1.109506335671E-2));
#2616=VECTOR('',#2615,1.285973200282E0);
#2617=CARTESIAN_POINT('',(1.271038431757E2,-1.317774109162E2,
-1.257518320368E0));
#2618=LINE('',#2617,#2616);
#2619=CARTESIAN_POINT('',(1.277134669851E2,-1.317774109162E2,
-1.257518320368E0));
#2620=CARTESIAN_POINT('',(1.277134669851E2,-1.317239750659E2,
-1.256925409728E0));
#2621=CARTESIAN_POINT('',(1.276769616526E2,-1.316302229350E2,
-1.255885159867E0));
#2622=CARTESIAN_POINT('',(1.275617712786E2,-1.315124410042E2,
-1.254578281441E0));
#2623=CARTESIAN_POINT('',(1.274071084667E2,-1.314596751462E2,
-1.253992804866E0));
#2624=CARTESIAN_POINT('',(1.272541960019E2,-1.315137842579E2,
-1.254593185844E0));
#2625=CARTESIAN_POINT('',(1.271405150461E2,-1.316301964020E2,
-1.255884865463E0));
#2626=CARTESIAN_POINT('',(1.271038431757E2,-1.317239480750E2,
-1.256925110244E0));
#2627=CARTESIAN_POINT('',(1.271038431757E2,-1.317774109162E2,
-1.257518320368E0));
#2629=DIRECTION('',(0.E0,9.999384478902E-1,1.109506335671E-2));
#2630=VECTOR('',#2629,1.262591722280E0);
#2631=CARTESIAN_POINT('',(1.277134669851E2,-1.330399249233E2,
-1.271526855520E0));
#2632=LINE('',#2631,#2630);
#2633=CARTESIAN_POINT('',(1.244420906791E2,-1.342641382652E2,
-1.285110416207E0));
#2634=CARTESIAN_POINT('',(1.244774354545E2,-1.342659101910E2,
-1.285130077046E0));
#2635=CARTESIAN_POINT('',(1.245458213245E2,-1.342467918841E2,
-1.284917945163E0));
#2636=CARTESIAN_POINT('',(1.246491347679E2,-1.341778384934E2,
-1.284152855832E0));
#2637=CARTESIAN_POINT('',(1.247289684798E2,-1.340778548522E2,
-1.283043462712E0));
#2638=CARTESIAN_POINT('',(1.247546309207E2,-1.340024476206E2,
-1.282206763200E0));
#2639=CARTESIAN_POINT('',(1.247546309207E2,-1.339612691843E2,
-1.281749857716E0));
#2641=CARTESIAN_POINT('',(1.241169305469E2,-1.340868380831E2,
-1.283143138364E0));
#2642=CARTESIAN_POINT('',(1.241472027485E2,-1.341256313302E2,
-1.283573578393E0));
#2643=CARTESIAN_POINT('',(1.242155362657E2,-1.341877487304E2,
-1.284262817307E0));
#2644=CARTESIAN_POINT('',(1.243284353105E2,-1.342476194277E2,
-1.284927127378E0));
#2645=CARTESIAN_POINT('',(1.244038273646E2,-1.342656269971E2,
-1.285126934800E0));
#2646=CARTESIAN_POINT('',(1.244420906791E2,-1.342641382652E2,
-1.285110416207E0));
#2648=DIRECTION('',(6.074988005147E-1,-7.942717027229E-1,-8.813037325195E-3));
#2649=VECTOR('',#2648,1.995918537415E0);
#2650=CARTESIAN_POINT('',(1.229044124295E2,-1.325015364679E2,
-1.265553033795E0));
#2651=LINE('',#2650,#2649);
#2652=DIRECTION('',(3.862705083161E-14,9.999384478902E-1,1.109506335671E-2));
#2653=VECTOR('',#2652,1.471596138898E0);
#2654=CARTESIAN_POINT('',(1.229044124295E2,-1.339730420269E2,
-1.281880486192E0));
#2655=LINE('',#2654,#2653);
#2656=CARTESIAN_POINT('',(1.226051344433E2,-1.342712665722E2,
-1.285189510094E0));
#2657=CARTESIAN_POINT('',(1.226570027324E2,-1.342712665855E2,
-1.285189510242E0));
#2658=CARTESIAN_POINT('',(1.227486518429E2,-1.342360836479E2,
-1.284799129291E0));
#2659=CARTESIAN_POINT('',(1.228689586740E2,-1.341164330412E2,
-1.283471516512E0));
#2660=CARTESIAN_POINT('',(1.229044124295E2,-1.340249023629E2,
-1.282455915324E0));
#2661=CARTESIAN_POINT('',(1.229044124295E2,-1.339730420269E2,
-1.281880486192E0));
#2663=CARTESIAN_POINT('',(1.223059798057E2,-1.339730420270E2,
-1.281880486193E0));
#2664=CARTESIAN_POINT('',(1.223059798057E2,-1.340244167377E2,
-1.282450526950E0));
#2665=CARTESIAN_POINT('',(1.223408026341E2,-1.341153836728E2,
-1.283459872986E0));
#2666=CARTESIAN_POINT('',(1.224606472414E2,-1.342354869941E2,
-1.284792508971E0));
#2667=CARTESIAN_POINT('',(1.225528107280E2,-1.342712665587E2,
-1.285189509944E0));
#2668=CARTESIAN_POINT('',(1.226051344433E2,-1.342712665722E2,
-1.285189510094E0));
#2670=DIRECTION('',(0.E0,-9.999384478902E-1,-1.109506335671E-2));
#2671=VECTOR('',#2670,2.185810683358E0);
#2672=CARTESIAN_POINT('',(1.223059798057E2,-1.317873658849E2,
-1.257628778175E0));
#2673=LINE('',#2672,#2671);
#2674=CARTESIAN_POINT('',(1.226383093458E2,-1.314875331946E2,
-1.254301910704E0));
#2675=CARTESIAN_POINT('',(1.226000711575E2,-1.314813502105E2,
-1.254233305882E0));
#2676=CARTESIAN_POINT('',(1.225256130230E2,-1.314934963298E2,
-1.254368076140E0));
#2677=CARTESIAN_POINT('',(1.224132179941E2,-1.315626643406E2,
-1.255135546841E0));
#2678=CARTESIAN_POINT('',(1.223312074765E2,-1.316682600095E2,
-1.256307209596E0));
#2679=CARTESIAN_POINT('',(1.223059798057E2,-1.317454193249E2,
-1.257163349786E0));
#2680=CARTESIAN_POINT('',(1.223059798057E2,-1.317873658849E2,
-1.257628778175E0));
#2682=CARTESIAN_POINT('',(1.229870152110E2,-1.316617966013E2,
-1.256235493258E0));
#2683=CARTESIAN_POINT('',(1.229547391061E2,-1.316203988132E2,
-1.255776153904E0));
#2684=CARTESIAN_POINT('',(1.228834468530E2,-1.315538774997E2,
-1.255038050284E0));
#2685=CARTESIAN_POINT('',(1.227605134994E2,-1.314912063088E2,
-1.254342666647E0));
#2686=CARTESIAN_POINT('',(1.226793086925E2,-1.314817801917E2,
-1.254238076843E0));
#2687=CARTESIAN_POINT('',(1.226383093458E2,-1.314875331946E2,
-1.254301910704E0));
#2689=DIRECTION('',(-6.070993400024E-1,7.945770334054E-1,8.816425196993E-3));
#2690=VECTOR('',#2689,1.926013766773E0);
#2691=CARTESIAN_POINT('',(1.241562968976E2,-1.331921629064E2,
-1.273216049561E0));
#2692=LINE('',#2691,#2690);
#2693=DIRECTION('',(-2.006253550996E-14,-9.999384478902E-1,-1.109506335671E-2));
#2694=VECTOR('',#2693,1.416655906542E0);
#2695=CARTESIAN_POINT('',(1.241562968976E2,-1.317755941980E2,
-1.257498162523E0));
#2696=LINE('',#2695,#2694);
#2697=CARTESIAN_POINT('',(1.247546309207E2,-1.317755941979E2,
-1.257498162523E0));
#2698=CARTESIAN_POINT('',(1.247546309207E2,-1.317219337471E2,
-1.256902759773E0));
#2699=CARTESIAN_POINT('',(1.247176206954E2,-1.316281189885E2,
-1.255861815010E0));
#2700=CARTESIAN_POINT('',(1.246051875411E2,-1.315122680307E2,
-1.254576362171E0));
#2701=CARTESIAN_POINT('',(1.244540150838E2,-1.314597782350E2,
-1.253993948714E0));
#2702=CARTESIAN_POINT('',(1.243044902431E2,-1.315135628274E2,
-1.254590728906E0));
#2703=CARTESIAN_POINT('',(1.241934188884E2,-1.316281362101E2,
-1.255862006097E0));
#2704=CARTESIAN_POINT('',(1.241562968976E2,-1.317219274696E2,
-1.256902690119E0));
#2705=CARTESIAN_POINT('',(1.241562968976E2,-1.317755941980E2,
-1.257498162523E0));
#2707=DIRECTION('',(0.E0,9.999384478902E-1,1.109506335671E-2));
#2708=VECTOR('',#2707,2.185809527517E0);
#2709=CARTESIAN_POINT('',(1.247546309207E2,-1.339612691843E2,
-1.281749857716E0));
#2710=LINE('',#2709,#2708);
#2711=DIRECTION('',(-1.136605999083E-12,3.257436517336E-2,-9.994693145533E-1));
#2712=VECTOR('',#2711,2.000461687045E-1);
#2713=CARTESIAN_POINT('',(1.506879151115E2,-1.328780230109E2,
-1.069718121792E0));
#2714=LINE('',#2713,#2712);
#2715=DIRECTION('',(0.E0,3.257436515121E-2,-9.994693145540E-1));
#2716=VECTOR('',#2715,2.000461687045E-1);
#2717=CARTESIAN_POINT('',(1.523538199612E2,-1.328471720391E2,
-1.069375807234E0));
#2718=LINE('',#2717,#2716);
#2719=DIRECTION('',(1.420757498855E-13,3.257436514709E-2,-9.994693145541E-1));
#2720=VECTOR('',#2719,2.000461687044E-1);
#2721=CARTESIAN_POINT('',(1.500751952209E2,-1.328778218603E2,
-1.069715900463E0));
#2722=LINE('',#2721,#2720);
#2723=DIRECTION('',(1.420757498855E-13,3.257436514595E-2,-9.994693145541E-1));
#2724=VECTOR('',#2723,2.000461687044E-1);
#2725=CARTESIAN_POINT('',(1.530000194328E2,-1.328396694689E2,
-1.069292508414E0));
#2726=LINE('',#2725,#2724);
#2727=DIRECTION('',(0.E0,3.257436514794E-2,-9.994693145541E-1));
#2728=VECTOR('',#2727,2.000461687044E-1);
#2729=CARTESIAN_POINT('',(1.489528334675E2,-1.339756341230E2,
-1.081896936253E0));
#2730=LINE('',#2729,#2728);
#2731=DIRECTION('',(0.E0,3.257436514766E-2,-9.994693145541E-1));
#2732=VECTOR('',#2731,2.000461687044E-1);
#2733=CARTESIAN_POINT('',(1.489528334675E2,-1.317860337001E2,
-1.057601685411E0));
#2734=LINE('',#2733,#2732);
#2735=DIRECTION('',(0.E0,3.257436514780E-2,-9.994693145541E-1));
#2736=VECTOR('',#2735,2.000461687044E-1);
#2737=CARTESIAN_POINT('',(1.495649962463E2,-1.317860337001E2,
-1.057601685411E0));
#2738=LINE('',#2737,#2736);
#2739=DIRECTION('',(-1.420757498855E-13,3.257436514780E-2,-9.994693145541E-1));
#2740=VECTOR('',#2739,2.000461687044E-1);
#2741=CARTESIAN_POINT('',(1.495649962463E2,-1.339756341230E2,
-1.081896936253E0));
#2742=LINE('',#2741,#2740);
#2743=DIRECTION('',(-6.890673869447E-11,3.257436514794E-2,-9.994693145541E-1));
#2744=VECTOR('',#2743,2.000461687044E-1);
#2745=CARTESIAN_POINT('',(1.492589641004E2,-1.342777829491E2,
-1.085249502979E0));
#2746=LINE('',#2745,#2744);
#2747=DIRECTION('',(0.E0,3.257436514780E-2,-9.994693145541E-1));
#2748=VECTOR('',#2747,2.000461687044E-1);
#2749=CARTESIAN_POINT('',(1.469025539982E2,-1.342442270868E2,
-1.084877175643E0));
#2750=LINE('',#2749,#2748);
#2751=DIRECTION('',(0.E0,3.257436514780E-2,-9.994693145541E-1));
#2752=VECTOR('',#2751,2.000461687044E-1);
#2753=CARTESIAN_POINT('',(1.461288093390E2,-1.342442270868E2,
-1.084877175643E0));
#2754=LINE('',#2753,#2752);
#2755=DIRECTION('',(0.E0,3.257436514780E-2,-9.994693145541E-1));
#2756=VECTOR('',#2755,2.000461687044E-1);
#2757=CARTESIAN_POINT('',(1.458239604035E2,-1.339441986569E2,
-1.081548136295E0));
#2758=LINE('',#2757,#2756);
#2759=DIRECTION('',(0.E0,3.257436514766E-2,-9.994693145541E-1));
#2760=VECTOR('',#2759,2.000461687044E-1);
#2761=CARTESIAN_POINT('',(1.458239604035E2,-1.318174703219E2,
-1.057950498192E0));
#2762=LINE('',#2761,#2760);
#2763=DIRECTION('',(0.E0,3.257436514780E-2,-9.994693145541E-1));
#2764=VECTOR('',#2763,2.000461687044E-1);
#2765=CARTESIAN_POINT('',(1.461288107287E2,-1.315174413360E2,
-1.054621452674E0));
#2766=LINE('',#2765,#2764);
#2767=DIRECTION('',(0.E0,3.257436514766E-2,-9.994693145541E-1));
#2768=VECTOR('',#2767,2.000461687044E-1);
#2769=CARTESIAN_POINT('',(1.469025443010E2,-1.315174413360E2,
-1.054621452674E0));
#2770=LINE('',#2769,#2768);
#2771=DIRECTION('',(0.E0,3.257436514794E-2,-9.994693145541E-1));
#2772=VECTOR('',#2771,2.000461687044E-1);
#2773=CARTESIAN_POINT('',(1.483746879487E2,-1.328769389078E2,
-1.069706092858E0));
#2774=LINE('',#2773,#2772);
#2775=DIRECTION('',(0.E0,3.257436514780E-2,-9.994693145541E-1));
#2776=VECTOR('',#2775,2.000461687044E-1);
#2777=CARTESIAN_POINT('',(1.464361231823E2,-1.336718773703E2,
-1.078526528381E0));
#2778=LINE('',#2777,#2776);
#2779=DIRECTION('',(3.864460396886E-11,3.257436514780E-2,-9.994693145541E-1));
#2780=VECTOR('',#2779,2.000461687044E-1);
#2781=CARTESIAN_POINT('',(1.469021842944E2,-1.336718773703E2,
-1.078526528381E0));
#2782=LINE('',#2781,#2780);
#2783=DIRECTION('',(0.E0,3.257436514794E-2,-9.994693145541E-1));
#2784=VECTOR('',#2783,2.000461687044E-1);
#2785=CARTESIAN_POINT('',(1.477285079100E2,-1.328510807204E2,
-1.069419176970E0));
#2786=LINE('',#2785,#2784);
#2787=DIRECTION('',(3.892875546863E-11,3.257436514780E-2,-9.994693145541E-1));
#2788=VECTOR('',#2787,2.000461687044E-1);
#2789=CARTESIAN_POINT('',(1.469021842944E2,-1.320224682528E2,
-1.060225103229E0));
#2790=LINE('',#2789,#2788);
#2791=DIRECTION('',(0.E0,3.257436514780E-2,-9.994693145541E-1));
#2792=VECTOR('',#2791,2.000461687044E-1);
#2793=CARTESIAN_POINT('',(1.464361231823E2,-1.320224682528E2,
-1.060225103229E0));
#2794=LINE('',#2793,#2792);
#2795=DIRECTION('',(0.E0,3.257436514780E-2,-9.994693145541E-1));
#2796=VECTOR('',#2795,2.000461687044E-1);
#2797=CARTESIAN_POINT('',(1.440646025083E2,-1.342777829491E2,
-1.085249502979E0));
#2798=LINE('',#2797,#2796);
#2799=DIRECTION('',(0.E0,3.257436514794E-2,-9.994693145541E-1));
#2800=VECTOR('',#2799,2.000461687044E-1);
#2801=CARTESIAN_POINT('',(1.428651243392E2,-1.330659251792E2,
-1.071803036585E0));
#2802=LINE('',#2801,#2800);
#2803=DIRECTION('',(0.E0,3.257436514780E-2,-9.994693145541E-1));
#2804=VECTOR('',#2803,2.000461687044E-1);
#2805=CARTESIAN_POINT('',(1.428651243392E2,-1.317839272931E2,
-1.057578313253E0));
#2806=LINE('',#2805,#2804);
#2807=DIRECTION('',(-1.420757498855E-13,3.257436514794E-2,-9.994693145541E-1));
#2808=VECTOR('',#2807,2.000461687044E-1);
#2809=CARTESIAN_POINT('',(1.434747481485E2,-1.317839272932E2,
-1.057578313254E0));
#2810=LINE('',#2809,#2808);
#2811=DIRECTION('',(0.E0,3.257436514780E-2,-9.994693145541E-1));
#2812=VECTOR('',#2811,2.000461687044E-1);
#2813=CARTESIAN_POINT('',(1.434747481485E2,-1.330503382299E2,
-1.071630087749E0));
#2814=LINE('',#2813,#2812);
#2815=DIRECTION('',(0.E0,3.257436514780E-2,-9.994693145541E-1));
#2816=VECTOR('',#2815,2.000461687044E-1);
#2817=CARTESIAN_POINT('',(1.446702083354E2,-1.330698213387E2,
-1.071846267382E0));
#2818=LINE('',#2817,#2816);
#2819=DIRECTION('',(0.E0,3.257436514780E-2,-9.994693145541E-1));
#2820=VECTOR('',#2819,2.000461687044E-1);
#2821=CARTESIAN_POINT('',(1.446702083354E2,-1.317839272931E2,
-1.057578313253E0));
#2822=LINE('',#2821,#2820);
#2823=DIRECTION('',(0.E0,3.257436514780E-2,-9.994693145541E-1));
#2824=VECTOR('',#2823,2.000461687044E-1);
#2825=CARTESIAN_POINT('',(1.452798567950E2,-1.317839272931E2,
-1.057578313253E0));
#2826=LINE('',#2825,#2824);
#2827=DIRECTION('',(0.E0,3.257436514780E-2,-9.994693145541E-1));
#2828=VECTOR('',#2827,2.000461687044E-1);
#2829=CARTESIAN_POINT('',(1.452798567950E2,-1.330464413001E2,
-1.071586848404E0));
#2830=LINE('',#2829,#2828);
#2831=DIRECTION('',(2.005399209634E-9,3.257436514752E-2,-9.994693145541E-1));
#2832=VECTOR('',#2831,2.000461687044E-1);
#2833=CARTESIAN_POINT('',(1.413347664680E2,-1.342777829491E2,
-1.085249502979E0));
#2834=LINE('',#2833,#2832);
#2835=DIRECTION('',(0.E0,3.257436514780E-2,-9.994693145541E-1));
#2836=VECTOR('',#2835,2.000461687044E-1);
#2837=CARTESIAN_POINT('',(1.410339850938E2,-1.339767377909E2,
-1.081909182271E0));
#2838=LINE('',#2837,#2836);
#2839=DIRECTION('',(0.E0,3.257436514780E-2,-9.994693145541E-1));
#2840=VECTOR('',#2839,2.000461687044E-1);
#2841=CARTESIAN_POINT('',(1.410339850938E2,-1.320727215452E2,
-1.060782701014E0));
#2842=LINE('',#2841,#2840);
#2843=DIRECTION('',(0.E0,3.257436514780E-2,-9.994693145541E-1));
#2844=VECTOR('',#2843,2.000461687044E-1);
#2845=CARTESIAN_POINT('',(1.404557409742E2,-1.320727215452E2,
-1.060782701014E0));
#2846=LINE('',#2845,#2844);
#2847=DIRECTION('',(0.E0,3.257436514794E-2,-9.994693145541E-1));
#2848=VECTOR('',#2847,2.000461687044E-1);
#2849=CARTESIAN_POINT('',(1.404557409743E2,-1.315175469371E2,
-1.054622624398E0));
#2850=LINE('',#2849,#2848);
#2851=DIRECTION('',(0.E0,3.257436514794E-2,-9.994693145541E-1));
#2852=VECTOR('',#2851,2.000461687044E-1);
#2853=CARTESIAN_POINT('',(1.422136691600E2,-1.315175469371E2,
-1.054622624398E0));
#2854=LINE('',#2853,#2852);
#2855=DIRECTION('',(0.E0,3.257436514780E-2,-9.994693145541E-1));
#2856=VECTOR('',#2855,2.000461687044E-1);
#2857=CARTESIAN_POINT('',(1.422136691602E2,-1.320727215452E2,
-1.060782701014E0));
#2858=LINE('',#2857,#2856);
#2859=DIRECTION('',(0.E0,3.257436514780E-2,-9.994693145541E-1));
#2860=VECTOR('',#2859,2.000461687044E-1);
#2861=CARTESIAN_POINT('',(1.416355482915E2,-1.320727215452E2,
-1.060782701014E0));
#2862=LINE('',#2861,#2860);
#2863=DIRECTION('',(0.E0,3.257436514780E-2,-9.994693145541E-1));
#2864=VECTOR('',#2863,2.000461687044E-1);
#2865=CARTESIAN_POINT('',(1.416355482915E2,-1.339767377909E2,
-1.081909182271E0));
#2866=LINE('',#2865,#2864);
#2867=DIRECTION('',(0.E0,3.257436514780E-2,-9.994693145541E-1));
#2868=VECTOR('',#2867,2.000461687044E-1);
#2869=CARTESIAN_POINT('',(1.389554565575E2,-1.342777829491E2,
-1.085249502979E0));
#2870=LINE('',#2869,#2868);
#2871=DIRECTION('',(0.E0,3.257436514794E-2,-9.994693145541E-1));
#2872=VECTOR('',#2871,2.000461687044E-1);
#2873=CARTESIAN_POINT('',(1.379126796376E2,-1.339479006633E2,
-1.081589212820E0));
#2874=LINE('',#2873,#2872);
#2875=DIRECTION('',(0.E0,3.257436514780E-2,-9.994693145541E-1));
#2876=VECTOR('',#2875,2.000461687044E-1);
#2877=CARTESIAN_POINT('',(1.393681819795E2,-1.334806292664E2,
-1.076404487935E0));
#2878=LINE('',#2877,#2876);
#2879=DIRECTION('',(1.420757498855E-13,3.257436514780E-2,-9.994693145541E-1));
#2880=VECTOR('',#2879,2.000461687044E-1);
#2881=CARTESIAN_POINT('',(1.388087632884E2,-1.331271238529E2,
-1.072482081544E0));
#2882=LINE('',#2881,#2880);
#2883=DIRECTION('',(0.E0,3.257436514780E-2,-9.994693145541E-1));
#2884=VECTOR('',#2883,2.000461687044E-1);
#2885=CARTESIAN_POINT('',(1.378886112112E2,-1.322828564202E2,
-1.063114304281E0));
#2886=LINE('',#2885,#2884);
#2887=DIRECTION('',(0.E0,3.257436514794E-2,-9.994693145541E-1));
#2888=VECTOR('',#2887,2.000461687044E-1);
#2889=CARTESIAN_POINT('',(1.384950841908E2,-1.322277831779E2,
-1.062503225555E0));
#2890=LINE('',#2889,#2888);
#2891=DIRECTION('',(0.E0,3.257436514780E-2,-9.994693145541E-1));
#2892=VECTOR('',#2891,2.000461687044E-1);
#2893=CARTESIAN_POINT('',(1.390941878179E2,-1.325930291084E2,
-1.066555901745E0));
#2894=LINE('',#2893,#2892);
#2895=DIRECTION('',(0.E0,3.257436514780E-2,-9.994693145541E-1));
#2896=VECTOR('',#2895,2.000461687044E-1);
#2897=CARTESIAN_POINT('',(1.399746353970E2,-1.334215484994E2,
-1.075748942732E0));
#2898=LINE('',#2897,#2896);
#2899=DIRECTION('',(0.E0,3.257436514766E-2,-9.994693145541E-1));
#2900=VECTOR('',#2899,2.000461687044E-1);
#2901=CARTESIAN_POINT('',(1.345320048991E2,-1.339760582551E2,
-1.081901642315E0));
#2902=LINE('',#2901,#2900);
#2903=DIRECTION('',(0.E0,3.257436514780E-2,-9.994693145541E-1));
#2904=VECTOR('',#2903,2.000461687044E-1);
#2905=CARTESIAN_POINT('',(1.345320048991E2,-1.331962739422E2,
-1.073249353392E0));
#2906=LINE('',#2905,#2904);
#2907=CARTESIAN_POINT('',(1.336401410312E2,-1.319958522840E2,
-1.059929779192E0));
#2908=CARTESIAN_POINT('',(1.336401410312E2,-1.319951277644E2,
-1.082159991410E0));
#2909=CARTESIAN_POINT('',(1.336386166127E2,-1.319916298870E2,
-1.126506132838E0));
#2910=CARTESIAN_POINT('',(1.336397582105E2,-1.319909912266E2,
-1.193264683671E0));
#2911=CARTESIAN_POINT('',(1.336382383681E2,-1.319874994979E2,
-1.237611219565E0));
#2912=CARTESIAN_POINT('',(1.336382383681E2,-1.319867749803E2,
-1.259841370913E0));
#2914=DIRECTION('',(-1.704908998626E-12,3.257436515007E-2,-9.994693145540E-1));
#2915=VECTOR('',#2914,2.000461687044E-1);
#2916=CARTESIAN_POINT('',(1.341682174190E2,-1.316719741510E2,
-1.056336109588E0));
#2917=LINE('',#2916,#2915);
#2918=DIRECTION('',(0.E0,3.257436514780E-2,-9.994693145541E-1));
#2919=VECTOR('',#2918,2.000461687044E-1);
#2920=CARTESIAN_POINT('',(1.348404527066E2,-1.326320080385E2,
-1.066988402065E0));
#2921=LINE('',#2920,#2919);
#2922=DIRECTION('',(1.989060498397E-12,3.257436515064E-2,-9.994693145540E-1));
#2923=VECTOR('',#2922,2.000461687045E-1);
#2924=CARTESIAN_POINT('',(1.355245940355E2,-1.316641363752E2,
-1.056249143616E0));
#2925=LINE('',#2924,#2923);
#2926=DIRECTION('',(-2.699439247825E-12,3.257436514425E-2,-9.994693145542E-1));
#2927=VECTOR('',#2926,2.000461687044E-1);
#2928=CARTESIAN_POINT('',(1.360347789846E2,-1.319893728550E2,
-1.059857885092E0));
#2929=LINE('',#2928,#2927);
#2930=DIRECTION('',(0.E0,3.257436514780E-2,-9.994693145541E-1));
#2931=VECTOR('',#2930,2.000461687044E-1);
#2932=CARTESIAN_POINT('',(1.351410371040E2,-1.331845180494E2,
-1.073118912988E0));
#2933=LINE('',#2932,#2931);
#2934=DIRECTION('',(0.E0,3.257436514780E-2,-9.994693145541E-1));
#2935=VECTOR('',#2934,2.000461687044E-1);
#2936=CARTESIAN_POINT('',(1.351410371040E2,-1.339760582551E2,
-1.081901642315E0));
#2937=LINE('',#2936,#2935);
#2938=DIRECTION('',(6.882149324454E-10,3.257436514780E-2,-9.994693145541E-1));
#2939=VECTOR('',#2938,2.000461687044E-1);
#2940=CARTESIAN_POINT('',(1.348365084949E2,-1.342777829491E2,
-1.085249502979E0));
#2941=LINE('',#2940,#2939);
#2942=DIRECTION('',(1.746110966093E-10,3.257436514780E-2,-9.994693145541E-1));
#2943=VECTOR('',#2942,2.000461687044E-1);
#2944=CARTESIAN_POINT('',(1.328542148268E2,-1.342777829491E2,
-1.085249502979E0));
#2945=LINE('',#2944,#2943);
#2946=DIRECTION('',(0.E0,3.257436514766E-2,-9.994693145541E-1));
#2947=VECTOR('',#2946,2.000461687044E-1);
#2948=CARTESIAN_POINT('',(1.325534328769E2,-1.339756341230E2,
-1.081896936253E0));
#2949=LINE('',#2948,#2947);
#2950=DIRECTION('',(0.E0,3.257436514780E-2,-9.994693145541E-1));
#2951=VECTOR('',#2950,2.000461687044E-1);
#2952=CARTESIAN_POINT('',(1.325534328769E2,-1.331515913797E2,
-1.072753567014E0));
#2953=LINE('',#2952,#2951);
#2954=DIRECTION('',(0.E0,3.257436514780E-2,-9.994693145541E-1));
#2955=VECTOR('',#2954,2.000461687044E-1);
#2956=CARTESIAN_POINT('',(1.314440018475E2,-1.331515913797E2,
-1.072753567014E0));
#2957=LINE('',#2956,#2955);
#2958=DIRECTION('',(0.E0,3.257436514766E-2,-9.994693145541E-1));
#2959=VECTOR('',#2958,2.000461687044E-1);
#2960=CARTESIAN_POINT('',(1.314440018475E2,-1.339756341230E2,
-1.081896936253E0));
#2961=LINE('',#2960,#2959);
#2962=DIRECTION('',(0.E0,3.257436514794E-2,-9.994693145541E-1));
#2963=VECTOR('',#2962,2.000461687044E-1);
#2964=CARTESIAN_POINT('',(1.308423400490E2,-1.339756341230E2,
-1.081896936253E0));
#2965=LINE('',#2964,#2963);
#2966=DIRECTION('',(0.E0,3.257436514780E-2,-9.994693145541E-1));
#2967=VECTOR('',#2966,2.000461687044E-1);
#2968=CARTESIAN_POINT('',(1.308423400490E2,-1.317860337001E2,
-1.057601685411E0));
#2969=LINE('',#2968,#2967);
#2970=DIRECTION('',(0.E0,3.257436514780E-2,-9.994693145541E-1));
#2971=VECTOR('',#2970,2.000461687044E-1);
#2972=CARTESIAN_POINT('',(1.314440018475E2,-1.317860337001E2,
-1.057601685411E0));
#2973=LINE('',#2972,#2971);
#2974=DIRECTION('',(0.E0,3.257436514780E-2,-9.994693145541E-1));
#2975=VECTOR('',#2974,2.000461687044E-1);
#2976=CARTESIAN_POINT('',(1.314440018475E2,-1.325943812459E2,
-1.066570904721E0));
#2977=LINE('',#2976,#2975);
#2978=DIRECTION('',(0.E0,3.257436514780E-2,-9.994693145541E-1));
#2979=VECTOR('',#2978,2.000461687044E-1);
#2980=CARTESIAN_POINT('',(1.325534328769E2,-1.325943812459E2,
-1.066570904721E0));
#2981=LINE('',#2980,#2979);
#2982=DIRECTION('',(0.E0,3.257436514766E-2,-9.994693145541E-1));
#2983=VECTOR('',#2982,2.000461687044E-1);
#2984=CARTESIAN_POINT('',(1.325534328769E2,-1.317860337001E2,
-1.057601685411E0));
#2985=LINE('',#2984,#2983);
#2986=DIRECTION('',(0.E0,3.257436514780E-2,-9.994693145541E-1));
#2987=VECTOR('',#2986,2.000461687044E-1);
#2988=CARTESIAN_POINT('',(1.331549960747E2,-1.317860337001E2,
-1.057601685411E0));
#2989=LINE('',#2988,#2987);
#2990=DIRECTION('',(0.E0,3.257436514766E-2,-9.994693145541E-1));
#2991=VECTOR('',#2990,2.000461687044E-1);
#2992=CARTESIAN_POINT('',(1.331549960747E2,-1.339756341229E2,
-1.081896936252E0));
#2993=LINE('',#2992,#2991);
#2994=DIRECTION('',(4.560631571324E-11,3.257436514780E-2,-9.994693145541E-1));
#2995=VECTOR('',#2994,2.000461687044E-1);
#2996=CARTESIAN_POINT('',(1.293223847820E2,-1.334332909542E2,
-1.075879234032E0));
#2997=LINE('',#2996,#2995);
#2998=DIRECTION('',(0.E0,3.257436514780E-2,-9.994693145541E-1));
#2999=VECTOR('',#2998,2.000461687044E-1);
#3000=CARTESIAN_POINT('',(1.288626834185E2,-1.334332909542E2,
-1.075879234032E0));
#3001=LINE('',#3000,#2999);
#3002=DIRECTION('',(1.420757498855E-13,3.257436514766E-2,-9.994693145541E-1));
#3003=VECTOR('',#3002,2.000461687044E-1);
#3004=CARTESIAN_POINT('',(1.288626834185E2,-1.339767377909E2,
-1.081909182272E0));
#3005=LINE('',#3004,#3003);
#3006=DIRECTION('',(-1.068125487639E-9,3.257436514780E-2,-9.994693145541E-1));
#3007=VECTOR('',#3006,2.000461687044E-1);
#3008=CARTESIAN_POINT('',(1.285602011825E2,-1.342777829491E2,
-1.085249502979E0));
#3009=LINE('',#3008,#3007);
#3010=DIRECTION('',(0.E0,3.257436514794E-2,-9.994693145541E-1));
#3011=VECTOR('',#3010,2.000461687044E-1);
#3012=CARTESIAN_POINT('',(1.282576938446E2,-1.339767377909E2,
-1.081909182272E0));
#3013=LINE('',#3012,#3011);
#3014=DIRECTION('',(0.E0,3.257436514780E-2,-9.994693145541E-1));
#3015=VECTOR('',#3014,2.000461687044E-1);
#3016=CARTESIAN_POINT('',(1.282576938446E2,-1.318185920954E2,
-1.057962945105E0));
#3017=LINE('',#3016,#3015);
#3018=DIRECTION('',(0.E0,3.257436514780E-2,-9.994693145541E-1));
#3019=VECTOR('',#3018,2.000461687044E-1);
#3020=CARTESIAN_POINT('',(1.285606869881E2,-1.315173865500E2,
-1.054620844783E0));
#3021=LINE('',#3020,#3019);
#3022=DIRECTION('',(0.E0,3.257436514780E-2,-9.994693145541E-1));
#3023=VECTOR('',#3022,2.000461687044E-1);
#3024=CARTESIAN_POINT('',(1.293799090040E2,-1.315173865500E2,
-1.054620844783E0));
#3025=LINE('',#3024,#3023);
#3026=DIRECTION('',(0.E0,3.257436514780E-2,-9.994693145541E-1));
#3027=VECTOR('',#3026,2.000461687044E-1);
#3028=CARTESIAN_POINT('',(1.304342315299E2,-1.324675992757E2,
-1.065164164141E0));
#3029=LINE('',#3028,#3027);
#3030=DIRECTION('',(0.E0,3.257436514780E-2,-9.994693145541E-1));
#3031=VECTOR('',#3030,2.000461687044E-1);
#3032=CARTESIAN_POINT('',(1.288698566234E2,-1.320561291601E2,
-1.060598596119E0));
#3033=LINE('',#3032,#3031);
#3034=DIRECTION('',(0.E0,3.257436514780E-2,-9.994693145541E-1));
#3035=VECTOR('',#3034,2.000461687044E-1);
#3036=CARTESIAN_POINT('',(1.288698566234E2,-1.328640032652E2,
-1.069562562250E0));
#3037=LINE('',#3036,#3035);
#3038=DIRECTION('',(-3.097251347504E-11,3.257436514766E-2,-9.994693145541E-1));
#3039=VECTOR('',#3038,2.000461687044E-1);
#3040=CARTESIAN_POINT('',(1.293629836423E2,-1.328640032652E2,
-1.069562562250E0));
#3041=LINE('',#3040,#3039);
#3042=DIRECTION('',(0.E0,3.257436514780E-2,-9.994693145541E-1));
#3043=VECTOR('',#3042,2.000461687044E-1);
#3044=CARTESIAN_POINT('',(1.298561106613E2,-1.324600664053E2,
-1.065080581321E0));
#3045=LINE('',#3044,#3043);
#3046=DIRECTION('',(0.E0,3.257436514780E-2,-9.994693145541E-1));
#3047=VECTOR('',#3046,2.000461687044E-1);
#3048=CARTESIAN_POINT('',(1.293508557496E2,-1.320561291601E2,
-1.060598596119E0));
#3049=LINE('',#3048,#3047);
#3050=DIRECTION('',(0.E0,3.257436514780E-2,-9.994693145541E-1));
#3051=VECTOR('',#3050,2.000461687044E-1);
#3052=CARTESIAN_POINT('',(1.264982373490E2,-1.342777829491E2,
-1.085249502979E0));
#3053=LINE('',#3052,#3051);
#3054=DIRECTION('',(0.E0,3.257436514766E-2,-9.994693145541E-1));
#3055=VECTOR('',#3054,2.000461687044E-1);
#3056=CARTESIAN_POINT('',(1.252988577802E2,-1.330659251791E2,
-1.071803036583E0));
#3057=LINE('',#3056,#3055);
#3058=DIRECTION('',(0.E0,3.257436514780E-2,-9.994693145541E-1));
#3059=VECTOR('',#3058,2.000461687044E-1);
#3060=CARTESIAN_POINT('',(1.252988577802E2,-1.317839272932E2,
-1.057578313254E0));
#3061=LINE('',#3060,#3059);
#3062=DIRECTION('',(0.E0,3.257436514766E-2,-9.994693145541E-1));
#3063=VECTOR('',#3062,2.000461687044E-1);
#3064=CARTESIAN_POINT('',(1.259083829888E2,-1.317839272932E2,
-1.057578313254E0));
#3065=LINE('',#3064,#3063);
#3066=DIRECTION('',(0.E0,3.257436514780E-2,-9.994693145541E-1));
#3067=VECTOR('',#3066,2.000461687044E-1);
#3068=CARTESIAN_POINT('',(1.259083829888E2,-1.330503382299E2,
-1.071630087749E0));
#3069=LINE('',#3068,#3067);
#3070=DIRECTION('',(0.E0,3.257436514794E-2,-9.994693145541E-1));
#3071=VECTOR('',#3070,2.000461687044E-1);
#3072=CARTESIAN_POINT('',(1.271038431757E2,-1.330698213390E2,
-1.071846267385E0));
#3073=LINE('',#3072,#3071);
#3074=DIRECTION('',(0.E0,3.257436514780E-2,-9.994693145541E-1));
#3075=VECTOR('',#3074,2.000461687044E-1);
#3076=CARTESIAN_POINT('',(1.271038431757E2,-1.317839272931E2,
-1.057578313253E0));
#3077=LINE('',#3076,#3075);
#3078=DIRECTION('',(0.E0,3.257436514794E-2,-9.994693145541E-1));
#3079=VECTOR('',#3078,2.000461687044E-1);
#3080=CARTESIAN_POINT('',(1.277134669851E2,-1.317839272931E2,
-1.057578313254E0));
#3081=LINE('',#3080,#3079);
#3082=DIRECTION('',(0.E0,3.257436514808E-2,-9.994693145541E-1));
#3083=VECTOR('',#3082,2.000461687044E-1);
#3084=CARTESIAN_POINT('',(1.277134669851E2,-1.330464413002E2,
-1.071586848406E0));
#3085=LINE('',#3084,#3083);
#3086=DIRECTION('',(5.073055260013E-11,-7.223808043734E-1,6.914954616430E-1));
#3087=VECTOR('',#3086,1.398940181218E0);
#3088=CARTESIAN_POINT('',(-1.500999999996E2,-5.446313848270E1,
-1.178242954272E0));
#3089=LINE('',#3088,#3087);
#3090=DIRECTION('',(-9.999999999995E-1,-6.660517974566E-7,6.838273943890E-7));
#3091=VECTOR('',#3090,3.002000001174E2);
#3092=CARTESIAN_POINT('',(1.501000001175E2,-5.416845919875E1,
-1.021396378502E1));
#3093=LINE('',#3092,#3091);
#3094=DIRECTION('',(-1.086770903881E-9,-3.257388294179E-2,9.994693302699E-1));
#3095=VECTOR('',#3094,9.040714986974E0);
#3096=CARTESIAN_POINT('',(1.501000001175E2,-5.416845919875E1,
-1.021396378502E1));
#3097=LINE('',#3096,#3095);
#3098=DIRECTION('',(9.999999999996E-1,6.265564869371E-7,6.546383857202E-7));
#3099=VECTOR('',#3098,3.002000001073E2);
#3100=CARTESIAN_POINT('',(-1.500999999996E2,-5.446313848270E1,
-1.178242954272E0));
#3101=LINE('',#3100,#3099);
#3102=DIRECTION('',(2.237817734616E-11,-3.257401983646E-2,9.994693258083E-1));
#3103=VECTOR('',#3102,9.040313006562E0);
#3104=CARTESIAN_POINT('',(-1.500999999998E2,-5.416865914750E1,
-1.021375850004E1));
#3105=LINE('',#3104,#3103);
#3106=DIRECTION('',(1.568303467029E-8,-7.162875807010E-1,-6.978052032863E-1));
#3107=VECTOR('',#3106,1.477318516618E0);
#3108=CARTESIAN_POINT('',(1.501000001175E2,-5.416845919875E1,
-1.021396378502E1));
#3109=LINE('',#3108,#3107);
#3110=DIRECTION('',(-7.071088928179E-1,-4.154089506353E-2,-7.058833952822E-1));
#3111=VECTOR('',#3110,1.414213562416E0);
#3112=CARTESIAN_POINT('',(1.582999825161E2,-6.238577078115E1,
-9.821581813199E0));
#3113=LINE('',#3112,#3111);
#3114=CARTESIAN_POINT('',(1.582999825161E2,-6.238577078115E1,
-9.821581813199E0));
#3115=CARTESIAN_POINT('',(1.582999825161E2,-6.178339216490E1,
-9.850313929746E0));
#3116=CARTESIAN_POINT('',(1.581667868303E2,-6.057088852034E1,
-9.908788774911E0));
#3117=CARTESIAN_POINT('',(1.575675085278E2,-5.882433101241E1,
-9.990821675489E0));
#3118=CARTESIAN_POINT('',(1.565713319416E2,-5.722308873550E1,
-1.006830858228E1));
#3119=CARTESIAN_POINT('',(1.552411849199E2,-5.589323526124E1,
-1.013139381291E1));
#3120=CARTESIAN_POINT('',(1.536495455955E2,-5.490028839781E1,
-1.017898339752E1));
#3121=CARTESIAN_POINT('',(1.518970353367E2,-5.429889773705E1,
-1.020683650910E1));
#3122=CARTESIAN_POINT('',(1.506952422704E2,-5.416847138196E1,
-1.021358997120E1));
#3123=CARTESIAN_POINT('',(1.501000001175E2,-5.416845919875E1,
-1.021396378502E1));
#3125=CARTESIAN_POINT('',(1.501000001076E2,-5.446295039045E1,
-1.178046431828E0));
#3126=CARTESIAN_POINT('',(1.506969077101E2,-5.446293816873E1,
-1.178421427074E0));
#3127=CARTESIAN_POINT('',(1.519015142383E2,-5.459380539223E1,
-1.180768717880E0));
#3128=CARTESIAN_POINT('',(1.536561873956E2,-5.519631179393E1,
-1.188145634172E0));
#3129=CARTESIAN_POINT('',(1.552478457684E2,-5.618950600624E1,
-1.201985854720E0));
#3130=CARTESIAN_POINT('',(1.565765452996E2,-5.751809508099E1,
-1.219807821762E0));
#3131=CARTESIAN_POINT('',(1.575705116904E2,-5.911611931533E1,
-1.242816680586E0));
#3132=CARTESIAN_POINT('',(1.581674984972E2,-6.085694160134E1,
-1.265329471344E0));
#3133=CARTESIAN_POINT('',(1.582999808957E2,-6.206434203392E1,
-1.282511733965E0));
#3134=CARTESIAN_POINT('',(1.582999808957E2,-6.266380751235E1,
-1.290719659384E0));
#3136=DIRECTION('',(1.266699432998E-8,-7.223582581704E-1,6.915190140936E-1));
#3137=VECTOR('',#3136,1.398940185339E0);
#3138=CARTESIAN_POINT('',(1.501000001076E2,-5.446295039045E1,
-1.178046431828E0));
#3139=LINE('',#3138,#3137);
#3140=DIRECTION('',(-7.071090875960E-1,-7.845404383526E-3,7.070609506041E-1));
#3141=VECTOR('',#3140,1.414213562424E0);
#3142=CARTESIAN_POINT('',(1.582999808957E2,-6.266380751235E1,
-1.290719659384E0));
#3143=LINE('',#3142,#3141);
#3144=DIRECTION('',(-1.448928815206E-12,-9.999384478902E-1,-1.109506335671E-2));
#3145=VECTOR('',#3144,4.825454809445E0);
#3146=CARTESIAN_POINT('',(1.488711529651E2,-6.253536477113E1,
-5.892322970253E-1));
#3147=LINE('',#3146,#3145);
#3148=CARTESIAN_POINT('',(1.487461319575E2,-6.233311813103E1,
-2.869697557617E-1));
#3149=CARTESIAN_POINT('',(1.487461319576E2,-6.233204713591E1,
-3.198307725065E-1));
#3150=CARTESIAN_POINT('',(1.487583739454E2,-6.233693937762E1,
-3.850478229993E-1));
#3151=CARTESIAN_POINT('',(1.487533658595E2,-6.233079207312E1,
-4.855765154802E-1));
#3152=CARTESIAN_POINT('',(1.487544787675E2,-6.232923254021E1,
-5.530021165867E-1));
#3153=CARTESIAN_POINT('',(1.487544787675E2,-6.232812668171E1,
-5.869328357566E-1));
#3155=DIRECTION('',(0.E0,-3.253777957143E-2,9.994705062685E-1));
#3156=VECTOR('',#3155,3.000690011081E-1);
#3157=CARTESIAN_POINT('',(1.488711529651E2,-6.253536477113E1,
-5.892322970253E-1));
#3158=LINE('',#3157,#3156);
#3159=CARTESIAN_POINT('',(1.456095991972E2,-6.013935310196E1,
-2.626283065064E-1));
#3160=CARTESIAN_POINT('',(1.456105824135E2,-6.013773023294E1,
-2.954309185133E-1));
#3161=CARTESIAN_POINT('',(1.456119419879E2,-6.013481498057E1,
-3.613833279303E-1));
#3162=CARTESIAN_POINT('',(1.456107697876E2,-6.013221576560E1,
-4.613915457877E-1));
#3163=CARTESIAN_POINT('',(1.456105858544E2,-6.013012541484E1,
-5.287077699018E-1));
#3164=CARTESIAN_POINT('',(1.456104150566E2,-6.012911918619E1,
-5.625332064233E-1));
#3166=DIRECTION('',(1.504095533679E-5,-3.258284490312E-2,9.994690380356E-1));
#3167=VECTOR('',#3166,3.000692910101E-1);
#3168=CARTESIAN_POINT('',(1.456098788191E2,-6.055402870938E1,
-5.672478947216E-1));
#3169=LINE('',#3168,#3167);
#3170=CARTESIAN_POINT('',(1.468138678431E2,-5.960125525206E1,
-2.566576953201E-1));
#3171=CARTESIAN_POINT('',(1.468149036555E2,-5.960077191407E1,
-2.894299061013E-1));
#3172=CARTESIAN_POINT('',(1.468162652041E2,-5.959939239807E1,
-3.553415992629E-1));
#3173=CARTESIAN_POINT('',(1.468145958885E2,-5.959519220755E1,
-4.552992736384E-1));
#3174=CARTESIAN_POINT('',(1.468141714892E2,-5.959275630965E1,
-5.226878401682E-1));
#3175=CARTESIAN_POINT('',(1.468138678336E2,-5.959148068130E1,
-5.565677059593E-1));
#3177=DIRECTION('',(-3.403198196178E-7,-3.257455663068E-2,9.994693083133E-1));
#3178=VECTOR('',#3177,3.000692546703E-1);
#3179=CARTESIAN_POINT('',(1.465650805465E2,-5.959161684342E1,
-5.565692171579E-1));
#3180=LINE('',#3179,#3178);
#3181=CARTESIAN_POINT('',(1.503254509510E2,-6.172441630807E1,
-2.802157530422E-1));
#3182=CARTESIAN_POINT('',(1.503254509510E2,-6.172455591757E1,
-3.130690631476E-1));
#3183=CARTESIAN_POINT('',(1.503254506927E2,-6.172410363983E1,
-3.790897491328E-1));
#3184=CARTESIAN_POINT('',(1.503254518550E2,-6.171961623654E1,
-4.790262739248E-1));
#3185=CARTESIAN_POINT('',(1.503254490139E2,-6.171730402884E1,
-5.463275912462E-1));
#3186=CARTESIAN_POINT('',(1.503254490139E2,-6.171604954703E1,
-5.801413831399E-1));
#3188=DIRECTION('',(2.067088827478E-5,-3.258602240465E-2,9.994689343429E-1));
#3189=VECTOR('',#3188,3.000693004248E-1);
#3190=CARTESIAN_POINT('',(1.502002747467E2,-6.150256897202E1,
-5.777726568346E-1));
#3191=LINE('',#3190,#3189);
#3192=DIRECTION('',(-3.432110616482E-7,9.999384478902E-1,1.109506335671E-2));
#3193=VECTOR('',#3192,5.643912948923E0);
#3194=CARTESIAN_POINT('',(1.503254509510E2,-6.735961510121E1,
-6.427609548880E-1));
#3195=LINE('',#3194,#3193);
#3196=DIRECTION('',(0.E0,3.257436514785E-2,-9.994693145541E-1));
#3197=VECTOR('',#3196,3.000692530567E-1);
#3198=CARTESIAN_POINT('',(1.488711529651E2,-6.737029712907E1,
-3.428610131898E-1));
#3199=LINE('',#3198,#3197);
#3200=DIRECTION('',(0.E0,-3.257436514780E-2,9.994693145541E-1));
#3201=VECTOR('',#3200,3.000692530567E-1);
#3202=CARTESIAN_POINT('',(1.503254509510E2,-6.735961510121E1,
-6.427609548880E-1));
#3203=LINE('',#3202,#3201);
#3204=CARTESIAN_POINT('',(1.488711529651E2,-6.253536477113E1,
-5.892322970253E-1));
#3205=CARTESIAN_POINT('',(1.488711529651E2,-6.250708388356E1,
-5.889184994710E-1));
#3206=CARTESIAN_POINT('',(1.488618582056E2,-6.245393116800E1,
-5.883287304228E-1));
#3207=CARTESIAN_POINT('',(1.488205057808E2,-6.238001898180E1,
-5.875086195545E-1));
#3208=CARTESIAN_POINT('',(1.487792603470E2,-6.234342005663E1,
-5.871025271652E-1));
#3209=CARTESIAN_POINT('',(1.487544787675E2,-6.232812668171E1,
-5.869328357566E-1));
#3211=DIRECTION('',(-8.709393193127E-1,4.913603338348E-1,5.452009612389E-3));
#3212=VECTOR('',#3211,3.610584432985E0);
#3213=CARTESIAN_POINT('',(1.487544787675E2,-6.232812668171E1,
-5.869328357566E-1));
#3214=LINE('',#3213,#3212);
#3215=CARTESIAN_POINT('',(1.456098788191E2,-6.055402870938E1,
-5.672478947216E-1));
#3216=CARTESIAN_POINT('',(1.455514449119E2,-6.052106188435E1,
-5.668821031940E-1));
#3217=CARTESIAN_POINT('',(1.454813273035E2,-6.043133543100E1,
-5.658865212018E-1));
#3218=CARTESIAN_POINT('',(1.454813158316E2,-6.025192014523E1,
-5.638957747155E-1));
#3219=CARTESIAN_POINT('',(1.455517246709E2,-6.016202921273E1,
-5.628983677292E-1));
#3220=CARTESIAN_POINT('',(1.456104150566E2,-6.012911918619E1,
-5.625332064233E-1));
#3222=DIRECTION('',(8.713663738548E-1,4.906027004656E-1,5.443602764670E-3));
#3223=VECTOR('',#3222,1.095595972587E0);
#3224=CARTESIAN_POINT('',(1.456104150566E2,-6.012911918619E1,
-5.625332064233E-1));
#3225=LINE('',#3224,#3223);
#3226=CARTESIAN_POINT('',(1.465650805465E2,-5.959161684342E1,
-5.565692171579E-1));
#3227=CARTESIAN_POINT('',(1.465911957517E2,-5.957691327997E1,
-5.564060701478E-1));
#3228=CARTESIAN_POINT('',(1.466449212135E2,-5.955795590074E1,
-5.561957233222E-1));
#3229=CARTESIAN_POINT('',(1.467339897398E2,-5.955790697252E1,
-5.561951806540E-1));
#3230=CARTESIAN_POINT('',(1.467877363053E2,-5.957680558212E1,
-5.564048747815E-1));
#3231=CARTESIAN_POINT('',(1.468138678336E2,-5.959148068130E1,
-5.565677059593E-1));
#3233=DIRECTION('',(8.708766409646E-1,-4.914714013795E-1,-5.453241994853E-3));
#3234=VECTOR('',#3233,3.888503553537E0);
#3235=CARTESIAN_POINT('',(1.468138678336E2,-5.959148068130E1,
-5.565677059593E-1));
#3236=LINE('',#3235,#3234);
#3237=CARTESIAN_POINT('',(1.502002747467E2,-6.150256897202E1,
-5.777726568346E-1));
#3238=CARTESIAN_POINT('',(1.502269156556E2,-6.151762062131E1,
-5.779396661168E-1));
#3239=CARTESIAN_POINT('',(1.502712166882E2,-6.155454797387E1,
-5.783494026533E-1));
#3240=CARTESIAN_POINT('',(1.503157486751E2,-6.163108807216E1,
-5.791986721675E-1));
#3241=CARTESIAN_POINT('',(1.503255964216E2,-6.168646278246E1,
-5.798130959057E-1));
#3242=CARTESIAN_POINT('',(1.503254490139E2,-6.171604954703E1,
-5.801413831399E-1));
#3244=CARTESIAN_POINT('',(1.503254509510E2,-6.735961510121E1,
-6.427609548880E-1));
#3245=CARTESIAN_POINT('',(1.504818535219E2,-6.746179039444E1,
-6.438946660222E-1));
#3246=CARTESIAN_POINT('',(1.507245659972E2,-6.771461033932E1,
-6.466998919961E-1));
#3247=CARTESIAN_POINT('',(1.509375330669E2,-6.823953769960E1,
-6.525243528239E-1));
#3248=CARTESIAN_POINT('',(1.508977697313E2,-6.879566410750E1,
-6.586949903696E-1));
#3249=CARTESIAN_POINT('',(1.506238300625E2,-6.929777467563E1,
-6.642662818599E-1));
#3250=CARTESIAN_POINT('',(1.501611253407E2,-6.963338881191E1,
-6.679901711785E-1));
#3251=CARTESIAN_POINT('',(1.495993217763E2,-6.975755409834E1,
-6.693678776989E-1));
#3252=CARTESIAN_POINT('',(1.490389000122E2,-6.963384022206E1,
-6.679951799111E-1));
#3253=CARTESIAN_POINT('',(1.485767756596E2,-6.930059534713E1,
-6.642975793153E-1));
#3254=CARTESIAN_POINT('',(1.483005577305E2,-6.879778109573E1,
-6.587184799340E-1));
#3255=CARTESIAN_POINT('',(1.482604897118E2,-6.823960663275E1,
-6.525251176886E-1));
#3256=CARTESIAN_POINT('',(1.484730314154E2,-6.771517293449E1,
-6.467061344094E-1));
#3257=CARTESIAN_POINT('',(1.487151222635E2,-6.746250847330E1,
-6.439026336431E-1));
#3258=CARTESIAN_POINT('',(1.488711529651E2,-6.736052256365E1,
-6.427710238611E-1));
#3260=CARTESIAN_POINT('',(1.495988921038E2,-6.888974956591E1,
-6.597389387489E-1));
#3261=CARTESIAN_POINT('',(1.498175842150E2,-6.889414200603E1,
-6.597876761502E-1));
#3262=CARTESIAN_POINT('',(1.503174887011E2,-6.843037740298E1,
-6.546418617610E-1));
#3263=CARTESIAN_POINT('',(1.498176482318E2,-6.796654378075E1,
-6.494952815525E-1));
#3264=CARTESIAN_POINT('',(1.495989555163E2,-6.797090602522E1,
-6.495436839106E-1));
#3266=CARTESIAN_POINT('',(1.495989555163E2,-6.797090602522E1,
-6.495436839106E-1));
#3267=CARTESIAN_POINT('',(1.493803379755E2,-6.796666726588E1,
-6.494966517122E-1));
#3268=CARTESIAN_POINT('',(1.488809363119E2,-6.843027822801E1,
-6.546407613407E-1));
#3269=CARTESIAN_POINT('',(1.493802739800E2,-6.889395813990E1,
-6.597856360182E-1));
#3270=CARTESIAN_POINT('',(1.495988921038E2,-6.888974956591E1,
-6.597389387489E-1));
#3272=DIRECTION('',(-3.643958832857E-9,3.257436604591E-2,-9.994693145248E-1));
#3273=VECTOR('',#3272,3.000692530736E-1);
#3274=CARTESIAN_POINT('',(1.495989555174E2,-6.798068059091E1,
-3.496336732311E-1));
#3275=LINE('',#3274,#3273);
#3276=DIRECTION('',(-4.559184284753E-4,3.837047770576E-2,-9.992634780572E-1));
#3277=VECTOR('',#3276,3.001828094811E-1);
#3278=CARTESIAN_POINT('',(1.495990289626E2,-6.890126772371E1,
-3.597772204938E-1));
#3279=LINE('',#3278,#3277);
#3280=DIRECTION('',(2.841514997710E-13,3.257436514813E-2,-9.994693145541E-1));
#3281=VECTOR('',#3280,3.000692530567E-1);
#3282=CARTESIAN_POINT('',(1.525148970412E2,-6.389513140872E1,
-3.043014559254E-1));
#3283=LINE('',#3282,#3281);
#3284=DIRECTION('',(-1.224804849104E-4,3.836964407711E-2,-9.992636065683E-1));
#3285=VECTOR('',#3284,3.001827613538E-1);
#3286=CARTESIAN_POINT('',(1.525149338088E2,-6.481572085838E1,
-3.144450411962E-1));
#3287=LINE('',#3286,#3285);
#3288=CARTESIAN_POINT('',(1.516568470801E2,-6.982344878018E1,
-6.700989400159E-1));
#3289=CARTESIAN_POINT('',(1.516829588001E2,-6.980835030563E1,
-6.699314111724E-1));
#3290=CARTESIAN_POINT('',(1.517264057055E2,-6.977156848030E1,
-6.695234189593E-1));
#3291=CARTESIAN_POINT('',(1.517700661321E2,-6.969585728710E1,
-6.686832937515E-1));
#3292=CARTESIAN_POINT('',(1.517798101304E2,-6.964112494650E1,
-6.680760093655E-1));
#3293=CARTESIAN_POINT('',(1.517797378250E2,-6.961190700841E1,
-6.677518145364E-1));
#3295=CARTESIAN_POINT('',(1.517797378250E2,-6.537550320611E1,
-6.207457526229E-1));
#3296=CARTESIAN_POINT('',(1.516207952316E2,-6.526332768668E1,
-6.195010815157E-1));
#3297=CARTESIAN_POINT('',(1.513811689840E2,-6.499042279087E1,
-6.164729980213E-1));
#3298=CARTESIAN_POINT('',(1.511956102240E2,-6.441293522760E1,
-6.100653425145E-1));
#3299=CARTESIAN_POINT('',(1.512889532898E2,-6.384257068414E1,
-6.037367222283E-1));
#3300=CARTESIAN_POINT('',(1.516595293613E2,-6.332399306352E1,
-5.979827165011E-1));
#3301=CARTESIAN_POINT('',(1.521945930012E2,-6.304898508986E1,
-5.949312977884E-1));
#3302=CARTESIAN_POINT('',(1.528593857457E2,-6.305566513755E1,
-5.950054179030E-1));
#3303=CARTESIAN_POINT('',(1.533883777624E2,-6.333923379486E1,
-5.981518237898E-1));
#3304=CARTESIAN_POINT('',(1.537498201915E2,-6.386552570031E1,
-6.039914252647E-1));
#3305=CARTESIAN_POINT('',(1.538323291529E2,-6.443474734228E1,
-6.103073642057E-1));
#3306=CARTESIAN_POINT('',(1.536372179657E2,-6.501019510342E1,
-6.166923865857E-1));
#3307=CARTESIAN_POINT('',(1.533940460465E2,-6.527793974974E1,
-6.196632132607E-1));
#3308=CARTESIAN_POINT('',(1.532340763367E2,-6.538692957025E1,
-6.208725366608E-1));
#3310=CARTESIAN_POINT('',(1.532340763367E2,-7.043263169763E1,
-6.768583674892E-1));
#3311=CARTESIAN_POINT('',(1.532340763367E2,-7.046154175355E1,
-6.771791461359E-1));
#3312=CARTESIAN_POINT('',(1.532243940887E2,-7.051572785752E1,
-6.777803378191E-1));
#3313=CARTESIAN_POINT('',(1.531814311965E2,-7.059073744412E1,
-6.786128212770E-1));
#3314=CARTESIAN_POINT('',(1.531387488715E2,-7.062732632289E1,
-6.790183228063E-1));
#3315=CARTESIAN_POINT('',(1.531131297608E2,-7.064243796239E1,
-6.791859977247E-1));
#3317=DIRECTION('',(-8.614508701007E-1,-5.078096587936E-1,-5.634610776859E-3));
#3318=VECTOR('',#3317,3.852236344878E0);
#3319=CARTESIAN_POINT('',(1.531131297608E2,-7.064243796239E1,
-6.791859977247E-1));
#3320=LINE('',#3319,#3318);
#3321=CARTESIAN_POINT('',(1.497946174097E2,-7.259864078627E1,
-7.008918501486E-1));
#3322=CARTESIAN_POINT('',(1.497724613100E2,-7.261170168085E1,
-7.010367705216E-1));
#3323=CARTESIAN_POINT('',(1.497265899530E2,-7.262984703596E1,
-7.012381137047E-1));
#3324=CARTESIAN_POINT('',(1.496502200035E2,-7.263528338511E1,
-7.012984312225E-1));
#3325=CARTESIAN_POINT('',(1.496022071151E2,-7.262380397367E1,
-7.011710592148E-1));
#3326=CARTESIAN_POINT('',(1.495784033868E2,-7.261399499652E1,
-7.010622212927E-1));
#3328=DIRECTION('',(-8.709346852748E-1,4.913685465950E-1,5.452100733687E-3));
#3329=VECTOR('',#3328,4.007925531843E0);
#3330=CARTESIAN_POINT('',(1.495784033868E2,-7.261399499652E1,
-7.010622212927E-1));
#3331=LINE('',#3330,#3329);
#3332=CARTESIAN_POINT('',(1.460877620251E2,-7.064462645308E1,
-6.792106075600E-1));
#3333=CARTESIAN_POINT('',(1.460610321097E2,-7.062954582771E1,
-6.790432767665E-1));
#3334=CARTESIAN_POINT('',(1.460166138388E2,-7.059250288111E1,
-6.786322575657E-1));
#3335=CARTESIAN_POINT('',(1.459720493522E2,-7.051559664508E1,
-6.777789255055E-1));
#3336=CARTESIAN_POINT('',(1.459623334057E2,-7.045993545232E1,
-6.771613230249E-1));
#3337=CARTESIAN_POINT('',(1.459626027029E2,-7.043018990274E1,
-6.768312739525E-1));
#3339=CARTESIAN_POINT('',(1.459625962117E2,-6.417684861221E1,
-6.074457853198E-1));
#3340=CARTESIAN_POINT('',(1.459625962117E2,-6.414735083990E1,
-6.071184855210E-1));
#3341=CARTESIAN_POINT('',(1.459525253117E2,-6.409216610220E1,
-6.065061696706E-1));
#3342=CARTESIAN_POINT('',(1.459077863166E2,-6.401593769518E1,
-6.056603586037E-1));
#3343=CARTESIAN_POINT('',(1.458634722076E2,-6.397922282822E1,
-6.052529797537E-1));
#3344=CARTESIAN_POINT('',(1.458368576072E2,-6.396427524785E1,
-6.050871251937E-1));
#3346=DIRECTION('',(-8.709331562451E-1,4.913712564189E-1,5.452129704519E-3));
#3347=VECTOR('',#3346,2.226276647615E0);
#3348=CARTESIAN_POINT('',(1.458368576072E2,-6.396427524785E1,
-6.050871251937E-1));
#3349=LINE('',#3348,#3347);
#3350=CARTESIAN_POINT('',(1.438979194598E2,-6.287034689437E1,
-5.929491761528E-1));
#3351=CARTESIAN_POINT('',(1.438718435353E2,-6.285563513209E1,
-5.927859381705E-1));
#3352=CARTESIAN_POINT('',(1.438181882199E2,-6.283664549656E1,
-5.925752303764E-1));
#3353=CARTESIAN_POINT('',(1.437292099440E2,-6.283650033018E1,
-5.925736211262E-1));
#3354=CARTESIAN_POINT('',(1.436754932360E2,-6.285531530757E1,
-5.927823870137E-1));
#3355=CARTESIAN_POINT('',(1.436493695294E2,-6.286994196512E1,
-5.929446806954E-1));
#3357=DIRECTION('',(-8.709348801901E-1,-4.913682011564E-1,-5.452096897814E-3));
#3358=VECTOR('',#3357,2.209533724376E0);
#3359=CARTESIAN_POINT('',(1.436493695294E2,-6.286994196512E1,
-5.929446806954E-1));
#3360=LINE('',#3359,#3358);
#3361=CARTESIAN_POINT('',(1.417250095398E2,-6.395563657666E1,
-6.049912726597E-1));
#3362=CARTESIAN_POINT('',(1.416983174E2,-6.397069587563E1,-6.051583668209E-1));
#3363=CARTESIAN_POINT('',(1.416539418068E2,-6.400766148801E1,
-6.055685279225E-1));
#3364=CARTESIAN_POINT('',(1.416093487134E2,-6.408433068701E1,
-6.064192298874E-1));
#3365=CARTESIAN_POINT('',(1.415995310651E2,-6.413977204569E1,
-6.070343931431E-1));
#3366=CARTESIAN_POINT('',(1.415997093389E2,-6.416939231580E1,
-6.073630521462E-1));
#3368=CARTESIAN_POINT('',(1.415997065026E2,-7.097149250951E1,
-6.828374303613E-1));
#3369=CARTESIAN_POINT('',(1.415997065026E2,-7.103685296419E1,
-6.835626533861E-1));
#3370=CARTESIAN_POINT('',(1.415570569337E2,-7.114006817707E1,
-6.847079108040E-1));
#3371=CARTESIAN_POINT('',(1.413971086161E2,-7.123166263097E1,
-6.857241854332E-1));
#3372=CARTESIAN_POINT('',(1.412823034014E2,-7.121657354808E1,
-6.855568443871E-1));
#3373=CARTESIAN_POINT('',(1.412234386115E2,-7.118276581269E1,
-6.851817223315E-1));
#3375=DIRECTION('',(-8.709405882944E-1,4.913580842478E-1,5.452036840995E-3));
#3376=VECTOR('',#3375,1.091798050767E0);
#3377=CARTESIAN_POINT('',(1.412234386115E2,-7.118276581269E1,
-6.851817223315E-1));
#3378=LINE('',#3377,#3376);
#3379=CARTESIAN_POINT('',(1.402725473748E2,-7.064630201408E1,
-6.792291991358E-1));
#3380=CARTESIAN_POINT('',(1.402457573730E2,-7.063118771600E1,
-6.790614947184E-1));
#3381=CARTESIAN_POINT('',(1.402012501271E2,-7.059405127210E1,
-6.786494381207E-1));
#3382=CARTESIAN_POINT('',(1.401566229932E2,-7.051688870988E1,
-6.777932619598E-1));
#3383=CARTESIAN_POINT('',(1.401469490152E2,-7.046107043196E1,
-6.771739163975E-1));
#3384=CARTESIAN_POINT('',(1.401472631448E2,-7.043124304361E1,
-6.768429592629E-1));
#3386=CARTESIAN_POINT('',(1.401538551059E2,-6.334264073528E1,
-5.981896263365E-1));
#3387=CARTESIAN_POINT('',(1.401538826971E2,-6.331300390103E1,
-5.978607835418E-1));
#3388=CARTESIAN_POINT('',(1.401640863872E2,-6.325761014232E1,
-5.972460985241E-1));
#3389=CARTESIAN_POINT('',(1.402092096340E2,-6.318125763585E1,
-5.963991351351E-1));
#3390=CARTESIAN_POINT('',(1.402537972126E2,-6.314461419323E1,
-5.959919996372E-1));
#3391=CARTESIAN_POINT('',(1.402805706173E2,-6.312976292656E1,
-5.958272137497E-1));
#3393=DIRECTION('',(8.713799841581E-1,4.905785302558E-1,5.443239906574E-3));
#3394=VECTOR('',#3393,3.870138266568E0);
#3395=CARTESIAN_POINT('',(1.402805706173E2,-6.312976292656E1,
-5.958272137497E-1));
#3396=LINE('',#3395,#3394);
#3397=CARTESIAN_POINT('',(1.436529316387E2,-6.123115618386E1,
-5.747611226932E-1));
#3398=CARTESIAN_POINT('',(1.436777972113E2,-6.121715744783E1,
-5.746057962693E-1));
#3399=CARTESIAN_POINT('',(1.437290118540E2,-6.119863841845E1,
-5.744003236367E-1));
#3400=CARTESIAN_POINT('',(1.438138638390E2,-6.119670929817E1,
-5.743789145903E-1));
#3401=CARTESIAN_POINT('',(1.438658669964E2,-6.121287993170E1,
-5.745583407306E-1));
#3402=CARTESIAN_POINT('',(1.438913426997E2,-6.122573363099E1,
-5.747009621172E-1));
#3404=DIRECTION('',(8.709407959137E-1,-4.913577168631E-1,-5.451980572577E-3));
#3405=VECTOR('',#3404,3.904255341566E0);
#3406=CARTESIAN_POINT('',(1.438913426997E2,-6.122573363099E1,
-5.747009621172E-1));
#3407=LINE('',#3406,#3405);
#3408=CARTESIAN_POINT('',(1.472917179543E2,-6.314411962167E1,
-5.959868863898E-1));
#3409=CARTESIAN_POINT('',(1.473181312977E2,-6.315902120877E1,
-5.961522306201E-1));
#3410=CARTESIAN_POINT('',(1.473621491611E2,-6.319557360480E1,
-5.965578067783E-1));
#3411=CARTESIAN_POINT('',(1.474066805037E2,-6.327140935825E1,
-5.973992610426E-1));
#3412=CARTESIAN_POINT('',(1.474168127991E2,-6.332635573502E1,
-5.980089321046E-1));
#3413=CARTESIAN_POINT('',(1.474168915830E2,-6.335573138060E1,
-5.983348768162E-1));
#3415=CARTESIAN_POINT('',(1.474168915830E2,-6.961190448672E1,
-6.677517865563E-1));
#3416=CARTESIAN_POINT('',(1.474168915830E2,-6.964077550229E1,
-6.680721320212E-1));
#3417=CARTESIAN_POINT('',(1.474265557496E2,-6.969490483873E1,
-6.686726966887E-1));
#3418=CARTESIAN_POINT('',(1.474694876962E2,-6.976991757537E1,
-6.695052022178E-1));
#3419=CARTESIAN_POINT('',(1.475121347101E2,-6.980651795515E1,
-6.699108628459E-1));
#3420=CARTESIAN_POINT('',(1.475377348541E2,-6.982164042732E1,
-6.700786579609E-1));
#3422=DIRECTION('',(8.610830528129E-1,-5.084330327130E-1,-5.641578206823E-3));
#3423=VECTOR('',#3422,2.226486868070E0);
#3424=CARTESIAN_POINT('',(1.475377348541E2,-6.982164042732E1,
-6.700786579609E-1));
#3425=LINE('',#3424,#3423);
#3426=CARTESIAN_POINT('',(1.494549249635E2,-7.095365989795E1,
-6.826395577536E-1));
#3427=CARTESIAN_POINT('',(1.494805923230E2,-7.096881590435E1,
-6.828077249559E-1));
#3428=CARTESIAN_POINT('',(1.495335777380E2,-7.098836216274E1,
-6.830246147752E-1));
#3429=CARTESIAN_POINT('',(1.496221024165E2,-7.098862331408E1,
-6.830275085601E-1));
#3430=CARTESIAN_POINT('',(1.496752024887E2,-7.096938810119E1,
-6.828140803805E-1));
#3431=CARTESIAN_POINT('',(1.497009591674E2,-7.095438298316E1,
-6.826475873973E-1));
#3433=DIRECTION('',(8.656857077218E-1,5.005570971324E-1,5.554093677308E-3));
#3434=VECTOR('',#3433,2.259351049972E0);
#3435=CARTESIAN_POINT('',(1.497009591674E2,-7.095438298316E1,
-6.826475873973E-1));
#3436=LINE('',#3435,#3434);
#3437=CARTESIAN_POINT('',(1.525148970412E2,-6.388535684331E1,
-6.042114665966E-1));
#3438=CARTESIAN_POINT('',(1.522962535782E2,-6.388108162983E1,
-6.041640299124E-1));
#3439=CARTESIAN_POINT('',(1.517967139167E2,-6.434477989878E1,
-6.093091082753E-1));
#3440=CARTESIAN_POINT('',(1.522962535792E2,-6.480847816663E1,
-6.144541866259E-1));
#3441=CARTESIAN_POINT('',(1.525148970422E2,-6.480420295267E1,
-6.144067499363E-1));
#3443=CARTESIAN_POINT('',(1.525148970422E2,-6.480420295267E1,
-6.144067499363E-1));
#3444=CARTESIAN_POINT('',(1.527335644687E2,-6.480852754291E1,
-6.144547344926E-1));
#3445=CARTESIAN_POINT('',(1.532332656859E2,-6.434477989719E1,
-6.093091082577E-1));
#3446=CARTESIAN_POINT('',(1.527335644676E2,-6.388103225258E1,
-6.041634820350E-1));
#3447=CARTESIAN_POINT('',(1.525148970412E2,-6.388535684331E1,
-6.042114665966E-1));
#3449=CARTESIAN_POINT('',(1.517797378250E2,-6.962169304095E1,
-3.678419146960E-1));
#3450=CARTESIAN_POINT('',(1.517797378250E2,-6.961992219486E1,
-4.008000077078E-1));
#3451=CARTESIAN_POINT('',(1.517797378250E2,-6.961683333344E1,
-4.669600653391E-1));
#3452=CARTESIAN_POINT('',(1.517797378250E2,-6.961470438526E1,
-5.669762901347E-1));
#3453=CARTESIAN_POINT('',(1.517797378250E2,-6.961280055114E1,
-6.340834818171E-1));
#3454=CARTESIAN_POINT('',(1.517797378250E2,-6.961190700841E1,
-6.677518145364E-1));
#3456=DIRECTION('',(4.702994759146E-5,-3.252891359422E-2,9.994707937547E-1));
#3457=VECTOR('',#3456,3.000688753650E-1);
#3458=CARTESIAN_POINT('',(1.516568470801E2,-6.982344878018E1,
-6.700989400159E-1));
#3459=LINE('',#3458,#3457);
#3460=DIRECTION('',(0.E0,-9.999384478902E-1,-1.109506335671E-2));
#3461=VECTOR('',#3460,4.236664577949E0);
#3462=CARTESIAN_POINT('',(1.517797378250E2,-6.537550320611E1,
-6.207457526229E-1));
#3463=LINE('',#3462,#3461);
#3464=DIRECTION('',(0.E0,3.257436514785E-2,-9.994693145541E-1));
#3465=VECTOR('',#3464,3.000692530567E-1);
#3466=CARTESIAN_POINT('',(1.532340763367E2,-6.539670413567E1,
-3.209625259895E-1));
#3467=LINE('',#3466,#3465);
#3468=DIRECTION('',(9.471716659033E-14,-3.257436514785E-2,9.994693145541E-1));
#3469=VECTOR('',#3468,3.000692530567E-1);
#3470=CARTESIAN_POINT('',(1.517797378250E2,-6.537550320611E1,
-6.207457526229E-1));
#3471=LINE('',#3470,#3469);
#3472=DIRECTION('',(-5.018565054656E-12,9.999384478902E-1,1.109506335671E-2));
#3473=VECTOR('',#3472,5.046012720109E0);
#3474=CARTESIAN_POINT('',(1.532340763367E2,-7.043263169763E1,
-6.768583674892E-1));
#3475=LINE('',#3474,#3473);
#3476=DIRECTION('',(1.399833986505E-5,3.251434657987E-2,-9.994712687569E-1));
#3477=VECTOR('',#3476,3.000685663054E-1);
#3478=CARTESIAN_POINT('',(1.531131255603E2,-7.065219449575E1,
-3.792760870454E-1));
#3479=LINE('',#3478,#3477);
#3480=DIRECTION('',(9.471716090745E-14,-3.257698688764E-2,9.994692291038E-1));
#3481=VECTOR('',#3480,3.000692710603E-1);
#3482=CARTESIAN_POINT('',(1.532340763367E2,-7.043263169763E1,
-6.768583674892E-1));
#3483=LINE('',#3482,#3481);
#3484=CARTESIAN_POINT('',(1.495784033867E2,-7.262376956190E1,
-4.011522106209E-1));
#3485=CARTESIAN_POINT('',(1.495815556160E2,-7.262451717458E1,
-4.328005475938E-1));
#3486=CARTESIAN_POINT('',(1.495856985646E2,-7.262475568841E1,
-4.972256811181E-1));
#3487=CARTESIAN_POINT('',(1.495805665304E2,-7.261856816808E1,
-5.982041185027E-1));
#3488=CARTESIAN_POINT('',(1.495793047239E2,-7.261562994016E1,
-6.665061847657E-1));
#3489=CARTESIAN_POINT('',(1.495784033868E2,-7.261399499652E1,
-7.010622212927E-1));
#3491=DIRECTION('',(4.721811372596E-6,-3.257158360068E-2,9.994694051943E-1));
#3492=VECTOR('',#3491,3.000692303934E-1);
#3493=CARTESIAN_POINT('',(1.497946174097E2,-7.259864078627E1,
-7.008918501486E-1));
#3494=LINE('',#3493,#3492);
#3495=CARTESIAN_POINT('',(1.459625962117E2,-7.044188497064E1,
-3.769425555402E-1));
#3496=CARTESIAN_POINT('',(1.459625962117E2,-7.043986437031E1,
-4.098853974406E-1));
#3497=CARTESIAN_POINT('',(1.459625970772E2,-7.043630147921E1,
-4.760235925646E-1));
#3498=CARTESIAN_POINT('',(1.459625931825E2,-7.043359699384E1,
-5.760365074925E-1));
#3499=CARTESIAN_POINT('',(1.459626027029E2,-7.043128444511E1,
-6.431540409557E-1));
#3500=CARTESIAN_POINT('',(1.459626027029E2,-7.043018990274E1,
-6.768312739525E-1));
#3502=DIRECTION('',(-2.638061535515E-6,-3.257287783383E-2,9.994693630235E-1));
#3503=VECTOR('',#3502,3.000692469679E-1);
#3504=CARTESIAN_POINT('',(1.460877620251E2,-7.064462645308E1,
-6.792106075600E-1));
#3505=LINE('',#3504,#3503);
#3506=DIRECTION('',(1.037977300553E-6,-9.999384478897E-1,-1.109506335671E-2));
#3507=VECTOR('',#3506,6.253726220571E0);
#3508=CARTESIAN_POINT('',(1.459625962117E2,-6.417684861221E1,
-6.074457853198E-1));
#3509=LINE('',#3508,#3507);
#3510=CARTESIAN_POINT('',(1.458377188045E2,-6.397453569074E1,
-3.051825357322E-1));
#3511=CARTESIAN_POINT('',(1.458368174451E2,-6.397295600593E1,
-3.380425796632E-1));
#3512=CARTESIAN_POINT('',(1.458355578118E2,-6.397009308591E1,
-4.040714695518E-1));
#3513=CARTESIAN_POINT('',(1.458365771116E2,-6.396740900635E1,
-5.040775949346E-1));
#3514=CARTESIAN_POINT('',(1.458367164039E2,-6.396529613593E1,
-5.713182950973E-1));
#3515=CARTESIAN_POINT('',(1.458368576072E2,-6.396427524785E1,
-6.050871251937E-1));
#3517=DIRECTION('',(0.E0,-3.257124742100E-2,9.994694161611E-1));
#3518=VECTOR('',#3517,3.000692316222E-1);
#3519=CARTESIAN_POINT('',(1.459625962117E2,-6.417684861221E1,
-6.074457853198E-1));
#3520=LINE('',#3519,#3518);
#3521=CARTESIAN_POINT('',(1.436493695089E2,-6.287971654208E1,
-2.930346700739E-1));
#3522=CARTESIAN_POINT('',(1.436485403972E2,-6.287911302686E1,
-3.259098461352E-1));
#3523=CARTESIAN_POINT('',(1.436474505800E2,-6.287757546108E1,
-3.919588384540E-1));
#3524=CARTESIAN_POINT('',(1.436487874486E2,-6.287356312691E1,
-4.919175525285E-1));
#3525=CARTESIAN_POINT('',(1.436491267685E2,-6.287117980707E1,
-5.591682361804E-1));
#3526=CARTESIAN_POINT('',(1.436493695294E2,-6.286994196512E1,
-5.929446806954E-1));
#3528=DIRECTION('',(2.218398717106E-6,-3.257561587173E-2,9.994692737877E-1));
#3529=VECTOR('',#3528,3.000692635920E-1);
#3530=CARTESIAN_POINT('',(1.438979194598E2,-6.287034689437E1,
-5.929491761528E-1));
#3531=LINE('',#3530,#3529);
#3532=CARTESIAN_POINT('',(1.415997065026E2,-6.417747399416E1,
-3.074342749744E-1));
#3533=CARTESIAN_POINT('',(1.415997065026E2,-6.417752757613E1,
-3.403386675242E-1));
#3534=CARTESIAN_POINT('',(1.415997068808E2,-6.417699903129E1,
-4.064278902849E-1));
#3535=CARTESIAN_POINT('',(1.415997051790E2,-6.417278142677E1,
-5.063694728929E-1));
#3536=CARTESIAN_POINT('',(1.415997093389E2,-6.417058094613E1,
-5.736014676699E-1));
#3537=CARTESIAN_POINT('',(1.415997093389E2,-6.416939231580E1,
-6.073630521462E-1));
#3539=DIRECTION('',(-2.544674568075E-6,-3.257579980960E-2,9.994692677918E-1));
#3540=VECTOR('',#3539,3.000692589438E-1);
#3541=CARTESIAN_POINT('',(1.417250095398E2,-6.395563657666E1,
-6.049912726597E-1));
#3542=LINE('',#3541,#3540);
#3543=DIRECTION('',(4.169435346620E-7,9.999384478901E-1,1.109506335671E-2));
#3544=VECTOR('',#3543,6.802518903099E0);
#3545=CARTESIAN_POINT('',(1.415997065026E2,-7.097149250951E1,
-6.828374303613E-1));
#3546=LINE('',#3545,#3544);
#3547=CARTESIAN_POINT('',(1.412252265494E2,-7.119355561151E1,
-3.852829206972E-1));
#3548=CARTESIAN_POINT('',(1.412244480051E2,-7.119204116581E1,
-4.182683585725E-1));
#3549=CARTESIAN_POINT('',(1.412232904909E2,-7.118923022743E1,
-4.844639876155E-1));
#3550=CARTESIAN_POINT('',(1.412236251602E2,-7.118616407975E1,
-5.844570852226E-1));
#3551=CARTESIAN_POINT('',(1.412234683066E2,-7.118387918606E1,
-6.515346484995E-1));
#3552=CARTESIAN_POINT('',(1.412234386115E2,-7.118276581269E1,
-6.851817223315E-1));
#3554=DIRECTION('',(0.E0,-3.258600030059E-2,9.994689352773E-1));
#3555=VECTOR('',#3554,3.000693361888E-1);
#3556=CARTESIAN_POINT('',(1.415997065026E2,-7.097149250951E1,
-6.828374303613E-1));
#3557=LINE('',#3556,#3555);
#3558=CARTESIAN_POINT('',(1.401472538274E2,-7.044312425422E1,
-3.769563068311E-1));
#3559=CARTESIAN_POINT('',(1.401472547710E2,-7.044103725345E1,
-4.098804854168E-1));
#3560=CARTESIAN_POINT('',(1.401472571564E2,-7.043737327586E1,
-4.759936968547E-1));
#3561=CARTESIAN_POINT('',(1.401472522152E2,-7.043468036374E1,
-5.760102257431E-1));
#3562=CARTESIAN_POINT('',(1.401472631413E2,-7.043234501315E1,
-6.431494108570E-1));
#3563=CARTESIAN_POINT('',(1.401472631448E2,-7.043124304361E1,
-6.768429592629E-1));
#3565=DIRECTION('',(-2.651765405219E-6,-3.257287013004E-2,9.994693632746E-1));
#3566=VECTOR('',#3565,3.000692469306E-1);
#3567=CARTESIAN_POINT('',(1.402725473748E2,-7.064630201408E1,
-6.792291991358E-1));
#3568=LINE('',#3567,#3566);
#3569=DIRECTION('',(-9.298804182803E-4,-9.999380155781E-1,-1.109505854951E-2));
#3570=VECTOR('',#3569,7.089041718479E0);
#3571=CARTESIAN_POINT('',(1.401538551059E2,-6.334264073528E1,
-5.981896263365E-1));
#3572=LINE('',#3571,#3570);
#3573=CARTESIAN_POINT('',(1.402792266142E2,-6.314026925085E1,
-2.959257302236E-1));
#3574=CARTESIAN_POINT('',(1.402802471444E2,-6.313862461060E1,
-3.287530790266E-1));
#3575=CARTESIAN_POINT('',(1.402816078449E2,-6.313568297487E1,
-3.947385167602E-1));
#3576=CARTESIAN_POINT('',(1.402806973033E2,-6.313292141853E1,
-4.947465472184E-1));
#3577=CARTESIAN_POINT('',(1.402806707470E2,-6.313080809170E1,
-5.620285012706E-1));
#3578=CARTESIAN_POINT('',(1.402805706173E2,-6.312976292656E1,
-5.958272137497E-1));
#3580=DIRECTION('',(3.120173141282E-9,-3.257101601222E-2,9.994694237024E-1));
#3581=VECTOR('',#3580,3.000692300273E-1);
#3582=CARTESIAN_POINT('',(1.401538551059E2,-6.334264073528E1,
-5.981896263365E-1));
#3583=LINE('',#3582,#3581);
#3584=DIRECTION('',(6.036325026846E-10,3.257436480746E-2,-9.994693145652E-1));
#3585=VECTOR('',#3584,3.000692530545E-1);
#3586=CARTESIAN_POINT('',(1.438913426995E2,-6.123550819631E1,
-2.747909514448E-1));
#3587=LINE('',#3586,#3585);
#3588=DIRECTION('',(6.302327538722E-6,-3.257081955475E-2,9.994694300847E-1));
#3589=VECTOR('',#3588,3.000692234944E-1);
#3590=CARTESIAN_POINT('',(1.436529316387E2,-6.123115618386E1,
-5.747611226932E-1));
#3591=LINE('',#3590,#3589);
#3592=CARTESIAN_POINT('',(1.474168915830E2,-6.336549471640E1,
-2.984247582390E-1));
#3593=CARTESIAN_POINT('',(1.474168915830E2,-6.336529827540E1,
-3.313442445367E-1));
#3594=CARTESIAN_POINT('',(1.474168915830E2,-6.336431225667E1,
-3.974522073842E-1));
#3595=CARTESIAN_POINT('',(1.474168915830E2,-6.335963438868E1,
-4.973879327328E-1));
#3596=CARTESIAN_POINT('',(1.474168915830E2,-6.335708735397E1,
-5.645926881701E-1));
#3597=CARTESIAN_POINT('',(1.474168915830E2,-6.335573138060E1,
-5.983348768162E-1));
#3599=DIRECTION('',(2.571547816240E-6,-3.257581491968E-2,9.994692672993E-1));
#3600=VECTOR('',#3599,3.000692590056E-1);
#3601=CARTESIAN_POINT('',(1.472917179543E2,-6.314411962167E1,
-5.959868863898E-1));
#3602=LINE('',#3601,#3600);
#3603=DIRECTION('',(0.E0,9.999384478902E-1,1.109506335671E-2));
#3604=VECTOR('',#3603,6.256558210475E0);
#3605=CARTESIAN_POINT('',(1.474168915830E2,-6.961190448672E1,
-6.677517865563E-1));
#3606=LINE('',#3605,#3604);
#3607=DIRECTION('',(4.178647365045E-5,3.248586644317E-2,-9.994721940781E-1));
#3608=VECTOR('',#3607,3.000684047961E-1);
#3609=CARTESIAN_POINT('',(1.475377223153E2,-6.983138840944E1,
-3.701686310458E-1));
#3610=LINE('',#3609,#3608);
#3611=DIRECTION('',(0.E0,-3.257697023325E-2,9.994692296466E-1));
#3612=VECTOR('',#3611,3.000692709398E-1);
#3613=CARTESIAN_POINT('',(1.474168915830E2,-6.961190448672E1,
-6.677517865563E-1));
#3614=LINE('',#3613,#3612);
#3615=CARTESIAN_POINT('',(1.496995904932E2,-7.096494895157E1,
-3.827463581376E-1));
#3616=CARTESIAN_POINT('',(1.497003654927E2,-7.096342635204E1,
-4.157091650493E-1));
#3617=CARTESIAN_POINT('',(1.497014883935E2,-7.096062037804E1,
-4.818748265263E-1));
#3618=CARTESIAN_POINT('',(1.497009404637E2,-7.095767826197E1,
-5.818715050974E-1));
#3619=CARTESIAN_POINT('',(1.497009895667E2,-7.095546272545E1,
-6.489786601702E-1));
#3620=CARTESIAN_POINT('',(1.497009591674E2,-7.095438298316E1,
-6.826475873973E-1));
#3622=DIRECTION('',(-5.653463706749E-6,-3.257102923596E-2,9.994694232554E-1));
#3623=VECTOR('',#3622,3.000692250673E-1);
#3624=CARTESIAN_POINT('',(1.494549249635E2,-7.095365989795E1,
-6.826395577536E-1));
#3625=LINE('',#3624,#3623);
#3626=DIRECTION('',(0.E0,3.257436514785E-2,-9.994693145541E-1));
#3627=VECTOR('',#3626,3.000692530567E-1);
#3628=CARTESIAN_POINT('',(1.449786109480E2,-7.330527311561E1,
-4.087140011713E-1));
#3629=LINE('',#3628,#3627);
#3630=DIRECTION('',(0.E0,-3.257436514789E-2,9.994693145541E-1));
#3631=VECTOR('',#3630,3.000692530567E-1);
#3632=CARTESIAN_POINT('',(1.456876531690E2,-7.206044640602E1,
-6.949201865548E-1));
#3633=LINE('',#3632,#3631);
#3634=CARTESIAN_POINT('',(1.430540156004E2,-7.207939940835E1,
-3.951120162108E-1));
#3635=CARTESIAN_POINT('',(1.430540156004E2,-7.207767832132E1,
-4.280971092376E-1));
#3636=CARTESIAN_POINT('',(1.430540156004E2,-7.207467033476E1,
-4.942932779366E-1));
#3637=CARTESIAN_POINT('',(1.430540156004E2,-7.207245342673E1,
-5.943061431859E-1));
#3638=CARTESIAN_POINT('',(1.430540156004E2,-7.207053143433E1,
-6.613792387250E-1));
#3639=CARTESIAN_POINT('',(1.430540156004E2,-7.206962393317E1,
-6.950220180679E-1));
#3641=DIRECTION('',(-2.078855891192E-5,-3.256266995522E-2,9.994696954351E-1));
#3642=VECTOR('',#3641,3.000692058710E-1);
#3643=CARTESIAN_POINT('',(1.431794450145E2,-7.228261874584E1,
-6.973853544774E-1));
#3644=LINE('',#3643,#3642);
#3645=DIRECTION('',(-1.789930241271E-12,-9.999384478902E-1,-1.109506335671E-2));
#3646=VECTOR('',#3645,7.081886273376E0);
#3647=CARTESIAN_POINT('',(1.430540156004E2,-6.498817356483E1,
-6.164480411798E-1));
#3648=LINE('',#3647,#3646);
#3649=CARTESIAN_POINT('',(1.431790582978E2,-6.478579023783E1,
-3.141839837542E-1));
#3650=CARTESIAN_POINT('',(1.431800383434E2,-6.478416614105E1,
-3.470462584274E-1));
#3651=CARTESIAN_POINT('',(1.431814452099E2,-6.478122066415E1,
-4.130779125469E-1));
#3652=CARTESIAN_POINT('',(1.431806529181E2,-6.477840605086E1,
-5.130832197529E-1));
#3653=CARTESIAN_POINT('',(1.431806662588E2,-6.477621301617E1,
-5.803190504438E-1));
#3654=CARTESIAN_POINT('',(1.431806002326E2,-6.477514980896E1,
-6.140843512951E-1));
#3656=DIRECTION('',(0.E0,-3.253836477335E-2,9.994704872170E-1));
#3657=VECTOR('',#3656,3.000690051525E-1);
#3658=CARTESIAN_POINT('',(1.430540156004E2,-6.498817356483E1,
-6.164480411798E-1));
#3659=LINE('',#3658,#3657);
#3660=CARTESIAN_POINT('',(1.438978976838E2,-6.452003607879E1,
-3.112352395391E-1));
#3661=CARTESIAN_POINT('',(1.438986614021E2,-6.451939444821E1,
-3.441446531972E-1));
#3662=CARTESIAN_POINT('',(1.438996652588E2,-6.451780675801E1,
-4.102393031916E-1));
#3663=CARTESIAN_POINT('',(1.438984337236E2,-6.451385400051E1,
-5.101986627674E-1));
#3664=CARTESIAN_POINT('',(1.438981212285E2,-6.451148735789E1,
-5.774033263540E-1));
#3665=CARTESIAN_POINT('',(1.438978976624E2,-6.451026150130E1,
-6.111452501580E-1));
#3667=DIRECTION('',(-5.001833565454E-7,-3.257464711528E-2,9.994693053641E-1));
#3668=VECTOR('',#3667,3.000692554302E-1);
#3669=CARTESIAN_POINT('',(1.436494094295E2,-6.451068246534E1,
-6.111499216225E-1));
#3670=LINE('',#3669,#3668);
#3671=CARTESIAN_POINT('',(1.445083112986E2,-6.500562406053E1,
-3.166232018799E-1));
#3672=CARTESIAN_POINT('',(1.445083112986E2,-6.500542727690E1,
-3.495500513003E-1));
#3673=CARTESIAN_POINT('',(1.445083112986E2,-6.500442557771E1,
-4.156677001662E-1));
#3674=CARTESIAN_POINT('',(1.445083112986E2,-6.499975478607E1,
-5.156047522088E-1));
#3675=CARTESIAN_POINT('',(1.445083112986E2,-6.499720633936E1,
-5.827989508210E-1));
#3676=CARTESIAN_POINT('',(1.445083112986E2,-6.499585033824E1,
-6.165332207102E-1));
#3678=DIRECTION('',(1.996981107065E-5,-3.258562150905E-2,9.994689474276E-1));
#3679=VECTOR('',#3678,3.000692987095E-1);
#3680=CARTESIAN_POINT('',(1.443830942417E2,-6.478394346127E1,
-6.141819557592E-1));
#3681=LINE('',#3680,#3679);
#3682=DIRECTION('',(6.812538318695E-13,9.999384478902E-1,1.109506335671E-2));
#3683=VECTOR('',#3682,6.257955867729E0);
#3684=CARTESIAN_POINT('',(1.445083112986E2,-7.125342101558E1,
-6.859656375461E-1));
#3685=LINE('',#3684,#3683);
#3686=CARTESIAN_POINT('',(1.446329399583E2,-7.147518574419E1,
-3.884078126197E-1));
#3687=CARTESIAN_POINT('',(1.446335085724E2,-7.147443072612E1,
-4.214201771849E-1));
#3688=CARTESIAN_POINT('',(1.446342570960E2,-7.147269456215E1,
-4.876521377283E-1));
#3689=CARTESIAN_POINT('',(1.446333393355E2,-7.146891867667E1,
-5.876141286827E-1));
#3690=CARTESIAN_POINT('',(1.446331069935E2,-7.146660176078E1,
-6.546800146545E-1));
#3691=CARTESIAN_POINT('',(1.446329407086E2,-7.146541160193E1,
-6.883178313151E-1));
#3693=DIRECTION('',(0.E0,-3.261119411101E-2,9.994681135577E-1));
#3694=VECTOR('',#3693,3.000695070927E-1);
#3695=CARTESIAN_POINT('',(1.445083112986E2,-7.125342101558E1,
-6.859656375461E-1));
#3696=LINE('',#3695,#3694);
#3697=DIRECTION('',(8.709412100718E-1,-4.913569828498E-1,-5.451972435887E-3));
#3698=VECTOR('',#3697,1.211003048408E0);
#3699=CARTESIAN_POINT('',(1.446329407086E2,-7.146541160193E1,
-6.883178313151E-1));
#3700=LINE('',#3699,#3698);
#3701=CARTESIAN_POINT('',(1.456876531690E2,-7.206044640602E1,
-6.949201865548E-1));
#3702=CARTESIAN_POINT('',(1.458703611657E2,-7.196833730767E1,
-6.938981673654E-1));
#3703=CARTESIAN_POINT('',(1.462405113753E2,-7.187885054052E1,
-6.929052448978E-1));
#3704=CARTESIAN_POINT('',(1.468438573962E2,-7.198602410099E1,
-6.940944155374E-1));
#3705=CARTESIAN_POINT('',(1.473487791867E2,-7.237260297636E1,
-6.983837966725E-1));
#3706=CARTESIAN_POINT('',(1.476165783450E2,-7.292404276836E1,
-7.045024327171E-1));
#3707=CARTESIAN_POINT('',(1.475969544658E2,-7.355839868505E1,
-7.115410850474E-1));
#3708=CARTESIAN_POINT('',(1.473056520455E2,-7.408803452305E1,
-7.174177899495E-1));
#3709=CARTESIAN_POINT('',(1.467777655128E2,-7.444644245437E1,
-7.213945934357E-1));
#3710=CARTESIAN_POINT('',(1.461721721599E2,-7.453225072990E1,
-7.223467002935E-1));
#3711=CARTESIAN_POINT('',(1.455648063794E2,-7.433231539454E1,
-7.201282685312E-1));
#3712=CARTESIAN_POINT('',(1.451193806646E2,-7.389070867037E1,
-7.152283123451E-1));
#3713=CARTESIAN_POINT('',(1.449942819921E2,-7.351265724294E1,
-7.110335496093E-1));
#3714=CARTESIAN_POINT('',(1.449786109480E2,-7.329549855019E1,
-7.086240118426E-1));
#3716=DIRECTION('',(-8.713868728707E-1,4.905662945735E-1,5.443199159432E-3));
#3717=VECTOR('',#3716,2.064715443261E0);
#3718=CARTESIAN_POINT('',(1.449786109480E2,-7.329549855019E1,
-7.086240118426E-1));
#3719=LINE('',#3718,#3717);
#3720=CARTESIAN_POINT('',(1.431794450145E2,-7.228261874584E1,
-6.973853544774E-1));
#3721=CARTESIAN_POINT('',(1.431528255086E2,-7.226763271289E1,
-6.972190732574E-1));
#3722=CARTESIAN_POINT('',(1.431085283998E2,-7.223083575683E1,
-6.968107835677E-1));
#3723=CARTESIAN_POINT('',(1.430639152036E2,-7.215451164117E1,
-6.959639105419E-1));
#3724=CARTESIAN_POINT('',(1.430539438485E2,-7.209919576246E1,
-6.953501395841E-1));
#3725=CARTESIAN_POINT('',(1.430540156004E2,-7.206962393317E1,
-6.950220180679E-1));
#3727=CARTESIAN_POINT('',(1.430540156004E2,-6.498817356483E1,
-6.164480411798E-1));
#3728=CARTESIAN_POINT('',(1.430540156004E2,-6.495852521329E1,
-6.161190705922E-1));
#3729=CARTESIAN_POINT('',(1.430641756696E2,-6.490310554957E1,
-6.155041437517E-1));
#3730=CARTESIAN_POINT('',(1.431092429741E2,-6.482668952293E1,
-6.146562703024E-1));
#3731=CARTESIAN_POINT('',(1.431538293386E2,-6.479002538466E1,
-6.142494069094E-1));
#3732=CARTESIAN_POINT('',(1.431806002326E2,-6.477514980896E1,
-6.140843512951E-1));
#3734=DIRECTION('',(8.709568801656E-1,4.913292103212E-1,5.451603188552E-3));
#3735=VECTOR('',#3734,5.382691239815E-1);
#3736=CARTESIAN_POINT('',(1.431806002326E2,-6.477514980896E1,
-6.140843512951E-1));
#3737=LINE('',#3736,#3735);
#3738=CARTESIAN_POINT('',(1.436494094295E2,-6.451068246534E1,
-6.111499216225E-1));
#3739=CARTESIAN_POINT('',(1.436754751809E2,-6.449596020159E1,
-6.109865671186E-1));
#3740=CARTESIAN_POINT('',(1.437291135164E2,-6.447695634194E1,
-6.107757042998E-1));
#3741=CARTESIAN_POINT('',(1.438180797102E2,-6.447680554896E1,
-6.107740314717E-1));
#3742=CARTESIAN_POINT('',(1.438717821466E2,-6.449562762460E1,
-6.109828763745E-1));
#3743=CARTESIAN_POINT('',(1.438978976624E2,-6.451026150130E1,
-6.111452501580E-1));
#3745=DIRECTION('',(8.709798717986E-1,-4.912884562134E-1,-5.451212081819E-3));
#3746=VECTOR('',#3745,5.570697957778E-1);
#3747=CARTESIAN_POINT('',(1.438978976624E2,-6.451026150130E1,
-6.111452501580E-1));
#3748=LINE('',#3747,#3746);
#3749=CARTESIAN_POINT('',(1.443830942417E2,-6.478394346127E1,
-6.141819557592E-1));
#3750=CARTESIAN_POINT('',(1.444095554001E2,-6.479888811190E1,
-6.143477778114E-1));
#3751=CARTESIAN_POINT('',(1.444536326105E2,-6.483553166509E1,
-6.147543653820E-1));
#3752=CARTESIAN_POINT('',(1.444981884661E2,-6.491152509362E1,
-6.155975691872E-1));
#3753=CARTESIAN_POINT('',(1.445082656564E2,-6.496648364102E1,
-6.162073752874E-1));
#3754=CARTESIAN_POINT('',(1.445083112986E2,-6.499585033824E1,
-6.165332207102E-1));
#3756=CARTESIAN_POINT('',(1.445083112986E2,-7.125342101558E1,
-6.859656375461E-1));
#3757=CARTESIAN_POINT('',(1.445083112986E2,-7.128280584465E1,
-6.862916841551E-1));
#3758=CARTESIAN_POINT('',(1.445182977304E2,-7.133779431053E1,
-6.869018222233E-1));
#3759=CARTESIAN_POINT('',(1.445626061511E2,-7.141371903937E1,
-6.877442637542E-1));
#3760=CARTESIAN_POINT('',(1.446065486869E2,-7.145042145932E1,
-6.881515044953E-1));
#3761=CARTESIAN_POINT('',(1.446329407086E2,-7.146541160193E1,
-6.883178313151E-1));
#3763=CARTESIAN_POINT('',(1.462865902841E2,-7.366378919503E1,
-7.127104714111E-1));
#3764=CARTESIAN_POINT('',(1.465052867032E2,-7.366816909020E1,
-7.127590696167E-1));
#3765=CARTESIAN_POINT('',(1.470051734465E2,-7.320439392557E1,
-7.076131380389E-1));
#3766=CARTESIAN_POINT('',(1.465053486925E2,-7.274055193130E1,
-7.024664649364E-1));
#3767=CARTESIAN_POINT('',(1.462866516899E2,-7.274490258718E1,
-7.025147387104E-1));
#3769=CARTESIAN_POINT('',(1.462866516899E2,-7.274490258718E1,
-7.025147387104E-1));
#3770=CARTESIAN_POINT('',(1.460680280978E2,-7.274067276814E1,
-7.024678057114E-1));
#3771=CARTESIAN_POINT('',(1.455686323724E2,-7.320429789434E1,
-7.076120725008E-1));
#3772=CARTESIAN_POINT('',(1.460679661286E2,-7.366798978453E1,
-7.127570800865E-1));
#3773=CARTESIAN_POINT('',(1.462865902841E2,-7.366378919503E1,
-7.127104714111E-1));
#3775=DIRECTION('',(-3.088632085196E-9,3.257436590848E-2,-9.994693145293E-1));
#3776=VECTOR('',#3775,3.000692530710E-1);
#3777=CARTESIAN_POINT('',(1.462866516908E2,-7.275467715283E1,
-4.026047280322E-1));
#3778=LINE('',#3777,#3776);
#3779=DIRECTION('',(-4.445632085868E-4,3.835575933018E-2,-9.992640482324E-1));
#3780=VECTOR('',#3779,3.001825075764E-1);
#3781=CARTESIAN_POINT('',(1.462867237342E2,-7.367530292305E1,
-4.127488836817E-1));
#3782=LINE('',#3781,#3780);
#3783=DIRECTION('',(-4.527313279761E-9,6.977536235995E-1,-7.163378258571E-1));
#3784=VECTOR('',#3783,1.348158013662E0);
#3785=CARTESIAN_POINT('',(-1.483000000342E2,-1.392878200311E2,
-5.387542577857E0));
#3786=LINE('',#3785,#3784);
#3787=CARTESIAN_POINT('',(-1.535E2,-6.333474187893E1,-1.026661772790E1));
#3788=CARTESIAN_POINT('',(-1.45E2,-6.333474187893E1,-1.026661772790E1));
#3789=VERTEX_POINT('',#3787);
#3790=VERTEX_POINT('',#3788);
#3791=CARTESIAN_POINT('',(1.45E2,-6.333474187893E1,-1.026661772790E1));
#3792=CARTESIAN_POINT('',(1.535E2,-6.333474187893E1,-1.026661772790E1));
#3793=VERTEX_POINT('',#3791);
#3794=VERTEX_POINT('',#3792);
#3795=CARTESIAN_POINT('',(-1.535E2,-6.336411591199E1,-1.076575414831E1));
#3796=VERTEX_POINT('',#3795);
#3797=CARTESIAN_POINT('',(-1.45E2,-6.336411591199E1,-1.076575414831E1));
#3798=VERTEX_POINT('',#3797);
#3799=CARTESIAN_POINT('',(1.45E2,-6.336411591199E1,-1.076575414831E1));
#3800=VERTEX_POINT('',#3799);
#3801=CARTESIAN_POINT('',(1.535E2,-6.336411591199E1,-1.076575414831E1));
#3802=VERTEX_POINT('',#3801);
#3803=CARTESIAN_POINT('',(1.583002132622E2,-1.292660714808E2,
-5.885926765215E0));
#3804=CARTESIAN_POINT('',(1.582999825161E2,-6.238577078115E1,
-9.821581813199E0));
#3805=VERTEX_POINT('',#3803);
#3806=VERTEX_POINT('',#3804);
#3807=CARTESIAN_POINT('',(1.573002559243E2,-1.293248240067E2,
-6.884242086808E0));
#3808=CARTESIAN_POINT('',(1.572999795297E2,-6.244451847834E1,
-1.081985168429E1));
#3809=VERTEX_POINT('',#3807);
#3810=VERTEX_POINT('',#3808);
#3811=VERTEX_POINT('',#3123);
#3812=VERTEX_POINT('',#251);
#3813=CARTESIAN_POINT('',(-1.500999999998E2,-5.416865914750E1,
-1.021375850004E1));
#3814=VERTEX_POINT('',#3813);
#3815=CARTESIAN_POINT('',(-1.500999999997E2,-5.522688082541E1,
-1.124460129477E1));
#3816=VERTEX_POINT('',#3815);
#3817=VERTEX_POINT('',#181);
#3818=VERTEX_POINT('',#266);
#3819=CARTESIAN_POINT('',(-1.583002132622E2,-1.292660714808E2,
-5.885926765215E0));
#3820=VERTEX_POINT('',#3819);
#3821=CARTESIAN_POINT('',(-1.573002559243E2,-1.293248240067E2,
-6.884242086808E0));
#3822=VERTEX_POINT('',#3821);
#3823=CARTESIAN_POINT('',(-1.535E2,-1.299445753934E2,-6.346648413547E0));
#3824=CARTESIAN_POINT('',(-1.45E2,-1.299445753934E2,-6.346648413547E0));
#3825=VERTEX_POINT('',#3823);
#3826=VERTEX_POINT('',#3824);
#3827=CARTESIAN_POINT('',(1.45E2,-1.299445753934E2,-6.346648413547E0));
#3828=CARTESIAN_POINT('',(1.535E2,-1.299445753934E2,-6.346648413547E0));
#3829=VERTEX_POINT('',#3827);
#3830=VERTEX_POINT('',#3828);
#3831=CARTESIAN_POINT('',(-1.535E2,-1.299739494265E2,-6.845784833960E0));
#3832=CARTESIAN_POINT('',(-1.45E2,-1.299739494265E2,-6.845784833960E0));
#3833=VERTEX_POINT('',#3831);
#3834=VERTEX_POINT('',#3832);
#3835=CARTESIAN_POINT('',(1.45E2,-1.299739494265E2,-6.845784833960E0));
#3836=CARTESIAN_POINT('',(1.535E2,-1.299739494265E2,-6.845784833960E0));
#3837=VERTEX_POINT('',#3835);
#3838=VERTEX_POINT('',#3836);
#3839=VERTEX_POINT('',#1394);
#3840=VERTEX_POINT('',#1403);
#3841=VERTEX_POINT('',#1318);
#3842=VERTEX_POINT('',#1324);
#3843=VERTEX_POINT('',#1284);
#3844=VERTEX_POINT('',#1290);
#3845=VERTEX_POINT('',#1298);
#3846=CARTESIAN_POINT('',(1.495649962463E2,-1.317860337001E2,
-1.057601685411E0));
#3847=VERTEX_POINT('',#3846);
#3848=VERTEX_POINT('',#1312);
#3849=VERTEX_POINT('',#1232);
#3850=VERTEX_POINT('',#1239);
#3851=VERTEX_POINT('',#1248);
#3852=VERTEX_POINT('',#1255);
#3853=VERTEX_POINT('',#1263);
#3854=CARTESIAN_POINT('',(1.458239604035E2,-1.339441986569E2,
-1.081548136295E0));
#3855=VERTEX_POINT('',#3854);
#3856=VERTEX_POINT('',#1275);
#3857=CARTESIAN_POINT('',(1.464361231823E2,-1.336718773703E2,
-1.078526528381E0));
#3858=CARTESIAN_POINT('',(1.464361231823E2,-1.320224682528E2,
-1.060225103229E0));
#3859=VERTEX_POINT('',#3857);
#3860=VERTEX_POINT('',#3858);
#3861=CARTESIAN_POINT('',(1.469021842944E2,-1.320224682528E2,
-1.060225103229E0));
#3862=VERTEX_POINT('',#3861);
#3863=VERTEX_POINT('',#1374);
#3864=VERTEX_POINT('',#1382);
#3865=VERTEX_POINT('',#1168);
#3866=VERTEX_POINT('',#1175);
#3867=CARTESIAN_POINT('',(1.452798567950E2,-1.317839272931E2,
-1.057578313253E0));
#3868=VERTEX_POINT('',#3867);
#3869=VERTEX_POINT('',#1189);
#3870=CARTESIAN_POINT('',(1.446702083354E2,-1.330698213387E2,
-1.071846267382E0));
#3871=VERTEX_POINT('',#3870);
#3872=VERTEX_POINT('',#1204);
#3873=CARTESIAN_POINT('',(1.434747481485E2,-1.317839272932E2,
-1.057578313254E0));
#3874=VERTEX_POINT('',#3873);
#3875=VERTEX_POINT('',#1218);
#3876=CARTESIAN_POINT('',(1.428651243392E2,-1.330659251792E2,
-1.071803036585E0));
#3877=VERTEX_POINT('',#3876);
#3878=VERTEX_POINT('',#1114);
#3879=VERTEX_POINT('',#1120);
#3880=CARTESIAN_POINT('',(1.416355482915E2,-1.320727215452E2,
-1.060782701014E0));
#3881=VERTEX_POINT('',#3880);
#3882=CARTESIAN_POINT('',(1.422136691602E2,-1.320727215452E2,
-1.060782701014E0));
#3883=VERTEX_POINT('',#3882);
#3884=VERTEX_POINT('',#1137);
#3885=CARTESIAN_POINT('',(1.404557409743E2,-1.315175469371E2,
-1.054622624398E0));
#3886=VERTEX_POINT('',#3885);
#3887=VERTEX_POINT('',#1150);
#3888=CARTESIAN_POINT('',(1.410339850938E2,-1.320727215452E2,
-1.060782701014E0));
#3889=VERTEX_POINT('',#3888);
#3890=CARTESIAN_POINT('',(1.410339850938E2,-1.339767377909E2,
-1.081909182271E0));
#3891=VERTEX_POINT('',#3890);
#3892=VERTEX_POINT('',#1020);
#3893=VERTEX_POINT('',#1027);
#3894=VERTEX_POINT('',#1035);
#3895=VERTEX_POINT('',#1044);
#3896=VERTEX_POINT('',#1070);
#3897=VERTEX_POINT('',#1078);
#3898=VERTEX_POINT('',#1087);
#3899=VERTEX_POINT('',#1105);
#3900=VERTEX_POINT('',#960);
#3901=VERTEX_POINT('',#966);
#3902=VERTEX_POINT('',#974);
#3903=CARTESIAN_POINT('',(1.351410371040E2,-1.331845180494E2,
-1.073118912988E0));
#3904=VERTEX_POINT('',#3903);
#3905=CARTESIAN_POINT('',(1.360347789846E2,-1.319893728550E2,
-1.059857885092E0));
#3906=VERTEX_POINT('',#3905);
#3907=VERTEX_POINT('',#992);
#3908=CARTESIAN_POINT('',(1.348404527066E2,-1.326320080385E2,
-1.066988402065E0));
#3909=VERTEX_POINT('',#3908);
#3910=CARTESIAN_POINT('',(1.341682174190E2,-1.316719741510E2,
-1.056336109588E0));
#3911=VERTEX_POINT('',#3910);
#3912=VERTEX_POINT('',#1010);
#3913=CARTESIAN_POINT('',(1.345320048991E2,-1.331962739422E2,
-1.073249353392E0));
#3914=VERTEX_POINT('',#3913);
#3915=VERTEX_POINT('',#882);
#3916=VERTEX_POINT('',#888);
#3917=CARTESIAN_POINT('',(1.331549960747E2,-1.317860337001E2,
-1.057601685411E0));
#3918=VERTEX_POINT('',#3917);
#3919=VERTEX_POINT('',#902);
#3920=CARTESIAN_POINT('',(1.325534328769E2,-1.325943812459E2,
-1.066570904721E0));
#3921=VERTEX_POINT('',#3920);
#3922=CARTESIAN_POINT('',(1.314440018475E2,-1.325943812459E2,
-1.066570904721E0));
#3923=VERTEX_POINT('',#3922);
#3924=CARTESIAN_POINT('',(1.314440018475E2,-1.317860337001E2,
-1.057601685411E0));
#3925=VERTEX_POINT('',#3924);
#3926=VERTEX_POINT('',#924);
#3927=CARTESIAN_POINT('',(1.308423400490E2,-1.339756341230E2,
-1.081896936253E0));
#3928=VERTEX_POINT('',#3927);
#3929=VERTEX_POINT('',#938);
#3930=CARTESIAN_POINT('',(1.314440018475E2,-1.331515913797E2,
-1.072753567014E0));
#3931=VERTEX_POINT('',#3930);
#3932=CARTESIAN_POINT('',(1.325534328769E2,-1.331515913797E2,
-1.072753567014E0));
#3933=VERTEX_POINT('',#3932);
#3934=CARTESIAN_POINT('',(1.325534328769E2,-1.339756341230E2,
-1.081896936253E0));
#3935=VERTEX_POINT('',#3934);
#3936=VERTEX_POINT('',#822);
#3937=VERTEX_POINT('',#829);
#3938=VERTEX_POINT('',#837);
#3939=VERTEX_POINT('',#844);
#3940=VERTEX_POINT('',#852);
#3941=CARTESIAN_POINT('',(1.282576938446E2,-1.339767377909E2,
-1.081909182272E0));
#3942=VERTEX_POINT('',#3941);
#3943=VERTEX_POINT('',#864);
#3944=VERTEX_POINT('',#872);
#3945=CARTESIAN_POINT('',(1.288626834185E2,-1.334332909542E2,
-1.075879234032E0));
#3946=VERTEX_POINT('',#3945);
#3947=CARTESIAN_POINT('',(1.288698566234E2,-1.320561291601E2,
-1.060598596119E0));
#3948=CARTESIAN_POINT('',(1.293508557496E2,-1.320561291601E2,
-1.060598596119E0));
#3949=VERTEX_POINT('',#3947);
#3950=VERTEX_POINT('',#3948);
#3951=VERTEX_POINT('',#1342);
#3952=VERTEX_POINT('',#1350);
#3953=CARTESIAN_POINT('',(1.288698566234E2,-1.328640032652E2,
-1.069562562250E0));
#3954=VERTEX_POINT('',#3953);
#3955=VERTEX_POINT('',#758);
#3956=VERTEX_POINT('',#765);
#3957=CARTESIAN_POINT('',(1.277134669851E2,-1.317839272931E2,
-1.057578313254E0));
#3958=VERTEX_POINT('',#3957);
#3959=VERTEX_POINT('',#779);
#3960=CARTESIAN_POINT('',(1.271038431757E2,-1.330698213390E2,
-1.071846267385E0));
#3961=VERTEX_POINT('',#3960);
#3962=VERTEX_POINT('',#794);
#3963=CARTESIAN_POINT('',(1.259083829888E2,-1.317839272932E2,
-1.057578313254E0));
#3964=VERTEX_POINT('',#3963);
#3965=VERTEX_POINT('',#808);
#3966=CARTESIAN_POINT('',(1.252988577802E2,-1.330659251791E2,
-1.071803036583E0));
#3967=VERTEX_POINT('',#3966);
#3968=VERTEX_POINT('',#680);
#3969=VERTEX_POINT('',#686);
#3970=CARTESIAN_POINT('',(1.247546309207E2,-1.317821105749E2,
-1.057558155409E0));
#3971=VERTEX_POINT('',#3970);
#3972=VERTEX_POINT('',#700);
#3973=CARTESIAN_POINT('',(1.241562968976E2,-1.331986792833E2,
-1.073276042447E0));
#3974=VERTEX_POINT('',#3973);
#3975=CARTESIAN_POINT('',(1.229870152110E2,-1.316683129782E2,
-1.056295486144E0));
#3976=VERTEX_POINT('',#3975);
#3977=VERTEX_POINT('',#715);
#3978=VERTEX_POINT('',#723);
#3979=CARTESIAN_POINT('',(1.223059798057E2,-1.339795584040E2,
-1.081940479079E0));
#3980=VERTEX_POINT('',#3979);
#3981=VERTEX_POINT('',#734);
#3982=VERTEX_POINT('',#741);
#3983=CARTESIAN_POINT('',(1.229044124295E2,-1.325080528448E2,
-1.065613026681E0));
#3984=VERTEX_POINT('',#3983);
#3985=CARTESIAN_POINT('',(1.241169305469E2,-1.340933544600E2,
-1.083203131249E0));
#3986=VERTEX_POINT('',#3985);
#3987=VERTEX_POINT('',#1959);
#3988=VERTEX_POINT('',#1968);
#3989=VERTEX_POINT('',#2004);
#3990=VERTEX_POINT('',#2010);
#3991=VERTEX_POINT('',#2023);
#3992=VERTEX_POINT('',#2029);
#3993=VERTEX_POINT('',#2055);
#3994=CARTESIAN_POINT('',(1.495649962463E2,-1.317795173232E2,
-1.257541692525E0));
#3995=VERTEX_POINT('',#3994);
#3996=VERTEX_POINT('',#2043);
#3997=VERTEX_POINT('',#2057);
#3998=VERTEX_POINT('',#2064);
#3999=VERTEX_POINT('',#2106);
#4000=VERTEX_POINT('',#2097);
#4001=VERTEX_POINT('',#2090);
#4002=CARTESIAN_POINT('',(1.458239604035E2,-1.339376822799E2,
-1.281488143409E0));
#4003=VERTEX_POINT('',#4002);
#4004=VERTEX_POINT('',#2078);
#4005=CARTESIAN_POINT('',(1.464361231823E2,-1.336653609934E2,
-1.278466535495E0));
#4006=CARTESIAN_POINT('',(1.464361231823E2,-1.320159518758E2,
-1.260165110343E0));
#4007=VERTEX_POINT('',#4005);
#4008=VERTEX_POINT('',#4006);
#4009=CARTESIAN_POINT('',(1.469021842944E2,-1.320159518758E2,
-1.260165110343E0));
#4010=VERTEX_POINT('',#4009);
#4011=VERTEX_POINT('',#2130);
#4012=VERTEX_POINT('',#2122);
#4013=VERTEX_POINT('',#2136);
#4014=VERTEX_POINT('',#2143);
#4015=CARTESIAN_POINT('',(1.452798567950E2,-1.317774109161E2,
-1.257518320367E0));
#4016=VERTEX_POINT('',#4015);
#4017=VERTEX_POINT('',#2194);
#4018=CARTESIAN_POINT('',(1.446702083354E2,-1.330633049618E2,
-1.271786274496E0));
#4019=VERTEX_POINT('',#4018);
#4020=VERTEX_POINT('',#2180);
#4021=CARTESIAN_POINT('',(1.434747481485E2,-1.317774109162E2,
-1.257518320368E0));
#4022=VERTEX_POINT('',#4021);
#4023=VERTEX_POINT('',#2165);
#4024=CARTESIAN_POINT('',(1.428651243392E2,-1.330594088023E2,
-1.271743043699E0));
#4025=VERTEX_POINT('',#4024);
#4026=VERTEX_POINT('',#2200);
#4027=VERTEX_POINT('',#2205);
#4028=CARTESIAN_POINT('',(1.416355482915E2,-1.320662051683E2,
-1.260722708129E0));
#4029=VERTEX_POINT('',#4028);
#4030=CARTESIAN_POINT('',(1.422136691602E2,-1.320662051683E2,
-1.260722708129E0));
#4031=VERTEX_POINT('',#4030);
#4032=VERTEX_POINT('',#2242);
#4033=CARTESIAN_POINT('',(1.404557409743E2,-1.315110305602E2,
-1.254562631512E0));
#4034=VERTEX_POINT('',#4033);
#4035=VERTEX_POINT('',#2229);
#4036=CARTESIAN_POINT('',(1.410339850938E2,-1.320662051683E2,
-1.260722708129E0));
#4037=VERTEX_POINT('',#4036);
#4038=CARTESIAN_POINT('',(1.410339850938E2,-1.339702214139E2,
-1.281849189386E0));
#4039=VERTEX_POINT('',#4038);
#4040=VERTEX_POINT('',#2252);
#4041=VERTEX_POINT('',#2259);
#4042=VERTEX_POINT('',#2342);
#4043=VERTEX_POINT('',#2334);
#4044=VERTEX_POINT('',#2325);
#4045=VERTEX_POINT('',#2301);
#4046=VERTEX_POINT('',#2293);
#4047=VERTEX_POINT('',#2284);
#4048=VERTEX_POINT('',#2344);
#4049=VERTEX_POINT('',#2350);
#4050=VERTEX_POINT('',#2401);
#4051=CARTESIAN_POINT('',(1.351410371040E2,-1.331780016725E2,
-1.273058920103E0));
#4052=VERTEX_POINT('',#4051);
#4053=CARTESIAN_POINT('',(1.360347789846E2,-1.319828564781E2,
-1.259797892206E0));
#4054=VERTEX_POINT('',#4053);
#4055=VERTEX_POINT('',#2385);
#4056=CARTESIAN_POINT('',(1.348404527066E2,-1.326254916615E2,
-1.266928409180E0));
#4057=VERTEX_POINT('',#4056);
#4058=CARTESIAN_POINT('',(1.341682174190E2,-1.316654577741E2,
-1.256276116703E0));
#4059=VERTEX_POINT('',#4058);
#4060=VERTEX_POINT('',#2368);
#4061=CARTESIAN_POINT('',(1.345320048991E2,-1.331897575652E2,
-1.273189360506E0));
#4062=VERTEX_POINT('',#4061);
#4063=VERTEX_POINT('',#2403);
#4064=VERTEX_POINT('',#2409);
#4065=CARTESIAN_POINT('',(1.331549960747E2,-1.317795173231E2,
-1.257541692525E0));
#4066=VERTEX_POINT('',#4065);
#4067=VERTEX_POINT('',#2475);
#4068=CARTESIAN_POINT('',(1.325534328769E2,-1.325878648690E2,
-1.266510911835E0));
#4069=VERTEX_POINT('',#4068);
#4070=CARTESIAN_POINT('',(1.314440018475E2,-1.325878648690E2,
-1.266510911835E0));
#4071=VERTEX_POINT('',#4070);
#4072=CARTESIAN_POINT('',(1.314440018475E2,-1.317795173232E2,
-1.257541692525E0));
#4073=VERTEX_POINT('',#4072);
#4074=VERTEX_POINT('',#2453);
#4075=CARTESIAN_POINT('',(1.308423400490E2,-1.339691177461E2,
-1.281836943367E0));
#4076=VERTEX_POINT('',#4075);
#4077=VERTEX_POINT('',#2439);
#4078=CARTESIAN_POINT('',(1.314440018475E2,-1.331450750028E2,
-1.272693574128E0));
#4079=VERTEX_POINT('',#4078);
#4080=CARTESIAN_POINT('',(1.325534328769E2,-1.331450750028E2,
-1.272693574128E0));
#4081=VERTEX_POINT('',#4080);
#4082=CARTESIAN_POINT('',(1.325534328769E2,-1.339691177460E2,
-1.281836943367E0));
#4083=VERTEX_POINT('',#4082);
#4084=VERTEX_POINT('',#2481);
#4085=VERTEX_POINT('',#2488);
#4086=VERTEX_POINT('',#2539);
#4087=VERTEX_POINT('',#2531);
#4088=VERTEX_POINT('',#2524);
#4089=CARTESIAN_POINT('',(1.282576938446E2,-1.339702214140E2,
-1.281849189386E0));
#4090=VERTEX_POINT('',#4089);
#4091=VERTEX_POINT('',#2512);
#4092=VERTEX_POINT('',#2504);
#4093=CARTESIAN_POINT('',(1.288626834185E2,-1.334267745773E2,
-1.275819241146E0));
#4094=VERTEX_POINT('',#4093);
#4095=CARTESIAN_POINT('',(1.288698566234E2,-1.320496127832E2,
-1.260538603233E0));
#4096=CARTESIAN_POINT('',(1.293508557496E2,-1.320496127832E2,
-1.260538603233E0));
#4097=VERTEX_POINT('',#4095);
#4098=VERTEX_POINT('',#4096);
#4099=VERTEX_POINT('',#2567);
#4100=VERTEX_POINT('',#2559);
#4101=CARTESIAN_POINT('',(1.288698566234E2,-1.328574868883E2,
-1.269502569364E0));
#4102=VERTEX_POINT('',#4101);
#4103=VERTEX_POINT('',#2569);
#4104=VERTEX_POINT('',#2576);
#4105=CARTESIAN_POINT('',(1.277134669851E2,-1.317774109162E2,
-1.257518320368E0));
#4106=VERTEX_POINT('',#4105);
#4107=VERTEX_POINT('',#2627);
#4108=CARTESIAN_POINT('',(1.271038431757E2,-1.330633049621E2,
-1.271786274500E0));
#4109=VERTEX_POINT('',#4108);
#4110=VERTEX_POINT('',#2613);
#4111=CARTESIAN_POINT('',(1.259083829888E2,-1.317774109162E2,
-1.257518320368E0));
#4112=VERTEX_POINT('',#4111);
#4113=VERTEX_POINT('',#2598);
#4114=CARTESIAN_POINT('',(1.252988577802E2,-1.330594088021E2,
-1.271743043697E0));
#4115=VERTEX_POINT('',#4114);
#4116=VERTEX_POINT('',#2633);
#4117=VERTEX_POINT('',#2639);
#4118=CARTESIAN_POINT('',(1.247546309207E2,-1.317755941979E2,
-1.257498162523E0));
#4119=VERTEX_POINT('',#4118);
#4120=VERTEX_POINT('',#2705);
#4121=CARTESIAN_POINT('',(1.241562968976E2,-1.331921629064E2,
-1.273216049561E0));
#4122=VERTEX_POINT('',#4121);
#4123=CARTESIAN_POINT('',(1.229870152110E2,-1.316617966013E2,
-1.256235493258E0));
#4124=VERTEX_POINT('',#4123);
#4125=VERTEX_POINT('',#2687);
#4126=VERTEX_POINT('',#2680);
#4127=CARTESIAN_POINT('',(1.223059798057E2,-1.339730420270E2,
-1.281880486193E0));
#4128=VERTEX_POINT('',#4127);
#4129=VERTEX_POINT('',#2668);
#4130=VERTEX_POINT('',#2661);
#4131=CARTESIAN_POINT('',(1.229044124295E2,-1.325015364679E2,
-1.265553033795E0));
#4132=VERTEX_POINT('',#4131);
#4133=CARTESIAN_POINT('',(1.241169305469E2,-1.340868380831E2,
-1.283143138364E0));
#4134=VERTEX_POINT('',#4133);
#4135=VERTEX_POINT('',#438);
#4136=VERTEX_POINT('',#447);
#4137=VERTEX_POINT('',#1439);
#4138=VERTEX_POINT('',#1448);
#4139=CARTESIAN_POINT('',(6.914213553687E1,-1.393929831265E2,
-2.163260869253E0));
#4140=VERTEX_POINT('',#4139);
#4141=CARTESIAN_POINT('',(6.914213551904E1,-1.384046698787E2,
-1.130689647337E0));
#4142=VERTEX_POINT('',#4141);
#4143=VERTEX_POINT('',#518);
#4144=VERTEX_POINT('',#1460);
#4145=CARTESIAN_POINT('',(5.992924996229E1,-1.343206384930E2,
-2.101420961932E0));
#4146=VERTEX_POINT('',#4145);
#4147=CARTESIAN_POINT('',(6.063650362469E1,-1.336248516335E2,
-1.078652828379E0));
#4148=VERTEX_POINT('',#4147);
#4149=VERTEX_POINT('',#566);
#4150=VERTEX_POINT('',#1472);
#4151=CARTESIAN_POINT('',(-5.285786463924E1,-1.313908618168E2,
-2.075214395976E0));
#4152=VERTEX_POINT('',#4151);
#4153=CARTESIAN_POINT('',(-5.285786476031E1,-1.304022715803E2,
-1.042908408174E0));
#4154=VERTEX_POINT('',#4153);
#4155=VERTEX_POINT('',#614);
#4156=VERTEX_POINT('',#1484);
#4157=CARTESIAN_POINT('',(-6.207086214187E1,-1.364636686966E2,
-2.124469797861E0));
#4158=VERTEX_POINT('',#4157);
#4159=CARTESIAN_POINT('',(-6.277792703687E1,-1.357680741714E2,
-1.101440308800E0));
#4160=VERTEX_POINT('',#4159);
#4161=VERTEX_POINT('',#662);
#4162=VERTEX_POINT('',#1496);
#4163=CARTESIAN_POINT('',(-1.483000000356E2,-1.393929022069E2,
-2.163338360441E0));
#4164=VERTEX_POINT('',#4163);
#4165=CARTESIAN_POINT('',(-1.483000000429E2,-1.384045725659E2,
-1.130782837041E0));
#4166=VERTEX_POINT('',#4165);
#4167=VERTEX_POINT('',#147);
#4168=VERTEX_POINT('',#1511);
#4169=CARTESIAN_POINT('',(-1.583001747085E2,-6.266381006071E1,
-1.290525833476E0));
#4170=VERTEX_POINT('',#4169);
#4171=CARTESIAN_POINT('',(-1.573002045371E2,-6.267490497859E1,
-2.905575484060E-1));
#4172=VERTEX_POINT('',#4171);
#4173=VERTEX_POINT('',#192);
#4174=VERTEX_POINT('',#1526);
#4175=CARTESIAN_POINT('',(1.501000001076E2,-5.446295039045E1,
-1.178046431828E0));
#4176=VERTEX_POINT('',#4175);
#4177=CARTESIAN_POINT('',(1.501000001254E2,-5.547348638601E1,
-2.106526940868E-1));
#4178=VERTEX_POINT('',#4177);
#4179=VERTEX_POINT('',#3134);
#4180=VERTEX_POINT('',#1541);
#4181=VERTEX_POINT('',#158);
#4182=VERTEX_POINT('',#281);
#4183=CARTESIAN_POINT('',(-6.914213553953E1,-1.392879034285E2,
-5.387623854416E0));
#4184=VERTEX_POINT('',#4183);
#4185=CARTESIAN_POINT('',(-6.914213552451E1,-1.383472370635E2,
-6.353375807934E0));
#4186=VERTEX_POINT('',#4185);
#4187=VERTEX_POINT('',#670);
#4188=VERTEX_POINT('',#293);
#4189=CARTESIAN_POINT('',(-5.992922498973E1,-1.342046551742E2,
-5.659258322632E0));
#4190=VERTEX_POINT('',#4189);
#4191=CARTESIAN_POINT('',(-6.063647399490E1,-1.335565213766E2,
-6.634294523462E0));
#4192=VERTEX_POINT('',#4191);
#4193=VERTEX_POINT('',#622);
#4194=VERTEX_POINT('',#305);
#4195=CARTESIAN_POINT('',(5.285786461580E1,-1.312675472271E2,
-5.858868531800E0));
#4196=VERTEX_POINT('',#4195);
#4197=CARTESIAN_POINT('',(5.285786473408E1,-1.303266163458E2,
-6.824362715307E0));
#4198=VERTEX_POINT('',#4197);
#4199=VERTEX_POINT('',#574);
#4200=VERTEX_POINT('',#317);
#4201=CARTESIAN_POINT('',(6.207087095990E1,-1.363525792458E2,
-5.533593901261E0));
#4202=VERTEX_POINT('',#4201);
#4203=CARTESIAN_POINT('',(6.277794137544E1,-1.357046378215E2,
-6.508887500998E0));
#4204=VERTEX_POINT('',#4203);
#4205=VERTEX_POINT('',#526);
#4206=VERTEX_POINT('',#329);
#4207=CARTESIAN_POINT('',(1.483000000342E2,-1.392878200311E2,
-5.387542577857E0));
#4208=VERTEX_POINT('',#4207);
#4209=CARTESIAN_POINT('',(1.483000000403E2,-1.383471378919E2,
-6.353279158275E0));
#4210=VERTEX_POINT('',#4209);
#4211=VERTEX_POINT('',#3443);
#4212=VERTEX_POINT('',#3447);
#4213=VERTEX_POINT('',#3288);
#4214=VERTEX_POINT('',#3293);
#4215=CARTESIAN_POINT('',(1.517797378250E2,-6.537550320611E1,
-6.207457526229E-1));
#4216=VERTEX_POINT('',#4215);
#4217=VERTEX_POINT('',#3308);
#4218=CARTESIAN_POINT('',(1.532340763367E2,-7.043263169763E1,
-6.768583674892E-1));
#4219=VERTEX_POINT('',#4218);
#4220=VERTEX_POINT('',#3315);
#4221=CARTESIAN_POINT('',(1.497946174097E2,-7.259864078627E1,
-7.008918501486E-1));
#4222=VERTEX_POINT('',#4221);
#4223=VERTEX_POINT('',#3326);
#4224=CARTESIAN_POINT('',(1.460877620251E2,-7.064462645308E1,
-6.792106075600E-1));
#4225=VERTEX_POINT('',#4224);
#4226=VERTEX_POINT('',#3337);
#4227=CARTESIAN_POINT('',(1.459625962117E2,-6.417684861221E1,
-6.074457853198E-1));
#4228=VERTEX_POINT('',#4227);
#4229=VERTEX_POINT('',#3344);
#4230=CARTESIAN_POINT('',(1.438979194598E2,-6.287034689437E1,
-5.929491761528E-1));
#4231=VERTEX_POINT('',#4230);
#4232=VERTEX_POINT('',#3355);
#4233=CARTESIAN_POINT('',(1.417250095398E2,-6.395563657666E1,
-6.049912726597E-1));
#4234=VERTEX_POINT('',#4233);
#4235=VERTEX_POINT('',#3366);
#4236=CARTESIAN_POINT('',(1.415997065026E2,-7.097149250951E1,
-6.828374303613E-1));
#4237=VERTEX_POINT('',#4236);
#4238=VERTEX_POINT('',#3373);
#4239=CARTESIAN_POINT('',(1.402725473748E2,-7.064630201408E1,
-6.792291991358E-1));
#4240=VERTEX_POINT('',#4239);
#4241=VERTEX_POINT('',#3384);
#4242=CARTESIAN_POINT('',(1.401538551059E2,-6.334264073528E1,
-5.981896263365E-1));
#4243=VERTEX_POINT('',#4242);
#4244=VERTEX_POINT('',#3391);
#4245=CARTESIAN_POINT('',(1.436529316387E2,-6.123115618386E1,
-5.747611226932E-1));
#4246=VERTEX_POINT('',#4245);
#4247=VERTEX_POINT('',#3402);
#4248=CARTESIAN_POINT('',(1.472917179543E2,-6.314411962167E1,
-5.959868863898E-1));
#4249=VERTEX_POINT('',#4248);
#4250=VERTEX_POINT('',#3413);
#4251=CARTESIAN_POINT('',(1.474168915830E2,-6.961190448672E1,
-6.677517865563E-1));
#4252=VERTEX_POINT('',#4251);
#4253=VERTEX_POINT('',#3420);
#4254=CARTESIAN_POINT('',(1.494549249635E2,-7.095365989795E1,
-6.826395577536E-1));
#4255=VERTEX_POINT('',#4254);
#4256=VERTEX_POINT('',#3431);
#4257=CARTESIAN_POINT('',(1.488711529651E2,-6.253536477113E1,
-5.892322970253E-1));
#4258=CARTESIAN_POINT('',(1.488711529651E2,-6.736052256365E1,
-6.427710238611E-1));
#4259=VERTEX_POINT('',#4257);
#4260=VERTEX_POINT('',#4258);
#4261=VERTEX_POINT('',#3209);
#4262=CARTESIAN_POINT('',(1.456098788191E2,-6.055402870938E1,
-5.672478947216E-1));
#4263=VERTEX_POINT('',#4262);
#4264=VERTEX_POINT('',#3220);
#4265=CARTESIAN_POINT('',(1.465650805465E2,-5.959161684342E1,
-5.565692171579E-1));
#4266=VERTEX_POINT('',#4265);
#4267=VERTEX_POINT('',#3231);
#4268=CARTESIAN_POINT('',(1.502002747467E2,-6.150256897202E1,
-5.777726568346E-1));
#4269=VERTEX_POINT('',#4268);
#4270=VERTEX_POINT('',#3242);
#4271=CARTESIAN_POINT('',(1.503254509510E2,-6.735961510121E1,
-6.427609548880E-1));
#4272=VERTEX_POINT('',#4271);
#4273=VERTEX_POINT('',#3266);
#4274=VERTEX_POINT('',#3270);
#4275=CARTESIAN_POINT('',(1.446329407086E2,-7.146541160193E1,
-6.883178313151E-1));
#4276=CARTESIAN_POINT('',(1.456876531690E2,-7.206044640602E1,
-6.949201865548E-1));
#4277=VERTEX_POINT('',#4275);
#4278=VERTEX_POINT('',#4276);
#4279=VERTEX_POINT('',#3714);
#4280=CARTESIAN_POINT('',(1.431794450145E2,-7.228261874584E1,
-6.973853544774E-1));
#4281=VERTEX_POINT('',#4280);
#4282=VERTEX_POINT('',#3725);
#4283=CARTESIAN_POINT('',(1.430540156004E2,-6.498817356483E1,
-6.164480411798E-1));
#4284=VERTEX_POINT('',#4283);
#4285=VERTEX_POINT('',#3732);
#4286=CARTESIAN_POINT('',(1.436494094295E2,-6.451068246534E1,
-6.111499216225E-1));
#4287=VERTEX_POINT('',#4286);
#4288=VERTEX_POINT('',#3743);
#4289=CARTESIAN_POINT('',(1.443830942417E2,-6.478394346127E1,
-6.141819557592E-1));
#4290=VERTEX_POINT('',#4289);
#4291=VERTEX_POINT('',#3754);
#4292=CARTESIAN_POINT('',(1.445083112986E2,-7.125342101558E1,
-6.859656375461E-1));
#4293=VERTEX_POINT('',#4292);
#4294=VERTEX_POINT('',#3769);
#4295=VERTEX_POINT('',#3773);
#4296=CARTESIAN_POINT('',(1.488711529651E2,-6.254512835015E1,
-2.893221805723E-1));
#4297=CARTESIAN_POINT('',(1.488711529651E2,-6.737029712907E1,
-3.428610131898E-1));
#4298=VERTEX_POINT('',#4296);
#4299=VERTEX_POINT('',#4297);
#4300=VERTEX_POINT('',#1608);
#4301=CARTESIAN_POINT('',(1.456098833324E2,-6.056380582055E1,
-2.673379290918E-1));
#4302=VERTEX_POINT('',#4301);
#4303=VERTEX_POINT('',#1598);
#4304=CARTESIAN_POINT('',(1.465650804444E2,-5.960139146635E1,
-2.566592067465E-1));
#4305=VERTEX_POINT('',#4304);
#4306=VERTEX_POINT('',#1581);
#4307=CARTESIAN_POINT('',(1.502002809494E2,-6.151234703697E1,
-2.778627129100E-1));
#4308=VERTEX_POINT('',#4307);
#4309=VERTEX_POINT('',#1575);
#4310=CARTESIAN_POINT('',(1.503254509510E2,-6.736938966662E1,
-3.428509442167E-1));
#4311=VERTEX_POINT('',#4310);
#4312=VERTEX_POINT('',#1610);
#4313=VERTEX_POINT('',#1618);
#4314=VERTEX_POINT('',#1630);
#4315=VERTEX_POINT('',#1638);
#4316=VERTEX_POINT('',#1650);
#4317=VERTEX_POINT('',#1654);
#4318=CARTESIAN_POINT('',(1.517797378250E2,-6.538527777152E1,
-3.208357419516E-1));
#4319=VERTEX_POINT('',#4318);
#4320=VERTEX_POINT('',#1810);
#4321=CARTESIAN_POINT('',(1.532340763367E2,-7.044240705034E1,
-3.769483644648E-1));
#4322=VERTEX_POINT('',#4321);
#4323=VERTEX_POINT('',#1790);
#4324=CARTESIAN_POINT('',(1.497946188265E2,-7.260841451630E1,
-4.009818349301E-1));
#4325=VERTEX_POINT('',#4324);
#4326=VERTEX_POINT('',#1780);
#4327=CARTESIAN_POINT('',(1.460877612335E2,-7.065440057200E1,
-3.793005884300E-1));
#4328=VERTEX_POINT('',#4327);
#4329=VERTEX_POINT('',#1769);
#4330=CARTESIAN_POINT('',(1.459625962117E2,-6.418662224140E1,
-3.075357655824E-1));
#4331=VERTEX_POINT('',#4330);
#4332=VERTEX_POINT('',#1759);
#4333=CARTESIAN_POINT('',(1.438979201255E2,-6.288012183544E1,
-2.930391671845E-1));
#4334=VERTEX_POINT('',#4333);
#4335=VERTEX_POINT('',#1749);
#4336=CARTESIAN_POINT('',(1.417250087763E2,-6.396541157277E1,
-3.050812701363E-1));
#4337=VERTEX_POINT('',#4336);
#4338=VERTEX_POINT('',#1738);
#4339=CARTESIAN_POINT('',(1.415997065026E2,-7.098127056899E1,
-3.829274504113E-1));
#4340=VERTEX_POINT('',#4339);
#4341=VERTEX_POINT('',#1728);
#4342=CARTESIAN_POINT('',(1.402725465791E2,-7.065607613069E1,
-3.793191799678E-1));
#4343=VERTEX_POINT('',#4342);
#4344=VERTEX_POINT('',#1716);
#4345=CARTESIAN_POINT('',(1.401538551069E2,-6.335241429498E1,
-2.982796059303E-1));
#4346=VERTEX_POINT('',#4345);
#4347=VERTEX_POINT('',#1706);
#4348=CARTESIAN_POINT('',(1.436529335298E2,-6.124092968440E1,
-2.748511069013E-1));
#4349=VERTEX_POINT('',#4348);
#4350=VERTEX_POINT('',#1696);
#4351=CARTESIAN_POINT('',(1.472917187260E2,-6.315389462232E1,
-2.960768839525E-1));
#4352=VERTEX_POINT('',#4351);
#4353=VERTEX_POINT('',#1685);
#4354=CARTESIAN_POINT('',(1.474168915830E2,-6.962167983443E1,
-3.678417834895E-1));
#4355=VERTEX_POINT('',#4354);
#4356=VERTEX_POINT('',#1675);
#4357=CARTESIAN_POINT('',(1.494549232670E2,-7.096343346145E1,
-3.827295424389E-1));
#4358=VERTEX_POINT('',#4357);
#4359=VERTEX_POINT('',#1665);
#4360=CARTESIAN_POINT('',(1.456876531690E2,-7.207022097144E1,
-3.950101758835E-1));
#4361=CARTESIAN_POINT('',(1.446329399583E2,-7.147518574419E1,
-3.884078126197E-1));
#4362=VERTEX_POINT('',#4360);
#4363=VERTEX_POINT('',#4361);
#4364=VERTEX_POINT('',#1885);
#4365=CARTESIAN_POINT('',(1.431794387765E2,-7.229238980035E1,
-3.974752766760E-1));
#4366=VERTEX_POINT('',#4365);
#4367=VERTEX_POINT('',#1865);
#4368=CARTESIAN_POINT('',(1.430540156004E2,-6.499793731958E1,
-3.165379264013E-1));
#4369=VERTEX_POINT('',#4368);
#4370=VERTEX_POINT('',#1855);
#4371=CARTESIAN_POINT('',(1.436494092794E2,-6.452045711544E1,
-3.112399113366E-1));
#4372=VERTEX_POINT('',#4371);
#4373=VERTEX_POINT('',#1840);
#4374=CARTESIAN_POINT('',(1.443831002340E2,-6.479372140587E1,
-3.142720096227E-1));
#4375=VERTEX_POINT('',#4374);
#4376=VERTEX_POINT('',#1834);
#4377=CARTESIAN_POINT('',(1.445083112986E2,-7.126320664053E1,
-3.860557333560E-1));
#4378=VERTEX_POINT('',#4377);
#4379=VERTEX_POINT('',#1887);
#4380=VERTEX_POINT('',#1895);
#4381=CARTESIAN_POINT('',(-1.583E2,-6.128545700908E1,-1.917106790082E1));
#4382=DIRECTION('',(1.E0,0.E0,0.E0));
#4383=DIRECTION('',(0.E0,9.966387819685E-1,-8.192153731714E-2));
#4384=AXIS2_PLACEMENT_3D('',#4381,#4382,#4383);
#4385=PLANE('',#4384);
#4387=ORIENTED_EDGE('',*,*,#4386,.F.);
#4389=ORIENTED_EDGE('',*,*,#4388,.T.);
#4391=ORIENTED_EDGE('',*,*,#4390,.F.);
#4393=ORIENTED_EDGE('',*,*,#4392,.F.);
#4394=EDGE_LOOP('',(#4387,#4389,#4391,#4393));
#4395=FACE_OUTER_BOUND('',#4394,.F.);
#4397=CARTESIAN_POINT('',(-1.578E2,-9.585529024186E1,-8.352792922426E0));
#4398=DIRECTION('',(-7.071067811865E-1,-4.154115593328E-2,-7.058854952212E-1));
#4399=DIRECTION('',(7.071067811865E-1,-4.154115593328E-2,-7.058854952212E-1));
#4400=AXIS2_PLACEMENT_3D('',#4397,#4398,#4399);
#4401=PLANE('',#4400);
#4402=ORIENTED_EDGE('',*,*,#4386,.T.);
#4404=ORIENTED_EDGE('',*,*,#4403,.T.);
#4406=ORIENTED_EDGE('',*,*,#4405,.F.);
#4408=ORIENTED_EDGE('',*,*,#4407,.F.);
#4409=EDGE_LOOP('',(#4402,#4404,#4406,#4408));
#4410=FACE_OUTER_BOUND('',#4409,.F.);
#4412=CARTESIAN_POINT('',(-1.588545860416E2,-1.287676480917E2,
-5.344649978485E0));
#4413=CARTESIAN_POINT('',(-1.581463201012E2,-1.288404377722E2,
-6.053280791027E0));
#4414=CARTESIAN_POINT('',(-1.574380541609E2,-1.289132274526E2,
-6.761911603568E0));
#4415=CARTESIAN_POINT('',(-1.567297882206E2,-1.289860171331E2,
-7.470542416109E0));
#4416=CARTESIAN_POINT('',(-1.588842783026E2,-1.294266573567E2,
-5.314762264206E0));
#4417=CARTESIAN_POINT('',(-1.581740198618E2,-1.294553364141E2,
-6.021955438272E0));
#4418=CARTESIAN_POINT('',(-1.574637614211E2,-1.294840154715E2,
-6.729148612337E0));
#4419=CARTESIAN_POINT('',(-1.567535029803E2,-1.295126945289E2,
-7.436341786402E0));
#4420=CARTESIAN_POINT('',(-1.588053561648E2,-1.309748606115E2,
-5.244547384105E0));
#4421=CARTESIAN_POINT('',(-1.581003937974E2,-1.308999110649E2,
-5.948363129829E0));
#4422=CARTESIAN_POINT('',(-1.573954314300E2,-1.308249615182E2,
-6.652178875554E0));
#4423=CARTESIAN_POINT('',(-1.566904690627E2,-1.307500119716E2,
-7.355994621279E0));
#4424=CARTESIAN_POINT('',(-1.581477651484E2,-1.333719830789E2,
-5.135831899811E0));
#4425=CARTESIAN_POINT('',(-1.574869304539E2,-1.331365827295E2,
-5.834418287355E0));
#4426=CARTESIAN_POINT('',(-1.568260957593E2,-1.329011823801E2,
-6.533004674899E0));
#4427=CARTESIAN_POINT('',(-1.561652610647E2,-1.326657820307E2,
-7.231591062443E0));
#4428=CARTESIAN_POINT('',(-1.567767363833E2,-1.357434382520E2,
-5.028280491347E0));
#4429=CARTESIAN_POINT('',(-1.562079046317E2,-1.353493051339E2,
-5.721693514293E0));
#4430=CARTESIAN_POINT('',(-1.556390728801E2,-1.349551720158E2,
-6.415106537239E0));
#4431=CARTESIAN_POINT('',(-1.550702411285E2,-1.345610388977E2,
-7.108519560184E0));
#4432=CARTESIAN_POINT('',(-1.548435167100E2,-1.376909117654E2,
-4.939957708910E0));
#4433=CARTESIAN_POINT('',(-1.544044137459E2,-1.371664249867E2,
-5.629122289530E0));
#4434=CARTESIAN_POINT('',(-1.539653107818E2,-1.366419382079E2,
-6.318286870151E0));
#4435=CARTESIAN_POINT('',(-1.535262078177E2,-1.361174514292E2,
-7.007451450771E0));
#4436=CARTESIAN_POINT('',(-1.524884674294E2,-1.390753660875E2,
-4.877169251429E0));
#4437=CARTESIAN_POINT('',(-1.522074001464E2,-1.384582111993E2,
-5.563313624432E0));
#4438=CARTESIAN_POINT('',(-1.519263328633E2,-1.378410563111E2,
-6.249457997435E0));
#4439=CARTESIAN_POINT('',(-1.516452655803E2,-1.372239014228E2,
-6.935602370438E0));
#4440=CARTESIAN_POINT('',(-1.500818760903E2,-1.397544055417E2,
-4.846373118097E0));
#4441=CARTESIAN_POINT('',(-1.499623032203E2,-1.390917993147E2,
-5.531036156469E0));
#4442=CARTESIAN_POINT('',(-1.498427303503E2,-1.384291930876E2,
-6.215699194841E0));
#4443=CARTESIAN_POINT('',(-1.497231574803E2,-1.377665868605E2,
-6.900362233214E0));
#4444=CARTESIAN_POINT('',(-1.485176690409E2,-1.398396296500E2,
-4.842507992170E0));
#4445=CARTESIAN_POINT('',(-1.485030623508E2,-1.391713189682E2,
-5.526985112887E0));
#4446=CARTESIAN_POINT('',(-1.484884556606E2,-1.385030082864E2,
-6.211462233605E0));
#4447=CARTESIAN_POINT('',(-1.484738489705E2,-1.378346976046E2,
-6.895939354322E0));
#4448=CARTESIAN_POINT('',(-1.478373566597E2,-1.398087340115E2,
-4.843909186455E0));
#4449=CARTESIAN_POINT('',(-1.478684023605E2,-1.391424913216E2,
-5.528453706465E0));
#4450=CARTESIAN_POINT('',(-1.478994480613E2,-1.384762486318E2,
-6.212998226476E0));
#4451=CARTESIAN_POINT('',(-1.479304937621E2,-1.378100059420E2,
-6.897542746486E0));
#4452=B_SPLINE_SURFACE_WITH_KNOTS('',3,3,((#4412,#4413,#4414,#4415),(#4416,
#4417,#4418,#4419),(#4420,#4421,#4422,#4423),(#4424,#4425,#4426,#4427),(#4428,
#4429,#4430,#4431),(#4432,#4433,#4434,#4435),(#4436,#4437,#4438,#4439),(#4440,
#4441,#4442,#4443),(#4444,#4445,#4446,#4447),(#4448,#4449,#4450,#4451)),
.UNSPECIFIED.,.F.,.F.,.F.,(4,1,1,1,1,1,1,4),(4,4),(3.388133632969E-2,
1.428571428571E-1,2.857142857143E-1,4.285714285714E-1,5.714285714286E-1,
7.142857142857E-1,8.571428571429E-1,9.707363730117E-1),(-5.631402255258E-1,
1.563379682099E0),.UNSPECIFIED.);
#4454=ORIENTED_EDGE('',*,*,#4453,.T.);
#4456=ORIENTED_EDGE('',*,*,#4455,.T.);
#4458=ORIENTED_EDGE('',*,*,#4457,.F.);
#4459=ORIENTED_EDGE('',*,*,#4403,.F.);
#4460=EDGE_LOOP('',(#4454,#4456,#4458,#4459));
#4461=FACE_OUTER_BOUND('',#4460,.F.);
#4463=CARTESIAN_POINT('',(-1.483E2,-1.199630245544E2,-2.913279386450E2));
#4464=DIRECTION('',(0.E0,-3.257436514783E-2,9.994693145541E-1));
#4465=DIRECTION('',(-1.E0,0.E0,0.E0));
#4466=AXIS2_PLACEMENT_3D('',#4463,#4464,#4465);
#4467=CYLINDRICAL_SURFACE('',#4466,1.E1);
#4469=ORIENTED_EDGE('',*,*,#4468,.F.);
#4471=ORIENTED_EDGE('',*,*,#4470,.F.);
#4472=ORIENTED_EDGE('',*,*,#4453,.F.);
#4473=ORIENTED_EDGE('',*,*,#4392,.T.);
#4474=EDGE_LOOP('',(#4469,#4471,#4472,#4473));
#4475=FACE_OUTER_BOUND('',#4474,.F.);
#4477=CARTESIAN_POINT('',(-1.478373607333E2,-1.399146471599E2,
-2.717724997766E0));
#4478=CARTESIAN_POINT('',(-1.478677130937E2,-1.392319598707E2,
-2.003977226460E0));
#4479=CARTESIAN_POINT('',(-1.478980654542E2,-1.385492725815E2,
-1.290229455154E0));
#4480=CARTESIAN_POINT('',(-1.479284178147E2,-1.378665852923E2,
-5.764816838476E-1));
#4481=CARTESIAN_POINT('',(-1.485190245228E2,-1.399456361425E2,
-2.718165944469E0));
#4482=CARTESIAN_POINT('',(-1.485046549875E2,-1.392609169754E2,
-2.004351950890E0));
#4483=CARTESIAN_POINT('',(-1.484902854522E2,-1.385761978084E2,
-1.290537957311E0));
#4484=CARTESIAN_POINT('',(-1.484759159169E2,-1.378914786414E2,
-5.767239637321E-1));
#4485=CARTESIAN_POINT('',(-1.500845000810E2,-1.398599135691E2,
-2.716946185607E0));
#4486=CARTESIAN_POINT('',(-1.499674244378E2,-1.391808150382E2,
-2.003315377895E0));
#4487=CARTESIAN_POINT('',(-1.498503487946E2,-1.385017165073E2,
-1.289684570183E0));
#4488=CARTESIAN_POINT('',(-1.497332731515E2,-1.378226179763E2,
-5.760537624708E-1));
#4489=CARTESIAN_POINT('',(-1.524898425494E2,-1.391798565077E2,
-2.707269555585E0));
#4490=CARTESIAN_POINT('',(-1.522149596752E2,-1.385453477869E2,
-1.995092003852E0));
#4491=CARTESIAN_POINT('',(-1.519400768010E2,-1.379108390661E2,
-1.282914452118E0));
#4492=CARTESIAN_POINT('',(-1.516651939268E2,-1.372763303453E2,
-5.707369003845E-1));
#4493=CARTESIAN_POINT('',(-1.548390406087E2,-1.377971731835E2,
-2.687595155119E0));
#4494=CARTESIAN_POINT('',(-1.544100339680E2,-1.372533238947E2,
-1.978372344864E0));
#4495=CARTESIAN_POINT('',(-1.539810273274E2,-1.367094746058E2,
-1.269149534609E0));
#4496=CARTESIAN_POINT('',(-1.535520206867E2,-1.361656253170E2,
-5.599267243542E-1));
#4497=CARTESIAN_POINT('',(-1.567646257394E2,-1.358554948892E2,
-2.659966734590E0));
#4498=CARTESIAN_POINT('',(-1.562092872929E2,-1.354389570737E2,
-1.954893216725E0));
#4499=CARTESIAN_POINT('',(-1.556539488465E2,-1.350224192582E2,
-1.249819698860E0));
#4500=CARTESIAN_POINT('',(-1.550986104E2,-1.346058814427E2,-5.447461809945E-1));
#4501=CARTESIAN_POINT('',(-1.581278819022E2,-1.334945671401E2,
-2.626372753094E0));
#4502=CARTESIAN_POINT('',(-1.574831043497E2,-1.332328300406E2,
-1.926344447698E0));
#4503=CARTESIAN_POINT('',(-1.568383267971E2,-1.329710929412E2,
-1.226316142303E0));
#4504=CARTESIAN_POINT('',(-1.561935492446E2,-1.327093558417E2,
-5.262878369071E-1));
#4505=CARTESIAN_POINT('',(-1.587796417041E2,-1.311136432925E2,
-2.592494244228E0));
#4506=CARTESIAN_POINT('',(-1.580921041658E2,-1.310080180082E2,
-1.897553882201E0));
#4507=CARTESIAN_POINT('',(-1.574045666275E2,-1.309023927239E2,
-1.202613520174E0));
#4508=CARTESIAN_POINT('',(-1.567170290892E2,-1.307967674396E2,
-5.076731581469E-1));
#4509=CARTESIAN_POINT('',(-1.588576641680E2,-1.295782642173E2,
-2.570647113895E0));
#4510=CARTESIAN_POINT('',(-1.581650078123E2,-1.295733102815E2,
-1.878987798338E0));
#4511=CARTESIAN_POINT('',(-1.574723514566E2,-1.295683563457E2,
-1.187328482780E0));
#4512=CARTESIAN_POINT('',(-1.567796951008E2,-1.295634024099E2,
-4.956691672221E-1));
#4513=CARTESIAN_POINT('',(-1.588284560123E2,-1.289259694933E2,
-2.561365518177E0));
#4514=CARTESIAN_POINT('',(-1.581377159151E2,-1.289637850537E2,
-1.871100131542E0));
#4515=CARTESIAN_POINT('',(-1.574469758180E2,-1.290016006140E2,
-1.180834744908E0));
#4516=CARTESIAN_POINT('',(-1.567562357209E2,-1.290394161744E2,
-4.905693582732E-1));
#4517=B_SPLINE_SURFACE_WITH_KNOTS('',3,3,((#4477,#4478,#4479,#4480),(#4481,
#4482,#4483,#4484),(#4485,#4486,#4487,#4488),(#4489,#4490,#4491,#4492),(#4493,
#4494,#4495,#4496),(#4497,#4498,#4499,#4500),(#4501,#4502,#4503,#4504),(#4505,
#4506,#4507,#4508),(#4509,#4510,#4511,#4512),(#4513,#4514,#4515,#4516)),
.UNSPECIFIED.,.F.,.F.,.F.,(4,1,1,1,1,1,1,4),(4,4),(2.910522775201E-2,
1.428571428571E-1,2.857142857143E-1,4.285714285714E-1,5.714285714286E-1,
7.142857142857E-1,8.571428571429E-1,9.658144290661E-1),(-5.368443994394E-1,
1.537026901962E0),.UNSPECIFIED.);
#4518=ORIENTED_EDGE('',*,*,#4468,.T.);
#4520=ORIENTED_EDGE('',*,*,#4519,.T.);
#4522=ORIENTED_EDGE('',*,*,#4521,.F.);
#4524=ORIENTED_EDGE('',*,*,#4523,.F.);
#4525=EDGE_LOOP('',(#4518,#4520,#4522,#4524));
#4526=FACE_OUTER_BOUND('',#4525,.F.);
#4528=CARTESIAN_POINT('',(-1.578E2,-9.603329601428E1,-1.160929155635E0));
#4529=DIRECTION('',(-7.071067811865E-1,-7.845394537225E-3,7.070632572723E-1));
#4530=DIRECTION('',(7.071067811865E-1,-7.845394537225E-3,7.070632572723E-1));
#4531=AXIS2_PLACEMENT_3D('',#4528,#4529,#4530);
#4532=PLANE('',#4531);
#4533=ORIENTED_EDGE('',*,*,#4390,.T.);
#4535=ORIENTED_EDGE('',*,*,#4534,.T.);
#4537=ORIENTED_EDGE('',*,*,#4536,.F.);
#4538=ORIENTED_EDGE('',*,*,#4519,.F.);
#4539=EDGE_LOOP('',(#4533,#4535,#4537,#4538));
#4540=FACE_OUTER_BOUND('',#4539,.F.);
#4542=CARTESIAN_POINT('',(-1.588309927577E2,-6.313629384648E1,
-1.840470763628E0));
#4543=CARTESIAN_POINT('',(-1.581367664284E2,-6.310598109542E1,
-1.144118599516E0));
#4544=CARTESIAN_POINT('',(-1.574425400991E2,-6.307566834436E1,
-4.477664354049E-1));
#4545=CARTESIAN_POINT('',(-1.567483137698E2,-6.304535559330E1,
2.485857287065E-1));
#4546=CARTESIAN_POINT('',(-1.588621274044E2,-6.257983211808E1,
-1.832186941300E0));
#4547=CARTESIAN_POINT('',(-1.581654254698E2,-6.259373973403E1,
-1.137275992403E0));
#4548=CARTESIAN_POINT('',(-1.574687235353E2,-6.260764734998E1,
-4.423650435053E-1));
#4549=CARTESIAN_POINT('',(-1.567720216007E2,-6.262155496593E1,
2.525459053923E-1));
#4550=CARTESIAN_POINT('',(-1.588066086578E2,-6.127138181296E1,
-1.812708566960E0));
#4551=CARTESIAN_POINT('',(-1.581143211784E2,-6.138926810301E1,
-1.121186455767E0));
#4552=CARTESIAN_POINT('',(-1.574220336989E2,-6.150715439305E1,
-4.296643445741E-1));
#4553=CARTESIAN_POINT('',(-1.567297462195E2,-6.162504068310E1,
2.618577666189E-1));
#4554=CARTESIAN_POINT('',(-1.582577152082E2,-5.924429895192E1,
-1.782532198296E0));
#4555=CARTESIAN_POINT('',(-1.576090718246E2,-5.952327151888E1,
-1.096260156443E0));
#4556=CARTESIAN_POINT('',(-1.569604284410E2,-5.980224408584E1,
-4.099881145897E-1));
#4557=CARTESIAN_POINT('',(-1.563117850574E2,-6.008121665280E1,
2.762839272634E-1));
#4558=CARTESIAN_POINT('',(-1.570923361079E2,-5.724234598947E1,
-1.752729928342E0));
#4559=CARTESIAN_POINT('',(-1.565363553662E2,-5.768040783467E1,
-1.071642870325E0));
#4560=CARTESIAN_POINT('',(-1.559803746245E2,-5.811846967986E1,
-3.905558123074E-1));
#4561=CARTESIAN_POINT('',(-1.554243938827E2,-5.855653152505E1,
2.905312457101E-1));
#4562=CARTESIAN_POINT('',(-1.554430441663E2,-5.560881843060E1,
-1.728412259446E0));
#4563=CARTESIAN_POINT('',(-1.550182033674E2,-5.617669187735E1,
-1.051555977150E0));
#4564=CARTESIAN_POINT('',(-1.545933625684E2,-5.674456532411E1,
-3.746996948531E-1));
#4565=CARTESIAN_POINT('',(-1.541685217694E2,-5.731243877087E1,
3.021565874435E-1));
#4566=CARTESIAN_POINT('',(-1.534237095047E2,-5.446411250912E1,
-1.711371482001E0));
#4567=CARTESIAN_POINT('',(-1.531594318088E2,-5.512295234832E1,
-1.037479945535E0));
#4568=CARTESIAN_POINT('',(-1.528951541129E2,-5.578179218752E1,
-3.635884090698E-1));
#4569=CARTESIAN_POINT('',(-1.526308764170E2,-5.644063202672E1,
3.103031273957E-1));
#4570=CARTESIAN_POINT('',(-1.514401639902E2,-5.394647766612E1,
-1.703665659927E0));
#4571=CARTESIAN_POINT('',(-1.513336036993E2,-5.464645241463E1,
-1.031114778484E0));
#4572=CARTESIAN_POINT('',(-1.512270434085E2,-5.534642716314E1,
-3.585638970408E-1));
#4573=CARTESIAN_POINT('',(-1.511204831177E2,-5.604640191166E1,
3.139869844022E-1));
#4574=CARTESIAN_POINT('',(-1.501614356999E2,-5.389883253015E1,
-1.702956385918E0));
#4575=CARTESIAN_POINT('',(-1.501565507709E2,-5.460259349664E1,
-1.030528903608E0));
#4576=CARTESIAN_POINT('',(-1.501516658418E2,-5.530635446313E1,
-3.581014212975E-1));
#4577=CARTESIAN_POINT('',(-1.501467809127E2,-5.601011542962E1,
3.143260610125E-1));
#4578=CARTESIAN_POINT('',(-1.496282164772E2,-5.392756771694E1,
-1.703384155106E0));
#4579=CARTESIAN_POINT('',(-1.496657293412E2,-5.462904518316E1,
-1.030882249729E0));
#4580=CARTESIAN_POINT('',(-1.497032422051E2,-5.533052264939E1,
-3.583803443523E-1));
#4581=CARTESIAN_POINT('',(-1.497407550690E2,-5.603200011561E1,
3.141215610245E-1));
#4582=B_SPLINE_SURFACE_WITH_KNOTS('',3,3,((#4542,#4543,#4544,#4545),(#4546,
#4547,#4548,#4549),(#4550,#4551,#4552,#4553),(#4554,#4555,#4556,#4557),(#4558,
#4559,#4560,#4561),(#4562,#4563,#4564,#4565),(#4566,#4567,#4568,#4569),(#4570,
#4571,#4572,#4573),(#4574,#4575,#4576,#4577),(#4578,#4579,#4580,#4581)),
.UNSPECIFIED.,.F.,.F.,.F.,(4,1,1,1,1,1,1,4),(4,4),(3.387497885853E-2,
1.428571428571E-1,2.857142857143E-1,4.285714285714E-1,5.714285714286E-1,
7.142857142857E-1,8.571428571429E-1,9.604022954279E-1),(-5.426802658765E-1,
1.542786644137E0),.UNSPECIFIED.);
#4584=ORIENTED_EDGE('',*,*,#4583,.T.);
#4586=ORIENTED_EDGE('',*,*,#4585,.T.);
#4588=ORIENTED_EDGE('',*,*,#4587,.F.);
#4589=ORIENTED_EDGE('',*,*,#4534,.F.);
#4590=EDGE_LOOP('',(#4584,#4586,#4588,#4589));
#4591=FACE_OUTER_BOUND('',#4590,.F.);
#4593=CARTESIAN_POINT('',(-1.501E2,-6.106960668010E1,-5.020508667809E1));
#4594=DIRECTION('',(0.E0,-3.257436514783E-2,9.994693145541E-1));
#4595=DIRECTION('',(0.E0,9.994693145541E-1,3.257436514783E-2));
#4596=AXIS2_PLACEMENT_3D('',#4593,#4594,#4595);
#4597=CYLINDRICAL_SURFACE('',#4596,8.2E0);
#4599=ORIENTED_EDGE('',*,*,#4598,.F.);
#4601=ORIENTED_EDGE('',*,*,#4600,.T.);
#4602=ORIENTED_EDGE('',*,*,#4583,.F.);
#4603=ORIENTED_EDGE('',*,*,#4388,.F.);
#4604=EDGE_LOOP('',(#4599,#4601,#4602,#4603));
#4605=FACE_OUTER_BOUND('',#4604,.F.);
#4607=CARTESIAN_POINT('',(-1.496288508169E2,-5.361351891530E1,
-9.659916226791E0));
#4608=CARTESIAN_POINT('',(-1.496661261047E2,-5.434395688069E1,
-1.037241958380E1));
#4609=CARTESIAN_POINT('',(-1.497034013924E2,-5.507439484608E1,
-1.108492294081E1));
#4610=CARTESIAN_POINT('',(-1.497406766802E2,-5.580483281147E1,
-1.179742629782E1));
#4611=CARTESIAN_POINT('',(-1.501594551916E2,-5.358489923877E1,
-9.661141293657E0));
#4612=CARTESIAN_POINT('',(-1.501547513538E2,-5.431759591123E1,
-1.037371826568E1));
#4613=CARTESIAN_POINT('',(-1.501500475159E2,-5.505029258369E1,
-1.108629523771E1));
#4614=CARTESIAN_POINT('',(-1.501453436780E2,-5.578298925615E1,
-1.179887220973E1));
#4615=CARTESIAN_POINT('',(-1.514332335855E2,-5.363191269714E1,
-9.659128879923E0));
#4616=CARTESIAN_POINT('',(-1.513277539045E2,-5.436089899815E1,
-1.037158492478E1));
#4617=CARTESIAN_POINT('',(-1.512222742235E2,-5.508988529915E1,
-1.108404096963E1));
#4618=CARTESIAN_POINT('',(-1.511167945424E2,-5.581887160016E1,
-1.179649701449E1));
#4619=CARTESIAN_POINT('',(-1.534114050620E2,-5.414690689669E1,
-9.637084524201E0));
#4620=CARTESIAN_POINT('',(-1.531494210005E2,-5.483524909612E1,
-1.034821591027E1));
#4621=CARTESIAN_POINT('',(-1.528874369390E2,-5.552359129555E1,
-1.105934729635E1));
#4622=CARTESIAN_POINT('',(-1.526254528774E2,-5.621193349499E1,
-1.177047868242E1));
#4623=CARTESIAN_POINT('',(-1.554294899994E2,-5.528932487160E1,
-9.588183258430E0));
#4624=CARTESIAN_POINT('',(-1.550078437768E2,-5.588750575998E1,
-1.029637613761E1));
#4625=CARTESIAN_POINT('',(-1.545861975542E2,-5.648568664837E1,
-1.100456901679E1));
#4626=CARTESIAN_POINT('',(-1.541645513316E2,-5.708386753676E1,
-1.171276189597E1));
#4627=CARTESIAN_POINT('',(-1.570800409932E2,-5.692240332524E1,
-9.518279243226E0));
#4628=CARTESIAN_POINT('',(-1.565278103072E2,-5.739169925414E1,
-1.022227154749E1));
#4629=CARTESIAN_POINT('',(-1.559755796212E2,-5.786099518303E1,
-1.092626385176E1));
#4630=CARTESIAN_POINT('',(-1.554233489352E2,-5.833029111193E1,
-1.163025615602E1));
#4631=CARTESIAN_POINT('',(-1.582483102106E2,-5.892670177043E1,
-9.432485135373E0));
#4632=CARTESIAN_POINT('',(-1.576036511117E2,-5.923781551075E1,
-1.013132201936E1));
#4633=CARTESIAN_POINT('',(-1.569589920128E2,-5.954892925106E1,
-1.083015890335E1));
#4634=CARTESIAN_POINT('',(-1.563143329138E2,-5.986004299138E1,
-1.152899578734E1));
#4635=CARTESIAN_POINT('',(-1.587995428135E2,-6.095778926458E1,
-9.345544320770E0));
#4636=CARTESIAN_POINT('',(-1.581112725726E2,-6.110860658507E1,
-1.003915687817E1));
#4637=CARTESIAN_POINT('',(-1.574230023317E2,-6.125942390556E1,
-1.073276943558E1));
#4638=CARTESIAN_POINT('',(-1.567347320909E2,-6.141024122605E1,
-1.142638199298E1));
#4639=CARTESIAN_POINT('',(-1.588561532197E2,-6.226967770813E1,
-9.289388862042E0));
#4640=CARTESIAN_POINT('',(-1.581634042081E2,-6.231695885831E1,
-9.979627003674E0));
#4641=CARTESIAN_POINT('',(-1.574706551965E2,-6.236424000850E1,
-1.066986514531E1));
#4642=CARTESIAN_POINT('',(-1.567779061848E2,-6.241152115868E1,
-1.136010328694E1));
#4643=CARTESIAN_POINT('',(-1.588254355499E2,-6.282704457616E1,
-9.265530741859E0));
#4644=CARTESIAN_POINT('',(-1.581351167876E2,-6.283033751129E1,
-9.954335234495E0));
#4645=CARTESIAN_POINT('',(-1.574447980253E2,-6.283363044643E1,
-1.064313972713E1));
#4646=CARTESIAN_POINT('',(-1.567544792630E2,-6.283692338156E1,
-1.133194421977E1));
#4647=B_SPLINE_SURFACE_WITH_KNOTS('',3,3,((#4607,#4608,#4609,#4610),(#4611,
#4612,#4613,#4614),(#4615,#4616,#4617,#4618),(#4619,#4620,#4621,#4622),(#4623,
#4624,#4625,#4626),(#4627,#4628,#4629,#4630),(#4631,#4632,#4633,#4634),(#4635,
#4636,#4637,#4638),(#4639,#4640,#4641,#4642),(#4643,#4644,#4645,#4646)),
.UNSPECIFIED.,.F.,.F.,.F.,(4,1,1,1,1,1,1,4),(4,4),(3.973703328813E-2,
1.428571428571E-1,2.857142857143E-1,4.285714285714E-1,5.714285714286E-1,
7.142857142857E-1,8.571428571429E-1,9.658254315878E-1),(-5.367570964156E-1,
1.536886326042E0),.UNSPECIFIED.);
#4648=ORIENTED_EDGE('',*,*,#4598,.T.);
#4649=ORIENTED_EDGE('',*,*,#4407,.T.);
#4651=ORIENTED_EDGE('',*,*,#4650,.F.);
#4653=ORIENTED_EDGE('',*,*,#4652,.F.);
#4654=EDGE_LOOP('',(#4648,#4649,#4651,#4653));
#4655=FACE_OUTER_BOUND('',#4654,.F.);
#4657=CARTESIAN_POINT('',(-9.5E0,-1.102029415660E2,-8.009302891846E0));
#4658=DIRECTION('',(0.E0,-5.874806611750E-2,-9.982728408243E-1));
#4659=DIRECTION('',(0.E0,9.982728408243E-1,-5.874806611750E-2));
#4660=AXIS2_PLACEMENT_3D('',#4657,#4658,#4659);
#4661=PLANE('',#4660);
#4663=ORIENTED_EDGE('',*,*,#4662,.T.);
#4665=ORIENTED_EDGE('',*,*,#4664,.T.);
#4667=ORIENTED_EDGE('',*,*,#4666,.T.);
#4668=ORIENTED_EDGE('',*,*,#4650,.T.);
#4669=ORIENTED_EDGE('',*,*,#4405,.T.);
#4670=ORIENTED_EDGE('',*,*,#4457,.T.);
#4672=ORIENTED_EDGE('',*,*,#4671,.T.);
#4674=ORIENTED_EDGE('',*,*,#4673,.T.);
#4676=ORIENTED_EDGE('',*,*,#4675,.T.);
#4678=ORIENTED_EDGE('',*,*,#4677,.T.);
#4680=ORIENTED_EDGE('',*,*,#4679,.T.);
#4682=ORIENTED_EDGE('',*,*,#4681,.T.);
#4684=ORIENTED_EDGE('',*,*,#4683,.T.);
#4686=ORIENTED_EDGE('',*,*,#4685,.T.);
#4688=ORIENTED_EDGE('',*,*,#4687,.T.);
#4690=ORIENTED_EDGE('',*,*,#4689,.T.);
#4691=EDGE_LOOP('',(#4663,#4665,#4667,#4668,#4669,#4670,#4672,#4674,#4676,#4678,
#4680,#4682,#4684,#4686,#4688,#4690));
#4692=FACE_OUTER_BOUND('',#4691,.F.);
#4694=ORIENTED_EDGE('',*,*,#4693,.T.);
#4696=ORIENTED_EDGE('',*,*,#4695,.T.);
#4697=EDGE_LOOP('',(#4694,#4696));
#4698=FACE_BOUND('',#4697,.F.);
#4700=ORIENTED_EDGE('',*,*,#4699,.T.);
#4702=ORIENTED_EDGE('',*,*,#4701,.T.);
#4703=EDGE_LOOP('',(#4700,#4702));
#4704=FACE_BOUND('',#4703,.F.);
#4706=ORIENTED_EDGE('',*,*,#4705,.T.);
#4708=ORIENTED_EDGE('',*,*,#4707,.T.);
#4709=EDGE_LOOP('',(#4706,#4708));
#4710=FACE_BOUND('',#4709,.F.);
#4712=ORIENTED_EDGE('',*,*,#4711,.T.);
#4714=ORIENTED_EDGE('',*,*,#4713,.T.);
#4715=EDGE_LOOP('',(#4712,#4714));
#4716=FACE_BOUND('',#4715,.F.);
#4718=CARTESIAN_POINT('',(1.4925E2,-1.299739494265E2,-6.845784833960E0));
#4719=DIRECTION('',(0.E0,-5.874806611750E-2,-9.982728408243E-1));
#4720=DIRECTION('',(-1.E0,0.E0,0.E0));
#4721=AXIS2_PLACEMENT_3D('',#4718,#4719,#4720);
#4722=CYLINDRICAL_SURFACE('',#4721,4.25E0);
#4723=ORIENTED_EDGE('',*,*,#4711,.F.);
#4725=ORIENTED_EDGE('',*,*,#4724,.T.);
#4727=ORIENTED_EDGE('',*,*,#4726,.T.);
#4729=ORIENTED_EDGE('',*,*,#4728,.F.);
#4730=EDGE_LOOP('',(#4723,#4725,#4727,#4729));
#4731=FACE_OUTER_BOUND('',#4730,.F.);
#4733=CARTESIAN_POINT('',(1.4925E2,-1.299739494265E2,-6.845784833960E0));
#4734=DIRECTION('',(0.E0,-5.874806611750E-2,-9.982728408243E-1));
#4735=DIRECTION('',(-1.E0,0.E0,0.E0));
#4736=AXIS2_PLACEMENT_3D('',#4733,#4734,#4735);
#4737=CYLINDRICAL_SURFACE('',#4736,4.25E0);
#4738=ORIENTED_EDGE('',*,*,#4713,.F.);
#4739=ORIENTED_EDGE('',*,*,#4728,.T.);
#4741=ORIENTED_EDGE('',*,*,#4740,.T.);
#4742=ORIENTED_EDGE('',*,*,#4724,.F.);
#4743=EDGE_LOOP('',(#4738,#4739,#4741,#4742));
#4744=FACE_OUTER_BOUND('',#4743,.F.);
#4746=CARTESIAN_POINT('',(0.E0,-2.078614845661E1,-1.277059006628E1));
#4747=DIRECTION('',(0.E0,-5.874806611750E-2,-9.982728408243E-1));
#4748=DIRECTION('',(-1.E0,0.E0,0.E0));
#4749=AXIS2_PLACEMENT_3D('',#4746,#4747,#4748);
#4750=PLANE('',#4749);
#4752=ORIENTED_EDGE('',*,*,#4751,.F.);
#4754=ORIENTED_EDGE('',*,*,#4753,.F.);
#4755=EDGE_LOOP('',(#4752,#4754));
#4756=FACE_OUTER_BOUND('',#4755,.F.);
#4758=CARTESIAN_POINT('',(0.E0,-2.078614845661E1,-1.277059006628E1));
#4759=DIRECTION('',(0.E0,-5.874806611750E-2,-9.982728408243E-1));
#4760=DIRECTION('',(-1.E0,0.E0,0.E0));
#4761=AXIS2_PLACEMENT_3D('',#4758,#4759,#4760);
#4762=PLANE('',#4761);
#4763=ORIENTED_EDGE('',*,*,#4726,.F.);
#4764=ORIENTED_EDGE('',*,*,#4740,.F.);
#4765=EDGE_LOOP('',(#4763,#4764));
#4766=FACE_OUTER_BOUND('',#4765,.F.);
#4768=CARTESIAN_POINT('',(-1.4925E2,-1.299739494265E2,-6.845784833960E0));
#4769=DIRECTION('',(0.E0,-5.874806611750E-2,-9.982728408243E-1));
#4770=DIRECTION('',(-1.E0,0.E0,0.E0));
#4771=AXIS2_PLACEMENT_3D('',#4768,#4769,#4770);
#4772=CYLINDRICAL_SURFACE('',#4771,4.25E0);
#4773=ORIENTED_EDGE('',*,*,#4693,.F.);
#4775=ORIENTED_EDGE('',*,*,#4774,.T.);
#4776=ORIENTED_EDGE('',*,*,#4751,.T.);
#4778=ORIENTED_EDGE('',*,*,#4777,.F.);
#4779=EDGE_LOOP('',(#4773,#4775,#4776,#4778));
#4780=FACE_OUTER_BOUND('',#4779,.F.);
#4782=CARTESIAN_POINT('',(-1.4925E2,-1.299739494265E2,-6.845784833960E0));
#4783=DIRECTION('',(0.E0,-5.874806611750E-2,-9.982728408243E-1));
#4784=DIRECTION('',(-1.E0,0.E0,0.E0));
#4785=AXIS2_PLACEMENT_3D('',#4782,#4783,#4784);
#4786=CYLINDRICAL_SURFACE('',#4785,4.25E0);
#4787=ORIENTED_EDGE('',*,*,#4695,.F.);
#4788=ORIENTED_EDGE('',*,*,#4777,.T.);
#4789=ORIENTED_EDGE('',*,*,#4753,.T.);
#4790=ORIENTED_EDGE('',*,*,#4774,.F.);
#4791=EDGE_LOOP('',(#4787,#4788,#4789,#4790));
#4792=FACE_OUTER_BOUND('',#4791,.F.);
#4794=CARTESIAN_POINT('',(-1.4925E2,-6.336411591199E1,-1.076575414831E1));
#4795=DIRECTION('',(0.E0,-5.874806611750E-2,-9.982728408243E-1));
#4796=DIRECTION('',(-1.E0,0.E0,0.E0));
#4797=AXIS2_PLACEMENT_3D('',#4794,#4795,#4796);
#4798=CYLINDRICAL_SURFACE('',#4797,4.25E0);
#4800=ORIENTED_EDGE('',*,*,#4799,.T.);
#4802=ORIENTED_EDGE('',*,*,#4801,.T.);
#4804=ORIENTED_EDGE('',*,*,#4803,.F.);
#4805=ORIENTED_EDGE('',*,*,#4699,.F.);
#4806=EDGE_LOOP('',(#4800,#4802,#4804,#4805));
#4807=FACE_OUTER_BOUND('',#4806,.F.);
#4809=CARTESIAN_POINT('',(-1.4925E2,-6.336411591199E1,-1.076575414831E1));
#4810=DIRECTION('',(0.E0,-5.874806611750E-2,-9.982728408243E-1));
#4811=DIRECTION('',(-1.E0,0.E0,0.E0));
#4812=AXIS2_PLACEMENT_3D('',#4809,#4810,#4811);
#4813=CYLINDRICAL_SURFACE('',#4812,4.25E0);
#4814=ORIENTED_EDGE('',*,*,#4799,.F.);
#4815=ORIENTED_EDGE('',*,*,#4701,.F.);
#4816=ORIENTED_EDGE('',*,*,#4803,.T.);
#4818=ORIENTED_EDGE('',*,*,#4817,.T.);
#4819=EDGE_LOOP('',(#4814,#4815,#4816,#4818));
#4820=FACE_OUTER_BOUND('',#4819,.F.);
#4822=CARTESIAN_POINT('',(0.E0,-8.206916401211E-1,-1.394555138863E1));
#4823=DIRECTION('',(0.E0,-5.874806611750E-2,-9.982728408243E-1));
#4824=DIRECTION('',(-1.E0,0.E0,0.E0));
#4825=AXIS2_PLACEMENT_3D('',#4822,#4823,#4824);
#4826=PLANE('',#4825);
#4827=ORIENTED_EDGE('',*,*,#4801,.F.);
#4828=ORIENTED_EDGE('',*,*,#4817,.F.);
#4829=EDGE_LOOP('',(#4827,#4828));
#4830=FACE_OUTER_BOUND('',#4829,.F.);
#4832=CARTESIAN_POINT('',(0.E0,-8.206916401211E-1,-1.394555138863E1));
#4833=DIRECTION('',(0.E0,-5.874806611750E-2,-9.982728408243E-1));
#4834=DIRECTION('',(-1.E0,0.E0,0.E0));
#4835=AXIS2_PLACEMENT_3D('',#4832,#4833,#4834);
#4836=PLANE('',#4835);
#4838=ORIENTED_EDGE('',*,*,#4837,.F.);
#4840=ORIENTED_EDGE('',*,*,#4839,.F.);
#4841=EDGE_LOOP('',(#4838,#4840));
#4842=FACE_OUTER_BOUND('',#4841,.F.);
#4844=CARTESIAN_POINT('',(1.4925E2,-6.336411591199E1,-1.076575414831E1));
#4845=DIRECTION('',(0.E0,-5.874806611750E-2,-9.982728408243E-1));
#4846=DIRECTION('',(-1.E0,0.E0,0.E0));
#4847=AXIS2_PLACEMENT_3D('',#4844,#4845,#4846);
#4848=CYLINDRICAL_SURFACE('',#4847,4.25E0);
#4850=ORIENTED_EDGE('',*,*,#4849,.T.);
#4851=ORIENTED_EDGE('',*,*,#4837,.T.);
#4853=ORIENTED_EDGE('',*,*,#4852,.F.);
#4854=ORIENTED_EDGE('',*,*,#4705,.F.);
#4855=EDGE_LOOP('',(#4850,#4851,#4853,#4854));
#4856=FACE_OUTER_BOUND('',#4855,.F.);
#4858=CARTESIAN_POINT('',(1.4925E2,-6.336411591199E1,-1.076575414831E1));
#4859=DIRECTION('',(0.E0,-5.874806611750E-2,-9.982728408243E-1));
#4860=DIRECTION('',(-1.E0,0.E0,0.E0));
#4861=AXIS2_PLACEMENT_3D('',#4858,#4859,#4860);
#4862=CYLINDRICAL_SURFACE('',#4861,4.25E0);
#4863=ORIENTED_EDGE('',*,*,#4849,.F.);
#4864=ORIENTED_EDGE('',*,*,#4707,.F.);
#4865=ORIENTED_EDGE('',*,*,#4852,.T.);
#4866=ORIENTED_EDGE('',*,*,#4839,.T.);
#4867=EDGE_LOOP('',(#4863,#4864,#4865,#4866));
#4868=FACE_OUTER_BOUND('',#4867,.F.);
#4870=CARTESIAN_POINT('',(1.578E2,-9.585529024186E1,-8.352792922426E0));
#4871=DIRECTION('',(7.071067811865E-1,-4.154115593328E-2,-7.058854952212E-1));
#4872=DIRECTION('',(-7.071067811865E-1,-4.154115593328E-2,-7.058854952212E-1));
#4873=AXIS2_PLACEMENT_3D('',#4870,#4871,#4872);
#4874=PLANE('',#4873);
#4876=ORIENTED_EDGE('',*,*,#4875,.T.);
#4878=ORIENTED_EDGE('',*,*,#4877,.T.);
#4879=ORIENTED_EDGE('',*,*,#4662,.F.);
#4881=ORIENTED_EDGE('',*,*,#4880,.F.);
#4882=EDGE_LOOP('',(#4876,#4878,#4879,#4881));
#4883=FACE_OUTER_BOUND('',#4882,.F.);
#4885=CARTESIAN_POINT('',(1.583E2,-6.128545700908E1,-1.917106790082E1));
#4886=DIRECTION('',(1.E0,0.E0,0.E0));
#4887=DIRECTION('',(0.E0,9.966387819685E-1,-8.192153731714E-2));
#4888=AXIS2_PLACEMENT_3D('',#4885,#4886,#4887);
#4889=PLANE('',#4888);
#4890=ORIENTED_EDGE('',*,*,#4875,.F.);
#4892=ORIENTED_EDGE('',*,*,#4891,.F.);
#4894=ORIENTED_EDGE('',*,*,#4893,.F.);
#4896=ORIENTED_EDGE('',*,*,#4895,.F.);
#4897=EDGE_LOOP('',(#4890,#4892,#4894,#4896));
#4898=FACE_OUTER_BOUND('',#4897,.F.);
#4900=CARTESIAN_POINT('',(1.483E2,-1.445090550922E2,4.618104327514E2));
#4901=DIRECTION('',(0.E0,3.257436514783E-2,-9.994693145541E-1));
#4902=DIRECTION('',(1.E0,0.E0,0.E0));
#4903=AXIS2_PLACEMENT_3D('',#4900,#4901,#4902);
#4904=CYLINDRICAL_SURFACE('',#4903,1.E1);
#4906=ORIENTED_EDGE('',*,*,#4905,.F.);
#4907=ORIENTED_EDGE('',*,*,#4891,.T.);
#4909=ORIENTED_EDGE('',*,*,#4908,.F.);
#4911=ORIENTED_EDGE('',*,*,#4910,.F.);
#4912=EDGE_LOOP('',(#4906,#4907,#4909,#4911));
#4913=FACE_OUTER_BOUND('',#4912,.F.);
#4915=CARTESIAN_POINT('',(1.588283076605E2,-1.289226685002E2,
-2.561318547870E0));
#4916=CARTESIAN_POINT('',(1.581375772963E2,-1.289607004993E2,
-1.871060215331E0));
#4917=CARTESIAN_POINT('',(1.574468469321E2,-1.289987324983E2,
-1.180801882793E0));
#4918=CARTESIAN_POINT('',(1.567561165679E2,-1.290367644974E2,
-4.905435502551E-1));
#4919=CARTESIAN_POINT('',(1.588577777173E2,-1.295760261783E2,
-2.570615268515E0));
#4920=CARTESIAN_POINT('',(1.581651139120E2,-1.295712189857E2,
-1.878960735561E0));
#4921=CARTESIAN_POINT('',(1.574724501066E2,-1.295664117931E2,
-1.187306202608E0));
#4922=CARTESIAN_POINT('',(1.567797863013E2,-1.295616046004E2,
-4.956516696539E-1));
#4923=CARTESIAN_POINT('',(1.587799446563E2,-1.311125365871E2,
-2.592478496757E0));
#4924=CARTESIAN_POINT('',(1.580923872422E2,-1.310069838670E2,
-1.897540499717E0));
#4925=CARTESIAN_POINT('',(1.574048298282E2,-1.309014311468E2,
-1.202602502677E0));
#4926=CARTESIAN_POINT('',(1.567172724141E2,-1.307958784267E2,
-5.076645056374E-1));
#4927=CARTESIAN_POINT('',(1.581278819022E2,-1.334945671401E2,
-2.626372753094E0));
#4928=CARTESIAN_POINT('',(1.574831043497E2,-1.332328300406E2,
-1.926344447698E0));
#4929=CARTESIAN_POINT('',(1.568383267971E2,-1.329710929412E2,
-1.226316142303E0));
#4930=CARTESIAN_POINT('',(1.561935492446E2,-1.327093558417E2,
-5.262878369071E-1));
#4931=CARTESIAN_POINT('',(1.567646257394E2,-1.358554948892E2,
-2.659966734590E0));
#4932=CARTESIAN_POINT('',(1.562092872929E2,-1.354389570737E2,
-1.954893216725E0));
#4933=CARTESIAN_POINT('',(1.556539488465E2,-1.350224192582E2,
-1.249819698860E0));
#4934=CARTESIAN_POINT('',(1.550986104E2,-1.346058814427E2,-5.447461809946E-1));
#4935=CARTESIAN_POINT('',(1.548390406087E2,-1.377971731835E2,
-2.687595155119E0));
#4936=CARTESIAN_POINT('',(1.544100339680E2,-1.372533238947E2,
-1.978372344864E0));
#4937=CARTESIAN_POINT('',(1.539810273274E2,-1.367094746058E2,
-1.269149534609E0));
#4938=CARTESIAN_POINT('',(1.535520206867E2,-1.361656253170E2,
-5.599267243541E-1));
#4939=CARTESIAN_POINT('',(1.524898425494E2,-1.391798565077E2,
-2.707269555585E0));
#4940=CARTESIAN_POINT('',(1.522149596752E2,-1.385453477869E2,
-1.995092003852E0));
#4941=CARTESIAN_POINT('',(1.519400768010E2,-1.379108390661E2,
-1.282914452118E0));
#4942=CARTESIAN_POINT('',(1.516651939268E2,-1.372763303453E2,
-5.707369003845E-1));
#4943=CARTESIAN_POINT('',(1.500856092452E2,-1.398595999776E2,
-2.716941723468E0));
#4944=CARTESIAN_POINT('',(1.499684608332E2,-1.391805220082E2,
-2.003311585889E0));
#4945=CARTESIAN_POINT('',(1.498513124211E2,-1.385014440387E2,
-1.289681448310E0));
#4946=CARTESIAN_POINT('',(1.497341640090E2,-1.378223660693E2,
-5.760513107312E-1));
#4947=CARTESIAN_POINT('',(1.485212720308E2,-1.399455128915E2,
-2.718164190713E0));
#4948=CARTESIAN_POINT('',(1.485067550434E2,-1.392608018058E2,
-2.004350460517E0));
#4949=CARTESIAN_POINT('',(1.484922380559E2,-1.385760907201E2,
-1.290536730321E0));
#4950=CARTESIAN_POINT('',(1.484777210684E2,-1.378913796343E2,
-5.767230001244E-1));
#4951=CARTESIAN_POINT('',(1.478406723832E2,-1.399147971631E2,
-2.717727132182E0));
#4952=CARTESIAN_POINT('',(1.478708074763E2,-1.392321000385E2,
-2.003979040325E0));
#4953=CARTESIAN_POINT('',(1.479009425695E2,-1.385494029139E2,
-1.290230948468E0));
#4954=CARTESIAN_POINT('',(1.479310776626E2,-1.378667057893E2,
-5.764828566110E-1));
#4955=B_SPLINE_SURFACE_WITH_KNOTS('',3,3,((#4915,#4916,#4917,#4918),(#4919,
#4920,#4921,#4922),(#4923,#4924,#4925,#4926),(#4927,#4928,#4929,#4930),(#4931,
#4932,#4933,#4934),(#4935,#4936,#4937,#4938),(#4939,#4940,#4941,#4942),(#4943,
#4944,#4945,#4946),(#4947,#4948,#4949,#4950),(#4951,#4952,#4953,#4954)),
.UNSPECIFIED.,.F.,.F.,.F.,(4,1,1,1,1,1,1,4),(4,4),(3.400225176848E-2,
1.428571428571E-1,2.857142857143E-1,4.285714285714E-1,5.714285714286E-1,
7.142857142857E-1,8.571428571429E-1,9.707105682797E-1),(-5.368443994394E-1,
1.537026901962E0),.UNSPECIFIED.);
#4956=ORIENTED_EDGE('',*,*,#4905,.T.);
#4958=ORIENTED_EDGE('',*,*,#4957,.T.);
#4960=ORIENTED_EDGE('',*,*,#4959,.F.);
#4962=ORIENTED_EDGE('',*,*,#4961,.F.);
#4963=EDGE_LOOP('',(#4956,#4958,#4960,#4962));
#4964=FACE_OUTER_BOUND('',#4963,.F.);
#4966=CARTESIAN_POINT('',(1.087210678119E2,-1.388984948751E2,
-1.647292781880E0));
#4967=DIRECTION('',(0.E0,-7.223785487869E-1,6.914978179666E-1));
#4968=DIRECTION('',(0.E0,6.914978179666E-1,7.223785487869E-1));
#4969=AXIS2_PLACEMENT_3D('',#4966,#4967,#4968);
#4970=PLANE('',#4969);
#4972=ORIENTED_EDGE('',*,*,#4971,.T.);
#4974=ORIENTED_EDGE('',*,*,#4973,.T.);
#4976=ORIENTED_EDGE('',*,*,#4975,.F.);
#4977=ORIENTED_EDGE('',*,*,#4957,.F.);
#4978=EDGE_LOOP('',(#4972,#4974,#4976,#4977));
#4979=FACE_OUTER_BOUND('',#4978,.F.);
#4981=CARTESIAN_POINT('',(1.583E2,-1.394259638481E2,-1.142372412261E0));
#4982=DIRECTION('',(0.E0,9.994693145541E-1,3.257436514783E-2));
#4983=DIRECTION('',(-1.E0,0.E0,0.E0));
#4984=AXIS2_PLACEMENT_3D('',#4981,#4982,#4983);
#4985=PLANE('',#4984);
#4986=ORIENTED_EDGE('',*,*,#4971,.F.);
#4987=ORIENTED_EDGE('',*,*,#4910,.T.);
#4989=ORIENTED_EDGE('',*,*,#4988,.F.);
#4991=ORIENTED_EDGE('',*,*,#4990,.T.);
#4992=EDGE_LOOP('',(#4986,#4987,#4989,#4991));
#4993=FACE_OUTER_BOUND('',#4992,.F.);
#4995=CARTESIAN_POINT('',(1.583E2,-1.394259638481E2,-1.142372412261E0));
#4996=DIRECTION('',(0.E0,9.994693145541E-1,3.257436514783E-2));
#4997=DIRECTION('',(-1.E0,0.E0,0.E0));
#4998=AXIS2_PLACEMENT_3D('',#4995,#4996,#4997);
#4999=PLANE('',#4998);
#5001=ORIENTED_EDGE('',*,*,#5000,.F.);
#5003=ORIENTED_EDGE('',*,*,#5002,.T.);
#5005=ORIENTED_EDGE('',*,*,#5004,.F.);
#5006=ORIENTED_EDGE('',*,*,#4470,.T.);
#5007=EDGE_LOOP('',(#5001,#5003,#5005,#5006));
#5008=FACE_OUTER_BOUND('',#5007,.F.);
#5010=CARTESIAN_POINT('',(1.087210678119E2,-1.388172526424E2,
-5.870190361695E0));
#5011=DIRECTION('',(0.E0,-7.163095648320E-1,-6.977826361627E-1));
#5012=DIRECTION('',(0.E0,6.977826361627E-1,-7.163095648320E-1));
#5013=AXIS2_PLACEMENT_3D('',#5010,#5011,#5012);
#5014=PLANE('',#5013);
#5015=ORIENTED_EDGE('',*,*,#4988,.T.);
#5017=ORIENTED_EDGE('',*,*,#5016,.T.);
#5018=ORIENTED_EDGE('',*,*,#4687,.F.);
#5020=ORIENTED_EDGE('',*,*,#5019,.F.);
#5021=EDGE_LOOP('',(#5015,#5017,#5018,#5020));
#5022=FACE_OUTER_BOUND('',#5021,.F.);
#5024=CARTESIAN_POINT('',(1.478338899899E2,-1.398085759773E2,
-4.843916353696E0));
#5025=CARTESIAN_POINT('',(1.478651683217E2,-1.391423438655E2,
-5.528461218460E0));
#5026=CARTESIAN_POINT('',(1.478964466536E2,-1.384761117536E2,
-6.213006083225E0));
#5027=CARTESIAN_POINT('',(1.479277249854E2,-1.378098796418E2,
-6.897550947989E0));
#5028=CARTESIAN_POINT('',(1.485153152258E2,-1.398397576958E2,
-4.842502184972E0));
#5029=CARTESIAN_POINT('',(1.485008664885E2,-1.391714384433E2,
-5.526979026355E0));
#5030=CARTESIAN_POINT('',(1.484864177512E2,-1.385031191908E2,
-6.211455867739E0));
#5031=CARTESIAN_POINT('',(1.484719690139E2,-1.378347999382E2,
-6.895932709122E0));
#5032=CARTESIAN_POINT('',(1.500807131845E2,-1.397547336651E2,
-4.846358236882E0));
#5033=CARTESIAN_POINT('',(1.499612183513E2,-1.390921054752E2,
-5.531020559448E0));
#5034=CARTESIAN_POINT('',(1.498417235182E2,-1.384294772853E2,
-6.215682882014E0));
#5035=CARTESIAN_POINT('',(1.497222286850E2,-1.377668490953E2,
-6.900345204580E0));
#5036=CARTESIAN_POINT('',(1.524884674294E2,-1.390753660875E2,
-4.877169251429E0));
#5037=CARTESIAN_POINT('',(1.522074001464E2,-1.384582111993E2,
-5.563313624432E0));
#5038=CARTESIAN_POINT('',(1.519263328633E2,-1.378410563111E2,
-6.249457997435E0));
#5039=CARTESIAN_POINT('',(1.516452655803E2,-1.372239014228E2,
-6.935602370438E0));
#5040=CARTESIAN_POINT('',(1.548435167100E2,-1.376909117654E2,
-4.939957708910E0));
#5041=CARTESIAN_POINT('',(1.544044137459E2,-1.371664249867E2,
-5.629122289530E0));
#5042=CARTESIAN_POINT('',(1.539653107818E2,-1.366419382079E2,
-6.318286870151E0));
#5043=CARTESIAN_POINT('',(1.535262078177E2,-1.361174514292E2,
-7.007451450771E0));
#5044=CARTESIAN_POINT('',(1.567767363833E2,-1.357434382520E2,
-5.028280491347E0));
#5045=CARTESIAN_POINT('',(1.562079046317E2,-1.353493051339E2,
-5.721693514293E0));
#5046=CARTESIAN_POINT('',(1.556390728801E2,-1.349551720158E2,
-6.415106537239E0));
#5047=CARTESIAN_POINT('',(1.550702411285E2,-1.345610388977E2,
-7.108519560184E0));
#5048=CARTESIAN_POINT('',(1.581477651484E2,-1.333719830789E2,
-5.135831899811E0));
#5049=CARTESIAN_POINT('',(1.574869304539E2,-1.331365827295E2,
-5.834418287355E0));
#5050=CARTESIAN_POINT('',(1.568260957593E2,-1.329011823801E2,
-6.533004674899E0));
#5051=CARTESIAN_POINT('',(1.561652610647E2,-1.326657820307E2,
-7.231591062442E0));
#5052=CARTESIAN_POINT('',(1.588050615053E2,-1.309759347365E2,
-5.244498669856E0));
#5053=CARTESIAN_POINT('',(1.581001189110E2,-1.309009132936E2,
-5.948312072361E0));
#5054=CARTESIAN_POINT('',(1.573951763168E2,-1.308258918506E2,
-6.652125474866E0));
#5055=CARTESIAN_POINT('',(1.566902337226E2,-1.307508704077E2,
-7.355938877372E0));
#5056=CARTESIAN_POINT('',(1.588841672842E2,-1.294288318817E2,
-5.314663644072E0));
#5057=CARTESIAN_POINT('',(1.581739162933E2,-1.294573653878E2,
-6.021852074379E0));
#5058=CARTESIAN_POINT('',(1.574636653025E2,-1.294858988939E2,
-6.729040504685E0));
#5059=CARTESIAN_POINT('',(1.567534143116E2,-1.295144324E2,-7.436228934992E0));
#5060=CARTESIAN_POINT('',(1.588547300995E2,-1.287708566890E2,
-5.344504460593E0));
#5061=CARTESIAN_POINT('',(1.581464544921E2,-1.288434316028E2,
-6.053128273532E0));
#5062=CARTESIAN_POINT('',(1.574381788848E2,-1.289160065166E2,
-6.761752086471E0));
#5063=CARTESIAN_POINT('',(1.567299032774E2,-1.289885814304E2,
-7.470375899410E0));
#5064=B_SPLINE_SURFACE_WITH_KNOTS('',3,3,((#5024,#5025,#5026,#5027),(#5028,
#5029,#5030,#5031),(#5032,#5033,#5034,#5035),(#5036,#5037,#5038,#5039),(#5040,
#5041,#5042,#5043),(#5044,#5045,#5046,#5047),(#5048,#5049,#5050,#5051),(#5052,
#5053,#5054,#5055),(#5056,#5057,#5058,#5059),(#5060,#5061,#5062,#5063)),
.UNSPECIFIED.,.F.,.F.,.F.,(4,1,1,1,1,1,1,4),(4,4),(2.907067466957E-2,
1.428571428571E-1,2.857142857143E-1,4.285714285714E-1,5.714285714286E-1,
7.142857142857E-1,8.571428571429E-1,9.659418072495E-1),(-5.631402255258E-1,
1.563379682099E0),.UNSPECIFIED.);
#5065=ORIENTED_EDGE('',*,*,#4880,.T.);
#5066=ORIENTED_EDGE('',*,*,#4689,.F.);
#5067=ORIENTED_EDGE('',*,*,#5016,.F.);
#5068=ORIENTED_EDGE('',*,*,#4908,.T.);
#5069=EDGE_LOOP('',(#5065,#5066,#5067,#5068));
#5070=FACE_OUTER_BOUND('',#5069,.F.);
#5072=CARTESIAN_POINT('',(6.135344353045E1,-1.363867624847E2,
-4.998814416707E0));
#5073=CARTESIAN_POINT('',(6.187624230895E1,-1.359494529272E2,
-5.691027518216E0));
#5074=CARTESIAN_POINT('',(6.239904108745E1,-1.355121433697E2,
-6.383240619724E0));
#5075=CARTESIAN_POINT('',(6.292183986595E1,-1.350748338122E2,
-7.075453721233E0));
#5076=CARTESIAN_POINT('',(6.178599003307E1,-1.368610241154E2,
-4.977306534970E0));
#5077=CARTESIAN_POINT('',(6.227975508158E1,-1.363919615720E2,
-5.668484753927E0));
#5078=CARTESIAN_POINT('',(6.277352013009E1,-1.359228990287E2,
-6.359662972883E0));
#5079=CARTESIAN_POINT('',(6.326728517860E1,-1.354538364853E2,
-7.050841191839E0));
#5080=CARTESIAN_POINT('',(6.291160349463E1,-1.378812356854E2,
-4.931039689043E0));
#5081=CARTESIAN_POINT('',(6.332981422212E1,-1.373438674613E2,
-5.619991712403E0));
#5082=CARTESIAN_POINT('',(6.374802494961E1,-1.368064992372E2,
-6.308943735763E0));
#5083=CARTESIAN_POINT('',(6.416623567709E1,-1.362691310131E2,
-6.997895759123E0));
#5084=CARTESIAN_POINT('',(6.501860077597E1,-1.390990252309E2,
-4.875812633275E0));
#5085=CARTESIAN_POINT('',(6.529538395801E1,-1.384801229933E2,
-5.562107327702E0));
#5086=CARTESIAN_POINT('',(6.557216714006E1,-1.378612207557E2,
-6.248402022128E0));
#5087=CARTESIAN_POINT('',(6.584895032210E1,-1.372423185181E2,
-6.934696716555E0));
#5088=CARTESIAN_POINT('',(6.738953746181E1,-1.397564893771E2,
-4.845996472346E0));
#5089=CARTESIAN_POINT('',(6.750717674801E1,-1.390935682934E2,
-5.530856519461E0));
#5090=CARTESIAN_POINT('',(6.762481603421E1,-1.384306472097E2,
-6.215716566575E0));
#5091=CARTESIAN_POINT('',(6.774245532041E1,-1.377677261260E2,
-6.900576613690E0));
#5092=CARTESIAN_POINT('',(6.893119175137E1,-1.398401348996E2,
-4.842203127303E0));
#5093=CARTESIAN_POINT('',(6.894535089356E1,-1.391716135419E2,
-5.526880652185E0));
#5094=CARTESIAN_POINT('',(6.895951003575E1,-1.385030921841E2,
-6.211558177066E0));
#5095=CARTESIAN_POINT('',(6.897366917794E1,-1.378345708264E2,
-6.896235701948E0));
#5096=CARTESIAN_POINT('',(6.959741229624E1,-1.398099907996E2,
-4.843570169658E0));
#5097=CARTESIAN_POINT('',(6.956685285373E1,-1.391434876638E2,
-5.528313471741E0));
#5098=CARTESIAN_POINT('',(6.953629341122E1,-1.384769845279E2,
-6.213056773825E0));
#5099=CARTESIAN_POINT('',(6.950573396871E1,-1.378104813920E2,
-6.897800075909E0));
#5100=B_SPLINE_SURFACE_WITH_KNOTS('',3,3,((#5072,#5073,#5074,#5075),(#5076,
#5077,#5078,#5079),(#5080,#5081,#5082,#5083),(#5084,#5085,#5086,#5087),(#5088,
#5089,#5090,#5091),(#5092,#5093,#5094,#5095),(#5096,#5097,#5098,#5099)),
.UNSPECIFIED.,.F.,.F.,.F.,(4,1,1,1,4),(4,4),(6.094756601842E-2,2.5E-1,5.E-1,
7.5E-1,9.473123883526E-1),(-5.634457407585E-1,1.563698251017E0),.UNSPECIFIED.);
#5102=ORIENTED_EDGE('',*,*,#5101,.T.);
#5103=ORIENTED_EDGE('',*,*,#5019,.T.);
#5104=ORIENTED_EDGE('',*,*,#4685,.F.);
#5106=ORIENTED_EDGE('',*,*,#5105,.F.);
#5107=EDGE_LOOP('',(#5102,#5103,#5104,#5106));
#5108=FACE_OUTER_BOUND('',#5107,.F.);
#5110=CARTESIAN_POINT('',(6.914213562376E1,-1.199630245544E2,
-2.913279386450E2));
#5111=DIRECTION('',(0.E0,-3.257436514783E-2,9.994693145541E-1));
#5112=DIRECTION('',(-7.071067811865E-1,-7.067315299091E-1,-2.303355448888E-2));
#5113=AXIS2_PLACEMENT_3D('',#5110,#5111,#5112);
#5114=CYLINDRICAL_SURFACE('',#5113,1.E1);
#5116=ORIENTED_EDGE('',*,*,#5115,.F.);
#5117=ORIENTED_EDGE('',*,*,#4990,.F.);
#5118=ORIENTED_EDGE('',*,*,#5101,.F.);
#5120=ORIENTED_EDGE('',*,*,#5119,.T.);
#5121=EDGE_LOOP('',(#5116,#5117,#5118,#5120));
#5122=FACE_OUTER_BOUND('',#5121,.F.);
#5124=CARTESIAN_POINT('',(6.959948649530E1,-1.399117135942E2,
-2.713815992598E0));
#5125=CARTESIAN_POINT('',(6.956957984663E1,-1.392314650815E2,
-2.002671999969E0));
#5126=CARTESIAN_POINT('',(6.953967319797E1,-1.385512165687E2,
-1.291528007339E0));
#5127=CARTESIAN_POINT('',(6.950976654930E1,-1.378709680560E2,
-5.803840147100E-1));
#5128=CARTESIAN_POINT('',(6.893274457636E1,-1.399420345593E2,
-2.714247233383E0));
#5129=CARTESIAN_POINT('',(6.894643687450E1,-1.392598045129E2,
-2.003038659281E0));
#5130=CARTESIAN_POINT('',(6.896012917264E1,-1.385775744665E2,
-1.291830085178E0));
#5131=CARTESIAN_POINT('',(6.897382147078E1,-1.378953444201E2,
-5.806215110757E-1));
#5132=CARTESIAN_POINT('',(6.739270381963E1,-1.398586061062E2,
-2.713060669845E0));
#5133=CARTESIAN_POINT('',(6.750710098291E1,-1.391818282705E2,
-2.002029792342E0));
#5134=CARTESIAN_POINT('',(6.762149814620E1,-1.385050504347E2,
-1.290998914840E0));
#5135=CARTESIAN_POINT('',(6.773589530949E1,-1.378282725989E2,
-5.799680373374E-1));
#5136=CARTESIAN_POINT('',(6.502762709819E1,-1.392030340270E2,
-2.703736777361E0));
#5137=CARTESIAN_POINT('',(6.529667908555E1,-1.385690990932E2,
-1.994102221201E0));
#5138=CARTESIAN_POINT('',(6.556573107291E1,-1.379351641595E2,
-1.284467665042E0));
#5139=CARTESIAN_POINT('',(6.583478306027E1,-1.373012292258E2,
-5.748331088826E-1));
#5140=CARTESIAN_POINT('',(6.292971870756E1,-1.379922619568E2,
-2.686516537266E0));
#5141=CARTESIAN_POINT('',(6.333595510425E1,-1.374374533173E2,
-1.979460838469E0));
#5142=CARTESIAN_POINT('',(6.374219150095E1,-1.368826446778E2,
-1.272405139672E0));
#5143=CARTESIAN_POINT('',(6.414842789764E1,-1.363278360383E2,
-5.653494408746E-1));
#5144=CARTESIAN_POINT('',(6.180911071607E1,-1.369787654915E2,
-2.672102055054E0));
#5145=CARTESIAN_POINT('',(6.228862483362E1,-1.364901908043E2,
-1.967205030780E0));
#5146=CARTESIAN_POINT('',(6.276813895116E1,-1.360016161170E2,
-1.262308006506E0));
#5147=CARTESIAN_POINT('',(6.324765306870E1,-1.355130414297E2,
-5.574109822323E-1));
#5148=CARTESIAN_POINT('',(6.137878562403E1,-1.365082910416E2,
-2.665410718852E0));
#5149=CARTESIAN_POINT('',(6.188643914644E1,-1.360504627687E2,
-1.961515771293E0));
#5150=CARTESIAN_POINT('',(6.239409266885E1,-1.355926344958E2,
-1.257620823735E0));
#5151=CARTESIAN_POINT('',(6.290174619126E1,-1.351348062229E2,
-5.537258761756E-1));
#5152=B_SPLINE_SURFACE_WITH_KNOTS('',3,3,((#5124,#5125,#5126,#5127),(#5128,
#5129,#5130,#5131),(#5132,#5133,#5134,#5135),(#5136,#5137,#5138,#5139),(#5140,
#5141,#5142,#5143),(#5144,#5145,#5146,#5147),(#5148,#5149,#5150,#5151)),
.UNSPECIFIED.,.F.,.F.,.F.,(4,1,1,1,4),(4,4),(5.225952211364E-2,2.5E-1,5.E-1,
7.5E-1,9.386042675313E-1),(-5.330471406563E-1,1.533253547640E0),.UNSPECIFIED.);
#5153=ORIENTED_EDGE('',*,*,#5115,.T.);
#5155=ORIENTED_EDGE('',*,*,#5154,.T.);
#5157=ORIENTED_EDGE('',*,*,#5156,.F.);
#5158=ORIENTED_EDGE('',*,*,#4973,.F.);
#5159=EDGE_LOOP('',(#5153,#5155,#5157,#5158));
#5160=FACE_OUTER_BOUND('',#5159,.F.);
#5162=CARTESIAN_POINT('',(6.135355339061E1,-1.350443916729E2,
-1.601382297214E0));
#5163=DIRECTION('',(-5.038415497008E-1,-5.114798398067E-1,6.960833759446E-1));
#5164=DIRECTION('',(4.962450012181E-1,4.881951755750E-1,7.179180798053E-1));
#5165=AXIS2_PLACEMENT_3D('',#5162,#5163,#5164);
#5166=PLANE('',#5165);
#5168=ORIENTED_EDGE('',*,*,#5167,.T.);
#5170=ORIENTED_EDGE('',*,*,#5169,.T.);
#5172=ORIENTED_EDGE('',*,*,#5171,.F.);
#5173=ORIENTED_EDGE('',*,*,#5154,.F.);
#5174=EDGE_LOOP('',(#5168,#5170,#5172,#5173));
#5175=FACE_OUTER_BOUND('',#5174,.F.);
#5177=CARTESIAN_POINT('',(6.324264068723E1,-1.376695371403E2,
-1.085127548310E0));
#5178=DIRECTION('',(7.071067811865E-1,7.067315299091E-1,2.303355448888E-2));
#5179=DIRECTION('',(-7.071067811866E-1,7.067315299090E-1,2.303355448888E-2));
#5180=AXIS2_PLACEMENT_3D('',#5177,#5178,#5179);
#5181=PLANE('',#5180);
#5182=ORIENTED_EDGE('',*,*,#5167,.F.);
#5183=ORIENTED_EDGE('',*,*,#5119,.F.);
#5185=ORIENTED_EDGE('',*,*,#5184,.F.);
#5187=ORIENTED_EDGE('',*,*,#5186,.T.);
#5188=EDGE_LOOP('',(#5182,#5183,#5185,#5187));
#5189=FACE_OUTER_BOUND('',#5188,.F.);
#5191=CARTESIAN_POINT('',(6.135355339061E1,-1.349546809033E2,
-6.084117412230E0));
#5192=DIRECTION('',(-4.846124235723E-1,-5.246179673220E-1,-6.999477032481E-1));
#5193=DIRECTION('',(5.169530461043E-1,4.737290524498E-1,-7.129798966229E-1));
#5194=AXIS2_PLACEMENT_3D('',#5191,#5192,#5193);
#5195=PLANE('',#5194);
#5196=ORIENTED_EDGE('',*,*,#5184,.T.);
#5197=ORIENTED_EDGE('',*,*,#5105,.T.);
#5198=ORIENTED_EDGE('',*,*,#4683,.F.);
#5200=ORIENTED_EDGE('',*,*,#5199,.F.);
#5201=EDGE_LOOP('',(#5196,#5197,#5198,#5200));
#5202=FACE_OUTER_BOUND('',#5201,.F.);
#5204=CARTESIAN_POINT('',(5.247697807592E1,-1.318036551751E2,
-5.313808451656E0));
#5205=CARTESIAN_POINT('',(5.244835481427E1,-1.311369656624E2,
-5.998566411028E0));
#5206=CARTESIAN_POINT('',(5.241973155262E1,-1.304702761497E2,
-6.683324370400E0));
#5207=CARTESIAN_POINT('',(5.239110829097E1,-1.298035866370E2,
-7.368082329772E0));
#5208=CARTESIAN_POINT('',(5.304949225029E1,-1.317788838955E2,
-5.315640512685E0));
#5209=CARTESIAN_POINT('',(5.306389291204E1,-1.311103393011E2,
-6.000338011864E0));
#5210=CARTESIAN_POINT('',(5.307829357379E1,-1.304417947068E2,
-6.685035511044E0));
#5211=CARTESIAN_POINT('',(5.309269423555E1,-1.297732501124E2,
-7.369733010223E0));
#5212=CARTESIAN_POINT('',(5.440869290348E1,-1.318528741463E2,
-5.310168261879E0));
#5213=CARTESIAN_POINT('',(5.452523626740E1,-1.311898705639E2,
-5.995046351843E0));
#5214=CARTESIAN_POINT('',(5.464177963131E1,-1.305268669815E2,
-6.679924441806E0));
#5215=CARTESIAN_POINT('',(5.475832299523E1,-1.298638633991E2,
-7.364802531770E0));
#5216=CARTESIAN_POINT('',(5.654238020810E1,-1.324380841921E2,
-5.266886665819E0));
#5217=CARTESIAN_POINT('',(5.681926824692E1,-1.318189060575E2,
-5.953193099924E0));
#5218=CARTESIAN_POINT('',(5.709615628574E1,-1.311997279229E2,
-6.639499534029E0));
#5219=CARTESIAN_POINT('',(5.737304432455E1,-1.305805497884E2,
-7.325805968134E0));
#5220=CARTESIAN_POINT('',(5.842986035585E1,-1.335376452546E2,
-5.185564142238E0));
#5221=CARTESIAN_POINT('',(5.884859082398E1,-1.330008114959E2,
-5.874554316332E0));
#5222=CARTESIAN_POINT('',(5.926732129211E1,-1.324639777372E2,
-6.563544490427E0));
#5223=CARTESIAN_POINT('',(5.968605176023E1,-1.319271439785E2,
-7.252534664521E0));
#5224=CARTESIAN_POINT('',(5.942025581159E1,-1.344346094452E2,
-5.119225496725E0));
#5225=CARTESIAN_POINT('',(5.991341360420E1,-1.339649479055E2,
-5.810404925013E0));
#5226=CARTESIAN_POINT('',(6.040657139681E1,-1.334952863657E2,
-6.501584353301E0));
#5227=CARTESIAN_POINT('',(6.089972918942E1,-1.330256248260E2,
-7.192763781589E0));
#5228=CARTESIAN_POINT('',(5.979099800490E1,-1.348386107746E2,
-5.089345930454E0));
#5229=CARTESIAN_POINT('',(6.031201673867E1,-1.343992042507E2,
-5.781511419962E0));
#5230=CARTESIAN_POINT('',(6.083303547245E1,-1.339597977267E2,
-6.473676909471E0));
#5231=CARTESIAN_POINT('',(6.135405420623E1,-1.335203912028E2,
-7.165842398980E0));
#5232=B_SPLINE_SURFACE_WITH_KNOTS('',3,3,((#5204,#5205,#5206,#5207),(#5208,
#5209,#5210,#5211),(#5212,#5213,#5214,#5215),(#5216,#5217,#5218,#5219),(#5220,
#5221,#5222,#5223),(#5224,#5225,#5226,#5227),(#5228,#5229,#5230,#5231)),
.UNSPECIFIED.,.F.,.F.,.F.,(4,1,1,1,4),(4,4),(5.682204306442E-2,2.5E-1,5.E-1,
7.5E-1,9.335917620346E-1),(-5.645066945435E-1,1.562699719423E0),.UNSPECIFIED.);
#5234=ORIENTED_EDGE('',*,*,#5233,.T.);
#5235=ORIENTED_EDGE('',*,*,#5199,.T.);
#5236=ORIENTED_EDGE('',*,*,#4681,.F.);
#5238=ORIENTED_EDGE('',*,*,#5237,.F.);
#5239=EDGE_LOOP('',(#5234,#5235,#5236,#5238));
#5240=FACE_OUTER_BOUND('',#5239,.F.);
#5242=CARTESIAN_POINT('',(5.285786437627E1,-1.319693961610E2,
-2.913279386450E2));
#5243=DIRECTION('',(0.E0,-3.257436514783E-2,9.994693145541E-1));
#5244=DIRECTION('',(7.071067811865E-1,7.067315299091E-1,2.303355448888E-2));
#5245=AXIS2_PLACEMENT_3D('',#5242,#5243,#5244);
#5246=CYLINDRICAL_SURFACE('',#5245,1.E1);
#5248=ORIENTED_EDGE('',*,*,#5247,.F.);
#5249=ORIENTED_EDGE('',*,*,#5186,.F.);
#5250=ORIENTED_EDGE('',*,*,#5233,.F.);
#5252=ORIENTED_EDGE('',*,*,#5251,.T.);
#5253=EDGE_LOOP('',(#5248,#5249,#5250,#5252));
#5254=FACE_OUTER_BOUND('',#5253,.F.);
#5256=CARTESIAN_POINT('',(5.981823538446E1,-1.349656525895E2,
-2.649279296909E0));
#5257=CARTESIAN_POINT('',(6.032469126237E1,-1.345063816178E2,
-1.945328235099E0));
#5258=CARTESIAN_POINT('',(6.083114714028E1,-1.340471106462E2,
-1.241377173288E0));
#5259=CARTESIAN_POINT('',(6.133760301819E1,-1.335878396745E2,
-5.374261114779E-1));
#5260=CARTESIAN_POINT('',(5.944535748221E1,-1.345597555372E2,
-2.646188302483E0));
#5261=CARTESIAN_POINT('',(5.992468173091E1,-1.340709743875E2,
-1.941275454952E0));
#5262=CARTESIAN_POINT('',(6.040400597961E1,-1.335821932378E2,
-1.236362607422E0));
#5263=CARTESIAN_POINT('',(6.088333022831E1,-1.330934120882E2,
-5.314497598911E-1));
#5264=CARTESIAN_POINT('',(5.845116557513E1,-1.336608369931E2,
-2.639342842054E0));
#5265=CARTESIAN_POINT('',(5.885814966632E1,-1.331067012268E2,
-1.932299979008E0));
#5266=CARTESIAN_POINT('',(5.926513375750E1,-1.325525654605E2,
-1.225257115962E0));
#5267=CARTESIAN_POINT('',(5.967211784869E1,-1.319984296942E2,
-5.182142529164E-1));
#5268=CARTESIAN_POINT('',(5.655698549084E1,-1.325597357376E2,
-2.630957716257E0));
#5269=CARTESIAN_POINT('',(5.682614379136E1,-1.319255459431E2,
-1.921305759458E0));
#5270=CARTESIAN_POINT('',(5.709530209188E1,-1.312913561486E2,
-1.211653802658E0));
#5271=CARTESIAN_POINT('',(5.736446039241E1,-1.306571663541E2,
-5.020018458587E-1));
#5272=CARTESIAN_POINT('',(5.441929909957E1,-1.319740461517E2,
-2.626497562542E0));
#5273=CARTESIAN_POINT('',(5.453291341591E1,-1.312972746143E2,
-1.915457796009E0));
#5274=CARTESIAN_POINT('',(5.464652773226E1,-1.306205030768E2,
-1.204418029476E0));
#5275=CARTESIAN_POINT('',(5.476014204860E1,-1.299437315394E2,
-4.933782629428E-1));
#5276=CARTESIAN_POINT('',(5.305693433485E1,-1.318992106647E2,
-2.625927674015E0));
#5277=CARTESIAN_POINT('',(5.307141921655E1,-1.312169983178E2,
-1.914710582463E0));
#5278=CARTESIAN_POINT('',(5.308590409825E1,-1.305347859708E2,
-1.203493490910E0));
#5279=CARTESIAN_POINT('',(5.310038897995E1,-1.298525736239E2,
-4.922763993571E-1));
#5280=CARTESIAN_POINT('',(5.248384173474E1,-1.319233876974E2,
-2.626111787383E0));
#5281=CARTESIAN_POINT('',(5.245662681113E1,-1.312429331078E2,
-1.914951984063E0));
#5282=CARTESIAN_POINT('',(5.242941188752E1,-1.305624785182E2,
-1.203792180743E0));
#5283=CARTESIAN_POINT('',(5.240219696391E1,-1.298820239287E2,
-4.926323774228E-1));
#5284=B_SPLINE_SURFACE_WITH_KNOTS('',3,3,((#5256,#5257,#5258,#5259),(#5260,
#5261,#5262,#5263),(#5264,#5265,#5266,#5267),(#5268,#5269,#5270,#5271),(#5272,
#5273,#5274,#5275),(#5276,#5277,#5278,#5279),(#5280,#5281,#5282,#5283)),
.UNSPECIFIED.,.F.,.F.,.F.,(4,1,1,1,4),(4,4),(6.564673215211E-2,2.5E-1,5.E-1,
7.5E-1,9.423776614844E-1),(-5.339504883301E-1,1.532377474693E0),.UNSPECIFIED.);
#5285=ORIENTED_EDGE('',*,*,#5247,.T.);
#5287=ORIENTED_EDGE('',*,*,#5286,.T.);
#5289=ORIENTED_EDGE('',*,*,#5288,.F.);
#5290=ORIENTED_EDGE('',*,*,#5169,.F.);
#5291=EDGE_LOOP('',(#5285,#5287,#5289,#5290));
#5292=FACE_OUTER_BOUND('',#5291,.F.);
#5294=CARTESIAN_POINT('',(-2.131628207280E-14,-1.308971406574E2,
-1.558511785238E0));
#5295=DIRECTION('',(0.E0,-7.223785487869E-1,6.914978179665E-1));
#5296=DIRECTION('',(0.E0,6.914978179665E-1,7.223785487869E-1));
#5297=AXIS2_PLACEMENT_3D('',#5294,#5295,#5296);
#5298=PLANE('',#5297);
#5300=ORIENTED_EDGE('',*,*,#5299,.T.);
#5302=ORIENTED_EDGE('',*,*,#5301,.T.);
#5304=ORIENTED_EDGE('',*,*,#5303,.F.);
#5305=ORIENTED_EDGE('',*,*,#5286,.F.);
#5306=EDGE_LOOP('',(#5300,#5302,#5304,#5305));
#5307=FACE_OUTER_BOUND('',#5306,.F.);
#5309=CARTESIAN_POINT('',(5.751471862592E1,-1.314302093316E2,
-8.817774910770E-1));
#5310=DIRECTION('',(0.E0,9.994693145541E-1,3.257436514783E-2));
#5311=DIRECTION('',(-1.E0,0.E0,0.E0));
#5312=AXIS2_PLACEMENT_3D('',#5309,#5310,#5311);
#5313=PLANE('',#5312);
#5314=ORIENTED_EDGE('',*,*,#5299,.F.);
#5315=ORIENTED_EDGE('',*,*,#5251,.F.);
#5317=ORIENTED_EDGE('',*,*,#5316,.F.);
#5319=ORIENTED_EDGE('',*,*,#5318,.F.);
#5320=EDGE_LOOP('',(#5314,#5315,#5317,#5319));
#5321=FACE_OUTER_BOUND('',#5320,.F.);
#5323=CARTESIAN_POINT('',(0.E0,-1.307976231769E2,-6.342143221482E0));
#5324=DIRECTION('',(0.E0,-7.163095648320E-1,-6.977826361627E-1));
#5325=DIRECTION('',(0.E0,6.977826361627E-1,-7.163095648320E-1));
#5326=AXIS2_PLACEMENT_3D('',#5323,#5324,#5325);
#5327=PLANE('',#5326);
#5328=ORIENTED_EDGE('',*,*,#5316,.T.);
#5329=ORIENTED_EDGE('',*,*,#5237,.T.);
#5330=ORIENTED_EDGE('',*,*,#4679,.F.);
#5332=ORIENTED_EDGE('',*,*,#5331,.F.);
#5333=EDGE_LOOP('',(#5328,#5329,#5330,#5332));
#5334=FACE_OUTER_BOUND('',#5333,.F.);
#5336=CARTESIAN_POINT('',(-5.979564640634E1,-1.348436802312E2,
-5.088970998113E0));
#5337=CARTESIAN_POINT('',(-6.031701446329E1,-1.344046533508E2,
-5.781148860834E0));
#5338=CARTESIAN_POINT('',(-6.083838252024E1,-1.339656264704E2,
-6.473326723556E0));
#5339=CARTESIAN_POINT('',(-6.135975057719E1,-1.335265995900E2,
-7.165504586278E0));
#5340=CARTESIAN_POINT('',(-5.942376235433E1,-1.344377864028E2,
-5.118990531870E0));
#5341=CARTESIAN_POINT('',(-5.991718366047E1,-1.339683627804E2,
-5.810177714277E0));
#5342=CARTESIAN_POINT('',(-6.041060496660E1,-1.334989391579E2,
-6.501364896685E0));
#5343=CARTESIAN_POINT('',(-6.090402627273E1,-1.330295155354E2,
-7.192552079092E0));
#5344=CARTESIAN_POINT('',(-5.843198011925E1,-1.335388801334E2,
-5.185472811736E0));
#5345=CARTESIAN_POINT('',(-5.885086988568E1,-1.330021388528E2,
-5.874465999846E0));
#5346=CARTESIAN_POINT('',(-5.926975965211E1,-1.324653975722E2,
-6.563459187955E0));
#5347=CARTESIAN_POINT('',(-5.968864941854E1,-1.319286562916E2,
-7.252452376065E0));
#5348=CARTESIAN_POINT('',(-5.654238020810E1,-1.324380841921E2,
-5.266886665818E0));
#5349=CARTESIAN_POINT('',(-5.681926824692E1,-1.318189060575E2,
-5.953193099924E0));
#5350=CARTESIAN_POINT('',(-5.709615628574E1,-1.311997279229E2,
-6.639499534029E0));
#5351=CARTESIAN_POINT('',(-5.737304432455E1,-1.305805497884E2,
-7.325805968135E0));
#5352=CARTESIAN_POINT('',(-5.441116555409E1,-1.318535523244E2,
-5.310118104452E0));
#5353=CARTESIAN_POINT('',(-5.452789473547E1,-1.311905995296E2,
-5.994997849671E0));
#5354=CARTESIAN_POINT('',(-5.464462391684E1,-1.305276467349E2,
-6.679877594889E0));
#5355=CARTESIAN_POINT('',(-5.476135309822E1,-1.298646939402E2,
-7.364757340107E0));
#5356=CARTESIAN_POINT('',(-5.305441960217E1,-1.317791531090E2,
-5.315620601901E0));
#5357=CARTESIAN_POINT('',(-5.306919054997E1,-1.311106286756E2,
-6.000318758160E0));
#5358=CARTESIAN_POINT('',(-5.308396149777E1,-1.304421042422E2,
-6.685016914419E0));
#5359=CARTESIAN_POINT('',(-5.309873244557E1,-1.297735798088E2,
-7.369715070678E0));
#5360=CARTESIAN_POINT('',(-5.248412122149E1,-1.318033491116E2,
-5.313831087833E0));
#5361=CARTESIAN_POINT('',(-5.245603476078E1,-1.311366366783E2,
-5.998588300184E0));
#5362=CARTESIAN_POINT('',(-5.242794830006E1,-1.304699242450E2,
-6.683345512535E0));
#5363=CARTESIAN_POINT('',(-5.239986183935E1,-1.298032118116E2,
-7.368102724887E0));
#5364=B_SPLINE_SURFACE_WITH_KNOTS('',3,3,((#5336,#5337,#5338,#5339),(#5340,
#5341,#5342,#5343),(#5344,#5345,#5346,#5347),(#5348,#5349,#5350,#5351),(#5352,
#5353,#5354,#5355),(#5356,#5357,#5358,#5359),(#5360,#5361,#5362,#5363)),
.UNSPECIFIED.,.F.,.F.,.F.,(4,1,1,1,4),(4,4),(6.564051980144E-2,2.5E-1,5.E-1,
7.5E-1,9.423746588643E-1),(-5.645066945435E-1,1.562699719423E0),.UNSPECIFIED.);
#5366=ORIENTED_EDGE('',*,*,#5365,.T.);
#5367=ORIENTED_EDGE('',*,*,#5331,.T.);
#5368=ORIENTED_EDGE('',*,*,#4677,.F.);
#5370=ORIENTED_EDGE('',*,*,#5369,.F.);
#5371=EDGE_LOOP('',(#5366,#5367,#5368,#5370));
#5372=FACE_OUTER_BOUND('',#5371,.F.);
#5374=CARTESIAN_POINT('',(-5.285786437627E1,-1.565154266989E2,
4.618104327514E2));
#5375=DIRECTION('',(0.E0,3.257436514783E-2,-9.994693145541E-1));
#5376=DIRECTION('',(-7.071067811865E-1,7.067315299091E-1,2.303355448888E-2));
#5377=AXIS2_PLACEMENT_3D('',#5374,#5375,#5376);
#5378=CYLINDRICAL_SURFACE('',#5377,1.E1);
#5380=ORIENTED_EDGE('',*,*,#5379,.F.);
#5381=ORIENTED_EDGE('',*,*,#5318,.T.);
#5382=ORIENTED_EDGE('',*,*,#5365,.F.);
#5384=ORIENTED_EDGE('',*,*,#5383,.F.);
#5385=EDGE_LOOP('',(#5380,#5381,#5382,#5384));
#5386=FACE_OUTER_BOUND('',#5385,.F.);
#5388=CARTESIAN_POINT('',(-5.247688962777E1,-1.319236838089E2,
-2.626114042336E0));
#5389=CARTESIAN_POINT('',(-5.244916884960E1,-1.312432507476E2,
-1.914954940661E0));
#5390=CARTESIAN_POINT('',(-5.242144807143E1,-1.305628176864E2,
-1.203795838987E0));
#5391=CARTESIAN_POINT('',(-5.239372729326E1,-1.298823846252E2,
-4.926367373117E-1));
#5392=CARTESIAN_POINT('',(-5.305214236925E1,-1.318989483647E2,
-2.625925676543E0));
#5393=CARTESIAN_POINT('',(-5.306627857426E1,-1.312167169476E2,
-1.914707963462E0));
#5394=CARTESIAN_POINT('',(-5.308041477927E1,-1.305344855304E2,
-1.203490250381E0));
#5395=CARTESIAN_POINT('',(-5.309455098427E1,-1.298522541133E2,
-4.922725373005E-1));
#5396=CARTESIAN_POINT('',(-5.441689703103E1,-1.319733880260E2,
-2.626492550771E0));
#5397=CARTESIAN_POINT('',(-5.453033656621E1,-1.312965686404E2,
-1.915451224788E0));
#5398=CARTESIAN_POINT('',(-5.464377610139E1,-1.306197492548E2,
-1.204409898806E0));
#5399=CARTESIAN_POINT('',(-5.475721563657E1,-1.299429298693E2,
-4.933685728230E-1));
#5400=CARTESIAN_POINT('',(-5.655698549084E1,-1.325597357376E2,
-2.630957716257E0));
#5401=CARTESIAN_POINT('',(-5.682614379136E1,-1.319255459431E2,
-1.921305759458E0));
#5402=CARTESIAN_POINT('',(-5.709530209188E1,-1.312913561486E2,
-1.211653802658E0));
#5403=CARTESIAN_POINT('',(-5.736446039241E1,-1.306571663541E2,
-5.020018458587E-1));
#5404=CARTESIAN_POINT('',(-5.844901757789E1,-1.336595883460E2,
-2.639333333335E0));
#5405=CARTESIAN_POINT('',(-5.885584537484E1,-1.331053617986E2,
-1.932287511580E0));
#5406=CARTESIAN_POINT('',(-5.926267317179E1,-1.325511352511E2,
-1.225241689826E0));
#5407=CARTESIAN_POINT('',(-5.966950096874E1,-1.319969087036E2,
-5.181958680722E-1));
#5408=CARTESIAN_POINT('',(-5.944180418856E1,-1.345565439946E2,
-2.646163845886E0));
#5409=CARTESIAN_POINT('',(-5.992086988977E1,-1.340675293542E2,
-1.941243388506E0));
#5410=CARTESIAN_POINT('',(-6.039993559098E1,-1.335785147138E2,
-1.236322931125E0));
#5411=CARTESIAN_POINT('',(-6.087900129219E1,-1.330895000734E2,
-5.314024737440E-1));
#5412=CARTESIAN_POINT('',(-5.981352376297E1,-1.349605278798E2,
-2.649240271129E0));
#5413=CARTESIAN_POINT('',(-6.031963681024E1,-1.345008843233E2,
-1.945277066159E0));
#5414=CARTESIAN_POINT('',(-6.082574985751E1,-1.340412407667E2,
-1.241313861189E0));
#5415=CARTESIAN_POINT('',(-6.133186290479E1,-1.335815972102E2,
-5.373506562194E-1));
#5416=B_SPLINE_SURFACE_WITH_KNOTS('',3,3,((#5388,#5389,#5390,#5391),(#5392,
#5393,#5394,#5395),(#5396,#5397,#5398,#5399),(#5400,#5401,#5402,#5403),(#5404,
#5405,#5406,#5407),(#5408,#5409,#5410,#5411),(#5412,#5413,#5414,#5415)),
.UNSPECIFIED.,.F.,.F.,.F.,(4,1,1,1,4),(4,4),(5.684432982095E-2,2.5E-1,5.E-1,
7.5E-1,9.335772123140E-1),(-5.339504883301E-1,1.532377474693E0),.UNSPECIFIED.);
#5417=ORIENTED_EDGE('',*,*,#5379,.T.);
#5419=ORIENTED_EDGE('',*,*,#5418,.T.);
#5421=ORIENTED_EDGE('',*,*,#5420,.F.);
#5422=ORIENTED_EDGE('',*,*,#5301,.F.);
#5423=EDGE_LOOP('',(#5417,#5419,#5421,#5422));
#5424=FACE_OUTER_BOUND('',#5423,.F.);
#5426=CARTESIAN_POINT('',(-6.135355339061E1,-1.350443916729E2,
-1.601382297214E0));
#5427=DIRECTION('',(5.038415497008E-1,-5.114798398067E-1,6.960833759446E-1));
#5428=DIRECTION('',(-4.962450012181E-1,4.881951755750E-1,7.179180798053E-1));
#5429=AXIS2_PLACEMENT_3D('',#5426,#5427,#5428);
#5430=PLANE('',#5429);
#5432=ORIENTED_EDGE('',*,*,#5431,.T.);
#5434=ORIENTED_EDGE('',*,*,#5433,.T.);
#5436=ORIENTED_EDGE('',*,*,#5435,.F.);
#5437=ORIENTED_EDGE('',*,*,#5418,.F.);
#5438=EDGE_LOOP('',(#5432,#5434,#5436,#5437));
#5439=FACE_OUTER_BOUND('',#5438,.F.);
#5441=CARTESIAN_POINT('',(-6.175735931287E1,-1.361850439831E2,
-1.036745450474E0));
#5442=DIRECTION('',(-7.071067811865E-1,7.067315299091E-1,2.303355448888E-2));
#5443=DIRECTION('',(-7.071067811866E-1,-7.067315299090E-1,-2.303355448888E-2));
#5444=AXIS2_PLACEMENT_3D('',#5441,#5442,#5443);
#5445=PLANE('',#5444);
#5446=ORIENTED_EDGE('',*,*,#5431,.F.);
#5447=ORIENTED_EDGE('',*,*,#5383,.T.);
#5449=ORIENTED_EDGE('',*,*,#5448,.F.);
#5451=ORIENTED_EDGE('',*,*,#5450,.F.);
#5452=EDGE_LOOP('',(#5446,#5447,#5449,#5451));
#5453=FACE_OUTER_BOUND('',#5452,.F.);
#5455=CARTESIAN_POINT('',(-6.135355339061E1,-1.349546809033E2,
-6.084117412230E0));
#5456=DIRECTION('',(4.846124235723E-1,-5.246179673220E-1,-6.999477032481E-1));
#5457=DIRECTION('',(-5.169530461043E-1,4.737290524498E-1,-7.129798966229E-1));
#5458=AXIS2_PLACEMENT_3D('',#5455,#5456,#5457);
#5459=PLANE('',#5458);
#5460=ORIENTED_EDGE('',*,*,#5448,.T.);
#5461=ORIENTED_EDGE('',*,*,#5369,.T.);
#5462=ORIENTED_EDGE('',*,*,#4675,.F.);
#5464=ORIENTED_EDGE('',*,*,#5463,.F.);
#5465=EDGE_LOOP('',(#5460,#5461,#5462,#5464));
#5466=FACE_OUTER_BOUND('',#5465,.F.);
#5468=CARTESIAN_POINT('',(-6.960204349262E1,-1.398097801645E2,
-4.843579722014E0));
#5469=CARTESIAN_POINT('',(-6.957117319127E1,-1.391432911312E2,
-5.528323483723E0));
#5470=CARTESIAN_POINT('',(-6.954030288992E1,-1.384768020978E2,
-6.213067245432E0));
#5471=CARTESIAN_POINT('',(-6.950943258857E1,-1.378103130645E2,
-6.897811007141E0));
#5472=CARTESIAN_POINT('',(-6.893434340305E1,-1.398403055443E2,
-4.842195388524E0));
#5473=CARTESIAN_POINT('',(-6.894829099757E1,-1.391717727615E2,
-5.526872541043E0));
#5474=CARTESIAN_POINT('',(-6.896223859210E1,-1.385032399787E2,
-6.211549693562E0));
#5475=CARTESIAN_POINT('',(-6.897618618662E1,-1.378347071959E2,
-6.896226846081E0));
#5476=CARTESIAN_POINT('',(-6.739109207282E1,-1.397569204729E2,
-4.845976922042E0));
#5477=CARTESIAN_POINT('',(-6.750862700918E1,-1.390939705263E2,
-5.530836028466E0));
#5478=CARTESIAN_POINT('',(-6.762616194554E1,-1.384310205797E2,
-6.215695134890E0));
#5479=CARTESIAN_POINT('',(-6.774369688191E1,-1.377680706331E2,
-6.900554241314E0));
#5480=CARTESIAN_POINT('',(-6.501860077597E1,-1.390990252309E2,
-4.875812633275E0));
#5481=CARTESIAN_POINT('',(-6.529538395801E1,-1.384801229933E2,
-5.562107327702E0));
#5482=CARTESIAN_POINT('',(-6.557216714006E1,-1.378612207557E2,
-6.248402022128E0));
#5483=CARTESIAN_POINT('',(-6.584895032210E1,-1.372423185181E2,
-6.934696716555E0));
#5484=CARTESIAN_POINT('',(-6.291291128326E1,-1.378819915532E2,
-4.931005410254E0));
#5485=CARTESIAN_POINT('',(-6.333103422832E1,-1.373445727219E2,
-5.619955784241E0));
#5486=CARTESIAN_POINT('',(-6.374915717338E1,-1.368071538905E2,
-6.308906158227E0));
#5487=CARTESIAN_POINT('',(-6.416728011844E1,-1.362697350592E2,
-6.997856532214E0));
#5488=CARTESIAN_POINT('',(-6.178818318896E1,-1.368630114869E2,
-4.977216407183E0));
#5489=CARTESIAN_POINT('',(-6.228180102672E1,-1.363938158841E2,
-5.668390289512E0));
#5490=CARTESIAN_POINT('',(-6.277541886448E1,-1.359246202813E2,
-6.359564171840E0));
#5491=CARTESIAN_POINT('',(-6.326903670224E1,-1.354554246786E2,
-7.050738054168E0));
#5492=CARTESIAN_POINT('',(-6.135637993589E1,-1.363899806650E2,
-4.998668471440E0));
#5493=CARTESIAN_POINT('',(-6.187898161465E1,-1.359524556424E2,
-5.690874550583E0));
#5494=CARTESIAN_POINT('',(-6.240158329342E1,-1.355149306197E2,
-6.383080629726E0));
#5495=CARTESIAN_POINT('',(-6.292418497218E1,-1.350774055971E2,
-7.075286708868E0));
#5496=B_SPLINE_SURFACE_WITH_KNOTS('',3,3,((#5468,#5469,#5470,#5471),(#5472,
#5473,#5474,#5475),(#5476,#5477,#5478,#5479),(#5480,#5481,#5482,#5483),(#5484,
#5485,#5486,#5487),(#5488,#5489,#5490,#5491),(#5492,#5493,#5494,#5495)),
.UNSPECIFIED.,.F.,.F.,.F.,(4,1,1,1,4),(4,4),(5.223038749629E-2,2.5E-1,5.E-1,
7.5E-1,9.386247471737E-1),(-5.634457407585E-1,1.563698251017E0),.UNSPECIFIED.);
#5498=ORIENTED_EDGE('',*,*,#5497,.T.);
#5499=ORIENTED_EDGE('',*,*,#5463,.T.);
#5500=ORIENTED_EDGE('',*,*,#4673,.F.);
#5502=ORIENTED_EDGE('',*,*,#5501,.F.);
#5503=EDGE_LOOP('',(#5498,#5499,#5500,#5502));
#5504=FACE_OUTER_BOUND('',#5503,.F.);
#5506=CARTESIAN_POINT('',(-6.914213562376E1,-1.445090550922E2,
4.618104327514E2));
#5507=DIRECTION('',(0.E0,3.257436514783E-2,-9.994693145541E-1));
#5508=DIRECTION('',(7.071067811865E-1,-7.067315299091E-1,-2.303355448888E-2));
#5509=AXIS2_PLACEMENT_3D('',#5506,#5507,#5508);
#5510=CYLINDRICAL_SURFACE('',#5509,1.E1);
#5512=ORIENTED_EDGE('',*,*,#5511,.F.);
#5513=ORIENTED_EDGE('',*,*,#5450,.T.);
#5514=ORIENTED_EDGE('',*,*,#5497,.F.);
#5515=ORIENTED_EDGE('',*,*,#5002,.F.);
#5516=EDGE_LOOP('',(#5512,#5513,#5514,#5515));
#5517=FACE_OUTER_BOUND('',#5516,.F.);
#5519=CARTESIAN_POINT('',(-6.137582337690E1,-1.365050509782E2,
-2.665364636958E0));
#5520=CARTESIAN_POINT('',(-6.188367060372E1,-1.360474344497E2,
-1.961476590501E0));
#5521=CARTESIAN_POINT('',(-6.239151783055E1,-1.355898179212E2,
-1.257588544044E0));
#5522=CARTESIAN_POINT('',(-6.289936505738E1,-1.351322013926E2,
-5.537004975872E-1));
#5523=CARTESIAN_POINT('',(-6.180689892586E1,-1.369767646857E2,
-2.672073598537E0));
#5524=CARTESIAN_POINT('',(-6.228655767466E1,-1.364883207550E2,
-1.967180835836E0));
#5525=CARTESIAN_POINT('',(-6.276621642346E1,-1.359998768243E2,
-1.262288073134E0));
#5526=CARTESIAN_POINT('',(-6.324587517226E1,-1.355114328935E2,
-5.573953104322E-1));
#5527=CARTESIAN_POINT('',(-6.292839987054E1,-1.379915008125E2,
-2.686505711869E0));
#5528=CARTESIAN_POINT('',(-6.333472250736E1,-1.374367419152E2,
-1.979451634255E0));
#5529=CARTESIAN_POINT('',(-6.374104514417E1,-1.368819830180E2,
-1.272397556640E0));
#5530=CARTESIAN_POINT('',(-6.414736778099E1,-1.363272241207E2,
-5.653434790258E-1));
#5531=CARTESIAN_POINT('',(-6.502762709819E1,-1.392030340270E2,
-2.703736777361E0));
#5532=CARTESIAN_POINT('',(-6.529667908555E1,-1.385690990932E2,
-1.994102221201E0));
#5533=CARTESIAN_POINT('',(-6.556573107291E1,-1.379351641595E2,
-1.284467665042E0));
#5534=CARTESIAN_POINT('',(-6.583478306027E1,-1.373012292258E2,
-5.748331088826E-1));
#5535=CARTESIAN_POINT('',(-6.739123100886E1,-1.398581978600E2,
-2.713054863551E0));
#5536=CARTESIAN_POINT('',(-6.750572448078E1,-1.391814467039E2,
-2.002024855584E0));
#5537=CARTESIAN_POINT('',(-6.762021795269E1,-1.385046955478E2,
-1.290994847617E0));
#5538=CARTESIAN_POINT('',(-6.773471142460E1,-1.378279443917E2,
-5.799648396492E-1));
#5539=CARTESIAN_POINT('',(-6.892975555908E1,-1.399418723168E2,
-2.714244925885E0));
#5540=CARTESIAN_POINT('',(-6.894364331217E1,-1.392596528733E2,
-2.003036697348E0));
#5541=CARTESIAN_POINT('',(-6.895753106525E1,-1.385774334298E2,
-1.291828468810E0));
#5542=CARTESIAN_POINT('',(-6.897141881834E1,-1.378952139862E2,
-5.806202402721E-1));
#5543=CARTESIAN_POINT('',(-6.959509109701E1,-1.399119124990E2,
-2.713818821527E0));
#5544=CARTESIAN_POINT('',(-6.956547186800E1,-1.392316509875E2,
-2.002674405245E0));
#5545=CARTESIAN_POINT('',(-6.953585263900E1,-1.385513894759E2,
-1.291529988963E0));
#5546=CARTESIAN_POINT('',(-6.950623340999E1,-1.378711279644E2,
-5.803855726804E-1));
#5547=B_SPLINE_SURFACE_WITH_KNOTS('',3,3,((#5519,#5520,#5521,#5522),(#5523,
#5524,#5525,#5526),(#5527,#5528,#5529,#5530),(#5531,#5532,#5533,#5534),(#5535,
#5536,#5537,#5538),(#5539,#5540,#5541,#5542),(#5543,#5544,#5545,#5546)),
.UNSPECIFIED.,.F.,.F.,.F.,(4,1,1,1,4),(4,4),(6.096284569243E-2,2.5E-1,5.E-1,
7.5E-1,9.473059720295E-1),(-5.330471406563E-1,1.533253547640E0),.UNSPECIFIED.);
#5548=ORIENTED_EDGE('',*,*,#5511,.T.);
#5550=ORIENTED_EDGE('',*,*,#5549,.T.);
#5552=ORIENTED_EDGE('',*,*,#5551,.F.);
#5553=ORIENTED_EDGE('',*,*,#5433,.F.);
#5554=EDGE_LOOP('',(#5548,#5550,#5552,#5553));
#5555=FACE_OUTER_BOUND('',#5554,.F.);
#5557=CARTESIAN_POINT('',(-1.087210678119E2,-1.388984948751E2,
-1.647292781880E0));
#5558=DIRECTION('',(0.E0,-7.223785487869E-1,6.914978179666E-1));
#5559=DIRECTION('',(0.E0,6.914978179666E-1,7.223785487869E-1));
#5560=AXIS2_PLACEMENT_3D('',#5557,#5558,#5559);
#5561=PLANE('',#5560);
#5562=ORIENTED_EDGE('',*,*,#5000,.T.);
#5563=ORIENTED_EDGE('',*,*,#4523,.T.);
#5565=ORIENTED_EDGE('',*,*,#5564,.F.);
#5566=ORIENTED_EDGE('',*,*,#5549,.F.);
#5567=EDGE_LOOP('',(#5562,#5563,#5565,#5566));
#5568=FACE_OUTER_BOUND('',#5567,.F.);
#5570=CARTESIAN_POINT('',(0.E0,-1.394259638481E2,-1.142372412261E0));
#5571=DIRECTION('',(0.E0,1.109506335671E-2,-9.999384478902E-1));
#5572=DIRECTION('',(0.E0,9.999384478902E-1,1.109506335671E-2));
#5573=AXIS2_PLACEMENT_3D('',#5570,#5571,#5572);
#5574=PLANE('',#5573);
#5576=ORIENTED_EDGE('',*,*,#5575,.T.);
#5578=ORIENTED_EDGE('',*,*,#5577,.F.);
#5580=ORIENTED_EDGE('',*,*,#5579,.F.);
#5582=ORIENTED_EDGE('',*,*,#5581,.T.);
#5584=ORIENTED_EDGE('',*,*,#5583,.T.);
#5585=EDGE_LOOP('',(#5576,#5578,#5580,#5582,#5584));
#5586=FACE_OUTER_BOUND('',#5585,.F.);
#5588=CARTESIAN_POINT('',(0.E0,-1.394259638481E2,-1.142372412261E0));
#5589=DIRECTION('',(0.E0,1.109506335671E-2,-9.999384478902E-1));
#5590=DIRECTION('',(0.E0,9.999384478902E-1,1.109506335671E-2));
#5591=AXIS2_PLACEMENT_3D('',#5588,#5589,#5590);
#5592=PLANE('',#5591);
#5594=ORIENTED_EDGE('',*,*,#5593,.T.);
#5596=ORIENTED_EDGE('',*,*,#5595,.T.);
#5598=ORIENTED_EDGE('',*,*,#5597,.F.);
#5600=ORIENTED_EDGE('',*,*,#5599,.F.);
#5602=ORIENTED_EDGE('',*,*,#5601,.T.);
#5603=EDGE_LOOP('',(#5594,#5596,#5598,#5600,#5602));
#5604=FACE_OUTER_BOUND('',#5603,.F.);
#5606=CARTESIAN_POINT('',(0.E0,-1.394259638481E2,-1.142372412261E0));
#5607=DIRECTION('',(0.E0,1.109506335671E-2,-9.999384478902E-1));
#5608=DIRECTION('',(0.E0,9.999384478902E-1,1.109506335671E-2));
#5609=AXIS2_PLACEMENT_3D('',#5606,#5607,#5608);
#5610=PLANE('',#5609);
#5612=ORIENTED_EDGE('',*,*,#5611,.F.);
#5614=ORIENTED_EDGE('',*,*,#5613,.F.);
#5615=EDGE_LOOP('',(#5612,#5614));
#5616=FACE_OUTER_BOUND('',#5615,.F.);
#5618=CARTESIAN_POINT('',(0.E0,-1.394259638481E2,-1.142372412261E0));
#5619=DIRECTION('',(0.E0,1.109506335671E-2,-9.999384478902E-1));
#5620=DIRECTION('',(0.E0,9.999384478902E-1,1.109506335671E-2));
#5621=AXIS2_PLACEMENT_3D('',#5618,#5619,#5620);
#5622=PLANE('',#5621);
#5623=ORIENTED_EDGE('',*,*,#4959,.T.);
#5624=ORIENTED_EDGE('',*,*,#4975,.T.);
#5625=ORIENTED_EDGE('',*,*,#5156,.T.);
#5626=ORIENTED_EDGE('',*,*,#5171,.T.);
#5627=ORIENTED_EDGE('',*,*,#5288,.T.);
#5628=ORIENTED_EDGE('',*,*,#5303,.T.);
#5629=ORIENTED_EDGE('',*,*,#5420,.T.);
#5630=ORIENTED_EDGE('',*,*,#5435,.T.);
#5631=ORIENTED_EDGE('',*,*,#5551,.T.);
#5632=ORIENTED_EDGE('',*,*,#5564,.T.);
#5633=ORIENTED_EDGE('',*,*,#4521,.T.);
#5634=ORIENTED_EDGE('',*,*,#4536,.T.);
#5635=ORIENTED_EDGE('',*,*,#4587,.T.);
#5637=ORIENTED_EDGE('',*,*,#5636,.T.);
#5639=ORIENTED_EDGE('',*,*,#5638,.T.);
#5641=ORIENTED_EDGE('',*,*,#5640,.T.);
#5642=EDGE_LOOP('',(#5623,#5624,#5625,#5626,#5627,#5628,#5629,#5630,#5631,#5632,
#5633,#5634,#5635,#5637,#5639,#5641));
#5643=FACE_OUTER_BOUND('',#5642,.F.);
#5645=ORIENTED_EDGE('',*,*,#5644,.T.);
#5647=ORIENTED_EDGE('',*,*,#5646,.T.);
#5649=ORIENTED_EDGE('',*,*,#5648,.T.);
#5651=ORIENTED_EDGE('',*,*,#5650,.T.);
#5653=ORIENTED_EDGE('',*,*,#5652,.T.);
#5655=ORIENTED_EDGE('',*,*,#5654,.T.);
#5657=ORIENTED_EDGE('',*,*,#5656,.T.);
#5659=ORIENTED_EDGE('',*,*,#5658,.T.);
#5661=ORIENTED_EDGE('',*,*,#5660,.T.);
#5663=ORIENTED_EDGE('',*,*,#5662,.T.);
#5665=ORIENTED_EDGE('',*,*,#5664,.T.);
#5667=ORIENTED_EDGE('',*,*,#5666,.T.);
#5669=ORIENTED_EDGE('',*,*,#5668,.T.);
#5670=EDGE_LOOP('',(#5645,#5647,#5649,#5651,#5653,#5655,#5657,#5659,#5661,#5663,
#5665,#5667,#5669));
#5671=FACE_BOUND('',#5670,.F.);
#5673=ORIENTED_EDGE('',*,*,#5672,.T.);
#5675=ORIENTED_EDGE('',*,*,#5674,.T.);
#5677=ORIENTED_EDGE('',*,*,#5676,.T.);
#5679=ORIENTED_EDGE('',*,*,#5678,.T.);
#5681=ORIENTED_EDGE('',*,*,#5680,.T.);
#5683=ORIENTED_EDGE('',*,*,#5682,.T.);
#5685=ORIENTED_EDGE('',*,*,#5684,.T.);
#5687=ORIENTED_EDGE('',*,*,#5686,.T.);
#5689=ORIENTED_EDGE('',*,*,#5688,.T.);
#5690=EDGE_LOOP('',(#5673,#5675,#5677,#5679,#5681,#5683,#5685,#5687,#5689));
#5691=FACE_BOUND('',#5690,.F.);
#5693=ORIENTED_EDGE('',*,*,#5692,.T.);
#5695=ORIENTED_EDGE('',*,*,#5694,.T.);
#5697=ORIENTED_EDGE('',*,*,#5696,.T.);
#5699=ORIENTED_EDGE('',*,*,#5698,.T.);
#5701=ORIENTED_EDGE('',*,*,#5700,.T.);
#5703=ORIENTED_EDGE('',*,*,#5702,.T.);
#5705=ORIENTED_EDGE('',*,*,#5704,.T.);
#5707=ORIENTED_EDGE('',*,*,#5706,.T.);
#5709=ORIENTED_EDGE('',*,*,#5708,.T.);
#5710=EDGE_LOOP('',(#5693,#5695,#5697,#5699,#5701,#5703,#5705,#5707,#5709));
#5711=FACE_BOUND('',#5710,.F.);
#5713=ORIENTED_EDGE('',*,*,#5712,.T.);
#5715=ORIENTED_EDGE('',*,*,#5714,.T.);
#5717=ORIENTED_EDGE('',*,*,#5716,.T.);
#5719=ORIENTED_EDGE('',*,*,#5718,.T.);
#5721=ORIENTED_EDGE('',*,*,#5720,.T.);
#5723=ORIENTED_EDGE('',*,*,#5722,.T.);
#5725=ORIENTED_EDGE('',*,*,#5724,.T.);
#5727=ORIENTED_EDGE('',*,*,#5726,.T.);
#5729=ORIENTED_EDGE('',*,*,#5728,.T.);
#5731=ORIENTED_EDGE('',*,*,#5730,.T.);
#5733=ORIENTED_EDGE('',*,*,#5732,.T.);
#5735=ORIENTED_EDGE('',*,*,#5734,.T.);
#5737=ORIENTED_EDGE('',*,*,#5736,.T.);
#5738=EDGE_LOOP('',(#5713,#5715,#5717,#5719,#5721,#5723,#5725,#5727,#5729,#5731,
#5733,#5735,#5737));
#5739=FACE_BOUND('',#5738,.F.);
#5741=ORIENTED_EDGE('',*,*,#5740,.T.);
#5743=ORIENTED_EDGE('',*,*,#5742,.T.);
#5745=ORIENTED_EDGE('',*,*,#5744,.T.);
#5747=ORIENTED_EDGE('',*,*,#5746,.T.);
#5749=ORIENTED_EDGE('',*,*,#5748,.T.);
#5751=ORIENTED_EDGE('',*,*,#5750,.T.);
#5753=ORIENTED_EDGE('',*,*,#5752,.T.);
#5755=ORIENTED_EDGE('',*,*,#5754,.T.);
#5757=ORIENTED_EDGE('',*,*,#5756,.T.);
#5759=ORIENTED_EDGE('',*,*,#5758,.T.);
#5760=EDGE_LOOP('',(#5741,#5743,#5745,#5747,#5749,#5751,#5753,#5755,#5757,
#5759));
#5761=FACE_BOUND('',#5760,.F.);
#5763=ORIENTED_EDGE('',*,*,#5762,.T.);
#5765=ORIENTED_EDGE('',*,*,#5764,.T.);
#5767=ORIENTED_EDGE('',*,*,#5766,.T.);
#5769=ORIENTED_EDGE('',*,*,#5768,.T.);
#5771=ORIENTED_EDGE('',*,*,#5770,.T.);
#5773=ORIENTED_EDGE('',*,*,#5772,.T.);
#5775=ORIENTED_EDGE('',*,*,#5774,.T.);
#5777=ORIENTED_EDGE('',*,*,#5776,.T.);
#5778=EDGE_LOOP('',(#5763,#5765,#5767,#5769,#5771,#5773,#5775,#5777));
#5779=FACE_BOUND('',#5778,.F.);
#5781=ORIENTED_EDGE('',*,*,#5780,.T.);
#5783=ORIENTED_EDGE('',*,*,#5782,.T.);
#5785=ORIENTED_EDGE('',*,*,#5784,.T.);
#5787=ORIENTED_EDGE('',*,*,#5786,.T.);
#5789=ORIENTED_EDGE('',*,*,#5788,.T.);
#5791=ORIENTED_EDGE('',*,*,#5790,.T.);
#5793=ORIENTED_EDGE('',*,*,#5792,.T.);
#5795=ORIENTED_EDGE('',*,*,#5794,.T.);
#5797=ORIENTED_EDGE('',*,*,#5796,.T.);
#5798=EDGE_LOOP('',(#5781,#5783,#5785,#5787,#5789,#5791,#5793,#5795,#5797));
#5799=FACE_BOUND('',#5798,.F.);
#5801=ORIENTED_EDGE('',*,*,#5800,.T.);
#5803=ORIENTED_EDGE('',*,*,#5802,.T.);
#5805=ORIENTED_EDGE('',*,*,#5804,.T.);
#5807=ORIENTED_EDGE('',*,*,#5806,.T.);
#5809=ORIENTED_EDGE('',*,*,#5808,.T.);
#5811=ORIENTED_EDGE('',*,*,#5810,.T.);
#5813=ORIENTED_EDGE('',*,*,#5812,.T.);
#5815=ORIENTED_EDGE('',*,*,#5814,.T.);
#5817=ORIENTED_EDGE('',*,*,#5816,.T.);
#5818=EDGE_LOOP('',(#5801,#5803,#5805,#5807,#5809,#5811,#5813,#5815,#5817));
#5819=FACE_BOUND('',#5818,.F.);
#5821=ORIENTED_EDGE('',*,*,#5820,.T.);
#5823=ORIENTED_EDGE('',*,*,#5822,.T.);
#5825=ORIENTED_EDGE('',*,*,#5824,.T.);
#5827=ORIENTED_EDGE('',*,*,#5826,.T.);
#5829=ORIENTED_EDGE('',*,*,#5828,.T.);
#5831=ORIENTED_EDGE('',*,*,#5830,.T.);
#5833=ORIENTED_EDGE('',*,*,#5832,.T.);
#5834=EDGE_LOOP('',(#5821,#5823,#5825,#5827,#5829,#5831,#5833));
#5835=FACE_BOUND('',#5834,.F.);
#5837=ORIENTED_EDGE('',*,*,#5836,.T.);
#5839=ORIENTED_EDGE('',*,*,#5838,.T.);
#5841=ORIENTED_EDGE('',*,*,#5840,.T.);
#5843=ORIENTED_EDGE('',*,*,#5842,.T.);
#5845=ORIENTED_EDGE('',*,*,#5844,.T.);
#5846=EDGE_LOOP('',(#5837,#5839,#5841,#5843,#5845));
#5847=FACE_BOUND('',#5846,.F.);
#5849=ORIENTED_EDGE('',*,*,#5848,.T.);
#5851=ORIENTED_EDGE('',*,*,#5850,.T.);
#5852=EDGE_LOOP('',(#5849,#5851));
#5853=FACE_BOUND('',#5852,.F.);
#5855=ORIENTED_EDGE('',*,*,#5854,.T.);
#5857=ORIENTED_EDGE('',*,*,#5856,.F.);
#5859=ORIENTED_EDGE('',*,*,#5858,.T.);
#5861=ORIENTED_EDGE('',*,*,#5860,.F.);
#5863=ORIENTED_EDGE('',*,*,#5862,.T.);
#5865=ORIENTED_EDGE('',*,*,#5864,.T.);
#5867=ORIENTED_EDGE('',*,*,#5866,.T.);
#5869=ORIENTED_EDGE('',*,*,#5868,.F.);
#5871=ORIENTED_EDGE('',*,*,#5870,.T.);
#5873=ORIENTED_EDGE('',*,*,#5872,.F.);
#5874=EDGE_LOOP('',(#5855,#5857,#5859,#5861,#5863,#5865,#5867,#5869,#5871,
#5873));
#5875=FACE_BOUND('',#5874,.F.);
#5877=ORIENTED_EDGE('',*,*,#5876,.F.);
#5879=ORIENTED_EDGE('',*,*,#5878,.T.);
#5881=ORIENTED_EDGE('',*,*,#5880,.F.);
#5883=ORIENTED_EDGE('',*,*,#5882,.T.);
#5885=ORIENTED_EDGE('',*,*,#5884,.F.);
#5887=ORIENTED_EDGE('',*,*,#5886,.T.);
#5889=ORIENTED_EDGE('',*,*,#5888,.F.);
#5891=ORIENTED_EDGE('',*,*,#5890,.T.);
#5893=ORIENTED_EDGE('',*,*,#5892,.F.);
#5895=ORIENTED_EDGE('',*,*,#5894,.T.);
#5897=ORIENTED_EDGE('',*,*,#5896,.F.);
#5899=ORIENTED_EDGE('',*,*,#5898,.T.);
#5901=ORIENTED_EDGE('',*,*,#5900,.F.);
#5903=ORIENTED_EDGE('',*,*,#5902,.T.);
#5905=ORIENTED_EDGE('',*,*,#5904,.F.);
#5907=ORIENTED_EDGE('',*,*,#5906,.T.);
#5909=ORIENTED_EDGE('',*,*,#5908,.F.);
#5911=ORIENTED_EDGE('',*,*,#5910,.T.);
#5913=ORIENTED_EDGE('',*,*,#5912,.F.);
#5915=ORIENTED_EDGE('',*,*,#5914,.T.);
#5917=ORIENTED_EDGE('',*,*,#5916,.F.);
#5919=ORIENTED_EDGE('',*,*,#5918,.T.);
#5921=ORIENTED_EDGE('',*,*,#5920,.F.);
#5923=ORIENTED_EDGE('',*,*,#5922,.T.);
#5925=ORIENTED_EDGE('',*,*,#5924,.F.);
#5927=ORIENTED_EDGE('',*,*,#5926,.T.);
#5929=ORIENTED_EDGE('',*,*,#5928,.F.);
#5931=ORIENTED_EDGE('',*,*,#5930,.T.);
#5933=ORIENTED_EDGE('',*,*,#5932,.F.);
#5935=ORIENTED_EDGE('',*,*,#5934,.T.);
#5936=EDGE_LOOP('',(#5877,#5879,#5881,#5883,#5885,#5887,#5889,#5891,#5893,#5895,
#5897,#5899,#5901,#5903,#5905,#5907,#5909,#5911,#5913,#5915,#5917,#5919,#5921,
#5923,#5925,#5927,#5929,#5931,#5933,#5935));
#5937=FACE_BOUND('',#5936,.F.);
#5939=ORIENTED_EDGE('',*,*,#5938,.T.);
#5941=ORIENTED_EDGE('',*,*,#5940,.F.);
#5943=ORIENTED_EDGE('',*,*,#5942,.T.);
#5945=ORIENTED_EDGE('',*,*,#5944,.F.);
#5947=ORIENTED_EDGE('',*,*,#5946,.T.);
#5949=ORIENTED_EDGE('',*,*,#5948,.T.);
#5951=ORIENTED_EDGE('',*,*,#5950,.T.);
#5953=ORIENTED_EDGE('',*,*,#5952,.F.);
#5955=ORIENTED_EDGE('',*,*,#5954,.T.);
#5957=ORIENTED_EDGE('',*,*,#5956,.F.);
#5959=ORIENTED_EDGE('',*,*,#5958,.T.);
#5961=ORIENTED_EDGE('',*,*,#5960,.F.);
#5962=EDGE_LOOP('',(#5939,#5941,#5943,#5945,#5947,#5949,#5951,#5953,#5955,#5957,
#5959,#5961));
#5963=FACE_BOUND('',#5962,.F.);
#5965=CARTESIAN_POINT('',(0.E0,-1.394259638481E2,-1.142372412261E0));
#5966=DIRECTION('',(0.E0,1.109506335671E-2,-9.999384478902E-1));
#5967=DIRECTION('',(0.E0,9.999384478902E-1,1.109506335671E-2));
#5968=AXIS2_PLACEMENT_3D('',#5965,#5966,#5967);
#5969=PLANE('',#5968);
#5971=ORIENTED_EDGE('',*,*,#5970,.T.);
#5973=ORIENTED_EDGE('',*,*,#5972,.T.);
#5974=EDGE_LOOP('',(#5971,#5973));
#5975=FACE_OUTER_BOUND('',#5974,.F.);
#5977=CARTESIAN_POINT('',(0.E0,-1.394259638481E2,-1.142372412261E0));
#5978=DIRECTION('',(0.E0,1.109506335671E-2,-9.999384478902E-1));
#5979=DIRECTION('',(0.E0,9.999384478902E-1,1.109506335671E-2));
#5980=AXIS2_PLACEMENT_3D('',#5977,#5978,#5979);
#5981=PLANE('',#5980);
#5983=ORIENTED_EDGE('',*,*,#5982,.T.);
#5985=ORIENTED_EDGE('',*,*,#5984,.T.);
#5986=EDGE_LOOP('',(#5983,#5985));
#5987=FACE_OUTER_BOUND('',#5986,.F.);
#5989=CARTESIAN_POINT('',(0.E0,-1.394259638481E2,-1.142372412261E0));
#5990=DIRECTION('',(0.E0,1.109506335671E-2,-9.999384478902E-1));
#5991=DIRECTION('',(0.E0,9.999384478902E-1,1.109506335671E-2));
#5992=AXIS2_PLACEMENT_3D('',#5989,#5990,#5991);
#5993=PLANE('',#5992);
#5995=ORIENTED_EDGE('',*,*,#5994,.T.);
#5997=ORIENTED_EDGE('',*,*,#5996,.T.);
#5998=EDGE_LOOP('',(#5995,#5997));
#5999=FACE_OUTER_BOUND('',#5998,.F.);
#6001=CARTESIAN_POINT('',(1.244327632337E2,-1.342767780815E2,
-8.744987982589E-1));
#6002=CARTESIAN_POINT('',(1.244358733223E2,-1.342771183354E2,
-8.745098876980E-1));
#6003=CARTESIAN_POINT('',(1.244909580731E2,-1.342814754743E2,
-8.746518940932E-1));
#6004=CARTESIAN_POINT('',(1.245990391593E2,-1.342339477764E2,
-8.731028874696E-1));
#6005=CARTESIAN_POINT('',(1.247118575819E2,-1.341267686881E2,
-8.696097429516E-1));
#6006=CARTESIAN_POINT('',(1.247559159635E2,-1.340211608790E2,
-8.661678090318E-1));
#6007=CARTESIAN_POINT('',(1.247545499842E2,-1.339686409664E2,
-8.644560978390E-1));
#6008=CARTESIAN_POINT('',(1.247543848515E2,-1.339655288551E2,
-8.643546689634E-1));
#6010=DIRECTION('',(0.E0,-3.257436514783E-2,9.994693145541E-1));
#6011=VECTOR('',#6010,1.E0);
#6012=SURFACE_OF_LINEAR_EXTRUSION('',#6009,#6011);
#6013=ORIENTED_EDGE('',*,*,#5644,.F.);
#6015=ORIENTED_EDGE('',*,*,#6014,.T.);
#6017=ORIENTED_EDGE('',*,*,#6016,.T.);
#6019=ORIENTED_EDGE('',*,*,#6018,.F.);
#6020=EDGE_LOOP('',(#6013,#6015,#6017,#6019));
#6021=FACE_OUTER_BOUND('',#6020,.F.);
#6023=CARTESIAN_POINT('',(1.241123030938E2,-1.340943096557E2,
-8.685518491700E-1));
#6024=CARTESIAN_POINT('',(1.241138273518E2,-1.340963339999E2,
-8.686178259086E-1));
#6025=CARTESIAN_POINT('',(1.241422068907E2,-1.341333384910E2,
-8.698238637401E-1));
#6026=CARTESIAN_POINT('',(1.242087168224E2,-1.341962710717E2,
-8.718749410824E-1));
#6027=CARTESIAN_POINT('',(1.243200313214E2,-1.342581017212E2,
-8.738901046537E-1));
#6028=CARTESIAN_POINT('',(1.244053944126E2,-1.342796879089E2,
-8.745936343666E-1));
#6029=CARTESIAN_POINT('',(1.244471592711E2,-1.342772750485E2,
-8.745149952373E-1));
#6030=CARTESIAN_POINT('',(1.244496923543E2,-1.342770788724E2,
-8.745086015336E-1));
#6032=DIRECTION('',(0.E0,-3.257436514783E-2,9.994693145541E-1));
#6033=VECTOR('',#6032,1.E0);
#6034=SURFACE_OF_LINEAR_EXTRUSION('',#6031,#6033);
#6035=ORIENTED_EDGE('',*,*,#5668,.F.);
#6037=ORIENTED_EDGE('',*,*,#6036,.T.);
#6039=ORIENTED_EDGE('',*,*,#6038,.T.);
#6040=ORIENTED_EDGE('',*,*,#6014,.F.);
#6041=EDGE_LOOP('',(#6035,#6037,#6039,#6040));
#6042=FACE_OUTER_BOUND('',#6041,.F.);
#6044=CARTESIAN_POINT('',(1.229044124295E2,-1.325161517411E2,
-8.171170613038E-1));
#6045=DIRECTION('',(-7.942529243933E-1,-6.072648334521E-1,-1.979176963040E-2));
#6046=DIRECTION('',(6.075872711740E-1,-7.938314259259E-1,-2.587228477892E-2));
#6047=AXIS2_PLACEMENT_3D('',#6044,#6045,#6046);
#6048=PLANE('',#6047);
#6049=ORIENTED_EDGE('',*,*,#5666,.F.);
#6051=ORIENTED_EDGE('',*,*,#6050,.T.);
#6053=ORIENTED_EDGE('',*,*,#6052,.T.);
#6054=ORIENTED_EDGE('',*,*,#6036,.F.);
#6055=EDGE_LOOP('',(#6049,#6051,#6053,#6054));
#6056=FACE_OUTER_BOUND('',#6055,.F.);
#6058=CARTESIAN_POINT('',(1.229044124295E2,-1.339866274756E2,
-8.650423080514E-1));
#6059=DIRECTION('',(1.E0,-2.896159806673E-14,0.E0));
#6060=DIRECTION('',(2.897697572601E-14,9.994693145541E-1,3.257436514783E-2));
#6061=AXIS2_PLACEMENT_3D('',#6058,#6059,#6060);
#6062=PLANE('',#6061);
#6063=ORIENTED_EDGE('',*,*,#5664,.F.);
#6065=ORIENTED_EDGE('',*,*,#6064,.T.);
#6067=ORIENTED_EDGE('',*,*,#6066,.T.);
#6068=ORIENTED_EDGE('',*,*,#6050,.F.);
#6069=EDGE_LOOP('',(#6063,#6065,#6067,#6068));
#6070=FACE_OUTER_BOUND('',#6069,.F.);
#6072=CARTESIAN_POINT('',(1.225960501828E2,-1.342844228718E2,
-8.747479546712E-1));
#6073=CARTESIAN_POINT('',(1.225990790419E2,-1.342845707232E2,
-8.747527733961E-1));
#6074=CARTESIAN_POINT('',(1.226516503445E2,-1.342858307190E2,
-8.747938387518E-1));
#6075=CARTESIAN_POINT('',(1.227558779603E2,-1.342445665563E2,
-8.734489711466E-1));
#6076=CARTESIAN_POINT('',(1.228643053567E2,-1.341366232987E2,
-8.699309210813E-1));
#6077=CARTESIAN_POINT('',(1.229056046216E2,-1.340327855067E2,
-8.665466749569E-1));
#6078=CARTESIAN_POINT('',(1.229043390565E2,-1.339805752524E2,
-8.648450560435E-1));
#6079=CARTESIAN_POINT('',(1.229041895810E2,-1.339775480075E2,
-8.647463931042E-1));
#6081=DIRECTION('',(0.E0,-3.257436514783E-2,9.994693145541E-1));
#6082=VECTOR('',#6081,1.E0);
#6083=SURFACE_OF_LINEAR_EXTRUSION('',#6080,#6082);
#6084=ORIENTED_EDGE('',*,*,#5662,.F.);
#6086=ORIENTED_EDGE('',*,*,#6085,.T.);
#6088=ORIENTED_EDGE('',*,*,#6087,.T.);
#6089=ORIENTED_EDGE('',*,*,#6064,.F.);
#6090=EDGE_LOOP('',(#6084,#6086,#6088,#6089));
#6091=FACE_OUTER_BOUND('',#6090,.F.);
#6093=CARTESIAN_POINT('',(1.223062024615E2,-1.339775498719E2,
-8.647464538686E-1));
#6094=CARTESIAN_POINT('',(1.223060531160E2,-1.339805764997E2,
-8.648450966961E-1));
#6095=CARTESIAN_POINT('',(1.223047872799E2,-1.340328318096E2,
-8.665481840466E-1));
#6096=CARTESIAN_POINT('',(1.223461221744E2,-1.341367059651E2,
-8.699336153148E-1));
#6097=CARTESIAN_POINT('',(1.224545360099E2,-1.342446197696E2,
-8.734507054571E-1));
#6098=CARTESIAN_POINT('',(1.225586893380E2,-1.342858297774E2,
-8.747938080612E-1));
#6099=CARTESIAN_POINT('',(1.226111886242E2,-1.342845706920E2,
-8.747527723789E-1));
#6100=CARTESIAN_POINT('',(1.226142168179E2,-1.342844227745E2,
-8.747479515008E-1));
#6102=DIRECTION('',(0.E0,-3.257436514783E-2,9.994693145541E-1));
#6103=VECTOR('',#6102,1.E0);
#6104=SURFACE_OF_LINEAR_EXTRUSION('',#6101,#6103);
#6105=ORIENTED_EDGE('',*,*,#5660,.F.);
#6107=ORIENTED_EDGE('',*,*,#6106,.T.);
#6109=ORIENTED_EDGE('',*,*,#6108,.T.);
#6110=ORIENTED_EDGE('',*,*,#6085,.F.);
#6111=EDGE_LOOP('',(#6105,#6107,#6109,#6110));
#6112=FACE_OUTER_BOUND('',#6111,.F.);
#6114=CARTESIAN_POINT('',(1.223059798057E2,-1.318024809663E2,
-7.938573452974E-1));
#6115=DIRECTION('',(-1.E0,0.E0,0.E0));
#6116=DIRECTION('',(0.E0,-9.994693145541E-1,-3.257436514783E-2));
#6117=AXIS2_PLACEMENT_3D('',#6114,#6115,#6116);
#6118=PLANE('',#6117);
#6119=ORIENTED_EDGE('',*,*,#5658,.F.);
#6121=ORIENTED_EDGE('',*,*,#6120,.T.);
#6123=ORIENTED_EDGE('',*,*,#6122,.T.);
#6124=ORIENTED_EDGE('',*,*,#6106,.F.);
#6125=EDGE_LOOP('',(#6119,#6121,#6123,#6124));
#6126=FACE_OUTER_BOUND('',#6125,.F.);
#6128=CARTESIAN_POINT('',(1.226480699075E2,-1.315047192458E2,
-7.841527962250E-1));
#6129=CARTESIAN_POINT('',(1.226351141988E2,-1.315018662038E2,
-7.840598108470E-1));
#6130=CARTESIAN_POINT('',(1.225718236162E2,-1.314954416416E2,
-7.838504236922E-1));
#6131=CARTESIAN_POINT('',(1.224564113323E2,-1.315411418871E2,
-7.853398706036E-1));
#6132=CARTESIAN_POINT('',(1.223466020538E2,-1.316505105398E2,
-7.889043766634E-1));
#6133=CARTESIAN_POINT('',(1.223046958007E2,-1.317559059656E2,
-7.923393886621E-1));
#6134=CARTESIAN_POINT('',(1.223060638312E2,-1.318090013234E2,
-7.940698545661E-1));
#6135=CARTESIAN_POINT('',(1.223062352052E2,-1.318122626964E2,
-7.941761481292E-1));
#6137=DIRECTION('',(0.E0,-3.257436514783E-2,9.994693145541E-1));
#6138=VECTOR('',#6137,1.E0);
#6139=SURFACE_OF_LINEAR_EXTRUSION('',#6136,#6138);
#6140=ORIENTED_EDGE('',*,*,#5656,.F.);
#6142=ORIENTED_EDGE('',*,*,#6141,.T.);
#6144=ORIENTED_EDGE('',*,*,#6143,.T.);
#6145=ORIENTED_EDGE('',*,*,#6120,.F.);
#6146=EDGE_LOOP('',(#6140,#6142,#6144,#6145));
#6147=FACE_OUTER_BOUND('',#6146,.F.);
#6149=CARTESIAN_POINT('',(1.229919454E2,-1.316834264801E2,-7.899771618335E-1));
#6150=CARTESIAN_POINT('',(1.229903200342E2,-1.316812712905E2,
-7.899069206274E-1));
#6151=CARTESIAN_POINT('',(1.229619793913E2,-1.316443278604E2,
-7.887028728736E-1));
#6152=CARTESIAN_POINT('',(1.228980496379E2,-1.315814896078E2,
-7.866548698409E-1));
#6153=CARTESIAN_POINT('',(1.227901773797E2,-1.315182408924E2,
-7.845934891472E-1));
#6154=CARTESIAN_POINT('',(1.226960116882E2,-1.314974444438E2,
-7.839156983436E-1));
#6155=CARTESIAN_POINT('',(1.226441164923E2,-1.315016854042E2,
-7.840539182874E-1));
#6156=CARTESIAN_POINT('',(1.226302786728E2,-1.315041294294E2,
-7.841335731272E-1));
#6158=DIRECTION('',(0.E0,-3.257436514783E-2,9.994693145541E-1));
#6159=VECTOR('',#6158,1.E0);
#6160=SURFACE_OF_LINEAR_EXTRUSION('',#6157,#6159);
#6161=ORIENTED_EDGE('',*,*,#5654,.F.);
#6163=ORIENTED_EDGE('',*,*,#6162,.T.);
#6165=ORIENTED_EDGE('',*,*,#6164,.T.);
#6166=ORIENTED_EDGE('',*,*,#6141,.F.);
#6167=EDGE_LOOP('',(#6161,#6163,#6165,#6166));
#6168=FACE_OUTER_BOUND('',#6167,.F.);
#6170=CARTESIAN_POINT('',(1.241562968976E2,-1.332062948487E2,
-8.396099715552E-1));
#6171=DIRECTION('',(7.945583368441E-1,6.068655947509E-1,1.977875777796E-2));
#6172=DIRECTION('',(-6.071878204902E-1,7.941366762988E-1,2.588223339561E-2));
#6173=AXIS2_PLACEMENT_3D('',#6170,#6171,#6172);
#6174=PLANE('',#6173);
#6175=ORIENTED_EDGE('',*,*,#5652,.F.);
#6177=ORIENTED_EDGE('',*,*,#6176,.T.);
#6179=ORIENTED_EDGE('',*,*,#6178,.T.);
#6180=ORIENTED_EDGE('',*,*,#6162,.F.);
#6181=EDGE_LOOP('',(#6175,#6177,#6179,#6180));
#6182=FACE_OUTER_BOUND('',#6181,.F.);
#6184=CARTESIAN_POINT('',(1.241562968976E2,-1.317907175177E2,
-7.934739549676E-1));
#6185=DIRECTION('',(-1.E0,2.005651746315E-14,0.E0));
#6186=DIRECTION('',(-2.006716681652E-14,-9.994693145541E-1,-3.257436514783E-2));
#6187=AXIS2_PLACEMENT_3D('',#6184,#6185,#6186);
#6188=PLANE('',#6187);
#6189=ORIENTED_EDGE('',*,*,#5650,.F.);
#6191=ORIENTED_EDGE('',*,*,#6190,.T.);
#6193=ORIENTED_EDGE('',*,*,#6192,.T.);
#6194=ORIENTED_EDGE('',*,*,#6176,.F.);
#6195=EDGE_LOOP('',(#6189,#6191,#6193,#6194));
#6196=FACE_OUTER_BOUND('',#6195,.F.);
#6198=CARTESIAN_POINT('',(1.247537746961E2,-1.318089389152E2,
-7.940678205807E-1));
#6199=CARTESIAN_POINT('',(1.247543518332E2,-1.318028675650E2,
-7.938699451931E-1));
#6200=CARTESIAN_POINT('',(1.247569334555E2,-1.317466490148E2,
-7.920376892567E-1));
#6201=CARTESIAN_POINT('',(1.247151366387E2,-1.316371690576E2,
-7.884695555982E-1));
#6202=CARTESIAN_POINT('',(1.246042187311E2,-1.315274134644E2,
-7.848924385034E-1));
#6203=CARTESIAN_POINT('',(1.244529491230E2,-1.314758641271E2,
-7.832123599749E-1));
#6204=CARTESIAN_POINT('',(1.243041443202E2,-1.315298810540E2,
-7.849728613476E-1));
#6205=CARTESIAN_POINT('',(1.241952679014E2,-1.316383076867E2,
-7.885066654137E-1));
#6206=CARTESIAN_POINT('',(1.241540009368E2,-1.317467885699E2,
-7.920422375912E-1));
#6207=CARTESIAN_POINT('',(1.241565759410E2,-1.318028670425E2,
-7.938699281634E-1));
#6208=CARTESIAN_POINT('',(1.241571529806E2,-1.318089371495E2,
-7.940677630324E-1));
#6210=DIRECTION('',(0.E0,-3.257436514783E-2,9.994693145541E-1));
#6211=VECTOR('',#6210,1.E0);
#6212=SURFACE_OF_LINEAR_EXTRUSION('',#6209,#6211);
#6213=ORIENTED_EDGE('',*,*,#5648,.F.);
#6215=ORIENTED_EDGE('',*,*,#6214,.T.);
#6217=ORIENTED_EDGE('',*,*,#6216,.T.);
#6218=ORIENTED_EDGE('',*,*,#6190,.F.);
#6219=EDGE_LOOP('',(#6213,#6215,#6217,#6218));
#6220=FACE_OUTER_BOUND('',#6219,.F.);
#6222=CARTESIAN_POINT('',(1.247546309207E2,-1.339748628721E2,
-8.646588800815E-1));
#6223=DIRECTION('',(1.E0,0.E0,0.E0));
#6224=DIRECTION('',(0.E0,9.994693145541E-1,3.257436514783E-2));
#6225=AXIS2_PLACEMENT_3D('',#6222,#6223,#6224);
#6226=PLANE('',#6225);
#6227=ORIENTED_EDGE('',*,*,#5646,.F.);
#6228=ORIENTED_EDGE('',*,*,#6018,.T.);
#6230=ORIENTED_EDGE('',*,*,#6229,.T.);
#6231=ORIENTED_EDGE('',*,*,#6214,.F.);
#6232=EDGE_LOOP('',(#6227,#6228,#6230,#6231));
#6233=FACE_OUTER_BOUND('',#6232,.F.);
#6235=CARTESIAN_POINT('',(0.E0,-1.394237448354E2,-1.342360101839E0));
#6236=DIRECTION('',(0.E0,1.109506335671E-2,-9.999384478902E-1));
#6237=DIRECTION('',(0.E0,9.999384478902E-1,1.109506335671E-2));
#6238=AXIS2_PLACEMENT_3D('',#6235,#6236,#6237);
#6239=PLANE('',#6238);
#6241=ORIENTED_EDGE('',*,*,#6240,.F.);
#6243=ORIENTED_EDGE('',*,*,#6242,.F.);
#6244=EDGE_LOOP('',(#6241,#6243));
#6245=FACE_OUTER_BOUND('',#6244,.F.);
#6247=ORIENTED_EDGE('',*,*,#6246,.F.);
#6249=ORIENTED_EDGE('',*,*,#6248,.F.);
#6250=EDGE_LOOP('',(#6247,#6249));
#6251=FACE_BOUND('',#6250,.F.);
#6253=CARTESIAN_POINT('',(0.E0,-1.394237448354E2,-1.342360101839E0));
#6254=DIRECTION('',(0.E0,1.109506335671E-2,-9.999384478902E-1));
#6255=DIRECTION('',(0.E0,9.999384478902E-1,1.109506335671E-2));
#6256=AXIS2_PLACEMENT_3D('',#6253,#6254,#6255);
#6257=PLANE('',#6256);
#6259=ORIENTED_EDGE('',*,*,#6258,.F.);
#6261=ORIENTED_EDGE('',*,*,#6260,.F.);
#6263=ORIENTED_EDGE('',*,*,#6262,.F.);
#6265=ORIENTED_EDGE('',*,*,#6264,.F.);
#6267=ORIENTED_EDGE('',*,*,#6266,.F.);
#6268=EDGE_LOOP('',(#6259,#6261,#6263,#6265,#6267));
#6269=FACE_OUTER_BOUND('',#6268,.F.);
#6271=CARTESIAN_POINT('',(0.E0,-1.394237448354E2,-1.342360101839E0));
#6272=DIRECTION('',(0.E0,1.109506335671E-2,-9.999384478902E-1));
#6273=DIRECTION('',(0.E0,9.999384478902E-1,1.109506335671E-2));
#6274=AXIS2_PLACEMENT_3D('',#6271,#6272,#6273);
#6275=PLANE('',#6274);
#6277=ORIENTED_EDGE('',*,*,#6276,.F.);
#6279=ORIENTED_EDGE('',*,*,#6278,.F.);
#6281=ORIENTED_EDGE('',*,*,#6280,.F.);
#6283=ORIENTED_EDGE('',*,*,#6282,.F.);
#6285=ORIENTED_EDGE('',*,*,#6284,.F.);
#6287=ORIENTED_EDGE('',*,*,#6286,.F.);
#6289=ORIENTED_EDGE('',*,*,#6288,.F.);
#6290=EDGE_LOOP('',(#6277,#6279,#6281,#6283,#6285,#6287,#6289));
#6291=FACE_OUTER_BOUND('',#6290,.F.);
#6293=ORIENTED_EDGE('',*,*,#6292,.F.);
#6295=ORIENTED_EDGE('',*,*,#6294,.F.);
#6297=ORIENTED_EDGE('',*,*,#6296,.F.);
#6299=ORIENTED_EDGE('',*,*,#6298,.F.);
#6301=ORIENTED_EDGE('',*,*,#6300,.F.);
#6302=EDGE_LOOP('',(#6293,#6295,#6297,#6299,#6301));
#6303=FACE_BOUND('',#6302,.F.);
#6305=CARTESIAN_POINT('',(0.E0,-1.394237448354E2,-1.342360101839E0));
#6306=DIRECTION('',(0.E0,1.109506335671E-2,-9.999384478902E-1));
#6307=DIRECTION('',(0.E0,9.999384478902E-1,1.109506335671E-2));
#6308=AXIS2_PLACEMENT_3D('',#6305,#6306,#6307);
#6309=PLANE('',#6308);
#6311=ORIENTED_EDGE('',*,*,#6310,.F.);
#6313=ORIENTED_EDGE('',*,*,#6312,.F.);
#6315=ORIENTED_EDGE('',*,*,#6314,.F.);
#6317=ORIENTED_EDGE('',*,*,#6316,.F.);
#6319=ORIENTED_EDGE('',*,*,#6318,.F.);
#6321=ORIENTED_EDGE('',*,*,#6320,.F.);
#6323=ORIENTED_EDGE('',*,*,#6322,.F.);
#6325=ORIENTED_EDGE('',*,*,#6324,.F.);
#6327=ORIENTED_EDGE('',*,*,#6326,.F.);
#6328=EDGE_LOOP('',(#6311,#6313,#6315,#6317,#6319,#6321,#6323,#6325,#6327));
#6329=FACE_OUTER_BOUND('',#6328,.F.);
#6331=CARTESIAN_POINT('',(0.E0,-1.394237448354E2,-1.342360101839E0));
#6332=DIRECTION('',(0.E0,1.109506335671E-2,-9.999384478902E-1));
#6333=DIRECTION('',(0.E0,9.999384478902E-1,1.109506335671E-2));
#6334=AXIS2_PLACEMENT_3D('',#6331,#6332,#6333);
#6335=PLANE('',#6334);
#6337=ORIENTED_EDGE('',*,*,#6336,.F.);
#6339=ORIENTED_EDGE('',*,*,#6338,.F.);
#6341=ORIENTED_EDGE('',*,*,#6340,.F.);
#6343=ORIENTED_EDGE('',*,*,#6342,.F.);
#6345=ORIENTED_EDGE('',*,*,#6344,.F.);
#6347=ORIENTED_EDGE('',*,*,#6346,.F.);
#6349=ORIENTED_EDGE('',*,*,#6348,.F.);
#6351=ORIENTED_EDGE('',*,*,#6350,.F.);
#6353=ORIENTED_EDGE('',*,*,#6352,.F.);
#6354=EDGE_LOOP('',(#6337,#6339,#6341,#6343,#6345,#6347,#6349,#6351,#6353));
#6355=FACE_OUTER_BOUND('',#6354,.F.);
#6357=CARTESIAN_POINT('',(0.E0,-1.394237448354E2,-1.342360101839E0));
#6358=DIRECTION('',(0.E0,1.109506335671E-2,-9.999384478902E-1));
#6359=DIRECTION('',(0.E0,9.999384478902E-1,1.109506335671E-2));
#6360=AXIS2_PLACEMENT_3D('',#6357,#6358,#6359);
#6361=PLANE('',#6360);
#6363=ORIENTED_EDGE('',*,*,#6362,.F.);
#6365=ORIENTED_EDGE('',*,*,#6364,.F.);
#6367=ORIENTED_EDGE('',*,*,#6366,.F.);
#6369=ORIENTED_EDGE('',*,*,#6368,.F.);
#6371=ORIENTED_EDGE('',*,*,#6370,.F.);
#6373=ORIENTED_EDGE('',*,*,#6372,.F.);
#6375=ORIENTED_EDGE('',*,*,#6374,.F.);
#6377=ORIENTED_EDGE('',*,*,#6376,.F.);
#6378=EDGE_LOOP('',(#6363,#6365,#6367,#6369,#6371,#6373,#6375,#6377));
#6379=FACE_OUTER_BOUND('',#6378,.F.);
#6381=CARTESIAN_POINT('',(0.E0,-1.394237448354E2,-1.342360101839E0));
#6382=DIRECTION('',(0.E0,1.109506335671E-2,-9.999384478902E-1));
#6383=DIRECTION('',(0.E0,9.999384478902E-1,1.109506335671E-2));
#6384=AXIS2_PLACEMENT_3D('',#6381,#6382,#6383);
#6385=PLANE('',#6384);
#6387=ORIENTED_EDGE('',*,*,#6386,.F.);
#6389=ORIENTED_EDGE('',*,*,#6388,.F.);
#6391=ORIENTED_EDGE('',*,*,#6390,.F.);
#6393=ORIENTED_EDGE('',*,*,#6392,.F.);
#6395=ORIENTED_EDGE('',*,*,#6394,.F.);
#6397=ORIENTED_EDGE('',*,*,#6396,.F.);
#6399=ORIENTED_EDGE('',*,*,#6398,.F.);
#6401=ORIENTED_EDGE('',*,*,#6400,.F.);
#6403=ORIENTED_EDGE('',*,*,#6402,.F.);
#6405=ORIENTED_EDGE('',*,*,#6404,.F.);
#6406=EDGE_LOOP('',(#6387,#6389,#6391,#6393,#6395,#6397,#6399,#6401,#6403,
#6405));
#6407=FACE_OUTER_BOUND('',#6406,.F.);
#6409=CARTESIAN_POINT('',(0.E0,-1.394237448354E2,-1.342360101839E0));
#6410=DIRECTION('',(0.E0,1.109506335671E-2,-9.999384478902E-1));
#6411=DIRECTION('',(0.E0,9.999384478902E-1,1.109506335671E-2));
#6412=AXIS2_PLACEMENT_3D('',#6409,#6410,#6411);
#6413=PLANE('',#6412);
#6415=ORIENTED_EDGE('',*,*,#6414,.F.);
#6417=ORIENTED_EDGE('',*,*,#6416,.F.);
#6419=ORIENTED_EDGE('',*,*,#6418,.F.);
#6421=ORIENTED_EDGE('',*,*,#6420,.F.);
#6423=ORIENTED_EDGE('',*,*,#6422,.F.);
#6425=ORIENTED_EDGE('',*,*,#6424,.F.);
#6427=ORIENTED_EDGE('',*,*,#6426,.F.);
#6429=ORIENTED_EDGE('',*,*,#6428,.F.);
#6431=ORIENTED_EDGE('',*,*,#6430,.F.);
#6433=ORIENTED_EDGE('',*,*,#6432,.F.);
#6435=ORIENTED_EDGE('',*,*,#6434,.F.);
#6437=ORIENTED_EDGE('',*,*,#6436,.F.);
#6439=ORIENTED_EDGE('',*,*,#6438,.F.);
#6440=EDGE_LOOP('',(#6415,#6417,#6419,#6421,#6423,#6425,#6427,#6429,#6431,#6433,
#6435,#6437,#6439));
#6441=FACE_OUTER_BOUND('',#6440,.F.);
#6443=CARTESIAN_POINT('',(0.E0,-1.394237448354E2,-1.342360101839E0));
#6444=DIRECTION('',(0.E0,1.109506335671E-2,-9.999384478902E-1));
#6445=DIRECTION('',(0.E0,9.999384478902E-1,1.109506335671E-2));
#6446=AXIS2_PLACEMENT_3D('',#6443,#6444,#6445);
#6447=PLANE('',#6446);
#6449=ORIENTED_EDGE('',*,*,#6448,.F.);
#6451=ORIENTED_EDGE('',*,*,#6450,.F.);
#6453=ORIENTED_EDGE('',*,*,#6452,.F.);
#6455=ORIENTED_EDGE('',*,*,#6454,.F.);
#6457=ORIENTED_EDGE('',*,*,#6456,.F.);
#6459=ORIENTED_EDGE('',*,*,#6458,.F.);
#6461=ORIENTED_EDGE('',*,*,#6460,.F.);
#6463=ORIENTED_EDGE('',*,*,#6462,.F.);
#6465=ORIENTED_EDGE('',*,*,#6464,.F.);
#6466=EDGE_LOOP('',(#6449,#6451,#6453,#6455,#6457,#6459,#6461,#6463,#6465));
#6467=FACE_OUTER_BOUND('',#6466,.F.);
#6469=ORIENTED_EDGE('',*,*,#6468,.F.);
#6471=ORIENTED_EDGE('',*,*,#6470,.F.);
#6473=ORIENTED_EDGE('',*,*,#6472,.F.);
#6475=ORIENTED_EDGE('',*,*,#6474,.F.);
#6477=ORIENTED_EDGE('',*,*,#6476,.F.);
#6478=EDGE_LOOP('',(#6469,#6471,#6473,#6475,#6477));
#6479=FACE_BOUND('',#6478,.F.);
#6481=CARTESIAN_POINT('',(0.E0,-1.394237448354E2,-1.342360101839E0));
#6482=DIRECTION('',(0.E0,1.109506335671E-2,-9.999384478902E-1));
#6483=DIRECTION('',(0.E0,9.999384478902E-1,1.109506335671E-2));
#6484=AXIS2_PLACEMENT_3D('',#6481,#6482,#6483);
#6485=PLANE('',#6484);
#6487=ORIENTED_EDGE('',*,*,#6486,.F.);
#6489=ORIENTED_EDGE('',*,*,#6488,.F.);
#6491=ORIENTED_EDGE('',*,*,#6490,.F.);
#6493=ORIENTED_EDGE('',*,*,#6492,.F.);
#6495=ORIENTED_EDGE('',*,*,#6494,.F.);
#6497=ORIENTED_EDGE('',*,*,#6496,.F.);
#6499=ORIENTED_EDGE('',*,*,#6498,.F.);
#6501=ORIENTED_EDGE('',*,*,#6500,.F.);
#6503=ORIENTED_EDGE('',*,*,#6502,.F.);
#6504=EDGE_LOOP('',(#6487,#6489,#6491,#6493,#6495,#6497,#6499,#6501,#6503));
#6505=FACE_OUTER_BOUND('',#6504,.F.);
#6507=CARTESIAN_POINT('',(0.E0,-1.394237448354E2,-1.342360101839E0));
#6508=DIRECTION('',(0.E0,1.109506335671E-2,-9.999384478902E-1));
#6509=DIRECTION('',(0.E0,9.999384478902E-1,1.109506335671E-2));
#6510=AXIS2_PLACEMENT_3D('',#6507,#6508,#6509);
#6511=PLANE('',#6510);
#6512=ORIENTED_EDGE('',*,*,#6016,.F.);
#6513=ORIENTED_EDGE('',*,*,#6038,.F.);
#6514=ORIENTED_EDGE('',*,*,#6052,.F.);
#6515=ORIENTED_EDGE('',*,*,#6066,.F.);
#6516=ORIENTED_EDGE('',*,*,#6087,.F.);
#6517=ORIENTED_EDGE('',*,*,#6108,.F.);
#6518=ORIENTED_EDGE('',*,*,#6122,.F.);
#6519=ORIENTED_EDGE('',*,*,#6143,.F.);
#6520=ORIENTED_EDGE('',*,*,#6164,.F.);
#6521=ORIENTED_EDGE('',*,*,#6178,.F.);
#6522=ORIENTED_EDGE('',*,*,#6192,.F.);
#6523=ORIENTED_EDGE('',*,*,#6216,.F.);
#6524=ORIENTED_EDGE('',*,*,#6229,.F.);
#6525=EDGE_LOOP('',(#6512,#6513,#6514,#6515,#6516,#6517,#6518,#6519,#6520,#6521,
#6522,#6523,#6524));
#6526=FACE_OUTER_BOUND('',#6525,.F.);
#6528=CARTESIAN_POINT('',(1.522657355112E2,-1.332249932666E2,
-8.402193840557E-1));
#6529=CARTESIAN_POINT('',(1.523251217798E2,-1.331126110737E2,
-8.365566617141E-1));
#6530=CARTESIAN_POINT('',(1.523826867384E2,-1.328558905515E2,
-8.281897134634E-1));
#6531=CARTESIAN_POINT('',(1.522967063463E2,-1.324650741627E2,
-8.154523581803E-1));
#6532=CARTESIAN_POINT('',(1.520554408185E2,-1.321503858191E2,
-8.051961423451E-1));
#6533=CARTESIAN_POINT('',(1.516971413363E2,-1.319881008873E2,
-7.999070068517E-1));
#6534=CARTESIAN_POINT('',(1.513139619339E2,-1.319936098435E2,
-8.000865528824E-1));
#6535=CARTESIAN_POINT('',(1.509713628625E2,-1.321569781348E2,
-8.054109968646E-1));
#6536=CARTESIAN_POINT('',(1.507425793855E2,-1.324649826997E2,
-8.154493772498E-1));
#6537=CARTESIAN_POINT('',(1.506556456999E2,-1.328598164059E2,
-8.283176635809E-1));
#6538=CARTESIAN_POINT('',(1.507214272454E2,-1.331258004188E2,
-8.369865243799E-1));
#6539=CARTESIAN_POINT('',(1.507916801058E2,-1.332439331578E2,
-8.408366665702E-1));
#6541=DIRECTION('',(0.E0,-3.257436514783E-2,9.994693145541E-1));
#6542=VECTOR('',#6541,1.E0);
#6543=SURFACE_OF_LINEAR_EXTRUSION('',#6540,#6542);
#6544=ORIENTED_EDGE('',*,*,#5611,.T.);
#6546=ORIENTED_EDGE('',*,*,#6545,.T.);
#6547=ORIENTED_EDGE('',*,*,#6246,.T.);
#6549=ORIENTED_EDGE('',*,*,#6548,.F.);
#6550=EDGE_LOOP('',(#6544,#6546,#6547,#6549));
#6551=FACE_OUTER_BOUND('',#6550,.F.);
#6553=CARTESIAN_POINT('',(1.515205819678E2,-1.328550336068E2,
-8.281617842128E-1));
#6554=DIRECTION('',(0.E0,-3.257436514783E-2,9.994693145541E-1));
#6555=DIRECTION('',(1.E0,0.E0,0.E0));
#6556=AXIS2_PLACEMENT_3D('',#6553,#6554,#6555);
#6557=CYLINDRICAL_SURFACE('',#6556,8.332379934367E-1);
#6558=ORIENTED_EDGE('',*,*,#5613,.T.);
#6559=ORIENTED_EDGE('',*,*,#6548,.T.);
#6560=ORIENTED_EDGE('',*,*,#6248,.T.);
#6561=ORIENTED_EDGE('',*,*,#6545,.F.);
#6562=EDGE_LOOP('',(#6558,#6559,#6560,#6561));
#6563=FACE_OUTER_BOUND('',#6562,.F.);
#6565=CARTESIAN_POINT('',(1.515375744528E2,-1.328688314883E2,
-8.286114800901E-1));
#6566=DIRECTION('',(0.E0,-3.257436514783E-2,9.994693145541E-1));
#6567=DIRECTION('',(1.E0,0.E0,0.E0));
#6568=AXIS2_PLACEMENT_3D('',#6565,#6566,#6567);
#6569=CYLINDRICAL_SURFACE('',#6568,1.462433380890E0);
#6570=ORIENTED_EDGE('',*,*,#5848,.F.);
#6572=ORIENTED_EDGE('',*,*,#6571,.T.);
#6573=ORIENTED_EDGE('',*,*,#6240,.T.);
#6575=ORIENTED_EDGE('',*,*,#6574,.F.);
#6576=EDGE_LOOP('',(#6570,#6572,#6573,#6575));
#6577=FACE_OUTER_BOUND('',#6576,.F.);
#6579=CARTESIAN_POINT('',(1.529469163747E2,-1.332250633884E2,
-8.402216694403E-1));
#6580=CARTESIAN_POINT('',(1.529833561608E2,-1.331087866227E2,
-8.364320165036E-1));
#6581=CARTESIAN_POINT('',(1.530268031503E2,-1.328021371694E2,
-8.264378014532E-1));
#6582=CARTESIAN_POINT('',(1.529205233760E2,-1.323085964554E2,
-8.103524897814E-1));
#6583=CARTESIAN_POINT('',(1.526109050735E2,-1.318357357522E2,
-7.949411740084E-1));
#6584=CARTESIAN_POINT('',(1.521218256681E2,-1.315287960676E2,
-7.849374998411E-1));
#6585=CARTESIAN_POINT('',(1.515415591989E2,-1.314228021148E2,
-7.814829808546E-1));
#6586=CARTESIAN_POINT('',(1.509599736918E2,-1.315289724442E2,
-7.849432482446E-1));
#6587=CARTESIAN_POINT('',(1.504685032029E2,-1.318393534743E2,
-7.950590815800E-1));
#6588=CARTESIAN_POINT('',(1.501571334948E2,-1.323145175628E2,
-8.105454685040E-1));
#6589=CARTESIAN_POINT('',(1.500454559039E2,-1.328189795824E2,
-8.269867236682E-1));
#6590=CARTESIAN_POINT('',(1.500962936931E2,-1.331351585374E2,
-8.372915210093E-1));
#6591=CARTESIAN_POINT('',(1.501410430664E2,-1.332592679009E2,
-8.413364513194E-1));
#6593=DIRECTION('',(0.E0,-3.257436514783E-2,9.994693145541E-1));
#6594=VECTOR('',#6593,1.E0);
#6595=SURFACE_OF_LINEAR_EXTRUSION('',#6592,#6594);
#6596=ORIENTED_EDGE('',*,*,#5850,.F.);
#6597=ORIENTED_EDGE('',*,*,#6574,.T.);
#6598=ORIENTED_EDGE('',*,*,#6242,.T.);
#6599=ORIENTED_EDGE('',*,*,#6571,.F.);
#6600=EDGE_LOOP('',(#6596,#6597,#6598,#6599));
#6601=FACE_OUTER_BOUND('',#6600,.F.);
#6603=CARTESIAN_POINT('',(1.489530633398E2,-1.339734624198E2,
-8.646132370140E-1));
#6604=CARTESIAN_POINT('',(1.489529091439E2,-1.339765443724E2,
-8.647136829689E-1));
#6605=CARTESIAN_POINT('',(1.489516128036E2,-1.340293335441E2,
-8.664341697619E-1));
#6606=CARTESIAN_POINT('',(1.489937666942E2,-1.341347058370E2,
-8.698684278180E-1));
#6607=CARTESIAN_POINT('',(1.491047923866E2,-1.342439686401E2,
-8.734294840651E-1));
#6608=CARTESIAN_POINT('',(1.492112760247E2,-1.342858442097E2,
-8.747942784364E-1));
#6609=CARTESIAN_POINT('',(1.492651288738E2,-1.342845703804E2,
-8.747527622214E-1));
#6610=CARTESIAN_POINT('',(1.492682123727E2,-1.342844218569E2,
-8.747479215940E-1));
#6612=DIRECTION('',(0.E0,-3.257436514783E-2,9.994693145541E-1));
#6613=VECTOR('',#6612,1.E0);
#6614=SURFACE_OF_LINEAR_EXTRUSION('',#6611,#6613);
#6615=ORIENTED_EDGE('',*,*,#5836,.F.);
#6617=ORIENTED_EDGE('',*,*,#6616,.T.);
#6618=ORIENTED_EDGE('',*,*,#6258,.T.);
#6620=ORIENTED_EDGE('',*,*,#6619,.F.);
#6621=EDGE_LOOP('',(#6615,#6617,#6618,#6620));
#6622=FACE_OUTER_BOUND('',#6621,.F.);
#6624=CARTESIAN_POINT('',(1.489528334675E2,-1.317946378973E2,
-7.936017266508E-1));
#6625=DIRECTION('',(-1.E0,0.E0,0.E0));
#6626=DIRECTION('',(0.E0,-9.994693145541E-1,-3.257436514783E-2));
#6627=AXIS2_PLACEMENT_3D('',#6624,#6625,#6626);
#6628=PLANE('',#6627);
#6629=ORIENTED_EDGE('',*,*,#5844,.F.);
#6631=ORIENTED_EDGE('',*,*,#6630,.T.);
#6632=ORIENTED_EDGE('',*,*,#6260,.T.);
#6633=ORIENTED_EDGE('',*,*,#6616,.F.);
#6634=EDGE_LOOP('',(#6629,#6631,#6632,#6633));
#6635=FACE_OUTER_BOUND('',#6634,.F.);
#6637=CARTESIAN_POINT('',(1.495641157729E2,-1.318131946179E2,
-7.942065209979E-1));
#6638=CARTESIAN_POINT('',(1.495647092894E2,-1.318070120474E2,
-7.940050207582E-1));
#6639=CARTESIAN_POINT('',(1.495673390155E2,-1.317502903473E2,
-7.921563663320E-1));
#6640=CARTESIAN_POINT('',(1.495250627838E2,-1.316393994969E2,
-7.885422493199E-1));
#6641=CARTESIAN_POINT('',(1.494118200194E2,-1.315282113264E2,
-7.849184421524E-1));
#6642=CARTESIAN_POINT('',(1.492572518829E2,-1.314756065618E2,
-7.832039654936E-1));
#6643=CARTESIAN_POINT('',(1.491043745336E2,-1.315298866824E2,
-7.849730447887E-1));
#6644=CARTESIAN_POINT('',(1.489925248591E2,-1.316399446536E2,
-7.885600168846E-1));
#6645=CARTESIAN_POINT('',(1.489504922532E2,-1.317503166247E2,
-7.921572227560E-1));
#6646=CARTESIAN_POINT('',(1.489531203684E2,-1.318070117294E2,
-7.940050103919E-1));
#6647=CARTESIAN_POINT('',(1.489537137415E2,-1.318131935414E2,
-7.942064859142E-1));
#6649=DIRECTION('',(0.E0,-3.257436514783E-2,9.994693145541E-1));
#6650=VECTOR('',#6649,1.E0);
#6651=SURFACE_OF_LINEAR_EXTRUSION('',#6648,#6650);
#6652=ORIENTED_EDGE('',*,*,#5842,.F.);
#6654=ORIENTED_EDGE('',*,*,#6653,.T.);
#6655=ORIENTED_EDGE('',*,*,#6262,.T.);
#6656=ORIENTED_EDGE('',*,*,#6630,.F.);
#6657=EDGE_LOOP('',(#6652,#6654,#6655,#6656));
#6658=FACE_OUTER_BOUND('',#6657,.F.);
#6660=CARTESIAN_POINT('',(1.495649962463E2,-1.339827059411E2,
-8.649144987281E-1));
#6661=DIRECTION('',(1.E0,7.785375287598E-14,0.E0));
#6662=DIRECTION('',(-7.789509066691E-14,9.994693145541E-1,3.257436514783E-2));
#6663=AXIS2_PLACEMENT_3D('',#6660,#6661,#6662);
#6664=PLANE('',#6663);
#6665=ORIENTED_EDGE('',*,*,#5840,.F.);
#6667=ORIENTED_EDGE('',*,*,#6666,.T.);
#6668=ORIENTED_EDGE('',*,*,#6264,.T.);
#6669=ORIENTED_EDGE('',*,*,#6653,.F.);
#6670=EDGE_LOOP('',(#6665,#6667,#6668,#6669));
#6671=FACE_OUTER_BOUND('',#6670,.F.);
#6673=CARTESIAN_POINT('',(1.492497173331E2,-1.342844218119E2,
-8.747479201284E-1));
#6674=CARTESIAN_POINT('',(1.492528003723E2,-1.342845703654E2,
-8.747527617326E-1));
#6675=CARTESIAN_POINT('',(1.493066857548E2,-1.342858454181E2,
-8.747943178204E-1));
#6676=CARTESIAN_POINT('',(1.494131717108E2,-1.342439191458E2,
-8.734278709632E-1));
#6677=CARTESIAN_POINT('',(1.495241200080E2,-1.341346203969E2,
-8.698656431826E-1));
#6678=CARTESIAN_POINT('',(1.495662156979E2,-1.340293025199E2,
-8.664331586310E-1));
#6679=CARTESIAN_POINT('',(1.495649206096E2,-1.339765453895E2,
-8.647137161195E-1));
#6680=CARTESIAN_POINT('',(1.495647664944E2,-1.339734639544E2,
-8.646132870318E-1));
#6682=DIRECTION('',(0.E0,-3.257436514783E-2,9.994693145541E-1));
#6683=VECTOR('',#6682,1.E0);
#6684=SURFACE_OF_LINEAR_EXTRUSION('',#6681,#6683);
#6685=ORIENTED_EDGE('',*,*,#5838,.F.);
#6686=ORIENTED_EDGE('',*,*,#6619,.T.);
#6687=ORIENTED_EDGE('',*,*,#6266,.T.);
#6688=ORIENTED_EDGE('',*,*,#6666,.F.);
#6689=EDGE_LOOP('',(#6685,#6686,#6687,#6688));
#6690=FACE_OUTER_BOUND('',#6689,.F.);
#6692=CARTESIAN_POINT('',(1.465310561046E2,-1.341669053538E2,
-8.709178635566E-1));
#6693=CARTESIAN_POINT('',(1.466490276317E2,-1.342265959946E2,
-8.728632806889E-1));
#6694=CARTESIAN_POINT('',(1.468432686315E2,-1.342644852892E2,
-8.740981557390E-1));
#6695=CARTESIAN_POINT('',(1.471178803656E2,-1.342353795614E2,
-8.731495517209E-1));
#6696=CARTESIAN_POINT('',(1.473452088800E2,-1.341683469648E2,
-8.709648480541E-1));
#6697=CARTESIAN_POINT('',(1.475829638842E2,-1.340530778539E2,
-8.672080362588E-1));
#6698=CARTESIAN_POINT('',(1.478142690747E2,-1.338932792917E2,
-8.619999356814E-1));
#6699=CARTESIAN_POINT('',(1.480191539922E2,-1.337003593233E2,
-8.557123534574E-1));
#6700=CARTESIAN_POINT('',(1.481815815590E2,-1.334910801347E2,
-8.488915970725E-1));
#6701=CARTESIAN_POINT('',(1.482946919662E2,-1.332813620628E2,
-8.420565367559E-1));
#6702=CARTESIAN_POINT('',(1.483599829591E2,-1.330797219650E2,
-8.354847510306E-1));
#6703=CARTESIAN_POINT('',(1.483888698505E2,-1.328209827997E2,
-8.270520118502E-1));
#6704=CARTESIAN_POINT('',(1.483455429251E2,-1.326335404370E2,
-8.209429538933E-1));
#6705=CARTESIAN_POINT('',(1.482776208951E2,-1.325210891623E2,
-8.172779800612E-1));
#6707=DIRECTION('',(0.E0,-3.257436514783E-2,9.994693145541E-1));
#6708=VECTOR('',#6707,1.E0);
#6709=SURFACE_OF_LINEAR_EXTRUSION('',#6706,#6708);
#6710=ORIENTED_EDGE('',*,*,#5820,.F.);
#6712=ORIENTED_EDGE('',*,*,#6711,.T.);
#6713=ORIENTED_EDGE('',*,*,#6276,.T.);
#6715=ORIENTED_EDGE('',*,*,#6714,.F.);
#6716=EDGE_LOOP('',(#6710,#6712,#6713,#6715));
#6717=FACE_OUTER_BOUND('',#6716,.F.);
#6719=CARTESIAN_POINT('',(1.461133344459E2,-1.342511110249E2,
-8.736622662501E-1));
#6720=CARTESIAN_POINT('',(1.461184927436E2,-1.342511109610E2,
-8.736622641644E-1));
#6721=CARTESIAN_POINT('',(1.462098065483E2,-1.342511104412E2,
-8.736622472246E-1));
#6722=CARTESIAN_POINT('',(1.463872485136E2,-1.342511273106E2,
-8.736627970252E-1));
#6723=CARTESIAN_POINT('',(1.466451633476E2,-1.342510537664E2,
-8.736604000991E-1));
#6724=CARTESIAN_POINT('',(1.468220811555E2,-1.342512380699E2,
-8.736664068577E-1));
#6725=CARTESIAN_POINT('',(1.469128705826E2,-1.342510954962E2,
-8.736617601423E-1));
#6726=CARTESIAN_POINT('',(1.469180288740E2,-1.342510865717E2,
-8.736614692776E-1));
#6728=DIRECTION('',(0.E0,-3.257436514783E-2,9.994693145541E-1));
#6729=VECTOR('',#6728,1.E0);
#6730=SURFACE_OF_LINEAR_EXTRUSION('',#6727,#6729);
#6731=ORIENTED_EDGE('',*,*,#5832,.F.);
#6733=ORIENTED_EDGE('',*,*,#6732,.T.);
#6734=ORIENTED_EDGE('',*,*,#6278,.T.);
#6735=ORIENTED_EDGE('',*,*,#6711,.F.);
#6736=EDGE_LOOP('',(#6731,#6733,#6734,#6735));
#6737=FACE_OUTER_BOUND('',#6736,.F.);
#6739=CARTESIAN_POINT('',(1.458241898328E2,-1.339421002978E2,
-8.635910933632E-1));
#6740=CARTESIAN_POINT('',(1.458240359314E2,-1.339451651269E2,
-8.636909812348E-1));
#6741=CARTESIAN_POINT('',(1.458227452308E2,-1.339975355331E2,
-8.653978197645E-1));
#6742=CARTESIAN_POINT('',(1.458646447714E2,-1.341021616420E2,
-8.688077584450E-1));
#6743=CARTESIAN_POINT('',(1.459751960052E2,-1.342106737129E2,
-8.723443470822E-1));
#6744=CARTESIAN_POINT('',(1.460812232182E2,-1.342523033851E2,
-8.737011272494E-1));
#6745=CARTESIAN_POINT('',(1.461349398282E2,-1.342510387478E2,
-8.736599106174E-1));
#6746=CARTESIAN_POINT('',(1.461380061808E2,-1.342508917560E2,
-8.736551199125E-1));
#6748=DIRECTION('',(0.E0,-3.257436514783E-2,9.994693145541E-1));
#6749=VECTOR('',#6748,1.E0);
#6750=SURFACE_OF_LINEAR_EXTRUSION('',#6747,#6749);
#6751=ORIENTED_EDGE('',*,*,#5830,.F.);
#6753=ORIENTED_EDGE('',*,*,#6752,.T.);
#6754=ORIENTED_EDGE('',*,*,#6280,.T.);
#6755=ORIENTED_EDGE('',*,*,#6732,.F.);
#6756=EDGE_LOOP('',(#6751,#6753,#6754,#6755));
#6757=FACE_OUTER_BOUND('',#6756,.F.);
#6759=CARTESIAN_POINT('',(1.458239604035E2,-1.318260525183E2,
-7.946255813310E-1));
#6760=DIRECTION('',(-1.E0,6.679610782648E-14,0.E0));
#6761=DIRECTION('',(-6.683157437033E-14,-9.994693145541E-1,-3.257436514783E-2));
#6762=AXIS2_PLACEMENT_3D('',#6759,#6760,#6761);
#6763=PLANE('',#6762);
#6764=ORIENTED_EDGE('',*,*,#5828,.F.);
#6766=ORIENTED_EDGE('',*,*,#6765,.T.);
#6767=ORIENTED_EDGE('',*,*,#6282,.T.);
#6768=ORIENTED_EDGE('',*,*,#6752,.F.);
#6769=EDGE_LOOP('',(#6764,#6766,#6767,#6768));
#6770=FACE_OUTER_BOUND('',#6769,.F.);
#6772=CARTESIAN_POINT('',(1.461380075984E2,-1.315264526563E2,
-7.848611241743E-1));
#6773=CARTESIAN_POINT('',(1.461349412328E2,-1.315263056820E2,
-7.848563340355E-1));
#6774=CARTESIAN_POINT('',(1.460811689285E2,-1.315250398733E2,
-7.848150792295E-1));
#6775=CARTESIAN_POINT('',(1.459751102365E2,-1.315667240997E2,
-7.861736374071E-1));
#6776=CARTESIAN_POINT('',(1.458645975988E2,-1.316752690244E2,
-7.897112968037E-1));
#6777=CARTESIAN_POINT('',(1.458227459827E2,-1.317798438349E2,
-7.931195635852E-1));
#6778=CARTESIAN_POINT('',(1.458240359373E2,-1.318321798732E2,
-7.948252820058E-1));
#6779=CARTESIAN_POINT('',(1.458241898520E2,-1.318352446971E2,
-7.949251697057E-1));
#6781=DIRECTION('',(0.E0,-3.257436514783E-2,9.994693145541E-1));
#6782=VECTOR('',#6781,1.E0);
#6783=SURFACE_OF_LINEAR_EXTRUSION('',#6780,#6782);
#6784=ORIENTED_EDGE('',*,*,#5826,.F.);
#6786=ORIENTED_EDGE('',*,*,#6785,.T.);
#6787=ORIENTED_EDGE('',*,*,#6284,.T.);
#6788=ORIENTED_EDGE('',*,*,#6765,.F.);
#6789=EDGE_LOOP('',(#6784,#6786,#6787,#6788));
#6790=FACE_OUTER_BOUND('',#6789,.F.);
#6792=CARTESIAN_POINT('',(1.469180189549E2,-1.315262579950E2,
-7.848547798364E-1));
#6793=CARTESIAN_POINT('',(1.469128607375E2,-1.315262490230E2,
-7.848544874247E-1));
#6794=CARTESIAN_POINT('',(1.468220922619E2,-1.315261057247E2,
-7.848498170964E-1));
#6795=CARTESIAN_POINT('',(1.466451979119E2,-1.315262909720E2,
-7.848558546115E-1));
#6796=CARTESIAN_POINT('',(1.463872867741E2,-1.315262170347E2,
-7.848534448743E-1));
#6797=CARTESIAN_POINT('',(1.462098277018E2,-1.315262339990E2,
-7.848539977695E-1));
#6798=CARTESIAN_POINT('',(1.461184942811E2,-1.315262334764E2,
-7.848539807366E-1));
#6799=CARTESIAN_POINT('',(1.461133360574E2,-1.315262334121E2,
-7.848539786399E-1));
#6801=DIRECTION('',(0.E0,-3.257436514783E-2,9.994693145541E-1));
#6802=VECTOR('',#6801,1.E0);
#6803=SURFACE_OF_LINEAR_EXTRUSION('',#6800,#6802);
#6804=ORIENTED_EDGE('',*,*,#5824,.F.);
#6806=ORIENTED_EDGE('',*,*,#6805,.T.);
#6807=ORIENTED_EDGE('',*,*,#6286,.T.);
#6808=ORIENTED_EDGE('',*,*,#6785,.F.);
#6809=EDGE_LOOP('',(#6804,#6806,#6807,#6808));
#6810=FACE_OUTER_BOUND('',#6809,.F.);
#6812=CARTESIAN_POINT('',(1.482750044365E2,-1.332513149263E2,
-8.410772506671E-1));
#6813=CARTESIAN_POINT('',(1.483447721744E2,-1.331383314054E2,
-8.373949300470E-1));
#6814=CARTESIAN_POINT('',(1.483890287223E2,-1.329501098762E2,
-8.312604777609E-1));
#6815=CARTESIAN_POINT('',(1.483600520756E2,-1.326910719689E2,
-8.228180020830E-1));
#6816=CARTESIAN_POINT('',(1.482950167562E2,-1.324908579656E2,
-8.162926951450E-1));
#6817=CARTESIAN_POINT('',(1.481823218461E2,-1.322826979168E2,
-8.095084133872E-1));
#6818=CARTESIAN_POINT('',(1.480202952465E2,-1.320748310838E2,
-8.027336880189E-1));
#6819=CARTESIAN_POINT('',(1.478155807638E2,-1.318829612836E2,
-7.964803325233E-1));
#6820=CARTESIAN_POINT('',(1.475840864504E2,-1.317237802199E2,
-7.912923572457E-1));
#6821=CARTESIAN_POINT('',(1.473458624234E2,-1.316088085504E2,
-7.875452395609E-1));
#6822=CARTESIAN_POINT('',(1.471181100488E2,-1.315419366677E2,
-7.853657738239E-1));
#6823=CARTESIAN_POINT('',(1.468440014676E2,-1.315129782121E2,
-7.844219696549E-1));
#6824=CARTESIAN_POINT('',(1.466504186417E2,-1.315503778825E2,
-7.856408870374E-1));
#6825=CARTESIAN_POINT('',(1.465329052151E2,-1.316091850367E2,
-7.875575098747E-1));
#6827=DIRECTION('',(0.E0,-3.257436514783E-2,9.994693145541E-1));
#6828=VECTOR('',#6827,1.E0);
#6829=SURFACE_OF_LINEAR_EXTRUSION('',#6826,#6828);
#6830=ORIENTED_EDGE('',*,*,#5822,.F.);
#6831=ORIENTED_EDGE('',*,*,#6714,.T.);
#6832=ORIENTED_EDGE('',*,*,#6288,.T.);
#6833=ORIENTED_EDGE('',*,*,#6805,.F.);
#6834=EDGE_LOOP('',(#6830,#6831,#6832,#6833));
#6835=FACE_OUTER_BOUND('',#6834,.F.);
#6837=CARTESIAN_POINT('',(1.464361231823E2,-1.336791617708E2,
-8.550214900105E-1));
#6838=DIRECTION('',(1.E0,0.E0,0.E0));
#6839=DIRECTION('',(0.E0,9.994693145541E-1,3.257436514783E-2));
#6840=AXIS2_PLACEMENT_3D('',#6837,#6838,#6839);
#6841=PLANE('',#6840);
#6842=ORIENTED_EDGE('',*,*,#5593,.F.);
#6844=ORIENTED_EDGE('',*,*,#6843,.T.);
#6845=ORIENTED_EDGE('',*,*,#6292,.T.);
#6847=ORIENTED_EDGE('',*,*,#6846,.F.);
#6848=EDGE_LOOP('',(#6842,#6844,#6845,#6847));
#6849=FACE_OUTER_BOUND('',#6848,.F.);
#6851=CARTESIAN_POINT('',(1.469021842944E2,-1.336791617708E2,
-8.550214900105E-1));
#6852=DIRECTION('',(0.E0,9.994693145541E-1,3.257436514783E-2));
#6853=DIRECTION('',(-1.E0,0.E0,0.E0));
#6854=AXIS2_PLACEMENT_3D('',#6851,#6852,#6853);
#6855=PLANE('',#6854);
#6856=ORIENTED_EDGE('',*,*,#5601,.F.);
#6858=ORIENTED_EDGE('',*,*,#6857,.T.);
#6859=ORIENTED_EDGE('',*,*,#6294,.T.);
#6860=ORIENTED_EDGE('',*,*,#6843,.F.);
#6861=EDGE_LOOP('',(#6856,#6858,#6859,#6860));
#6862=FACE_OUTER_BOUND('',#6861,.F.);
#6864=CARTESIAN_POINT('',(1.465379302366E2,-1.335125397502E2,
-8.495910015880E-1));
#6865=CARTESIAN_POINT('',(1.466477265962E2,-1.336333869261E2,
-8.535296117861E-1));
#6866=CARTESIAN_POINT('',(1.468746661700E2,-1.337155074044E2,
-8.562060545820E-1));
#6867=CARTESIAN_POINT('',(1.472124689968E2,-1.336181657704E2,
-8.530335290388E-1));
#6868=CARTESIAN_POINT('',(1.474747314646E2,-1.334237741024E2,
-8.466979816801E-1));
#6869=CARTESIAN_POINT('',(1.476693705876E2,-1.331642357561E2,
-8.382391958656E-1));
#6870=CARTESIAN_POINT('',(1.478008504745E2,-1.327033808252E2,
-8.232191681546E-1));
#6871=CARTESIAN_POINT('',(1.475382678349E2,-1.323537557691E2,
-8.118243068272E-1));
#6872=CARTESIAN_POINT('',(1.469262750275E2,-1.322522510777E2,
-8.085161003270E-1));
#6874=DIRECTION('',(0.E0,-3.257436514783E-2,9.994693145541E-1));
#6875=VECTOR('',#6874,1.E0);
#6876=SURFACE_OF_LINEAR_EXTRUSION('',#6873,#6875);
#6877=ORIENTED_EDGE('',*,*,#5599,.T.);
#6879=ORIENTED_EDGE('',*,*,#6878,.T.);
#6880=ORIENTED_EDGE('',*,*,#6296,.T.);
#6881=ORIENTED_EDGE('',*,*,#6857,.F.);
#6882=EDGE_LOOP('',(#6877,#6879,#6880,#6881));
#6883=FACE_OUTER_BOUND('',#6882,.F.);
#6885=CARTESIAN_POINT('',(1.475576893081E2,-1.332216087031E2,
-8.401090755083E-1));
#6886=CARTESIAN_POINT('',(1.476808866545E2,-1.331130629248E2,
-8.365713882918E-1));
#6887=CARTESIAN_POINT('',(1.477648912240E2,-1.328875262298E2,
-8.292207727679E-1));
#6888=CARTESIAN_POINT('',(1.476689487863E2,-1.325502081518E2,
-8.182270162990E-1));
#6889=CARTESIAN_POINT('',(1.474740201353E2,-1.322880233291E2,
-8.096819774199E-1));
#6890=CARTESIAN_POINT('',(1.472119609890E2,-1.320920707513E2,
-8.032955574188E-1));
#6891=CARTESIAN_POINT('',(1.468740900359E2,-1.319943712433E2,
-8.001113681689E-1));
#6892=CARTESIAN_POINT('',(1.466473477158E2,-1.320771745428E2,
-8.028100652422E-1));
#6893=CARTESIAN_POINT('',(1.465378004353E2,-1.321994052851E2,
-8.067937681663E-1));
#6895=DIRECTION('',(0.E0,-3.257436514783E-2,9.994693145541E-1));
#6896=VECTOR('',#6895,1.E0);
#6897=SURFACE_OF_LINEAR_EXTRUSION('',#6894,#6896);
#6898=ORIENTED_EDGE('',*,*,#5597,.T.);
#6900=ORIENTED_EDGE('',*,*,#6899,.T.);
#6901=ORIENTED_EDGE('',*,*,#6298,.T.);
#6902=ORIENTED_EDGE('',*,*,#6878,.F.);
#6903=EDGE_LOOP('',(#6898,#6900,#6901,#6902));
#6904=FACE_OUTER_BOUND('',#6903,.F.);
#6906=CARTESIAN_POINT('',(1.464361231823E2,-1.320309069826E2,
-8.013021285998E-1));
#6907=DIRECTION('',(0.E0,-9.994693145541E-1,-3.257436514783E-2));
#6908=DIRECTION('',(1.E0,0.E0,0.E0));
#6909=AXIS2_PLACEMENT_3D('',#6906,#6907,#6908);
#6910=PLANE('',#6909);
#6911=ORIENTED_EDGE('',*,*,#5595,.F.);
#6912=ORIENTED_EDGE('',*,*,#6846,.T.);
#6913=ORIENTED_EDGE('',*,*,#6300,.T.);
#6914=ORIENTED_EDGE('',*,*,#6899,.F.);
#6915=EDGE_LOOP('',(#6911,#6912,#6913,#6914));
#6916=FACE_OUTER_BOUND('',#6915,.F.);
#6918=CARTESIAN_POINT('',(1.436870421206E2,-1.342486571669E2,
-8.735822909414E-1));
#6919=CARTESIAN_POINT('',(1.438094899347E2,-1.342713168204E2,
-8.743208066868E-1));
#6920=CARTESIAN_POINT('',(1.441061409368E2,-1.343023879045E2,
-8.753334649297E-1));
#6921=CARTESIAN_POINT('',(1.445632329680E2,-1.342393830326E2,
-8.732800314975E-1));
#6922=CARTESIAN_POINT('',(1.450018855120E2,-1.339931036357E2,
-8.652533768675E-1));
#6923=CARTESIAN_POINT('',(1.452350261159E2,-1.335499087491E2,
-8.508089193365E-1));
#6924=CARTESIAN_POINT('',(1.452973320423E2,-1.330960431137E2,
-8.360166843751E-1));
#6925=CARTESIAN_POINT('',(1.452667614490E2,-1.328010029104E2,
-8.264008340698E-1));
#6926=CARTESIAN_POINT('',(1.452436006940E2,-1.326783689177E2,
-8.224039885425E-1));
#6928=DIRECTION('',(0.E0,-3.257436514783E-2,9.994693145541E-1));
#6929=VECTOR('',#6928,1.E0);
#6930=SURFACE_OF_LINEAR_EXTRUSION('',#6927,#6929);
#6931=ORIENTED_EDGE('',*,*,#5800,.F.);
#6933=ORIENTED_EDGE('',*,*,#6932,.T.);
#6934=ORIENTED_EDGE('',*,*,#6310,.T.);
#6936=ORIENTED_EDGE('',*,*,#6935,.F.);
#6937=EDGE_LOOP('',(#6931,#6933,#6934,#6936));
#6938=FACE_OUTER_BOUND('',#6937,.F.);
#6940=CARTESIAN_POINT('',(1.429060077741E2,-1.326964288821E2,
-8.229925927836E-1));
#6941=CARTESIAN_POINT('',(1.428792526614E2,-1.328195442165E2,
-8.270051260341E-1));
#6942=CARTESIAN_POINT('',(1.428485826955E2,-1.330949693799E2,
-8.359816896085E-1));
#6943=CARTESIAN_POINT('',(1.429015856805E2,-1.335038500068E2,
-8.493077884178E-1));
#6944=CARTESIAN_POINT('',(1.430639404047E2,-1.338801840277E2,
-8.615731392743E-1));
#6945=CARTESIAN_POINT('',(1.433508126067E2,-1.341325733474E2,
-8.697989264395E-1));
#6946=CARTESIAN_POINT('',(1.436969965729E2,-1.342576606099E2,
-8.738757281043E-1));
#6947=CARTESIAN_POINT('',(1.440673885023E2,-1.342987120176E2,
-8.752136616697E-1));
#6948=CARTESIAN_POINT('',(1.443174039290E2,-1.342702991345E2,
-8.742876386129E-1));
#6949=CARTESIAN_POINT('',(1.444395829915E2,-1.342426937509E2,
-8.733879333080E-1));
#6951=DIRECTION('',(0.E0,-3.257436514783E-2,9.994693145541E-1));
#6952=VECTOR('',#6951,1.E0);
#6953=SURFACE_OF_LINEAR_EXTRUSION('',#6950,#6952);
#6954=ORIENTED_EDGE('',*,*,#5816,.F.);
#6956=ORIENTED_EDGE('',*,*,#6955,.T.);
#6957=ORIENTED_EDGE('',*,*,#6312,.T.);
#6958=ORIENTED_EDGE('',*,*,#6932,.F.);
#6959=EDGE_LOOP('',(#6954,#6956,#6957,#6958));
#6960=FACE_OUTER_BOUND('',#6959,.F.);
#6962=CARTESIAN_POINT('',(1.428651243392E2,-1.317925329645E2,
-7.935331233944E-1));
#6963=DIRECTION('',(-1.E0,0.E0,0.E0));
#6964=DIRECTION('',(0.E0,-9.994693145541E-1,-3.257436514783E-2));
#6965=AXIS2_PLACEMENT_3D('',#6962,#6963,#6964);
#6966=PLANE('',#6965);
#6967=ORIENTED_EDGE('',*,*,#5814,.F.);
#6969=ORIENTED_EDGE('',*,*,#6968,.T.);
#6970=ORIENTED_EDGE('',*,*,#6314,.T.);
#6971=ORIENTED_EDGE('',*,*,#6955,.F.);
#6972=EDGE_LOOP('',(#6967,#6969,#6970,#6971));
#6973=FACE_OUTER_BOUND('',#6972,.F.);
#6975=CARTESIAN_POINT('',(1.434738699731E2,-1.318109881565E2,
-7.941346087579E-1));
#6976=CARTESIAN_POINT('',(1.434744619501E2,-1.318048395387E2,
-7.939342150907E-1));
#6977=CARTESIAN_POINT('',(1.434770786968E2,-1.317485575303E2,
-7.920998909474E-1));
#6978=CARTESIAN_POINT('',(1.434350800724E2,-1.316384109117E2,
-7.885100296863E-1));
#6979=CARTESIAN_POINT('',(1.433222978196E2,-1.315279788661E2,
-7.849108658850E-1));
#6980=CARTESIAN_POINT('',(1.431683012975E2,-1.314756957257E2,
-7.832068714925E-1));
#6981=CARTESIAN_POINT('',(1.430159555608E2,-1.315296102712E2,
-7.849640360885E-1));
#6982=CARTESIAN_POINT('',(1.429045517386E2,-1.316389423688E2,
-7.885273507574E-1));
#6983=CARTESIAN_POINT('',(1.428627955364E2,-1.317485808860E2,
-7.921006521488E-1));
#6984=CARTESIAN_POINT('',(1.428654104421E2,-1.318048392282E2,
-7.939342049709E-1));
#6985=CARTESIAN_POINT('',(1.428660021914E2,-1.318109871086E2,
-7.941345746038E-1));
#6987=DIRECTION('',(0.E0,-3.257436514783E-2,9.994693145541E-1));
#6988=VECTOR('',#6987,1.E0);
#6989=SURFACE_OF_LINEAR_EXTRUSION('',#6986,#6988);
#6990=ORIENTED_EDGE('',*,*,#5812,.F.);
#6992=ORIENTED_EDGE('',*,*,#6991,.T.);
#6993=ORIENTED_EDGE('',*,*,#6316,.T.);
#6994=ORIENTED_EDGE('',*,*,#6968,.F.);
#6995=EDGE_LOOP('',(#6990,#6992,#6993,#6994));
#6996=FACE_OUTER_BOUND('',#6995,.F.);
#6998=CARTESIAN_POINT('',(1.434747481485E2,-1.330580576110E2,
-8.347786737464E-1));
#6999=DIRECTION('',(1.E0,-4.486921932048E-14,0.E0));
#7000=DIRECTION('',(4.489304340524E-14,9.994693145541E-1,3.257436514783E-2));
#7001=AXIS2_PLACEMENT_3D('',#6998,#6999,#7000);
#7002=PLANE('',#7001);
#7003=ORIENTED_EDGE('',*,*,#5810,.F.);
#7005=ORIENTED_EDGE('',*,*,#7004,.T.);
#7006=ORIENTED_EDGE('',*,*,#6318,.T.);
#7007=ORIENTED_EDGE('',*,*,#6991,.F.);
#7008=EDGE_LOOP('',(#7003,#7005,#7006,#7007));
#7009=FACE_OUTER_BOUND('',#7008,.F.);
#7011=CARTESIAN_POINT('',(1.446140935773E2,-1.327058772079E2,
-8.233005294128E-1));
#7012=CARTESIAN_POINT('',(1.446476835419E2,-1.328226114266E2,
-8.271050915063E-1));
#7013=CARTESIAN_POINT('',(1.446856640844E2,-1.330370566964E2,
-8.340942190570E-1));
#7014=CARTESIAN_POINT('',(1.446502305637E2,-1.333307791350E2,
-8.436671212222E-1));
#7015=CARTESIAN_POINT('',(1.445448876012E2,-1.335618662187E2,
-8.511986331313E-1));
#7016=CARTESIAN_POINT('',(1.443278035363E2,-1.337078677511E2,
-8.559570655917E-1));
#7017=CARTESIAN_POINT('',(1.440615369567E2,-1.337469694079E2,
-8.572314535360E-1));
#7018=CARTESIAN_POINT('',(1.437969338187E2,-1.336973861563E2,
-8.556154530058E-1));
#7019=CARTESIAN_POINT('',(1.435892088248E2,-1.335409855674E2,
-8.505180980234E-1));
#7020=CARTESIAN_POINT('',(1.434928115756E2,-1.333090175997E2,
-8.429578766400E-1));
#7021=CARTESIAN_POINT('',(1.434607640739E2,-1.330178375407E2,
-8.334678348483E-1));
#7022=CARTESIAN_POINT('',(1.434951666325E2,-1.328048554324E2,
-8.265263941588E-1));
#7023=CARTESIAN_POINT('',(1.435249998856E2,-1.326867585604E2,
-8.226774209361E-1));
#7025=DIRECTION('',(0.E0,-3.257436514783E-2,9.994693145541E-1));
#7026=VECTOR('',#7025,1.E0);
#7027=SURFACE_OF_LINEAR_EXTRUSION('',#7024,#7026);
#7028=ORIENTED_EDGE('',*,*,#5808,.F.);
#7030=ORIENTED_EDGE('',*,*,#7029,.T.);
#7031=ORIENTED_EDGE('',*,*,#6320,.T.);
#7032=ORIENTED_EDGE('',*,*,#7004,.F.);
#7033=EDGE_LOOP('',(#7028,#7030,#7031,#7032));
#7034=FACE_OUTER_BOUND('',#7033,.F.);
#7036=CARTESIAN_POINT('',(1.446702083354E2,-1.317925329645E2,
-7.935331233944E-1));
#7037=DIRECTION('',(-1.E0,2.209469367472E-14,0.E0));
#7038=DIRECTION('',(-2.210642523286E-14,-9.994693145541E-1,-3.257436514783E-2));
#7039=AXIS2_PLACEMENT_3D('',#7036,#7037,#7038);
#7040=PLANE('',#7039);
#7041=ORIENTED_EDGE('',*,*,#5806,.F.);
#7043=ORIENTED_EDGE('',*,*,#7042,.T.);
#7044=ORIENTED_EDGE('',*,*,#6322,.T.);
#7045=ORIENTED_EDGE('',*,*,#7029,.F.);
#7046=EDGE_LOOP('',(#7041,#7043,#7044,#7045));
#7047=FACE_OUTER_BOUND('',#7046,.F.);
#7049=CARTESIAN_POINT('',(1.452789785431E2,-1.318109885532E2,
-7.941346216853E-1));
#7050=CARTESIAN_POINT('',(1.452795705720E2,-1.318048398054E2,
-7.939342237821E-1));
#7051=CARTESIAN_POINT('',(1.452821874195E2,-1.317485592544E2,
-7.920999471386E-1));
#7052=CARTESIAN_POINT('',(1.452401885027E2,-1.316384129092E2,
-7.885100947895E-1));
#7053=CARTESIAN_POINT('',(1.451274009943E2,-1.315279813043E2,
-7.849109453518E-1));
#7054=CARTESIAN_POINT('',(1.449733979043E2,-1.314756952124E2,
-7.832068547658E-1));
#7055=CARTESIAN_POINT('',(1.448210436406E2,-1.315296079494E2,
-7.849639604168E-1));
#7056=CARTESIAN_POINT('',(1.447096357168E2,-1.316389414487E2,
-7.885273207679E-1));
#7057=CARTESIAN_POINT('',(1.446678795026E2,-1.317485811025E2,
-7.921006592044E-1));
#7058=CARTESIAN_POINT('',(1.446704944487E2,-1.318048394950E2,
-7.939342136664E-1));
#7059=CARTESIAN_POINT('',(1.446710862192E2,-1.318109875066E2,
-7.941345875755E-1));
#7061=DIRECTION('',(0.E0,-3.257436514783E-2,9.994693145541E-1));
#7062=VECTOR('',#7061,1.E0);
#7063=SURFACE_OF_LINEAR_EXTRUSION('',#7060,#7062);
#7064=ORIENTED_EDGE('',*,*,#5804,.F.);
#7066=ORIENTED_EDGE('',*,*,#7065,.T.);
#7067=ORIENTED_EDGE('',*,*,#6324,.T.);
#7068=ORIENTED_EDGE('',*,*,#7042,.F.);
#7069=EDGE_LOOP('',(#7064,#7066,#7067,#7068));
#7070=FACE_OUTER_BOUND('',#7069,.F.);
#7072=CARTESIAN_POINT('',(1.452798567950E2,-1.330541634083E2,
-8.346517552119E-1));
#7073=DIRECTION('',(1.E0,0.E0,0.E0));
#7074=DIRECTION('',(0.E0,9.994693145541E-1,3.257436514783E-2));
#7075=AXIS2_PLACEMENT_3D('',#7072,#7073,#7074);
#7076=PLANE('',#7075);
#7077=ORIENTED_EDGE('',*,*,#5802,.F.);
#7078=ORIENTED_EDGE('',*,*,#6935,.T.);
#7079=ORIENTED_EDGE('',*,*,#6326,.T.);
#7080=ORIENTED_EDGE('',*,*,#7065,.F.);
#7081=EDGE_LOOP('',(#7077,#7078,#7079,#7080));
#7082=FACE_OUTER_BOUND('',#7081,.F.);
#7084=CARTESIAN_POINT('',(1.413256164464E2,-1.342844199039E2,
-8.747478579441E-1));
#7085=CARTESIAN_POINT('',(1.413286672930E2,-1.342845697502E2,
-8.747527416845E-1));
#7086=CARTESIAN_POINT('',(1.413814410081E2,-1.342858423131E2,
-8.747942166211E-1));
#7087=CARTESIAN_POINT('',(1.414862492081E2,-1.342442431637E2,
-8.734384312441E-1));
#7088=CARTESIAN_POINT('',(1.415951859825E2,-1.341352412158E2,
-8.698858767026E-1));
#7089=CARTESIAN_POINT('',(1.416367459903E2,-1.340304713431E2,
-8.664712525198E-1));
#7090=CARTESIAN_POINT('',(1.416354748327E2,-1.339777128319E2,
-8.647517650055E-1));
#7091=CARTESIAN_POINT('',(1.416353251951E2,-1.339746636916E2,
-8.646523884583E-1));
#7093=DIRECTION('',(0.E0,-3.257436514783E-2,9.994693145541E-1));
#7094=VECTOR('',#7093,1.E0);
#7095=SURFACE_OF_LINEAR_EXTRUSION('',#7092,#7094);
#7096=ORIENTED_EDGE('',*,*,#5780,.F.);
#7098=ORIENTED_EDGE('',*,*,#7097,.T.);
#7099=ORIENTED_EDGE('',*,*,#6336,.T.);
#7101=ORIENTED_EDGE('',*,*,#7100,.F.);
#7102=EDGE_LOOP('',(#7096,#7098,#7099,#7101));
#7103=FACE_OUTER_BOUND('',#7102,.F.);
#7105=CARTESIAN_POINT('',(1.410342081687E2,-1.339746636885E2,
-8.646523883573E-1));
#7106=CARTESIAN_POINT('',(1.410340585460E2,-1.339777128344E2,
-8.647517650875E-1));
#7107=CARTESIAN_POINT('',(1.410327864510E2,-1.340305150192E2,
-8.664726759980E-1));
#7108=CARTESIAN_POINT('',(1.410743959780E2,-1.341353239486E2,
-8.698885731030E-1));
#7109=CARTESIAN_POINT('',(1.411833669363E2,-1.342442913898E2,
-8.734400030142E-1));
#7110=CARTESIAN_POINT('',(1.412881348526E2,-1.342858413304E2,
-8.747941845954E-1));
#7111=CARTESIAN_POINT('',(1.413408657824E2,-1.342845697512E2,
-8.747527417172E-1));
#7112=CARTESIAN_POINT('',(1.413439164671E2,-1.342844199058E2,
-8.747478580054E-1));
#7114=DIRECTION('',(0.E0,-3.257436514783E-2,9.994693145541E-1));
#7115=VECTOR('',#7114,1.E0);
#7116=SURFACE_OF_LINEAR_EXTRUSION('',#7113,#7115);
#7117=ORIENTED_EDGE('',*,*,#5796,.F.);
#7119=ORIENTED_EDGE('',*,*,#7118,.T.);
#7120=ORIENTED_EDGE('',*,*,#6338,.T.);
#7121=ORIENTED_EDGE('',*,*,#7097,.F.);
#7122=EDGE_LOOP('',(#7117,#7119,#7120,#7121));
#7123=FACE_OUTER_BOUND('',#7122,.F.);
#7125=CARTESIAN_POINT('',(1.410339850938E2,-1.320811251056E2,
-8.029388206441E-1));
#7126=DIRECTION('',(-1.E0,0.E0,0.E0));
#7127=DIRECTION('',(0.E0,-9.994693145541E-1,-3.257436514783E-2));
#7128=AXIS2_PLACEMENT_3D('',#7125,#7126,#7127);
#7129=PLANE('',#7128);
#7130=ORIENTED_EDGE('',*,*,#5794,.F.);
#7132=ORIENTED_EDGE('',*,*,#7131,.T.);
#7133=ORIENTED_EDGE('',*,*,#6340,.T.);
#7134=ORIENTED_EDGE('',*,*,#7118,.F.);
#7135=EDGE_LOOP('',(#7130,#7132,#7133,#7134));
#7136=FACE_OUTER_BOUND('',#7135,.F.);
#7138=CARTESIAN_POINT('',(1.404557409742E2,-1.320811251056E2,
-8.029388206441E-1));
#7139=DIRECTION('',(0.E0,-9.994693145541E-1,-3.257436514783E-2));
#7140=DIRECTION('',(1.E0,0.E0,0.E0));
#7141=AXIS2_PLACEMENT_3D('',#7138,#7139,#7140);
#7142=PLANE('',#7141);
#7143=ORIENTED_EDGE('',*,*,#5792,.F.);
#7145=ORIENTED_EDGE('',*,*,#7144,.T.);
#7146=ORIENTED_EDGE('',*,*,#6342,.T.);
#7147=ORIENTED_EDGE('',*,*,#7131,.F.);
#7148=EDGE_LOOP('',(#7143,#7145,#7146,#7147));
#7149=FACE_OUTER_BOUND('',#7148,.F.);
#7151=CARTESIAN_POINT('',(1.404729200670E2,-1.315269052996E2,
-7.848758765707E-1));
#7152=CARTESIAN_POINT('',(1.404672158275E2,-1.315265267175E2,
-7.848635379503E-1));
#7153=CARTESIAN_POINT('',(1.404133380178E2,-1.315247622069E2,
-7.848060296185E-1));
#7154=CARTESIAN_POINT('',(1.403100479782E2,-1.315525758011E2,
-7.857125208541E-1));
#7155=CARTESIAN_POINT('',(1.402046521192E2,-1.316585855432E2,
-7.891675544393E-1));
#7156=CARTESIAN_POINT('',(1.401655065377E2,-1.318026120235E2,
-7.938616166707E-1));
#7157=CARTESIAN_POINT('',(1.402036462335E2,-1.319473525533E2,
-7.985789509582E-1));
#7158=CARTESIAN_POINT('',(1.403090496273E2,-1.320545415168E2,
-8.020724173296E-1));
#7159=CARTESIAN_POINT('',(1.404130690489E2,-1.320827112308E2,
-8.029905150994E-1));
#7160=CARTESIAN_POINT('',(1.404672157669E2,-1.320809373653E2,
-8.029327018748E-1));
#7161=CARTESIAN_POINT('',(1.404729198885E2,-1.320805586694E2,
-8.029203595484E-1));
#7163=DIRECTION('',(0.E0,-3.257436514783E-2,9.994693145541E-1));
#7164=VECTOR('',#7163,1.E0);
#7165=SURFACE_OF_LINEAR_EXTRUSION('',#7162,#7164);
#7166=ORIENTED_EDGE('',*,*,#5790,.F.);
#7168=ORIENTED_EDGE('',*,*,#7167,.T.);
#7169=ORIENTED_EDGE('',*,*,#6344,.T.);
#7170=ORIENTED_EDGE('',*,*,#7144,.F.);
#7171=EDGE_LOOP('',(#7166,#7168,#7169,#7170));
#7172=FACE_OUTER_BOUND('',#7171,.F.);
#7174=CARTESIAN_POINT('',(1.422136691601E2,-1.315263390332E2,
-7.848574210071E-1));
#7175=DIRECTION('',(0.E0,9.994693145541E-1,3.257436514783E-2));
#7176=DIRECTION('',(-1.E0,0.E0,0.E0));
#7177=AXIS2_PLACEMENT_3D('',#7174,#7175,#7176);
#7178=PLANE('',#7177);
#7179=ORIENTED_EDGE('',*,*,#5788,.F.);
#7181=ORIENTED_EDGE('',*,*,#7180,.T.);
#7182=ORIENTED_EDGE('',*,*,#6346,.T.);
#7183=ORIENTED_EDGE('',*,*,#7167,.F.);
#7184=EDGE_LOOP('',(#7179,#7181,#7182,#7183));
#7185=FACE_OUTER_BOUND('',#7184,.F.);
#7187=CARTESIAN_POINT('',(1.421964900674E2,-1.320805588392E2,
-8.029203650804E-1));
#7188=CARTESIAN_POINT('',(1.422021943069E2,-1.320809374213E2,
-8.029327037008E-1));
#7189=CARTESIAN_POINT('',(1.422560721166E2,-1.320827019319E2,
-8.029902120332E-1));
#7190=CARTESIAN_POINT('',(1.423593621561E2,-1.320548883377E2,
-8.020837207974E-1));
#7191=CARTESIAN_POINT('',(1.424647580152E2,-1.319488785956E2,
-7.986286872125E-1));
#7192=CARTESIAN_POINT('',(1.425039035967E2,-1.318048521152E2,
-7.939346249804E-1));
#7193=CARTESIAN_POINT('',(1.424657639008E2,-1.316601115855E2,
-7.892172906926E-1));
#7194=CARTESIAN_POINT('',(1.423603605070E2,-1.315529226219E2,
-7.857238243206E-1));
#7195=CARTESIAN_POINT('',(1.422563410854E2,-1.315247529080E2,
-7.848057265521E-1));
#7196=CARTESIAN_POINT('',(1.422021943673E2,-1.315265267735E2,
-7.848635397764E-1));
#7197=CARTESIAN_POINT('',(1.421964902457E2,-1.315269054694E2,
-7.848758821027E-1));
#7199=DIRECTION('',(0.E0,-3.257436514783E-2,9.994693145541E-1));
#7200=VECTOR('',#7199,1.E0);
#7201=SURFACE_OF_LINEAR_EXTRUSION('',#7198,#7200);
#7202=ORIENTED_EDGE('',*,*,#5786,.F.);
#7204=ORIENTED_EDGE('',*,*,#7203,.T.);
#7205=ORIENTED_EDGE('',*,*,#6348,.T.);
#7206=ORIENTED_EDGE('',*,*,#7180,.F.);
#7207=EDGE_LOOP('',(#7202,#7204,#7205,#7206));
#7208=FACE_OUTER_BOUND('',#7207,.F.);
#7210=CARTESIAN_POINT('',(1.416355482915E2,-1.320811251056E2,
-8.029388206441E-1));
#7211=DIRECTION('',(0.E0,-9.994693145541E-1,-3.257436514783E-2));
#7212=DIRECTION('',(1.E0,0.E0,0.E0));
#7213=AXIS2_PLACEMENT_3D('',#7210,#7211,#7212);
#7214=PLANE('',#7213);
#7215=ORIENTED_EDGE('',*,*,#5784,.F.);
#7217=ORIENTED_EDGE('',*,*,#7216,.T.);
#7218=ORIENTED_EDGE('',*,*,#6350,.T.);
#7219=ORIENTED_EDGE('',*,*,#7203,.F.);
#7220=EDGE_LOOP('',(#7215,#7217,#7218,#7219));
#7221=FACE_OUTER_BOUND('',#7220,.F.);
#7223=CARTESIAN_POINT('',(1.416355482915E2,-1.339838088366E2,
-8.649504439244E-1));
#7224=DIRECTION('',(1.E0,0.E0,0.E0));
#7225=DIRECTION('',(0.E0,9.994693145541E-1,3.257436514783E-2));
#7226=AXIS2_PLACEMENT_3D('',#7223,#7224,#7225);
#7227=PLANE('',#7226);
#7228=ORIENTED_EDGE('',*,*,#5782,.F.);
#7229=ORIENTED_EDGE('',*,*,#7100,.T.);
#7230=ORIENTED_EDGE('',*,*,#6352,.T.);
#7231=ORIENTED_EDGE('',*,*,#7216,.F.);
#7232=EDGE_LOOP('',(#7228,#7229,#7230,#7231));
#7233=FACE_OUTER_BOUND('',#7232,.F.);
#7235=CARTESIAN_POINT('',(1.385887781545E2,-1.341634148315E2,
-8.708041016379E-1));
#7236=CARTESIAN_POINT('',(1.387018866277E2,-1.342512783564E2,
-8.736677198591E-1));
#7237=CARTESIAN_POINT('',(1.388854338131E2,-1.342996477373E2,
-8.752441583277E-1));
#7238=CARTESIAN_POINT('',(1.391363714562E2,-1.342700280781E2,
-8.742788044336E-1));
#7239=CARTESIAN_POINT('',(1.393223662904E2,-1.342115745276E2,
-8.723737061289E-1));
#7240=CARTESIAN_POINT('',(1.395071357641E2,-1.341177277538E2,
-8.693150838847E-1));
#7241=CARTESIAN_POINT('',(1.396729840509E2,-1.339972990596E2,
-8.653901127012E-1));
#7242=CARTESIAN_POINT('',(1.398080480797E2,-1.338601324718E2,
-8.609196257626E-1));
#7243=CARTESIAN_POINT('',(1.399058133389E2,-1.337148956908E2,
-8.561861178205E-1));
#7244=CARTESIAN_POINT('',(1.399623604299E2,-1.335701349938E2,
-8.514681262469E-1));
#7245=CARTESIAN_POINT('',(1.399914654529E2,-1.333474862580E2,
-8.442116341137E-1));
#7246=CARTESIAN_POINT('',(1.399233745273E2,-1.331792423268E2,
-8.387282849315E-1));
#7247=CARTESIAN_POINT('',(1.397938526101E2,-1.330899150411E2,
-8.358169603103E-1));
#7249=DIRECTION('',(0.E0,-3.257436514783E-2,9.994693145541E-1));
#7250=VECTOR('',#7249,1.E0);
#7251=SURFACE_OF_LINEAR_EXTRUSION('',#7248,#7250);
#7252=ORIENTED_EDGE('',*,*,#5762,.F.);
#7254=ORIENTED_EDGE('',*,*,#7253,.T.);
#7255=ORIENTED_EDGE('',*,*,#6362,.T.);
#7257=ORIENTED_EDGE('',*,*,#7256,.F.);
#7258=EDGE_LOOP('',(#7252,#7254,#7255,#7257));
#7259=FACE_OUTER_BOUND('',#7258,.F.);
#7261=CARTESIAN_POINT('',(1.378947002243E2,-1.339420272774E2,
-8.635887135098E-1));
#7262=CARTESIAN_POINT('',(1.379006623612E2,-1.339463896608E2,
-8.637308908307E-1));
#7263=CARTESIAN_POINT('',(1.380052664322E2,-1.340218143234E2,
-8.661891058701E-1));
#7264=CARTESIAN_POINT('',(1.382286957430E2,-1.341453764552E2,
-8.702162009909E-1));
#7265=CARTESIAN_POINT('',(1.385830094768E2,-1.342573473324E2,
-8.738655178695E-1));
#7266=CARTESIAN_POINT('',(1.388390088811E2,-1.342854569780E2,
-8.747816579122E-1));
#7267=CARTESIAN_POINT('',(1.389702379385E2,-1.342845947542E2,
-8.747535566058E-1));
#7268=CARTESIAN_POINT('',(1.389776262882E2,-1.342844972811E2,
-8.747503797949E-1));
#7270=DIRECTION('',(0.E0,-3.257436514783E-2,9.994693145541E-1));
#7271=VECTOR('',#7270,1.E0);
#7272=SURFACE_OF_LINEAR_EXTRUSION('',#7269,#7271);
#7273=ORIENTED_EDGE('',*,*,#5776,.F.);
#7275=ORIENTED_EDGE('',*,*,#7274,.T.);
#7276=ORIENTED_EDGE('',*,*,#6364,.T.);
#7277=ORIENTED_EDGE('',*,*,#7253,.F.);
#7278=EDGE_LOOP('',(#7273,#7275,#7276,#7277));
#7279=FACE_OUTER_BOUND('',#7278,.F.);
#7281=CARTESIAN_POINT('',(1.391859425605E2,-1.333321202068E2,
-8.437108289792E-1));
#7282=CARTESIAN_POINT('',(1.393199842173E2,-1.333642250590E2,
-8.447571794412E-1));
#7283=CARTESIAN_POINT('',(1.393991879995E2,-1.334687818346E2,
-8.481648584348E-1));
#7284=CARTESIAN_POINT('',(1.393246450016E2,-1.336229649477E2,
-8.531899422006E-1));
#7285=CARTESIAN_POINT('',(1.391946745824E2,-1.336998642655E2,
-8.556962187023E-1));
#7286=CARTESIAN_POINT('',(1.390356347152E2,-1.337474326173E2,
-8.572465503009E-1));
#7287=CARTESIAN_POINT('',(1.388521695041E2,-1.337622479625E2,
-8.577294070100E-1));
#7288=CARTESIAN_POINT('',(1.386622227929E2,-1.337225374064E2,
-8.564351740234E-1));
#7289=CARTESIAN_POINT('',(1.384897416741E2,-1.336365412138E2,
-8.536324152640E-1));
#7290=CARTESIAN_POINT('',(1.383341015629E2,-1.335463691283E2,
-8.506935572135E-1));
#7291=CARTESIAN_POINT('',(1.381943768446E2,-1.334619491890E2,
-8.479421711653E-1));
#7292=CARTESIAN_POINT('',(1.380323816089E2,-1.334368552777E2,
-8.471243189121E-1));
#7293=CARTESIAN_POINT('',(1.378911963601E2,-1.335244032619E2,
-8.499776531400E-1));
#7294=CARTESIAN_POINT('',(1.377907686861E2,-1.336616976305E2,
-8.544523046696E-1));
#7295=CARTESIAN_POINT('',(1.377989786409E2,-1.338369999020E2,
-8.601656968858E-1));
#7296=CARTESIAN_POINT('',(1.379501639995E2,-1.340249509945E2,
-8.662913351916E-1));
#7297=CARTESIAN_POINT('',(1.381506849201E2,-1.340211823478E2,
-8.661685087337E-1));
#7298=CARTESIAN_POINT('',(1.382321248330E2,-1.338598288673E2,
-8.609097307869E-1));
#7300=DIRECTION('',(0.E0,-3.257436514783E-2,9.994693145541E-1));
#7301=VECTOR('',#7300,1.E0);
#7302=SURFACE_OF_LINEAR_EXTRUSION('',#7299,#7301);
#7303=ORIENTED_EDGE('',*,*,#5774,.F.);
#7305=ORIENTED_EDGE('',*,*,#7304,.T.);
#7306=ORIENTED_EDGE('',*,*,#6366,.T.);
#7307=ORIENTED_EDGE('',*,*,#7274,.F.);
#7308=EDGE_LOOP('',(#7303,#7305,#7306,#7307));
#7309=FACE_OUTER_BOUND('',#7308,.F.);
#7311=CARTESIAN_POINT('',(1.387951155400E2,-1.331313122797E2,
-8.371661650814E-1));
#7312=CARTESIAN_POINT('',(1.387996624260E2,-1.331324810769E2,
-8.372042581241E-1));
#7313=CARTESIAN_POINT('',(1.388427806904E2,-1.331434586238E2,
-8.375620346096E-1));
#7314=CARTESIAN_POINT('',(1.389216125535E2,-1.331621245997E2,
-8.381703897720E-1));
#7315=CARTESIAN_POINT('',(1.390271748941E2,-1.331922578291E2,
-8.391524817690E-1));
#7316=CARTESIAN_POINT('',(1.391209630120E2,-1.332280806652E2,
-8.403200075018E-1));
#7317=CARTESIAN_POINT('',(1.392030389847E2,-1.332685546865E2,
-8.416391230865E-1));
#7318=CARTESIAN_POINT('',(1.392723804030E2,-1.333144718313E2,
-8.431356391086E-1));
#7319=CARTESIAN_POINT('',(1.393269302915E2,-1.333668302592E2,
-8.448420872432E-1));
#7320=CARTESIAN_POINT('',(1.393610545750E2,-1.334258073360E2,
-8.467642481407E-1));
#7321=CARTESIAN_POINT('',(1.393694947543E2,-1.334731036883E2,
-8.483057148271E-1));
#7322=CARTESIAN_POINT('',(1.393677314580E2,-1.334974171238E2,
-8.490981300762E-1));
#7323=CARTESIAN_POINT('',(1.393671506125E2,-1.335020647039E2,
-8.492496024317E-1));
#7325=DIRECTION('',(0.E0,-3.257436514783E-2,9.994693145541E-1));
#7326=VECTOR('',#7325,1.E0);
#7327=SURFACE_OF_LINEAR_EXTRUSION('',#7324,#7326);
#7328=ORIENTED_EDGE('',*,*,#5772,.F.);
#7330=ORIENTED_EDGE('',*,*,#7329,.T.);
#7331=ORIENTED_EDGE('',*,*,#6368,.T.);
#7332=ORIENTED_EDGE('',*,*,#7304,.F.);
#7333=EDGE_LOOP('',(#7328,#7330,#7331,#7332));
#7334=FACE_OUTER_BOUND('',#7333,.F.);
#7336=CARTESIAN_POINT('',(1.380952736328E2,-1.319415080020E2,
-7.983884673261E-1));
#7337=CARTESIAN_POINT('',(1.379466470240E2,-1.320370464063E2,
-8.015022226177E-1));
#7338=CARTESIAN_POINT('',(1.378485944916E2,-1.322544571217E2,
-8.085879989648E-1));
#7339=CARTESIAN_POINT('',(1.379484702387E2,-1.325804831997E2,
-8.192137303975E-1));
#7340=CARTESIAN_POINT('',(1.381623486197E2,-1.328202313919E2,
-8.270275222206E-1));
#7341=CARTESIAN_POINT('',(1.384569638569E2,-1.330133650166E2,
-8.333220678564E-1));
#7342=CARTESIAN_POINT('',(1.388062004574E2,-1.331509786038E2,
-8.378071232493E-1));
#7343=CARTESIAN_POINT('',(1.390583497863E2,-1.331808582253E2,
-8.387809497456E-1));
#7344=CARTESIAN_POINT('',(1.391862271540E2,-1.331756797879E2,
-8.386121758705E-1));
#7346=DIRECTION('',(0.E0,-3.257436514783E-2,9.994693145541E-1));
#7347=VECTOR('',#7346,1.E0);
#7348=SURFACE_OF_LINEAR_EXTRUSION('',#7345,#7347);
#7349=ORIENTED_EDGE('',*,*,#5770,.F.);
#7351=ORIENTED_EDGE('',*,*,#7350,.T.);
#7352=ORIENTED_EDGE('',*,*,#6370,.T.);
#7353=ORIENTED_EDGE('',*,*,#7329,.F.);
#7354=EDGE_LOOP('',(#7349,#7351,#7352,#7353));
#7355=FACE_OUTER_BOUND('',#7354,.F.);
#7357=CARTESIAN_POINT('',(1.385390616801E2,-1.323260308343E2,
-8.109207051475E-1));
#7358=CARTESIAN_POINT('',(1.385091657452E2,-1.323026858472E2,
-8.101598532395E-1));
#7359=CARTESIAN_POINT('',(1.384880148481E2,-1.322501995080E2,
-8.084492362634E-1));
#7360=CARTESIAN_POINT('',(1.385029565437E2,-1.321724892066E2,
-8.059165284589E-1));
#7361=CARTESIAN_POINT('',(1.385417808747E2,-1.321145457271E2,
-8.040280542146E-1));
#7362=CARTESIAN_POINT('',(1.386028506434E2,-1.320670926622E2,
-8.024814800054E-1));
#7363=CARTESIAN_POINT('',(1.386800080202E2,-1.320297637934E2,
-8.012648701649E-1));
#7364=CARTESIAN_POINT('',(1.387718634712E2,-1.320025321375E2,
-8.003773452667E-1));
#7365=CARTESIAN_POINT('',(1.388784347397E2,-1.319874359844E2,
-7.998853365602E-1));
#7366=CARTESIAN_POINT('',(1.389982647207E2,-1.319933281565E2,
-8.000773722353E-1));
#7367=CARTESIAN_POINT('',(1.391204560750E2,-1.320260523943E2,
-8.011439095037E-1));
#7368=CARTESIAN_POINT('',(1.392337029690E2,-1.320757384137E2,
-8.027632594087E-1));
#7369=CARTESIAN_POINT('',(1.393341584801E2,-1.321274566396E2,
-8.044488422974E-1));
#7370=CARTESIAN_POINT('',(1.394240045048E2,-1.321725946318E2,
-8.059199644389E-1));
#7371=CARTESIAN_POINT('',(1.395061830146E2,-1.322101660033E2,
-8.071444778477E-1));
#7372=CARTESIAN_POINT('',(1.395921240019E2,-1.322266070679E2,
-8.076803194517E-1));
#7373=CARTESIAN_POINT('',(1.396780430857E2,-1.322043650192E2,
-8.069554141383E-1));
#7374=CARTESIAN_POINT('',(1.397553912889E2,-1.321567244199E2,
-8.054027278727E-1));
#7375=CARTESIAN_POINT('',(1.398197644215E2,-1.320909516587E2,
-8.032590843328E-1));
#7376=CARTESIAN_POINT('',(1.398642588350E2,-1.320145080182E2,
-8.007676591121E-1));
#7377=CARTESIAN_POINT('',(1.398812809663E2,-1.319317469045E2,
-7.980703369442E-1));
#7378=CARTESIAN_POINT('',(1.398619435883E2,-1.318517656775E2,
-7.954636159026E-1));
#7379=CARTESIAN_POINT('',(1.398181967896E2,-1.317794340863E2,
-7.931062091975E-1));
#7380=CARTESIAN_POINT('',(1.397548983251E2,-1.317116416653E2,
-7.908967415895E-1));
#7381=CARTESIAN_POINT('',(1.396728045782E2,-1.316482771532E2,
-7.888315868868E-1));
#7382=CARTESIAN_POINT('',(1.395704348508E2,-1.315936574983E2,
-7.870514416066E-1));
#7383=CARTESIAN_POINT('',(1.394492900190E2,-1.315503993736E2,
-7.856415874680E-1));
#7384=CARTESIAN_POINT('',(1.393115394453E2,-1.315157855097E2,
-7.845134641451E-1));
#7385=CARTESIAN_POINT('',(1.391577692296E2,-1.314836784683E2,
-7.834670423357E-1));
#7386=CARTESIAN_POINT('',(1.389842803141E2,-1.314606322178E2,
-7.827159267487E-1));
#7387=CARTESIAN_POINT('',(1.387893568794E2,-1.314559295769E2,
-7.825626598715E-1));
#7388=CARTESIAN_POINT('',(1.385830307387E2,-1.314801104767E2,
-7.833507555619E-1));
#7389=CARTESIAN_POINT('',(1.383836191250E2,-1.315401591468E2,
-7.853078414646E-1));
#7390=CARTESIAN_POINT('',(1.382084329477E2,-1.316377059914E2,
-7.884870551637E-1));
#7391=CARTESIAN_POINT('',(1.380694697905E2,-1.317723157706E2,
-7.928742114623E-1));
#7392=CARTESIAN_POINT('',(1.379680729457E2,-1.319327284317E2,
-7.981023265465E-1));
#7393=CARTESIAN_POINT('',(1.379042346905E2,-1.321079980759E2,
-8.038146553828E-1));
#7394=CARTESIAN_POINT('',(1.378718033354E2,-1.323570433415E2,
-8.119314542725E-1));
#7395=CARTESIAN_POINT('',(1.379259034695E2,-1.325421766441E2,
-8.179652561220E-1));
#7396=CARTESIAN_POINT('',(1.380150975481E2,-1.326491988542E2,
-8.214532877191E-1));
#7398=DIRECTION('',(0.E0,-3.257436514783E-2,9.994693145541E-1));
#7399=VECTOR('',#7398,1.E0);
#7400=SURFACE_OF_LINEAR_EXTRUSION('',#7397,#7399);
#7401=ORIENTED_EDGE('',*,*,#5768,.F.);
#7403=ORIENTED_EDGE('',*,*,#7402,.T.);
#7404=ORIENTED_EDGE('',*,*,#6372,.T.);
#7405=ORIENTED_EDGE('',*,*,#7350,.F.);
#7406=EDGE_LOOP('',(#7401,#7403,#7404,#7405));
#7407=FACE_OUTER_BOUND('',#7406,.F.);
#7409=CARTESIAN_POINT('',(1.391086533676E2,-1.326047790189E2,
-8.200055715037E-1));
#7410=CARTESIAN_POINT('',(1.391038348957E2,-1.326035281474E2,
-8.199648035237E-1));
#7411=CARTESIAN_POINT('',(1.390579255204E2,-1.325917613656E2,
-8.195813045598E-1));
#7412=CARTESIAN_POINT('',(1.389739387956E2,-1.325723746302E2,
-8.189494586486E-1));
#7413=CARTESIAN_POINT('',(1.388612702830E2,-1.325419123032E2,
-8.179566408121E-1));
#7414=CARTESIAN_POINT('',(1.387610028587E2,-1.325057836621E2,
-8.167791483890E-1));
#7415=CARTESIAN_POINT('',(1.386730557393E2,-1.324647106692E2,
-8.154405113226E-1));
#7416=CARTESIAN_POINT('',(1.385985477667E2,-1.324176770491E2,
-8.139076075193E-1));
#7417=CARTESIAN_POINT('',(1.385397196931E2,-1.323634787924E2,
-8.121411963073E-1));
#7418=CARTESIAN_POINT('',(1.385027492175E2,-1.323016966764E2,
-8.101276145219E-1));
#7419=CARTESIAN_POINT('',(1.384937051799E2,-1.322517713147E2,
-8.085004640542E-1));
#7420=CARTESIAN_POINT('',(1.384955543626E2,-1.322261438032E2,
-8.076652208852E-1));
#7421=CARTESIAN_POINT('',(1.384961715063E2,-1.322212187511E2,
-8.075047052557E-1));
#7423=DIRECTION('',(0.E0,-3.257436514783E-2,9.994693145541E-1));
#7424=VECTOR('',#7423,1.E0);
#7425=SURFACE_OF_LINEAR_EXTRUSION('',#7422,#7424);
#7426=ORIENTED_EDGE('',*,*,#5766,.F.);
#7428=ORIENTED_EDGE('',*,*,#7427,.T.);
#7429=ORIENTED_EDGE('',*,*,#6374,.T.);
#7430=ORIENTED_EDGE('',*,*,#7402,.F.);
#7431=EDGE_LOOP('',(#7426,#7428,#7429,#7430));
#7432=FACE_OUTER_BOUND('',#7431,.F.);
#7434=CARTESIAN_POINT('',(1.397659794786E2,-1.337781557550E2,
-8.582478683916E-1));
#7435=CARTESIAN_POINT('',(1.399162513550E2,-1.336830339409E2,
-8.551476904649E-1));
#7436=CARTESIAN_POINT('',(1.400136385851E2,-1.334684189874E2,
-8.481530326412E-1));
#7437=CARTESIAN_POINT('',(1.399180865802E2,-1.331485745943E2,
-8.377287725874E-1));
#7438=CARTESIAN_POINT('',(1.397151112927E2,-1.329129591022E2,
-8.300496723259E-1));
#7439=CARTESIAN_POINT('',(1.394331519480E2,-1.327214615577E2,
-8.238084492613E-1));
#7440=CARTESIAN_POINT('',(1.390928906457E2,-1.325830729446E2,
-8.192981344854E-1));
#7441=CARTESIAN_POINT('',(1.388445204476E2,-1.325551415617E2,
-8.183878043237E-1));
#7442=CARTESIAN_POINT('',(1.387162529739E2,-1.325632640277E2,
-8.186525289811E-1));
#7444=DIRECTION('',(0.E0,-3.257436514783E-2,9.994693145541E-1));
#7445=VECTOR('',#7444,1.E0);
#7446=SURFACE_OF_LINEAR_EXTRUSION('',#7443,#7445);
#7447=ORIENTED_EDGE('',*,*,#5764,.F.);
#7448=ORIENTED_EDGE('',*,*,#7256,.T.);
#7449=ORIENTED_EDGE('',*,*,#6376,.T.);
#7450=ORIENTED_EDGE('',*,*,#7427,.F.);
#7451=EDGE_LOOP('',(#7447,#7448,#7449,#7450));
#7452=FACE_OUTER_BOUND('',#7451,.F.);
#7454=CARTESIAN_POINT('',(1.345322327566E2,-1.339739175646E2,
-8.646280709391E-1));
#7455=CARTESIAN_POINT('',(1.345320799161E2,-1.339769890764E2,
-8.647281766132E-1));
#7456=CARTESIAN_POINT('',(1.345307907743E2,-1.340297670702E2,
-8.664482990975E-1));
#7457=CARTESIAN_POINT('',(1.345727806141E2,-1.341349406860E2,
-8.698760819371E-1));
#7458=CARTESIAN_POINT('',(1.346831847E2,-1.342440760631E2,-8.734329851595E-1));
#7459=CARTESIAN_POINT('',(1.347891380271E2,-1.342858429556E2,
-8.747942375635E-1));
#7460=CARTESIAN_POINT('',(1.348426524538E2,-1.342845702318E2,
-8.747527573788E-1));
#7461=CARTESIAN_POINT('',(1.348457254820E2,-1.342844213943E2,
-8.747479065180E-1));
#7463=DIRECTION('',(0.E0,-3.257436514783E-2,9.994693145541E-1));
#7464=VECTOR('',#7463,1.E0);
#7465=SURFACE_OF_LINEAR_EXTRUSION('',#7462,#7464);
#7466=ORIENTED_EDGE('',*,*,#5740,.F.);
#7468=ORIENTED_EDGE('',*,*,#7467,.T.);
#7469=ORIENTED_EDGE('',*,*,#6386,.T.);
#7471=ORIENTED_EDGE('',*,*,#7470,.F.);
#7472=EDGE_LOOP('',(#7466,#7468,#7469,#7471));
#7473=FACE_OUTER_BOUND('',#7472,.F.);
#7475=CARTESIAN_POINT('',(1.345320048991E2,-1.332038911910E2,
-8.395316323581E-1));
#7476=DIRECTION('',(-1.E0,-3.643499179229E-14,0.E0));
#7477=DIRECTION('',(3.645433757868E-14,-9.994693145541E-1,-3.257436514783E-2));
#7478=AXIS2_PLACEMENT_3D('',#7475,#7476,#7477);
#7479=PLANE('',#7478);
#7480=ORIENTED_EDGE('',*,*,#5758,.F.);
#7482=ORIENTED_EDGE('',*,*,#7481,.T.);
#7483=ORIENTED_EDGE('',*,*,#6388,.T.);
#7484=ORIENTED_EDGE('',*,*,#7467,.F.);
#7485=EDGE_LOOP('',(#7480,#7482,#7483,#7484));
#7486=FACE_OUTER_BOUND('',#7485,.F.);
#7488=CARTESIAN_POINT('',(1.336382383681E2,-1.320017505064E2,
-8.003518706095E-1));
#7489=DIRECTION('',(-8.026564463653E-1,-5.961251164172E-1,-1.942870774840E-2));
#7490=DIRECTION('',(5.964416393145E-1,-8.022304882712E-1,-2.614602417216E-2));
#7491=AXIS2_PLACEMENT_3D('',#7488,#7489,#7490);
#7492=PLANE('',#7491);
#7493=ORIENTED_EDGE('',*,*,#5756,.F.);
#7495=ORIENTED_EDGE('',*,*,#7494,.T.);
#7496=ORIENTED_EDGE('',*,*,#6390,.T.);
#7497=ORIENTED_EDGE('',*,*,#7481,.F.);
#7498=EDGE_LOOP('',(#7493,#7495,#7496,#7497));
#7499=FACE_OUTER_BOUND('',#7498,.F.);
#7501=CARTESIAN_POINT('',(1.342537667528E2,-1.320453618193E2,
-8.017732357400E-1));
#7502=CARTESIAN_POINT('',(1.342733191630E2,-1.319189562167E2,
-7.976534671805E-1));
#7503=CARTESIAN_POINT('',(1.342272151651E2,-1.317313501798E2,
-7.915390748141E-1));
#7504=CARTESIAN_POINT('',(1.340679306289E2,-1.315620930236E2,
-7.860227029458E-1));
#7505=CARTESIAN_POINT('',(1.339358372026E2,-1.314903509200E2,
-7.836845086196E-1));
#7506=CARTESIAN_POINT('',(1.337866638411E2,-1.314999062622E2,
-7.839959330948E-1));
#7507=CARTESIAN_POINT('',(1.336609576242E2,-1.315824448434E2,
-7.866860025583E-1));
#7508=CARTESIAN_POINT('',(1.335671327025E2,-1.317061684841E2,
-7.907183615199E-1));
#7509=CARTESIAN_POINT('',(1.335553928069E2,-1.318677856417E2,
-7.959857331441E-1));
#7510=CARTESIAN_POINT('',(1.336680127056E2,-1.320680418947E2,
-8.025124170706E-1));
#7511=CARTESIAN_POINT('',(1.338032881220E2,-1.321658767900E2,
-8.057010188179E-1));
#7512=CARTESIAN_POINT('',(1.337821814825E2,-1.321897260309E2,
-8.064783051922E-1));
#7514=DIRECTION('',(0.E0,-3.257436514783E-2,9.994693145541E-1));
#7515=VECTOR('',#7514,1.E0);
#7516=SURFACE_OF_LINEAR_EXTRUSION('',#7513,#7515);
#7517=ORIENTED_EDGE('',*,*,#5754,.F.);
#7519=ORIENTED_EDGE('',*,*,#7518,.T.);
#7520=ORIENTED_EDGE('',*,*,#6392,.T.);
#7521=ORIENTED_EDGE('',*,*,#7494,.F.);
#7522=EDGE_LOOP('',(#7517,#7519,#7520,#7521));
#7523=FACE_OUTER_BOUND('',#7522,.F.);
#7525=CARTESIAN_POINT('',(1.348404527066E2,-1.326400201854E2,
-8.211541396588E-1));
#7526=DIRECTION('',(8.191014842646E-1,5.733442097939E-1,1.868624016091E-2));
#7527=DIRECTION('',(-5.736486367765E-1,8.186667990282E-1,2.668171084156E-2));
#7528=AXIS2_PLACEMENT_3D('',#7525,#7526,#7527);
#7529=PLANE('',#7528);
#7530=ORIENTED_EDGE('',*,*,#5752,.F.);
#7532=ORIENTED_EDGE('',*,*,#7531,.T.);
#7533=ORIENTED_EDGE('',*,*,#6394,.T.);
#7534=ORIENTED_EDGE('',*,*,#7518,.F.);
#7535=EDGE_LOOP('',(#7530,#7532,#7533,#7534));
#7536=FACE_OUTER_BOUND('',#7535,.F.);
#7538=CARTESIAN_POINT('',(1.355245940355E2,-1.316728258815E2,
-7.896316707179E-1));
#7539=DIRECTION('',(-8.165488666991E-1,5.769699666984E-1,1.880440960106E-2));
#7540=DIRECTION('',(-5.772763188391E-1,-8.161155360997E-1,-2.659856094490E-2));
#7541=AXIS2_PLACEMENT_3D('',#7538,#7539,#7540);
#7542=PLANE('',#7541);
#7543=ORIENTED_EDGE('',*,*,#5750,.F.);
#7545=ORIENTED_EDGE('',*,*,#7544,.T.);
#7546=ORIENTED_EDGE('',*,*,#6396,.T.);
#7547=ORIENTED_EDGE('',*,*,#7531,.F.);
#7548=EDGE_LOOP('',(#7543,#7545,#7546,#7547));
#7549=FACE_OUTER_BOUND('',#7548,.F.);
#7551=CARTESIAN_POINT('',(1.359317904425E2,-1.321492994704E2,
-8.051607364345E-1));
#7552=CARTESIAN_POINT('',(1.359480233107E2,-1.321049654708E2,
-8.037158177455E-1));
#7553=CARTESIAN_POINT('',(1.360277831774E2,-1.320175432053E2,
-8.008665808982E-1));
#7554=CARTESIAN_POINT('',(1.361204824729E2,-1.318644417564E2,
-7.958767503686E-1));
#7555=CARTESIAN_POINT('',(1.361101563710E2,-1.317009143104E2,
-7.905471192730E-1));
#7556=CARTESIAN_POINT('',(1.360171851090E2,-1.315779216908E2,
-7.865385855013E-1));
#7557=CARTESIAN_POINT('',(1.358949789411E2,-1.314960266438E2,
-7.838694898851E-1));
#7558=CARTESIAN_POINT('',(1.357503808286E2,-1.314865071529E2,
-7.835592338667E-1));
#7559=CARTESIAN_POINT('',(1.356222647550E2,-1.315569631332E2,
-7.858555112939E-1));
#7560=CARTESIAN_POINT('',(1.354662653894E2,-1.317235173522E2,
-7.912837899516E-1));
#7561=CARTESIAN_POINT('',(1.354204511785E2,-1.319082595603E2,
-7.973048453824E-1));
#7562=CARTESIAN_POINT('',(1.354374951203E2,-1.320329016384E2,
-8.013671377457E-1));
#7564=DIRECTION('',(0.E0,-3.257436514783E-2,9.994693145541E-1));
#7565=VECTOR('',#7564,1.E0);
#7566=SURFACE_OF_LINEAR_EXTRUSION('',#7563,#7565);
#7567=ORIENTED_EDGE('',*,*,#5748,.F.);
#7569=ORIENTED_EDGE('',*,*,#7568,.T.);
#7570=ORIENTED_EDGE('',*,*,#6398,.T.);
#7571=ORIENTED_EDGE('',*,*,#7544,.F.);
#7572=EDGE_LOOP('',(#7567,#7569,#7570,#7571));
#7573=FACE_OUTER_BOUND('',#7572,.F.);
#7575=CARTESIAN_POINT('',(1.351410371040E2,-1.331921435255E2,
-8.391487564258E-1));
#7576=DIRECTION('',(8.007923230153E-1,-5.986242637008E-1,-1.951015910963E-2));
#7577=DIRECTION('',(5.989421135634E-1,8.003673541842E-1,2.608530153748E-2));
#7578=AXIS2_PLACEMENT_3D('',#7575,#7576,#7577);
#7579=PLANE('',#7578);
#7580=ORIENTED_EDGE('',*,*,#5746,.F.);
#7582=ORIENTED_EDGE('',*,*,#7581,.T.);
#7583=ORIENTED_EDGE('',*,*,#6400,.T.);
#7584=ORIENTED_EDGE('',*,*,#7568,.F.);
#7585=EDGE_LOOP('',(#7580,#7582,#7583,#7584));
#7586=FACE_OUTER_BOUND('',#7585,.F.);
#7588=CARTESIAN_POINT('',(1.351410371040E2,-1.339831297763E2,
-8.649283122213E-1));
#7589=DIRECTION('',(1.E0,0.E0,0.E0));
#7590=DIRECTION('',(0.E0,9.994693145541E-1,3.257436514783E-2));
#7591=AXIS2_PLACEMENT_3D('',#7588,#7589,#7590);
#7592=PLANE('',#7591);
#7593=ORIENTED_EDGE('',*,*,#5744,.F.);
#7595=ORIENTED_EDGE('',*,*,#7594,.T.);
#7596=ORIENTED_EDGE('',*,*,#6402,.T.);
#7597=ORIENTED_EDGE('',*,*,#7581,.F.);
#7598=EDGE_LOOP('',(#7593,#7595,#7596,#7597));
#7599=FACE_OUTER_BOUND('',#7598,.F.);
#7601=CARTESIAN_POINT('',(1.348272911188E2,-1.342844214162E2,
-8.747479072316E-1));
#7602=CARTESIAN_POINT('',(1.348303644020E2,-1.342845702385E2,
-8.747527575964E-1));
#7603=CARTESIAN_POINT('',(1.348839355264E2,-1.342858440905E2,
-8.747942745510E-1));
#7604=CARTESIAN_POINT('',(1.349899329591E2,-1.342440224732E2,
-8.734312385727E-1));
#7605=CARTESIAN_POINT('',(1.351003086959E2,-1.341348531540E2,
-8.698732291236E-1));
#7606=CARTESIAN_POINT('',(1.351422504603E2,-1.340297257831E2,
-8.664469534812E-1));
#7607=CARTESIAN_POINT('',(1.351409620694E2,-1.339769888294E2,
-8.647281685605E-1));
#7608=CARTESIAN_POINT('',(1.351408091915E2,-1.339739172020E2,
-8.646280591233E-1));
#7610=DIRECTION('',(0.E0,-3.257436514783E-2,9.994693145541E-1));
#7611=VECTOR('',#7610,1.E0);
#7612=SURFACE_OF_LINEAR_EXTRUSION('',#7609,#7611);
#7613=ORIENTED_EDGE('',*,*,#5742,.F.);
#7614=ORIENTED_EDGE('',*,*,#7470,.T.);
#7615=ORIENTED_EDGE('',*,*,#6404,.T.);
#7616=ORIENTED_EDGE('',*,*,#7594,.F.);
#7617=EDGE_LOOP('',(#7613,#7614,#7615,#7616));
#7618=FACE_OUTER_BOUND('',#7617,.F.);
#7620=CARTESIAN_POINT('',(1.328450479933E2,-1.342844183845E2,
-8.747478084231E-1));
#7621=CARTESIAN_POINT('',(1.328481042557E2,-1.342845692534E2,
-8.747527254927E-1));
#7622=CARTESIAN_POINT('',(1.329008278658E2,-1.342858469255E2,
-8.747943669479E-1));
#7623=CARTESIAN_POINT('',(1.330056820574E2,-1.342441418885E2,
-8.734351305175E-1));
#7624=CARTESIAN_POINT('',(1.331145891015E2,-1.341347093790E2,
-8.698685432588E-1));
#7625=CARTESIAN_POINT('',(1.331561933881E2,-1.340295979441E2,
-8.664427869973E-1));
#7626=CARTESIAN_POINT('',(1.331549228513E2,-1.339765987607E2,
-8.647154555759E-1));
#7627=CARTESIAN_POINT('',(1.331547737040E2,-1.339735440338E2,
-8.646158969509E-1));
#7629=DIRECTION('',(0.E0,-3.257436514783E-2,9.994693145541E-1));
#7630=VECTOR('',#7629,1.E0);
#7631=SURFACE_OF_LINEAR_EXTRUSION('',#7628,#7630);
#7632=ORIENTED_EDGE('',*,*,#5712,.F.);
#7634=ORIENTED_EDGE('',*,*,#7633,.T.);
#7635=ORIENTED_EDGE('',*,*,#6414,.T.);
#7637=ORIENTED_EDGE('',*,*,#7636,.F.);
#7638=EDGE_LOOP('',(#7632,#7634,#7635,#7637));
#7639=FACE_OUTER_BOUND('',#7638,.F.);
#7641=CARTESIAN_POINT('',(1.325536552263E2,-1.339735440117E2,
-8.646158962316E-1));
#7642=CARTESIAN_POINT('',(1.325535060937E2,-1.339765987504E2,
-8.647154552377E-1));
#7643=CARTESIAN_POINT('',(1.325522345552E2,-1.340296445914E2,
-8.664443073091E-1));
#7644=CARTESIAN_POINT('',(1.325938894840E2,-1.341347925509E2,
-8.698712539674E-1));
#7645=CARTESIAN_POINT('',(1.327028300011E2,-1.342441894949E2,
-8.734366820902E-1));
#7646=CARTESIAN_POINT('',(1.328076413734E2,-1.342858461502E2,
-8.747943416800E-1));
#7647=CARTESIAN_POINT('',(1.328603251667E2,-1.342845692357E2,
-8.747527249164E-1));
#7648=CARTESIAN_POINT('',(1.328633816570E2,-1.342844183293E2,
-8.747478066248E-1));
#7650=DIRECTION('',(0.E0,-3.257436514783E-2,9.994693145541E-1));
#7651=VECTOR('',#7650,1.E0);
#7652=SURFACE_OF_LINEAR_EXTRUSION('',#7649,#7651);
#7653=ORIENTED_EDGE('',*,*,#5736,.F.);
#7655=ORIENTED_EDGE('',*,*,#7654,.T.);
#7656=ORIENTED_EDGE('',*,*,#6416,.T.);
#7657=ORIENTED_EDGE('',*,*,#7633,.F.);
#7658=EDGE_LOOP('',(#7653,#7655,#7656,#7657));
#7659=FACE_OUTER_BOUND('',#7658,.F.);
#7661=CARTESIAN_POINT('',(1.325534328769E2,-1.331592398993E2,
-8.380763725928E-1));
#7662=DIRECTION('',(-1.E0,0.E0,0.E0));
#7663=DIRECTION('',(0.E0,-9.994693145541E-1,-3.257436514783E-2));
#7664=AXIS2_PLACEMENT_3D('',#7661,#7662,#7663);
#7665=PLANE('',#7664);
#7666=ORIENTED_EDGE('',*,*,#5734,.F.);
#7668=ORIENTED_EDGE('',*,*,#7667,.T.);
#7669=ORIENTED_EDGE('',*,*,#6418,.T.);
#7670=ORIENTED_EDGE('',*,*,#7654,.F.);
#7671=EDGE_LOOP('',(#7666,#7668,#7669,#7670));
#7672=FACE_OUTER_BOUND('',#7671,.F.);
#7674=CARTESIAN_POINT('',(1.314440018475E2,-1.331592398993E2,
-8.380763725928E-1));
#7675=DIRECTION('',(0.E0,-9.994693145541E-1,-3.257436514783E-2));
#7676=DIRECTION('',(1.E0,0.E0,0.E0));
#7677=AXIS2_PLACEMENT_3D('',#7674,#7675,#7676);
#7678=PLANE('',#7677);
#7679=ORIENTED_EDGE('',*,*,#5732,.F.);
#7681=ORIENTED_EDGE('',*,*,#7680,.T.);
#7682=ORIENTED_EDGE('',*,*,#6420,.T.);
#7683=ORIENTED_EDGE('',*,*,#7667,.F.);
#7684=EDGE_LOOP('',(#7679,#7681,#7682,#7683));
#7685=FACE_OUTER_BOUND('',#7684,.F.);
#7687=CARTESIAN_POINT('',(1.314440018475E2,-1.339827059411E2,
-8.649144987281E-1));
#7688=DIRECTION('',(1.E0,0.E0,0.E0));
#7689=DIRECTION('',(0.E0,9.994693145541E-1,3.257436514783E-2));
#7690=AXIS2_PLACEMENT_3D('',#7687,#7688,#7689);
#7691=PLANE('',#7690);
#7692=ORIENTED_EDGE('',*,*,#5730,.F.);
#7694=ORIENTED_EDGE('',*,*,#7693,.T.);
#7695=ORIENTED_EDGE('',*,*,#6422,.T.);
#7696=ORIENTED_EDGE('',*,*,#7680,.F.);
#7697=EDGE_LOOP('',(#7692,#7694,#7695,#7696));
#7698=FACE_OUTER_BOUND('',#7697,.F.);
#7700=CARTESIAN_POINT('',(1.308431975226E2,-1.339643175140E2,
-8.643151893450E-1));
#7701=CARTESIAN_POINT('',(1.308426195715E2,-1.339704449093E2,
-8.645148913345E-1));
#7702=CARTESIAN_POINT('',(1.308400147657E2,-1.340275983307E2,
-8.663776162752E-1));
#7703=CARTESIAN_POINT('',(1.308824259812E2,-1.341385662106E2,
-8.699942438063E-1));
#7704=CARTESIAN_POINT('',(1.309941628060E2,-1.342497844403E2,
-8.736190306522E-1));
#7705=CARTESIAN_POINT('',(1.311464479884E2,-1.343016633987E2,
-8.753098520815E-1));
#7706=CARTESIAN_POINT('',(1.312955597727E2,-1.342465692844E2,
-8.735142433801E-1));
#7707=CARTESIAN_POINT('',(1.314046864613E2,-1.341368875156E2,
-8.699395323460E-1));
#7708=CARTESIAN_POINT('',(1.314463163151E2,-1.340273458471E2,
-8.663693874138E-1));
#7709=CARTESIAN_POINT('',(1.314437222737E2,-1.339704456170E2,
-8.645149143994E-1));
#7710=CARTESIAN_POINT('',(1.314431441969E2,-1.339643199093E2,
-8.643152674116E-1));
#7712=DIRECTION('',(0.E0,-3.257436514783E-2,9.994693145541E-1));
#7713=VECTOR('',#7712,1.E0);
#7714=SURFACE_OF_LINEAR_EXTRUSION('',#7711,#7713);
#7715=ORIENTED_EDGE('',*,*,#5728,.F.);
#7717=ORIENTED_EDGE('',*,*,#7716,.T.);
#7718=ORIENTED_EDGE('',*,*,#6424,.T.);
#7719=ORIENTED_EDGE('',*,*,#7693,.F.);
#7720=EDGE_LOOP('',(#7715,#7717,#7718,#7719));
#7721=FACE_OUTER_BOUND('',#7720,.F.);
#7723=CARTESIAN_POINT('',(1.308423400490E2,-1.317946378973E2,
-7.936017266508E-1));
#7724=DIRECTION('',(-1.E0,0.E0,0.E0));
#7725=DIRECTION('',(0.E0,-9.994693145541E-1,-3.257436514783E-2));
#7726=AXIS2_PLACEMENT_3D('',#7723,#7724,#7725);
#7727=PLANE('',#7726);
#7728=ORIENTED_EDGE('',*,*,#5726,.F.);
#7730=ORIENTED_EDGE('',*,*,#7729,.T.);
#7731=ORIENTED_EDGE('',*,*,#6426,.T.);
#7732=ORIENTED_EDGE('',*,*,#7716,.F.);
#7733=EDGE_LOOP('',(#7728,#7730,#7731,#7732));
#7734=FACE_OUTER_BOUND('',#7733,.F.);
#7736=CARTESIAN_POINT('',(1.314431441850E2,-1.318130263343E2,
-7.942010363590E-1));
#7737=CARTESIAN_POINT('',(1.314437222651E2,-1.318068989375E2,
-7.940013343162E-1));
#7738=CARTESIAN_POINT('',(1.314463273531E2,-1.317497515289E2,
-7.921388053449E-1));
#7739=CARTESIAN_POINT('',(1.314039134882E2,-1.316387873180E2,
-7.885222973923E-1));
#7740=CARTESIAN_POINT('',(1.312921678719E2,-1.315275740272E2,
-7.848976715130E-1));
#7741=CARTESIAN_POINT('',(1.311398812690E2,-1.314756778068E2,
-7.832062874865E-1));
#7742=CARTESIAN_POINT('',(1.309907660580E2,-1.315307631621E2,
-7.850016107162E-1));
#7743=CARTESIAN_POINT('',(1.308816511162E2,-1.316404509651E2,
-7.885765184143E-1));
#7744=CARTESIAN_POINT('',(1.308400258297E2,-1.317499927463E2,
-7.921466670229E-1));
#7745=CARTESIAN_POINT('',(1.308426195639E2,-1.318068982261E2,
-7.940013111330E-1));
#7746=CARTESIAN_POINT('',(1.308431975144E2,-1.318130239359E2,
-7.942009581890E-1));
#7748=DIRECTION('',(0.E0,-3.257436514783E-2,9.994693145541E-1));
#7749=VECTOR('',#7748,1.E0);
#7750=SURFACE_OF_LINEAR_EXTRUSION('',#7747,#7749);
#7751=ORIENTED_EDGE('',*,*,#5724,.F.);
#7753=ORIENTED_EDGE('',*,*,#7752,.T.);
#7754=ORIENTED_EDGE('',*,*,#6428,.T.);
#7755=ORIENTED_EDGE('',*,*,#7729,.F.);
#7756=EDGE_LOOP('',(#7751,#7753,#7754,#7755));
#7757=FACE_OUTER_BOUND('',#7756,.F.);
#7759=CARTESIAN_POINT('',(1.314440018475E2,-1.326024197258E2,
-8.199286782222E-1));
#7760=DIRECTION('',(1.E0,0.E0,0.E0));
#7761=DIRECTION('',(0.E0,9.994693145541E-1,3.257436514783E-2));
#7762=AXIS2_PLACEMENT_3D('',#7759,#7760,#7761);
#7763=PLANE('',#7762);
#7764=ORIENTED_EDGE('',*,*,#5722,.F.);
#7766=ORIENTED_EDGE('',*,*,#7765,.T.);
#7767=ORIENTED_EDGE('',*,*,#6430,.T.);
#7768=ORIENTED_EDGE('',*,*,#7752,.F.);
#7769=EDGE_LOOP('',(#7764,#7766,#7767,#7768));
#7770=FACE_OUTER_BOUND('',#7769,.F.);
#7772=CARTESIAN_POINT('',(1.325534328769E2,-1.326024197258E2,
-8.199286782222E-1));
#7773=DIRECTION('',(0.E0,9.994693145541E-1,3.257436514783E-2));
#7774=DIRECTION('',(-1.E0,0.E0,0.E0));
#7775=AXIS2_PLACEMENT_3D('',#7772,#7773,#7774);
#7776=PLANE('',#7775);
#7777=ORIENTED_EDGE('',*,*,#5720,.F.);
#7779=ORIENTED_EDGE('',*,*,#7778,.T.);
#7780=ORIENTED_EDGE('',*,*,#6432,.T.);
#7781=ORIENTED_EDGE('',*,*,#7765,.F.);
#7782=EDGE_LOOP('',(#7777,#7779,#7780,#7781));
#7783=FACE_OUTER_BOUND('',#7782,.F.);
#7785=CARTESIAN_POINT('',(1.325534328769E2,-1.317946378973E2,
-7.936017266508E-1));
#7786=DIRECTION('',(-1.E0,0.E0,0.E0));
#7787=DIRECTION('',(0.E0,-9.994693145541E-1,-3.257436514783E-2));
#7788=AXIS2_PLACEMENT_3D('',#7785,#7786,#7787);
#7789=PLANE('',#7788);
#7790=ORIENTED_EDGE('',*,*,#5718,.F.);
#7792=ORIENTED_EDGE('',*,*,#7791,.T.);
#7793=ORIENTED_EDGE('',*,*,#6434,.T.);
#7794=ORIENTED_EDGE('',*,*,#7778,.F.);
#7795=EDGE_LOOP('',(#7790,#7792,#7793,#7794));
#7796=FACE_OUTER_BOUND('',#7795,.F.);
#7798=CARTESIAN_POINT('',(1.331541387224E2,-1.318130247598E2,
-7.942009850422E-1));
#7799=CARTESIAN_POINT('',(1.331547165920E2,-1.318068978783E2,
-7.940012997981E-1));
#7800=CARTESIAN_POINT('',(1.331573213088E2,-1.317497431499E2,
-7.921385322594E-1));
#7801=CARTESIAN_POINT('',(1.331149073703E2,-1.316387761941E2,
-7.885219348473E-1));
#7802=CARTESIAN_POINT('',(1.330031800714E2,-1.315275599179E2,
-7.848972116670E-1));
#7803=CARTESIAN_POINT('',(1.328509150900E2,-1.314756796379E2,
-7.832063471652E-1));
#7804=CARTESIAN_POINT('',(1.327018373273E2,-1.315307775746E2,
-7.850020804442E-1));
#7805=CARTESIAN_POINT('',(1.325927423455E2,-1.316404587185E2,
-7.885767711128E-1));
#7806=CARTESIAN_POINT('',(1.325511187894E2,-1.317499923805E2,
-7.921466550997E-1));
#7807=CARTESIAN_POINT('',(1.325537123526E2,-1.318068971649E2,
-7.940012765451E-1));
#7808=CARTESIAN_POINT('',(1.325542902232E2,-1.318130223495E2,
-7.942009064875E-1));
#7810=DIRECTION('',(0.E0,-3.257436514783E-2,9.994693145541E-1));
#7811=VECTOR('',#7810,1.E0);
#7812=SURFACE_OF_LINEAR_EXTRUSION('',#7809,#7811);
#7813=ORIENTED_EDGE('',*,*,#5716,.F.);
#7815=ORIENTED_EDGE('',*,*,#7814,.T.);
#7816=ORIENTED_EDGE('',*,*,#6436,.T.);
#7817=ORIENTED_EDGE('',*,*,#7791,.F.);
#7818=EDGE_LOOP('',(#7813,#7815,#7816,#7817));
#7819=FACE_OUTER_BOUND('',#7818,.F.);
#7821=CARTESIAN_POINT('',(1.331549960747E2,-1.339827059411E2,
-8.649144987281E-1));
#7822=DIRECTION('',(1.E0,-1.297562547933E-14,0.E0));
#7823=DIRECTION('',(1.298251511115E-14,9.994693145541E-1,3.257436514783E-2));
#7824=AXIS2_PLACEMENT_3D('',#7821,#7822,#7823);
#7825=PLANE('',#7824);
#7826=ORIENTED_EDGE('',*,*,#5714,.F.);
#7827=ORIENTED_EDGE('',*,*,#7636,.T.);
#7828=ORIENTED_EDGE('',*,*,#6438,.T.);
#7829=ORIENTED_EDGE('',*,*,#7814,.F.);
#7830=EDGE_LOOP('',(#7826,#7827,#7828,#7829));
#7831=FACE_OUTER_BOUND('',#7830,.F.);
#7833=CARTESIAN_POINT('',(1.289543152098E2,-1.333291479961E2,
-8.436139596953E-1));
#7834=CARTESIAN_POINT('',(1.290687433888E2,-1.334098000580E2,
-8.462425443633E-1));
#7835=CARTESIAN_POINT('',(1.292557215356E2,-1.334558496946E2,
-8.477433785118E-1));
#7836=CARTESIAN_POINT('',(1.295153035966E2,-1.334247504981E2,
-8.467298040395E-1));
#7837=CARTESIAN_POINT('',(1.297156369718E2,-1.333603228371E2,
-8.446299995479E-1));
#7838=CARTESIAN_POINT('',(1.299168304078E2,-1.332551786467E2,
-8.412031757328E-1));
#7839=CARTESIAN_POINT('',(1.300989701730E2,-1.331189525848E2,
-8.367633420942E-1));
#7840=CARTESIAN_POINT('',(1.302484920604E2,-1.329629050531E2,
-8.316774938302E-1));
#7841=CARTESIAN_POINT('',(1.303571169836E2,-1.327976303068E2,
-8.262909153167E-1));
#7842=CARTESIAN_POINT('',(1.304203641546E2,-1.326340705083E2,
-8.209602297969E-1));
#7843=CARTESIAN_POINT('',(1.304505343926E2,-1.323994753352E2,
-8.133143834293E-1));
#7844=CARTESIAN_POINT('',(1.303921829899E2,-1.322256314903E2,
-8.076485237577E-1));
#7845=CARTESIAN_POINT('',(1.302902898434E2,-1.321278314264E2,
-8.044610572215E-1));
#7847=DIRECTION('',(0.E0,-3.257436514783E-2,9.994693145541E-1));
#7848=VECTOR('',#7847,1.E0);
#7849=SURFACE_OF_LINEAR_EXTRUSION('',#7846,#7848);
#7850=ORIENTED_EDGE('',*,*,#5692,.F.);
#7852=ORIENTED_EDGE('',*,*,#7851,.T.);
#7853=ORIENTED_EDGE('',*,*,#6448,.T.);
#7855=ORIENTED_EDGE('',*,*,#7854,.F.);
#7856=EDGE_LOOP('',(#7850,#7852,#7853,#7855));
#7857=FACE_OUTER_BOUND('',#7856,.F.);
#7859=CARTESIAN_POINT('',(1.288626834185E2,-1.334407423280E2,
-8.472510043388E-1));
#7860=DIRECTION('',(-6.182646319344E-14,-9.994693145541E-1,-3.257436514783E-2));
#7861=DIRECTION('',(1.E0,-6.179365278925E-14,0.E0));
#7862=AXIS2_PLACEMENT_3D('',#7859,#7860,#7861);
#7863=PLANE('',#7862);
#7864=ORIENTED_EDGE('',*,*,#5708,.F.);
#7866=ORIENTED_EDGE('',*,*,#7865,.T.);
#7867=ORIENTED_EDGE('',*,*,#6450,.T.);
#7868=ORIENTED_EDGE('',*,*,#7851,.F.);
#7869=EDGE_LOOP('',(#7864,#7866,#7867,#7868));
#7870=FACE_OUTER_BOUND('',#7869,.F.);
#7872=CARTESIAN_POINT('',(1.288626834185E2,-1.339838088366E2,
-8.649504439244E-1));
#7873=DIRECTION('',(1.E0,-4.182405066051E-13,-1.363115283619E-14));
#7874=DIRECTION('',(4.184625786052E-13,9.994693145541E-1,3.257436514783E-2));
#7875=AXIS2_PLACEMENT_3D('',#7872,#7873,#7874);
#7876=PLANE('',#7875);
#7877=ORIENTED_EDGE('',*,*,#5706,.F.);
#7879=ORIENTED_EDGE('',*,*,#7878,.T.);
#7880=ORIENTED_EDGE('',*,*,#6452,.T.);
#7881=ORIENTED_EDGE('',*,*,#7865,.F.);
#7882=EDGE_LOOP('',(#7877,#7879,#7880,#7881));
#7883=FACE_OUTER_BOUND('',#7882,.F.);
#7885=CARTESIAN_POINT('',(1.285510253137E2,-1.342844210454E2,
-8.747478951483E-1));
#7886=CARTESIAN_POINT('',(1.285540846243E2,-1.342845701207E2,
-8.747527537569E-1));
#7887=CARTESIAN_POINT('',(1.286072338124E2,-1.342858417573E2,
-8.747941985086E-1));
#7888=CARTESIAN_POINT('',(1.287125647162E2,-1.342441725982E2,
-8.734361313975E-1));
#7889=CARTESIAN_POINT('',(1.288221638497E2,-1.341352175586E2,
-8.698851056761E-1));
#7890=CARTESIAN_POINT('',(1.288638884315E2,-1.340303810279E2,
-8.664683089994E-1));
#7891=CARTESIAN_POINT('',(1.288626091796E2,-1.339776955727E2,
-8.647512024996E-1));
#7892=CARTESIAN_POINT('',(1.288624579365E2,-1.339746377949E2,
-8.646515444428E-1));
#7894=DIRECTION('',(0.E0,-3.257436514783E-2,9.994693145541E-1));
#7895=VECTOR('',#7894,1.E0);
#7896=SURFACE_OF_LINEAR_EXTRUSION('',#7893,#7895);
#7897=ORIENTED_EDGE('',*,*,#5704,.F.);
#7899=ORIENTED_EDGE('',*,*,#7898,.T.);
#7900=ORIENTED_EDGE('',*,*,#6454,.T.);
#7901=ORIENTED_EDGE('',*,*,#7878,.F.);
#7902=EDGE_LOOP('',(#7897,#7899,#7900,#7901));
#7903=FACE_OUTER_BOUND('',#7902,.F.);
#7905=CARTESIAN_POINT('',(1.282579193420E2,-1.339746373914E2,
-8.646515312917E-1));
#7906=CARTESIAN_POINT('',(1.282577680889E2,-1.339776953088E2,
-8.647511938979E-1));
#7907=CARTESIAN_POINT('',(1.282564878625E2,-1.340304193803E2,
-8.664695589678E-1));
#7908=CARTESIAN_POINT('',(1.282982632930E2,-1.341353005101E2,
-8.698878092035E-1));
#7909=CARTESIAN_POINT('',(1.284079078677E2,-1.342442214753E2,
-8.734377243822E-1));
#7910=CARTESIAN_POINT('',(1.285132103385E2,-1.342858407917E2,
-8.747941670361E-1));
#7911=CARTESIAN_POINT('',(1.285663178459E2,-1.342845701117E2,
-8.747527534651E-1));
#7912=CARTESIAN_POINT('',(1.285693774284E2,-1.342844210170E2,
-8.747478942201E-1));
#7914=DIRECTION('',(0.E0,-3.257436514783E-2,9.994693145541E-1));
#7915=VECTOR('',#7914,1.E0);
#7916=SURFACE_OF_LINEAR_EXTRUSION('',#7913,#7915);
#7917=ORIENTED_EDGE('',*,*,#5702,.F.);
#7919=ORIENTED_EDGE('',*,*,#7918,.T.);
#7920=ORIENTED_EDGE('',*,*,#6456,.T.);
#7921=ORIENTED_EDGE('',*,*,#7898,.F.);
#7922=EDGE_LOOP('',(#7917,#7919,#7920,#7921));
#7923=FACE_OUTER_BOUND('',#7922,.F.);
#7925=CARTESIAN_POINT('',(1.282576938446E2,-1.318271735067E2,
-7.946621162050E-1));
#7926=DIRECTION('',(-1.E0,0.E0,0.E0));
#7927=DIRECTION('',(0.E0,-9.994693145541E-1,-3.257436514783E-2));
#7928=AXIS2_PLACEMENT_3D('',#7925,#7926,#7927);
#7929=PLANE('',#7928);
#7930=ORIENTED_EDGE('',*,*,#5700,.F.);
#7932=ORIENTED_EDGE('',*,*,#7931,.T.);
#7933=ORIENTED_EDGE('',*,*,#6458,.T.);
#7934=ORIENTED_EDGE('',*,*,#7918,.F.);
#7935=EDGE_LOOP('',(#7930,#7932,#7933,#7934));
#7936=FACE_OUTER_BOUND('',#7935,.F.);
#7938=CARTESIAN_POINT('',(1.285698733982E2,-1.315264006659E2,
-7.848594297185E-1));
#7939=CARTESIAN_POINT('',(1.285668105232E2,-1.315262518336E2,
-7.848545790264E-1));
#7940=CARTESIAN_POINT('',(1.285134821606E2,-1.315249793939E2,
-7.848131081053E-1));
#7941=CARTESIAN_POINT('',(1.284079580170E2,-1.315667023825E2,
-7.861729296072E-1));
#7942=CARTESIAN_POINT('',(1.282982126138E2,-1.316757615249E2,
-7.897273482128E-1));
#7943=CARTESIAN_POINT('',(1.282564874716E2,-1.317806060990E2,
-7.931444070381E-1));
#7944=CARTESIAN_POINT('',(1.282577682550E2,-1.318332938419E2,
-7.948615880947E-1));
#7945=CARTESIAN_POINT('',(1.282579198502E2,-1.318363551452E2,
-7.949613610559E-1));
#7947=DIRECTION('',(0.E0,-3.257436514783E-2,9.994693145541E-1));
#7948=VECTOR('',#7947,1.E0);
#7949=SURFACE_OF_LINEAR_EXTRUSION('',#7946,#7948);
#7950=ORIENTED_EDGE('',*,*,#5698,.F.);
#7952=ORIENTED_EDGE('',*,*,#7951,.T.);
#7953=ORIENTED_EDGE('',*,*,#6460,.T.);
#7954=ORIENTED_EDGE('',*,*,#7931,.F.);
#7955=EDGE_LOOP('',(#7950,#7952,#7953,#7954));
#7956=FACE_OUTER_BOUND('',#7955,.F.);
#7958=CARTESIAN_POINT('',(1.293962934062E2,-1.315262159355E2,
-7.848534090480E-1));
#7959=CARTESIAN_POINT('',(1.293908319401E2,-1.315262023138E2,
-7.848529650960E-1));
#7960=CARTESIAN_POINT('',(1.292948279446E2,-1.315259849996E2,
-7.848458824653E-1));
#7961=CARTESIAN_POINT('',(1.291075839453E2,-1.315262660436E2,
-7.848550421539E-1));
#7962=CARTESIAN_POINT('',(1.288345100551E2,-1.315261537225E2,
-7.848513814224E-1));
#7963=CARTESIAN_POINT('',(1.286465172816E2,-1.315261795074E2,
-7.848522217979E-1));
#7964=CARTESIAN_POINT('',(1.285497640279E2,-1.315261787135E2,
-7.848521959228E-1));
#7965=CARTESIAN_POINT('',(1.285443025479E2,-1.315261786158E2,
-7.848521927395E-1));
#7967=DIRECTION('',(0.E0,-3.257436514783E-2,9.994693145541E-1));
#7968=VECTOR('',#7967,1.E0);
#7969=SURFACE_OF_LINEAR_EXTRUSION('',#7966,#7968);
#7970=ORIENTED_EDGE('',*,*,#5696,.F.);
#7972=ORIENTED_EDGE('',*,*,#7971,.T.);
#7973=ORIENTED_EDGE('',*,*,#6462,.T.);
#7974=ORIENTED_EDGE('',*,*,#7951,.F.);
#7975=EDGE_LOOP('',(#7970,#7972,#7973,#7974));
#7976=FACE_OUTER_BOUND('',#7975,.F.);
#7978=CARTESIAN_POINT('',(1.302829916376E2,-1.328286424151E2,
-8.273016514392E-1));
#7979=CARTESIAN_POINT('',(1.303906771067E2,-1.327296436830E2,
-8.240751183152E-1));
#7980=CARTESIAN_POINT('',(1.304505204119E2,-1.325548483655E2,
-8.183782485710E-1));
#7981=CARTESIAN_POINT('',(1.304207873634E2,-1.323200355626E2,
-8.107253092840E-1));
#7982=CARTESIAN_POINT('',(1.303597520985E2,-1.321582417050E2,
-8.054521787131E-1));
#7983=CARTESIAN_POINT('',(1.302549673436E2,-1.319941012272E2,
-8.001025678957E-1));
#7984=CARTESIAN_POINT('',(1.301116019150E2,-1.318395935747E2,
-7.950669068511E-1));
#7985=CARTESIAN_POINT('',(1.299384475798E2,-1.317056831975E2,
-7.907025452261E-1));
#7986=CARTESIAN_POINT('',(1.297486481562E2,-1.316032736240E2,
-7.873648471143E-1));
#7987=CARTESIAN_POINT('',(1.295605078075E2,-1.315412628673E2,
-7.853438135509E-1));
#7988=CARTESIAN_POINT('',(1.293100821412E2,-1.315110556334E2,
-7.843593096213E-1));
#7989=CARTESIAN_POINT('',(1.291279459318E2,-1.315591090255E2,
-7.859254494905E-1));
#7990=CARTESIAN_POINT('',(1.290166223655E2,-1.316447858348E2,
-7.887177990208E-1));
#7992=DIRECTION('',(0.E0,-3.257436514783E-2,9.994693145541E-1));
#7993=VECTOR('',#7992,1.E0);
#7994=SURFACE_OF_LINEAR_EXTRUSION('',#7991,#7993);
#7995=ORIENTED_EDGE('',*,*,#5694,.F.);
#7996=ORIENTED_EDGE('',*,*,#7854,.T.);
#7997=ORIENTED_EDGE('',*,*,#6464,.T.);
#7998=ORIENTED_EDGE('',*,*,#7971,.F.);
#7999=EDGE_LOOP('',(#7995,#7996,#7997,#7998));
#8000=FACE_OUTER_BOUND('',#7999,.F.);
#8002=CARTESIAN_POINT('',(1.288698566234E2,-1.320645443326E2,
-8.023984257102E-1));
#8003=DIRECTION('',(0.E0,-9.994693145541E-1,-3.257436514783E-2));
#8004=DIRECTION('',(1.E0,0.E0,0.E0));
#8005=AXIS2_PLACEMENT_3D('',#8002,#8003,#8004);
#8006=PLANE('',#8005);
#8007=ORIENTED_EDGE('',*,*,#5575,.F.);
#8009=ORIENTED_EDGE('',*,*,#8008,.T.);
#8010=ORIENTED_EDGE('',*,*,#6468,.T.);
#8012=ORIENTED_EDGE('',*,*,#8011,.F.);
#8013=EDGE_LOOP('',(#8007,#8009,#8010,#8012));
#8014=FACE_OUTER_BOUND('',#8013,.F.);
#8016=CARTESIAN_POINT('',(1.288698566234E2,-1.328718530517E2,
-8.287099578604E-1));
#8017=DIRECTION('',(1.E0,0.E0,0.E0));
#8018=DIRECTION('',(0.E0,9.994693145541E-1,3.257436514783E-2));
#8019=AXIS2_PLACEMENT_3D('',#8016,#8017,#8018);
#8020=PLANE('',#8019);
#8021=ORIENTED_EDGE('',*,*,#5583,.F.);
#8023=ORIENTED_EDGE('',*,*,#8022,.T.);
#8024=ORIENTED_EDGE('',*,*,#6470,.T.);
#8025=ORIENTED_EDGE('',*,*,#8008,.F.);
#8026=EDGE_LOOP('',(#8021,#8023,#8024,#8025));
#8027=FACE_OUTER_BOUND('',#8026,.F.);
#8029=CARTESIAN_POINT('',(1.293629836423E2,-1.328718530517E2,
-8.287099578604E-1));
#8030=DIRECTION('',(-5.763567669402E-14,9.994693145541E-1,3.257436514783E-2));
#8031=DIRECTION('',(-1.E0,-5.760509027923E-14,0.E0));
#8032=AXIS2_PLACEMENT_3D('',#8029,#8030,#8031);
#8033=PLANE('',#8032);
#8034=ORIENTED_EDGE('',*,*,#5581,.F.);
#8036=ORIENTED_EDGE('',*,*,#8035,.T.);
#8037=ORIENTED_EDGE('',*,*,#6472,.T.);
#8038=ORIENTED_EDGE('',*,*,#8022,.F.);
#8039=EDGE_LOOP('',(#8034,#8036,#8037,#8038));
#8040=FACE_OUTER_BOUND('',#8039,.F.);
#8042=CARTESIAN_POINT('',(1.293492117148E2,-1.328716640409E2,
-8.287037976847E-1));
#8043=CARTESIAN_POINT('',(1.293538018880E2,-1.328718120721E2,
-8.287086222679E-1));
#8044=CARTESIAN_POINT('',(1.294224666861E2,-1.328727404638E2,
-8.287388800959E-1));
#8045=CARTESIAN_POINT('',(1.295523465124E2,-1.328392442303E2,
-8.276471822073E-1));
#8046=CARTESIAN_POINT('',(1.297087066516E2,-1.327448444239E2,
-8.245705357098E-1));
#8047=CARTESIAN_POINT('',(1.298228471378E2,-1.326209686259E2,
-8.205332176884E-1));
#8048=CARTESIAN_POINT('',(1.298578115195E2,-1.325120467058E2,
-8.169832713854E-1));
#8049=CARTESIAN_POINT('',(1.298559264931E2,-1.324590241033E2,
-8.152551766954E-1));
#8050=CARTESIAN_POINT('',(1.298556150938E2,-1.324544440129E2,
-8.151059039416E-1));
#8052=DIRECTION('',(0.E0,-3.257436514783E-2,9.994693145541E-1));
#8053=VECTOR('',#8052,1.E0);
#8054=SURFACE_OF_LINEAR_EXTRUSION('',#8051,#8053);
#8055=ORIENTED_EDGE('',*,*,#5579,.T.);
#8057=ORIENTED_EDGE('',*,*,#8056,.T.);
#8058=ORIENTED_EDGE('',*,*,#6474,.T.);
#8059=ORIENTED_EDGE('',*,*,#8035,.F.);
#8060=EDGE_LOOP('',(#8055,#8057,#8058,#8059));
#8061=FACE_OUTER_BOUND('',#8060,.F.);
#8063=CARTESIAN_POINT('',(1.298555971034E2,-1.324821571265E2,
-8.160091203471E-1));
#8064=CARTESIAN_POINT('',(1.298559204008E2,-1.324775096854E2,
-8.158576525216E-1));
#8065=CARTESIAN_POINT('',(1.298578630094E2,-1.324239913924E2,
-8.141134024548E-1));
#8066=CARTESIAN_POINT('',(1.298220315884E2,-1.323144257771E2,
-8.105424770581E-1));
#8067=CARTESIAN_POINT('',(1.297052793408E2,-1.321911497722E2,
-8.065247072863E-1));
#8068=CARTESIAN_POINT('',(1.295452419396E2,-1.320972102431E2,
-8.034630619930E-1));
#8069=CARTESIAN_POINT('',(1.294123964126E2,-1.320636726551E2,
-8.023700162932E-1));
#8070=CARTESIAN_POINT('',(1.293415377771E2,-1.320645828854E2,
-8.023996822115E-1));
#8071=CARTESIAN_POINT('',(1.293368795212E2,-1.320647265238E2,
-8.024043636234E-1));
#8073=DIRECTION('',(0.E0,-3.257436514783E-2,9.994693145541E-1));
#8074=VECTOR('',#8073,1.E0);
#8075=SURFACE_OF_LINEAR_EXTRUSION('',#8072,#8074);
#8076=ORIENTED_EDGE('',*,*,#5577,.T.);
#8077=ORIENTED_EDGE('',*,*,#8011,.T.);
#8078=ORIENTED_EDGE('',*,*,#6476,.T.);
#8079=ORIENTED_EDGE('',*,*,#8056,.F.);
#8080=EDGE_LOOP('',(#8076,#8077,#8078,#8079));
#8081=FACE_OUTER_BOUND('',#8080,.F.);
#8083=CARTESIAN_POINT('',(1.261206756093E2,-1.342486672144E2,
-8.735826184042E-1));
#8084=CARTESIAN_POINT('',(1.262431250061E2,-1.342713195004E2,
-8.743208940318E-1));
#8085=CARTESIAN_POINT('',(1.265397803273E2,-1.343023847827E2,
-8.753333631835E-1));
#8086=CARTESIAN_POINT('',(1.269968766213E2,-1.342393901131E2,
-8.732802622644E-1));
#8087=CARTESIAN_POINT('',(1.274355434995E2,-1.339931149057E2,
-8.652537441756E-1));
#8088=CARTESIAN_POINT('',(1.276686543386E2,-1.335499011695E2,
-8.508086723038E-1));
#8089=CARTESIAN_POINT('',(1.277309354526E2,-1.330960405472E2,
-8.360166007282E-1));
#8090=CARTESIAN_POINT('',(1.277003764763E2,-1.328010018555E2,
-8.264007996863E-1));
#8091=CARTESIAN_POINT('',(1.276772290734E2,-1.326783649697E2,
-8.224038598721E-1));
#8093=DIRECTION('',(0.E0,-3.257436514783E-2,9.994693145541E-1));
#8094=VECTOR('',#8093,1.E0);
#8095=SURFACE_OF_LINEAR_EXTRUSION('',#8092,#8094);
#8096=ORIENTED_EDGE('',*,*,#5672,.F.);
#8098=ORIENTED_EDGE('',*,*,#8097,.T.);
#8099=ORIENTED_EDGE('',*,*,#6486,.T.);
#8101=ORIENTED_EDGE('',*,*,#8100,.F.);
#8102=EDGE_LOOP('',(#8096,#8098,#8099,#8101));
#8103=FACE_OUTER_BOUND('',#8102,.F.);
#8105=CARTESIAN_POINT('',(1.253397201842E2,-1.326964267116E2,
-8.229925220405E-1));
#8106=CARTESIAN_POINT('',(1.253129803469E2,-1.328195444877E2,
-8.270051348717E-1));
#8107=CARTESIAN_POINT('',(1.252823234046E2,-1.330949648951E2,
-8.359815434423E-1));
#8108=CARTESIAN_POINT('',(1.253353018988E2,-1.335038343140E2,
-8.493072769615E-1));
#8109=CARTESIAN_POINT('',(1.254976152340E2,-1.338801720567E2,
-8.615727491190E-1));
#8110=CARTESIAN_POINT('',(1.257844672380E2,-1.341325704427E2,
-8.697988317703E-1));
#8111=CARTESIAN_POINT('',(1.261306408309E2,-1.342576592654E2,
-8.738756842832E-1));
#8112=CARTESIAN_POINT('',(1.265010264246E2,-1.342987130835E2,
-8.752136964100E-1));
#8113=CARTESIAN_POINT('',(1.267510389481E2,-1.342702976839E2,
-8.742875913371E-1));
#8114=CARTESIAN_POINT('',(1.268732179165E2,-1.342426887155E2,
-8.733877691943E-1));
#8116=DIRECTION('',(0.E0,-3.257436514783E-2,9.994693145541E-1));
#8117=VECTOR('',#8116,1.E0);
#8118=SURFACE_OF_LINEAR_EXTRUSION('',#8115,#8117);
#8119=ORIENTED_EDGE('',*,*,#5688,.F.);
#8121=ORIENTED_EDGE('',*,*,#8120,.T.);
#8122=ORIENTED_EDGE('',*,*,#6488,.T.);
#8123=ORIENTED_EDGE('',*,*,#8097,.F.);
#8124=EDGE_LOOP('',(#8119,#8121,#8122,#8123));
#8125=FACE_OUTER_BOUND('',#8124,.F.);
#8127=CARTESIAN_POINT('',(1.252988577802E2,-1.317925329645E2,
-7.935331233944E-1));
#8128=DIRECTION('',(-1.E0,0.E0,0.E0));
#8129=DIRECTION('',(0.E0,-9.994693145541E-1,-3.257436514783E-2));
#8130=AXIS2_PLACEMENT_3D('',#8127,#8128,#8129);
#8131=PLANE('',#8130);
#8132=ORIENTED_EDGE('',*,*,#5686,.F.);
#8134=ORIENTED_EDGE('',*,*,#8133,.T.);
#8135=ORIENTED_EDGE('',*,*,#6490,.T.);
#8136=ORIENTED_EDGE('',*,*,#8120,.F.);
#8137=EDGE_LOOP('',(#8132,#8134,#8135,#8136));
#8138=FACE_OUTER_BOUND('',#8137,.F.);
#8140=CARTESIAN_POINT('',(1.259075050741E2,-1.318109865685E2,
-7.941345570010E-1));
#8141=CARTESIAN_POINT('',(1.259080968744E2,-1.318048384719E2,
-7.939341803200E-1));
#8142=CARTESIAN_POINT('',(1.259107132699E2,-1.317485523539E2,
-7.920997222395E-1));
#8143=CARTESIAN_POINT('',(1.258687157448E2,-1.316384061855E2,
-7.885098756514E-1));
#8144=CARTESIAN_POINT('',(1.257559534060E2,-1.315279738385E2,
-7.849107020270E-1));
#8145=CARTESIAN_POINT('',(1.256019843999E2,-1.314756975162E2,
-7.832069298498E-1));
#8146=CARTESIAN_POINT('',(1.254496707740E2,-1.315296153074E2,
-7.849642002258E-1));
#8147=CARTESIAN_POINT('',(1.253382848102E2,-1.316389435060E2,
-7.885273878202E-1));
#8148=CARTESIAN_POINT('',(1.252965291503E2,-1.317485786686E2,
-7.921005798788E-1));
#8149=CARTESIAN_POINT('',(1.252991438275E2,-1.318048381612E2,
-7.939341701946E-1));
#8150=CARTESIAN_POINT('',(1.252997354615E2,-1.318109855176E2,
-7.941345227528E-1));
#8152=DIRECTION('',(0.E0,-3.257436514783E-2,9.994693145541E-1));
#8153=VECTOR('',#8152,1.E0);
#8154=SURFACE_OF_LINEAR_EXTRUSION('',#8151,#8153);
#8155=ORIENTED_EDGE('',*,*,#5684,.F.);
#8157=ORIENTED_EDGE('',*,*,#8156,.T.);
#8158=ORIENTED_EDGE('',*,*,#6492,.T.);
#8159=ORIENTED_EDGE('',*,*,#8133,.F.);
#8160=EDGE_LOOP('',(#8155,#8157,#8158,#8159));
#8161=FACE_OUTER_BOUND('',#8160,.F.);
#8163=CARTESIAN_POINT('',(1.259083829888E2,-1.330580576110E2,
-8.347786737464E-1));
#8164=DIRECTION('',(1.E0,3.365191449036E-14,0.E0));
#8165=DIRECTION('',(-3.366978255393E-14,9.994693145541E-1,3.257436514783E-2));
#8166=AXIS2_PLACEMENT_3D('',#8163,#8164,#8165);
#8167=PLANE('',#8166);
#8168=ORIENTED_EDGE('',*,*,#5682,.F.);
#8170=ORIENTED_EDGE('',*,*,#8169,.T.);
#8171=ORIENTED_EDGE('',*,*,#6494,.T.);
#8172=ORIENTED_EDGE('',*,*,#8156,.F.);
#8173=EDGE_LOOP('',(#8168,#8170,#8171,#8172));
#8174=FACE_OUTER_BOUND('',#8173,.F.);
#8176=CARTESIAN_POINT('',(1.270477799567E2,-1.327058662673E2,
-8.233001728425E-1));
#8177=CARTESIAN_POINT('',(1.270813310949E2,-1.328226125981E2,
-8.271051296864E-1));
#8178=CARTESIAN_POINT('',(1.271192894911E2,-1.330370538802E2,
-8.340941272726E-1));
#8179=CARTESIAN_POINT('',(1.270838786846E2,-1.333307626507E2,
-8.436665839737E-1));
#8180=CARTESIAN_POINT('',(1.269785725762E2,-1.335618522282E2,
-8.511981771583E-1));
#8181=CARTESIAN_POINT('',(1.267614992423E2,-1.337078618612E2,
-8.559568736306E-1));
#8182=CARTESIAN_POINT('',(1.264952302612E2,-1.337469676363E2,
-8.572313957969E-1));
#8183=CARTESIAN_POINT('',(1.262306121325E2,-1.336974044262E2,
-8.556160484524E-1));
#8184=CARTESIAN_POINT('',(1.260228590858E2,-1.335410117160E2,
-8.505189502472E-1));
#8185=CARTESIAN_POINT('',(1.259264484897E2,-1.333090315910E2,
-8.429583326395E-1));
#8186=CARTESIAN_POINT('',(1.258943980590E2,-1.330178426249E2,
-8.334680005486E-1));
#8187=CARTESIAN_POINT('',(1.259288015249E2,-1.328048552738E2,
-8.265263889898E-1));
#8188=CARTESIAN_POINT('',(1.259586342112E2,-1.326867581665E2,
-8.226774080975E-1));
#8190=DIRECTION('',(0.E0,-3.257436514783E-2,9.994693145541E-1));
#8191=VECTOR('',#8190,1.E0);
#8192=SURFACE_OF_LINEAR_EXTRUSION('',#8189,#8191);
#8193=ORIENTED_EDGE('',*,*,#5680,.F.);
#8195=ORIENTED_EDGE('',*,*,#8194,.T.);
#8196=ORIENTED_EDGE('',*,*,#6496,.T.);
#8197=ORIENTED_EDGE('',*,*,#8169,.F.);
#8198=EDGE_LOOP('',(#8193,#8195,#8196,#8197));
#8199=FACE_OUTER_BOUND('',#8198,.F.);
#8201=CARTESIAN_POINT('',(1.271038431757E2,-1.317925329645E2,
-7.935331233944E-1));
#8202=DIRECTION('',(-1.E0,0.E0,0.E0));
#8203=DIRECTION('',(0.E0,-9.994693145541E-1,-3.257436514783E-2));
#8204=AXIS2_PLACEMENT_3D('',#8201,#8202,#8203);
#8205=PLANE('',#8204);
#8206=ORIENTED_EDGE('',*,*,#5678,.F.);
#8208=ORIENTED_EDGE('',*,*,#8207,.T.);
#8209=ORIENTED_EDGE('',*,*,#6498,.T.);
#8210=ORIENTED_EDGE('',*,*,#8194,.F.);
#8211=EDGE_LOOP('',(#8206,#8208,#8209,#8210));
#8212=FACE_OUTER_BOUND('',#8211,.F.);
#8214=CARTESIAN_POINT('',(1.277125888097E2,-1.318109881565E2,
-7.941346087559E-1));
#8215=CARTESIAN_POINT('',(1.277131807867E2,-1.318048395387E2,
-7.939342150894E-1));
#8216=CARTESIAN_POINT('',(1.277157975334E2,-1.317485575303E2,
-7.920998909468E-1));
#8217=CARTESIAN_POINT('',(1.276737989090E2,-1.316384109117E2,
-7.885100296861E-1));
#8218=CARTESIAN_POINT('',(1.275610166562E2,-1.315279788661E2,
-7.849108658846E-1));
#8219=CARTESIAN_POINT('',(1.274070201340E2,-1.314756957256E2,
-7.832068714924E-1));
#8220=CARTESIAN_POINT('',(1.272546743974E2,-1.315296102712E2,
-7.849640360891E-1));
#8221=CARTESIAN_POINT('',(1.271432705751E2,-1.316389423688E2,
-7.885273507579E-1));
#8222=CARTESIAN_POINT('',(1.271015143729E2,-1.317485808860E2,
-7.921006521493E-1));
#8223=CARTESIAN_POINT('',(1.271041292786E2,-1.318048392282E2,
-7.939342049713E-1));
#8224=CARTESIAN_POINT('',(1.271047210279E2,-1.318109871086E2,
-7.941345746044E-1));
#8226=DIRECTION('',(0.E0,-3.257436514783E-2,9.994693145541E-1));
#8227=VECTOR('',#8226,1.E0);
#8228=SURFACE_OF_LINEAR_EXTRUSION('',#8225,#8227);
#8229=ORIENTED_EDGE('',*,*,#5676,.F.);
#8231=ORIENTED_EDGE('',*,*,#8230,.T.);
#8232=ORIENTED_EDGE('',*,*,#6500,.T.);
#8233=ORIENTED_EDGE('',*,*,#8207,.F.);
#8234=EDGE_LOOP('',(#8229,#8231,#8232,#8233));
#8235=FACE_OUTER_BOUND('',#8234,.F.);
#8237=CARTESIAN_POINT('',(1.277134669851E2,-1.330541634083E2,
-8.346517552119E-1));
#8238=DIRECTION('',(1.E0,1.125192864486E-14,0.E0));
#8239=DIRECTION('',(-1.125790305016E-14,9.994693145541E-1,3.257436514783E-2));
#8240=AXIS2_PLACEMENT_3D('',#8237,#8238,#8239);
#8241=PLANE('',#8240);
#8242=ORIENTED_EDGE('',*,*,#5674,.F.);
#8243=ORIENTED_EDGE('',*,*,#8100,.T.);
#8244=ORIENTED_EDGE('',*,*,#6502,.T.);
#8245=ORIENTED_EDGE('',*,*,#8230,.F.);
#8246=EDGE_LOOP('',(#8242,#8243,#8244,#8245));
#8247=FACE_OUTER_BOUND('',#8246,.F.);
#8249=CARTESIAN_POINT('',(-4.263256414561E-14,-5.496840185244E1,
-6.945412536335E-1));
#8250=DIRECTION('',(0.E0,6.914978179665E-1,7.223785487869E-1));
#8251=DIRECTION('',(0.E0,-7.223785487869E-1,6.914978179665E-1));
#8252=AXIS2_PLACEMENT_3D('',#8249,#8250,#8251);
#8253=PLANE('',#8252);
#8255=ORIENTED_EDGE('',*,*,#8254,.T.);
#8257=ORIENTED_EDGE('',*,*,#8256,.T.);
#8258=ORIENTED_EDGE('',*,*,#5636,.F.);
#8259=ORIENTED_EDGE('',*,*,#4585,.F.);
#8260=EDGE_LOOP('',(#8255,#8257,#8258,#8259));
#8261=FACE_OUTER_BOUND('',#8260,.F.);
#8263=CARTESIAN_POINT('',(0.E0,-5.449500158556E1,-2.000000000014E-1));
#8264=DIRECTION('',(0.E0,-9.994693145541E-1,-3.257436514783E-2));
#8265=DIRECTION('',(0.E0,3.257436514783E-2,-9.994693145541E-1));
#8266=AXIS2_PLACEMENT_3D('',#8263,#8264,#8265);
#8267=PLANE('',#8266);
#8269=ORIENTED_EDGE('',*,*,#8268,.F.);
#8271=ORIENTED_EDGE('',*,*,#8270,.T.);
#8272=ORIENTED_EDGE('',*,*,#8254,.F.);
#8273=ORIENTED_EDGE('',*,*,#4600,.F.);
#8274=EDGE_LOOP('',(#8269,#8271,#8272,#8273));
#8275=FACE_OUTER_BOUND('',#8274,.F.);
#8277=CARTESIAN_POINT('',(0.E0,-5.469774447108E1,-1.072920608971E1));
#8278=DIRECTION('',(0.E0,6.977826361627E-1,-7.163095648320E-1));
#8279=DIRECTION('',(0.E0,-7.163095648320E-1,-6.977826361627E-1));
#8280=AXIS2_PLACEMENT_3D('',#8277,#8278,#8279);
#8281=PLANE('',#8280);
#8282=ORIENTED_EDGE('',*,*,#8268,.T.);
#8283=ORIENTED_EDGE('',*,*,#4652,.T.);
#8284=ORIENTED_EDGE('',*,*,#4666,.F.);
#8286=ORIENTED_EDGE('',*,*,#8285,.F.);
#8287=EDGE_LOOP('',(#8282,#8283,#8284,#8286));
#8288=FACE_OUTER_BOUND('',#8287,.F.);
#8290=CARTESIAN_POINT('',(1.588239299733E2,-6.282698020764E1,
-9.265504332263E0));
#8291=CARTESIAN_POINT('',(1.581337275655E2,-6.283027823605E1,
-9.954314051631E0));
#8292=CARTESIAN_POINT('',(1.574435251578E2,-6.283357626446E1,
-1.064312377100E1));
#8293=CARTESIAN_POINT('',(1.567533227500E2,-6.283687429287E1,
-1.133193349037E1));
#8294=CARTESIAN_POINT('',(1.588528127738E2,-6.229049055653E1,
-9.288468666861E0));
#8295=CARTESIAN_POINT('',(1.581603252745E2,-6.233612930892E1,
-9.978658340755E0));
#8296=CARTESIAN_POINT('',(1.574678377752E2,-6.238176806130E1,
-1.066884801465E1));
#8297=CARTESIAN_POINT('',(1.567753502759E2,-6.242740681369E1,
-1.135903768854E1));
#8298=CARTESIAN_POINT('',(1.588044393456E2,-6.100556704043E1,
-9.343469566683E0));
#8299=CARTESIAN_POINT('',(1.581157789583E2,-6.115261425767E1,
-1.003696431089E1));
#8300=CARTESIAN_POINT('',(1.574271185710E2,-6.129966147490E1,
-1.073045905510E1));
#8301=CARTESIAN_POINT('',(1.567384581836E2,-6.144670869214E1,
-1.142395379931E1));
#8302=CARTESIAN_POINT('',(1.582835548803E2,-5.901519098488E1,
-9.428667224496E0));
#8303=CARTESIAN_POINT('',(1.576361047861E2,-5.931932224466E1,
-1.012728159858E1));
#8304=CARTESIAN_POINT('',(1.569886546920E2,-5.962345350443E1,
-1.082589597266E1));
#8305=CARTESIAN_POINT('',(1.563412045979E2,-5.992758476421E1,
-1.152451034674E1));
#8306=CARTESIAN_POINT('',(1.571355686212E2,-5.699338449022E1,
-9.515210256107E0));
#8307=CARTESIAN_POINT('',(1.565789426032E2,-5.745708033908E1,
-1.021902510520E1));
#8308=CARTESIAN_POINT('',(1.560223165852E2,-5.792077618794E1,
-1.092283995428E1));
#8309=CARTESIAN_POINT('',(1.554656905672E2,-5.838447203680E1,
-1.162665480337E1));
#8310=CARTESIAN_POINT('',(1.555005212446E2,-5.534469433153E1,
-9.585782115926E0));
#8311=CARTESIAN_POINT('',(1.550732536281E2,-5.593850776008E1,
-1.029383771307E1));
#8312=CARTESIAN_POINT('',(1.546459860116E2,-5.653232118863E1,
-1.100189331022E1));
#8313=CARTESIAN_POINT('',(1.542187183951E2,-5.712613461718E1,
-1.170994890736E1));
#8314=CARTESIAN_POINT('',(1.534999164472E2,-5.418195738861E1,
-9.635552843378E0));
#8315=CARTESIAN_POINT('',(1.532309286716E2,-5.486753609885E1,
-1.034659922348E1));
#8316=CARTESIAN_POINT('',(1.529619408960E2,-5.555311480909E1,
-1.105764560359E1));
#8317=CARTESIAN_POINT('',(1.526929531204E2,-5.623869351933E1,
-1.176869198369E1));
#8318=CARTESIAN_POINT('',(1.514788808505E2,-5.363618101624E1,
-9.658914694264E0));
#8319=CARTESIAN_POINT('',(1.513697893188E2,-5.436483337513E1,
-1.037136491613E1));
#8320=CARTESIAN_POINT('',(1.512606977871E2,-5.509348573402E1,
-1.108381513799E1));
#8321=CARTESIAN_POINT('',(1.511516062554E2,-5.582213809291E1,
-1.179626535985E1));
#8322=CARTESIAN_POINT('',(1.501763583334E2,-5.358133338929E1,
-9.661262436209E0));
#8323=CARTESIAN_POINT('',(1.501703171678E2,-5.431431442112E1,
-1.037385373671E1));
#8324=CARTESIAN_POINT('',(1.501642760022E2,-5.504729545295E1,
-1.108644503721E1));
#8325=CARTESIAN_POINT('',(1.501582348366E2,-5.578027648477E1,
-1.179903633772E1));
#8326=CARTESIAN_POINT('',(1.496232793278E2,-5.361223296846E1,
-9.659939785766E0));
#8327=CARTESIAN_POINT('',(1.496609955585E2,-5.434277535016E1,
-1.037245160661E1));
#8328=CARTESIAN_POINT('',(1.496987117892E2,-5.507331773187E1,
-1.108496342745E1));
#8329=CARTESIAN_POINT('',(1.497364280200E2,-5.580386011357E1,
-1.179747524830E1));
#8330=B_SPLINE_SURFACE_WITH_KNOTS('',3,3,((#8290,#8291,#8292,#8293),(#8294,
#8295,#8296,#8297),(#8298,#8299,#8300,#8301),(#8302,#8303,#8304,#8305),(#8306,
#8307,#8308,#8309),(#8310,#8311,#8312,#8313),(#8314,#8315,#8316,#8317),(#8318,
#8319,#8320,#8321),(#8322,#8323,#8324,#8325),(#8326,#8327,#8328,#8329)),
.UNSPECIFIED.,.F.,.F.,.F.,(4,1,1,1,1,1,1,4),(4,4),(3.943686829681E-2,
1.428571428571E-1,2.857142857143E-1,4.285714285714E-1,5.714285714286E-1,
7.142857142857E-1,8.571428571429E-1,9.659084015287E-1),(-5.367863573465E-1,
1.536872302806E0),.UNSPECIFIED.);
#8332=ORIENTED_EDGE('',*,*,#8331,.T.);
#8333=ORIENTED_EDGE('',*,*,#8285,.T.);
#8334=ORIENTED_EDGE('',*,*,#4664,.F.);
#8335=ORIENTED_EDGE('',*,*,#4877,.F.);
#8336=EDGE_LOOP('',(#8332,#8333,#8334,#8335));
#8337=FACE_OUTER_BOUND('',#8336,.F.);
#8339=CARTESIAN_POINT('',(1.501E2,-6.106960668010E1,-5.020508667809E1));
#8340=DIRECTION('',(0.E0,-3.257436514783E-2,9.994693145541E-1));
#8341=DIRECTION('',(1.E0,0.E0,0.E0));
#8342=AXIS2_PLACEMENT_3D('',#8339,#8340,#8341);
#8343=CYLINDRICAL_SURFACE('',#8342,8.2E0);
#8344=ORIENTED_EDGE('',*,*,#8331,.F.);
#8345=ORIENTED_EDGE('',*,*,#4895,.T.);
#8347=ORIENTED_EDGE('',*,*,#8346,.F.);
#8348=ORIENTED_EDGE('',*,*,#8270,.F.);
#8349=EDGE_LOOP('',(#8344,#8345,#8347,#8348));
#8350=FACE_OUTER_BOUND('',#8349,.F.);
#8352=CARTESIAN_POINT('',(1.496211221773E2,-5.392647281540E1,
-1.703314220310E0));
#8353=CARTESIAN_POINT('',(1.496591976656E2,-5.462801031630E1,
-1.030845346686E0));
#8354=CARTESIAN_POINT('',(1.496972731538E2,-5.532954781720E1,
-3.583764730621E-1));
#8355=CARTESIAN_POINT('',(1.497353486421E2,-5.603108531810E1,
3.140924005618E-1));
#8356=CARTESIAN_POINT('',(1.501774185641E2,-5.389531929327E1,
-1.702850453777E0));
#8357=CARTESIAN_POINT('',(1.501712630282E2,-5.459933237720E1,
-1.030462263516E0));
#8358=CARTESIAN_POINT('',(1.501651074923E2,-5.530334546114E1,
-3.580740732555E-1));
#8359=CARTESIAN_POINT('',(1.501589519564E2,-5.600735854508E1,
3.143141170052E-1));
#8360=CARTESIAN_POINT('',(1.514854668331E2,-5.395072892294E1,
-1.703675308564E0));
#8361=CARTESIAN_POINT('',(1.513753086182E2,-5.465033893685E1,
-1.031143614937E0));
#8362=CARTESIAN_POINT('',(1.512651504032E2,-5.534994895077E1,
-3.586119213109E-1));
#8363=CARTESIAN_POINT('',(1.511549921883E2,-5.604955896469E1,
3.139197723154E-1));
#8364=CARTESIAN_POINT('',(1.535121482263E2,-5.449929608271E1,
-1.711841547002E0));
#8365=CARTESIAN_POINT('',(1.532408489439E2,-5.515531476370E1,
-1.037889139427E0));
#8366=CARTESIAN_POINT('',(1.529695496614E2,-5.581133344469E1,
-3.639367318528E-1));
#8367=CARTESIAN_POINT('',(1.526982503789E2,-5.646735212568E1,
3.100156757217E-1));
#8368=CARTESIAN_POINT('',(1.555140058224E2,-5.566429175198E1,
-1.729184241047E0));
#8369=CARTESIAN_POINT('',(1.550835392080E2,-5.622773523380E1,
-1.052214653957E0));
#8370=CARTESIAN_POINT('',(1.546530725936E2,-5.679117871562E1,
-3.752450668679E-1));
#8371=CARTESIAN_POINT('',(1.542226059791E2,-5.735462219743E1,
3.017245202215E-1));
#8372=CARTESIAN_POINT('',(1.571477305668E2,-5.731337042810E1,
-1.753733230961E0));
#8373=CARTESIAN_POINT('',(1.565873667962E2,-5.774577154562E1,
-1.072492755549E0));
#8374=CARTESIAN_POINT('',(1.560270030256E2,-5.817817266314E1,
-3.912522801371E-1));
#8375=CARTESIAN_POINT('',(1.554666392551E2,-5.861057378066E1,
2.899881952750E-1));
#8376=CARTESIAN_POINT('',(1.582928058263E2,-5.933277508335E1,
-1.783795074118E0));
#8377=CARTESIAN_POINT('',(1.576413973309E2,-5.960470625827E1,
-1.097324616726E0));
#8378=CARTESIAN_POINT('',(1.569899888355E2,-5.987663743319E1,
-4.108541593326E-1));
#8379=CARTESIAN_POINT('',(1.563385803401E2,-6.014856860811E1,
2.756162980602E-1));
#8380=CARTESIAN_POINT('',(1.588497567125E2,-6.146610335946E1,
-1.815552839890E0));
#8381=CARTESIAN_POINT('',(1.581540651538E2,-6.156851176681E1,
-1.123557353913E0));
#8382=CARTESIAN_POINT('',(1.574583735952E2,-6.167092017415E1,
-4.315618679359E-1));
#8383=CARTESIAN_POINT('',(1.567626820365E2,-6.177332858150E1,
2.604336180411E-1));
#8384=CARTESIAN_POINT('',(1.588659055669E2,-6.290060566797E1,
-1.836907541284E0));
#8385=CARTESIAN_POINT('',(1.581689300157E2,-6.288902280442E1,
-1.141196890441E0));
#8386=CARTESIAN_POINT('',(1.574719544646E2,-6.287743994087E1,
-4.454862395986E-1));
#8387=CARTESIAN_POINT('',(1.567749789135E2,-6.286585707732E1,
2.502244112440E-1));
#8388=CARTESIAN_POINT('',(1.587935950029E2,-6.358212620208E1,
-1.847052988533E0));
#8389=CARTESIAN_POINT('',(1.581023688515E2,-6.351638700057E1,
-1.149577292679E0));
#8390=CARTESIAN_POINT('',(1.574111427001E2,-6.345064779907E1,
-4.521015968250E-1));
#8391=CARTESIAN_POINT('',(1.567199165488E2,-6.338490859756E1,
2.453740990291E-1));
#8392=B_SPLINE_SURFACE_WITH_KNOTS('',3,3,((#8352,#8353,#8354,#8355),(#8356,
#8357,#8358,#8359),(#8360,#8361,#8362,#8363),(#8364,#8365,#8366,#8367),(#8368,
#8369,#8370,#8371),(#8372,#8373,#8374,#8375),(#8376,#8377,#8378,#8379),(#8380,
#8381,#8382,#8383),(#8384,#8385,#8386,#8387),(#8388,#8389,#8390,#8391)),
.UNSPECIFIED.,.F.,.F.,.F.,(4,1,1,1,1,1,1,4),(4,4),(3.386187449015E-2,
1.428571428571E-1,2.857142857143E-1,4.285714285714E-1,5.714285714286E-1,
7.142857142857E-1,8.571428571429E-1,9.896785796168E-1),(-5.426256713036E-1,
1.542748041305E0),.UNSPECIFIED.);
#8393=ORIENTED_EDGE('',*,*,#8346,.T.);
#8395=ORIENTED_EDGE('',*,*,#8394,.T.);
#8396=ORIENTED_EDGE('',*,*,#5638,.F.);
#8397=ORIENTED_EDGE('',*,*,#8256,.F.);
#8398=EDGE_LOOP('',(#8393,#8395,#8396,#8397));
#8399=FACE_OUTER_BOUND('',#8398,.F.);
#8401=CARTESIAN_POINT('',(1.578E2,-9.603329601428E1,-1.160929155635E0));
#8402=DIRECTION('',(7.071067811865E-1,-7.845394537225E-3,7.070632572723E-1));
#8403=DIRECTION('',(-7.071067811865E-1,-7.845394537225E-3,7.070632572723E-1));
#8404=AXIS2_PLACEMENT_3D('',#8401,#8402,#8403);
#8405=PLANE('',#8404);
#8406=ORIENTED_EDGE('',*,*,#4893,.T.);
#8407=ORIENTED_EDGE('',*,*,#4961,.T.);
#8408=ORIENTED_EDGE('',*,*,#5640,.F.);
#8409=ORIENTED_EDGE('',*,*,#8394,.F.);
#8410=EDGE_LOOP('',(#8406,#8407,#8408,#8409));
#8411=FACE_OUTER_BOUND('',#8410,.F.);
#8413=CARTESIAN_POINT('',(1.488711529651E2,-6.253950549435E1,
-4.621837448555E-1));
#8414=DIRECTION('',(-1.E0,0.E0,0.E0));
#8415=DIRECTION('',(0.E0,-9.994693145541E-1,-3.257436514783E-2));
#8416=AXIS2_PLACEMENT_3D('',#8413,#8414,#8415);
#8417=PLANE('',#8416);
#8418=ORIENTED_EDGE('',*,*,#5854,.F.);
#8420=ORIENTED_EDGE('',*,*,#8419,.F.);
#8422=ORIENTED_EDGE('',*,*,#8421,.T.);
#8424=ORIENTED_EDGE('',*,*,#8423,.F.);
#8425=EDGE_LOOP('',(#8418,#8420,#8422,#8424));
#8426=FACE_OUTER_BOUND('',#8425,.F.);
#8428=CARTESIAN_POINT('',(1.487412997974E2,-6.232482531548E1,
-4.551869612290E-1));
#8429=CARTESIAN_POINT('',(1.487442668459E2,-6.232641625320E1,
-4.552388125307E-1));
#8430=CARTESIAN_POINT('',(1.487478418310E2,-6.232842646625E1,
-4.553043287130E-1));
#8431=CARTESIAN_POINT('',(1.488254888136E2,-6.237460853181E1,
-4.568094789412E-1));
#8432=CARTESIAN_POINT('',(1.488720827432E2,-6.245587486668E1,
-4.594580837839E-1));
#8433=CARTESIAN_POINT('',(1.488711338707E2,-6.254300971060E1,
-4.622979530841E-1));
#8434=CARTESIAN_POINT('',(1.488710955377E2,-6.254476555120E1,
-4.623551788456E-1));
#8436=DIRECTION('',(0.E0,-3.257436514783E-2,9.994693145541E-1));
#8437=VECTOR('',#8436,1.E0);
#8438=SURFACE_OF_LINEAR_EXTRUSION('',#8435,#8437);
#8439=ORIENTED_EDGE('',*,*,#5872,.T.);
#8441=ORIENTED_EDGE('',*,*,#8440,.T.);
#8443=ORIENTED_EDGE('',*,*,#8442,.F.);
#8444=ORIENTED_EDGE('',*,*,#8419,.T.);
#8445=EDGE_LOOP('',(#8439,#8441,#8443,#8444));
#8446=FACE_OUTER_BOUND('',#8445,.F.);
#8448=CARTESIAN_POINT('',(1.456098440519E2,-6.055953645713E1,
-3.976532650694E-1));
#8449=DIRECTION('',(-4.913045489247E-1,-8.705256324988E-1,-2.837187636542E-2));
#8450=DIRECTION('',(8.709878530760E-1,-4.910438207511E-1,-1.600393377546E-2));
#8451=AXIS2_PLACEMENT_3D('',#8448,#8449,#8450);
#8452=PLANE('',#8451);
#8453=ORIENTED_EDGE('',*,*,#5870,.F.);
#8455=ORIENTED_EDGE('',*,*,#8454,.F.);
#8457=ORIENTED_EDGE('',*,*,#8456,.F.);
#8458=ORIENTED_EDGE('',*,*,#8440,.F.);
#8459=EDGE_LOOP('',(#8453,#8455,#8457,#8458));
#8460=FACE_OUTER_BOUND('',#8459,.F.);
#8462=CARTESIAN_POINT('',(1.456217948965E2,-6.012891824749E1,
-3.836187023304E-1));
#8463=CARTESIAN_POINT('',(1.456177378884E2,-6.013094553346E1,
-3.836847749481E-1));
#8464=CARTESIAN_POINT('',(1.456118616591E2,-6.013406708212E1,
-3.837865114044E-1));
#8465=CARTESIAN_POINT('',(1.454428624550E2,-6.023195958851E1,
-3.869769907935E-1));
#8466=CARTESIAN_POINT('',(1.454447880957E2,-6.047116220690E1,
-3.947730014590E-1));
#8467=CARTESIAN_POINT('',(1.456166448073E2,-6.056327566400E1,
-3.977751320324E-1));
#8468=CARTESIAN_POINT('',(1.456201316282E2,-6.056504900565E1,
-3.978329281822E-1));
#8470=DIRECTION('',(0.E0,-3.257436514783E-2,9.994693145541E-1));
#8471=VECTOR('',#8470,1.E0);
#8472=SURFACE_OF_LINEAR_EXTRUSION('',#8469,#8471);
#8473=ORIENTED_EDGE('',*,*,#5868,.T.);
#8475=ORIENTED_EDGE('',*,*,#8474,.T.);
#8477=ORIENTED_EDGE('',*,*,#8476,.F.);
#8478=ORIENTED_EDGE('',*,*,#8454,.T.);
#8479=EDGE_LOOP('',(#8473,#8475,#8477,#8478));
#8480=FACE_OUTER_BOUND('',#8479,.F.);
#8482=CARTESIAN_POINT('',(1.465651566238E2,-5.959777490488E1,
-3.663078585301E-1));
#8483=DIRECTION('',(-4.905469331531E-1,8.709523257316E-1,2.838578300664E-2));
#8484=DIRECTION('',(-8.714147728689E-1,-4.902866070351E-1,-1.597925492268E-2));
#8485=AXIS2_PLACEMENT_3D('',#8482,#8483,#8484);
#8486=PLANE('',#8485);
#8487=ORIENTED_EDGE('',*,*,#5866,.F.);
#8489=ORIENTED_EDGE('',*,*,#8488,.F.);
#8491=ORIENTED_EDGE('',*,*,#8490,.F.);
#8492=ORIENTED_EDGE('',*,*,#8474,.F.);
#8493=EDGE_LOOP('',(#8487,#8489,#8491,#8492));
#8494=FACE_OUTER_BOUND('',#8493,.F.);
#8496=CARTESIAN_POINT('',(1.466895953060E2,-5.981889019598E1,
-3.735143731597E-1));
#8497=DIRECTION('',(4.737581615116E-14,-3.257436517100E-2,9.994693145533E-1));
#8498=DIRECTION('',(5.093572419056E-1,8.600984856075E-1,2.803203834797E-2));
#8499=AXIS2_PLACEMENT_3D('',#8496,#8497,#8498);
#8500=CYLINDRICAL_SURFACE('',#8499,2.538283929066E-1);
#8501=ORIENTED_EDGE('',*,*,#5864,.F.);
#8503=ORIENTED_EDGE('',*,*,#8502,.T.);
#8505=ORIENTED_EDGE('',*,*,#8504,.F.);
#8506=ORIENTED_EDGE('',*,*,#8488,.T.);
#8507=EDGE_LOOP('',(#8501,#8503,#8505,#8506));
#8508=FACE_OUTER_BOUND('',#8507,.F.);
#8510=CARTESIAN_POINT('',(1.502002747467E2,-6.150743249151E1,
-4.285467713496E-1));
#8511=DIRECTION('',(4.914156160012E-1,8.704630059901E-1,2.836983526348E-2));
#8512=DIRECTION('',(-8.709251933147E-1,4.911548288859E-1,1.600755171497E-2));
#8513=AXIS2_PLACEMENT_3D('',#8510,#8511,#8512);
#8514=PLANE('',#8513);
#8515=ORIENTED_EDGE('',*,*,#5862,.F.);
#8517=ORIENTED_EDGE('',*,*,#8516,.F.);
#8519=ORIENTED_EDGE('',*,*,#8518,.F.);
#8520=ORIENTED_EDGE('',*,*,#8502,.F.);
#8521=EDGE_LOOP('',(#8515,#8517,#8519,#8520));
#8522=FACE_OUTER_BOUND('',#8521,.F.);
#8524=CARTESIAN_POINT('',(1.503253344560E2,-6.172705776871E1,
-4.357047239460E-1));
#8525=CARTESIAN_POINT('',(1.503254106143E2,-6.172460932603E1,
-4.356249251320E-1));
#8526=CARTESIAN_POINT('',(1.503254867499E2,-6.171980282722E1,
-4.354682733517E-1));
#8527=CARTESIAN_POINT('',(1.503242257156E2,-6.162997134825E1,
-4.325405162362E-1));
#8528=CARTESIAN_POINT('',(1.502747223867E2,-6.154840543163E1,
-4.298821475270E-1));
#8529=CARTESIAN_POINT('',(1.501971383E2,-6.150568363238E1,-4.284897731256E-1));
#8530=CARTESIAN_POINT('',(1.501955520746E2,-6.150483211384E1,
-4.284620207220E-1));
#8532=DIRECTION('',(0.E0,-3.257436514783E-2,9.994693145541E-1));
#8533=VECTOR('',#8532,1.E0);
#8534=SURFACE_OF_LINEAR_EXTRUSION('',#8531,#8533);
#8535=ORIENTED_EDGE('',*,*,#5860,.T.);
#8537=ORIENTED_EDGE('',*,*,#8536,.T.);
#8539=ORIENTED_EDGE('',*,*,#8538,.F.);
#8540=ORIENTED_EDGE('',*,*,#8516,.T.);
#8541=EDGE_LOOP('',(#8535,#8537,#8539,#8540));
#8542=FACE_OUTER_BOUND('',#8541,.F.);
#8544=CARTESIAN_POINT('',(1.503254509510E2,-6.736037960104E1,
-6.193040397925E-1));
#8545=DIRECTION('',(1.E0,0.E0,0.E0));
#8546=DIRECTION('',(0.E0,9.994693145541E-1,3.257436514783E-2));
#8547=AXIS2_PLACEMENT_3D('',#8544,#8545,#8546);
#8548=PLANE('',#8547);
#8549=ORIENTED_EDGE('',*,*,#5858,.F.);
#8551=ORIENTED_EDGE('',*,*,#8550,.F.);
#8553=ORIENTED_EDGE('',*,*,#8552,.T.);
#8554=ORIENTED_EDGE('',*,*,#8536,.F.);
#8555=EDGE_LOOP('',(#8549,#8551,#8553,#8554));
#8556=FACE_OUTER_BOUND('',#8555,.F.);
#8558=CARTESIAN_POINT('',(1.492233307739E2,-6.720900670382E1,
-6.143705456104E-1));
#8559=CARTESIAN_POINT('',(1.490966320601E2,-6.723883059417E1,
-6.153425557572E-1));
#8560=CARTESIAN_POINT('',(1.489743531812E2,-6.729306337153E1,
-6.171100920560E-1));
#8561=CARTESIAN_POINT('',(1.485168264832E2,-6.759540342899E1,
-6.269638567358E-1));
#8562=CARTESIAN_POINT('',(1.481079374080E2,-6.834683273537E1,
-6.514541860060E-1));
#8563=CARTESIAN_POINT('',(1.485717750498E2,-6.943770734946E1,
-6.870076016961E-1));
#8564=CARTESIAN_POINT('',(1.495990469892E2,-6.985416435939E1,
-7.005806274131E-1));
#8565=CARTESIAN_POINT('',(1.506263222339E2,-6.943777250589E1,
-6.870097252526E-1));
#8566=CARTESIAN_POINT('',(1.510922445955E2,-6.834174565162E1,
-6.512883894965E-1));
#8567=CARTESIAN_POINT('',(1.506083089390E2,-6.746380650543E1,
-6.226748944059E-1));
#8568=CARTESIAN_POINT('',(1.501002645688E2,-6.723800290911E1,
-6.153155801263E-1));
#8569=CARTESIAN_POINT('',(1.499738009582E2,-6.720793625909E1,
-6.143356580593E-1));
#8571=DIRECTION('',(0.E0,-3.257436514783E-2,9.994693145541E-1));
#8572=VECTOR('',#8571,1.E0);
#8573=SURFACE_OF_LINEAR_EXTRUSION('',#8570,#8572);
#8574=ORIENTED_EDGE('',*,*,#5856,.T.);
#8575=ORIENTED_EDGE('',*,*,#8423,.T.);
#8577=ORIENTED_EDGE('',*,*,#8576,.F.);
#8578=ORIENTED_EDGE('',*,*,#8550,.T.);
#8579=EDGE_LOOP('',(#8574,#8575,#8577,#8578));
#8580=FACE_OUTER_BOUND('',#8579,.F.);
#8582=CARTESIAN_POINT('',(-7.E-1,-1.394226353291E2,-1.442353946628E0));
#8583=DIRECTION('',(0.E0,1.109506335671E-2,-9.999384478902E-1));
#8584=DIRECTION('',(0.E0,9.999384478902E-1,1.109506335671E-2));
#8585=AXIS2_PLACEMENT_3D('',#8582,#8583,#8584);
#8586=PLANE('',#8585);
#8587=ORIENTED_EDGE('',*,*,#8421,.F.);
#8588=ORIENTED_EDGE('',*,*,#8442,.T.);
#8589=ORIENTED_EDGE('',*,*,#8456,.T.);
#8590=ORIENTED_EDGE('',*,*,#8476,.T.);
#8591=ORIENTED_EDGE('',*,*,#8490,.T.);
#8592=ORIENTED_EDGE('',*,*,#8504,.T.);
#8593=ORIENTED_EDGE('',*,*,#8518,.T.);
#8594=ORIENTED_EDGE('',*,*,#8538,.T.);
#8595=ORIENTED_EDGE('',*,*,#8552,.F.);
#8596=ORIENTED_EDGE('',*,*,#8576,.T.);
#8597=EDGE_LOOP('',(#8587,#8588,#8589,#8590,#8591,#8592,#8593,#8594,#8595,
#8596));
#8598=FACE_OUTER_BOUND('',#8597,.F.);
#8600=ORIENTED_EDGE('',*,*,#8599,.T.);
#8602=ORIENTED_EDGE('',*,*,#8601,.T.);
#8603=EDGE_LOOP('',(#8600,#8602));
#8604=FACE_BOUND('',#8603,.F.);
#8606=CARTESIAN_POINT('',(1.496081164731E2,-6.843034359753E1,
-6.541759437210E-1));
#8607=DIRECTION('',(-3.020504039012E-13,3.257436514785E-2,-9.994693145541E-1));
#8608=DIRECTION('',(-8.082289875067E-2,9.961995287941E-1,3.246779739862E-2));
#8609=AXIS2_PLACEMENT_3D('',#8606,#8607,#8608);
#8610=CYLINDRICAL_SURFACE('',#8609,4.594359902541E-1);
#8611=ORIENTED_EDGE('',*,*,#5972,.F.);
#8613=ORIENTED_EDGE('',*,*,#8612,.T.);
#8614=ORIENTED_EDGE('',*,*,#8599,.F.);
#8616=ORIENTED_EDGE('',*,*,#8615,.F.);
#8617=EDGE_LOOP('',(#8611,#8613,#8614,#8616));
#8618=FACE_OUTER_BOUND('',#8617,.F.);
#8620=CARTESIAN_POINT('',(1.495900508484E2,-6.843034235121E1,
-6.541759031015E-1));
#8621=DIRECTION('',(1.047930811908E-13,3.257436514780E-2,-9.994693145541E-1));
#8622=DIRECTION('',(8.048414528764E-2,-9.962269252073E-1,-3.246869029315E-2));
#8623=AXIS2_PLACEMENT_3D('',#8620,#8621,#8622);
#8624=CYLINDRICAL_SURFACE('',#8623,4.594297046713E-1);
#8625=ORIENTED_EDGE('',*,*,#5970,.F.);
#8626=ORIENTED_EDGE('',*,*,#8615,.T.);
#8627=ORIENTED_EDGE('',*,*,#8601,.F.);
#8628=ORIENTED_EDGE('',*,*,#8612,.F.);
#8629=EDGE_LOOP('',(#8625,#8626,#8627,#8628));
#8630=FACE_OUTER_BOUND('',#8629,.F.);
#8632=CARTESIAN_POINT('',(1.525239799862E2,-6.434765431268E1,
-5.211143183033E-1));
#8633=DIRECTION('',(-1.681719373313E-13,3.257436514810E-2,-9.994693145541E-1));
#8634=DIRECTION('',(-8.082442707554E-2,9.961994049296E-1,3.246779336191E-2));
#8635=AXIS2_PLACEMENT_3D('',#8632,#8633,#8634);
#8636=CYLINDRICAL_SURFACE('',#8635,4.594350908129E-1);
#8637=ORIENTED_EDGE('',*,*,#5982,.F.);
#8639=ORIENTED_EDGE('',*,*,#8638,.T.);
#8641=ORIENTED_EDGE('',*,*,#8640,.F.);
#8643=ORIENTED_EDGE('',*,*,#8642,.F.);
#8644=EDGE_LOOP('',(#8637,#8639,#8641,#8643));
#8645=FACE_OUTER_BOUND('',#8644,.F.);
#8647=CARTESIAN_POINT('',(1.525059168192E2,-6.434765431270E1,
-5.211143183037E-1));
#8648=DIRECTION('',(1.209348670605E-13,3.257436514811E-2,-9.994693145541E-1));
#8649=DIRECTION('',(8.073931602269E-2,-9.962062992430E-1,-3.246801805902E-2));
#8650=AXIS2_PLACEMENT_3D('',#8647,#8648,#8649);
#8651=CYLINDRICAL_SURFACE('',#8650,4.594330714982E-1);
#8652=ORIENTED_EDGE('',*,*,#5984,.F.);
#8653=ORIENTED_EDGE('',*,*,#8642,.T.);
#8655=ORIENTED_EDGE('',*,*,#8654,.F.);
#8656=ORIENTED_EDGE('',*,*,#8638,.F.);
#8657=EDGE_LOOP('',(#8652,#8653,#8655,#8656));
#8658=FACE_OUTER_BOUND('',#8657,.F.);
#8660=CARTESIAN_POINT('',(-7.E-1,-1.394226353291E2,-1.442353946628E0));
#8661=DIRECTION('',(0.E0,1.109506335671E-2,-9.999384478902E-1));
#8662=DIRECTION('',(0.E0,9.999384478902E-1,1.109506335671E-2));
#8663=AXIS2_PLACEMENT_3D('',#8660,#8661,#8662);
#8664=PLANE('',#8663);
#8666=ORIENTED_EDGE('',*,*,#8665,.T.);
#8668=ORIENTED_EDGE('',*,*,#8667,.F.);
#8670=ORIENTED_EDGE('',*,*,#8669,.T.);
#8672=ORIENTED_EDGE('',*,*,#8671,.F.);
#8674=ORIENTED_EDGE('',*,*,#8673,.T.);
#8676=ORIENTED_EDGE('',*,*,#8675,.T.);
#8678=ORIENTED_EDGE('',*,*,#8677,.T.);
#8680=ORIENTED_EDGE('',*,*,#8679,.T.);
#8682=ORIENTED_EDGE('',*,*,#8681,.T.);
#8684=ORIENTED_EDGE('',*,*,#8683,.F.);
#8686=ORIENTED_EDGE('',*,*,#8685,.T.);
#8688=ORIENTED_EDGE('',*,*,#8687,.T.);
#8690=ORIENTED_EDGE('',*,*,#8689,.T.);
#8692=ORIENTED_EDGE('',*,*,#8691,.T.);
#8694=ORIENTED_EDGE('',*,*,#8693,.T.);
#8696=ORIENTED_EDGE('',*,*,#8695,.F.);
#8698=ORIENTED_EDGE('',*,*,#8697,.T.);
#8700=ORIENTED_EDGE('',*,*,#8699,.T.);
#8702=ORIENTED_EDGE('',*,*,#8701,.T.);
#8704=ORIENTED_EDGE('',*,*,#8703,.F.);
#8706=ORIENTED_EDGE('',*,*,#8705,.T.);
#8708=ORIENTED_EDGE('',*,*,#8707,.T.);
#8710=ORIENTED_EDGE('',*,*,#8709,.T.);
#8712=ORIENTED_EDGE('',*,*,#8711,.T.);
#8714=ORIENTED_EDGE('',*,*,#8713,.T.);
#8716=ORIENTED_EDGE('',*,*,#8715,.F.);
#8718=ORIENTED_EDGE('',*,*,#8717,.T.);
#8720=ORIENTED_EDGE('',*,*,#8719,.T.);
#8722=ORIENTED_EDGE('',*,*,#8721,.T.);
#8724=ORIENTED_EDGE('',*,*,#8723,.T.);
#8725=EDGE_LOOP('',(#8666,#8668,#8670,#8672,#8674,#8676,#8678,#8680,#8682,#8684,
#8686,#8688,#8690,#8692,#8694,#8696,#8698,#8700,#8702,#8704,#8706,#8708,#8710,
#8712,#8714,#8716,#8718,#8720,#8722,#8724));
#8726=FACE_OUTER_BOUND('',#8725,.F.);
#8727=ORIENTED_EDGE('',*,*,#8654,.T.);
#8728=ORIENTED_EDGE('',*,*,#8640,.T.);
#8729=EDGE_LOOP('',(#8727,#8728));
#8730=FACE_BOUND('',#8729,.F.);
#8732=CARTESIAN_POINT('',(1.516522142309E2,-6.982510663147E1,
-6.996335877935E-1));
#8733=CARTESIAN_POINT('',(1.516529860845E2,-6.982468207788E1,
-6.996197508868E-1));
#8734=CARTESIAN_POINT('',(1.517295072481E2,-6.978206923498E1,
-6.982309275536E-1));
#8735=CARTESIAN_POINT('',(1.517784349357E2,-6.970145639511E1,
-6.956036211991E-1));
#8736=CARTESIAN_POINT('',(1.517797722495E2,-6.961173937359E1,
-6.926795944418E-1));
#8737=CARTESIAN_POINT('',(1.517797067937E2,-6.960707784546E1,
-6.925276674967E-1));
#8738=CARTESIAN_POINT('',(1.517796352496E2,-6.960463324895E1,
-6.924479940357E-1));
#8740=DIRECTION('',(0.E0,-3.257436514783E-2,9.994693145541E-1));
#8741=VECTOR('',#8740,1.E0);
#8742=SURFACE_OF_LINEAR_EXTRUSION('',#8739,#8741);
#8743=ORIENTED_EDGE('',*,*,#5876,.T.);
#8745=ORIENTED_EDGE('',*,*,#8744,.T.);
#8746=ORIENTED_EDGE('',*,*,#8665,.F.);
#8748=ORIENTED_EDGE('',*,*,#8747,.T.);
#8749=EDGE_LOOP('',(#8743,#8745,#8746,#8748));
#8750=FACE_OUTER_BOUND('',#8749,.F.);
#8752=CARTESIAN_POINT('',(1.517797378250E2,-6.537765627513E1,
-5.546837931627E-1));
#8753=DIRECTION('',(-1.E0,0.E0,0.E0));
#8754=DIRECTION('',(0.E0,-9.994693145541E-1,-3.257436514783E-2));
#8755=AXIS2_PLACEMENT_3D('',#8752,#8753,#8754);
#8756=PLANE('',#8755);
#8757=ORIENTED_EDGE('',*,*,#5934,.F.);
#8759=ORIENTED_EDGE('',*,*,#8758,.F.);
#8760=ORIENTED_EDGE('',*,*,#8667,.T.);
#8761=ORIENTED_EDGE('',*,*,#8744,.F.);
#8762=EDGE_LOOP('',(#8757,#8759,#8760,#8761));
#8763=FACE_OUTER_BOUND('',#8762,.F.);
#8765=CARTESIAN_POINT('',(1.521293149896E2,-6.554101188005E1,
-5.600078236721E-1));
#8766=CARTESIAN_POINT('',(1.520029688986E2,-6.550851788045E1,
-5.589487902503E-1));
#8767=CARTESIAN_POINT('',(1.515212072749E2,-6.527758343887E1,
-5.514222532011E-1));
#8768=CARTESIAN_POINT('',(1.510675025311E2,-6.441247833477E1,
-5.232270408598E-1));
#8769=CARTESIAN_POINT('',(1.515157422829E2,-6.333850469365E1,
-4.882244559528E-1));
#8770=CARTESIAN_POINT('',(1.525149441545E2,-6.292555563523E1,
-4.747657602026E-1));
#8771=CARTESIAN_POINT('',(1.535141587154E2,-6.333849967045E1,
-4.882242922383E-1));
#8772=CARTESIAN_POINT('',(1.539633925197E2,-6.441501924616E1,
-5.233098533829E-1));
#8773=CARTESIAN_POINT('',(1.535724150928E2,-6.515612250137E1,
-5.474636394935E-1));
#8774=CARTESIAN_POINT('',(1.531319383690E2,-6.545943236476E1,
-5.573490117595E-1));
#8775=CARTESIAN_POINT('',(1.530107298298E2,-6.551518542702E1,
-5.591660966679E-1));
#8776=CARTESIAN_POINT('',(1.528847627210E2,-6.554558839829E1,
-5.601569799915E-1));
#8778=DIRECTION('',(0.E0,-3.257436514783E-2,9.994693145541E-1));
#8779=VECTOR('',#8778,1.E0);
#8780=SURFACE_OF_LINEAR_EXTRUSION('',#8777,#8779);
#8781=ORIENTED_EDGE('',*,*,#5932,.T.);
#8783=ORIENTED_EDGE('',*,*,#8782,.T.);
#8784=ORIENTED_EDGE('',*,*,#8669,.F.);
#8785=ORIENTED_EDGE('',*,*,#8758,.T.);
#8786=EDGE_LOOP('',(#8781,#8783,#8784,#8785));
#8787=FACE_OUTER_BOUND('',#8786,.F.);
#8789=CARTESIAN_POINT('',(1.532340763367E2,-7.043124556499E1,
-7.193886624747E-1));
#8790=DIRECTION('',(1.E0,0.E0,0.E0));
#8791=DIRECTION('',(0.E0,9.994693145541E-1,3.257436514783E-2));
#8792=AXIS2_PLACEMENT_3D('',#8789,#8790,#8791);
#8793=PLANE('',#8792);
#8794=ORIENTED_EDGE('',*,*,#5930,.F.);
#8796=ORIENTED_EDGE('',*,*,#8795,.F.);
#8797=ORIENTED_EDGE('',*,*,#8671,.T.);
#8798=ORIENTED_EDGE('',*,*,#8782,.F.);
#8799=EDGE_LOOP('',(#8794,#8796,#8797,#8798));
#8800=FACE_OUTER_BOUND('',#8799,.F.);
#8802=CARTESIAN_POINT('',(1.532340209732E2,-7.042607774439E1,
-7.192202346176E-1));
#8803=CARTESIAN_POINT('',(1.532340579278E2,-7.042780278356E1,
-7.192764565094E-1));
#8804=CARTESIAN_POINT('',(1.532349900988E2,-7.051503386134E1,
-7.221194622309E-1));
#8805=CARTESIAN_POINT('',(1.531883438311E2,-7.059628859462E1,
-7.247676889580E-1));
#8806=CARTESIAN_POINT('',(1.531120563658E2,-7.064156477381E1,
-7.262433148449E-1));
#8807=CARTESIAN_POINT('',(1.531099956329E2,-7.064274872376E1,
-7.262819017401E-1));
#8808=CARTESIAN_POINT('',(1.531085471190E2,-7.064356196823E1,
-7.263084067277E-1));
#8810=DIRECTION('',(0.E0,-3.257436514783E-2,9.994693145541E-1));
#8811=VECTOR('',#8810,1.E0);
#8812=SURFACE_OF_LINEAR_EXTRUSION('',#8809,#8811);
#8813=ORIENTED_EDGE('',*,*,#5928,.T.);
#8815=ORIENTED_EDGE('',*,*,#8814,.T.);
#8816=ORIENTED_EDGE('',*,*,#8673,.F.);
#8817=ORIENTED_EDGE('',*,*,#8795,.T.);
#8818=EDGE_LOOP('',(#8813,#8815,#8816,#8817));
#8819=FACE_OUTER_BOUND('',#8818,.F.);
#8821=CARTESIAN_POINT('',(1.497946080472E2,-7.259574459555E1,
-7.899332812609E-1));
#8822=DIRECTION('',(5.077618907178E-1,-8.610402693094E-1,-2.806273262325E-2));
#8823=DIRECTION('',(8.614974534696E-1,5.074924288724E-1,1.654002123639E-2));
#8824=AXIS2_PLACEMENT_3D('',#8821,#8822,#8823);
#8825=PLANE('',#8824);
#8826=ORIENTED_EDGE('',*,*,#5926,.F.);
#8828=ORIENTED_EDGE('',*,*,#8827,.F.);
#8829=ORIENTED_EDGE('',*,*,#8675,.F.);
#8830=ORIENTED_EDGE('',*,*,#8814,.F.);
#8831=EDGE_LOOP('',(#8826,#8828,#8829,#8830));
#8832=FACE_OUTER_BOUND('',#8831,.F.);
#8834=CARTESIAN_POINT('',(1.496710831673E2,-7.238625485245E1,
-7.831056625650E-1));
#8835=DIRECTION('',(1.309700437567E-12,3.257436510744E-2,-9.994693145554E-1));
#8836=DIRECTION('',(5.255581431735E-1,-8.503062000198E-1,-2.771289143999E-2));
#8837=AXIS2_PLACEMENT_3D('',#8834,#8835,#8836);
#8838=CYLINDRICAL_SURFACE('',#8837,2.432911676323E-1);
#8839=ORIENTED_EDGE('',*,*,#5924,.T.);
#8841=ORIENTED_EDGE('',*,*,#8840,.T.);
#8842=ORIENTED_EDGE('',*,*,#8677,.F.);
#8843=ORIENTED_EDGE('',*,*,#8827,.T.);
#8844=EDGE_LOOP('',(#8839,#8841,#8842,#8843));
#8845=FACE_OUTER_BOUND('',#8844,.F.);
#8847=CARTESIAN_POINT('',(1.460878129417E2,-7.064312066049E1,
-7.262940237762E-1));
#8848=DIRECTION('',(-4.913127619192E-1,-8.705210021418E-1,-2.837172545440E-2));
#8849=DIRECTION('',(8.709832202605E-1,-4.910520293871E-1,-1.600420130855E-2));
#8850=AXIS2_PLACEMENT_3D('',#8847,#8848,#8849);
#8851=PLANE('',#8850);
#8852=ORIENTED_EDGE('',*,*,#5922,.F.);
#8854=ORIENTED_EDGE('',*,*,#8853,.F.);
#8855=ORIENTED_EDGE('',*,*,#8679,.F.);
#8856=ORIENTED_EDGE('',*,*,#8840,.F.);
#8857=EDGE_LOOP('',(#8852,#8854,#8855,#8856));
#8858=FACE_OUTER_BOUND('',#8857,.F.);
#8860=CARTESIAN_POINT('',(1.460924856720E2,-7.064568903212E1,
-7.263777312736E-1));
#8861=CARTESIAN_POINT('',(1.460909134892E2,-7.064484635817E1,
-7.263502671300E-1));
#8862=CARTESIAN_POINT('',(1.460133567330E2,-7.060221252308E1,
-7.249607596267E-1));
#8863=CARTESIAN_POINT('',(1.459638366281E2,-7.052068927517E1,
-7.223037815619E-1));
#8864=CARTESIAN_POINT('',(1.459625594793E2,-7.043071871483E1,
-7.193714915529E-1));
#8865=CARTESIAN_POINT('',(1.459626375162E2,-7.042585031130E1,
-7.192128221946E-1));
#8866=CARTESIAN_POINT('',(1.459627181342E2,-7.042331604754E1,
-7.191302263288E-1));
#8868=DIRECTION('',(0.E0,-3.257436514783E-2,9.994693145541E-1));
#8869=VECTOR('',#8868,1.E0);
#8870=SURFACE_OF_LINEAR_EXTRUSION('',#8867,#8869);
#8871=ORIENTED_EDGE('',*,*,#5920,.T.);
#8873=ORIENTED_EDGE('',*,*,#8872,.T.);
#8874=ORIENTED_EDGE('',*,*,#8681,.F.);
#8875=ORIENTED_EDGE('',*,*,#8853,.T.);
#8876=EDGE_LOOP('',(#8871,#8873,#8874,#8875));
#8877=FACE_OUTER_BOUND('',#8876,.F.);
#8879=CARTESIAN_POINT('',(1.459625962117E2,-6.417984055263E1,
-5.156449891131E-1));
#8880=DIRECTION('',(-1.E0,0.E0,0.E0));
#8881=DIRECTION('',(0.E0,-9.994693145541E-1,-3.257436514783E-2));
#8882=AXIS2_PLACEMENT_3D('',#8879,#8880,#8881);
#8883=PLANE('',#8882);
#8884=ORIENTED_EDGE('',*,*,#5918,.F.);
#8886=ORIENTED_EDGE('',*,*,#8885,.F.);
#8887=ORIENTED_EDGE('',*,*,#8683,.T.);
#8888=ORIENTED_EDGE('',*,*,#8872,.F.);
#8889=EDGE_LOOP('',(#8884,#8886,#8887,#8888));
#8890=FACE_OUTER_BOUND('',#8889,.F.);
#8892=CARTESIAN_POINT('',(1.459625380115E2,-6.418513365463E1,
-5.158175000993E-1));
#8893=CARTESIAN_POINT('',(1.459625768610E2,-6.418336674976E1,
-5.157599137347E-1));
#8894=CARTESIAN_POINT('',(1.459635326287E2,-6.409621723307E1,
-5.129195662246E-1));
#8895=CARTESIAN_POINT('',(1.459160609458E2,-6.401353713652E1,
-5.102248845404E-1));
#8896=CARTESIAN_POINT('',(1.458374170073E2,-6.396769373303E1,
-5.087307718718E-1));
#8897=CARTESIAN_POINT('',(1.458333136066E2,-6.396545172730E1,
-5.086577011813E-1));
#8898=CARTESIAN_POINT('',(1.458312403698E2,-6.396435612696E1,
-5.086219937466E-1));
#8900=DIRECTION('',(0.E0,-3.257436514783E-2,9.994693145541E-1));
#8901=VECTOR('',#8900,1.E0);
#8902=SURFACE_OF_LINEAR_EXTRUSION('',#8899,#8901);
#8903=ORIENTED_EDGE('',*,*,#5916,.T.);
#8905=ORIENTED_EDGE('',*,*,#8904,.T.);
#8906=ORIENTED_EDGE('',*,*,#8685,.F.);
#8907=ORIENTED_EDGE('',*,*,#8885,.T.);
#8908=EDGE_LOOP('',(#8903,#8905,#8906,#8907));
#8909=FACE_OUTER_BOUND('',#8908,.F.);
#8911=CARTESIAN_POINT('',(1.438979457574E2,-6.287426785780E1,
-4.730942063434E-1));
#8912=DIRECTION('',(-4.913155227558E-1,-8.705194456028E-1,-2.837167472420E-2));
#8913=DIRECTION('',(8.709816628949E-1,-4.910547887585E-1,-1.600429124104E-2));
#8914=AXIS2_PLACEMENT_3D('',#8911,#8912,#8913);
#8915=PLANE('',#8914);
#8916=ORIENTED_EDGE('',*,*,#5914,.F.);
#8918=ORIENTED_EDGE('',*,*,#8917,.F.);
#8919=ORIENTED_EDGE('',*,*,#8687,.F.);
#8920=ORIENTED_EDGE('',*,*,#8904,.F.);
#8921=EDGE_LOOP('',(#8916,#8918,#8919,#8920));
#8922=FACE_OUTER_BOUND('',#8921,.F.);
#8924=CARTESIAN_POINT('',(1.437732839956E2,-6.309508397284E1,
-4.802909703252E-1));
#8925=DIRECTION('',(3.825600744361E-13,-3.257436515624E-2,9.994693145538E-1));
#8926=DIRECTION('',(5.095655157318E-1,8.599752410289E-1,2.802802158955E-2));
#8927=AXIS2_PLACEMENT_3D('',#8924,#8925,#8926);
#8928=CYLINDRICAL_SURFACE('',#8927,2.536767697546E-1);
#8929=ORIENTED_EDGE('',*,*,#5912,.T.);
#8931=ORIENTED_EDGE('',*,*,#8930,.T.);
#8932=ORIENTED_EDGE('',*,*,#8689,.F.);
#8933=ORIENTED_EDGE('',*,*,#8917,.T.);
#8934=EDGE_LOOP('',(#8929,#8931,#8932,#8933));
#8935=FACE_OUTER_BOUND('',#8934,.F.);
#8937=CARTESIAN_POINT('',(1.417249665363E2,-6.395880757785E1,
-5.084411573143E-1));
#8938=DIRECTION('',(4.913124166197E-1,-8.705211968183E-1,-2.837173179923E-2));
#8939=DIRECTION('',(8.709834150403E-1,4.910516842708E-1,1.600419006063E-2));
#8940=AXIS2_PLACEMENT_3D('',#8937,#8938,#8939);
#8941=PLANE('',#8940);
#8942=ORIENTED_EDGE('',*,*,#5910,.F.);
#8944=ORIENTED_EDGE('',*,*,#8943,.F.);
#8945=ORIENTED_EDGE('',*,*,#8691,.F.);
#8946=ORIENTED_EDGE('',*,*,#8930,.F.);
#8947=EDGE_LOOP('',(#8942,#8944,#8945,#8946));
#8948=FACE_OUTER_BOUND('',#8947,.F.);
#8950=CARTESIAN_POINT('',(1.417297316725E2,-6.395618695712E1,
-5.083557469317E-1));
#8951=CARTESIAN_POINT('',(1.417281432434E2,-6.395703842766E1,
-5.083834977707E-1));
#8952=CARTESIAN_POINT('',(1.416505389677E2,-6.399971200751E1,
-5.097743006216E-1));
#8953=CARTESIAN_POINT('',(1.416009392258E2,-6.408128029062E1,
-5.124327464587E-1));
#8954=CARTESIAN_POINT('',(1.415996710930E2,-6.417113618482E1,
-5.153612993079E-1));
#8955=CARTESIAN_POINT('',(1.415997455146E2,-6.417591052411E1,
-5.155169029555E-1));
#8956=CARTESIAN_POINT('',(1.415998199594E2,-6.417833454244E1,
-5.155959057389E-1));
#8958=DIRECTION('',(0.E0,-3.257436514783E-2,9.994693145541E-1));
#8959=VECTOR('',#8958,1.E0);
#8960=SURFACE_OF_LINEAR_EXTRUSION('',#8957,#8959);
#8961=ORIENTED_EDGE('',*,*,#5908,.T.);
#8963=ORIENTED_EDGE('',*,*,#8962,.T.);
#8964=ORIENTED_EDGE('',*,*,#8693,.F.);
#8965=ORIENTED_EDGE('',*,*,#8943,.T.);
#8966=EDGE_LOOP('',(#8961,#8963,#8964,#8965));
#8967=FACE_OUTER_BOUND('',#8966,.F.);
#8969=CARTESIAN_POINT('',(1.415997065026E2,-7.096972925799E1,
-7.369387404878E-1));
#8970=DIRECTION('',(1.E0,0.E0,0.E0));
#8971=DIRECTION('',(0.E0,9.994693145541E-1,3.257436514783E-2));
#8972=AXIS2_PLACEMENT_3D('',#8969,#8970,#8971);
#8973=PLANE('',#8972);
#8974=ORIENTED_EDGE('',*,*,#5906,.F.);
#8976=ORIENTED_EDGE('',*,*,#8975,.F.);
#8977=ORIENTED_EDGE('',*,*,#8695,.T.);
#8978=ORIENTED_EDGE('',*,*,#8962,.F.);
#8979=EDGE_LOOP('',(#8974,#8976,#8977,#8978));
#8980=FACE_OUTER_BOUND('',#8979,.F.);
#8982=CARTESIAN_POINT('',(1.415994532220E2,-7.095830740193E1,
-7.365664832262E-1));
#8983=CARTESIAN_POINT('',(1.415996227475E2,-7.096214233696E1,
-7.366914701288E-1));
#8984=CARTESIAN_POINT('',(1.416038364334E2,-7.115370442184E1,
-7.429347966727E-1));
#8985=CARTESIAN_POINT('',(1.413938253773E2,-7.127464521246E1,
-7.468764579301E-1));
#8986=CARTESIAN_POINT('',(1.412228918755E2,-7.118060732323E1,
-7.438116069165E-1));
#8987=CARTESIAN_POINT('',(1.412172739451E2,-7.117724661167E1,
-7.437020757448E-1));
#8988=CARTESIAN_POINT('',(1.412134804206E2,-7.117484789338E1,
-7.436238975318E-1));
#8990=DIRECTION('',(0.E0,-3.257436514783E-2,9.994693145541E-1));
#8991=VECTOR('',#8990,1.E0);
#8992=SURFACE_OF_LINEAR_EXTRUSION('',#8989,#8991);
#8993=ORIENTED_EDGE('',*,*,#5904,.T.);
#8995=ORIENTED_EDGE('',*,*,#8994,.T.);
#8996=ORIENTED_EDGE('',*,*,#8697,.F.);
#8997=ORIENTED_EDGE('',*,*,#8975,.T.);
#8998=EDGE_LOOP('',(#8993,#8995,#8996,#8997));
#8999=FACE_OUTER_BOUND('',#8998,.F.);
#9001=CARTESIAN_POINT('',(1.402725137079E2,-7.064474736326E1,
-7.263470407214E-1));
#9002=DIRECTION('',(-4.913071610172E-1,-8.705241598532E-1,-2.837182836946E-2));
#9003=DIRECTION('',(8.709863796485E-1,-4.910464314574E-1,-1.600401886272E-2));
#9004=AXIS2_PLACEMENT_3D('',#9001,#9002,#9003);
#9005=PLANE('',#9004);
#9006=ORIENTED_EDGE('',*,*,#5902,.F.);
#9008=ORIENTED_EDGE('',*,*,#9007,.F.);
#9009=ORIENTED_EDGE('',*,*,#8699,.F.);
#9010=ORIENTED_EDGE('',*,*,#8994,.F.);
#9011=EDGE_LOOP('',(#9006,#9008,#9009,#9010));
#9012=FACE_OUTER_BOUND('',#9011,.F.);
#9014=CARTESIAN_POINT('',(1.402772828206E2,-7.064736973972E1,
-7.264325083264E-1));
#9015=CARTESIAN_POINT('',(1.402756903684E2,-7.064651629785E1,
-7.264046932379E-1));
#9016=CARTESIAN_POINT('',(1.401979986978E2,-7.060379985862E1,
-7.250124935285E-1));
#9017=CARTESIAN_POINT('',(1.401484381878E2,-7.052202782957E1,
-7.223474072729E-1));
#9018=CARTESIAN_POINT('',(1.401472161452E2,-7.043196714655E1,
-7.194121800165E-1));
#9019=CARTESIAN_POINT('',(1.401473001746E2,-7.042703388973E1,
-7.192513969824E-1));
#9020=CARTESIAN_POINT('',(1.401473815826E2,-7.042453521642E1,
-7.191699610687E-1));
#9022=DIRECTION('',(0.E0,-3.257436514783E-2,9.994693145541E-1));
#9023=VECTOR('',#9022,1.E0);
#9024=SURFACE_OF_LINEAR_EXTRUSION('',#9021,#9023);
#9025=ORIENTED_EDGE('',*,*,#5900,.T.);
#9027=ORIENTED_EDGE('',*,*,#9026,.T.);
#9028=ORIENTED_EDGE('',*,*,#8701,.F.);
#9029=ORIENTED_EDGE('',*,*,#9007,.T.);
#9030=EDGE_LOOP('',(#9025,#9027,#9028,#9029));
#9031=FACE_OUTER_BOUND('',#9030,.F.);
#9033=CARTESIAN_POINT('',(1.401538551167E2,-6.334620503518E1,
-4.884754228741E-1));
#9034=DIRECTION('',(-9.999995664956E-1,9.306388802436E-4,3.033106696162E-5));
#9035=DIRECTION('',(-9.311330189849E-4,-9.994688812797E-1,-3.257435102670E-2));
#9036=AXIS2_PLACEMENT_3D('',#9033,#9034,#9035);
#9037=PLANE('',#9036);
#9038=ORIENTED_EDGE('',*,*,#5898,.F.);
#9040=ORIENTED_EDGE('',*,*,#9039,.F.);
#9041=ORIENTED_EDGE('',*,*,#8703,.T.);
#9042=ORIENTED_EDGE('',*,*,#9026,.F.);
#9043=EDGE_LOOP('',(#9038,#9040,#9041,#9042));
#9044=FACE_OUTER_BOUND('',#9043,.F.);
#9046=CARTESIAN_POINT('',(1.401539085844E2,-6.335152165557E1,
-4.886487003637E-1));
#9047=CARTESIAN_POINT('',(1.401538712241E2,-6.334975008155E1,
-4.885909618238E-1));
#9048=CARTESIAN_POINT('',(1.401529954536E2,-6.326259257697E1,
-4.857503539752E-1));
#9049=CARTESIAN_POINT('',(1.402005571515E2,-6.317983176450E1,
-4.830530416253E-1));
#9050=CARTESIAN_POINT('',(1.402795356264E2,-6.313404697501E1,
-4.815608392838E-1));
#9051=CARTESIAN_POINT('',(1.402838305622E2,-6.313172080195E1,
-4.814850254401E-1));
#9052=CARTESIAN_POINT('',(1.402860212794E2,-6.313057558203E1,
-4.814477008211E-1));
#9054=DIRECTION('',(0.E0,-3.257436514783E-2,9.994693145541E-1));
#9055=VECTOR('',#9054,1.E0);
#9056=SURFACE_OF_LINEAR_EXTRUSION('',#9053,#9055);
#9057=ORIENTED_EDGE('',*,*,#5896,.T.);
#9059=ORIENTED_EDGE('',*,*,#9058,.T.);
#9060=ORIENTED_EDGE('',*,*,#8705,.F.);
#9061=ORIENTED_EDGE('',*,*,#9039,.T.);
#9062=EDGE_LOOP('',(#9057,#9059,#9060,#9061));
#9063=FACE_OUTER_BOUND('',#9062,.F.);
#9065=CARTESIAN_POINT('',(1.436528257463E2,-6.123626963316E1,
-4.197091233762E-1));
#9066=DIRECTION('',(-4.905136571552E-1,8.709710470660E-1,2.838639316603E-2));
#9067=DIRECTION('',(-8.714335041437E-1,-4.902533486963E-1,-1.597817097817E-2));
#9068=AXIS2_PLACEMENT_3D('',#9065,#9066,#9067);
#9069=PLANE('',#9068);
#9070=ORIENTED_EDGE('',*,*,#5894,.F.);
#9072=ORIENTED_EDGE('',*,*,#9071,.F.);
#9073=ORIENTED_EDGE('',*,*,#8707,.F.);
#9074=ORIENTED_EDGE('',*,*,#9058,.F.);
#9075=EDGE_LOOP('',(#9070,#9072,#9073,#9074));
#9076=FACE_OUTER_BOUND('',#9075,.F.);
#9078=CARTESIAN_POINT('',(1.437772193436E2,-6.145689869868E1,
-4.268997910932E-1));
#9079=DIRECTION('',(5.885636677276E-13,3.257436511156E-2,-9.994693145553E-1));
#9080=DIRECTION('',(-5.086244639039E-1,8.605315613172E-1,2.804615295322E-2));
#9081=AXIS2_PLACEMENT_3D('',#9078,#9079,#9080);
#9082=CYLINDRICAL_SURFACE('',#9081,2.533834764811E-1);
#9083=ORIENTED_EDGE('',*,*,#5892,.T.);
#9085=ORIENTED_EDGE('',*,*,#9084,.T.);
#9086=ORIENTED_EDGE('',*,*,#8709,.F.);
#9087=ORIENTED_EDGE('',*,*,#9071,.T.);
#9088=EDGE_LOOP('',(#9083,#9085,#9086,#9087));
#9089=FACE_OUTER_BOUND('',#9088,.F.);
#9091=CARTESIAN_POINT('',(1.472916748530E2,-6.314781001392E1,
-4.820093995837E-1));
#9092=DIRECTION('',(4.913019320775E-1,8.705271078146E-1,2.837192444841E-2));
#9093=DIRECTION('',(-8.709893291751E-1,4.910412052926E-1,1.600384853333E-2));
#9094=AXIS2_PLACEMENT_3D('',#9091,#9092,#9093);
#9095=PLANE('',#9094);
#9096=ORIENTED_EDGE('',*,*,#5890,.F.);
#9098=ORIENTED_EDGE('',*,*,#9097,.F.);
#9099=ORIENTED_EDGE('',*,*,#8711,.F.);
#9100=ORIENTED_EDGE('',*,*,#9084,.F.);
#9101=EDGE_LOOP('',(#9096,#9098,#9099,#9100));
#9102=FACE_OUTER_BOUND('',#9101,.F.);
#9104=CARTESIAN_POINT('',(1.472870204978E2,-6.314525139888E1,
-4.819260100691E-1));
#9105=CARTESIAN_POINT('',(1.472885860236E2,-6.314609068607E1,
-4.819533638327E-1));
#9106=CARTESIAN_POINT('',(1.473661345646E2,-6.318872542212E1,
-4.833429007001E-1));
#9107=CARTESIAN_POINT('',(1.474155775801E2,-6.327016193742E1,
-4.859970520052E-1));
#9108=CARTESIAN_POINT('',(1.474169216930E2,-6.335958060161E1,
-4.889113548021E-1));
#9109=CARTESIAN_POINT('',(1.474168689657E2,-6.336394212430E1,
-4.890535040709E-1));
#9110=CARTESIAN_POINT('',(1.474168137137E2,-6.336610364315E1,
-4.891239515604E-1));
#9112=DIRECTION('',(0.E0,-3.257436514783E-2,9.994693145541E-1));
#9113=VECTOR('',#9112,1.E0);
#9114=SURFACE_OF_LINEAR_EXTRUSION('',#9111,#9113);
#9115=ORIENTED_EDGE('',*,*,#5888,.T.);
#9117=ORIENTED_EDGE('',*,*,#9116,.T.);
#9118=ORIENTED_EDGE('',*,*,#8713,.F.);
#9119=ORIENTED_EDGE('',*,*,#9097,.T.);
#9120=EDGE_LOOP('',(#9115,#9117,#9118,#9119));
#9121=FACE_OUTER_BOUND('',#9120,.F.);
#9123=CARTESIAN_POINT('',(1.474168915830E2,-6.961109273496E1,
-6.926585194146E-1));
#9124=DIRECTION('',(1.E0,0.E0,0.E0));
#9125=DIRECTION('',(0.E0,9.994693145541E-1,3.257436514783E-2));
#9126=AXIS2_PLACEMENT_3D('',#9123,#9124,#9125);
#9127=PLANE('',#9126);
#9128=ORIENTED_EDGE('',*,*,#5886,.F.);
#9130=ORIENTED_EDGE('',*,*,#9129,.F.);
#9131=ORIENTED_EDGE('',*,*,#8715,.T.);
#9132=ORIENTED_EDGE('',*,*,#9116,.F.);
#9133=EDGE_LOOP('',(#9128,#9130,#9131,#9132));
#9134=FACE_OUTER_BOUND('',#9133,.F.);
#9136=CARTESIAN_POINT('',(1.474169468874E2,-6.960593087622E1,
-6.924902858641E-1));
#9137=CARTESIAN_POINT('',(1.474169099724E2,-6.960765389504E1,
-6.925464419092E-1));
#9138=CARTESIAN_POINT('',(1.474159791314E2,-6.969475293574E1,
-6.953851443234E-1));
#9139=CARTESIAN_POINT('',(1.474625441770E2,-6.977596855695E1,
-6.980320963230E-1));
#9140=CARTESIAN_POINT('',(1.475387366946E2,-6.982129976805E1,
-6.995095157910E-1));
#9141=CARTESIAN_POINT('',(1.475408227324E2,-6.982250075017E1,
-6.995486577933E-1));
#9142=CARTESIAN_POINT('',(1.475422937102E2,-6.982332803718E1,
-6.995756204510E-1));
#9144=DIRECTION('',(0.E0,-3.257436514783E-2,9.994693145541E-1));
#9145=VECTOR('',#9144,1.E0);
#9146=SURFACE_OF_LINEAR_EXTRUSION('',#9143,#9145);
#9147=ORIENTED_EDGE('',*,*,#5884,.T.);
#9149=ORIENTED_EDGE('',*,*,#9148,.T.);
#9150=ORIENTED_EDGE('',*,*,#8717,.F.);
#9151=ORIENTED_EDGE('',*,*,#9129,.T.);
#9152=EDGE_LOOP('',(#9147,#9149,#9150,#9151));
#9153=FACE_OUTER_BOUND('',#9152,.F.);
#9155=CARTESIAN_POINT('',(1.494548787071E2,-7.095188223810E1,
-7.363570764645E-1));
#9156=DIRECTION('',(5.083902203576E-1,8.606698230827E-1,2.805065916538E-2));
#9157=DIRECTION('',(-8.611268105481E-1,5.081204250668E-1,1.656048867551E-2));
#9158=AXIS2_PLACEMENT_3D('',#9155,#9156,#9157);
#9159=PLANE('',#9158);
#9160=ORIENTED_EDGE('',*,*,#5882,.F.);
#9162=ORIENTED_EDGE('',*,*,#9161,.F.);
#9163=ORIENTED_EDGE('',*,*,#8719,.F.);
#9164=ORIENTED_EDGE('',*,*,#9148,.F.);
#9165=EDGE_LOOP('',(#9160,#9162,#9163,#9164));
#9166=FACE_OUTER_BOUND('',#9165,.F.);
#9168=CARTESIAN_POINT('',(1.495785591793E2,-7.074260486662E1,
-7.295363793056E-1));
#9169=DIRECTION('',(-3.236884263075E-13,-3.257436514002E-2,9.994693145543E-1));
#9170=DIRECTION('',(-5.271293136998E-1,-8.493341140417E-1,-2.768120957188E-2));
#9171=AXIS2_PLACEMENT_3D('',#9168,#9169,#9170);
#9172=CYLINDRICAL_SURFACE('',#9171,2.431869361286E-1);
#9173=ORIENTED_EDGE('',*,*,#5880,.T.);
#9175=ORIENTED_EDGE('',*,*,#9174,.T.);
#9176=ORIENTED_EDGE('',*,*,#8721,.F.);
#9177=ORIENTED_EDGE('',*,*,#9161,.T.);
#9178=EDGE_LOOP('',(#9173,#9175,#9176,#9177));
#9179=FACE_OUTER_BOUND('',#9178,.F.);
#9181=CARTESIAN_POINT('',(1.516545210950E2,-6.982382201275E1,
-6.995917199354E-1));
#9182=DIRECTION('',(-5.005049635005E-1,8.652742343585E-1,2.820072457710E-2));
#9183=DIRECTION('',(-8.657336666154E-1,-5.002393528008E-1,-1.630363143937E-2));
#9184=AXIS2_PLACEMENT_3D('',#9181,#9182,#9183);
#9185=PLANE('',#9184);
#9186=ORIENTED_EDGE('',*,*,#5878,.F.);
#9187=ORIENTED_EDGE('',*,*,#8747,.F.);
#9188=ORIENTED_EDGE('',*,*,#8723,.F.);
#9189=ORIENTED_EDGE('',*,*,#9174,.F.);
#9190=EDGE_LOOP('',(#9186,#9187,#9188,#9189));
#9191=FACE_OUTER_BOUND('',#9190,.F.);
#9193=CARTESIAN_POINT('',(1.456876531690E2,-7.205792105642E1,
-7.724047187591E-1));
#9194=DIRECTION('',(4.913011977058E-1,8.705275218339E-1,2.837193794199E-2));
#9195=DIRECTION('',(-8.709897434143E-1,4.910404713106E-1,1.600382461164E-2));
#9196=AXIS2_PLACEMENT_3D('',#9193,#9194,#9195);
#9197=PLANE('',#9196);
#9198=ORIENTED_EDGE('',*,*,#5938,.F.);
#9200=ORIENTED_EDGE('',*,*,#9199,.F.);
#9202=ORIENTED_EDGE('',*,*,#9201,.F.);
#9204=ORIENTED_EDGE('',*,*,#9203,.F.);
#9205=EDGE_LOOP('',(#9198,#9200,#9202,#9204));
#9206=FACE_OUTER_BOUND('',#9205,.F.);
#9208=CARTESIAN_POINT('',(1.450050524383E2,-7.290965221226E1,
-8.001640519104E-1));
#9209=CARTESIAN_POINT('',(1.449779067973E2,-7.304023465978E1,
-8.044199507824E-1));
#9210=CARTESIAN_POINT('',(1.449692447418E2,-7.317548525363E1,
-8.088279922964E-1));
#9211=CARTESIAN_POINT('',(1.450059465126E2,-7.363498557643E1,
-8.238038710777E-1));
#9212=CARTESIAN_POINT('',(1.453100726628E2,-7.422855785624E1,
-8.431493776406E-1));
#9213=CARTESIAN_POINT('',(1.463057041874E2,-7.462005221298E1,
-8.559088290254E-1));
#9214=CARTESIAN_POINT('',(1.473142301774E2,-7.420740075889E1,
-8.424598326947E-1));
#9215=CARTESIAN_POINT('',(1.477412909734E2,-7.320102360220E1,
-8.096603294971E-1));
#9216=CARTESIAN_POINT('',(1.473118210120E2,-7.219452209513E1,
-7.768567735143E-1));
#9217=CARTESIAN_POINT('',(1.464339171281E2,-7.183148498301E1,
-7.650247910010E-1));
#9218=CARTESIAN_POINT('',(1.457374669704E2,-7.199856158717E1,
-7.704700950564E-1));
#9219=CARTESIAN_POINT('',(1.454791644804E2,-7.218398111015E1,
-7.765132253048E-1));
#9220=CARTESIAN_POINT('',(1.454011987685E2,-7.226708061609E1,
-7.792215762373E-1));
#9222=DIRECTION('',(0.E0,-3.257436514783E-2,9.994693145541E-1));
#9223=VECTOR('',#9222,1.E0);
#9224=SURFACE_OF_LINEAR_EXTRUSION('',#9221,#9223);
#9225=ORIENTED_EDGE('',*,*,#5960,.T.);
#9227=ORIENTED_EDGE('',*,*,#9226,.T.);
#9229=ORIENTED_EDGE('',*,*,#9228,.F.);
#9230=ORIENTED_EDGE('',*,*,#9199,.T.);
#9231=EDGE_LOOP('',(#9225,#9227,#9229,#9230));
#9232=FACE_OUTER_BOUND('',#9231,.F.);
#9234=CARTESIAN_POINT('',(1.431794467247E2,-7.227993887233E1,
-7.796406481662E-1));
#9235=DIRECTION('',(-4.905105112925E-1,-8.709728168662E-1,-2.838645084676E-2));
#9236=DIRECTION('',(8.714352748837E-1,-4.902502045031E-1,-1.597806850369E-2));
#9237=AXIS2_PLACEMENT_3D('',#9234,#9235,#9236);
#9238=PLANE('',#9237);
#9239=ORIENTED_EDGE('',*,*,#5958,.F.);
#9241=ORIENTED_EDGE('',*,*,#9240,.F.);
#9243=ORIENTED_EDGE('',*,*,#9242,.F.);
#9244=ORIENTED_EDGE('',*,*,#9226,.F.);
#9245=EDGE_LOOP('',(#9239,#9241,#9243,#9244));
#9246=FACE_OUTER_BOUND('',#9245,.F.);
#9248=CARTESIAN_POINT('',(1.430541169772E2,-7.206065956434E1,
-7.724939712809E-1));
#9249=CARTESIAN_POINT('',(1.430540463975E2,-7.206308608416E1,
-7.725730555927E-1));
#9250=CARTESIAN_POINT('',(1.430539813634E2,-7.206773787871E1,
-7.727246653042E-1));
#9251=CARTESIAN_POINT('',(1.430553197034E2,-7.215756970891E1,
-7.756524338671E-1));
#9252=CARTESIAN_POINT('',(1.431048756024E2,-7.223904571936E1,
-7.783078723845E-1));
#9253=CARTESIAN_POINT('',(1.431825813370E2,-7.228168043707E1,
-7.796974086543E-1));
#9254=CARTESIAN_POINT('',(1.431841667105E2,-7.228252840984E1,
-7.797250454954E-1));
#9256=DIRECTION('',(0.E0,-3.257436514783E-2,9.994693145541E-1));
#9257=VECTOR('',#9256,1.E0);
#9258=SURFACE_OF_LINEAR_EXTRUSION('',#9255,#9257);
#9259=ORIENTED_EDGE('',*,*,#5956,.T.);
#9261=ORIENTED_EDGE('',*,*,#9260,.T.);
#9263=ORIENTED_EDGE('',*,*,#9262,.F.);
#9264=ORIENTED_EDGE('',*,*,#9240,.T.);
#9265=EDGE_LOOP('',(#9259,#9261,#9263,#9264));
#9266=FACE_OUTER_BOUND('',#9265,.F.);
#9268=CARTESIAN_POINT('',(1.430540156004E2,-6.499059770426E1,
-5.420689114076E-1));
#9269=DIRECTION('',(-1.E0,0.E0,0.E0));
#9270=DIRECTION('',(0.E0,-9.994693145541E-1,-3.257436514783E-2));
#9271=AXIS2_PLACEMENT_3D('',#9268,#9269,#9270);
#9272=PLANE('',#9271);
#9273=ORIENTED_EDGE('',*,*,#5954,.F.);
#9275=ORIENTED_EDGE('',*,*,#9274,.F.);
#9277=ORIENTED_EDGE('',*,*,#9276,.T.);
#9278=ORIENTED_EDGE('',*,*,#9260,.F.);
#9279=EDGE_LOOP('',(#9273,#9275,#9277,#9278));
#9280=FACE_OUTER_BOUND('',#9279,.F.);
#9282=CARTESIAN_POINT('',(1.431858510077E2,-6.477488999411E1,
-5.350386388288E-1));
#9283=CARTESIAN_POINT('',(1.431836728231E2,-6.477603305657E1,
-5.350758931329E-1));
#9284=CARTESIAN_POINT('',(1.431794183878E2,-6.477834559928E1,
-5.351512627409E-1));
#9285=CARTESIAN_POINT('',(1.431005353741E2,-6.482420712821E1,
-5.366459661478E-1));
#9286=CARTESIAN_POINT('',(1.430530783592E2,-6.490697811982E1,
-5.393436102529E-1));
#9287=CARTESIAN_POINT('',(1.430540350026E2,-6.499413015159E1,
-5.421840397337E-1));
#9288=CARTESIAN_POINT('',(1.430540739543E2,-6.499590016758E1,
-5.422417274952E-1));
#9290=DIRECTION('',(0.E0,-3.257436514783E-2,9.994693145541E-1));
#9291=VECTOR('',#9290,1.E0);
#9292=SURFACE_OF_LINEAR_EXTRUSION('',#9289,#9291);
#9293=ORIENTED_EDGE('',*,*,#5952,.T.);
#9295=ORIENTED_EDGE('',*,*,#9294,.T.);
#9297=ORIENTED_EDGE('',*,*,#9296,.F.);
#9298=ORIENTED_EDGE('',*,*,#9274,.T.);
#9299=EDGE_LOOP('',(#9293,#9295,#9297,#9298));
#9300=FACE_OUTER_BOUND('',#9299,.F.);
#9302=CARTESIAN_POINT('',(1.436494094908E2,-6.451344070555E1,
-5.265175722294E-1));
#9303=DIRECTION('',(-4.912678801566E-1,8.705463045279E-1,2.837255010119E-2));
#9304=DIRECTION('',(-8.710085360813E-1,-4.910071714426E-1,-1.600273931362E-2));
#9305=AXIS2_PLACEMENT_3D('',#9302,#9303,#9304);
#9306=PLANE('',#9305);
#9307=ORIENTED_EDGE('',*,*,#5950,.F.);
#9309=ORIENTED_EDGE('',*,*,#9308,.F.);
#9311=ORIENTED_EDGE('',*,*,#9310,.F.);
#9312=ORIENTED_EDGE('',*,*,#9294,.F.);
#9313=EDGE_LOOP('',(#9307,#9309,#9311,#9312));
#9314=FACE_OUTER_BOUND('',#9313,.F.);
#9316=CARTESIAN_POINT('',(1.437740277434E2,-6.473399759901E1,
-5.337058877488E-1));
#9317=DIRECTION('',(-5.690482371948E-14,-3.257436515618E-2,9.994693145538E-1));
#9318=DIRECTION('',(5.086928213315E-1,8.604911972923E-1,2.804483746139E-2));
#9319=AXIS2_PLACEMENT_3D('',#9316,#9317,#9318);
#9320=CYLINDRICAL_SURFACE('',#9319,2.534298304839E-1);
#9321=ORIENTED_EDGE('',*,*,#5948,.F.);
#9323=ORIENTED_EDGE('',*,*,#9322,.T.);
#9325=ORIENTED_EDGE('',*,*,#9324,.F.);
#9326=ORIENTED_EDGE('',*,*,#9308,.T.);
#9327=EDGE_LOOP('',(#9321,#9323,#9325,#9326));
#9328=FACE_OUTER_BOUND('',#9327,.F.);
#9330=CARTESIAN_POINT('',(1.443830942417E2,-6.478651052991E1,
-5.354173713928E-1));
#9331=DIRECTION('',(4.912326712095E-1,8.705661516686E-1,2.837319695247E-2));
#9332=DIRECTION('',(-8.710283937601E-1,4.909719811803E-1,1.600159240452E-2));
#9333=AXIS2_PLACEMENT_3D('',#9330,#9331,#9332);
#9334=PLANE('',#9333);
#9335=ORIENTED_EDGE('',*,*,#5946,.F.);
#9337=ORIENTED_EDGE('',*,*,#9336,.F.);
#9339=ORIENTED_EDGE('',*,*,#9338,.F.);
#9340=ORIENTED_EDGE('',*,*,#9322,.F.);
#9341=EDGE_LOOP('',(#9335,#9337,#9339,#9340));
#9342=FACE_OUTER_BOUND('',#9341,.F.);
#9344=CARTESIAN_POINT('',(1.445082254498E2,-6.500507911964E1,
-5.425408847895E-1));
#9345=CARTESIAN_POINT('',(1.445082831338E2,-6.500292375350E1,
-5.424706378267E-1));
#9346=CARTESIAN_POINT('',(1.445083423664E2,-6.499847075898E1,
-5.423255073388E-1));
#9347=CARTESIAN_POINT('',(1.445070501476E2,-6.490899395305E1,
-5.394093096064E-1));
#9348=CARTESIAN_POINT('',(1.444575009181E2,-6.482744911007E1,
-5.367516277219E-1));
#9349=CARTESIAN_POINT('',(1.443799719098E2,-6.478477011220E1,
-5.353606482884E-1));
#9350=CARTESIAN_POINT('',(1.443783929613E2,-6.478392268605E1,
-5.353330292624E-1));
#9352=DIRECTION('',(0.E0,-3.257436514783E-2,9.994693145541E-1));
#9353=VECTOR('',#9352,1.E0);
#9354=SURFACE_OF_LINEAR_EXTRUSION('',#9351,#9353);
#9355=ORIENTED_EDGE('',*,*,#5944,.T.);
#9357=ORIENTED_EDGE('',*,*,#9356,.T.);
#9359=ORIENTED_EDGE('',*,*,#9358,.F.);
#9360=ORIENTED_EDGE('',*,*,#9336,.T.);
#9361=EDGE_LOOP('',(#9355,#9357,#9359,#9360));
#9362=FACE_OUTER_BOUND('',#9361,.F.);
#9364=CARTESIAN_POINT('',(1.445083112986E2,-7.125146045796E1,
-7.461208282696E-1));
#9365=DIRECTION('',(1.E0,0.E0,0.E0));
#9366=DIRECTION('',(0.E0,9.994693145541E-1,3.257436514783E-2));
#9367=AXIS2_PLACEMENT_3D('',#9364,#9365,#9366);
#9368=PLANE('',#9367);
#9369=ORIENTED_EDGE('',*,*,#5942,.F.);
#9371=ORIENTED_EDGE('',*,*,#9370,.F.);
#9373=ORIENTED_EDGE('',*,*,#9372,.T.);
#9374=ORIENTED_EDGE('',*,*,#9356,.F.);
#9375=EDGE_LOOP('',(#9369,#9371,#9373,#9374));
#9376=FACE_OUTER_BOUND('',#9375,.F.);
#9378=CARTESIAN_POINT('',(1.446386284733E2,-7.146643503471E1,
-7.531272068134E-1));
#9379=CARTESIAN_POINT('',(1.446368142485E2,-7.146546604241E1,
-7.530956257445E-1));
#9380=CARTESIAN_POINT('',(1.446330605645E2,-7.146340189598E1,
-7.530283517838E-1));
#9381=CARTESIAN_POINT('',(1.445547501254E2,-7.141771082959E1,
-7.515392040340E-1));
#9382=CARTESIAN_POINT('',(1.445073797284E2,-7.133513089741E1,
-7.488477868734E-1));
#9383=CARTESIAN_POINT('',(1.445083304666E2,-7.124794771437E1,
-7.460063421211E-1));
#9384=CARTESIAN_POINT('',(1.445083689479E2,-7.124618754335E1,
-7.459489752238E-1));
#9386=DIRECTION('',(0.E0,-3.257436514783E-2,9.994693145541E-1));
#9387=VECTOR('',#9386,1.E0);
#9388=SURFACE_OF_LINEAR_EXTRUSION('',#9385,#9387);
#9389=ORIENTED_EDGE('',*,*,#5940,.T.);
#9390=ORIENTED_EDGE('',*,*,#9203,.T.);
#9392=ORIENTED_EDGE('',*,*,#9391,.F.);
#9393=ORIENTED_EDGE('',*,*,#9370,.T.);
#9394=EDGE_LOOP('',(#9389,#9390,#9392,#9393));
#9395=FACE_OUTER_BOUND('',#9394,.F.);
#9397=CARTESIAN_POINT('',(-7.E-1,-1.394226353291E2,-1.442353946628E0));
#9398=DIRECTION('',(0.E0,1.109506335671E-2,-9.999384478902E-1));
#9399=DIRECTION('',(0.E0,9.999384478902E-1,1.109506335671E-2));
#9400=AXIS2_PLACEMENT_3D('',#9397,#9398,#9399);
#9401=PLANE('',#9400);
#9402=ORIENTED_EDGE('',*,*,#9201,.T.);
#9403=ORIENTED_EDGE('',*,*,#9228,.T.);
#9404=ORIENTED_EDGE('',*,*,#9242,.T.);
#9405=ORIENTED_EDGE('',*,*,#9262,.T.);
#9406=ORIENTED_EDGE('',*,*,#9276,.F.);
#9407=ORIENTED_EDGE('',*,*,#9296,.T.);
#9408=ORIENTED_EDGE('',*,*,#9310,.T.);
#9409=ORIENTED_EDGE('',*,*,#9324,.T.);
#9410=ORIENTED_EDGE('',*,*,#9338,.T.);
#9411=ORIENTED_EDGE('',*,*,#9358,.T.);
#9412=ORIENTED_EDGE('',*,*,#9372,.F.);
#9413=ORIENTED_EDGE('',*,*,#9391,.T.);
#9414=EDGE_LOOP('',(#9402,#9403,#9404,#9405,#9406,#9407,#9408,#9409,#9410,#9411,
#9412,#9413));
#9415=FACE_OUTER_BOUND('',#9414,.F.);
#9417=ORIENTED_EDGE('',*,*,#9416,.T.);
#9419=ORIENTED_EDGE('',*,*,#9418,.T.);
#9420=EDGE_LOOP('',(#9417,#9419));
#9421=FACE_BOUND('',#9420,.F.);
#9423=CARTESIAN_POINT('',(1.462957885587E2,-7.320102060251E1,
-8.096602317325E-1));
#9424=DIRECTION('',(1.720393241210E-13,3.257436514769E-2,-9.994693145541E-1));
#9425=DIRECTION('',(-8.077232119031E-2,9.962036265690E-1,3.246793095171E-2));
#9426=AXIS2_PLACEMENT_3D('',#9423,#9424,#9425);
#9427=CYLINDRICAL_SURFACE('',#9426,4.594570144810E-1);
#9428=ORIENTED_EDGE('',*,*,#5996,.F.);
#9430=ORIENTED_EDGE('',*,*,#9429,.T.);
#9431=ORIENTED_EDGE('',*,*,#9416,.F.);
#9433=ORIENTED_EDGE('',*,*,#9432,.F.);
#9434=EDGE_LOOP('',(#9428,#9430,#9431,#9433));
#9435=FACE_OUTER_BOUND('',#9434,.F.);
#9437=CARTESIAN_POINT('',(1.462777656326E2,-7.320101939854E1,
-8.096601924929E-1));
#9438=DIRECTION('',(-6.728705999627E-14,3.257436514758E-2,-9.994693145541E-1));
#9439=DIRECTION('',(8.044228793267E-2,-9.962303023475E-1,-3.246880035955E-2));
#9440=AXIS2_PLACEMENT_3D('',#9437,#9438,#9439);
#9441=CYLINDRICAL_SURFACE('',#9440,4.594508908320E-1);
#9442=ORIENTED_EDGE('',*,*,#5994,.F.);
#9443=ORIENTED_EDGE('',*,*,#9432,.T.);
#9444=ORIENTED_EDGE('',*,*,#9418,.F.);
#9445=ORIENTED_EDGE('',*,*,#9429,.F.);
#9446=EDGE_LOOP('',(#9442,#9443,#9444,#9445));
#9447=FACE_OUTER_BOUND('',#9446,.F.);
#9449=CARTESIAN_POINT('',(-1.087210678119E2,-1.388172526424E2,
-5.870190361695E0));
#9450=DIRECTION('',(0.E0,-7.163095648320E-1,-6.977826361627E-1));
#9451=DIRECTION('',(0.E0,6.977826361627E-1,-7.163095648320E-1));
#9452=AXIS2_PLACEMENT_3D('',#9449,#9450,#9451);
#9453=PLANE('',#9452);
#9454=ORIENTED_EDGE('',*,*,#5004,.T.);
#9455=ORIENTED_EDGE('',*,*,#5501,.T.);
#9456=ORIENTED_EDGE('',*,*,#4671,.F.);
#9457=ORIENTED_EDGE('',*,*,#4455,.F.);
#9458=EDGE_LOOP('',(#9454,#9455,#9456,#9457));
#9459=FACE_OUTER_BOUND('',#9458,.F.);
#9461=CLOSED_SHELL('',(#4396,#4411,#4462,#4476,#4527,#4541,#4592,#4606,#4656,
#4717,#4732,#4745,#4757,#4767,#4781,#4793,#4808,#4821,#4831,#4843,#4857,#4869,
#4884,#4899,#4914,#4965,#4980,#4994,#5009,#5023,#5071,#5109,#5123,#5161,#5176,
#5190,#5203,#5241,#5255,#5293,#5308,#5322,#5335,#5373,#5387,#5425,#5440,#5454,
#5467,#5505,#5518,#5556,#5569,#5587,#5605,#5617,#5964,#5976,#5988,#6000,#6022,
#6043,#6057,#6071,#6092,#6113,#6127,#6148,#6169,#6183,#6197,#6221,#6234,#6252,
#6270,#6304,#6330,#6356,#6380,#6408,#6442,#6480,#6506,#6527,#6552,#6564,#6578,
#6602,#6623,#6636,#6659,#6672,#6691,#6718,#6738,#6758,#6771,#6791,#6811,#6836,
#6850,#6863,#6884,#6905,#6917,#6939,#6961,#6974,#6997,#7010,#7035,#7048,#7071,
#7083,#7104,#7124,#7137,#7150,#7173,#7186,#7209,#7222,#7234,#7260,#7280,#7310,
#7335,#7356,#7408,#7433,#7453,#7474,#7487,#7500,#7524,#7537,#7550,#7574,#7587,
#7600,#7619,#7640,#7660,#7673,#7686,#7699,#7722,#7735,#7758,#7771,#7784,#7797,
#7820,#7832,#7858,#7871,#7884,#7904,#7924,#7937,#7957,#7977,#8001,#8015,#8028,
#8041,#8062,#8082,#8104,#8126,#8139,#8162,#8175,#8200,#8213,#8236,#8248,#8262,
#8276,#8289,#8338,#8351,#8400,#8412,#8427,#8447,#8461,#8481,#8495,#8509,#8523,
#8543,#8557,#8581,#8605,#8619,#8631,#8646,#8659,#8731,#8751,#8764,#8788,#8801,
#8820,#8833,#8846,#8859,#8878,#8891,#8910,#8923,#8936,#8949,#8968,#8981,#9000,
#9013,#9032,#9045,#9064,#9077,#9090,#9103,#9122,#9135,#9154,#9167,#9180,#9192,
#9207,#9233,#9247,#9267,#9281,#9301,#9315,#9329,#9343,#9363,#9377,#9396,#9422,
#9436,#9448,#9460));
#9462=MANIFOLD_SOLID_BREP('',#9461);
#9464=DIMENSIONAL_EXPONENTS(0.E0,0.E0,0.E0,0.E0,0.E0,0.E0,0.E0);
#9466=PLANE_ANGLE_MEASURE_WITH_UNIT(PLANE_ANGLE_MEASURE(1.745329251994E-2),
#9465);
#9467=(CONVERSION_BASED_UNIT('DEGREE',#9466)NAMED_UNIT(*)PLANE_ANGLE_UNIT());
#9469=UNCERTAINTY_MEASURE_WITH_UNIT(LENGTH_MEASURE(6.320249823494E-2),#9463,
'distance_accuracy_value',
'Maximum model space distance between geometric entities at asserted connectivities');
#9472=APPLICATION_CONTEXT('automotive_design');
#9473=APPLICATION_PROTOCOL_DEFINITION('draft international standard',
'automotive_design',1998,#9472);
#9474=PRODUCT_DEFINITION_CONTEXT('part definition',#9472,'design');
#9475=PRODUCT_CONTEXT('',#9472,'mechanical');
#9476=PRODUCT('_-3','_-3','NOT SPECIFIED',(#9475));
#9477=PRODUCT_DEFINITION_FORMATION_WITH_SPECIFIED_SOURCE('5','LAST_VERSION',
#9476,.MADE.);
#9481=PRODUCT_TYPE('part','',(#9476));
#1=DRAUGHTING_PRE_DEFINED_COLOUR('black');
#2=COLOUR_RGB('',0.E0,0.E0,4.7E-1);
#3=COLOUR_RGB('',0.E0,0.E0,6.E-1);
#4=COLOUR_RGB('',0.E0,0.E0,8.E-1);
#5=COLOUR_RGB('',0.E0,2.E-1,1.E0);
#6=COLOUR_RGB('',0.E0,3.3E-1,0.E0);
#7=COLOUR_RGB('',0.E0,3.3E-1,3.3E-1);
#8=COLOUR_RGB('',0.E0,4.E-1,0.E0);
#9=COLOUR_RGB('',0.E0,4.E-1,4.E-1);
#10=COLOUR_RGB('',0.E0,4.E-1,1.E0);
#11=COLOUR_RGB('',0.E0,5.3E-1,5.3E-1);
#12=COLOUR_RGB('',0.E0,6.E-1,0.E0);
#13=COLOUR_RGB('',0.E0,6.E-1,6.E-1);
#14=COLOUR_RGB('',0.E0,6.E-1,1.E0);
#15=COLOUR_RGB('',0.E0,8.E-1,0.E0);
#16=COLOUR_RGB('',0.E0,8.E-1,8.E-1);
#17=COLOUR_RGB('',0.E0,8.E-1,1.E0);
#18=COLOUR_RGB('',0.E0,9.3E-1,0.E0);
#19=COLOUR_RGB('',0.E0,9.3E-1,9.3E-1);
#20=COLOUR_RGB('',0.E0,1.E0,2.E-1);
#21=COLOUR_RGB('',0.E0,1.E0,4.E-1);
#22=COLOUR_RGB('',0.E0,1.E0,6.E-1);
#23=COLOUR_RGB('',0.E0,1.E0,8.E-1);
#24=DRAUGHTING_PRE_DEFINED_COLOUR('cyan');
#25=COLOUR_RGB('',7.E-2,7.E-2,1.E0);
#26=COLOUR_RGB('',2.E-1,2.E-1,2.E-1);
#27=COLOUR_RGB('',2.E-1,1.E0,0.E0);
#28=COLOUR_RGB('',2.E-1,1.E0,2.E-1);
#29=COLOUR_RGB('',2.E-1,1.E0,1.E0);
#30=COLOUR_RGB('',2.7E-1,0.E0,4.E-1);
#31=COLOUR_RGB('',2.7E-1,2.7E-1,0.E0);
#32=COLOUR_RGB('',2.7E-1,2.7E-1,1.E0);
#33=COLOUR_RGB('',3.3E-1,0.E0,0.E0);
#34=COLOUR_RGB('',3.3E-1,0.E0,3.3E-1);
#35=COLOUR_RGB('',3.3E-1,0.E0,5.3E-1);
#36=COLOUR_RGB('',4.E-1,0.E0,4.E-1);
#37=COLOUR_RGB('',4.E-1,0.E0,6.7E-1);
#38=COLOUR_RGB('',4.E-1,1.3E-1,0.E0);
#39=COLOUR_RGB('',4.E-1,4.E-1,0.E0);
#40=COLOUR_RGB('',4.E-1,4.E-1,1.E0);
#41=COLOUR_RGB('',4.E-1,1.E0,0.E0);
#42=COLOUR_RGB('',4.E-1,1.E0,4.E-1);
#43=COLOUR_RGB('',4.E-1,1.E0,1.E0);
#44=COLOUR_RGB('',4.7E-1,0.E0,0.E0);
#45=COLOUR_RGB('',4.7E-1,0.E0,8.E-1);
#46=COLOUR_RGB('',4.7E-1,0.E0,8.7E-1);
#47=COLOUR_RGB('',4.7E-1,2.E-1,7.E-2);
#48=COLOUR_RGB('',4.7E-1,4.7E-1,4.7E-1);
#49=COLOUR_RGB('',5.3E-1,0.E0,9.3E-1);
#50=COLOUR_RGB('',5.3E-1,2.7E-1,1.3E-1);
#51=COLOUR_RGB('',5.3E-1,5.3E-1,1.E0);
#52=COLOUR_RGB('',6.E-1,0.E0,6.E-1);
#53=COLOUR_RGB('',6.E-1,2.E-1,1.E0);
#54=COLOUR_RGB('',6.E-1,3.3E-1,2.E-1);
#55=COLOUR_RGB('',6.E-1,6.E-1,0.E0);
#56=COLOUR_RGB('',6.E-1,6.E-1,1.E0);
#57=COLOUR_RGB('',6.E-1,1.E0,6.E-1);
#58=COLOUR_RGB('',6.E-1,1.E0,1.E0);
#59=COLOUR_RGB('',6.7E-1,0.E0,0.E0);
#60=COLOUR_RGB('',6.7E-1,0.E0,5.3E-1);
#61=COLOUR_RGB('',6.7E-1,4.E-1,2.7E-1);
#62=COLOUR_RGB('',6.7E-1,4.E-1,1.E0);
#63=COLOUR_RGB('',6.7E-1,6.7E-1,1.E0);
#64=COLOUR_RGB('',6.7E-1,1.E0,0.E0);
#65=COLOUR_RGB('',7.3E-1,4.7E-1,3.3E-1);
#66=COLOUR_RGB('',7.3E-1,7.3E-1,7.3E-1);
#67=COLOUR_RGB('',8.E-1,0.E0,8.E-1);
#68=COLOUR_RGB('',8.E-1,5.3E-1,4.E-1);
#69=COLOUR_RGB('',8.E-1,6.E-1,1.E0);
#70=COLOUR_RGB('',8.E-1,8.E-1,0.E0);
#71=COLOUR_RGB('',8.E-1,8.E-1,1.E0);
#72=COLOUR_RGB('',8.E-1,1.E0,8.E-1);
#73=COLOUR_RGB('',8.E-1,1.E0,1.E0);
#74=COLOUR_RGB('',8.7E-1,0.E0,0.E0);
#75=COLOUR_RGB('',8.7E-1,6.E-1,4.7E-1);
#76=COLOUR_RGB('',8.784E-1,9.49E-1,1.E0);
#77=COLOUR_RGB('',9.3E-1,0.E0,9.3E-1);
#78=COLOUR_RGB('',9.3E-1,6.7E-1,5.3E-1);
#79=COLOUR_RGB('',9.3E-1,8.E-1,1.E0);
#80=COLOUR_RGB('',9.3E-1,9.3E-1,0.E0);
#81=COLOUR_RGB('',9.3E-1,1.E0,9.3E-1);
#82=COLOUR_RGB('',9.3E-1,1.E0,1.E0);
#83=COLOUR_RGB('',9.6E-1,9.6E-1,9.6E-1);
#84=COLOUR_RGB('',9.8E-1,6.27E-1,0.E0);
#85=DRAUGHTING_PRE_DEFINED_COLOUR('red');
#86=COLOUR_RGB('',1.E0,0.E0,2.E-1);
#87=COLOUR_RGB('',1.E0,0.E0,2.7E-1);
#88=COLOUR_RGB('',1.E0,0.E0,4.7E-1);
#89=DRAUGHTING_PRE_DEFINED_COLOUR('magenta');
#90=COLOUR_RGB('',1.E0,7.E-2,7.E-2);
#91=COLOUR_RGB('',1.E0,2.E-1,1.E0);
#92=COLOUR_RGB('',1.E0,2.7E-1,0.E0);
#93=COLOUR_RGB('',1.E0,2.7E-1,2.7E-1);
#94=COLOUR_RGB('',1.E0,4.E-1,1.E0);
#95=COLOUR_RGB('',1.E0,4.7E-1,0.E0);
#96=COLOUR_RGB('',1.E0,4.7E-1,4.7E-1);
#97=COLOUR_RGB('',1.E0,4.7E-1,5.3E-1);
#98=COLOUR_RGB('',1.E0,6.E-1,1.E0);
#99=COLOUR_RGB('',1.E0,6.7E-1,0.E0);
#100=COLOUR_RGB('',1.E0,6.7E-1,6.7E-1);
#101=COLOUR_RGB('',1.E0,7.3E-1,6.E-1);
#102=COLOUR_RGB('',1.E0,8.E-1,8.E-1);
#103=COLOUR_RGB('',1.E0,8.E-1,1.E0);
#104=COLOUR_RGB('',1.E0,8.7E-1,0.E0);
#105=COLOUR_RGB('',1.E0,9.3E-1,9.3E-1);
#106=COLOUR_RGB('',1.E0,9.3E-1,1.E0);
#107=DRAUGHTING_PRE_DEFINED_COLOUR('yellow');
#108=COLOUR_RGB('',1.E0,1.E0,1.3E-1);
#109=COLOUR_RGB('',1.E0,1.E0,3.3E-1);
#110=COLOUR_RGB('',1.E0,1.E0,5.3E-1);
#111=COLOUR_RGB('',1.E0,1.E0,7.3E-1);
#112=COLOUR_RGB('',1.E0,1.E0,9.3E-1);
#113=DRAUGHTING_PRE_DEFINED_COLOUR('white');
#148=B_SPLINE_CURVE_WITH_KNOTS('',3,(#138,#139,#140,#141,#142,#143,#144,#145,
#146,#147),.UNSPECIFIED.,.F.,.F.,(4,1,1,1,1,1,1,4),(0.E0,1.428571428571E-1,
2.857142857143E-1,4.285714285714E-1,5.714285714286E-1,7.142857142857E-1,
8.571428571429E-1,1.E0),.UNSPECIFIED.);
#159=B_SPLINE_CURVE_WITH_KNOTS('',3,(#149,#150,#151,#152,#153,#154,#155,#156,
#157,#158),.UNSPECIFIED.,.F.,.F.,(4,1,1,1,1,1,1,4),(0.E0,1.428571428571E-1,
2.857142857143E-1,4.285714285714E-1,5.714285714286E-1,7.142857142857E-1,
8.571428571429E-1,1.E0),.UNSPECIFIED.);
#182=B_SPLINE_CURVE_WITH_KNOTS('',3,(#172,#173,#174,#175,#176,#177,#178,#179,
#180,#181),.UNSPECIFIED.,.F.,.F.,(4,1,1,1,1,1,1,4),(0.E0,1.428571428571E-1,
2.857142857143E-1,4.285714285714E-1,5.714285714286E-1,7.142857142857E-1,
8.571428571429E-1,1.E0),.UNSPECIFIED.);
#193=B_SPLINE_CURVE_WITH_KNOTS('',3,(#183,#184,#185,#186,#187,#188,#189,#190,
#191,#192),.UNSPECIFIED.,.F.,.F.,(4,1,1,1,1,1,1,4),(0.E0,1.428571428571E-1,
2.857142857143E-1,4.285714285714E-1,5.714285714286E-1,7.142857142857E-1,
8.571428571429E-1,1.E0),.UNSPECIFIED.);
#202=CIRCLE('',#201,4.25E0);
#207=CIRCLE('',#206,4.25E0);
#212=CIRCLE('',#211,4.25E0);
#217=CIRCLE('',#216,4.25E0);
#222=CIRCLE('',#221,4.25E0);
#227=CIRCLE('',#226,4.25E0);
#232=CIRCLE('',#231,4.25E0);
#237=CIRCLE('',#236,4.25E0);
#252=B_SPLINE_CURVE_WITH_KNOTS('',3,(#242,#243,#244,#245,#246,#247,#248,#249,
#250,#251),.UNSPECIFIED.,.F.,.F.,(4,1,1,1,1,1,1,4),(0.E0,1.428571428571E-1,
2.857142857143E-1,4.285714285714E-1,5.714285714286E-1,7.142857142857E-1,
8.571428571429E-1,1.E0),.UNSPECIFIED.);
#267=B_SPLINE_CURVE_WITH_KNOTS('',3,(#257,#258,#259,#260,#261,#262,#263,#264,
#265,#266),.UNSPECIFIED.,.F.,.F.,(4,1,1,1,1,1,1,4),(0.E0,1.428571428571E-1,
2.857142857143E-1,4.285714285714E-1,5.714285714286E-1,7.142857142857E-1,
8.571428571429E-1,1.E0),.UNSPECIFIED.);
#282=B_SPLINE_CURVE_WITH_KNOTS('',3,(#272,#273,#274,#275,#276,#277,#278,#279,
#280,#281),.UNSPECIFIED.,.F.,.F.,(4,1,1,1,1,1,1,4),(0.E0,1.428571428571E-1,
2.857142857143E-1,4.285714285714E-1,5.714285714286E-1,7.142857142857E-1,
8.571428571429E-1,1.E0),.UNSPECIFIED.);
#294=B_SPLINE_CURVE_WITH_KNOTS('',3,(#287,#288,#289,#290,#291,#292,#293),
.UNSPECIFIED.,.F.,.F.,(4,1,1,1,4),(0.E0,2.5E-1,5.E-1,7.5E-1,1.E0),
.UNSPECIFIED.);
#306=B_SPLINE_CURVE_WITH_KNOTS('',3,(#299,#300,#301,#302,#303,#304,#305),
.UNSPECIFIED.,.F.,.F.,(4,1,1,1,4),(0.E0,2.5E-1,5.E-1,7.5E-1,1.E0),
.UNSPECIFIED.);
#318=B_SPLINE_CURVE_WITH_KNOTS('',3,(#311,#312,#313,#314,#315,#316,#317),
.UNSPECIFIED.,.F.,.F.,(4,1,1,1,4),(0.E0,2.5E-1,5.E-1,7.5E-1,1.E0),
.UNSPECIFIED.);
#330=B_SPLINE_CURVE_WITH_KNOTS('',3,(#323,#324,#325,#326,#327,#328,#329),
.UNSPECIFIED.,.F.,.F.,(4,1,1,1,4),(0.E0,2.5E-1,5.E-1,7.5E-1,1.E0),
.UNSPECIFIED.);
#345=B_SPLINE_CURVE_WITH_KNOTS('',3,(#335,#336,#337,#338,#339,#340,#341,#342,
#343,#344),.UNSPECIFIED.,.F.,.F.,(4,1,1,1,1,1,1,4),(0.E0,1.428571428571E-1,
2.857142857143E-1,4.285714285714E-1,5.714285714286E-1,7.142857142857E-1,
8.571428571429E-1,1.E0),.UNSPECIFIED.);
#358=CIRCLE('',#357,4.25E0);
#363=CIRCLE('',#362,4.25E0);
#368=CIRCLE('',#367,4.25E0);
#373=CIRCLE('',#372,4.25E0);
#394=CIRCLE('',#393,4.25E0);
#399=CIRCLE('',#398,4.25E0);
#404=CIRCLE('',#403,4.25E0);
#409=CIRCLE('',#408,4.25E0);
#448=B_SPLINE_CURVE_WITH_KNOTS('',3,(#438,#439,#440,#441,#442,#443,#444,#445,
#446,#447),.UNSPECIFIED.,.F.,.F.,(4,1,1,1,1,1,1,4),(0.E0,1.428571428571E-1,
2.857142857143E-1,4.285714285714E-1,5.714285714286E-1,7.142857142857E-1,
8.571428571429E-1,1.E0),.UNSPECIFIED.);
#459=B_SPLINE_CURVE_WITH_KNOTS('',3,(#449,#450,#451,#452,#453,#454,#455,#456,
#457,#458),.UNSPECIFIED.,.F.,.F.,(4,1,1,1,1,1,1,4),(0.E0,1.428571428571E-1,
2.857142857143E-1,4.285714285714E-1,5.714285714286E-1,7.142857142857E-1,
8.571428571429E-1,1.E0),.UNSPECIFIED.);
#519=B_SPLINE_CURVE_WITH_KNOTS('',3,(#512,#513,#514,#515,#516,#517,#518),
.UNSPECIFIED.,.F.,.F.,(4,1,1,1,4),(0.E0,2.5E-1,5.E-1,7.5E-1,1.E0),
.UNSPECIFIED.);
#527=B_SPLINE_CURVE_WITH_KNOTS('',3,(#520,#521,#522,#523,#524,#525,#526),
.UNSPECIFIED.,.F.,.F.,(4,1,1,1,4),(0.E0,2.5E-1,5.E-1,7.5E-1,1.E0),
.UNSPECIFIED.);
#567=B_SPLINE_CURVE_WITH_KNOTS('',3,(#560,#561,#562,#563,#564,#565,#566),
.UNSPECIFIED.,.F.,.F.,(4,1,1,1,4),(0.E0,2.5E-1,5.E-1,7.5E-1,1.E0),
.UNSPECIFIED.);
#575=B_SPLINE_CURVE_WITH_KNOTS('',3,(#568,#569,#570,#571,#572,#573,#574),
.UNSPECIFIED.,.F.,.F.,(4,1,1,1,4),(0.E0,2.5E-1,5.E-1,7.5E-1,1.E0),
.UNSPECIFIED.);
#615=B_SPLINE_CURVE_WITH_KNOTS('',3,(#608,#609,#610,#611,#612,#613,#614),
.UNSPECIFIED.,.F.,.F.,(4,1,1,1,4),(0.E0,2.5E-1,5.E-1,7.5E-1,1.E0),
.UNSPECIFIED.);
#623=B_SPLINE_CURVE_WITH_KNOTS('',3,(#616,#617,#618,#619,#620,#621,#622),
.UNSPECIFIED.,.F.,.F.,(4,1,1,1,4),(0.E0,2.5E-1,5.E-1,7.5E-1,1.E0),
.UNSPECIFIED.);
#663=B_SPLINE_CURVE_WITH_KNOTS('',3,(#656,#657,#658,#659,#660,#661,#662),
.UNSPECIFIED.,.F.,.F.,(4,1,1,1,4),(0.E0,2.5E-1,5.E-1,7.5E-1,1.E0),
.UNSPECIFIED.);
#671=B_SPLINE_CURVE_WITH_KNOTS('',3,(#664,#665,#666,#667,#668,#669,#670),
.UNSPECIFIED.,.F.,.F.,(4,1,1,1,4),(0.E0,2.5E-1,5.E-1,7.5E-1,1.E0),
.UNSPECIFIED.);
#687=B_SPLINE_CURVE_WITH_KNOTS('',3,(#680,#681,#682,#683,#684,#685,#686),
.UNSPECIFIED.,.F.,.F.,(4,1,1,1,4),(0.E0,2.5E-1,5.E-1,7.5E-1,1.E0),
.UNSPECIFIED.);
#701=B_SPLINE_CURVE_WITH_KNOTS('',3,(#692,#693,#694,#695,#696,#697,#698,#699,
#700),.UNSPECIFIED.,.F.,.F.,(4,1,1,1,1,1,4),(0.E0,1.666666666667E-1,
3.333333333333E-1,5.E-1,6.666666666667E-1,8.333333333333E-1,1.E0),
.UNSPECIFIED.);
#716=B_SPLINE_CURVE_WITH_KNOTS('',3,(#710,#711,#712,#713,#714,#715),
.UNSPECIFIED.,.F.,.F.,(4,1,1,4),(0.E0,3.333333333333E-1,6.666666666667E-1,1.E0),
.UNSPECIFIED.);
#724=B_SPLINE_CURVE_WITH_KNOTS('',3,(#717,#718,#719,#720,#721,#722,#723),
.UNSPECIFIED.,.F.,.F.,(4,1,1,1,4),(0.E0,2.5E-1,5.E-1,7.5E-1,1.E0),
.UNSPECIFIED.);
#735=B_SPLINE_CURVE_WITH_KNOTS('',3,(#729,#730,#731,#732,#733,#734),
.UNSPECIFIED.,.F.,.F.,(4,1,1,4),(0.E0,3.333333333333E-1,6.666666666667E-1,1.E0),
.UNSPECIFIED.);
#742=B_SPLINE_CURVE_WITH_KNOTS('',3,(#736,#737,#738,#739,#740,#741),
.UNSPECIFIED.,.F.,.F.,(4,1,1,4),(0.E0,3.333333333333E-1,6.666666666667E-1,1.E0),
.UNSPECIFIED.);
#757=B_SPLINE_CURVE_WITH_KNOTS('',3,(#751,#752,#753,#754,#755,#756),
.UNSPECIFIED.,.F.,.F.,(4,1,1,4),(0.E0,3.333333333333E-1,6.666666666667E-1,1.E0),
.UNSPECIFIED.);
#766=B_SPLINE_CURVE_WITH_KNOTS('',3,(#758,#759,#760,#761,#762,#763,#764,#765),
.UNSPECIFIED.,.F.,.F.,(4,1,1,1,1,4),(0.E0,2.E-1,4.E-1,6.E-1,8.E-1,1.E0),
.UNSPECIFIED.);
#780=B_SPLINE_CURVE_WITH_KNOTS('',3,(#771,#772,#773,#774,#775,#776,#777,#778,
#779),.UNSPECIFIED.,.F.,.F.,(4,1,1,1,1,1,4),(0.E0,1.666666666667E-1,
3.333333333333E-1,5.E-1,6.666666666667E-1,8.333333333333E-1,1.E0),
.UNSPECIFIED.);
#795=B_SPLINE_CURVE_WITH_KNOTS('',3,(#785,#786,#787,#788,#789,#790,#791,#792,
#793,#794),.UNSPECIFIED.,.F.,.F.,(4,1,1,1,1,1,1,4),(0.E0,1.428571428571E-1,
2.857142857143E-1,4.285714285714E-1,5.714285714286E-1,7.142857142857E-1,
8.571428571429E-1,1.E0),.UNSPECIFIED.);
#809=B_SPLINE_CURVE_WITH_KNOTS('',3,(#800,#801,#802,#803,#804,#805,#806,#807,
#808),.UNSPECIFIED.,.F.,.F.,(4,1,1,1,1,1,4),(0.E0,1.666666666667E-1,
3.333333333333E-1,5.E-1,6.666666666667E-1,8.333333333333E-1,1.E0),
.UNSPECIFIED.);
#821=B_SPLINE_CURVE_WITH_KNOTS('',3,(#814,#815,#816,#817,#818,#819,#820),
.UNSPECIFIED.,.F.,.F.,(4,1,1,1,4),(0.E0,2.5E-1,5.E-1,7.5E-1,1.E0),
.UNSPECIFIED.);
#830=B_SPLINE_CURVE_WITH_KNOTS('',3,(#822,#823,#824,#825,#826,#827,#828,#829),
.UNSPECIFIED.,.F.,.F.,(4,1,1,1,1,4),(0.E0,2.E-1,4.E-1,6.E-1,8.E-1,1.E0),
.UNSPECIFIED.);
#838=B_SPLINE_CURVE_WITH_KNOTS('',3,(#831,#832,#833,#834,#835,#836,#837),
.UNSPECIFIED.,.F.,.F.,(4,1,1,1,4),(0.E0,2.5E-1,5.E-1,7.5E-1,1.E0),
.UNSPECIFIED.);
#845=B_SPLINE_CURVE_WITH_KNOTS('',3,(#839,#840,#841,#842,#843,#844),
.UNSPECIFIED.,.F.,.F.,(4,1,1,4),(0.E0,3.333333333333E-1,6.666666666667E-1,1.E0),
.UNSPECIFIED.);
#853=B_SPLINE_CURVE_WITH_KNOTS('',3,(#846,#847,#848,#849,#850,#851,#852),
.UNSPECIFIED.,.F.,.F.,(4,1,1,1,4),(0.E0,2.5E-1,5.E-1,7.5E-1,1.E0),
.UNSPECIFIED.);
#865=B_SPLINE_CURVE_WITH_KNOTS('',3,(#858,#859,#860,#861,#862,#863,#864),
.UNSPECIFIED.,.F.,.F.,(4,1,1,1,4),(0.E0,2.5E-1,5.E-1,7.5E-1,1.E0),
.UNSPECIFIED.);
#873=B_SPLINE_CURVE_WITH_KNOTS('',3,(#866,#867,#868,#869,#870,#871,#872),
.UNSPECIFIED.,.F.,.F.,(4,1,1,1,4),(0.E0,2.5E-1,5.E-1,7.5E-1,1.E0),
.UNSPECIFIED.);
#889=B_SPLINE_CURVE_WITH_KNOTS('',3,(#882,#883,#884,#885,#886,#887,#888),
.UNSPECIFIED.,.F.,.F.,(4,1,1,1,4),(0.E0,2.5E-1,5.E-1,7.5E-1,1.E0),
.UNSPECIFIED.);
#903=B_SPLINE_CURVE_WITH_KNOTS('',3,(#894,#895,#896,#897,#898,#899,#900,#901,
#902),.UNSPECIFIED.,.F.,.F.,(4,1,1,1,1,1,4),(0.E0,1.666666666667E-1,
3.333333333333E-1,5.E-1,6.666666666667E-1,8.333333333333E-1,1.E0),
.UNSPECIFIED.);
#925=B_SPLINE_CURVE_WITH_KNOTS('',3,(#916,#917,#918,#919,#920,#921,#922,#923,
#924),.UNSPECIFIED.,.F.,.F.,(4,1,1,1,1,1,4),(0.E0,1.666666666667E-1,
3.333333333333E-1,5.E-1,6.666666666667E-1,8.333333333333E-1,1.E0),
.UNSPECIFIED.);
#939=B_SPLINE_CURVE_WITH_KNOTS('',3,(#930,#931,#932,#933,#934,#935,#936,#937,
#938),.UNSPECIFIED.,.F.,.F.,(4,1,1,1,1,1,4),(0.E0,1.666666666667E-1,
3.333333333333E-1,5.E-1,6.666666666667E-1,8.333333333333E-1,1.E0),
.UNSPECIFIED.);
#959=B_SPLINE_CURVE_WITH_KNOTS('',3,(#952,#953,#954,#955,#956,#957,#958),
.UNSPECIFIED.,.F.,.F.,(4,1,1,1,4),(0.E0,2.5E-1,5.E-1,7.5E-1,1.E0),
.UNSPECIFIED.);
#967=B_SPLINE_CURVE_WITH_KNOTS('',3,(#960,#961,#962,#963,#964,#965,#966),
.UNSPECIFIED.,.F.,.F.,(4,1,1,1,4),(0.E0,2.5E-1,5.E-1,7.5E-1,1.E0),
.UNSPECIFIED.);
#975=B_SPLINE_CURVE_WITH_KNOTS('',3,(#968,#969,#970,#971,#972,#973,#974),
.UNSPECIFIED.,.F.,.F.,(4,1,1,1,4),(0.E0,2.5E-1,5.E-1,7.5E-1,1.E0),
.UNSPECIFIED.);
#993=B_SPLINE_CURVE_WITH_KNOTS('',3,(#984,#985,#986,#987,#988,#989,#990,#991,
#992),.UNSPECIFIED.,.F.,.F.,(4,1,1,1,1,1,4),(0.E0,1.666666666667E-1,
3.333333333333E-1,5.E-1,6.666666666667E-1,8.333333333333E-1,1.E0),
.UNSPECIFIED.);
#1011=B_SPLINE_CURVE_WITH_KNOTS('',3,(#1002,#1003,#1004,#1005,#1006,#1007,#1008,
#1009,#1010),.UNSPECIFIED.,.F.,.F.,(4,1,1,1,1,1,4),(0.E0,1.666666666667E-1,
3.333333333333E-1,5.E-1,6.666666666667E-1,8.333333333333E-1,1.E0),
.UNSPECIFIED.);
#1028=B_SPLINE_CURVE_WITH_KNOTS('',3,(#1020,#1021,#1022,#1023,#1024,#1025,#1026,
#1027),.UNSPECIFIED.,.F.,.F.,(4,1,1,1,1,4),(0.E0,2.E-1,4.E-1,6.E-1,8.E-1,1.E0),
.UNSPECIFIED.);
#1036=B_SPLINE_CURVE_WITH_KNOTS('',3,(#1029,#1030,#1031,#1032,#1033,#1034,
#1035),.UNSPECIFIED.,.F.,.F.,(4,1,1,1,4),(0.E0,2.5E-1,5.E-1,7.5E-1,1.E0),
.UNSPECIFIED.);
#1045=B_SPLINE_CURVE_WITH_KNOTS('',3,(#1037,#1038,#1039,#1040,#1041,#1042,#1043,
#1044),.UNSPECIFIED.,.F.,.F.,(4,1,1,1,1,4),(0.E0,2.E-1,4.E-1,6.E-1,8.E-1,1.E0),
.UNSPECIFIED.);
#1071=B_SPLINE_CURVE_WITH_KNOTS('',3,(#1046,#1047,#1048,#1049,#1050,#1051,#1052,
#1053,#1054,#1055,#1056,#1057,#1058,#1059,#1060,#1061,#1062,#1063,#1064,#1065,
#1066,#1067,#1068,#1069,#1070),.UNSPECIFIED.,.F.,.F.,(4,1,1,1,1,1,1,1,1,1,1,1,1,
1,1,1,1,1,1,1,1,1,4),(0.E0,4.545454545455E-2,9.090909090909E-2,
1.363636363636E-1,1.818181818182E-1,2.272727272727E-1,2.727272727273E-1,
3.181818181818E-1,3.636363636364E-1,4.090909090909E-1,4.545454545455E-1,5.E-1,
5.454545454545E-1,5.909090909091E-1,6.363636363636E-1,6.818181818182E-1,
7.272727272727E-1,7.727272727273E-1,8.181818181818E-1,8.636363636364E-1,
9.090909090909E-1,9.545454545455E-1,1.E0),.UNSPECIFIED.);
#1079=B_SPLINE_CURVE_WITH_KNOTS('',3,(#1072,#1073,#1074,#1075,#1076,#1077,
#1078),.UNSPECIFIED.,.F.,.F.,(4,1,1,1,4),(0.E0,2.5E-1,5.E-1,7.5E-1,1.E0),
.UNSPECIFIED.);
#1088=B_SPLINE_CURVE_WITH_KNOTS('',3,(#1080,#1081,#1082,#1083,#1084,#1085,#1086,
#1087),.UNSPECIFIED.,.F.,.F.,(4,1,1,1,1,4),(0.E0,2.E-1,4.E-1,6.E-1,8.E-1,1.E0),
.UNSPECIFIED.);
#1106=B_SPLINE_CURVE_WITH_KNOTS('',3,(#1089,#1090,#1091,#1092,#1093,#1094,#1095,
#1096,#1097,#1098,#1099,#1100,#1101,#1102,#1103,#1104,#1105),.UNSPECIFIED.,.F.,
.F.,(4,1,1,1,1,1,1,1,1,1,1,1,1,1,4),(0.E0,7.142857142857E-2,1.428571428571E-1,
2.142857142857E-1,2.857142857143E-1,3.571428571429E-1,4.285714285714E-1,5.E-1,
5.714285714286E-1,6.428571428571E-1,7.142857142857E-1,7.857142857143E-1,
8.571428571429E-1,9.285714285714E-1,1.E0),.UNSPECIFIED.);
#1113=B_SPLINE_CURVE_WITH_KNOTS('',3,(#1107,#1108,#1109,#1110,#1111,#1112),
.UNSPECIFIED.,.F.,.F.,(4,1,1,4),(0.E0,3.333333333333E-1,6.666666666667E-1,1.E0),
.UNSPECIFIED.);
#1121=B_SPLINE_CURVE_WITH_KNOTS('',3,(#1114,#1115,#1116,#1117,#1118,#1119,
#1120),.UNSPECIFIED.,.F.,.F.,(4,1,1,1,4),(0.E0,2.5E-1,5.E-1,7.5E-1,1.E0),
.UNSPECIFIED.);
#1138=B_SPLINE_CURVE_WITH_KNOTS('',3,(#1130,#1131,#1132,#1133,#1134,#1135,#1136,
#1137),.UNSPECIFIED.,.F.,.F.,(4,1,1,1,1,4),(0.E0,2.E-1,4.E-1,6.E-1,8.E-1,1.E0),
.UNSPECIFIED.);
#1151=B_SPLINE_CURVE_WITH_KNOTS('',3,(#1143,#1144,#1145,#1146,#1147,#1148,#1149,
#1150),.UNSPECIFIED.,.F.,.F.,(4,1,1,1,1,4),(0.E0,2.E-1,4.E-1,6.E-1,8.E-1,1.E0),
.UNSPECIFIED.);
#1167=B_SPLINE_CURVE_WITH_KNOTS('',3,(#1160,#1161,#1162,#1163,#1164,#1165,
#1166),.UNSPECIFIED.,.F.,.F.,(4,1,1,1,4),(0.E0,2.5E-1,5.E-1,7.5E-1,1.E0),
.UNSPECIFIED.);
#1176=B_SPLINE_CURVE_WITH_KNOTS('',3,(#1168,#1169,#1170,#1171,#1172,#1173,#1174,
#1175),.UNSPECIFIED.,.F.,.F.,(4,1,1,1,1,4),(0.E0,2.E-1,4.E-1,6.E-1,8.E-1,1.E0),
.UNSPECIFIED.);
#1190=B_SPLINE_CURVE_WITH_KNOTS('',3,(#1181,#1182,#1183,#1184,#1185,#1186,#1187,
#1188,#1189),.UNSPECIFIED.,.F.,.F.,(4,1,1,1,1,1,4),(0.E0,1.666666666667E-1,
3.333333333333E-1,5.E-1,6.666666666667E-1,8.333333333333E-1,1.E0),
.UNSPECIFIED.);
#1205=B_SPLINE_CURVE_WITH_KNOTS('',3,(#1195,#1196,#1197,#1198,#1199,#1200,#1201,
#1202,#1203,#1204),.UNSPECIFIED.,.F.,.F.,(4,1,1,1,1,1,1,4),(0.E0,
1.428571428571E-1,2.857142857143E-1,4.285714285714E-1,5.714285714286E-1,
7.142857142857E-1,8.571428571429E-1,1.E0),.UNSPECIFIED.);
#1219=B_SPLINE_CURVE_WITH_KNOTS('',3,(#1210,#1211,#1212,#1213,#1214,#1215,#1216,
#1217,#1218),.UNSPECIFIED.,.F.,.F.,(4,1,1,1,1,1,4),(0.E0,1.666666666667E-1,
3.333333333333E-1,5.E-1,6.666666666667E-1,8.333333333333E-1,1.E0),
.UNSPECIFIED.);
#1231=B_SPLINE_CURVE_WITH_KNOTS('',3,(#1224,#1225,#1226,#1227,#1228,#1229,
#1230),.UNSPECIFIED.,.F.,.F.,(4,1,1,1,4),(0.E0,2.5E-1,5.E-1,7.5E-1,1.E0),
.UNSPECIFIED.);
#1240=B_SPLINE_CURVE_WITH_KNOTS('',3,(#1232,#1233,#1234,#1235,#1236,#1237,#1238,
#1239),.UNSPECIFIED.,.F.,.F.,(4,1,1,1,1,4),(0.E0,2.E-1,4.E-1,6.E-1,8.E-1,1.E0),
.UNSPECIFIED.);
#1249=B_SPLINE_CURVE_WITH_KNOTS('',3,(#1241,#1242,#1243,#1244,#1245,#1246,#1247,
#1248),.UNSPECIFIED.,.F.,.F.,(4,1,1,1,1,4),(0.E0,2.E-1,4.E-1,6.E-1,8.E-1,1.E0),
.UNSPECIFIED.);
#1256=B_SPLINE_CURVE_WITH_KNOTS('',3,(#1250,#1251,#1252,#1253,#1254,#1255),
.UNSPECIFIED.,.F.,.F.,(4,1,1,4),(0.E0,3.333333333333E-1,6.666666666667E-1,1.E0),
.UNSPECIFIED.);
#1264=B_SPLINE_CURVE_WITH_KNOTS('',3,(#1257,#1258,#1259,#1260,#1261,#1262,
#1263),.UNSPECIFIED.,.F.,.F.,(4,1,1,1,4),(0.E0,2.5E-1,5.E-1,7.5E-1,1.E0),
.UNSPECIFIED.);
#1276=B_SPLINE_CURVE_WITH_KNOTS('',3,(#1269,#1270,#1271,#1272,#1273,#1274,
#1275),.UNSPECIFIED.,.F.,.F.,(4,1,1,1,4),(0.E0,2.5E-1,5.E-1,7.5E-1,1.E0),
.UNSPECIFIED.);
#1283=B_SPLINE_CURVE_WITH_KNOTS('',3,(#1277,#1278,#1279,#1280,#1281,#1282),
.UNSPECIFIED.,.F.,.F.,(4,1,1,4),(0.E0,3.333333333333E-1,6.666666666667E-1,1.E0),
.UNSPECIFIED.);
#1291=B_SPLINE_CURVE_WITH_KNOTS('',3,(#1284,#1285,#1286,#1287,#1288,#1289,
#1290),.UNSPECIFIED.,.F.,.F.,(4,1,1,1,4),(0.E0,2.5E-1,5.E-1,7.5E-1,1.E0),
.UNSPECIFIED.);
#1299=B_SPLINE_CURVE_WITH_KNOTS('',3,(#1292,#1293,#1294,#1295,#1296,#1297,
#1298),.UNSPECIFIED.,.F.,.F.,(4,1,1,1,4),(0.E0,2.5E-1,5.E-1,7.5E-1,1.E0),
.UNSPECIFIED.);
#1313=B_SPLINE_CURVE_WITH_KNOTS('',3,(#1304,#1305,#1306,#1307,#1308,#1309,#1310,
#1311,#1312),.UNSPECIFIED.,.F.,.F.,(4,1,1,1,1,1,4),(0.E0,1.666666666667E-1,
3.333333333333E-1,5.E-1,6.666666666667E-1,8.333333333333E-1,1.E0),
.UNSPECIFIED.);
#1325=B_SPLINE_CURVE_WITH_KNOTS('',3,(#1318,#1319,#1320,#1321,#1322,#1323,
#1324),.UNSPECIFIED.,.F.,.F.,(4,1,1,1,4),(0.E0,2.5E-1,5.E-1,7.5E-1,1.E0),
.UNSPECIFIED.);
#1337=B_SPLINE_CURVE_WITH_KNOTS('',3,(#1326,#1327,#1328,#1329,#1330,#1331,#1332,
#1333,#1334,#1335,#1336),.UNSPECIFIED.,.F.,.F.,(4,1,1,1,1,1,1,1,4),(0.E0,
1.25E-1,2.5E-1,3.75E-1,5.E-1,6.25E-1,7.5E-1,8.75E-1,1.E0),.UNSPECIFIED.);
#1349=B_SPLINE_CURVE_WITH_KNOTS('',3,(#1342,#1343,#1344,#1345,#1346,#1347,
#1348),.UNSPECIFIED.,.F.,.F.,(4,1,1,1,4),(0.E0,2.5E-1,5.E-1,7.5E-1,1.E0),
.UNSPECIFIED.);
#1357=B_SPLINE_CURVE_WITH_KNOTS('',3,(#1350,#1351,#1352,#1353,#1354,#1355,
#1356),.UNSPECIFIED.,.F.,.F.,(4,1,1,1,4),(0.E0,2.5E-1,5.E-1,7.5E-1,1.E0),
.UNSPECIFIED.);
#1381=B_SPLINE_CURVE_WITH_KNOTS('',3,(#1374,#1375,#1376,#1377,#1378,#1379,
#1380),.UNSPECIFIED.,.F.,.F.,(4,1,1,1,4),(0.E0,2.5E-1,5.E-1,7.5E-1,1.E0),
.UNSPECIFIED.);
#1389=B_SPLINE_CURVE_WITH_KNOTS('',3,(#1382,#1383,#1384,#1385,#1386,#1387,
#1388),.UNSPECIFIED.,.F.,.F.,(4,1,1,1,4),(0.E0,2.5E-1,5.E-1,7.5E-1,1.E0),
.UNSPECIFIED.);
#1404=B_SPLINE_CURVE_WITH_KNOTS('',3,(#1394,#1395,#1396,#1397,#1398,#1399,#1400,
#1401,#1402,#1403),.UNSPECIFIED.,.F.,.F.,(4,1,1,1,1,1,1,4),(0.E0,
1.428571428571E-1,2.857142857143E-1,4.285714285714E-1,5.714285714286E-1,
7.142857142857E-1,8.571428571429E-1,1.E0),.UNSPECIFIED.);
#1438=B_SPLINE_CURVE_WITH_KNOTS('',3,(#1405,#1406,#1407,#1408,#1409,#1410,#1411,
#1412,#1413,#1414,#1415,#1416,#1417,#1418,#1419,#1420,#1421,#1422,#1423,#1424,
#1425,#1426,#1427,#1428,#1429,#1430,#1431,#1432,#1433,#1434,#1435,#1436,#1437),
.UNSPECIFIED.,.F.,.F.,(4,1,1,1,1,1,1,1,1,1,1,1,1,1,1,1,1,1,1,1,1,1,1,1,1,1,1,1,
1,1,4),(0.E0,3.90625E-3,7.8125E-3,1.5625E-2,2.34375E-2,3.125E-2,4.6875E-2,
6.25E-2,9.375E-2,1.25E-1,1.5625E-1,1.875E-1,2.5E-1,3.125E-1,3.75E-1,5.E-1,
6.25E-1,6.875E-1,7.5E-1,8.125E-1,8.4375E-1,8.75E-1,9.0625E-1,9.375E-1,
9.53125E-1,9.6875E-1,9.765625E-1,9.84375E-1,9.921875E-1,9.9609375E-1,1.E0),
.UNSPECIFIED.);
#1449=B_SPLINE_CURVE_WITH_KNOTS('',3,(#1439,#1440,#1441,#1442,#1443,#1444,#1445,
#1446,#1447,#1448),.UNSPECIFIED.,.F.,.F.,(4,1,1,1,1,1,1,4),(0.E0,
1.428571428571E-1,2.857142857143E-1,4.285714285714E-1,5.714285714286E-1,
7.142857142857E-1,8.571428571429E-1,1.E0),.UNSPECIFIED.);
#1461=B_SPLINE_CURVE_WITH_KNOTS('',3,(#1454,#1455,#1456,#1457,#1458,#1459,
#1460),.UNSPECIFIED.,.F.,.F.,(4,1,1,1,4),(0.E0,2.5E-1,5.E-1,7.5E-1,1.E0),
.UNSPECIFIED.);
#1473=B_SPLINE_CURVE_WITH_KNOTS('',3,(#1466,#1467,#1468,#1469,#1470,#1471,
#1472),.UNSPECIFIED.,.F.,.F.,(4,1,1,1,4),(0.E0,2.5E-1,5.E-1,7.5E-1,1.E0),
.UNSPECIFIED.);
#1485=B_SPLINE_CURVE_WITH_KNOTS('',3,(#1478,#1479,#1480,#1481,#1482,#1483,
#1484),.UNSPECIFIED.,.F.,.F.,(4,1,1,1,4),(0.E0,2.5E-1,5.E-1,7.5E-1,1.E0),
.UNSPECIFIED.);
#1497=B_SPLINE_CURVE_WITH_KNOTS('',3,(#1490,#1491,#1492,#1493,#1494,#1495,
#1496),.UNSPECIFIED.,.F.,.F.,(4,1,1,1,4),(0.E0,2.5E-1,5.E-1,7.5E-1,1.E0),
.UNSPECIFIED.);
#1512=B_SPLINE_CURVE_WITH_KNOTS('',3,(#1502,#1503,#1504,#1505,#1506,#1507,#1508,
#1509,#1510,#1511),.UNSPECIFIED.,.F.,.F.,(4,1,1,1,1,1,1,4),(0.E0,
1.428571428571E-1,2.857142857143E-1,4.285714285714E-1,5.714285714286E-1,
7.142857142857E-1,8.571428571429E-1,1.E0),.UNSPECIFIED.);
#1527=B_SPLINE_CURVE_WITH_KNOTS('',3,(#1517,#1518,#1519,#1520,#1521,#1522,#1523,
#1524,#1525,#1526),.UNSPECIFIED.,.F.,.F.,(4,1,1,1,1,1,1,4),(0.E0,
1.428571428571E-1,2.857142857143E-1,4.285714285714E-1,5.714285714286E-1,
7.142857142857E-1,8.571428571429E-1,1.E0),.UNSPECIFIED.);
#1542=B_SPLINE_CURVE_WITH_KNOTS('',3,(#1532,#1533,#1534,#1535,#1536,#1537,#1538,
#1539,#1540,#1541),.UNSPECIFIED.,.F.,.F.,(4,1,1,1,1,1,1,4),(0.E0,
1.428571428571E-1,2.857142857143E-1,4.285714285714E-1,5.714285714286E-1,
7.142857142857E-1,8.571428571429E-1,1.E0),.UNSPECIFIED.);
#1566=B_SPLINE_CURVE_WITH_KNOTS('',3,(#1551,#1552,#1553,#1554,#1555,#1556,#1557,
#1558,#1559,#1560,#1561,#1562,#1563,#1564,#1565),.UNSPECIFIED.,.F.,.F.,(4,1,1,1,
1,1,1,1,1,1,1,1,4),(0.E0,8.333333333333E-2,1.666666666667E-1,2.5E-1,
3.333333333333E-1,4.166666666667E-1,5.E-1,5.833333333333E-1,6.666666666667E-1,
7.5E-1,8.333333333333E-1,9.166666666667E-1,1.E0),.UNSPECIFIED.);
#1576=B_SPLINE_CURVE_WITH_KNOTS('',3,(#1571,#1572,#1573,#1574,#1575),
.UNSPECIFIED.,.F.,.F.,(4,1,4),(0.E0,5.E-1,1.E0),.UNSPECIFIED.);
#1587=B_SPLINE_CURVE_WITH_KNOTS('',3,(#1581,#1582,#1583,#1584,#1585,#1586),
.UNSPECIFIED.,.F.,.F.,(4,1,1,4),(0.E0,3.333333333333E-1,6.666666666667E-1,1.E0),
.UNSPECIFIED.);
#1599=B_SPLINE_CURVE_WITH_KNOTS('',3,(#1592,#1593,#1594,#1595,#1596,#1597,
#1598),.UNSPECIFIED.,.F.,.F.,(4,1,1,1,4),(0.E0,2.5E-1,5.E-1,7.5E-1,1.E0),
.UNSPECIFIED.);
#1609=B_SPLINE_CURVE_WITH_KNOTS('',3,(#1604,#1605,#1606,#1607,#1608),
.UNSPECIFIED.,.F.,.F.,(4,1,4),(0.E0,5.E-1,1.E0),.UNSPECIFIED.);
#1619=B_SPLINE_CURVE_WITH_KNOTS('',3,(#1610,#1611,#1612,#1613,#1614,#1615,#1616,
#1617,#1618),.UNSPECIFIED.,.F.,.F.,(4,1,1,1,1,1,4),(0.E0,1.666666666667E-1,
3.333333333333E-1,5.E-1,6.666666666667E-1,8.333333333333E-1,1.E0),
.UNSPECIFIED.);
#1629=B_SPLINE_CURVE_WITH_KNOTS('',3,(#1620,#1621,#1622,#1623,#1624,#1625,#1626,
#1627,#1628),.UNSPECIFIED.,.F.,.F.,(4,1,1,1,1,1,4),(0.E0,1.666666666667E-1,
3.333333333333E-1,5.E-1,6.666666666667E-1,8.333333333333E-1,1.E0),
.UNSPECIFIED.);
#1639=B_SPLINE_CURVE_WITH_KNOTS('',3,(#1630,#1631,#1632,#1633,#1634,#1635,#1636,
#1637,#1638),.UNSPECIFIED.,.F.,.F.,(4,1,1,1,1,1,4),(0.E0,1.666666666667E-1,
3.333333333333E-1,5.E-1,6.666666666667E-1,8.333333333333E-1,1.E0),
.UNSPECIFIED.);
#1649=B_SPLINE_CURVE_WITH_KNOTS('',3,(#1640,#1641,#1642,#1643,#1644,#1645,#1646,
#1647,#1648),.UNSPECIFIED.,.F.,.F.,(4,1,1,1,1,1,4),(0.E0,1.666666666667E-1,
3.333333333333E-1,5.E-1,6.666666666667E-1,8.333333333333E-1,1.E0),
.UNSPECIFIED.);
#1655=B_SPLINE_CURVE_WITH_KNOTS('',3,(#1650,#1651,#1652,#1653,#1654),
.UNSPECIFIED.,.F.,.F.,(4,1,4),(0.E0,5.E-1,1.E0),.UNSPECIFIED.);
#1666=B_SPLINE_CURVE_WITH_KNOTS('',3,(#1660,#1661,#1662,#1663,#1664,#1665),
.UNSPECIFIED.,.F.,.F.,(4,1,1,4),(0.E0,3.333333333333E-1,6.666666666667E-1,1.E0),
.UNSPECIFIED.);
#1676=B_SPLINE_CURVE_WITH_KNOTS('',3,(#1671,#1672,#1673,#1674,#1675),
.UNSPECIFIED.,.F.,.F.,(4,1,4),(0.E0,5.E-1,1.E0),.UNSPECIFIED.);
#1686=B_SPLINE_CURVE_WITH_KNOTS('',3,(#1681,#1682,#1683,#1684,#1685),
.UNSPECIFIED.,.F.,.F.,(4,1,4),(0.E0,5.E-1,1.E0),.UNSPECIFIED.);
#1697=B_SPLINE_CURVE_WITH_KNOTS('',3,(#1691,#1692,#1693,#1694,#1695,#1696),
.UNSPECIFIED.,.F.,.F.,(4,1,1,4),(0.E0,3.333333333333E-1,6.666666666667E-1,1.E0),
.UNSPECIFIED.);
#1707=B_SPLINE_CURVE_WITH_KNOTS('',3,(#1702,#1703,#1704,#1705,#1706),
.UNSPECIFIED.,.F.,.F.,(4,1,4),(0.E0,5.E-1,1.E0),.UNSPECIFIED.);
#1717=B_SPLINE_CURVE_WITH_KNOTS('',3,(#1712,#1713,#1714,#1715,#1716),
.UNSPECIFIED.,.F.,.F.,(4,1,4),(0.E0,5.E-1,1.E0),.UNSPECIFIED.);
#1729=B_SPLINE_CURVE_WITH_KNOTS('',3,(#1722,#1723,#1724,#1725,#1726,#1727,
#1728),.UNSPECIFIED.,.F.,.F.,(4,1,1,1,4),(0.E0,2.5E-1,5.E-1,7.5E-1,1.E0),
.UNSPECIFIED.);
#1739=B_SPLINE_CURVE_WITH_KNOTS('',3,(#1734,#1735,#1736,#1737,#1738),
.UNSPECIFIED.,.F.,.F.,(4,1,4),(0.E0,5.E-1,1.E0),.UNSPECIFIED.);
#1750=B_SPLINE_CURVE_WITH_KNOTS('',3,(#1744,#1745,#1746,#1747,#1748,#1749),
.UNSPECIFIED.,.F.,.F.,(4,1,1,4),(0.E0,3.333333333333E-1,6.666666666667E-1,1.E0),
.UNSPECIFIED.);
#1760=B_SPLINE_CURVE_WITH_KNOTS('',3,(#1755,#1756,#1757,#1758,#1759),
.UNSPECIFIED.,.F.,.F.,(4,1,4),(0.E0,5.E-1,1.E0),.UNSPECIFIED.);
#1770=B_SPLINE_CURVE_WITH_KNOTS('',3,(#1765,#1766,#1767,#1768,#1769),
.UNSPECIFIED.,.F.,.F.,(4,1,4),(0.E0,5.E-1,1.E0),.UNSPECIFIED.);
#1781=B_SPLINE_CURVE_WITH_KNOTS('',3,(#1775,#1776,#1777,#1778,#1779,#1780),
.UNSPECIFIED.,.F.,.F.,(4,1,1,4),(0.E0,3.333333333333E-1,6.666666666667E-1,1.E0),
.UNSPECIFIED.);
#1791=B_SPLINE_CURVE_WITH_KNOTS('',3,(#1786,#1787,#1788,#1789,#1790),
.UNSPECIFIED.,.F.,.F.,(4,1,4),(0.E0,5.E-1,1.E0),.UNSPECIFIED.);
#1811=B_SPLINE_CURVE_WITH_KNOTS('',3,(#1796,#1797,#1798,#1799,#1800,#1801,#1802,
#1803,#1804,#1805,#1806,#1807,#1808,#1809,#1810),.UNSPECIFIED.,.F.,.F.,(4,1,1,1,
1,1,1,1,1,1,1,1,4),(0.E0,8.333333333333E-2,1.666666666667E-1,2.5E-1,
3.333333333333E-1,4.166666666667E-1,5.E-1,5.833333333333E-1,6.666666666667E-1,
7.5E-1,8.333333333333E-1,9.166666666667E-1,1.E0),.UNSPECIFIED.);
#1825=B_SPLINE_CURVE_WITH_KNOTS('',3,(#1820,#1821,#1822,#1823,#1824),
.UNSPECIFIED.,.F.,.F.,(4,1,4),(0.E0,5.E-1,1.E0),.UNSPECIFIED.);
#1835=B_SPLINE_CURVE_WITH_KNOTS('',3,(#1830,#1831,#1832,#1833,#1834),
.UNSPECIFIED.,.F.,.F.,(4,1,4),(0.E0,5.E-1,1.E0),.UNSPECIFIED.);
#1846=B_SPLINE_CURVE_WITH_KNOTS('',3,(#1840,#1841,#1842,#1843,#1844,#1845),
.UNSPECIFIED.,.F.,.F.,(4,1,1,4),(0.E0,3.333333333333E-1,6.666666666667E-1,1.E0),
.UNSPECIFIED.);
#1856=B_SPLINE_CURVE_WITH_KNOTS('',3,(#1851,#1852,#1853,#1854,#1855),
.UNSPECIFIED.,.F.,.F.,(4,1,4),(0.E0,5.E-1,1.E0),.UNSPECIFIED.);
#1866=B_SPLINE_CURVE_WITH_KNOTS('',3,(#1861,#1862,#1863,#1864,#1865),
.UNSPECIFIED.,.F.,.F.,(4,1,4),(0.E0,5.E-1,1.E0),.UNSPECIFIED.);
#1886=B_SPLINE_CURVE_WITH_KNOTS('',3,(#1871,#1872,#1873,#1874,#1875,#1876,#1877,
#1878,#1879,#1880,#1881,#1882,#1883,#1884,#1885),.UNSPECIFIED.,.F.,.F.,(4,1,1,1,
1,1,1,1,1,1,1,1,4),(0.E0,8.333333333333E-2,1.666666666667E-1,2.5E-1,
3.333333333333E-1,4.166666666667E-1,5.E-1,5.833333333333E-1,6.666666666667E-1,
7.5E-1,8.333333333333E-1,9.166666666667E-1,1.E0),.UNSPECIFIED.);
#1896=B_SPLINE_CURVE_WITH_KNOTS('',3,(#1887,#1888,#1889,#1890,#1891,#1892,#1893,
#1894,#1895),.UNSPECIFIED.,.F.,.F.,(4,1,1,1,1,1,4),(0.E0,1.666666666667E-1,
3.333333333333E-1,5.E-1,6.666666666667E-1,8.333333333333E-1,1.E0),
.UNSPECIFIED.);
#1906=B_SPLINE_CURVE_WITH_KNOTS('',3,(#1897,#1898,#1899,#1900,#1901,#1902,#1903,
#1904,#1905),.UNSPECIFIED.,.F.,.F.,(4,1,1,1,1,1,4),(0.E0,1.666666666667E-1,
3.333333333333E-1,5.E-1,6.666666666667E-1,8.333333333333E-1,1.E0),
.UNSPECIFIED.);
#1969=B_SPLINE_CURVE_WITH_KNOTS('',3,(#1959,#1960,#1961,#1962,#1963,#1964,#1965,
#1966,#1967,#1968),.UNSPECIFIED.,.F.,.F.,(4,1,1,1,1,1,1,4),(0.E0,
1.428571428571E-1,2.857142857143E-1,4.285714285714E-1,5.714285714286E-1,
7.142857142857E-1,8.571428571429E-1,1.E0),.UNSPECIFIED.);
#2003=B_SPLINE_CURVE_WITH_KNOTS('',3,(#1970,#1971,#1972,#1973,#1974,#1975,#1976,
#1977,#1978,#1979,#1980,#1981,#1982,#1983,#1984,#1985,#1986,#1987,#1988,#1989,
#1990,#1991,#1992,#1993,#1994,#1995,#1996,#1997,#1998,#1999,#2000,#2001,#2002),
.UNSPECIFIED.,.F.,.F.,(4,1,1,1,1,1,1,1,1,1,1,1,1,1,1,1,1,1,1,1,1,1,1,1,1,1,1,1,
1,1,4),(0.E0,3.90625E-3,7.8125E-3,1.5625E-2,2.34375E-2,3.125E-2,4.6875E-2,
6.25E-2,9.375E-2,1.25E-1,1.5625E-1,1.875E-1,2.5E-1,3.125E-1,3.75E-1,5.E-1,
6.25E-1,6.875E-1,7.5E-1,8.125E-1,8.4375E-1,8.75E-1,9.0625E-1,9.375E-1,
9.53125E-1,9.6875E-1,9.765625E-1,9.84375E-1,9.921875E-1,9.9609375E-1,1.E0),
.UNSPECIFIED.);
#2011=B_SPLINE_CURVE_WITH_KNOTS('',3,(#2004,#2005,#2006,#2007,#2008,#2009,
#2010),.UNSPECIFIED.,.F.,.F.,(4,1,1,1,4),(0.E0,2.5E-1,5.E-1,7.5E-1,1.E0),
.UNSPECIFIED.);
#2022=B_SPLINE_CURVE_WITH_KNOTS('',3,(#2012,#2013,#2014,#2015,#2016,#2017,#2018,
#2019,#2020,#2021),.UNSPECIFIED.,.F.,.F.,(4,1,1,1,1,1,1,4),(0.E0,
1.428571428571E-1,2.857142857143E-1,4.285714285714E-1,5.714285714286E-1,
7.142857142857E-1,8.571428571429E-1,1.E0),.UNSPECIFIED.);
#2030=B_SPLINE_CURVE_WITH_KNOTS('',3,(#2023,#2024,#2025,#2026,#2027,#2028,
#2029),.UNSPECIFIED.,.F.,.F.,(4,1,1,1,4),(0.E0,2.5E-1,5.E-1,7.5E-1,1.E0),
.UNSPECIFIED.);
#2044=B_SPLINE_CURVE_WITH_KNOTS('',3,(#2035,#2036,#2037,#2038,#2039,#2040,#2041,
#2042,#2043),.UNSPECIFIED.,.F.,.F.,(4,1,1,1,1,1,4),(0.E0,1.666666666667E-1,
3.333333333333E-1,5.E-1,6.666666666667E-1,8.333333333333E-1,1.E0),
.UNSPECIFIED.);
#2056=B_SPLINE_CURVE_WITH_KNOTS('',3,(#2049,#2050,#2051,#2052,#2053,#2054,
#2055),.UNSPECIFIED.,.F.,.F.,(4,1,1,1,4),(0.E0,2.5E-1,5.E-1,7.5E-1,1.E0),
.UNSPECIFIED.);
#2065=B_SPLINE_CURVE_WITH_KNOTS('',3,(#2057,#2058,#2059,#2060,#2061,#2062,#2063,
#2064),.UNSPECIFIED.,.F.,.F.,(4,1,1,1,1,4),(0.E0,2.E-1,4.E-1,6.E-1,8.E-1,1.E0),
.UNSPECIFIED.);
#2072=B_SPLINE_CURVE_WITH_KNOTS('',3,(#2066,#2067,#2068,#2069,#2070,#2071),
.UNSPECIFIED.,.F.,.F.,(4,1,1,4),(0.E0,3.333333333333E-1,6.666666666667E-1,1.E0),
.UNSPECIFIED.);
#2079=B_SPLINE_CURVE_WITH_KNOTS('',3,(#2073,#2074,#2075,#2076,#2077,#2078),
.UNSPECIFIED.,.F.,.F.,(4,1,1,4),(0.E0,3.333333333333E-1,6.666666666667E-1,1.E0),
.UNSPECIFIED.);
#2091=B_SPLINE_CURVE_WITH_KNOTS('',3,(#2084,#2085,#2086,#2087,#2088,#2089,
#2090),.UNSPECIFIED.,.F.,.F.,(4,1,1,1,4),(0.E0,2.5E-1,5.E-1,7.5E-1,1.E0),
.UNSPECIFIED.);
#2098=B_SPLINE_CURVE_WITH_KNOTS('',3,(#2092,#2093,#2094,#2095,#2096,#2097),
.UNSPECIFIED.,.F.,.F.,(4,1,1,4),(0.E0,3.333333333333E-1,6.666666666667E-1,1.E0),
.UNSPECIFIED.);
#2107=B_SPLINE_CURVE_WITH_KNOTS('',3,(#2099,#2100,#2101,#2102,#2103,#2104,#2105,
#2106),.UNSPECIFIED.,.F.,.F.,(4,1,1,1,1,4),(0.E0,2.E-1,4.E-1,6.E-1,8.E-1,1.E0),
.UNSPECIFIED.);
#2123=B_SPLINE_CURVE_WITH_KNOTS('',3,(#2116,#2117,#2118,#2119,#2120,#2121,
#2122),.UNSPECIFIED.,.F.,.F.,(4,1,1,1,4),(0.E0,2.5E-1,5.E-1,7.5E-1,1.E0),
.UNSPECIFIED.);
#2131=B_SPLINE_CURVE_WITH_KNOTS('',3,(#2124,#2125,#2126,#2127,#2128,#2129,
#2130),.UNSPECIFIED.,.F.,.F.,(4,1,1,1,4),(0.E0,2.5E-1,5.E-1,7.5E-1,1.E0),
.UNSPECIFIED.);
#2144=B_SPLINE_CURVE_WITH_KNOTS('',3,(#2136,#2137,#2138,#2139,#2140,#2141,#2142,
#2143),.UNSPECIFIED.,.F.,.F.,(4,1,1,1,1,4),(0.E0,2.E-1,4.E-1,6.E-1,8.E-1,1.E0),
.UNSPECIFIED.);
#2152=B_SPLINE_CURVE_WITH_KNOTS('',3,(#2145,#2146,#2147,#2148,#2149,#2150,
#2151),.UNSPECIFIED.,.F.,.F.,(4,1,1,1,4),(0.E0,2.5E-1,5.E-1,7.5E-1,1.E0),
.UNSPECIFIED.);
#2166=B_SPLINE_CURVE_WITH_KNOTS('',3,(#2157,#2158,#2159,#2160,#2161,#2162,#2163,
#2164,#2165),.UNSPECIFIED.,.F.,.F.,(4,1,1,1,1,1,4),(0.E0,1.666666666667E-1,
3.333333333333E-1,5.E-1,6.666666666667E-1,8.333333333333E-1,1.E0),
.UNSPECIFIED.);
#2181=B_SPLINE_CURVE_WITH_KNOTS('',3,(#2171,#2172,#2173,#2174,#2175,#2176,#2177,
#2178,#2179,#2180),.UNSPECIFIED.,.F.,.F.,(4,1,1,1,1,1,1,4),(0.E0,
1.428571428571E-1,2.857142857143E-1,4.285714285714E-1,5.714285714286E-1,
7.142857142857E-1,8.571428571429E-1,1.E0),.UNSPECIFIED.);
#2195=B_SPLINE_CURVE_WITH_KNOTS('',3,(#2186,#2187,#2188,#2189,#2190,#2191,#2192,
#2193,#2194),.UNSPECIFIED.,.F.,.F.,(4,1,1,1,1,1,4),(0.E0,1.666666666667E-1,
3.333333333333E-1,5.E-1,6.666666666667E-1,8.333333333333E-1,1.E0),
.UNSPECIFIED.);
#2206=B_SPLINE_CURVE_WITH_KNOTS('',3,(#2200,#2201,#2202,#2203,#2204,#2205),
.UNSPECIFIED.,.F.,.F.,(4,1,1,4),(0.E0,3.333333333333E-1,6.666666666667E-1,1.E0),
.UNSPECIFIED.);
#2213=B_SPLINE_CURVE_WITH_KNOTS('',3,(#2207,#2208,#2209,#2210,#2211,#2212),
.UNSPECIFIED.,.F.,.F.,(4,1,1,4),(0.E0,3.333333333333E-1,6.666666666667E-1,1.E0),
.UNSPECIFIED.);
#2230=B_SPLINE_CURVE_WITH_KNOTS('',3,(#2222,#2223,#2224,#2225,#2226,#2227,#2228,
#2229),.UNSPECIFIED.,.F.,.F.,(4,1,1,1,1,4),(0.E0,2.E-1,4.E-1,6.E-1,8.E-1,1.E0),
.UNSPECIFIED.);
#2243=B_SPLINE_CURVE_WITH_KNOTS('',3,(#2235,#2236,#2237,#2238,#2239,#2240,#2241,
#2242),.UNSPECIFIED.,.F.,.F.,(4,1,1,1,1,4),(0.E0,2.E-1,4.E-1,6.E-1,8.E-1,1.E0),
.UNSPECIFIED.);
#2260=B_SPLINE_CURVE_WITH_KNOTS('',3,(#2252,#2253,#2254,#2255,#2256,#2257,#2258,
#2259),.UNSPECIFIED.,.F.,.F.,(4,1,1,1,1,4),(0.E0,2.E-1,4.E-1,6.E-1,8.E-1,1.E0),
.UNSPECIFIED.);
#2267=B_SPLINE_CURVE_WITH_KNOTS('',3,(#2261,#2262,#2263,#2264,#2265,#2266),
.UNSPECIFIED.,.F.,.F.,(4,1,1,4),(0.E0,3.333333333333E-1,6.666666666667E-1,1.E0),
.UNSPECIFIED.);
#2285=B_SPLINE_CURVE_WITH_KNOTS('',3,(#2268,#2269,#2270,#2271,#2272,#2273,#2274,
#2275,#2276,#2277,#2278,#2279,#2280,#2281,#2282,#2283,#2284),.UNSPECIFIED.,.F.,
.F.,(4,1,1,1,1,1,1,1,1,1,1,1,1,1,4),(0.E0,7.142857142857E-2,1.428571428571E-1,
2.142857142857E-1,2.857142857143E-1,3.571428571429E-1,4.285714285714E-1,5.E-1,
5.714285714286E-1,6.428571428571E-1,7.142857142857E-1,7.857142857143E-1,
8.571428571429E-1,9.285714285714E-1,1.E0),.UNSPECIFIED.);
#2294=B_SPLINE_CURVE_WITH_KNOTS('',3,(#2286,#2287,#2288,#2289,#2290,#2291,#2292,
#2293),.UNSPECIFIED.,.F.,.F.,(4,1,1,1,1,4),(0.E0,2.E-1,4.E-1,6.E-1,8.E-1,1.E0),
.UNSPECIFIED.);
#2302=B_SPLINE_CURVE_WITH_KNOTS('',3,(#2295,#2296,#2297,#2298,#2299,#2300,
#2301),.UNSPECIFIED.,.F.,.F.,(4,1,1,1,4),(0.E0,2.5E-1,5.E-1,7.5E-1,1.E0),
.UNSPECIFIED.);
#2326=B_SPLINE_CURVE_WITH_KNOTS('',3,(#2303,#2304,#2305,#2306,#2307,#2308,#2309,
#2310,#2311,#2312,#2313,#2314,#2315,#2316,#2317,#2318,#2319,#2320,#2321,#2322,
#2323,#2324,#2325),.UNSPECIFIED.,.F.,.F.,(4,1,1,1,1,1,1,1,1,1,1,1,1,1,1,1,1,1,1,
1,4),(0.E0,5.E-2,1.E-1,1.5E-1,2.E-1,2.5E-1,3.E-1,3.5E-1,4.E-1,4.5E-1,5.E-1,
5.5E-1,6.E-1,6.5E-1,7.E-1,7.5E-1,8.E-1,8.5E-1,9.E-1,9.5E-1,1.E0),.UNSPECIFIED.);
#2335=B_SPLINE_CURVE_WITH_KNOTS('',3,(#2327,#2328,#2329,#2330,#2331,#2332,#2333,
#2334),.UNSPECIFIED.,.F.,.F.,(4,1,1,1,1,4),(0.E0,2.E-1,4.E-1,6.E-1,8.E-1,1.E0),
.UNSPECIFIED.);
#2343=B_SPLINE_CURVE_WITH_KNOTS('',3,(#2336,#2337,#2338,#2339,#2340,#2341,
#2342),.UNSPECIFIED.,.F.,.F.,(4,1,1,1,4),(0.E0,2.5E-1,5.E-1,7.5E-1,1.E0),
.UNSPECIFIED.);
#2351=B_SPLINE_CURVE_WITH_KNOTS('',3,(#2344,#2345,#2346,#2347,#2348,#2349,
#2350),.UNSPECIFIED.,.F.,.F.,(4,1,1,1,4),(0.E0,2.5E-1,5.E-1,7.5E-1,1.E0),
.UNSPECIFIED.);
#2369=B_SPLINE_CURVE_WITH_KNOTS('',3,(#2360,#2361,#2362,#2363,#2364,#2365,#2366,
#2367,#2368),.UNSPECIFIED.,.F.,.F.,(4,1,1,1,1,1,4),(0.E0,1.666666666667E-1,
3.333333333333E-1,5.E-1,6.666666666667E-1,8.333333333333E-1,1.E0),
.UNSPECIFIED.);
#2386=B_SPLINE_CURVE_WITH_KNOTS('',3,(#2378,#2379,#2380,#2381,#2382,#2383,#2384,
#2385),.UNSPECIFIED.,.F.,.F.,(4,1,1,1,1,4),(0.E0,2.E-1,4.E-1,6.E-1,8.E-1,1.E0),
.UNSPECIFIED.);
#2402=B_SPLINE_CURVE_WITH_KNOTS('',3,(#2395,#2396,#2397,#2398,#2399,#2400,
#2401),.UNSPECIFIED.,.F.,.F.,(4,1,1,1,4),(0.E0,2.5E-1,5.E-1,7.5E-1,1.E0),
.UNSPECIFIED.);
#2410=B_SPLINE_CURVE_WITH_KNOTS('',3,(#2403,#2404,#2405,#2406,#2407,#2408,
#2409),.UNSPECIFIED.,.F.,.F.,(4,1,1,1,4),(0.E0,2.5E-1,5.E-1,7.5E-1,1.E0),
.UNSPECIFIED.);
#2418=B_SPLINE_CURVE_WITH_KNOTS('',3,(#2411,#2412,#2413,#2414,#2415,#2416,
#2417),.UNSPECIFIED.,.F.,.F.,(4,1,1,1,4),(0.E0,2.5E-1,5.E-1,7.5E-1,1.E0),
.UNSPECIFIED.);
#2440=B_SPLINE_CURVE_WITH_KNOTS('',3,(#2431,#2432,#2433,#2434,#2435,#2436,#2437,
#2438,#2439),.UNSPECIFIED.,.F.,.F.,(4,1,1,1,1,1,4),(0.E0,1.666666666667E-1,
3.333333333333E-1,5.E-1,6.666666666667E-1,8.333333333333E-1,1.E0),
.UNSPECIFIED.);
#2454=B_SPLINE_CURVE_WITH_KNOTS('',3,(#2445,#2446,#2447,#2448,#2449,#2450,#2451,
#2452,#2453),.UNSPECIFIED.,.F.,.F.,(4,1,1,1,1,1,4),(0.E0,1.666666666667E-1,
3.333333333333E-1,5.E-1,6.666666666667E-1,8.333333333333E-1,1.E0),
.UNSPECIFIED.);
#2476=B_SPLINE_CURVE_WITH_KNOTS('',3,(#2467,#2468,#2469,#2470,#2471,#2472,#2473,
#2474,#2475),.UNSPECIFIED.,.F.,.F.,(4,1,1,1,1,1,4),(0.E0,1.666666666667E-1,
3.333333333333E-1,5.E-1,6.666666666667E-1,8.333333333333E-1,1.E0),
.UNSPECIFIED.);
#2489=B_SPLINE_CURVE_WITH_KNOTS('',3,(#2481,#2482,#2483,#2484,#2485,#2486,#2487,
#2488),.UNSPECIFIED.,.F.,.F.,(4,1,1,1,1,4),(0.E0,2.E-1,4.E-1,6.E-1,8.E-1,1.E0),
.UNSPECIFIED.);
#2505=B_SPLINE_CURVE_WITH_KNOTS('',3,(#2498,#2499,#2500,#2501,#2502,#2503,
#2504),.UNSPECIFIED.,.F.,.F.,(4,1,1,1,4),(0.E0,2.5E-1,5.E-1,7.5E-1,1.E0),
.UNSPECIFIED.);
#2513=B_SPLINE_CURVE_WITH_KNOTS('',3,(#2506,#2507,#2508,#2509,#2510,#2511,
#2512),.UNSPECIFIED.,.F.,.F.,(4,1,1,1,4),(0.E0,2.5E-1,5.E-1,7.5E-1,1.E0),
.UNSPECIFIED.);
#2525=B_SPLINE_CURVE_WITH_KNOTS('',3,(#2518,#2519,#2520,#2521,#2522,#2523,
#2524),.UNSPECIFIED.,.F.,.F.,(4,1,1,1,4),(0.E0,2.5E-1,5.E-1,7.5E-1,1.E0),
.UNSPECIFIED.);
#2532=B_SPLINE_CURVE_WITH_KNOTS('',3,(#2526,#2527,#2528,#2529,#2530,#2531),
.UNSPECIFIED.,.F.,.F.,(4,1,1,4),(0.E0,3.333333333333E-1,6.666666666667E-1,1.E0),
.UNSPECIFIED.);
#2540=B_SPLINE_CURVE_WITH_KNOTS('',3,(#2533,#2534,#2535,#2536,#2537,#2538,
#2539),.UNSPECIFIED.,.F.,.F.,(4,1,1,1,4),(0.E0,2.5E-1,5.E-1,7.5E-1,1.E0),
.UNSPECIFIED.);
#2560=B_SPLINE_CURVE_WITH_KNOTS('',3,(#2553,#2554,#2555,#2556,#2557,#2558,
#2559),.UNSPECIFIED.,.F.,.F.,(4,1,1,1,4),(0.E0,2.5E-1,5.E-1,7.5E-1,1.E0),
.UNSPECIFIED.);
#2568=B_SPLINE_CURVE_WITH_KNOTS('',3,(#2561,#2562,#2563,#2564,#2565,#2566,
#2567),.UNSPECIFIED.,.F.,.F.,(4,1,1,1,4),(0.E0,2.5E-1,5.E-1,7.5E-1,1.E0),
.UNSPECIFIED.);
#2577=B_SPLINE_CURVE_WITH_KNOTS('',3,(#2569,#2570,#2571,#2572,#2573,#2574,#2575,
#2576),.UNSPECIFIED.,.F.,.F.,(4,1,1,1,1,4),(0.E0,2.E-1,4.E-1,6.E-1,8.E-1,1.E0),
.UNSPECIFIED.);
#2585=B_SPLINE_CURVE_WITH_KNOTS('',3,(#2578,#2579,#2580,#2581,#2582,#2583,
#2584),.UNSPECIFIED.,.F.,.F.,(4,1,1,1,4),(0.E0,2.5E-1,5.E-1,7.5E-1,1.E0),
.UNSPECIFIED.);
#2599=B_SPLINE_CURVE_WITH_KNOTS('',3,(#2590,#2591,#2592,#2593,#2594,#2595,#2596,
#2597,#2598),.UNSPECIFIED.,.F.,.F.,(4,1,1,1,1,1,4),(0.E0,1.666666666667E-1,
3.333333333333E-1,5.E-1,6.666666666667E-1,8.333333333333E-1,1.E0),
.UNSPECIFIED.);
#2614=B_SPLINE_CURVE_WITH_KNOTS('',3,(#2604,#2605,#2606,#2607,#2608,#2609,#2610,
#2611,#2612,#2613),.UNSPECIFIED.,.F.,.F.,(4,1,1,1,1,1,1,4),(0.E0,
1.428571428571E-1,2.857142857143E-1,4.285714285714E-1,5.714285714286E-1,
7.142857142857E-1,8.571428571429E-1,1.E0),.UNSPECIFIED.);
#2628=B_SPLINE_CURVE_WITH_KNOTS('',3,(#2619,#2620,#2621,#2622,#2623,#2624,#2625,
#2626,#2627),.UNSPECIFIED.,.F.,.F.,(4,1,1,1,1,1,4),(0.E0,1.666666666667E-1,
3.333333333333E-1,5.E-1,6.666666666667E-1,8.333333333333E-1,1.E0),
.UNSPECIFIED.);
#2640=B_SPLINE_CURVE_WITH_KNOTS('',3,(#2633,#2634,#2635,#2636,#2637,#2638,
#2639),.UNSPECIFIED.,.F.,.F.,(4,1,1,1,4),(0.E0,2.5E-1,5.E-1,7.5E-1,1.E0),
.UNSPECIFIED.);
#2647=B_SPLINE_CURVE_WITH_KNOTS('',3,(#2641,#2642,#2643,#2644,#2645,#2646),
.UNSPECIFIED.,.F.,.F.,(4,1,1,4),(0.E0,3.333333333333E-1,6.666666666667E-1,1.E0),
.UNSPECIFIED.);
#2662=B_SPLINE_CURVE_WITH_KNOTS('',3,(#2656,#2657,#2658,#2659,#2660,#2661),
.UNSPECIFIED.,.F.,.F.,(4,1,1,4),(0.E0,3.333333333333E-1,6.666666666667E-1,1.E0),
.UNSPECIFIED.);
#2669=B_SPLINE_CURVE_WITH_KNOTS('',3,(#2663,#2664,#2665,#2666,#2667,#2668),
.UNSPECIFIED.,.F.,.F.,(4,1,1,4),(0.E0,3.333333333333E-1,6.666666666667E-1,1.E0),
.UNSPECIFIED.);
#2681=B_SPLINE_CURVE_WITH_KNOTS('',3,(#2674,#2675,#2676,#2677,#2678,#2679,
#2680),.UNSPECIFIED.,.F.,.F.,(4,1,1,1,4),(0.E0,2.5E-1,5.E-1,7.5E-1,1.E0),
.UNSPECIFIED.);
#2688=B_SPLINE_CURVE_WITH_KNOTS('',3,(#2682,#2683,#2684,#2685,#2686,#2687),
.UNSPECIFIED.,.F.,.F.,(4,1,1,4),(0.E0,3.333333333333E-1,6.666666666667E-1,1.E0),
.UNSPECIFIED.);
#2706=B_SPLINE_CURVE_WITH_KNOTS('',3,(#2697,#2698,#2699,#2700,#2701,#2702,#2703,
#2704,#2705),.UNSPECIFIED.,.F.,.F.,(4,1,1,1,1,1,4),(0.E0,1.666666666667E-1,
3.333333333333E-1,5.E-1,6.666666666667E-1,8.333333333333E-1,1.E0),
.UNSPECIFIED.);
#2913=B_SPLINE_CURVE_WITH_KNOTS('',3,(#2907,#2908,#2909,#2910,#2911,#2912),
.UNSPECIFIED.,.F.,.F.,(4,1,1,4),(0.E0,3.333333333333E-1,6.666666666667E-1,1.E0),
.UNSPECIFIED.);
#3124=B_SPLINE_CURVE_WITH_KNOTS('',3,(#3114,#3115,#3116,#3117,#3118,#3119,#3120,
#3121,#3122,#3123),.UNSPECIFIED.,.F.,.F.,(4,1,1,1,1,1,1,4),(0.E0,
1.428571428571E-1,2.857142857143E-1,4.285714285714E-1,5.714285714286E-1,
7.142857142857E-1,8.571428571429E-1,1.E0),.UNSPECIFIED.);
#3135=B_SPLINE_CURVE_WITH_KNOTS('',3,(#3125,#3126,#3127,#3128,#3129,#3130,#3131,
#3132,#3133,#3134),.UNSPECIFIED.,.F.,.F.,(4,1,1,1,1,1,1,4),(0.E0,
1.428571428571E-1,2.857142857143E-1,4.285714285714E-1,5.714285714286E-1,
7.142857142857E-1,8.571428571429E-1,1.E0),.UNSPECIFIED.);
#3154=B_SPLINE_CURVE_WITH_KNOTS('',3,(#3148,#3149,#3150,#3151,#3152,#3153),
.UNSPECIFIED.,.F.,.F.,(4,1,1,4),(0.E0,3.333333333333E-1,6.666666666667E-1,1.E0),
.UNSPECIFIED.);
#3165=B_SPLINE_CURVE_WITH_KNOTS('',3,(#3159,#3160,#3161,#3162,#3163,#3164),
.UNSPECIFIED.,.F.,.F.,(4,1,1,4),(0.E0,3.333333333333E-1,6.666666666667E-1,1.E0),
.UNSPECIFIED.);
#3176=B_SPLINE_CURVE_WITH_KNOTS('',3,(#3170,#3171,#3172,#3173,#3174,#3175),
.UNSPECIFIED.,.F.,.F.,(4,1,1,4),(0.E0,3.333333333333E-1,6.666666666667E-1,1.E0),
.UNSPECIFIED.);
#3187=B_SPLINE_CURVE_WITH_KNOTS('',3,(#3181,#3182,#3183,#3184,#3185,#3186),
.UNSPECIFIED.,.F.,.F.,(4,1,1,4),(0.E0,3.333333333333E-1,6.666666666667E-1,1.E0),
.UNSPECIFIED.);
#3210=B_SPLINE_CURVE_WITH_KNOTS('',3,(#3204,#3205,#3206,#3207,#3208,#3209),
.UNSPECIFIED.,.F.,.F.,(4,1,1,4),(0.E0,3.333333333333E-1,6.666666666667E-1,1.E0),
.UNSPECIFIED.);
#3221=B_SPLINE_CURVE_WITH_KNOTS('',3,(#3215,#3216,#3217,#3218,#3219,#3220),
.UNSPECIFIED.,.F.,.F.,(4,1,1,4),(0.E0,3.333333333333E-1,6.666666666667E-1,1.E0),
.UNSPECIFIED.);
#3232=B_SPLINE_CURVE_WITH_KNOTS('',3,(#3226,#3227,#3228,#3229,#3230,#3231),
.UNSPECIFIED.,.F.,.F.,(4,1,1,4),(0.E0,3.333333333333E-1,6.666666666667E-1,1.E0),
.UNSPECIFIED.);
#3243=B_SPLINE_CURVE_WITH_KNOTS('',3,(#3237,#3238,#3239,#3240,#3241,#3242),
.UNSPECIFIED.,.F.,.F.,(4,1,1,4),(0.E0,3.333333333333E-1,6.666666666667E-1,1.E0),
.UNSPECIFIED.);
#3259=B_SPLINE_CURVE_WITH_KNOTS('',3,(#3244,#3245,#3246,#3247,#3248,#3249,#3250,
#3251,#3252,#3253,#3254,#3255,#3256,#3257,#3258),.UNSPECIFIED.,.F.,.F.,(4,1,1,1,
1,1,1,1,1,1,1,1,4),(0.E0,8.333333333333E-2,1.666666666667E-1,2.5E-1,
3.333333333333E-1,4.166666666667E-1,5.E-1,5.833333333333E-1,6.666666666667E-1,
7.5E-1,8.333333333333E-1,9.166666666667E-1,1.E0),.UNSPECIFIED.);
#3265=B_SPLINE_CURVE_WITH_KNOTS('',3,(#3260,#3261,#3262,#3263,#3264),
.UNSPECIFIED.,.F.,.F.,(4,1,4),(0.E0,5.E-1,1.E0),.UNSPECIFIED.);
#3271=B_SPLINE_CURVE_WITH_KNOTS('',3,(#3266,#3267,#3268,#3269,#3270),
.UNSPECIFIED.,.F.,.F.,(4,1,4),(0.E0,5.E-1,1.E0),.UNSPECIFIED.);
#3294=B_SPLINE_CURVE_WITH_KNOTS('',3,(#3288,#3289,#3290,#3291,#3292,#3293),
.UNSPECIFIED.,.F.,.F.,(4,1,1,4),(0.E0,3.333333333333E-1,6.666666666667E-1,1.E0),
.UNSPECIFIED.);
#3309=B_SPLINE_CURVE_WITH_KNOTS('',3,(#3295,#3296,#3297,#3298,#3299,#3300,#3301,
#3302,#3303,#3304,#3305,#3306,#3307,#3308),.UNSPECIFIED.,.F.,.F.,(4,1,1,1,1,1,1,
1,1,1,1,4),(0.E0,9.090909090909E-2,1.818181818182E-1,2.727272727273E-1,
3.636363636364E-1,4.545454545455E-1,5.454545454545E-1,6.363636363636E-1,
7.272727272727E-1,8.181818181818E-1,9.090909090909E-1,1.E0),.UNSPECIFIED.);
#3316=B_SPLINE_CURVE_WITH_KNOTS('',3,(#3310,#3311,#3312,#3313,#3314,#3315),
.UNSPECIFIED.,.F.,.F.,(4,1,1,4),(0.E0,3.333333333333E-1,6.666666666667E-1,1.E0),
.UNSPECIFIED.);
#3327=B_SPLINE_CURVE_WITH_KNOTS('',3,(#3321,#3322,#3323,#3324,#3325,#3326),
.UNSPECIFIED.,.F.,.F.,(4,1,1,4),(0.E0,3.333333333333E-1,6.666666666667E-1,1.E0),
.UNSPECIFIED.);
#3338=B_SPLINE_CURVE_WITH_KNOTS('',3,(#3332,#3333,#3334,#3335,#3336,#3337),
.UNSPECIFIED.,.F.,.F.,(4,1,1,4),(0.E0,3.333333333333E-1,6.666666666667E-1,1.E0),
.UNSPECIFIED.);
#3345=B_SPLINE_CURVE_WITH_KNOTS('',3,(#3339,#3340,#3341,#3342,#3343,#3344),
.UNSPECIFIED.,.F.,.F.,(4,1,1,4),(0.E0,3.333333333333E-1,6.666666666667E-1,1.E0),
.UNSPECIFIED.);
#3356=B_SPLINE_CURVE_WITH_KNOTS('',3,(#3350,#3351,#3352,#3353,#3354,#3355),
.UNSPECIFIED.,.F.,.F.,(4,1,1,4),(0.E0,3.333333333333E-1,6.666666666667E-1,1.E0),
.UNSPECIFIED.);
#3367=B_SPLINE_CURVE_WITH_KNOTS('',3,(#3361,#3362,#3363,#3364,#3365,#3366),
.UNSPECIFIED.,.F.,.F.,(4,1,1,4),(0.E0,3.333333333333E-1,6.666666666667E-1,1.E0),
.UNSPECIFIED.);
#3374=B_SPLINE_CURVE_WITH_KNOTS('',3,(#3368,#3369,#3370,#3371,#3372,#3373),
.UNSPECIFIED.,.F.,.F.,(4,1,1,4),(0.E0,3.333333333333E-1,6.666666666667E-1,1.E0),
.UNSPECIFIED.);
#3385=B_SPLINE_CURVE_WITH_KNOTS('',3,(#3379,#3380,#3381,#3382,#3383,#3384),
.UNSPECIFIED.,.F.,.F.,(4,1,1,4),(0.E0,3.333333333333E-1,6.666666666667E-1,1.E0),
.UNSPECIFIED.);
#3392=B_SPLINE_CURVE_WITH_KNOTS('',3,(#3386,#3387,#3388,#3389,#3390,#3391),
.UNSPECIFIED.,.F.,.F.,(4,1,1,4),(0.E0,3.333333333333E-1,6.666666666667E-1,1.E0),
.UNSPECIFIED.);
#3403=B_SPLINE_CURVE_WITH_KNOTS('',3,(#3397,#3398,#3399,#3400,#3401,#3402),
.UNSPECIFIED.,.F.,.F.,(4,1,1,4),(0.E0,3.333333333333E-1,6.666666666667E-1,1.E0),
.UNSPECIFIED.);
#3414=B_SPLINE_CURVE_WITH_KNOTS('',3,(#3408,#3409,#3410,#3411,#3412,#3413),
.UNSPECIFIED.,.F.,.F.,(4,1,1,4),(0.E0,3.333333333333E-1,6.666666666667E-1,1.E0),
.UNSPECIFIED.);
#3421=B_SPLINE_CURVE_WITH_KNOTS('',3,(#3415,#3416,#3417,#3418,#3419,#3420),
.UNSPECIFIED.,.F.,.F.,(4,1,1,4),(0.E0,3.333333333333E-1,6.666666666667E-1,1.E0),
.UNSPECIFIED.);
#3432=B_SPLINE_CURVE_WITH_KNOTS('',3,(#3426,#3427,#3428,#3429,#3430,#3431),
.UNSPECIFIED.,.F.,.F.,(4,1,1,4),(0.E0,3.333333333333E-1,6.666666666667E-1,1.E0),
.UNSPECIFIED.);
#3442=B_SPLINE_CURVE_WITH_KNOTS('',3,(#3437,#3438,#3439,#3440,#3441),
.UNSPECIFIED.,.F.,.F.,(4,1,4),(0.E0,5.E-1,1.E0),.UNSPECIFIED.);
#3448=B_SPLINE_CURVE_WITH_KNOTS('',3,(#3443,#3444,#3445,#3446,#3447),
.UNSPECIFIED.,.F.,.F.,(4,1,4),(0.E0,5.E-1,1.E0),.UNSPECIFIED.);
#3455=B_SPLINE_CURVE_WITH_KNOTS('',3,(#3449,#3450,#3451,#3452,#3453,#3454),
.UNSPECIFIED.,.F.,.F.,(4,1,1,4),(0.E0,3.333333333333E-1,6.666666666667E-1,1.E0),
.UNSPECIFIED.);
#3490=B_SPLINE_CURVE_WITH_KNOTS('',3,(#3484,#3485,#3486,#3487,#3488,#3489),
.UNSPECIFIED.,.F.,.F.,(4,1,1,4),(0.E0,3.333333333333E-1,6.666666666667E-1,1.E0),
.UNSPECIFIED.);
#3501=B_SPLINE_CURVE_WITH_KNOTS('',3,(#3495,#3496,#3497,#3498,#3499,#3500),
.UNSPECIFIED.,.F.,.F.,(4,1,1,4),(0.E0,3.333333333333E-1,6.666666666667E-1,1.E0),
.UNSPECIFIED.);
#3516=B_SPLINE_CURVE_WITH_KNOTS('',3,(#3510,#3511,#3512,#3513,#3514,#3515),
.UNSPECIFIED.,.F.,.F.,(4,1,1,4),(0.E0,3.333333333333E-1,6.666666666667E-1,1.E0),
.UNSPECIFIED.);
#3527=B_SPLINE_CURVE_WITH_KNOTS('',3,(#3521,#3522,#3523,#3524,#3525,#3526),
.UNSPECIFIED.,.F.,.F.,(4,1,1,4),(0.E0,3.333333333333E-1,6.666666666667E-1,1.E0),
.UNSPECIFIED.);
#3538=B_SPLINE_CURVE_WITH_KNOTS('',3,(#3532,#3533,#3534,#3535,#3536,#3537),
.UNSPECIFIED.,.F.,.F.,(4,1,1,4),(0.E0,3.333333333333E-1,6.666666666667E-1,1.E0),
.UNSPECIFIED.);
#3553=B_SPLINE_CURVE_WITH_KNOTS('',3,(#3547,#3548,#3549,#3550,#3551,#3552),
.UNSPECIFIED.,.F.,.F.,(4,1,1,4),(0.E0,3.333333333333E-1,6.666666666667E-1,1.E0),
.UNSPECIFIED.);
#3564=B_SPLINE_CURVE_WITH_KNOTS('',3,(#3558,#3559,#3560,#3561,#3562,#3563),
.UNSPECIFIED.,.F.,.F.,(4,1,1,4),(0.E0,3.333333333333E-1,6.666666666667E-1,1.E0),
.UNSPECIFIED.);
#3579=B_SPLINE_CURVE_WITH_KNOTS('',3,(#3573,#3574,#3575,#3576,#3577,#3578),
.UNSPECIFIED.,.F.,.F.,(4,1,1,4),(0.E0,3.333333333333E-1,6.666666666667E-1,1.E0),
.UNSPECIFIED.);
#3598=B_SPLINE_CURVE_WITH_KNOTS('',3,(#3592,#3593,#3594,#3595,#3596,#3597),
.UNSPECIFIED.,.F.,.F.,(4,1,1,4),(0.E0,3.333333333333E-1,6.666666666667E-1,1.E0),
.UNSPECIFIED.);
#3621=B_SPLINE_CURVE_WITH_KNOTS('',3,(#3615,#3616,#3617,#3618,#3619,#3620),
.UNSPECIFIED.,.F.,.F.,(4,1,1,4),(0.E0,3.333333333333E-1,6.666666666667E-1,1.E0),
.UNSPECIFIED.);
#3640=B_SPLINE_CURVE_WITH_KNOTS('',3,(#3634,#3635,#3636,#3637,#3638,#3639),
.UNSPECIFIED.,.F.,.F.,(4,1,1,4),(0.E0,3.333333333333E-1,6.666666666667E-1,1.E0),
.UNSPECIFIED.);
#3655=B_SPLINE_CURVE_WITH_KNOTS('',3,(#3649,#3650,#3651,#3652,#3653,#3654),
.UNSPECIFIED.,.F.,.F.,(4,1,1,4),(0.E0,3.333333333333E-1,6.666666666667E-1,1.E0),
.UNSPECIFIED.);
#3666=B_SPLINE_CURVE_WITH_KNOTS('',3,(#3660,#3661,#3662,#3663,#3664,#3665),
.UNSPECIFIED.,.F.,.F.,(4,1,1,4),(0.E0,3.333333333333E-1,6.666666666667E-1,1.E0),
.UNSPECIFIED.);
#3677=B_SPLINE_CURVE_WITH_KNOTS('',3,(#3671,#3672,#3673,#3674,#3675,#3676),
.UNSPECIFIED.,.F.,.F.,(4,1,1,4),(0.E0,3.333333333333E-1,6.666666666667E-1,1.E0),
.UNSPECIFIED.);
#3692=B_SPLINE_CURVE_WITH_KNOTS('',3,(#3686,#3687,#3688,#3689,#3690,#3691),
.UNSPECIFIED.,.F.,.F.,(4,1,1,4),(0.E0,3.333333333333E-1,6.666666666667E-1,1.E0),
.UNSPECIFIED.);
#3715=B_SPLINE_CURVE_WITH_KNOTS('',3,(#3701,#3702,#3703,#3704,#3705,#3706,#3707,
#3708,#3709,#3710,#3711,#3712,#3713,#3714),.UNSPECIFIED.,.F.,.F.,(4,1,1,1,1,1,1,
1,1,1,1,4),(0.E0,9.090909090909E-2,1.818181818182E-1,2.727272727273E-1,
3.636363636364E-1,4.545454545455E-1,5.454545454545E-1,6.363636363636E-1,
7.272727272727E-1,8.181818181818E-1,9.090909090909E-1,1.E0),.UNSPECIFIED.);
#3726=B_SPLINE_CURVE_WITH_KNOTS('',3,(#3720,#3721,#3722,#3723,#3724,#3725),
.UNSPECIFIED.,.F.,.F.,(4,1,1,4),(0.E0,3.333333333333E-1,6.666666666667E-1,1.E0),
.UNSPECIFIED.);
#3733=B_SPLINE_CURVE_WITH_KNOTS('',3,(#3727,#3728,#3729,#3730,#3731,#3732),
.UNSPECIFIED.,.F.,.F.,(4,1,1,4),(0.E0,3.333333333333E-1,6.666666666667E-1,1.E0),
.UNSPECIFIED.);
#3744=B_SPLINE_CURVE_WITH_KNOTS('',3,(#3738,#3739,#3740,#3741,#3742,#3743),
.UNSPECIFIED.,.F.,.F.,(4,1,1,4),(0.E0,3.333333333333E-1,6.666666666667E-1,1.E0),
.UNSPECIFIED.);
#3755=B_SPLINE_CURVE_WITH_KNOTS('',3,(#3749,#3750,#3751,#3752,#3753,#3754),
.UNSPECIFIED.,.F.,.F.,(4,1,1,4),(0.E0,3.333333333333E-1,6.666666666667E-1,1.E0),
.UNSPECIFIED.);
#3762=B_SPLINE_CURVE_WITH_KNOTS('',3,(#3756,#3757,#3758,#3759,#3760,#3761),
.UNSPECIFIED.,.F.,.F.,(4,1,1,4),(0.E0,3.333333333333E-1,6.666666666667E-1,1.E0),
.UNSPECIFIED.);
#3768=B_SPLINE_CURVE_WITH_KNOTS('',3,(#3763,#3764,#3765,#3766,#3767),
.UNSPECIFIED.,.F.,.F.,(4,1,4),(0.E0,5.E-1,1.E0),.UNSPECIFIED.);
#3774=B_SPLINE_CURVE_WITH_KNOTS('',3,(#3769,#3770,#3771,#3772,#3773),
.UNSPECIFIED.,.F.,.F.,(4,1,4),(0.E0,5.E-1,1.E0),.UNSPECIFIED.);
#4386=EDGE_CURVE('',#3817,#3820,#117,.T.);
#4388=EDGE_CURVE('',#3817,#4170,#121,.T.);
#4390=EDGE_CURVE('',#4167,#4170,#125,.T.);
#4392=EDGE_CURVE('',#3820,#4167,#129,.T.);
#4396=ADVANCED_FACE('',(#4395),#4385,.F.);
#4403=EDGE_CURVE('',#3820,#3822,#137,.T.);
#4405=EDGE_CURVE('',#3818,#3822,#271,.T.);
#4407=EDGE_CURVE('',#3817,#3818,#133,.T.);
#4411=ADVANCED_FACE('',(#4410),#4401,.T.);
#4453=EDGE_CURVE('',#3820,#4181,#159,.T.);
#4455=EDGE_CURVE('',#4181,#4182,#3786,.T.);
#4457=EDGE_CURVE('',#3822,#4182,#282,.T.);
#4462=ADVANCED_FACE('',(#4461),#4452,.F.);
#4468=EDGE_CURVE('',#4164,#4167,#148,.T.);
#4470=EDGE_CURVE('',#4181,#4164,#499,.T.);
#4476=ADVANCED_FACE('',(#4475),#4467,.T.);
#4519=EDGE_CURVE('',#4167,#4168,#167,.T.);
#4521=EDGE_CURVE('',#4166,#4168,#1512,.T.);
#4523=EDGE_CURVE('',#4164,#4166,#163,.T.);
#4527=ADVANCED_FACE('',(#4526),#4517,.F.);
#4534=EDGE_CURVE('',#4170,#4172,#171,.T.);
#4536=EDGE_CURVE('',#4168,#4172,#1516,.T.);
#4541=ADVANCED_FACE('',(#4540),#4532,.T.);
#4583=EDGE_CURVE('',#4170,#4173,#193,.T.);
#4585=EDGE_CURVE('',#4173,#4174,#3089,.T.);
#4587=EDGE_CURVE('',#4172,#4174,#1527,.T.);
#4592=ADVANCED_FACE('',(#4591),#4582,.F.);
#4598=EDGE_CURVE('',#3814,#3817,#182,.T.);
#4600=EDGE_CURVE('',#3814,#4173,#3105,.T.);
#4606=ADVANCED_FACE('',(#4605),#4597,.T.);
#4650=EDGE_CURVE('',#3816,#3818,#267,.T.);
#4652=EDGE_CURVE('',#3814,#3816,#197,.T.);
#4656=ADVANCED_FACE('',(#4655),#4647,.F.);
#4662=EDGE_CURVE('',#3809,#3810,#241,.T.);
#4664=EDGE_CURVE('',#3810,#3812,#252,.T.);
#4666=EDGE_CURVE('',#3812,#3816,#256,.T.);
#4671=EDGE_CURVE('',#4182,#4186,#286,.T.);
#4673=EDGE_CURVE('',#4186,#4188,#294,.T.);
#4675=EDGE_CURVE('',#4188,#4192,#298,.T.);
#4677=EDGE_CURVE('',#4192,#4194,#306,.T.);
#4679=EDGE_CURVE('',#4194,#4198,#310,.T.);
#4681=EDGE_CURVE('',#4198,#4200,#318,.T.);
#4683=EDGE_CURVE('',#4200,#4204,#322,.T.);
#4685=EDGE_CURVE('',#4204,#4206,#330,.T.);
#4687=EDGE_CURVE('',#4206,#4210,#334,.T.);
#4689=EDGE_CURVE('',#4210,#3809,#345,.T.);
#4693=EDGE_CURVE('',#3833,#3834,#212,.T.);
#4695=EDGE_CURVE('',#3834,#3833,#217,.T.);
#4699=EDGE_CURVE('',#3796,#3798,#222,.T.);
#4701=EDGE_CURVE('',#3798,#3796,#227,.T.);
#4705=EDGE_CURVE('',#3800,#3802,#232,.T.);
#4707=EDGE_CURVE('',#3802,#3800,#237,.T.);
#4711=EDGE_CURVE('',#3837,#3838,#202,.T.);
#4713=EDGE_CURVE('',#3838,#3837,#207,.T.);
#4717=ADVANCED_FACE('',(#4692,#4698,#4704,#4710,#4716),#4661,.T.);
#4724=EDGE_CURVE('',#3837,#3829,#349,.T.);
#4726=EDGE_CURVE('',#3829,#3830,#368,.T.);
#4728=EDGE_CURVE('',#3838,#3830,#353,.T.);
#4732=ADVANCED_FACE('',(#4731),#4722,.F.);
#4740=EDGE_CURVE('',#3830,#3829,#373,.T.);
#4745=ADVANCED_FACE('',(#4744),#4737,.F.);
#4751=EDGE_CURVE('',#3825,#3826,#358,.T.);
#4753=EDGE_CURVE('',#3826,#3825,#363,.T.);
#4757=ADVANCED_FACE('',(#4756),#4750,.T.);
#4767=ADVANCED_FACE('',(#4766),#4762,.T.);
#4774=EDGE_CURVE('',#3833,#3825,#377,.T.);
#4777=EDGE_CURVE('',#3834,#3826,#381,.T.);
#4781=ADVANCED_FACE('',(#4780),#4772,.F.);
#4793=ADVANCED_FACE('',(#4792),#4786,.F.);
#4799=EDGE_CURVE('',#3796,#3789,#385,.T.);
#4801=EDGE_CURVE('',#3789,#3790,#394,.T.);
#4803=EDGE_CURVE('',#3798,#3790,#389,.T.);
#4808=ADVANCED_FACE('',(#4807),#4798,.F.);
#4817=EDGE_CURVE('',#3790,#3789,#399,.T.);
#4821=ADVANCED_FACE('',(#4820),#4813,.F.);
#4831=ADVANCED_FACE('',(#4830),#4826,.T.);
#4837=EDGE_CURVE('',#3793,#3794,#404,.T.);
#4839=EDGE_CURVE('',#3794,#3793,#409,.T.);
#4843=ADVANCED_FACE('',(#4842),#4836,.T.);
#4849=EDGE_CURVE('',#3800,#3793,#413,.T.);
#4852=EDGE_CURVE('',#3802,#3794,#417,.T.);
#4857=ADVANCED_FACE('',(#4856),#4848,.F.);
#4869=ADVANCED_FACE('',(#4868),#4862,.F.);
#4875=EDGE_CURVE('',#3805,#3806,#425,.T.);
#4877=EDGE_CURVE('',#3806,#3810,#3113,.T.);
#4880=EDGE_CURVE('',#3805,#3809,#421,.T.);
#4884=ADVANCED_FACE('',(#4883),#4874,.T.);
#4891=EDGE_CURVE('',#4135,#3805,#429,.T.);
#4893=EDGE_CURVE('',#4179,#4135,#433,.T.);
#4895=EDGE_CURVE('',#3806,#4179,#437,.T.);
#4899=ADVANCED_FACE('',(#4898),#4889,.T.);
#4905=EDGE_CURVE('',#4135,#4136,#448,.T.);
#4908=EDGE_CURVE('',#4208,#3805,#459,.T.);
#4910=EDGE_CURVE('',#4136,#4208,#475,.T.);
#4914=ADVANCED_FACE('',(#4913),#4904,.T.);
#4957=EDGE_CURVE('',#4136,#4138,#467,.T.);
#4959=EDGE_CURVE('',#4137,#4138,#1449,.T.);
#4961=EDGE_CURVE('',#4135,#4137,#463,.T.);
#4965=ADVANCED_FACE('',(#4964),#4955,.F.);
#4971=EDGE_CURVE('',#4136,#4140,#471,.T.);
#4973=EDGE_CURVE('',#4140,#4142,#531,.T.);
#4975=EDGE_CURVE('',#4138,#4142,#1453,.T.);
#4980=ADVANCED_FACE('',(#4979),#4970,.T.);
#4988=EDGE_CURVE('',#4205,#4208,#479,.T.);
#4990=EDGE_CURVE('',#4205,#4140,#483,.T.);
#4994=ADVANCED_FACE('',(#4993),#4985,.F.);
#5000=EDGE_CURVE('',#4161,#4164,#487,.T.);
#5002=EDGE_CURVE('',#4161,#4184,#491,.T.);
#5004=EDGE_CURVE('',#4181,#4184,#495,.T.);
#5009=ADVANCED_FACE('',(#5008),#4999,.F.);
#5016=EDGE_CURVE('',#4208,#4210,#507,.T.);
#5019=EDGE_CURVE('',#4205,#4206,#503,.T.);
#5023=ADVANCED_FACE('',(#5022),#5014,.T.);
#5071=ADVANCED_FACE('',(#5070),#5064,.F.);
#5101=EDGE_CURVE('',#4202,#4205,#527,.T.);
#5105=EDGE_CURVE('',#4202,#4204,#511,.T.);
#5109=ADVANCED_FACE('',(#5108),#5100,.F.);
#5115=EDGE_CURVE('',#4140,#4143,#519,.T.);
#5119=EDGE_CURVE('',#4202,#4143,#543,.T.);
#5123=ADVANCED_FACE('',(#5122),#5114,.T.);
#5154=EDGE_CURVE('',#4143,#4144,#535,.T.);
#5156=EDGE_CURVE('',#4142,#4144,#1461,.T.);
#5161=ADVANCED_FACE('',(#5160),#5152,.F.);
#5167=EDGE_CURVE('',#4143,#4146,#539,.T.);
#5169=EDGE_CURVE('',#4146,#4148,#579,.T.);
#5171=EDGE_CURVE('',#4144,#4148,#1465,.T.);
#5176=ADVANCED_FACE('',(#5175),#5166,.T.);
#5184=EDGE_CURVE('',#4199,#4202,#547,.T.);
#5186=EDGE_CURVE('',#4199,#4146,#551,.T.);
#5190=ADVANCED_FACE('',(#5189),#5181,.F.);
#5199=EDGE_CURVE('',#4199,#4200,#555,.T.);
#5203=ADVANCED_FACE('',(#5202),#5195,.T.);
#5233=EDGE_CURVE('',#4196,#4199,#575,.T.);
#5237=EDGE_CURVE('',#4196,#4198,#559,.T.);
#5241=ADVANCED_FACE('',(#5240),#5232,.F.);
#5247=EDGE_CURVE('',#4146,#4149,#567,.T.);
#5251=EDGE_CURVE('',#4196,#4149,#591,.T.);
#5255=ADVANCED_FACE('',(#5254),#5246,.F.);
#5286=EDGE_CURVE('',#4149,#4150,#583,.T.);
#5288=EDGE_CURVE('',#4148,#4150,#1473,.T.);
#5293=ADVANCED_FACE('',(#5292),#5284,.F.);
#5299=EDGE_CURVE('',#4149,#4152,#587,.T.);
#5301=EDGE_CURVE('',#4152,#4154,#627,.T.);
#5303=EDGE_CURVE('',#4150,#4154,#1477,.T.);
#5308=ADVANCED_FACE('',(#5307),#5298,.T.);
#5316=EDGE_CURVE('',#4193,#4196,#595,.T.);
#5318=EDGE_CURVE('',#4152,#4193,#599,.T.);
#5322=ADVANCED_FACE('',(#5321),#5313,.F.);
#5331=EDGE_CURVE('',#4193,#4194,#603,.T.);
#5335=ADVANCED_FACE('',(#5334),#5327,.T.);
#5365=EDGE_CURVE('',#4190,#4193,#623,.T.);
#5369=EDGE_CURVE('',#4190,#4192,#607,.T.);
#5373=ADVANCED_FACE('',(#5372),#5364,.F.);
#5379=EDGE_CURVE('',#4152,#4155,#615,.T.);
#5383=EDGE_CURVE('',#4155,#4190,#639,.T.);
#5387=ADVANCED_FACE('',(#5386),#5378,.F.);
#5418=EDGE_CURVE('',#4155,#4156,#631,.T.);
#5420=EDGE_CURVE('',#4154,#4156,#1485,.T.);
#5425=ADVANCED_FACE('',(#5424),#5416,.F.);
#5431=EDGE_CURVE('',#4155,#4158,#635,.T.);
#5433=EDGE_CURVE('',#4158,#4160,#675,.T.);
#5435=EDGE_CURVE('',#4156,#4160,#1489,.T.);
#5440=ADVANCED_FACE('',(#5439),#5430,.T.);
#5448=EDGE_CURVE('',#4187,#4190,#643,.T.);
#5450=EDGE_CURVE('',#4158,#4187,#647,.T.);
#5454=ADVANCED_FACE('',(#5453),#5445,.F.);
#5463=EDGE_CURVE('',#4187,#4188,#651,.T.);
#5467=ADVANCED_FACE('',(#5466),#5459,.T.);
#5497=EDGE_CURVE('',#4184,#4187,#671,.T.);
#5501=EDGE_CURVE('',#4184,#4186,#655,.T.);
#5505=ADVANCED_FACE('',(#5504),#5496,.F.);
#5511=EDGE_CURVE('',#4158,#4161,#663,.T.);
#5518=ADVANCED_FACE('',(#5517),#5510,.T.);
#5549=EDGE_CURVE('',#4161,#4162,#679,.T.);
#5551=EDGE_CURVE('',#4160,#4162,#1497,.T.);
#5556=ADVANCED_FACE('',(#5555),#5547,.F.);
#5564=EDGE_CURVE('',#4162,#4166,#1501,.T.);
#5569=ADVANCED_FACE('',(#5568),#5561,.T.);
#5575=EDGE_CURVE('',#3949,#3950,#1341,.T.);
#5577=EDGE_CURVE('',#3951,#3950,#1349,.T.);
#5579=EDGE_CURVE('',#3952,#3951,#1357,.T.);
#5581=EDGE_CURVE('',#3952,#3954,#1361,.T.);
#5583=EDGE_CURVE('',#3954,#3949,#1365,.T.);
#5587=ADVANCED_FACE('',(#5586),#5574,.F.);
#5593=EDGE_CURVE('',#3859,#3860,#1369,.T.);
#5595=EDGE_CURVE('',#3860,#3862,#1373,.T.);
#5597=EDGE_CURVE('',#3863,#3862,#1381,.T.);
#5599=EDGE_CURVE('',#3864,#3863,#1389,.T.);
#5601=EDGE_CURVE('',#3864,#3859,#1393,.T.);
#5605=ADVANCED_FACE('',(#5604),#5592,.F.);
#5611=EDGE_CURVE('',#3839,#3840,#1404,.T.);
#5613=EDGE_CURVE('',#3840,#3839,#1438,.T.);
#5617=ADVANCED_FACE('',(#5616),#5610,.F.);
#5636=EDGE_CURVE('',#4174,#4178,#1531,.T.);
#5638=EDGE_CURVE('',#4178,#4180,#1542,.T.);
#5640=EDGE_CURVE('',#4180,#4137,#1546,.T.);
#5644=EDGE_CURVE('',#3968,#3969,#687,.T.);
#5646=EDGE_CURVE('',#3969,#3971,#691,.T.);
#5648=EDGE_CURVE('',#3971,#3972,#701,.T.);
#5650=EDGE_CURVE('',#3972,#3974,#705,.T.);
#5652=EDGE_CURVE('',#3974,#3976,#709,.T.);
#5654=EDGE_CURVE('',#3976,#3977,#716,.T.);
#5656=EDGE_CURVE('',#3977,#3978,#724,.T.);
#5658=EDGE_CURVE('',#3978,#3980,#728,.T.);
#5660=EDGE_CURVE('',#3980,#3981,#735,.T.);
#5662=EDGE_CURVE('',#3981,#3982,#742,.T.);
#5664=EDGE_CURVE('',#3982,#3984,#746,.T.);
#5666=EDGE_CURVE('',#3984,#3986,#750,.T.);
#5668=EDGE_CURVE('',#3986,#3968,#757,.T.);
#5672=EDGE_CURVE('',#3955,#3956,#766,.T.);
#5674=EDGE_CURVE('',#3956,#3958,#770,.T.);
#5676=EDGE_CURVE('',#3958,#3959,#780,.T.);
#5678=EDGE_CURVE('',#3959,#3961,#784,.T.);
#5680=EDGE_CURVE('',#3961,#3962,#795,.T.);
#5682=EDGE_CURVE('',#3962,#3964,#799,.T.);
#5684=EDGE_CURVE('',#3964,#3965,#809,.T.);
#5686=EDGE_CURVE('',#3965,#3967,#813,.T.);
#5688=EDGE_CURVE('',#3967,#3955,#821,.T.);
#5692=EDGE_CURVE('',#3936,#3937,#830,.T.);
#5694=EDGE_CURVE('',#3937,#3938,#838,.T.);
#5696=EDGE_CURVE('',#3938,#3939,#845,.T.);
#5698=EDGE_CURVE('',#3939,#3940,#853,.T.);
#5700=EDGE_CURVE('',#3940,#3942,#857,.T.);
#5702=EDGE_CURVE('',#3942,#3943,#865,.T.);
#5704=EDGE_CURVE('',#3943,#3944,#873,.T.);
#5706=EDGE_CURVE('',#3944,#3946,#877,.T.);
#5708=EDGE_CURVE('',#3946,#3936,#881,.T.);
#5712=EDGE_CURVE('',#3915,#3916,#889,.T.);
#5714=EDGE_CURVE('',#3916,#3918,#893,.T.);
#5716=EDGE_CURVE('',#3918,#3919,#903,.T.);
#5718=EDGE_CURVE('',#3919,#3921,#907,.T.);
#5720=EDGE_CURVE('',#3921,#3923,#911,.T.);
#5722=EDGE_CURVE('',#3923,#3925,#915,.T.);
#5724=EDGE_CURVE('',#3925,#3926,#925,.T.);
#5726=EDGE_CURVE('',#3926,#3928,#929,.T.);
#5728=EDGE_CURVE('',#3928,#3929,#939,.T.);
#5730=EDGE_CURVE('',#3929,#3931,#943,.T.);
#5732=EDGE_CURVE('',#3931,#3933,#947,.T.);
#5734=EDGE_CURVE('',#3933,#3935,#951,.T.);
#5736=EDGE_CURVE('',#3935,#3915,#959,.T.);
#5740=EDGE_CURVE('',#3900,#3901,#967,.T.);
#5742=EDGE_CURVE('',#3901,#3902,#975,.T.);
#5744=EDGE_CURVE('',#3902,#3904,#979,.T.);
#5746=EDGE_CURVE('',#3904,#3906,#983,.T.);
#5748=EDGE_CURVE('',#3906,#3907,#993,.T.);
#5750=EDGE_CURVE('',#3907,#3909,#997,.T.);
#5752=EDGE_CURVE('',#3909,#3911,#1001,.T.);
#5754=EDGE_CURVE('',#3911,#3912,#1011,.T.);
#5756=EDGE_CURVE('',#3912,#3914,#1015,.T.);
#5758=EDGE_CURVE('',#3914,#3900,#1019,.T.);
#5762=EDGE_CURVE('',#3892,#3893,#1028,.T.);
#5764=EDGE_CURVE('',#3893,#3894,#1036,.T.);
#5766=EDGE_CURVE('',#3894,#3895,#1045,.T.);
#5768=EDGE_CURVE('',#3895,#3896,#1071,.T.);
#5770=EDGE_CURVE('',#3896,#3897,#1079,.T.);
#5772=EDGE_CURVE('',#3897,#3898,#1088,.T.);
#5774=EDGE_CURVE('',#3898,#3899,#1106,.T.);
#5776=EDGE_CURVE('',#3899,#3892,#1113,.T.);
#5780=EDGE_CURVE('',#3878,#3879,#1121,.T.);
#5782=EDGE_CURVE('',#3879,#3881,#1125,.T.);
#5784=EDGE_CURVE('',#3881,#3883,#1129,.T.);
#5786=EDGE_CURVE('',#3883,#3884,#1138,.T.);
#5788=EDGE_CURVE('',#3884,#3886,#1142,.T.);
#5790=EDGE_CURVE('',#3886,#3887,#1151,.T.);
#5792=EDGE_CURVE('',#3887,#3889,#1155,.T.);
#5794=EDGE_CURVE('',#3889,#3891,#1159,.T.);
#5796=EDGE_CURVE('',#3891,#3878,#1167,.T.);
#5800=EDGE_CURVE('',#3865,#3866,#1176,.T.);
#5802=EDGE_CURVE('',#3866,#3868,#1180,.T.);
#5804=EDGE_CURVE('',#3868,#3869,#1190,.T.);
#5806=EDGE_CURVE('',#3869,#3871,#1194,.T.);
#5808=EDGE_CURVE('',#3871,#3872,#1205,.T.);
#5810=EDGE_CURVE('',#3872,#3874,#1209,.T.);
#5812=EDGE_CURVE('',#3874,#3875,#1219,.T.);
#5814=EDGE_CURVE('',#3875,#3877,#1223,.T.);
#5816=EDGE_CURVE('',#3877,#3865,#1231,.T.);
#5820=EDGE_CURVE('',#3849,#3850,#1240,.T.);
#5822=EDGE_CURVE('',#3850,#3851,#1249,.T.);
#5824=EDGE_CURVE('',#3851,#3852,#1256,.T.);
#5826=EDGE_CURVE('',#3852,#3853,#1264,.T.);
#5828=EDGE_CURVE('',#3853,#3855,#1268,.T.);
#5830=EDGE_CURVE('',#3855,#3856,#1276,.T.);
#5832=EDGE_CURVE('',#3856,#3849,#1283,.T.);
#5836=EDGE_CURVE('',#3843,#3844,#1291,.T.);
#5838=EDGE_CURVE('',#3844,#3845,#1299,.T.);
#5840=EDGE_CURVE('',#3845,#3847,#1303,.T.);
#5842=EDGE_CURVE('',#3847,#3848,#1313,.T.);
#5844=EDGE_CURVE('',#3848,#3843,#1317,.T.);
#5848=EDGE_CURVE('',#3841,#3842,#1325,.T.);
#5850=EDGE_CURVE('',#3842,#3841,#1337,.T.);
#5854=EDGE_CURVE('',#4298,#4299,#1550,.T.);
#5856=EDGE_CURVE('',#4311,#4299,#1566,.T.);
#5858=EDGE_CURVE('',#4311,#4309,#1570,.T.);
#5860=EDGE_CURVE('',#4308,#4309,#1576,.T.);
#5862=EDGE_CURVE('',#4308,#4306,#1580,.T.);
#5864=EDGE_CURVE('',#4306,#4305,#1587,.T.);
#5866=EDGE_CURVE('',#4305,#4303,#1591,.T.);
#5868=EDGE_CURVE('',#4302,#4303,#1599,.T.);
#5870=EDGE_CURVE('',#4302,#4300,#1603,.T.);
#5872=EDGE_CURVE('',#4298,#4300,#1609,.T.);
#5876=EDGE_CURVE('',#4316,#4317,#1655,.T.);
#5878=EDGE_CURVE('',#4316,#4359,#1659,.T.);
#5880=EDGE_CURVE('',#4358,#4359,#1666,.T.);
#5882=EDGE_CURVE('',#4358,#4356,#1670,.T.);
#5884=EDGE_CURVE('',#4355,#4356,#1676,.T.);
#5886=EDGE_CURVE('',#4355,#4353,#1680,.T.);
#5888=EDGE_CURVE('',#4352,#4353,#1686,.T.);
#5890=EDGE_CURVE('',#4352,#4350,#1690,.T.);
#5892=EDGE_CURVE('',#4349,#4350,#1697,.T.);
#5894=EDGE_CURVE('',#4349,#4347,#1701,.T.);
#5896=EDGE_CURVE('',#4346,#4347,#1707,.T.);
#5898=EDGE_CURVE('',#4346,#4344,#1711,.T.);
#5900=EDGE_CURVE('',#4343,#4344,#1717,.T.);
#5902=EDGE_CURVE('',#4343,#4341,#1721,.T.);
#5904=EDGE_CURVE('',#4340,#4341,#1729,.T.);
#5906=EDGE_CURVE('',#4340,#4338,#1733,.T.);
#5908=EDGE_CURVE('',#4337,#4338,#1739,.T.);
#5910=EDGE_CURVE('',#4337,#4335,#1743,.T.);
#5912=EDGE_CURVE('',#4334,#4335,#1750,.T.);
#5914=EDGE_CURVE('',#4334,#4332,#1754,.T.);
#5916=EDGE_CURVE('',#4331,#4332,#1760,.T.);
#5918=EDGE_CURVE('',#4331,#4329,#1764,.T.);
#5920=EDGE_CURVE('',#4328,#4329,#1770,.T.);
#5922=EDGE_CURVE('',#4328,#4326,#1774,.T.);
#5924=EDGE_CURVE('',#4325,#4326,#1781,.T.);
#5926=EDGE_CURVE('',#4325,#4323,#1785,.T.);
#5928=EDGE_CURVE('',#4322,#4323,#1791,.T.);
#5930=EDGE_CURVE('',#4322,#4320,#1795,.T.);
#5932=EDGE_CURVE('',#4319,#4320,#1811,.T.);
#5934=EDGE_CURVE('',#4319,#4317,#1815,.T.);
#5938=EDGE_CURVE('',#4362,#4363,#1819,.T.);
#5940=EDGE_CURVE('',#4378,#4363,#1825,.T.);
#5942=EDGE_CURVE('',#4378,#4376,#1829,.T.);
#5944=EDGE_CURVE('',#4375,#4376,#1835,.T.);
#5946=EDGE_CURVE('',#4375,#4373,#1839,.T.);
#5948=EDGE_CURVE('',#4373,#4372,#1846,.T.);
#5950=EDGE_CURVE('',#4372,#4370,#1850,.T.);
#5952=EDGE_CURVE('',#4369,#4370,#1856,.T.);
#5954=EDGE_CURVE('',#4369,#4367,#1860,.T.);
#5956=EDGE_CURVE('',#4366,#4367,#1866,.T.);
#5958=EDGE_CURVE('',#4366,#4364,#1870,.T.);
#5960=EDGE_CURVE('',#4362,#4364,#1886,.T.);
#5964=ADVANCED_FACE('',(#5643,#5671,#5691,#5711,#5739,#5761,#5779,#5799,#5819,
#5835,#5847,#5853,#5875,#5937,#5963),#5622,.F.);
#5970=EDGE_CURVE('',#4312,#4313,#1619,.T.);
#5972=EDGE_CURVE('',#4313,#4312,#1629,.T.);
#5976=ADVANCED_FACE('',(#5975),#5969,.F.);
#5982=EDGE_CURVE('',#4314,#4315,#1639,.T.);
#5984=EDGE_CURVE('',#4315,#4314,#1649,.T.);
#5988=ADVANCED_FACE('',(#5987),#5981,.F.);
#5994=EDGE_CURVE('',#4379,#4380,#1896,.T.);
#5996=EDGE_CURVE('',#4380,#4379,#1906,.T.);
#6000=ADVANCED_FACE('',(#5999),#5993,.F.);
#6009=B_SPLINE_CURVE_WITH_KNOTS('',3,(#6001,#6002,#6003,#6004,#6005,#6006,#6007,
#6008),.UNSPECIFIED.,.F.,.F.,(4,1,1,1,1,4),(0.E0,1.923076923077E-2,
3.406627636747E-1,6.754389811726E-1,9.807692306819E-1,1.E0),.UNSPECIFIED.);
#6014=EDGE_CURVE('',#3968,#4116,#1910,.T.);
#6016=EDGE_CURVE('',#4116,#4117,#2640,.T.);
#6018=EDGE_CURVE('',#3969,#4117,#1958,.T.);
#6022=ADVANCED_FACE('',(#6021),#6012,.F.);
#6031=B_SPLINE_CURVE_WITH_KNOTS('',3,(#6023,#6024,#6025,#6026,#6027,#6028,#6029,
#6030),.UNSPECIFIED.,.F.,.F.,(4,1,1,1,1,4),(0.E0,1.923076923075E-2,
3.537852926318E-1,6.830558950372E-1,9.807692307692E-1,1.E0),.UNSPECIFIED.);
#6036=EDGE_CURVE('',#3986,#4134,#1914,.T.);
#6038=EDGE_CURVE('',#4134,#4116,#2647,.T.);
#6043=ADVANCED_FACE('',(#6042),#6034,.F.);
#6050=EDGE_CURVE('',#3984,#4132,#1918,.T.);
#6052=EDGE_CURVE('',#4132,#4134,#2651,.T.);
#6057=ADVANCED_FACE('',(#6056),#6048,.F.);
#6064=EDGE_CURVE('',#3982,#4130,#1922,.T.);
#6066=EDGE_CURVE('',#4130,#4132,#2655,.T.);
#6071=ADVANCED_FACE('',(#6070),#6062,.F.);
#6080=B_SPLINE_CURVE_WITH_KNOTS('',3,(#6072,#6073,#6074,#6075,#6076,#6077,#6078,
#6079),.UNSPECIFIED.,.F.,.F.,(4,1,1,1,1,4),(0.E0,1.923087254066E-2,
3.338182579545E-1,6.683003882318E-1,9.807692306571E-1,1.E0),.UNSPECIFIED.);
#6085=EDGE_CURVE('',#3981,#4129,#1926,.T.);
#6087=EDGE_CURVE('',#4129,#4130,#2662,.T.);
#6092=ADVANCED_FACE('',(#6091),#6083,.F.);
#6101=B_SPLINE_CURVE_WITH_KNOTS('',3,(#6093,#6094,#6095,#6096,#6097,#6098,#6099,
#6100),.UNSPECIFIED.,.F.,.F.,(4,1,1,1,1,4),(0.E0,1.923076915086E-2,
3.320541336940E-1,6.665699023295E-1,9.807693340571E-1,1.E0),.UNSPECIFIED.);
#6106=EDGE_CURVE('',#3980,#4128,#1930,.T.);
#6108=EDGE_CURVE('',#4128,#4129,#2669,.T.);
#6113=ADVANCED_FACE('',(#6112),#6104,.F.);
#6120=EDGE_CURVE('',#3978,#4126,#1934,.T.);
#6122=EDGE_CURVE('',#4126,#4128,#2673,.T.);
#6127=ADVANCED_FACE('',(#6126),#6118,.F.);
#6136=B_SPLINE_CURVE_WITH_KNOTS('',3,(#6128,#6129,#6130,#6131,#6132,#6133,#6134,
#6135),.UNSPECIFIED.,.F.,.F.,(4,1,1,1,1,4),(0.E0,7.667955660612E-2,
3.723626402735E-1,6.869010919811E-1,9.807692308283E-1,1.E0),.UNSPECIFIED.);
#6141=EDGE_CURVE('',#3977,#4125,#1938,.T.);
#6143=EDGE_CURVE('',#4125,#4126,#2681,.T.);
#6148=ADVANCED_FACE('',(#6147),#6139,.F.);
#6157=B_SPLINE_CURVE_WITH_KNOTS('',3,(#6149,#6150,#6151,#6152,#6153,#6154,#6155,
#6156),.UNSPECIFIED.,.F.,.F.,(4,1,1,1,1,4),(0.E0,1.923076923077E-2,
3.316165955476E-1,6.302137190402E-1,9.004077313021E-1,1.E0),.UNSPECIFIED.);
#6162=EDGE_CURVE('',#3976,#4124,#1942,.T.);
#6164=EDGE_CURVE('',#4124,#4125,#2688,.T.);
#6169=ADVANCED_FACE('',(#6168),#6160,.F.);
#6176=EDGE_CURVE('',#3974,#4122,#1946,.T.);
#6178=EDGE_CURVE('',#4122,#4124,#2692,.T.);
#6183=ADVANCED_FACE('',(#6182),#6174,.F.);
#6190=EDGE_CURVE('',#3972,#4120,#1950,.T.);
#6192=EDGE_CURVE('',#4120,#4122,#2696,.T.);
#6197=ADVANCED_FACE('',(#6196),#6188,.F.);
#6209=B_SPLINE_CURVE_WITH_KNOTS('',3,(#6198,#6199,#6200,#6201,#6202,#6203,#6204,
#6205,#6206,#6207,#6208),.UNSPECIFIED.,.F.,.F.,(4,1,1,1,1,1,1,1,4),(0.E0,
1.923076917929E-2,1.778889595662E-1,3.490869824742E-1,5.033282115692E-1,
6.543514635506E-1,8.225390218026E-1,9.807692307840E-1,1.E0),.UNSPECIFIED.);
#6214=EDGE_CURVE('',#3971,#4119,#1954,.T.);
#6216=EDGE_CURVE('',#4119,#4120,#2706,.T.);
#6221=ADVANCED_FACE('',(#6220),#6212,.F.);
#6229=EDGE_CURVE('',#4117,#4119,#2710,.T.);
#6234=ADVANCED_FACE('',(#6233),#6226,.F.);
#6240=EDGE_CURVE('',#3989,#3990,#2011,.T.);
#6242=EDGE_CURVE('',#3990,#3989,#2022,.T.);
#6246=EDGE_CURVE('',#3987,#3988,#1969,.T.);
#6248=EDGE_CURVE('',#3988,#3987,#2003,.T.);
#6252=ADVANCED_FACE('',(#6245,#6251),#6239,.F.);
#6258=EDGE_CURVE('',#3991,#3992,#2030,.T.);
#6260=EDGE_CURVE('',#3996,#3991,#2034,.T.);
#6262=EDGE_CURVE('',#3995,#3996,#2044,.T.);
#6264=EDGE_CURVE('',#3993,#3995,#2048,.T.);
#6266=EDGE_CURVE('',#3992,#3993,#2056,.T.);
#6270=ADVANCED_FACE('',(#6269),#6257,.F.);
#6276=EDGE_CURVE('',#3997,#3998,#2065,.T.);
#6278=EDGE_CURVE('',#4004,#3997,#2072,.T.);
#6280=EDGE_CURVE('',#4003,#4004,#2079,.T.);
#6282=EDGE_CURVE('',#4001,#4003,#2083,.T.);
#6284=EDGE_CURVE('',#4000,#4001,#2091,.T.);
#6286=EDGE_CURVE('',#3999,#4000,#2098,.T.);
#6288=EDGE_CURVE('',#3998,#3999,#2107,.T.);
#6292=EDGE_CURVE('',#4007,#4008,#2111,.T.);
#6294=EDGE_CURVE('',#4012,#4007,#2115,.T.);
#6296=EDGE_CURVE('',#4011,#4012,#2123,.T.);
#6298=EDGE_CURVE('',#4010,#4011,#2131,.T.);
#6300=EDGE_CURVE('',#4008,#4010,#2135,.T.);
#6304=ADVANCED_FACE('',(#6291,#6303),#6275,.F.);
#6310=EDGE_CURVE('',#4013,#4014,#2144,.T.);
#6312=EDGE_CURVE('',#4025,#4013,#2152,.T.);
#6314=EDGE_CURVE('',#4023,#4025,#2156,.T.);
#6316=EDGE_CURVE('',#4022,#4023,#2166,.T.);
#6318=EDGE_CURVE('',#4020,#4022,#2170,.T.);
#6320=EDGE_CURVE('',#4019,#4020,#2181,.T.);
#6322=EDGE_CURVE('',#4017,#4019,#2185,.T.);
#6324=EDGE_CURVE('',#4016,#4017,#2195,.T.);
#6326=EDGE_CURVE('',#4014,#4016,#2199,.T.);
#6330=ADVANCED_FACE('',(#6329),#6309,.F.);
#6336=EDGE_CURVE('',#4026,#4027,#2206,.T.);
#6338=EDGE_CURVE('',#4039,#4026,#2213,.T.);
#6340=EDGE_CURVE('',#4037,#4039,#2217,.T.);
#6342=EDGE_CURVE('',#4035,#4037,#2221,.T.);
#6344=EDGE_CURVE('',#4034,#4035,#2230,.T.);
#6346=EDGE_CURVE('',#4032,#4034,#2234,.T.);
#6348=EDGE_CURVE('',#4031,#4032,#2243,.T.);
#6350=EDGE_CURVE('',#4029,#4031,#2247,.T.);
#6352=EDGE_CURVE('',#4027,#4029,#2251,.T.);
#6356=ADVANCED_FACE('',(#6355),#6335,.F.);
#6362=EDGE_CURVE('',#4040,#4041,#2260,.T.);
#6364=EDGE_CURVE('',#4047,#4040,#2267,.T.);
#6366=EDGE_CURVE('',#4046,#4047,#2285,.T.);
#6368=EDGE_CURVE('',#4045,#4046,#2294,.T.);
#6370=EDGE_CURVE('',#4044,#4045,#2302,.T.);
#6372=EDGE_CURVE('',#4043,#4044,#2326,.T.);
#6374=EDGE_CURVE('',#4042,#4043,#2335,.T.);
#6376=EDGE_CURVE('',#4041,#4042,#2343,.T.);
#6380=ADVANCED_FACE('',(#6379),#6361,.F.);
#6386=EDGE_CURVE('',#4048,#4049,#2351,.T.);
#6388=EDGE_CURVE('',#4062,#4048,#2355,.T.);
#6390=EDGE_CURVE('',#4060,#4062,#2359,.T.);
#6392=EDGE_CURVE('',#4059,#4060,#2369,.T.);
#6394=EDGE_CURVE('',#4057,#4059,#2373,.T.);
#6396=EDGE_CURVE('',#4055,#4057,#2377,.T.);
#6398=EDGE_CURVE('',#4054,#4055,#2386,.T.);
#6400=EDGE_CURVE('',#4052,#4054,#2390,.T.);
#6402=EDGE_CURVE('',#4050,#4052,#2394,.T.);
#6404=EDGE_CURVE('',#4049,#4050,#2402,.T.);
#6408=ADVANCED_FACE('',(#6407),#6385,.F.);
#6414=EDGE_CURVE('',#4063,#4064,#2410,.T.);
#6416=EDGE_CURVE('',#4083,#4063,#2418,.T.);
#6418=EDGE_CURVE('',#4081,#4083,#2422,.T.);
#6420=EDGE_CURVE('',#4079,#4081,#2426,.T.);
#6422=EDGE_CURVE('',#4077,#4079,#2430,.T.);
#6424=EDGE_CURVE('',#4076,#4077,#2440,.T.);
#6426=EDGE_CURVE('',#4074,#4076,#2444,.T.);
#6428=EDGE_CURVE('',#4073,#4074,#2454,.T.);
#6430=EDGE_CURVE('',#4071,#4073,#2458,.T.);
#6432=EDGE_CURVE('',#4069,#4071,#2462,.T.);
#6434=EDGE_CURVE('',#4067,#4069,#2466,.T.);
#6436=EDGE_CURVE('',#4066,#4067,#2476,.T.);
#6438=EDGE_CURVE('',#4064,#4066,#2480,.T.);
#6442=ADVANCED_FACE('',(#6441),#6413,.F.);
#6448=EDGE_CURVE('',#4084,#4085,#2489,.T.);
#6450=EDGE_CURVE('',#4094,#4084,#2493,.T.);
#6452=EDGE_CURVE('',#4092,#4094,#2497,.T.);
#6454=EDGE_CURVE('',#4091,#4092,#2505,.T.);
#6456=EDGE_CURVE('',#4090,#4091,#2513,.T.);
#6458=EDGE_CURVE('',#4088,#4090,#2517,.T.);
#6460=EDGE_CURVE('',#4087,#4088,#2525,.T.);
#6462=EDGE_CURVE('',#4086,#4087,#2532,.T.);
#6464=EDGE_CURVE('',#4085,#4086,#2540,.T.);
#6468=EDGE_CURVE('',#4097,#4098,#2544,.T.);
#6470=EDGE_CURVE('',#4102,#4097,#2548,.T.);
#6472=EDGE_CURVE('',#4100,#4102,#2552,.T.);
#6474=EDGE_CURVE('',#4099,#4100,#2560,.T.);
#6476=EDGE_CURVE('',#4098,#4099,#2568,.T.);
#6480=ADVANCED_FACE('',(#6467,#6479),#6447,.F.);
#6486=EDGE_CURVE('',#4103,#4104,#2577,.T.);
#6488=EDGE_CURVE('',#4115,#4103,#2585,.T.);
#6490=EDGE_CURVE('',#4113,#4115,#2589,.T.);
#6492=EDGE_CURVE('',#4112,#4113,#2599,.T.);
#6494=EDGE_CURVE('',#4110,#4112,#2603,.T.);
#6496=EDGE_CURVE('',#4109,#4110,#2614,.T.);
#6498=EDGE_CURVE('',#4107,#4109,#2618,.T.);
#6500=EDGE_CURVE('',#4106,#4107,#2628,.T.);
#6502=EDGE_CURVE('',#4104,#4106,#2632,.T.);
#6506=ADVANCED_FACE('',(#6505),#6485,.F.);
#6527=ADVANCED_FACE('',(#6526),#6511,.F.);
#6540=B_SPLINE_CURVE_WITH_KNOTS('',3,(#6528,#6529,#6530,#6531,#6532,#6533,#6534,
#6535,#6536,#6537,#6538,#6539),.UNSPECIFIED.,.F.,.F.,(4,1,1,1,1,1,1,1,1,4),
(0.E0,1.129043558640E-1,2.264720010324E-1,3.362883466913E-1,4.463730495754E-1,
5.562440548181E-1,6.602197935092E-1,7.652030405250E-1,8.795843982654E-1,1.E0),
.UNSPECIFIED.);
#6545=EDGE_CURVE('',#3840,#3987,#2714,.T.);
#6548=EDGE_CURVE('',#3839,#3988,#2718,.T.);
#6552=ADVANCED_FACE('',(#6551),#6543,.T.);
#6564=ADVANCED_FACE('',(#6563),#6557,.T.);
#6571=EDGE_CURVE('',#3841,#3989,#2722,.T.);
#6574=EDGE_CURVE('',#3842,#3990,#2726,.T.);
#6578=ADVANCED_FACE('',(#6577),#6569,.F.);
#6592=B_SPLINE_CURVE_WITH_KNOTS('',3,(#6579,#6580,#6581,#6582,#6583,#6584,#6585,
#6586,#6587,#6588,#6589,#6590,#6591),.UNSPECIFIED.,.F.,.F.,(4,1,1,1,1,1,1,1,1,1,
4),(0.E0,6.933341252968E-2,1.758030983979E-1,2.800490235026E-1,
3.838301375576E-1,4.962051451838E-1,6.092533081471E-1,7.136091351808E-1,
8.187461426091E-1,9.256483129770E-1,1.E0),.UNSPECIFIED.);
#6602=ADVANCED_FACE('',(#6601),#6595,.F.);
#6611=B_SPLINE_CURVE_WITH_KNOTS('',3,(#6603,#6604,#6605,#6606,#6607,#6608,#6609,
#6610),.UNSPECIFIED.,.F.,.F.,(4,1,1,1,1,4),(0.E0,1.923076925977E-2,
3.294240146371E-1,6.641072365231E-1,9.807693491898E-1,1.E0),.UNSPECIFIED.);
#6616=EDGE_CURVE('',#3843,#3991,#2730,.T.);
#6619=EDGE_CURVE('',#3844,#3992,#2746,.T.);
#6623=ADVANCED_FACE('',(#6622),#6614,.F.);
#6630=EDGE_CURVE('',#3848,#3996,#2734,.T.);
#6636=ADVANCED_FACE('',(#6635),#6628,.F.);
#6648=B_SPLINE_CURVE_WITH_KNOTS('',3,(#6637,#6638,#6639,#6640,#6641,#6642,#6643,
#6644,#6645,#6646,#6647),.UNSPECIFIED.,.F.,.F.,(4,1,1,1,1,1,1,1,4),(0.E0,
1.923076921702E-2,1.762343292690E-1,3.470271299751E-1,5.025183280227E-1,
6.547435420295E-1,8.238392504586E-1,9.807692307922E-1,1.E0),.UNSPECIFIED.);
#6653=EDGE_CURVE('',#3847,#3995,#2738,.T.);
#6659=ADVANCED_FACE('',(#6658),#6651,.F.);
#6666=EDGE_CURVE('',#3845,#3993,#2742,.T.);
#6672=ADVANCED_FACE('',(#6671),#6664,.F.);
#6681=B_SPLINE_CURVE_WITH_KNOTS('',3,(#6673,#6674,#6675,#6676,#6677,#6678,#6679,
#6680),.UNSPECIFIED.,.F.,.F.,(4,1,1,1,1,4),(0.E0,1.923088769936E-2,
3.361503790441E-1,6.707212621137E-1,9.807692306884E-1,1.E0),.UNSPECIFIED.);
#6691=ADVANCED_FACE('',(#6690),#6684,.F.);
#6706=B_SPLINE_CURVE_WITH_KNOTS('',3,(#6692,#6693,#6694,#6695,#6696,#6697,#6698,
#6699,#6700,#6701,#6702,#6703,#6704,#6705),.UNSPECIFIED.,.F.,.F.,(4,1,1,1,1,1,1,
1,1,1,1,4),(0.E0,1.295143406679E-1,1.987092005928E-1,2.798359386787E-1,
3.702162642269E-1,4.672111691293E-1,5.656716760578E-1,6.563026036225E-1,
7.364776986423E-1,8.076936242362E-1,8.714355521206E-1,1.E0),.UNSPECIFIED.);
#6711=EDGE_CURVE('',#3849,#3997,#2750,.T.);
#6714=EDGE_CURVE('',#3850,#3998,#2774,.T.);
#6718=ADVANCED_FACE('',(#6717),#6709,.F.);
#6727=B_SPLINE_CURVE_WITH_KNOTS('',3,(#6719,#6720,#6721,#6722,#6723,#6724,#6725,
#6726),.UNSPECIFIED.,.F.,.F.,(4,1,1,1,1,4),(0.E0,1.923076929133E-2,
3.404291117364E-1,6.615254556660E-1,9.807692306020E-1,1.E0),.UNSPECIFIED.);
#6732=EDGE_CURVE('',#3856,#4004,#2754,.T.);
#6738=ADVANCED_FACE('',(#6737),#6730,.F.);
#6747=B_SPLINE_CURVE_WITH_KNOTS('',3,(#6739,#6740,#6741,#6742,#6743,#6744,#6745,
#6746),.UNSPECIFIED.,.F.,.F.,(4,1,1,1,1,4),(0.E0,1.923076930005E-2,
3.286357996635E-1,6.630830229128E-1,9.807692308712E-1,1.E0),.UNSPECIFIED.);
#6752=EDGE_CURVE('',#3855,#4003,#2758,.T.);
#6758=ADVANCED_FACE('',(#6757),#6750,.F.);
#6765=EDGE_CURVE('',#3853,#4001,#2762,.T.);
#6771=ADVANCED_FACE('',(#6770),#6763,.F.);
#6780=B_SPLINE_CURVE_WITH_KNOTS('',3,(#6772,#6773,#6774,#6775,#6776,#6777,#6778,
#6779),.UNSPECIFIED.,.F.,.F.,(4,1,1,1,1,4),(0.E0,1.923076912689E-2,
3.372653090974E-1,6.715799675128E-1,9.807692306720E-1,1.E0),.UNSPECIFIED.);
#6785=EDGE_CURVE('',#3852,#4000,#2766,.T.);
#6791=ADVANCED_FACE('',(#6790),#6783,.F.);
#6800=B_SPLINE_CURVE_WITH_KNOTS('',3,(#6792,#6793,#6794,#6795,#6796,#6797,#6798,
#6799),.UNSPECIFIED.,.F.,.F.,(4,1,1,1,1,4),(0.E0,1.923076936546E-2,
3.384012873897E-1,6.594928787434E-1,9.807692307075E-1,1.E0),.UNSPECIFIED.);
#6805=EDGE_CURVE('',#3851,#3999,#2770,.T.);
#6811=ADVANCED_FACE('',(#6810),#6803,.F.);
#6826=B_SPLINE_CURVE_WITH_KNOTS('',3,(#6812,#6813,#6814,#6815,#6816,#6817,#6818,
#6819,#6820,#6821,#6822,#6823,#6824,#6825),.UNSPECIFIED.,.F.,.F.,(4,1,1,1,1,1,1,
1,1,1,1,4),(0.E0,1.299485456618E-1,1.934180841917E-1,2.642077081334E-1,
3.439317206135E-1,4.341940701140E-1,5.324809351633E-1,6.295811799628E-1,
7.202571064138E-1,8.016841706451E-1,8.710150640936E-1,1.E0),.UNSPECIFIED.);
#6836=ADVANCED_FACE('',(#6835),#6829,.F.);
#6843=EDGE_CURVE('',#3859,#4007,#2778,.T.);
#6846=EDGE_CURVE('',#3860,#4008,#2794,.T.);
#6850=ADVANCED_FACE('',(#6849),#6841,.F.);
#6857=EDGE_CURVE('',#3864,#4012,#2782,.T.);
#6863=ADVANCED_FACE('',(#6862),#6855,.F.);
#6873=B_SPLINE_CURVE_WITH_KNOTS('',3,(#6864,#6865,#6866,#6867,#6868,#6869,#6870,
#6871,#6872),.UNSPECIFIED.,.F.,.F.,(4,1,1,1,1,1,4),(0.E0,1.590565597168E-1,
2.834710726736E-1,4.232266836310E-1,5.619862130548E-1,6.836672601236E-1,1.E0),
.UNSPECIFIED.);
#6878=EDGE_CURVE('',#3863,#4011,#2786,.T.);
#6884=ADVANCED_FACE('',(#6883),#6876,.T.);
#6894=B_SPLINE_CURVE_WITH_KNOTS('',3,(#6885,#6886,#6887,#6888,#6889,#6890,#6891,
#6892,#6893),.UNSPECIFIED.,.F.,.F.,(4,1,1,1,1,1,4),(0.E0,1.881583726580E-1,
3.340223951553E-1,4.993700271619E-1,6.649787651764E-1,8.115847777524E-1,1.E0),
.UNSPECIFIED.);
#6899=EDGE_CURVE('',#3862,#4010,#2790,.T.);
#6905=ADVANCED_FACE('',(#6904),#6897,.T.);
#6917=ADVANCED_FACE('',(#6916),#6910,.F.);
#6927=B_SPLINE_CURVE_WITH_KNOTS('',3,(#6918,#6919,#6920,#6921,#6922,#6923,#6924,
#6925,#6926),.UNSPECIFIED.,.F.,.F.,(4,1,1,1,1,1,4),(0.E0,1.410998183494E-1,
3.289781795409E-1,5.009962900629E-1,6.732732910873E-1,8.600419936074E-1,1.E0),
.UNSPECIFIED.);
#6932=EDGE_CURVE('',#3865,#4013,#2798,.T.);
#6935=EDGE_CURVE('',#3866,#4014,#2830,.T.);
#6939=ADVANCED_FACE('',(#6938),#6930,.F.);
#6950=B_SPLINE_CURVE_WITH_KNOTS('',3,(#6940,#6941,#6942,#6943,#6944,#6945,#6946,
#6947,#6948,#6949),.UNSPECIFIED.,.F.,.F.,(4,1,1,1,1,1,1,4),(0.E0,
1.418270431864E-1,3.078801938582E-1,4.544443559106E-1,5.884317483950E-1,
7.206120153579E-1,8.589516490586E-1,1.E0),.UNSPECIFIED.);
#6955=EDGE_CURVE('',#3877,#4025,#2802,.T.);
#6961=ADVANCED_FACE('',(#6960),#6953,.F.);
#6968=EDGE_CURVE('',#3875,#4023,#2806,.T.);
#6974=ADVANCED_FACE('',(#6973),#6966,.F.);
#6986=B_SPLINE_CURVE_WITH_KNOTS('',3,(#6975,#6976,#6977,#6978,#6979,#6980,#6981,
#6982,#6983,#6984,#6985),.UNSPECIFIED.,.F.,.F.,(4,1,1,1,1,1,1,1,4),(0.E0,
1.923076926837E-2,1.758292595789E-1,3.465561482008E-1,5.024915556100E-1,
6.551859615313E-1,8.242358114371E-1,9.807692308326E-1,1.E0),.UNSPECIFIED.);
#6991=EDGE_CURVE('',#3874,#4022,#2810,.T.);
#6997=ADVANCED_FACE('',(#6996),#6989,.F.);
#7004=EDGE_CURVE('',#3872,#4020,#2814,.T.);
#7010=ADVANCED_FACE('',(#7009),#7002,.F.);
#7024=B_SPLINE_CURVE_WITH_KNOTS('',3,(#7011,#7012,#7013,#7014,#7015,#7016,#7017,
#7018,#7019,#7020,#7021,#7022,#7023),.UNSPECIFIED.,.F.,.F.,(4,1,1,1,1,1,1,1,1,1,
4),(0.E0,1.378294352009E-1,2.324033165171E-1,3.159848255031E-1,
4.030977274430E-1,5.016609511750E-1,5.999132819492E-1,6.864653114926E-1,
7.694886049444E-1,8.631876981177E-1,1.E0),.UNSPECIFIED.);
#7029=EDGE_CURVE('',#3871,#4019,#2818,.T.);
#7035=ADVANCED_FACE('',(#7034),#7027,.F.);
#7042=EDGE_CURVE('',#3869,#4017,#2822,.T.);
#7048=ADVANCED_FACE('',(#7047),#7040,.F.);
#7060=B_SPLINE_CURVE_WITH_KNOTS('',3,(#7049,#7050,#7051,#7052,#7053,#7054,#7055,
#7056,#7057,#7058,#7059),.UNSPECIFIED.,.F.,.F.,(4,1,1,1,1,1,1,1,4),(0.E0,
1.923076914479E-2,1.758209076573E-1,3.465472387268E-1,5.024919416666E-1,
6.551903064469E-1,8.242394529795E-1,9.807692308170E-1,1.E0),.UNSPECIFIED.);
#7065=EDGE_CURVE('',#3868,#4016,#2826,.T.);
#7071=ADVANCED_FACE('',(#7070),#7063,.F.);
#7083=ADVANCED_FACE('',(#7082),#7076,.F.);
#7092=B_SPLINE_CURVE_WITH_KNOTS('',3,(#7084,#7085,#7086,#7087,#7088,#7089,#7090,
#7091),.UNSPECIFIED.,.F.,.F.,(4,1,1,1,1,4),(0.E0,1.923124144712E-2,
3.326945565836E-1,6.672237761608E-1,9.807692306385E-1,1.E0),.UNSPECIFIED.);
#7097=EDGE_CURVE('',#3878,#4026,#2834,.T.);
#7100=EDGE_CURVE('',#3879,#4027,#2866,.T.);
#7104=ADVANCED_FACE('',(#7103),#7095,.F.);
#7113=B_SPLINE_CURVE_WITH_KNOTS('',3,(#7105,#7106,#7107,#7108,#7109,#7110,#7111,
#7112),.UNSPECIFIED.,.F.,.F.,(4,1,1,1,1,4),(0.E0,1.923076935192E-2,
3.330516212663E-1,6.675743748290E-1,9.807697021426E-1,1.E0),.UNSPECIFIED.);
#7118=EDGE_CURVE('',#3891,#4039,#2838,.T.);
#7124=ADVANCED_FACE('',(#7123),#7116,.F.);
#7131=EDGE_CURVE('',#3889,#4037,#2842,.T.);
#7137=ADVANCED_FACE('',(#7136),#7129,.F.);
#7144=EDGE_CURVE('',#3887,#4035,#2846,.T.);
#7150=ADVANCED_FACE('',(#7149),#7142,.F.);
#7162=B_SPLINE_CURVE_WITH_KNOTS('',3,(#7151,#7152,#7153,#7154,#7155,#7156,#7157,
#7158,#7159,#7160,#7161),.UNSPECIFIED.,.F.,.F.,(4,1,1,1,1,1,1,1,4),(0.E0,
1.923076935599E-2,1.807977321279E-1,3.392109868628E-1,4.988591548406E-1,
6.584599604090E-1,8.182979739554E-1,9.807692307483E-1,1.E0),.UNSPECIFIED.);
#7167=EDGE_CURVE('',#3886,#4034,#2850,.T.);
#7173=ADVANCED_FACE('',(#7172),#7165,.F.);
#7180=EDGE_CURVE('',#3884,#4032,#2854,.T.);
#7186=ADVANCED_FACE('',(#7185),#7178,.F.);
#7198=B_SPLINE_CURVE_WITH_KNOTS('',3,(#7187,#7188,#7189,#7190,#7191,#7192,#7193,
#7194,#7195,#7196,#7197),.UNSPECIFIED.,.F.,.F.,(4,1,1,1,1,1,1,1,4),(0.E0,
1.923076917087E-2,1.807977319597E-1,3.392109867107E-1,4.988591547044E-1,
6.584599602887E-1,8.182979738512E-1,9.807692306613E-1,1.E0),.UNSPECIFIED.);
#7203=EDGE_CURVE('',#3883,#4031,#2858,.T.);
#7209=ADVANCED_FACE('',(#7208),#7201,.F.);
#7216=EDGE_CURVE('',#3881,#4029,#2862,.T.);
#7222=ADVANCED_FACE('',(#7221),#7214,.F.);
#7234=ADVANCED_FACE('',(#7233),#7227,.F.);
#7248=B_SPLINE_CURVE_WITH_KNOTS('',3,(#7235,#7236,#7237,#7238,#7239,#7240,#7241,
#7242,#7243,#7244,#7245,#7246,#7247),.UNSPECIFIED.,.F.,.F.,(4,1,1,1,1,1,1,1,1,1,
4),(0.E0,1.728465621903E-1,2.505767362162E-1,3.412097113825E-1,
4.370141399872E-1,5.315101961767E-1,6.191002556458E-1,6.978737044157E-1,
7.683028891087E-1,8.289567208316E-1,1.E0),.UNSPECIFIED.);
#7253=EDGE_CURVE('',#3892,#4040,#2870,.T.);
#7256=EDGE_CURVE('',#3893,#4041,#2898,.T.);
#7260=ADVANCED_FACE('',(#7259),#7251,.F.);
#7269=B_SPLINE_CURVE_WITH_KNOTS('',3,(#7261,#7262,#7263,#7264,#7265,#7266,#7267,
#7268),.UNSPECIFIED.,.F.,.F.,(4,1,1,1,1,4),(0.E0,1.923076923077E-2,
3.356379574033E-1,6.585124359124E-1,9.807692308172E-1,1.E0),.UNSPECIFIED.);
#7274=EDGE_CURVE('',#3899,#4047,#2874,.T.);
#7280=ADVANCED_FACE('',(#7279),#7272,.F.);
#7299=B_SPLINE_CURVE_WITH_KNOTS('',3,(#7281,#7282,#7283,#7284,#7285,#7286,#7287,
#7288,#7289,#7290,#7291,#7292,#7293,#7294,#7295,#7296,#7297,#7298),
.UNSPECIFIED.,.F.,.F.,(4,1,1,1,1,1,1,1,1,1,1,1,1,1,1,4),(0.E0,6.900981853557E-2,
1.167423245539E-1,1.711718332438E-1,2.334526390457E-1,3.003803050577E-1,
3.737019617400E-1,4.459610556437E-1,5.137611625594E-1,5.738964268358E-1,
6.273482573295E-1,6.854322524711E-1,7.489822613019E-1,8.081765780601E-1,
8.664572774813E-1,1.E0),.UNSPECIFIED.);
#7304=EDGE_CURVE('',#3898,#4046,#2878,.T.);
#7310=ADVANCED_FACE('',(#7309),#7302,.F.);
#7324=B_SPLINE_CURVE_WITH_KNOTS('',3,(#7311,#7312,#7313,#7314,#7315,#7316,#7317,
#7318,#7319,#7320,#7321,#7322,#7323),.UNSPECIFIED.,.F.,.F.,(4,1,1,1,1,1,1,1,1,1,
4),(0.E0,1.923076647877E-2,1.822632986566E-1,3.318675610060E-1,
4.685583488189E-1,5.930018582998E-1,7.060514525361E-1,8.081702513264E-1,
9.000666594017E-1,9.807692307692E-1,1.E0),.UNSPECIFIED.);
#7329=EDGE_CURVE('',#3897,#4045,#2882,.T.);
#7335=ADVANCED_FACE('',(#7334),#7327,.F.);
#7345=B_SPLINE_CURVE_WITH_KNOTS('',3,(#7336,#7337,#7338,#7339,#7340,#7341,#7342,
#7343,#7344),.UNSPECIFIED.,.F.,.F.,(4,1,1,1,1,1,4),(0.E0,1.834113061713E-1,
3.152118660880E-1,4.659871432380E-1,6.374748170089E-1,8.178459428113E-1,1.E0),
.UNSPECIFIED.);
#7350=EDGE_CURVE('',#3896,#4044,#2886,.T.);
#7356=ADVANCED_FACE('',(#7355),#7348,.F.);
#7397=B_SPLINE_CURVE_WITH_KNOTS('',3,(#7357,#7358,#7359,#7360,#7361,#7362,#7363,
#7364,#7365,#7366,#7367,#7368,#7369,#7370,#7371,#7372,#7373,#7374,#7375,#7376,
#7377,#7378,#7379,#7380,#7381,#7382,#7383,#7384,#7385,#7386,#7387,#7388,#7389,
#7390,#7391,#7392,#7393,#7394,#7395,#7396),.UNSPECIFIED.,.F.,.F.,(4,1,1,1,1,1,1,
1,1,1,1,1,1,1,1,1,1,1,1,1,1,1,1,1,1,1,1,1,1,1,1,1,1,1,1,1,1,4),(0.E0,
2.108153310499E-2,3.363993251434E-2,4.789405074376E-2,6.372864473215E-2,
8.142168201090E-2,1.011830031394E-1,1.233677302964E-1,1.483749995474E-1,
1.755775539657E-1,2.018937363630E-1,2.255176517666E-1,2.461762698006E-1,
2.647191261776E-1,2.819358961987E-1,2.995946837268E-1,3.187255729614E-1,
3.381492605278E-1,3.565334532540E-1,3.733720623553E-1,3.895459826867E-1,
4.066783156906E-1,4.257247934567E-1,4.472064222706E-1,4.711991917699E-1,
4.979010296194E-1,5.273714126904E-1,5.598869963506E-1,5.960090576909E-1,
6.365612043155E-1,6.813988457933E-1,7.252351084980E-1,7.658693851065E-1,
8.054598030074E-1,8.448252736908E-1,8.834841067136E-1,9.212632937889E-1,1.E0),
.UNSPECIFIED.);
#7402=EDGE_CURVE('',#3895,#4043,#2890,.T.);
#7408=ADVANCED_FACE('',(#7407),#7400,.F.);
#7422=B_SPLINE_CURVE_WITH_KNOTS('',3,(#7409,#7410,#7411,#7412,#7413,#7414,#7415,
#7416,#7417,#7418,#7419,#7420,#7421),.UNSPECIFIED.,.F.,.F.,(4,1,1,1,1,1,1,1,1,1,
4),(0.E0,1.923076923077E-2,1.830901445275E-1,3.330075796141E-1,
4.698334516625E-1,5.943425718279E-1,7.073236559715E-1,8.091548447481E-1,
9.006456555266E-1,9.807692307692E-1,1.E0),.UNSPECIFIED.);
#7427=EDGE_CURVE('',#3894,#4042,#2894,.T.);
#7433=ADVANCED_FACE('',(#7432),#7425,.F.);
#7443=B_SPLINE_CURVE_WITH_KNOTS('',3,(#7434,#7435,#7436,#7437,#7438,#7439,#7440,
#7441,#7442),.UNSPECIFIED.,.F.,.F.,(4,1,1,1,1,1,4),(0.E0,1.872209640231E-1,
3.176519477299E-1,4.668773331529E-1,6.361739508120E-1,8.140447088255E-1,1.E0),
.UNSPECIFIED.);
#7453=ADVANCED_FACE('',(#7452),#7446,.F.);
#7462=B_SPLINE_CURVE_WITH_KNOTS('',3,(#7454,#7455,#7456,#7457,#7458,#7459,#7460,
#7461),.UNSPECIFIED.,.F.,.F.,(4,1,1,1,1,4),(0.E0,1.923076919052E-2,
3.304741906041E-1,6.650856265647E-1,9.807696095763E-1,1.E0),.UNSPECIFIED.);
#7467=EDGE_CURVE('',#3900,#4048,#2902,.T.);
#7470=EDGE_CURVE('',#3901,#4049,#2941,.T.);
#7474=ADVANCED_FACE('',(#7473),#7465,.F.);
#7481=EDGE_CURVE('',#3914,#4062,#2906,.T.);
#7487=ADVANCED_FACE('',(#7486),#7479,.F.);
#7494=EDGE_CURVE('',#3912,#4060,#2913,.T.);
#7500=ADVANCED_FACE('',(#7499),#7492,.F.);
#7513=B_SPLINE_CURVE_WITH_KNOTS('',3,(#7501,#7502,#7503,#7504,#7505,#7506,#7507,
#7508,#7509,#7510,#7511,#7512),.UNSPECIFIED.,.F.,.F.,(4,1,1,1,1,1,1,1,1,4),
(0.E0,2.154010891317E-1,3.051969074553E-1,3.844375085854E-1,4.591984528661E-1,
5.430329207570E-1,6.300238952178E-1,7.107499144796E-1,7.992119805166E-1,1.E0),
.UNSPECIFIED.);
#7518=EDGE_CURVE('',#3911,#4059,#2917,.T.);
#7524=ADVANCED_FACE('',(#7523),#7516,.F.);
#7531=EDGE_CURVE('',#3909,#4057,#2921,.T.);
#7537=ADVANCED_FACE('',(#7536),#7529,.F.);
#7544=EDGE_CURVE('',#3907,#4055,#2925,.T.);
#7550=ADVANCED_FACE('',(#7549),#7542,.F.);
#7563=B_SPLINE_CURVE_WITH_KNOTS('',3,(#7551,#7552,#7553,#7554,#7555,#7556,#7557,
#7558,#7559,#7560,#7561,#7562),.UNSPECIFIED.,.F.,.F.,(4,1,1,1,1,1,1,1,1,4),
(0.E0,1.304490496555E-1,2.284535203705E-1,3.185781600172E-1,4.146521901399E-1,
5.039971843225E-1,5.835161907925E-1,6.684980740586E-1,7.653067071224E-1,1.E0),
.UNSPECIFIED.);
#7568=EDGE_CURVE('',#3906,#4054,#2929,.T.);
#7574=ADVANCED_FACE('',(#7573),#7566,.F.);
#7581=EDGE_CURVE('',#3904,#4052,#2933,.T.);
#7587=ADVANCED_FACE('',(#7586),#7579,.F.);
#7594=EDGE_CURVE('',#3902,#4050,#2937,.T.);
#7600=ADVANCED_FACE('',(#7599),#7592,.F.);
#7609=B_SPLINE_CURVE_WITH_KNOTS('',3,(#7601,#7602,#7603,#7604,#7605,#7606,#7607,
#7608),.UNSPECIFIED.,.F.,.F.,(4,1,1,1,1,4),(0.E0,1.923114830960E-2,
3.352551042823E-1,6.697958331281E-1,9.807692307973E-1,1.E0),.UNSPECIFIED.);
#7619=ADVANCED_FACE('',(#7618),#7612,.F.);
#7628=B_SPLINE_CURVE_WITH_KNOTS('',3,(#7620,#7621,#7622,#7623,#7624,#7625,#7626,
#7627),.UNSPECIFIED.,.F.,.F.,(4,1,1,1,1,4),(0.E0,1.923003261210E-2,
3.317686044374E-1,6.663168388756E-1,9.807692305999E-1,1.E0),.UNSPECIFIED.);
#7633=EDGE_CURVE('',#3915,#4063,#2945,.T.);
#7636=EDGE_CURVE('',#3916,#4064,#2993,.T.);
#7640=ADVANCED_FACE('',(#7639),#7631,.F.);
#7649=B_SPLINE_CURVE_WITH_KNOTS('',3,(#7641,#7642,#7643,#7644,#7645,#7646,#7647,
#7648),.UNSPECIFIED.,.F.,.F.,(4,1,1,1,1,4),(0.E0,1.923076934021E-2,
3.339761486582E-1,6.684818660991E-1,9.807684940782E-1,1.E0),.UNSPECIFIED.);
#7654=EDGE_CURVE('',#3935,#4083,#2949,.T.);
#7660=ADVANCED_FACE('',(#7659),#7652,.F.);
#7667=EDGE_CURVE('',#3933,#4081,#2953,.T.);
#7673=ADVANCED_FACE('',(#7672),#7665,.F.);
#7680=EDGE_CURVE('',#3931,#4079,#2957,.T.);
#7686=ADVANCED_FACE('',(#7685),#7678,.F.);
#7693=EDGE_CURVE('',#3929,#4077,#2961,.T.);
#7699=ADVANCED_FACE('',(#7698),#7691,.F.);
#7711=B_SPLINE_CURVE_WITH_KNOTS('',3,(#7700,#7701,#7702,#7703,#7704,#7705,#7706,
#7707,#7708,#7709,#7710),.UNSPECIFIED.,.F.,.F.,(4,1,1,1,1,1,1,1,4),(0.E0,
1.923076922464E-2,1.792071185348E-1,3.507530859268E-1,5.039873520023E-1,
6.541001064074E-1,8.215661842235E-1,9.807692307311E-1,1.E0),.UNSPECIFIED.);
#7716=EDGE_CURVE('',#3928,#4076,#2965,.T.);
#7722=ADVANCED_FACE('',(#7721),#7714,.F.);
#7729=EDGE_CURVE('',#3926,#4074,#2969,.T.);
#7735=ADVANCED_FACE('',(#7734),#7727,.F.);
#7747=B_SPLINE_CURVE_WITH_KNOTS('',3,(#7736,#7737,#7738,#7739,#7740,#7741,#7742,
#7743,#7744,#7745,#7746),.UNSPECIFIED.,.F.,.F.,(4,1,1,1,1,1,1,1,4),(0.E0,
1.923076924573E-2,1.791881283206E-1,3.507414702932E-1,5.040048297703E-1,
6.541009356116E-1,8.215497536950E-1,9.807692307919E-1,1.E0),.UNSPECIFIED.);
#7752=EDGE_CURVE('',#3925,#4073,#2973,.T.);
#7758=ADVANCED_FACE('',(#7757),#7750,.F.);
#7765=EDGE_CURVE('',#3923,#4071,#2977,.T.);
#7771=ADVANCED_FACE('',(#7770),#7763,.F.);
#7778=EDGE_CURVE('',#3921,#4069,#2981,.T.);
#7784=ADVANCED_FACE('',(#7783),#7776,.F.);
#7791=EDGE_CURVE('',#3919,#4067,#2985,.T.);
#7797=ADVANCED_FACE('',(#7796),#7789,.F.);
#7809=B_SPLINE_CURVE_WITH_KNOTS('',3,(#7798,#7799,#7800,#7801,#7802,#7803,#7804,
#7805,#7806,#7807,#7808),.UNSPECIFIED.,.F.,.F.,(4,1,1,1,1,1,1,1,4),(0.E0,
1.923076920497E-2,1.792265043376E-1,3.507830368606E-1,5.040106644379E-1,
6.540956253897E-1,8.215365107022E-1,9.807692307727E-1,1.E0),.UNSPECIFIED.);
#7814=EDGE_CURVE('',#3918,#4066,#2989,.T.);
#7820=ADVANCED_FACE('',(#7819),#7812,.F.);
#7832=ADVANCED_FACE('',(#7831),#7825,.F.);
#7846=B_SPLINE_CURVE_WITH_KNOTS('',3,(#7833,#7834,#7835,#7836,#7837,#7838,#7839,
#7840,#7841,#7842,#7843,#7844,#7845),.UNSPECIFIED.,.F.,.F.,(4,1,1,1,1,1,1,1,1,1,
4),(0.E0,1.616644164842E-1,2.386310448072E-1,3.301426373813E-1,
4.282281827849E-1,5.263817560997E-1,6.185394309444E-1,7.021311726752E-1,
7.766664634416E-1,8.400293518665E-1,1.E0),.UNSPECIFIED.);
#7851=EDGE_CURVE('',#3936,#4084,#2997,.T.);
#7854=EDGE_CURVE('',#3937,#4085,#3029,.T.);
#7858=ADVANCED_FACE('',(#7857),#7849,.F.);
#7865=EDGE_CURVE('',#3946,#4094,#3001,.T.);
#7871=ADVANCED_FACE('',(#7870),#7863,.F.);
#7878=EDGE_CURVE('',#3944,#4092,#3005,.T.);
#7884=ADVANCED_FACE('',(#7883),#7876,.F.);
#7893=B_SPLINE_CURVE_WITH_KNOTS('',3,(#7885,#7886,#7887,#7888,#7889,#7890,#7891,
#7892),.UNSPECIFIED.,.F.,.F.,(4,1,1,1,1,4),(0.E0,1.923029619231E-2,
3.341185555838E-1,6.686237279774E-1,9.807692306750E-1,1.E0),.UNSPECIFIED.);
#7898=EDGE_CURVE('',#3943,#4091,#3009,.T.);
#7904=ADVANCED_FACE('',(#7903),#7896,.F.);
#7913=B_SPLINE_CURVE_WITH_KNOTS('',3,(#7905,#7906,#7907,#7908,#7909,#7910,#7911,
#7912),.UNSPECIFIED.,.F.,.F.,(4,1,1,1,1,4),(0.E0,1.923076927505E-2,
3.316045942122E-1,6.661572163039E-1,9.807687573029E-1,1.E0),.UNSPECIFIED.);
#7918=EDGE_CURVE('',#3942,#4090,#3013,.T.);
#7924=ADVANCED_FACE('',(#7923),#7916,.F.);
#7931=EDGE_CURVE('',#3940,#4088,#3017,.T.);
#7937=ADVANCED_FACE('',(#7936),#7929,.F.);
#7946=B_SPLINE_CURVE_WITH_KNOTS('',3,(#7938,#7939,#7940,#7941,#7942,#7943,#7944,
#7945),.UNSPECIFIED.,.F.,.F.,(4,1,1,1,1,4),(0.E0,1.923076921729E-2,
3.348603184967E-1,6.689919816327E-1,9.807692306817E-1,1.E0),.UNSPECIFIED.);
#7951=EDGE_CURVE('',#3939,#4087,#3021,.T.);
#7957=ADVANCED_FACE('',(#7956),#7949,.F.);
#7966=B_SPLINE_CURVE_WITH_KNOTS('',3,(#7958,#7959,#7960,#7961,#7962,#7963,#7964,
#7965),.UNSPECIFIED.,.F.,.F.,(4,1,1,1,1,4),(0.E0,1.923076911045E-2,
3.380466345241E-1,6.593158863665E-1,9.807692307617E-1,1.E0),.UNSPECIFIED.);
#7971=EDGE_CURVE('',#3938,#4086,#3025,.T.);
#7977=ADVANCED_FACE('',(#7976),#7969,.F.);
#7991=B_SPLINE_CURVE_WITH_KNOTS('',3,(#7978,#7979,#7980,#7981,#7982,#7983,#7984,
#7985,#7986,#7987,#7988,#7989,#7990),.UNSPECIFIED.,.F.,.F.,(4,1,1,1,1,1,1,1,1,1,
4),(0.E0,1.662277325408E-1,2.297746981114E-1,3.052989291309E-1,
3.899080454659E-1,4.821155837320E-1,5.787836340734E-1,6.740195626889E-1,
7.618957515295E-1,8.355495104858E-1,1.E0),.UNSPECIFIED.);
#8001=ADVANCED_FACE('',(#8000),#7994,.F.);
#8008=EDGE_CURVE('',#3949,#4097,#3033,.T.);
#8011=EDGE_CURVE('',#3950,#4098,#3049,.T.);
#8015=ADVANCED_FACE('',(#8014),#8006,.F.);
#8022=EDGE_CURVE('',#3954,#4102,#3037,.T.);
#8028=ADVANCED_FACE('',(#8027),#8020,.F.);
#8035=EDGE_CURVE('',#3952,#4100,#3041,.T.);
#8041=ADVANCED_FACE('',(#8040),#8033,.F.);
#8051=B_SPLINE_CURVE_WITH_KNOTS('',3,(#8042,#8043,#8044,#8045,#8046,#8047,#8048,
#8049,#8050),.UNSPECIFIED.,.F.,.F.,(4,1,1,1,1,1,4),(0.E0,1.923076922515E-2,
2.876123856402E-1,5.450544844037E-1,7.776875191360E-1,9.807692307692E-1,1.E0),
.UNSPECIFIED.);
#8056=EDGE_CURVE('',#3951,#4099,#3045,.T.);
#8062=ADVANCED_FACE('',(#8061),#8054,.T.);
#8072=B_SPLINE_CURVE_WITH_KNOTS('',3,(#8063,#8064,#8065,#8066,#8067,#8068,#8069,
#8070,#8071),.UNSPECIFIED.,.F.,.F.,(4,1,1,1,1,1,4),(0.E0,1.923076923077E-2,
2.211168983986E-1,4.507715666467E-1,7.075347947467E-1,9.807692307692E-1,1.E0),
.UNSPECIFIED.);
#8082=ADVANCED_FACE('',(#8081),#8075,.T.);
#8092=B_SPLINE_CURVE_WITH_KNOTS('',3,(#8083,#8084,#8085,#8086,#8087,#8088,#8089,
#8090,#8091),.UNSPECIFIED.,.F.,.F.,(4,1,1,1,1,1,4),(0.E0,1.410992117920E-1,
3.289814950477E-1,5.010011525127E-1,6.732765915092E-1,8.600419201277E-1,1.E0),
.UNSPECIFIED.);
#8097=EDGE_CURVE('',#3955,#4103,#3053,.T.);
#8100=EDGE_CURVE('',#3956,#4104,#3085,.T.);
#8104=ADVANCED_FACE('',(#8103),#8095,.F.);
#8115=B_SPLINE_CURVE_WITH_KNOTS('',3,(#8105,#8106,#8107,#8108,#8109,#8110,#8111,
#8112,#8113,#8114),.UNSPECIFIED.,.F.,.F.,(4,1,1,1,1,1,1,4),(0.E0,
1.418298822671E-1,3.078810398686E-1,4.544431400001E-1,5.884294532140E-1,
7.206092026429E-1,8.589484580907E-1,1.E0),.UNSPECIFIED.);
#8120=EDGE_CURVE('',#3967,#4115,#3057,.T.);
#8126=ADVANCED_FACE('',(#8125),#8118,.F.);
#8133=EDGE_CURVE('',#3965,#4113,#3061,.T.);
#8139=ADVANCED_FACE('',(#8138),#8131,.F.);
#8151=B_SPLINE_CURVE_WITH_KNOTS('',3,(#8140,#8141,#8142,#8143,#8144,#8145,#8146,
#8147,#8148,#8149,#8150),.UNSPECIFIED.,.F.,.F.,(4,1,1,1,1,1,1,1,4),(0.E0,
1.923076924682E-2,1.758572948201E-1,3.465868246188E-1,5.024916313579E-1,
6.551648458230E-1,8.242170197645E-1,9.807692307681E-1,1.E0),.UNSPECIFIED.);
#8156=EDGE_CURVE('',#3964,#4112,#3065,.T.);
#8162=ADVANCED_FACE('',(#8161),#8154,.F.);
#8169=EDGE_CURVE('',#3962,#4110,#3069,.T.);
#8175=ADVANCED_FACE('',(#8174),#8167,.F.);
#8189=B_SPLINE_CURVE_WITH_KNOTS('',3,(#8176,#8177,#8178,#8179,#8180,#8181,#8182,
#8183,#8184,#8185,#8186,#8187,#8188),.UNSPECIFIED.,.F.,.F.,(4,1,1,1,1,1,1,1,1,1,
4),(0.E0,1.378271722253E-1,2.323951508829E-1,3.159699392852E-1,
4.030786870279E-1,5.016425891841E-1,5.999006469372E-1,6.864579210421E-1,
7.694846511633E-1,8.631886104125E-1,1.E0),.UNSPECIFIED.);
#8194=EDGE_CURVE('',#3961,#4109,#3073,.T.);
#8200=ADVANCED_FACE('',(#8199),#8192,.F.);
#8207=EDGE_CURVE('',#3959,#4107,#3077,.T.);
#8213=ADVANCED_FACE('',(#8212),#8205,.F.);
#8225=B_SPLINE_CURVE_WITH_KNOTS('',3,(#8214,#8215,#8216,#8217,#8218,#8219,#8220,
#8221,#8222,#8223,#8224),.UNSPECIFIED.,.F.,.F.,(4,1,1,1,1,1,1,1,4),(0.E0,
1.923076920651E-2,1.758292595146E-1,3.465561481446E-1,5.024915555754E-1,
6.551859615432E-1,8.242358114525E-1,9.807692308137E-1,1.E0),.UNSPECIFIED.);
#8230=EDGE_CURVE('',#3958,#4106,#3081,.T.);
#8236=ADVANCED_FACE('',(#8235),#8228,.F.);
#8248=ADVANCED_FACE('',(#8247),#8241,.F.);
#8254=EDGE_CURVE('',#4173,#4176,#3101,.T.);
#8256=EDGE_CURVE('',#4176,#4178,#3139,.T.);
#8262=ADVANCED_FACE('',(#8261),#8253,.T.);
#8268=EDGE_CURVE('',#3811,#3814,#3093,.T.);
#8270=EDGE_CURVE('',#3811,#4176,#3097,.T.);
#8276=ADVANCED_FACE('',(#8275),#8267,.F.);
#8285=EDGE_CURVE('',#3811,#3812,#3109,.T.);
#8289=ADVANCED_FACE('',(#8288),#8281,.T.);
#8331=EDGE_CURVE('',#3806,#3811,#3124,.T.);
#8338=ADVANCED_FACE('',(#8337),#8330,.F.);
#8346=EDGE_CURVE('',#4176,#4179,#3135,.T.);
#8351=ADVANCED_FACE('',(#8350),#8343,.T.);
#8394=EDGE_CURVE('',#4179,#4180,#3143,.T.);
#8400=ADVANCED_FACE('',(#8399),#8392,.F.);
#8412=ADVANCED_FACE('',(#8411),#8405,.T.);
#8419=EDGE_CURVE('',#4259,#4298,#3158,.T.);
#8421=EDGE_CURVE('',#4259,#4260,#3147,.T.);
#8423=EDGE_CURVE('',#4299,#4260,#3199,.T.);
#8427=ADVANCED_FACE('',(#8426),#8417,.F.);
#8435=B_SPLINE_CURVE_WITH_KNOTS('',3,(#8428,#8429,#8430,#8431,#8432,#8433,
#8434),.UNSPECIFIED.,.F.,.F.,(4,1,1,1,4),(0.E0,3.628928715768E-2,
4.434944826397E-2,9.807692303878E-1,1.E0),.UNSPECIFIED.);
#8440=EDGE_CURVE('',#4300,#4261,#3154,.T.);
#8442=EDGE_CURVE('',#4259,#4261,#3210,.T.);
#8447=ADVANCED_FACE('',(#8446),#8438,.F.);
#8454=EDGE_CURVE('',#4263,#4302,#3169,.T.);
#8456=EDGE_CURVE('',#4261,#4263,#3214,.T.);
#8461=ADVANCED_FACE('',(#8460),#8452,.F.);
#8469=B_SPLINE_CURVE_WITH_KNOTS('',3,(#8462,#8463,#8464,#8465,#8466,#8467,
#8468),.UNSPECIFIED.,.F.,.F.,(4,1,1,1,4),(0.E0,2.224815252123E-2,
3.295565373246E-2,9.807581439099E-1,1.E0),.UNSPECIFIED.);
#8474=EDGE_CURVE('',#4303,#4264,#3165,.T.);
#8476=EDGE_CURVE('',#4263,#4264,#3221,.T.);
#8481=ADVANCED_FACE('',(#8480),#8472,.F.);
#8488=EDGE_CURVE('',#4266,#4305,#3180,.T.);
#8490=EDGE_CURVE('',#4264,#4266,#3225,.T.);
#8495=ADVANCED_FACE('',(#8494),#8486,.F.);
#8502=EDGE_CURVE('',#4306,#4267,#3176,.T.);
#8504=EDGE_CURVE('',#4266,#4267,#3232,.T.);
#8509=ADVANCED_FACE('',(#8508),#8500,.F.);
#8516=EDGE_CURVE('',#4269,#4308,#3191,.T.);
#8518=EDGE_CURVE('',#4267,#4269,#3236,.T.);
#8523=ADVANCED_FACE('',(#8522),#8514,.F.);
#8531=B_SPLINE_CURVE_WITH_KNOTS('',3,(#8524,#8525,#8526,#8527,#8528,#8529,
#8530),.UNSPECIFIED.,.F.,.F.,(4,1,1,1,4),(0.E0,2.657272041645E-2,
5.225997194442E-2,9.807692307678E-1,1.E0),.UNSPECIFIED.);
#8536=EDGE_CURVE('',#4309,#4270,#3187,.T.);
#8538=EDGE_CURVE('',#4269,#4270,#3243,.T.);
#8543=ADVANCED_FACE('',(#8542),#8534,.F.);
#8550=EDGE_CURVE('',#4272,#4311,#3203,.T.);
#8552=EDGE_CURVE('',#4272,#4270,#3195,.T.);
#8557=ADVANCED_FACE('',(#8556),#8548,.F.);
#8570=B_SPLINE_CURVE_WITH_KNOTS('',3,(#8558,#8559,#8560,#8561,#8562,#8563,#8564,
#8565,#8566,#8567,#8568,#8569),.UNSPECIFIED.,.F.,.F.,(4,1,1,1,1,1,1,1,1,4),
(0.E0,5.251947517101E-2,5.424569269998E-2,2.251596419587E-1,3.625563700454E-1,
4.999530981321E-1,6.373333399896E-1,7.747135818472E-1,9.475820923876E-1,1.E0),
.UNSPECIFIED.);
#8576=EDGE_CURVE('',#4272,#4260,#3259,.T.);
#8581=ADVANCED_FACE('',(#8580),#8573,.F.);
#8599=EDGE_CURVE('',#4274,#4273,#3265,.T.);
#8601=EDGE_CURVE('',#4273,#4274,#3271,.T.);
#8605=ADVANCED_FACE('',(#8598,#8604),#8586,.F.);
#8612=EDGE_CURVE('',#4313,#4273,#3275,.T.);
#8615=EDGE_CURVE('',#4312,#4274,#3279,.T.);
#8619=ADVANCED_FACE('',(#8618),#8610,.T.);
#8631=ADVANCED_FACE('',(#8630),#8624,.T.);
#8638=EDGE_CURVE('',#4314,#4212,#3283,.T.);
#8640=EDGE_CURVE('',#4211,#4212,#3448,.T.);
#8642=EDGE_CURVE('',#4315,#4211,#3287,.T.);
#8646=ADVANCED_FACE('',(#8645),#8636,.T.);
#8654=EDGE_CURVE('',#4212,#4211,#3442,.T.);
#8659=ADVANCED_FACE('',(#8658),#8651,.T.);
#8665=EDGE_CURVE('',#4213,#4214,#3294,.T.);
#8667=EDGE_CURVE('',#4216,#4214,#3463,.T.);
#8669=EDGE_CURVE('',#4216,#4217,#3309,.T.);
#8671=EDGE_CURVE('',#4219,#4217,#3475,.T.);
#8673=EDGE_CURVE('',#4219,#4220,#3316,.T.);
#8675=EDGE_CURVE('',#4220,#4222,#3320,.T.);
#8677=EDGE_CURVE('',#4222,#4223,#3327,.T.);
#8679=EDGE_CURVE('',#4223,#4225,#3331,.T.);
#8681=EDGE_CURVE('',#4225,#4226,#3338,.T.);
#8683=EDGE_CURVE('',#4228,#4226,#3509,.T.);
#8685=EDGE_CURVE('',#4228,#4229,#3345,.T.);
#8687=EDGE_CURVE('',#4229,#4231,#3349,.T.);
#8689=EDGE_CURVE('',#4231,#4232,#3356,.T.);
#8691=EDGE_CURVE('',#4232,#4234,#3360,.T.);
#8693=EDGE_CURVE('',#4234,#4235,#3367,.T.);
#8695=EDGE_CURVE('',#4237,#4235,#3546,.T.);
#8697=EDGE_CURVE('',#4237,#4238,#3374,.T.);
#8699=EDGE_CURVE('',#4238,#4240,#3378,.T.);
#8701=EDGE_CURVE('',#4240,#4241,#3385,.T.);
#8703=EDGE_CURVE('',#4243,#4241,#3572,.T.);
#8705=EDGE_CURVE('',#4243,#4244,#3392,.T.);
#8707=EDGE_CURVE('',#4244,#4246,#3396,.T.);
#8709=EDGE_CURVE('',#4246,#4247,#3403,.T.);
#8711=EDGE_CURVE('',#4247,#4249,#3407,.T.);
#8713=EDGE_CURVE('',#4249,#4250,#3414,.T.);
#8715=EDGE_CURVE('',#4252,#4250,#3606,.T.);
#8717=EDGE_CURVE('',#4252,#4253,#3421,.T.);
#8719=EDGE_CURVE('',#4253,#4255,#3425,.T.);
#8721=EDGE_CURVE('',#4255,#4256,#3432,.T.);
#8723=EDGE_CURVE('',#4256,#4213,#3436,.T.);
#8731=ADVANCED_FACE('',(#8726,#8730),#8664,.F.);
#8739=B_SPLINE_CURVE_WITH_KNOTS('',3,(#8732,#8733,#8734,#8735,#8736,#8737,
#8738),.UNSPECIFIED.,.F.,.F.,(4,1,1,1,4),(0.E0,9.533942401626E-3,
9.487462616005E-1,9.731713571517E-1,1.E0),.UNSPECIFIED.);
#8744=EDGE_CURVE('',#4317,#4214,#3455,.T.);
#8747=EDGE_CURVE('',#4213,#4316,#3459,.T.);
#8751=ADVANCED_FACE('',(#8750),#8742,.T.);
#8758=EDGE_CURVE('',#4216,#4319,#3471,.T.);
#8764=ADVANCED_FACE('',(#8763),#8756,.F.);
#8777=B_SPLINE_CURVE_WITH_KNOTS('',3,(#8765,#8766,#8767,#8768,#8769,#8770,#8771,
#8772,#8773,#8774,#8775,#8776),.UNSPECIFIED.,.F.,.F.,(4,1,1,1,1,1,1,1,1,4),
(0.E0,5.443026670069E-2,2.230673197724E-1,3.609564932449E-1,4.988456667174E-1,
6.367425144704E-1,7.746393622234E-1,9.443213594859E-1,9.460476694287E-1,1.E0),
.UNSPECIFIED.);
#8782=EDGE_CURVE('',#4320,#4217,#3467,.T.);
#8788=ADVANCED_FACE('',(#8787),#8780,.T.);
#8795=EDGE_CURVE('',#4219,#4322,#3483,.T.);
#8801=ADVANCED_FACE('',(#8800),#8793,.F.);
#8809=B_SPLINE_CURVE_WITH_KNOTS('',3,(#8802,#8803,#8804,#8805,#8806,#8807,
#8808),.UNSPECIFIED.,.F.,.F.,(4,1,1,1,4),(0.E0,1.923077039357E-2,
9.737832808699E-1,9.817037363288E-1,1.E0),.UNSPECIFIED.);
#8814=EDGE_CURVE('',#4323,#4220,#3479,.T.);
#8820=ADVANCED_FACE('',(#8819),#8812,.T.);
#8827=EDGE_CURVE('',#4222,#4325,#3494,.T.);
#8833=ADVANCED_FACE('',(#8832),#8825,.F.);
#8840=EDGE_CURVE('',#4326,#4223,#3490,.T.);
#8846=ADVANCED_FACE('',(#8845),#8838,.F.);
#8853=EDGE_CURVE('',#4225,#4328,#3505,.T.);
#8859=ADVANCED_FACE('',(#8858),#8851,.F.);
#8867=B_SPLINE_CURVE_WITH_KNOTS('',3,(#8860,#8861,#8862,#8863,#8864,#8865,
#8866),.UNSPECIFIED.,.F.,.F.,(4,1,1,1,4),(0.E0,1.905670277602E-2,
9.471450026731E-1,9.725386843651E-1,1.E0),.UNSPECIFIED.);
#8872=EDGE_CURVE('',#4329,#4226,#3501,.T.);
#8878=ADVANCED_FACE('',(#8877),#8870,.T.);
#8885=EDGE_CURVE('',#4228,#4331,#3520,.T.);
#8891=ADVANCED_FACE('',(#8890),#8883,.F.);
#8899=B_SPLINE_CURVE_WITH_KNOTS('',3,(#8892,#8893,#8894,#8895,#8896,#8897,
#8898),.UNSPECIFIED.,.F.,.F.,(4,1,1,1,4),(0.E0,1.923076901109E-2,
9.498439052327E-1,9.749043449480E-1,1.E0),.UNSPECIFIED.);
#8904=EDGE_CURVE('',#4332,#4229,#3516,.T.);
#8910=ADVANCED_FACE('',(#8909),#8902,.T.);
#8917=EDGE_CURVE('',#4231,#4334,#3531,.T.);
#8923=ADVANCED_FACE('',(#8922),#8915,.F.);
#8930=EDGE_CURVE('',#4335,#4232,#3527,.T.);
#8936=ADVANCED_FACE('',(#8935),#8928,.T.);
#8943=EDGE_CURVE('',#4234,#4337,#3542,.T.);
#8949=ADVANCED_FACE('',(#8948),#8941,.F.);
#8957=B_SPLINE_CURVE_WITH_KNOTS('',3,(#8950,#8951,#8952,#8953,#8954,#8955,
#8956),.UNSPECIFIED.,.F.,.F.,(4,1,1,1,4),(0.E0,1.926018241917E-2,
9.481053389791E-1,9.737002519520E-1,1.E0),.UNSPECIFIED.);
#8962=EDGE_CURVE('',#4338,#4235,#3538,.T.);
#8968=ADVANCED_FACE('',(#8967),#8960,.T.);
#8975=EDGE_CURVE('',#4237,#4340,#3557,.T.);
#8981=ADVANCED_FACE('',(#8980),#8973,.F.);
#8989=B_SPLINE_CURVE_WITH_KNOTS('',3,(#8982,#8983,#8984,#8985,#8986,#8987,
#8988),.UNSPECIFIED.,.F.,.F.,(4,1,1,1,4),(0.E0,1.923076931790E-2,
9.674920044548E-1,9.779035829787E-1,1.E0),.UNSPECIFIED.);
#8994=EDGE_CURVE('',#4341,#4238,#3553,.T.);
#9000=ADVANCED_FACE('',(#8999),#8992,.T.);
#9007=EDGE_CURVE('',#4240,#4343,#3568,.T.);
#9013=ADVANCED_FACE('',(#9012),#9005,.F.);
#9021=B_SPLINE_CURVE_WITH_KNOTS('',3,(#9014,#9015,#9016,#9017,#9018,#9019,
#9020),.UNSPECIFIED.,.F.,.F.,(4,1,1,1,4),(0.E0,1.925373283374E-2,
9.465026971775E-1,9.729535075063E-1,1.E0),.UNSPECIFIED.);
#9026=EDGE_CURVE('',#4344,#4241,#3564,.T.);
#9032=ADVANCED_FACE('',(#9031),#9024,.T.);
#9039=EDGE_CURVE('',#4243,#4346,#3583,.T.);
#9045=ADVANCED_FACE('',(#9044),#9037,.F.);
#9053=B_SPLINE_CURVE_WITH_KNOTS('',3,(#9046,#9047,#9048,#9049,#9050,#9051,
#9052),.UNSPECIFIED.,.F.,.F.,(4,1,1,1,4),(0.E0,1.923770166398E-2,
9.477711947682E-1,9.736311208628E-1,1.E0),.UNSPECIFIED.);
#9058=EDGE_CURVE('',#4347,#4244,#3579,.T.);
#9064=ADVANCED_FACE('',(#9063),#9056,.T.);
#9071=EDGE_CURVE('',#4246,#4349,#3591,.T.);
#9077=ADVANCED_FACE('',(#9076),#9069,.F.);
#9084=EDGE_CURVE('',#4350,#4247,#3587,.T.);
#9090=ADVANCED_FACE('',(#9089),#9082,.F.);
#9097=EDGE_CURVE('',#4249,#4352,#3602,.T.);
#9103=ADVANCED_FACE('',(#9102),#9095,.F.);
#9111=B_SPLINE_CURVE_WITH_KNOTS('',3,(#9104,#9105,#9106,#9107,#9108,#9109,
#9110),.UNSPECIFIED.,.F.,.F.,(4,1,1,1,4),(0.E0,1.908260417589E-2,
9.523353612647E-1,9.764171256023E-1,1.E0),.UNSPECIFIED.);
#9116=EDGE_CURVE('',#4353,#4250,#3598,.T.);
#9122=ADVANCED_FACE('',(#9121),#9114,.T.);
#9129=EDGE_CURVE('',#4252,#4355,#3614,.T.);
#9135=ADVANCED_FACE('',(#9134),#9127,.F.);
#9143=B_SPLINE_CURVE_WITH_KNOTS('',3,(#9136,#9137,#9138,#9139,#9140,#9141,
#9142),.UNSPECIFIED.,.F.,.F.,(4,1,1,1,4),(0.E0,1.923076916972E-2,
9.734321593143E-1,9.814017892777E-1,1.E0),.UNSPECIFIED.);
#9148=EDGE_CURVE('',#4356,#4253,#3610,.T.);
#9154=ADVANCED_FACE('',(#9153),#9146,.T.);
#9161=EDGE_CURVE('',#4255,#4358,#3625,.T.);
#9167=ADVANCED_FACE('',(#9166),#9159,.F.);
#9174=EDGE_CURVE('',#4359,#4256,#3621,.T.);
#9180=ADVANCED_FACE('',(#9179),#9172,.T.);
#9192=ADVANCED_FACE('',(#9191),#9185,.F.);
#9199=EDGE_CURVE('',#4278,#4362,#3633,.T.);
#9201=EDGE_CURVE('',#4277,#4278,#3700,.T.);
#9203=EDGE_CURVE('',#4363,#4277,#3692,.T.);
#9207=ADVANCED_FACE('',(#9206),#9197,.F.);
#9221=B_SPLINE_CURVE_WITH_KNOTS('',3,(#9208,#9209,#9210,#9211,#9212,#9213,#9214,
#9215,#9216,#9217,#9218,#9219,#9220),.UNSPECIFIED.,.F.,.F.,(4,1,1,1,1,1,1,1,1,1,
4),(0.E0,4.901967936517E-2,5.166703155204E-2,1.826865133111E-1,
3.137059950701E-1,4.520236836396E-1,5.903413722090E-1,7.286590926097E-1,
8.669768130103E-1,9.494110085622E-1,1.E0),.UNSPECIFIED.);
#9226=EDGE_CURVE('',#4364,#4279,#3629,.T.);
#9228=EDGE_CURVE('',#4278,#4279,#3715,.T.);
#9233=ADVANCED_FACE('',(#9232),#9224,.F.);
#9240=EDGE_CURVE('',#4281,#4366,#3644,.T.);
#9242=EDGE_CURVE('',#4279,#4281,#3719,.T.);
#9247=ADVANCED_FACE('',(#9246),#9238,.F.);
#9255=B_SPLINE_CURVE_WITH_KNOTS('',3,(#9248,#9249,#9250,#9251,#9252,#9253,
#9254),.UNSPECIFIED.,.F.,.F.,(4,1,1,1,4),(0.E0,2.633489672161E-2,
5.057995828229E-2,9.807750799771E-1,1.E0),.UNSPECIFIED.);
#9260=EDGE_CURVE('',#4367,#4282,#3640,.T.);
#9262=EDGE_CURVE('',#4281,#4282,#3726,.T.);
#9267=ADVANCED_FACE('',(#9266),#9258,.F.);
#9274=EDGE_CURVE('',#4284,#4369,#3659,.T.);
#9276=EDGE_CURVE('',#4284,#4282,#3648,.T.);
#9281=ADVANCED_FACE('',(#9280),#9272,.F.);
#9289=B_SPLINE_CURVE_WITH_KNOTS('',3,(#9282,#9283,#9284,#9285,#9286,#9287,
#9288),.UNSPECIFIED.,.F.,.F.,(4,1,1,1,4),(0.E0,2.625395614599E-2,
5.180600696012E-2,9.807692309902E-1,1.E0),.UNSPECIFIED.);
#9294=EDGE_CURVE('',#4370,#4285,#3655,.T.);
#9296=EDGE_CURVE('',#4284,#4285,#3733,.T.);
#9301=ADVANCED_FACE('',(#9300),#9292,.F.);
#9308=EDGE_CURVE('',#4287,#4372,#3670,.T.);
#9310=EDGE_CURVE('',#4285,#4287,#3737,.T.);
#9315=ADVANCED_FACE('',(#9314),#9306,.F.);
#9322=EDGE_CURVE('',#4373,#4288,#3666,.T.);
#9324=EDGE_CURVE('',#4287,#4288,#3744,.T.);
#9329=ADVANCED_FACE('',(#9328),#9320,.F.);
#9336=EDGE_CURVE('',#4290,#4375,#3681,.T.);
#9338=EDGE_CURVE('',#4288,#4290,#3748,.T.);
#9343=ADVANCED_FACE('',(#9342),#9334,.F.);
#9351=B_SPLINE_CURVE_WITH_KNOTS('',3,(#9344,#9345,#9346,#9347,#9348,#9349,
#9350),.UNSPECIFIED.,.F.,.F.,(4,1,1,1,4),(0.E0,2.349668986461E-2,
4.862359896490E-2,9.807692307806E-1,1.E0),.UNSPECIFIED.);
#9356=EDGE_CURVE('',#4376,#4291,#3677,.T.);
#9358=EDGE_CURVE('',#4290,#4291,#3755,.T.);
#9363=ADVANCED_FACE('',(#9362),#9354,.F.);
#9370=EDGE_CURVE('',#4293,#4378,#3696,.T.);
#9372=EDGE_CURVE('',#4293,#4291,#3685,.T.);
#9377=ADVANCED_FACE('',(#9376),#9368,.F.);
#9385=B_SPLINE_CURVE_WITH_KNOTS('',3,(#9378,#9379,#9380,#9381,#9382,#9383,
#9384),.UNSPECIFIED.,.F.,.F.,(4,1,1,1,4),(0.E0,2.211424132197E-2,
4.615082614810E-2,9.807692308903E-1,1.E0),.UNSPECIFIED.);
#9391=EDGE_CURVE('',#4293,#4277,#3762,.T.);
#9396=ADVANCED_FACE('',(#9395),#9388,.F.);
#9416=EDGE_CURVE('',#4295,#4294,#3768,.T.);
#9418=EDGE_CURVE('',#4294,#4295,#3774,.T.);
#9422=ADVANCED_FACE('',(#9415,#9421),#9401,.F.);
#9429=EDGE_CURVE('',#4380,#4294,#3778,.T.);
#9432=EDGE_CURVE('',#4379,#4295,#3782,.T.);
#9436=ADVANCED_FACE('',(#9435),#9427,.T.);
#9448=ADVANCED_FACE('',(#9447),#9441,.T.);
#9460=ADVANCED_FACE('',(#9459),#9453,.T.);
#9463=(LENGTH_UNIT()NAMED_UNIT(*)SI_UNIT(.MILLI.,.METRE.));
#9465=(NAMED_UNIT(*)PLANE_ANGLE_UNIT()SI_UNIT($,.RADIAN.));
#9468=(NAMED_UNIT(*)SI_UNIT($,.STERADIAN.)SOLID_ANGLE_UNIT());
#9470=(GEOMETRIC_REPRESENTATION_CONTEXT(3)GLOBAL_UNCERTAINTY_ASSIGNED_CONTEXT((
#9469))GLOBAL_UNIT_ASSIGNED_CONTEXT((#9463,#9467,#9468))REPRESENTATION_CONTEXT(
'ID1','3'));
#9471=ADVANCED_BREP_SHAPE_REPRESENTATION('',(#9462),#9470);
#9478=PRODUCT_DEFINITION('part definition','',#9477,#9474);
#9479=PRODUCT_DEFINITION_SHAPE('','SHAPE FOR _-3.',#9478);
#9480=SHAPE_DEFINITION_REPRESENTATION(#9479,#9471);
ENDSEC;
END-ISO-10303-21;
