ISO-10303-21;
HEADER;
FILE_DESCRIPTION((''),'2;1');
FILE_NAME('SHOUTUO_ASM_1_ASM','2024-06-20T18:03:09',('74576'),(''),
'CREO PARAMETRIC BY PTC INC, 2024063','CREO PARAMETRIC BY PTC INC, 2024063','');
FILE_SCHEMA(('CONFIG_CONTROL_DESIGN'));
ENDSEC;
DATA;
#1=DIRECTION('',(0.E0,-5.463525869254E-2,9.985063788017E-1));
#2=VECTOR('',#1,6.599999960927E1);
#3=CARTESIAN_POINT('',(8.939526355278E-9,9.006526497414E0,1.050776872659E1));
#4=LINE('',#3,#2);
#5=DIRECTION('',(2.028306023591E-9,9.985063791394E-1,5.463525252042E-2));
#6=VECTOR('',#5,4.407182103261E0);
#7=CARTESIAN_POINT('',(0.E0,1.000000000919E0,7.616840183024E1));
#8=LINE('',#7,#6);
#9=DIRECTION('',(0.E0,2.784723455573E-11,1.E0));
#10=VECTOR('',#9,6.609872612171E1);
#11=CARTESIAN_POINT('',(0.E0,9.999999990779E-1,1.006967570852E1));
#12=LINE('',#11,#10);
#13=DIRECTION('',(1.114861532502E-9,9.985063786205E-1,5.463526200288E-2));
#14=VECTOR('',#13,8.018503106007E0);
#15=CARTESIAN_POINT('',(0.E0,9.999999990779E-1,1.006967570852E1));
#16=LINE('',#15,#14);
#17=DIRECTION('',(-7.071067811865E-1,-7.060506299992E-1,-3.863298950068E-2));
#18=VECTOR('',#17,1.414213564901E0);
#19=CARTESIAN_POINT('',(1.000000010727E0,1.000503287587E1,1.056240402440E1));
#20=LINE('',#19,#18);
#21=CARTESIAN_POINT('',(7.945786437628E1,6.399105804256E0,7.646382479063E1));
#22=DIRECTION('',(0.E0,9.985063788017E-1,5.463525869255E-2));
#23=DIRECTION('',(-1.578983857245E-14,-5.463525869255E-2,9.985063788017E-1));
#24=AXIS2_PLACEMENT_3D('',#21,#22,#23);
#26=DIRECTION('',(1.E0,-7.254694616282E-12,6.501880796165E-12));
#27=VECTOR('',#26,6.945786398618E1);
#28=CARTESIAN_POINT('',(1.000000010919E1,5.907388490988E0,8.545038218643E1));
#29=LINE('',#28,#27);
#30=CARTESIAN_POINT('',(1.E1,6.399105804256E0,7.646382479063E1));
#31=DIRECTION('',(0.E0,9.985063788017E-1,5.463525869255E-2));
#32=DIRECTION('',(-1.E0,0.E0,0.E0));
#33=AXIS2_PLACEMENT_3D('',#30,#31,#32);
#35=DIRECTION('',(0.E0,-5.463525869254E-2,9.985063788017E-1));
#36=VECTOR('',#35,6.599999953112E1);
#37=CARTESIAN_POINT('',(1.000000010727E0,1.000503287587E1,1.056240402440E1));
#38=LINE('',#37,#36);
#39=CARTESIAN_POINT('',(1.E1,1.000503287796E1,1.056240378972E1));
#40=DIRECTION('',(0.E0,9.985063788017E-1,5.463525869255E-2));
#41=DIRECTION('',(-3.604030654161E-13,5.463525869255E-2,-9.985063788017E-1));
#42=AXIS2_PLACEMENT_3D('',#39,#40,#41);
#44=DIRECTION('',(-1.E0,0.E0,0.E0));
#45=VECTOR('',#44,2.771999997816E2);
#46=CARTESIAN_POINT('',(2.871999998908E2,1.049675021961E1,1.575846395471E0));
#47=LINE('',#46,#45);
#48=CARTESIAN_POINT('',(2.872E2,1.000503287796E1,1.056240378972E1));
#49=DIRECTION('',(0.E0,9.985063788017E-1,5.463525869255E-2));
#50=DIRECTION('',(1.E0,3.059281223411E-14,-5.575786745895E-13));
#51=AXIS2_PLACEMENT_3D('',#48,#49,#50);
#53=DIRECTION('',(-2.153159820630E-13,5.463525869256E-2,-9.985063788017E-1));
#54=VECTOR('',#53,6.599999953113E1);
#55=CARTESIAN_POINT('',(2.961999999893E2,6.399105827776E0,7.646382455713E1));
#56=LINE('',#55,#54);
#57=CARTESIAN_POINT('',(2.872E2,6.399105804256E0,7.646382479063E1));
#58=DIRECTION('',(0.E0,9.985063788017E-1,5.463525869255E-2));
#59=DIRECTION('',(0.E0,-5.463525869255E-2,9.985063788017E-1));
#60=AXIS2_PLACEMENT_3D('',#57,#58,#59);
#62=DIRECTION('',(1.E0,7.254656254388E-12,-6.501880796165E-12));
#63=VECTOR('',#62,6.945786398618E1);
#64=CARTESIAN_POINT('',(2.177421359046E2,5.907388490484E0,8.545038218689E1));
#65=LINE('',#64,#63);
#66=CARTESIAN_POINT('',(2.177421356237E2,6.399105804256E0,7.646382479063E1));
#67=DIRECTION('',(0.E0,9.985063788017E-1,5.463525869255E-2));
#68=DIRECTION('',(-7.071067811865E-1,-3.863296191338E-2,7.060506315087E-1));
#69=AXIS2_PLACEMENT_3D('',#66,#67,#68);
#71=DIRECTION('',(7.071067992548E-1,-3.863293541209E-2,7.060506148635E-1));
#72=VECTOR('',#71,3.029436825577E0);
#73=CARTESIAN_POINT('',(2.092360391532E2,6.168445206651E0,8.067934465439E1));
#74=LINE('',#73,#72);
#75=CARTESIAN_POINT('',(2.014578643763E2,5.743482699946E0,8.844590133625E1));
#76=DIRECTION('',(0.E0,-9.985063788017E-1,-5.463525869255E-2));
#77=DIRECTION('',(-1.291895883200E-14,5.463525869255E-2,-9.985063788017E-1));
#78=AXIS2_PLACEMENT_3D('',#75,#76,#77);
#80=DIRECTION('',(1.E0,1.258581537561E-10,-1.127985803908E-10));
#81=VECTOR('',#80,1.057157274994E2);
#82=CARTESIAN_POINT('',(9.574213594355E1,6.344470482620E0,7.746233122584E1));
#83=LINE('',#82,#81);
#84=CARTESIAN_POINT('',(9.574213562374E1,5.743482699946E0,8.844590133625E1));
#85=DIRECTION('',(0.E0,-9.985063788017E-1,-5.463525869255E-2));
#86=DIRECTION('',(-7.071067811865E-1,3.863296191338E-2,-7.060506315087E-1));
#87=AXIS2_PLACEMENT_3D('',#84,#85,#86);
#89=DIRECTION('',(7.071067963059E-1,3.863293973731E-2,-7.060506175801E-1));
#90=VECTOR('',#89,3.029436212091E0);
#91=CARTESIAN_POINT('',(8.582182546953E1,6.051409169433E0,8.281828038778E1));
#92=LINE('',#91,#90);
#93=DIRECTION('',(-3.836335117210E-12,5.463525869255E-2,-9.985063788017E-1));
#94=VECTOR('',#93,5.645320839884E0);
#95=CARTESIAN_POINT('',(2.892254509510E2,9.847946643429E0,1.343328993466E1));
#96=LINE('',#95,#94);
#97=CARTESIAN_POINT('',(2.892254509510E2,1.015638020792E1,7.796401065653E0));
#98=CARTESIAN_POINT('',(2.892254262651E2,1.015795624842E1,7.767597568909E0));
#99=CARTESIAN_POINT('',(2.892151822727E2,1.016107071392E1,7.710678031156E0));
#100=CARTESIAN_POINT('',(2.891706407675E2,1.016516371965E1,7.635874828554E0));
#101=CARTESIAN_POINT('',(2.891257015307E2,1.016718262476E1,7.598977599915E0));
#102=CARTESIAN_POINT('',(2.891002809494E2,1.016796738061E1,7.584635511332E0));
#104=DIRECTION('',(-8.708766933189E-1,2.685331496462E-2,-4.907674444269E-1));
#105=VECTOR('',#104,3.888506864097E0);
#106=CARTESIAN_POINT('',(2.891002809494E2,1.016796738061E1,7.584635511332E0));
#107=LINE('',#106,#105);
#108=CARTESIAN_POINT('',(2.855895952556E2,1.026029828320E1,5.897208794541E0));
#109=DIRECTION('',(0.E0,9.985063788017E-1,5.463525869255E-2));
#110=DIRECTION('',(4.897258225100E-1,4.763519773427E-2,-8.705742396279E-1));
#111=AXIS2_PLACEMENT_3D('',#108,#109,#110);
#113=DIRECTION('',(-8.713665599378E-1,-2.680583735584E-2,4.898997502611E-1));
#114=VECTOR('',#113,1.096555157115E0);
#115=CARTESIAN_POINT('',(2.854651006922E2,1.027237995618E1,5.676405821816E0));
#116=LINE('',#115,#114);
#117=CARTESIAN_POINT('',(2.845095991971E2,1.024298587698E1,6.213607919434E0));
#118=CARTESIAN_POINT('',(2.844714736040E2,1.024180819917E1,6.235130995111E0));
#119=CARTESIAN_POINT('',(2.844065199283E2,1.023837574141E1,6.297862115046E0));
#120=CARTESIAN_POINT('',(2.843739764398E2,1.023137919996E1,6.425729932286E0));
#121=CARTESIAN_POINT('',(2.844068953564E2,1.022439234113E1,6.553420791102E0));
#122=CARTESIAN_POINT('',(2.844717189407E2,1.022097078018E1,6.615952762545E0));
#123=CARTESIAN_POINT('',(2.845098833324E2,1.021979436541E1,6.637452754948E0));
#125=DIRECTION('',(8.709481231225E-1,-2.684639891715E-2,4.906410477065E-1));
#126=VECTOR('',#125,3.600959163699E0);
#127=CARTESIAN_POINT('',(2.845098833324E2,1.021979436541E1,6.637452754948E0));
#128=LINE('',#127,#126);
#129=CARTESIAN_POINT('',(2.876461319575E2,1.012312157922E1,8.404231131774E0));
#130=CARTESIAN_POINT('',(2.876712680699E2,1.012234497319E1,8.418424275444E0));
#131=CARTESIAN_POINT('',(2.877161350680E2,1.012034972534E1,8.454889147267E0));
#132=CARTESIAN_POINT('',(2.877607119141E2,1.011625842727E1,8.529661141103E0));
#133=CARTESIAN_POINT('',(2.877711523018E2,1.011312872156E1,8.586859206720E0));
#134=CARTESIAN_POINT('',(2.877711529651E2,1.011153763303E1,8.615937719106E0));
#136=DIRECTION('',(-5.701463006840E-12,-5.463525869255E-2,9.985063788017E-1));
#137=VECTOR('',#136,4.825465796345E0);
#138=CARTESIAN_POINT('',(2.877711529651E2,1.011153763303E1,8.615937719106E0));
#139=LINE('',#138,#137);
#140=CARTESIAN_POINT('',(2.877711529651E2,9.847897060933E0,1.343419609745E1));
#141=CARTESIAN_POINT('',(2.876242042854E2,9.842649040259E0,1.353010819239E1));
#142=CARTESIAN_POINT('',(2.873704498006E2,9.828400660376E0,1.379050959876E1));
#143=CARTESIAN_POINT('',(2.871727786837E2,9.801544030407E0,1.428133762775E1));
#144=CARTESIAN_POINT('',(2.871885626301E2,9.773539630020E0,1.479314214904E1));
#145=CARTESIAN_POINT('',(2.873919029875E2,9.748840099984E0,1.524454732008E1));
#146=CARTESIAN_POINT('',(2.877514851102E2,9.729628788250E0,1.559565057776E1));
#147=CARTESIAN_POINT('',(2.882292366086E2,9.718913169469E0,1.579148773423E1));
#148=CARTESIAN_POINT('',(2.887500510690E2,9.718624736039E0,1.579675910343E1));
#149=CARTESIAN_POINT('',(2.892245264736E2,9.729044893897E0,1.560632174963E1));
#150=CARTESIAN_POINT('',(2.895953770262E2,9.747749456246E0,1.526447977313E1));
#151=CARTESIAN_POINT('',(2.898093167696E2,9.773056605430E0,1.480196983918E1));
#152=CARTESIAN_POINT('',(2.898259948670E2,9.801780943735E0,1.427700783276E1));
#153=CARTESIAN_POINT('',(2.896229673238E2,9.828721891232E0,1.378463882837E1));
#154=CARTESIAN_POINT('',(2.893704195729E2,9.842772055726E0,1.352785997885E1));
#155=CARTESIAN_POINT('',(2.892254509510E2,9.847946643429E0,1.343328993466E1));
#157=DIRECTION('',(2.716533441445E-12,5.463525869255E-2,-9.985063788017E-1));
#158=VECTOR('',#157,6.256570222946E0);
#159=CARTESIAN_POINT('',(2.863168915830E2,9.724884612736E0,1.568235446873E1));
#160=LINE('',#159,#158);
#161=CARTESIAN_POINT('',(2.863168915830E2,1.006671394539E1,9.435129191696E0));
#162=CARTESIAN_POINT('',(2.863168122722E2,1.006830214880E1,9.406103407406E0));
#163=CARTESIAN_POINT('',(2.863061894863E2,1.007142318199E1,9.349063839620E0));
#164=CARTESIAN_POINT('',(2.862616861795E2,1.007550745636E1,9.274420210023E0));
#165=CARTESIAN_POINT('',(2.862168584102E2,1.007750053862E1,9.237994916170E0));
#166=CARTESIAN_POINT('',(2.861917187260E2,1.007827548292E1,9.223832142147E0));
#168=DIRECTION('',(-8.709408359108E-1,2.684710459440E-2,-4.906539445657E-1));
#169=VECTOR('',#168,3.904253713676E0);
#170=CARTESIAN_POINT('',(2.861917187260E2,1.007827548292E1,9.223832142147E0));
#171=LINE('',#170,#169);
#172=CARTESIAN_POINT('',(2.826772196725E2,1.017073719942E1,7.534014688434E0));
#173=DIRECTION('',(0.E0,9.985063788017E-1,5.463525869255E-2));
#174=DIRECTION('',(4.505179532609E-1,4.877657611592E-2,-8.914339119711E-1));
#175=AXIS2_PLACEMENT_3D('',#172,#173,#174);
#177=DIRECTION('',(-8.713827755431E-1,-2.680426385322E-2,4.898709931463E-1));
#178=VECTOR('',#177,3.871690861612E0);
#179=CARTESIAN_POINT('',(2.825529513432E2,1.018279777783E1,7.313597237190E0));
#180=LINE('',#179,#178);
#181=CARTESIAN_POINT('',(2.791792266141E2,1.007901995441E1,9.210226284723E0));
#182=CARTESIAN_POINT('',(2.791535900500E2,1.007823180031E1,9.224630479371E0));
#183=CARTESIAN_POINT('',(2.791084402665E2,1.007620323265E1,9.261704299386E0));
#184=CARTESIAN_POINT('',(2.790640621854E2,1.007210067345E1,9.336682100029E0));
#185=CARTESIAN_POINT('',(2.790538818642E2,1.006899550553E1,9.393431716408E0));
#186=CARTESIAN_POINT('',(2.790538551069E2,1.006742864161E1,9.422067503155E0));
#188=DIRECTION('',(-9.309181160991E-4,-5.463523501885E-2,9.985059461445E-1));
#189=VECTOR('',#188,7.091149506789E0);
#190=CARTESIAN_POINT('',(2.790538551069E2,1.006742864161E1,9.422067503155E0));
#191=LINE('',#190,#189);
#192=CARTESIAN_POINT('',(2.790472538274E2,9.680002021755E0,1.650262245068E1));
#193=CARTESIAN_POINT('',(2.790472007716E2,9.678405075089E0,1.653180802556E1));
#194=CARTESIAN_POINT('',(2.790576550578E2,9.675264567549E0,1.658920350397E1));
#195=CARTESIAN_POINT('',(2.791022208638E2,9.671151747022E0,1.666436883913E1));
#196=CARTESIAN_POINT('',(2.791472692327E2,9.669145823532E0,1.670102881748E1));
#197=CARTESIAN_POINT('',(2.791725465791E2,9.668366624698E0,1.671526934684E1));
#199=DIRECTION('',(8.709380321986E-1,-2.684737609309E-2,4.906589064380E-1));
#200=VECTOR('',#199,1.093855056340E0);
#201=CARTESIAN_POINT('',(2.791725465791E2,9.668366624698E0,1.671526934684E1));
#202=LINE('',#201,#200);
#203=CARTESIAN_POINT('',(2.801252265493E2,9.638999486609E0,1.725197907259E1));
#204=CARTESIAN_POINT('',(2.801634854893E2,9.637820104182E0,1.727353330156E1));
#205=CARTESIAN_POINT('',(2.802517065861E2,9.636542150886E0,1.729688899803E1));
#206=CARTESIAN_POINT('',(2.803803128014E2,9.638518141521E0,1.726077606838E1));
#207=CARTESIAN_POINT('',(2.804764787223E2,9.643513151483E0,1.716948796196E1));
#208=CARTESIAN_POINT('',(2.804997062102E2,9.648256025884E0,1.708280784995E1));
#209=CARTESIAN_POINT('',(2.804997065026E2,9.650598448768E0,1.703999805556E1));
#211=DIRECTION('',(-3.341658993223E-13,5.463525869255E-2,-9.985063788017E-1));
#212=VECTOR('',#211,6.804215388356E0);
#213=CARTESIAN_POINT('',(2.804997065026E2,9.650598448768E0,1.703999805556E1));
#214=LINE('',#213,#212);
#215=CARTESIAN_POINT('',(2.804997065026E2,1.002234851671E1,1.024594558755E1));
#216=CARTESIAN_POINT('',(2.804997358195E2,1.002393987142E1,1.021686221054E1));
#217=CARTESIAN_POINT('',(2.805103138485E2,1.002706817555E1,1.015968975982E1));
#218=CARTESIAN_POINT('',(2.805548912157E2,1.003116164634E1,1.008487805791E1));
#219=CARTESIAN_POINT('',(2.805998145234E2,1.003315866695E1,1.004838078731E1));
#220=CARTESIAN_POINT('',(2.806250087763E2,1.003393531516E1,1.003418687270E1));
#222=DIRECTION('',(8.709349709115E-1,2.684767253003E-2,-4.906643240781E-1));
#223=VECTOR('',#222,2.209530849222E0);
#224=CARTESIAN_POINT('',(2.806250087763E2,1.003393531516E1,1.003418687270E1));
#225=LINE('',#224,#223);
#226=CARTESIAN_POINT('',(2.826732842905E2,1.008116617076E1,9.171002333651E0));
#227=DIRECTION('',(0.E0,9.985063788017E-1,5.463525869255E-2));
#228=DIRECTION('',(4.913576545015E-1,4.758500991933E-2,-8.696570141118E-1));
#229=AXIS2_PLACEMENT_3D('',#226,#227,#228);
#231=DIRECTION('',(8.709332470255E-1,-2.684783945906E-2,4.906673748498E-1));
#232=VECTOR('',#231,2.227287701841E0);
#233=CARTESIAN_POINT('',(2.827978998942E2,1.009323464857E1,8.950440514058E0));
#234=LINE('',#233,#232);
#235=CARTESIAN_POINT('',(2.847377188044E2,1.003343678592E1,1.004329792376E1));
#236=CARTESIAN_POINT('',(2.847632765335E2,1.003264529262E1,1.005776314510E1));
#237=CARTESIAN_POINT('',(2.848082790537E2,1.003061405917E1,1.009488568466E1));
#238=CARTESIAN_POINT('',(2.848525082353E2,1.002651430237E1,1.016981226901E1));
#239=CARTESIAN_POINT('',(2.848625961561E2,1.002341281863E1,1.022649455380E1));
#240=CARTESIAN_POINT('',(2.848625962117E2,1.002184866910E1,1.025508073281E1));
#242=DIRECTION('',(4.116291335529E-12,-5.463525869255E-2,9.985063788017E-1));
#243=VECTOR('',#242,6.255647777330E0);
#244=CARTESIAN_POINT('',(2.848625962117E2,1.002184866910E1,1.025508073281E1));
#245=LINE('',#244,#243);
#246=CARTESIAN_POINT('',(2.848625962117E2,9.680069734499E0,1.650138494201E1));
#247=CARTESIAN_POINT('',(2.848625641352E2,9.678475782639E0,1.653051578421E1));
#248=CARTESIAN_POINT('',(2.848730342667E2,9.675341486295E0,1.658779774768E1));
#249=CARTESIAN_POINT('',(2.849175565145E2,9.671237521834E0,1.666280123061E1));
#250=CARTESIAN_POINT('',(2.849625298654E2,9.669235968097E0,1.669938134795E1));
#251=CARTESIAN_POINT('',(2.849877612335E2,9.668458174913E0,1.671359618785E1));
#253=DIRECTION('',(8.709347190144E-1,-2.684769692206E-2,4.906647698635E-1));
#254=VECTOR('',#253,4.007925597960E0);
#255=CARTESIAN_POINT('',(2.849877612335E2,9.668458174913E0,1.671359618785E1));
#256=LINE('',#255,#254);
#257=CARTESIAN_POINT('',(2.885710846336E2,9.573141313633E0,1.845559386981E1));
#258=DIRECTION('',(0.E0,9.985063788017E-1,5.463525869255E-2));
#259=DIRECTION('',(-3.810384176088E-1,-5.051353136409E-2,9.231782641805E-1));
#260=AXIS2_PLACEMENT_3D('',#257,#258,#259);
#262=DIRECTION('',(8.614485736243E-1,2.774623278285E-2,-5.070862861160E-1));
#263=VECTOR('',#262,3.854207903297E0);
#264=CARTESIAN_POINT('',(2.886929236596E2,9.561638962218E0,1.866580924233E1));
#265=LINE('',#264,#263);
#266=CARTESIAN_POINT('',(2.920131255604E2,9.668578711897E0,1.671139327073E1));
#267=CARTESIAN_POINT('',(2.920379437041E2,9.669378596825E0,1.669677468518E1));
#268=CARTESIAN_POINT('',(2.920815820908E2,9.671406268768E0,1.665971723515E1));
#269=CARTESIAN_POINT('',(2.921243582566E2,9.675453714416E0,1.658574668218E1));
#270=CARTESIAN_POINT('',(2.921340762908E2,9.678503145175E0,1.653001571032E1));
#271=CARTESIAN_POINT('',(2.921340763367E2,9.680041208765E0,1.650190627435E1));
#273=DIRECTION('',(5.071306095342E-6,5.463525869185E-2,-9.985063787888E-1));
#274=VECTOR('',#273,5.047999530547E0);
#275=CARTESIAN_POINT('',(2.921340763367E2,9.680041208765E0,1.650190627435E1));
#276=LINE('',#275,#274);
#277=DIRECTION('',(5.006758166715E-6,-5.463525869186E-2,9.985063787891E-1));
#278=VECTOR('',#277,4.238413760760E0);
#279=CARTESIAN_POINT('',(2.906797166043E2,9.956450723416E0,1.145028448019E1));
#280=LINE('',#279,#278);
#281=CARTESIAN_POINT('',(2.906797378250E2,9.724883891154E0,1.568236765626E1));
#282=CARTESIAN_POINT('',(2.906798073921E2,9.723317860766E0,1.571098820953E1));
#283=CARTESIAN_POINT('',(2.906697868503E2,9.720224107477E0,1.576752921378E1));
#284=CARTESIAN_POINT('',(2.906262904527E2,9.716137664032E0,1.584221248505E1));
#285=CARTESIAN_POINT('',(2.905819213746E2,9.714118719840E0,1.587911042793E1));
#286=CARTESIAN_POINT('',(2.905568611923E2,9.713326912696E0,1.589358138501E1));
#288=DIRECTION('',(-8.656847519795E-1,-2.734984025178E-2,4.998418714238E-1));
#289=VECTOR('',#288,2.260947201645E0);
#290=CARTESIAN_POINT('',(2.905568611923E2,9.713326912696E0,1.589358138501E1));
#291=LINE('',#290,#289);
#292=CARTESIAN_POINT('',(2.884785583872E2,9.663010970986E0,1.681314852820E1));
#293=DIRECTION('',(0.E0,9.985063788017E-1,5.463525869255E-2));
#294=DIRECTION('',(-5.084314795962E-1,-4.704655515332E-2,8.598162897991E-1));
#295=AXIS2_PLACEMENT_3D('',#292,#293,#294);
#297=DIRECTION('',(-8.610793831181E-1,2.778041980855E-2,-5.077110834365E-1));
#298=VECTOR('',#297,2.226533253536E0);
#299=CARTESIAN_POINT('',(2.883549441959E2,9.651572396721E0,1.702219831842E1));
#300=LINE('',#299,#298);
#301=CARTESIAN_POINT('',(2.864377223154E2,9.713426425222E0,1.589176270795E1));
#302=CARTESIAN_POINT('',(2.864129188399E2,9.714227071402E0,1.587713020987E1));
#303=CARTESIAN_POINT('',(2.863693244105E2,9.716255720888E0,1.584005489439E1));
#304=CARTESIAN_POINT('',(2.863266023578E2,9.720301357139E0,1.576611740971E1));
#305=CARTESIAN_POINT('',(2.863168916286E2,9.723348198468E0,1.571043376191E1));
#306=CARTESIAN_POINT('',(2.863168915830E2,9.724884612736E0,1.568235446873E1));
#308=DIRECTION('',(-3.951264709211E-12,5.463525869255E-2,-9.985063788017E-1));
#309=VECTOR('',#308,6.257967770879E0);
#310=CARTESIAN_POINT('',(2.834083112986E2,9.635193850383E0,1.732153035024E1));
#311=LINE('',#310,#309);
#312=CARTESIAN_POINT('',(2.834083112986E2,9.977099538435E0,1.107290961268E1));
#313=CARTESIAN_POINT('',(2.834082664018E2,9.978674344341E0,1.104412867927E1));
#314=CARTESIAN_POINT('',(2.833979807256E2,9.981786338534E0,1.098725430680E1));
#315=CARTESIAN_POINT('',(2.833534285675E2,9.985875474059E0,1.091252183544E1));
#316=CARTESIAN_POINT('',(2.833085116269E2,9.987893421674E0,1.087564210587E1));
#317=CARTESIAN_POINT('',(2.832831002340E2,9.988677607432E0,1.086131043616E1));
#319=DIRECTION('',(-8.709802378359E-1,2.684328870888E-2,-4.905842059734E-1));
#320=VECTOR('',#319,5.570728572951E-1);
#321=CARTESIAN_POINT('',(2.832831002340E2,9.988677607432E0,1.086131043616E1));
#322=LINE('',#321,#320);
#323=CARTESIAN_POINT('',(2.826740276538E2,9.991555498735E0,1.080871449552E1));
#324=DIRECTION('',(0.E0,9.985063788017E-1,5.463525869255E-2));
#325=DIRECTION('',(4.889070746172E-1,4.766029599628E-2,-8.710329319691E-1));
#326=AXIS2_PLACEMENT_3D('',#323,#324,#325);
#328=DIRECTION('',(-8.709604104499E-1,-2.684520898453E-2,4.906193006635E-1));
#329=VECTOR('',#328,5.400604686749E-1);
#330=CARTESIAN_POINT('',(2.825494295852E2,1.000360899168E1,1.058842653716E1));
#331=LINE('',#330,#329);
#332=CARTESIAN_POINT('',(2.820790582977E2,9.989110955534E0,1.085339062662E1));
#333=CARTESIAN_POINT('',(2.820538776146E2,9.988333775492E0,1.086759426081E1));
#334=CARTESIAN_POINT('',(2.820089940183E2,9.986334859050E0,1.090412617932E1));
#335=CARTESIAN_POINT('',(2.819645237584E2,9.982238961302E0,1.097898223613E1));
#336=CARTESIAN_POINT('',(2.819540162531E2,9.979110676801E0,1.103615432799E1));
#337=CARTESIAN_POINT('',(2.819540156004E2,9.977519531366E0,1.106523388036E1));
#339=DIRECTION('',(-2.062830989465E-12,-5.463525869255E-2,9.985063788017E-1));
#340=VECTOR('',#339,7.081897994472E0);
#341=CARTESIAN_POINT('',(2.819540156004E2,9.977519531366E0,1.106523388036E1));
#342=LINE('',#341,#340);
#343=CARTESIAN_POINT('',(2.819540156004E2,9.590598202404E0,1.813655420186E1));
#344=CARTESIAN_POINT('',(2.819539454180E2,9.589015323936E0,1.816548266829E1));
#345=CARTESIAN_POINT('',(2.819640764134E2,9.585885877882E0,1.822267598854E1));
#346=CARTESIAN_POINT('',(2.820087291186E2,9.581772475845E0,1.829785195130E1));
#347=CARTESIAN_POINT('',(2.820538885645E2,9.579746651703E0,1.833487563118E1));
#348=CARTESIAN_POINT('',(2.820794387765E2,9.578960700945E0,1.834923955777E1));
#350=DIRECTION('',(8.713868729967E-1,-2.680386623215E-2,4.898637262791E-1));
#351=VECTOR('',#350,2.064722601701E0);
#352=CARTESIAN_POINT('',(2.820794387765E2,9.578960700945E0,1.834923955777E1));
#353=LINE('',#352,#351);
#354=CARTESIAN_POINT('',(2.838786109480E2,9.523618152522E0,1.936067226518E1));
#355=CARTESIAN_POINT('',(2.838914165381E2,9.513922464840E0,1.953786930293E1));
#356=CARTESIAN_POINT('',(2.839888422513E2,9.494871465939E0,1.988604270560E1));
#357=CARTESIAN_POINT('',(2.843395538835E2,9.472733641938E0,2.029063049392E1));
#358=CARTESIAN_POINT('',(2.848107321810E2,9.459412063724E0,2.053409380205E1));
#359=CARTESIAN_POINT('',(2.853416097313E2,9.457010959262E0,2.057797605281E1));
#360=CARTESIAN_POINT('',(2.858460776104E2,9.465687984382E0,2.041939595016E1));
#361=CARTESIAN_POINT('',(2.862456290259E2,9.484175592950E0,2.008151899075E1));
#362=CARTESIAN_POINT('',(2.864813931456E2,9.509247861740E0,1.962330169816E1));
#363=CARTESIAN_POINT('',(2.865229201454E2,9.537078380704E0,1.911467500953E1));
#364=CARTESIAN_POINT('',(2.863616598859E2,9.563202961726E0,1.863722580515E1));
#365=CARTESIAN_POINT('',(2.860389967626E2,9.584226383772E0,1.825300467178E1));
#366=CARTESIAN_POINT('',(2.855916190403E2,9.597335108621E0,1.801343144209E1));
#367=CARTESIAN_POINT('',(2.850789316393E2,9.600336002527E0,1.795858752300E1));
#368=CARTESIAN_POINT('',(2.847411817491E2,9.595328663128E0,1.805010096049E1));
#369=CARTESIAN_POINT('',(2.845876531690E2,9.591099699550E0,1.812738890987E1));
#371=DIRECTION('',(-8.709412100933E-1,2.684706836E-2,-4.906532823509E-1));
#372=VECTOR('',#371,1.211003909977E0);
#373=CARTESIAN_POINT('',(2.845876531690E2,9.591099699550E0,1.812738890987E1));
#374=LINE('',#373,#372);
#375=CARTESIAN_POINT('',(2.835329399582E2,9.623611604305E0,1.753320586650E1));
#376=CARTESIAN_POINT('',(2.835078336845E2,9.624390749780E0,1.751896631230E1));
#377=CARTESIAN_POINT('',(2.834630934407E2,9.626390723279E0,1.748241507519E1));
#378=CARTESIAN_POINT('',(2.834187766726E2,9.630482286794E0,1.740763823022E1));
#379=CARTESIAN_POINT('',(2.834083119646E2,9.633605422588E0,1.735056023540E1));
#380=CARTESIAN_POINT('',(2.834083112986E2,9.635193850383E0,1.732153035024E1));
#382=CARTESIAN_POINT('',(2.914148970412E2,1.003777532647E1,9.964007360873E0));
#383=CARTESIAN_POINT('',(2.914899556864E2,1.003785643404E1,9.962525050260E0));
#384=CARTESIAN_POINT('',(2.916465719159E2,1.003588948879E1,9.998472667632E0));
#385=CARTESIAN_POINT('',(2.918273213472E2,1.002696703438E1,1.016153820181E1));
#386=CARTESIAN_POINT('',(2.919047126512E2,1.001401019519E1,1.039833559030E1));
#387=CARTESIAN_POINT('',(2.918521242771E2,1.000077092222E1,1.064029469927E1));
#388=CARTESIAN_POINT('',(2.916899157688E2,9.990908614272E0,1.082053686588E1));
#389=CARTESIAN_POINT('',(2.915381418643E2,9.987890156026E0,1.087570178840E1));
#390=CARTESIAN_POINT('',(2.914612566964E2,9.987549476525E0,1.088192799950E1));
#392=CARTESIAN_POINT('',(2.914612566964E2,9.987549476525E0,1.088192799950E1));
#393=CARTESIAN_POINT('',(2.914458597161E2,9.987481252241E0,1.088317485702E1));
#394=CARTESIAN_POINT('',(2.914303783693E2,9.987459071830E0,1.088358022312E1));
#395=CARTESIAN_POINT('',(2.914149338088E2,9.987475630748E0,1.088327759465E1));
#397=CARTESIAN_POINT('',(2.914149338088E2,9.987475630748E0,1.088327759465E1));
#398=CARTESIAN_POINT('',(2.913382057798E2,9.987393644499E0,1.088477596392E1));
#399=CARTESIAN_POINT('',(2.911801409618E2,9.989565987999E0,1.084507451665E1));
#400=CARTESIAN_POINT('',(2.910006708490E2,9.998560554557E0,1.068069107091E1));
#401=CARTESIAN_POINT('',(2.909263240703E2,1.001133985086E1,1.044713843147E1));
#402=CARTESIAN_POINT('',(2.909767621620E2,1.002443536463E1,1.020780664569E1));
#403=CARTESIAN_POINT('',(2.911373979684E2,1.003442863985E1,1.002517093937E1));
#404=CARTESIAN_POINT('',(2.912919428127E2,1.003736989323E1,9.971417002330E0));
#405=CARTESIAN_POINT('',(2.913688064963E2,1.003771012852E1,9.965198909569E0));
#407=CARTESIAN_POINT('',(2.913688064963E2,1.003771012852E1,9.965198909569E0));
#408=CARTESIAN_POINT('',(2.913841249667E2,1.003777793537E1,9.963959681041E0));
#409=CARTESIAN_POINT('',(2.913995313151E2,1.003779174273E1,9.963707339655E0));
#410=CARTESIAN_POINT('',(2.914148970412E2,1.003777532647E1,9.964007360873E0));
#412=CARTESIAN_POINT('',(2.884990289626E2,9.764246980673E0,1.496297331431E1));
#413=CARTESIAN_POINT('',(2.884222982700E2,9.764165332604E0,1.496446550306E1));
#414=CARTESIAN_POINT('',(2.882642139722E2,9.766338964146E0,1.492474051572E1));
#415=CARTESIAN_POINT('',(2.880847497119E2,9.775336319508E0,1.476030610219E1));
#416=CARTESIAN_POINT('',(2.880104540200E2,9.788117980821E0,1.452671024013E1));
#417=CARTESIAN_POINT('',(2.880609571650E2,9.801213105984E0,1.428738555641E1));
#418=CARTESIAN_POINT('',(2.882216449817E2,9.811203869726E0,1.410479574968E1));
#419=CARTESIAN_POINT('',(2.883761991047E2,9.814142575520E0,1.405108837186E1));
#420=CARTESIAN_POINT('',(2.884530581932E2,9.814481708307E0,1.404489042827E1));
#422=CARTESIAN_POINT('',(2.884530581932E2,9.814481708307E0,1.404489042827E1));
#423=CARTESIAN_POINT('',(2.884683127484E2,9.814549017455E0,1.404366029566E1));
#424=CARTESIAN_POINT('',(2.884836541717E2,9.814562759803E0,1.404340914243E1));
#425=CARTESIAN_POINT('',(2.884989555174E2,9.814546549798E0,1.404370539422E1));
#427=CARTESIAN_POINT('',(2.884989555174E2,9.814546549798E0,1.404370539422E1));
#428=CARTESIAN_POINT('',(2.885740042168E2,9.814628343256E0,1.404221054838E1));
#429=CARTESIAN_POINT('',(2.887306203400E2,9.812663232579E0,1.407812463742E1));
#430=CARTESIAN_POINT('',(2.889114124760E2,9.803742669755E0,1.424115560122E1));
#431=CARTESIAN_POINT('',(2.889888535056E2,9.790784888324E0,1.447797021002E1));
#432=CARTESIAN_POINT('',(2.889362850588E2,9.777545043147E0,1.471993977656E1));
#433=CARTESIAN_POINT('',(2.887740907930E2,9.767681087819E0,1.490021205039E1));
#434=CARTESIAN_POINT('',(2.886223074089E2,9.764661375552E0,1.495539989121E1));
#435=CARTESIAN_POINT('',(2.885453927722E2,9.764320571457E0,1.496162837939E1));
#437=CARTESIAN_POINT('',(2.885453927722E2,9.764320571457E0,1.496162837939E1));
#438=CARTESIAN_POINT('',(2.885299822451E2,9.764252288345E0,1.496287631204E1));
#439=CARTESIAN_POINT('',(2.885144870829E2,9.764230331431E0,1.496327759354E1));
#440=CARTESIAN_POINT('',(2.884990289626E2,9.764246980673E0,1.496297331431E1));
#442=CARTESIAN_POINT('',(2.851867237342E2,9.503400276776E0,1.973017134656E1));
#443=CARTESIAN_POINT('',(2.851099871610E2,9.503318807479E0,1.973166026810E1));
#444=CARTESIAN_POINT('',(2.849518916722E2,9.505492709375E0,1.969193033981E1));
#445=CARTESIAN_POINT('',(2.847724283591E2,9.514491420878E0,1.952747114162E1));
#446=CARTESIAN_POINT('',(2.846981453965E2,9.527273910459E0,1.929386014227E1));
#447=CARTESIAN_POINT('',(2.847486659590E2,9.540369327176E0,1.905453013014E1));
#448=CARTESIAN_POINT('',(2.849093693521E2,9.550359860707E0,1.887194453071E1));
#449=CARTESIAN_POINT('',(2.850639297695E2,9.553298198133E0,1.881824388513E1));
#450=CARTESIAN_POINT('',(2.851407905335E2,9.553637160807E0,1.881204905051E1));
#452=CARTESIAN_POINT('',(2.851407905335E2,9.553637160807E0,1.881204905051E1));
#453=CARTESIAN_POINT('',(2.851560331207E2,9.553704381947E0,1.881082052633E1));
#454=CARTESIAN_POINT('',(2.851713623893E2,9.553718119740E0,1.881056945633E1));
#455=CARTESIAN_POINT('',(2.851866516908E2,9.553701957105E0,1.881086484239E1));
#457=CARTESIAN_POINT('',(2.851866516908E2,9.553701957105E0,1.881086484239E1));
#458=CARTESIAN_POINT('',(2.852617059339E2,9.553783537700E0,1.880937388680E1));
#459=CARTESIAN_POINT('',(2.854183279581E2,9.551817808649E0,1.884529927718E1));
#460=CARTESIAN_POINT('',(2.855991158183E2,9.542896345436E0,1.900834669637E1));
#461=CARTESIAN_POINT('',(2.856765471143E2,9.529938168724E0,1.924516852927E1));
#462=CARTESIAN_POINT('',(2.856239690849E2,9.516697816031E0,1.948714737109E1));
#463=CARTESIAN_POINT('',(2.854617579122E2,9.506833508051E0,1.966742608993E1));
#464=CARTESIAN_POINT('',(2.853099591873E2,9.503814382532E0,1.972260320745E1));
#465=CARTESIAN_POINT('',(2.852330428634E2,9.503473785850E0,1.972882790497E1));
#467=CARTESIAN_POINT('',(2.852330428634E2,9.503473785850E0,1.972882790497E1));
#468=CARTESIAN_POINT('',(2.852176471258E2,9.503405611282E0,1.973007385389E1));
#469=CARTESIAN_POINT('',(2.852021669709E2,9.503383685704E0,1.973047456269E1));
#470=CARTESIAN_POINT('',(2.851867237342E2,9.503400276776E0,1.973017134656E1));
#472=DIRECTION('',(3.310493466822E-8,-7.446835934221E-1,6.674176695953E-1));
#473=VECTOR('',#472,1.414213565609E0);
#474=CARTESIAN_POINT('',(7.945786409537E1,5.907388490484E0,8.545038218689E1));
#475=LINE('',#474,#473);
#476=DIRECTION('',(4.999999911556E-1,-7.333682613382E-1,4.606202363187E-1));
#477=VECTOR('',#476,1.414213566531E0);
#478=CARTESIAN_POINT('',(8.582182546953E1,6.051409169433E0,8.281828038778E1));
#479=LINE('',#478,#477);
#480=DIRECTION('',(5.000001484793E-1,-7.333682527427E-1,4.606200792299E-1));
#481=VECTOR('',#480,1.414213541164E0);
#482=CARTESIAN_POINT('',(8.796396040407E1,6.168445196053E0,8.067934507931E1));
#483=LINE('',#482,#481);
#484=DIRECTION('',(-7.195407798180E-8,-7.446835934221E-1,6.674176695953E-1));
#485=VECTOR('',#484,1.414213535479E0);
#486=CARTESIAN_POINT('',(9.574213594355E1,6.344470482620E0,7.746233122584E1));
#487=LINE('',#486,#485);
#488=DIRECTION('',(2.099814655023E-7,-7.446835934221E-1,6.674176695953E-1));
#489=VECTOR('',#488,1.414213541164E0);
#490=CARTESIAN_POINT('',(2.014578634430E2,6.344470495926E0,7.746233121392E1));
#491=LINE('',#490,#489);
#492=DIRECTION('',(-5.000000508792E-1,-7.333682580752E-1,4.606201766842E-1));
#493=VECTOR('',#492,1.414213535479E0);
#494=CARTESIAN_POINT('',(2.092360391532E2,6.168445206651E0,8.067934465439E1));
#495=LINE('',#494,#493);
#496=DIRECTION('',(-4.999999911556E-1,-7.333682613382E-1,4.606202363187E-1));
#497=VECTOR('',#496,1.414213566531E0);
#498=CARTESIAN_POINT('',(2.113781745305E2,6.051409169433E0,8.281828038778E1));
#499=LINE('',#498,#497);
#500=DIRECTION('',(-3.310492461963E-8,-7.446835934221E-1,6.674176695953E-1));
#501=VECTOR('',#500,1.414213565609E0);
#502=CARTESIAN_POINT('',(2.177421359046E2,5.907388490484E0,8.545038218689E1));
#503=LINE('',#502,#501);
#504=DIRECTION('',(1.286862848977E-8,-7.446835934221E-1,6.674176695953E-1));
#505=VECTOR('',#504,1.414213565722E0);
#506=CARTESIAN_POINT('',(2.871999998908E2,5.907388490988E0,8.545038218643E1));
#507=LINE('',#506,#505);
#508=DIRECTION('',(7.071067811866E-1,-7.060506330182E-1,-3.863293432620E-2));
#509=VECTOR('',#508,1.414213564901E0);
#510=CARTESIAN_POINT('',(2.961999999893E2,6.399105827776E0,7.646382455713E1));
#511=LINE('',#510,#509);
#512=DIRECTION('',(7.071067811864E-1,-7.060506299993E-1,-3.863298950083E-2));
#513=VECTOR('',#512,1.414213564902E0);
#514=CARTESIAN_POINT('',(2.961999999893E2,1.000503287587E1,1.056240402439E1));
#515=LINE('',#514,#513);
#516=DIRECTION('',(1.286854810104E-8,-6.674176695953E-1,-7.446835934221E-1));
#517=VECTOR('',#516,1.414213565722E0);
#518=CARTESIAN_POINT('',(2.871999998908E2,1.049675021961E1,1.575846395471E0));
#519=LINE('',#518,#517);
#520=DIRECTION('',(-1.286860211222E-8,-6.674176695955E-1,-7.446835934219E-1));
#521=VECTOR('',#520,1.414213565722E0);
#522=CARTESIAN_POINT('',(1.000000010919E1,1.049675021961E1,1.575846395472E0));
#523=LINE('',#522,#521);
#524=CARTESIAN_POINT('',(1.E1,9.006526499162E0,1.050776853103E1));
#525=DIRECTION('',(0.E0,9.985063788017E-1,5.463525869255E-2));
#526=DIRECTION('',(0.E0,5.463525869255E-2,-9.985063788017E-1));
#527=AXIS2_PLACEMENT_3D('',#524,#525,#526);
#529=CARTESIAN_POINT('',(1.000000019198E1,1.054635258693E0,5.770646178169E-2));
#530=CARTESIAN_POINT('',(9.252406876054E0,1.054635259009E0,5.770640383521E-2));
#531=CARTESIAN_POINT('',(7.751956068378E0,1.053711722842E0,2.269453854842E-1));
#532=CARTESIAN_POINT('',(5.617948752989E0,1.049623330834E0,9.761475553320E-1));
#533=CARTESIAN_POINT('',(3.703403560945E0,1.043038085046E0,2.182900827386E0));
#534=CARTESIAN_POINT('',(2.105163020366E0,1.034282662257E0,3.787341335639E0));
#535=CARTESIAN_POINT('',(9.038638542158E-1,1.023791620426E0,5.709835873431E0));
#536=CARTESIAN_POINT('',(1.641808219093E-1,1.012133682646E0,7.846165330974E0));
#537=CARTESIAN_POINT('',(-4.992983385237E-8,1.004042917738E0,9.328806577817E0));
#538=CARTESIAN_POINT('',(0.E0,9.999999990779E-1,1.006967570852E1));
#540=DIRECTION('',(-1.186516684886E-8,9.985063787256E-1,5.463526008169E-2));
#541=VECTOR('',#540,8.510955983494E0);
#542=CARTESIAN_POINT('',(1.000000019198E1,1.054635258693E0,5.770646178169E-2));
#543=LINE('',#542,#541);
#544=DIRECTION('',(2.818510257961E-8,-7.261663923279E-1,6.875189965764E-1));
#545=VECTOR('',#544,1.452332784655E0);
#546=CARTESIAN_POINT('',(1.000000019198E1,1.054635258693E0,5.770646178169E-2));
#547=LINE('',#546,#545);
#548=DIRECTION('',(7.071067815126E-1,-7.071067808605E-1,2.397970811404E-8));
#549=VECTOR('',#548,1.414213561721E0);
#550=CARTESIAN_POINT('',(0.E0,9.999999990779E-1,1.006967570852E1));
#551=LINE('',#550,#549);
#552=DIRECTION('',(7.071067808618E-1,-7.071067815113E-1,-2.364537134790E-8));
#553=VECTOR('',#552,1.414213563023E0);
#554=CARTESIAN_POINT('',(0.E0,1.000000000919E0,7.616840183024E1));
#555=LINE('',#554,#553);
#556=CARTESIAN_POINT('',(1.E1,5.400599425454E0,7.640918953194E1));
#557=DIRECTION('',(0.E0,9.985063788017E-1,5.463525869255E-2));
#558=DIRECTION('',(-1.E0,0.E0,0.E0));
#559=AXIS2_PLACEMENT_3D('',#556,#557,#558);
#561=CARTESIAN_POINT('',(0.E0,1.000000000919E0,7.616840183024E1));
#562=CARTESIAN_POINT('',(-5.078034259220E-8,9.959092171490E-1,
7.691804229291E1));
#563=CARTESIAN_POINT('',(1.696164190712E-1,9.876974834783E-1,7.842285119385E1));
#564=CARTESIAN_POINT('',(9.200561761958E-1,9.760256819166E-1,8.056172120407E1));
#565=CARTESIAN_POINT('',(2.127801112064E0,9.655625343994E-1,8.247910407924E1));
#566=CARTESIAN_POINT('',(3.731936615622E0,9.568373049911E-1,8.407801161849E1));
#567=CARTESIAN_POINT('',(5.652076552268E0,9.502863314184E-1,8.527848447079E1));
#568=CARTESIAN_POINT('',(7.783778145108E0,9.462576984850E-1,8.601673572685E1));
#569=CARTESIAN_POINT('',(9.261409798426E0,9.453647410239E-1,8.618037112828E1));
#570=CARTESIAN_POINT('',(1.000000017589E1,9.453647413074E-1,8.618037107632E1));
#572=DIRECTION('',(-7.071067811865E-1,-7.060506330182E-1,-3.863293432607E-2));
#573=VECTOR('',#572,1.414213564901E0);
#574=CARTESIAN_POINT('',(1.000000010727E0,6.399105827776E0,7.646382455713E1));
#575=LINE('',#574,#573);
#576=DIRECTION('',(-1.286860085615E-8,-7.446835934221E-1,6.674176695953E-1));
#577=VECTOR('',#576,1.414213565722E0);
#578=CARTESIAN_POINT('',(1.000000010919E1,5.907388490988E0,8.545038218643E1));
#579=LINE('',#578,#577);
#580=DIRECTION('',(1.E0,6.045617203137E-12,-5.417927096576E-12));
#581=VECTOR('',#580,6.945786405119E1);
#582=CARTESIAN_POINT('',(2.177421358578E2,4.854246850579E0,8.639425330915E1));
#583=LINE('',#582,#581);
#584=DIRECTION('',(-2.168489014055E-8,-9.985063789669E-1,-5.463525567233E-2));
#585=VECTOR('',#584,3.914729231611E0);
#586=CARTESIAN_POINT('',(2.871999999090E2,4.854246850999E0,8.639425330878E1));
#587=LINE('',#586,#585);
#588=DIRECTION('',(1.E0,0.E0,0.E0));
#589=VECTOR('',#588,6.945786403085E1);
#590=CARTESIAN_POINT('',(2.177421357933E2,9.453647413074E-1,8.618037107632E1));
#591=LINE('',#590,#589);
#592=DIRECTION('',(-1.648743054028E-8,-9.985063789613E-1,-5.463525577403E-2));
#593=VECTOR('',#592,3.914729231212E0);
#594=CARTESIAN_POINT('',(2.177421358578E2,4.854246850579E0,8.639425330915E1));
#595=LINE('',#594,#593);
#596=DIRECTION('',(1.E0,-6.045668352330E-12,5.418336290118E-12));
#597=VECTOR('',#596,6.945786405120E1);
#598=CARTESIAN_POINT('',(1.000000009099E1,4.854246850999E0,8.639425330878E1));
#599=LINE('',#598,#597);
#600=DIRECTION('',(-1.648745232088E-8,9.985063789613E-1,5.463525577403E-2));
#601=VECTOR('',#600,3.914729231212E0);
#602=CARTESIAN_POINT('',(7.945786420674E1,9.453647413074E-1,8.618037107632E1));
#603=LINE('',#602,#601);
#604=DIRECTION('',(1.E0,0.E0,0.E0));
#605=VECTOR('',#604,6.945786403085E1);
#606=CARTESIAN_POINT('',(1.000000017589E1,9.453647413074E-1,8.618037107632E1));
#607=LINE('',#606,#605);
#608=DIRECTION('',(-2.168490012333E-8,9.985063789669E-1,5.463525567233E-2));
#609=VECTOR('',#608,3.914729231611E0);
#610=CARTESIAN_POINT('',(1.000000017589E1,9.453647413074E-1,8.618037107632E1));
#611=LINE('',#610,#609);
#612=CARTESIAN_POINT('',(2.872E2,5.400599425454E0,7.640918953194E1));
#613=DIRECTION('',(0.E0,9.985063788017E-1,5.463525869255E-2));
#614=DIRECTION('',(0.E0,-5.463525869255E-2,9.985063788017E-1));
#615=AXIS2_PLACEMENT_3D('',#612,#613,#614);
#617=CARTESIAN_POINT('',(2.871999998241E2,9.453647413074E-1,8.618037107632E1));
#618=CARTESIAN_POINT('',(2.879475931187E2,9.453647410177E-1,8.618037112941E1));
#619=CARTESIAN_POINT('',(2.894480439745E2,9.462882771970E-1,8.601113214545E1));
#620=CARTESIAN_POINT('',(2.915820512410E2,9.503766691660E-1,8.526192998278E1));
#621=CARTESIAN_POINT('',(2.934965964407E2,9.569619149539E-1,8.405517671070E1));
#622=CARTESIAN_POINT('',(2.950948369792E2,9.657173377423E-1,8.245073620253E1));
#623=CARTESIAN_POINT('',(2.962961361459E2,9.762083795752E-1,8.052824166443E1));
#624=CARTESIAN_POINT('',(2.970358191778E2,9.878663173444E-1,7.839191220889E1));
#625=CARTESIAN_POINT('',(2.972000000498E2,9.959570822628E-1,7.690927096007E1));
#626=CARTESIAN_POINT('',(2.972E2,1.000000000919E0,7.616840183024E1));
#628=DIRECTION('',(-2.204835653714E-13,5.463525869255E-2,-9.985063788017E-1));
#629=VECTOR('',#628,6.599999960927E1);
#630=CARTESIAN_POINT('',(2.971999999911E2,5.400599445054E0,7.640918933735E1));
#631=LINE('',#630,#629);
#632=DIRECTION('',(1.114764337499E-9,-9.985063786205E-1,-5.463526200290E-2));
#633=VECTOR('',#632,8.018503106008E0);
#634=CARTESIAN_POINT('',(2.971999999911E2,9.006526497415E0,1.050776872659E1));
#635=LINE('',#634,#633);
#636=DIRECTION('',(-2.261740889357E-13,-2.784732693613E-11,-1.E0));
#637=VECTOR('',#636,6.609872612172E1);
#638=CARTESIAN_POINT('',(2.972E2,1.000000000919E0,7.616840183024E1));
#639=LINE('',#638,#637);
#640=DIRECTION('',(2.028298843517E-9,-9.985063791394E-1,-5.463525252044E-2));
#641=VECTOR('',#640,4.407182103262E0);
#642=CARTESIAN_POINT('',(2.971999999911E2,5.400599445054E0,7.640918933735E1));
#643=LINE('',#642,#641);
#644=CARTESIAN_POINT('',(2.872E2,9.006526499163E0,1.050776853103E1));
#645=DIRECTION('',(0.E0,9.985063788017E-1,5.463525869255E-2));
#646=DIRECTION('',(1.E0,1.083577672034E-14,-1.984190589610E-13));
#647=AXIS2_PLACEMENT_3D('',#644,#645,#646);
#649=CARTESIAN_POINT('',(2.972E2,9.999999990779E-1,1.006967570852E1));
#650=CARTESIAN_POINT('',(2.972000000510E2,1.004090782852E0,9.320035244978E0));
#651=CARTESIAN_POINT('',(2.970303835813E2,1.012302516512E0,7.815226346004E0));
#652=CARTESIAN_POINT('',(2.962799438237E2,1.023974318085E0,5.676356333784E0));
#653=CARTESIAN_POINT('',(2.950721988884E2,1.034437465600E0,3.758973458924E0));
#654=CARTESIAN_POINT('',(2.934680633828E2,1.043162695009E0,2.160065919590E0));
#655=CARTESIAN_POINT('',(2.915479234537E2,1.049713668582E0,9.595930673169E-1));
#656=CARTESIAN_POINT('',(2.894162218118E2,1.053742301554E0,2.213418041004E-1));
#657=CARTESIAN_POINT('',(2.879385902069E2,1.054635259002E0,5.770640506881E-2));
#658=CARTESIAN_POINT('',(2.871999998080E2,1.054635258693E0,5.770646177964E-2));
#660=DIRECTION('',(-1.E0,0.E0,0.E0));
#661=VECTOR('',#660,2.771999998180E2);
#662=CARTESIAN_POINT('',(2.871999999090E2,9.552879097264E0,5.227047554824E-1));
#663=LINE('',#662,#661);
#664=DIRECTION('',(-1.E0,0.E0,0.E0));
#665=VECTOR('',#664,2.771999996160E2);
#666=CARTESIAN_POINT('',(2.871999998080E2,1.054635258693E0,5.770646177964E-2));
#667=LINE('',#666,#665);
#668=DIRECTION('',(1.186518166756E-8,9.985063787256E-1,5.463526008178E-2));
#669=VECTOR('',#668,8.510955983494E0);
#670=CARTESIAN_POINT('',(2.871999998080E2,1.054635258693E0,5.770646177964E-2));
#671=LINE('',#670,#669);
#672=DIRECTION('',(-2.818513560347E-8,-7.261663923277E-1,6.875189965766E-1));
#673=VECTOR('',#672,1.452332784655E0);
#674=CARTESIAN_POINT('',(2.871999998080E2,1.054635258693E0,5.770646177964E-2));
#675=LINE('',#674,#673);
#676=CARTESIAN_POINT('',(1.E1,0.E0,1.069899193646E1));
#677=DIRECTION('',(0.E0,-1.E0,0.E0));
#678=DIRECTION('',(1.E0,0.E0,0.E0));
#679=AXIS2_PLACEMENT_3D('',#676,#677,#678);
#681=CARTESIAN_POINT('',(1.E1,0.E0,1.069899193646E1));
#682=DIRECTION('',(0.E0,-1.E0,0.E0));
#683=DIRECTION('',(-1.E0,0.E0,0.E0));
#684=AXIS2_PLACEMENT_3D('',#681,#682,#683);
#686=CARTESIAN_POINT('',(2.872E2,0.E0,1.069899193646E1));
#687=DIRECTION('',(0.E0,-1.E0,0.E0));
#688=DIRECTION('',(1.E0,0.E0,0.E0));
#689=AXIS2_PLACEMENT_3D('',#686,#687,#688);
#691=CARTESIAN_POINT('',(2.872E2,0.E0,1.069899193646E1));
#692=DIRECTION('',(0.E0,-1.E0,0.E0));
#693=DIRECTION('',(-1.E0,0.E0,0.E0));
#694=AXIS2_PLACEMENT_3D('',#691,#692,#693);
#696=CARTESIAN_POINT('',(7.945786417503E1,0.E0,8.518186469752E1));
#697=CARTESIAN_POINT('',(8.004902955688E1,0.E0,8.518186473745E1));
#698=CARTESIAN_POINT('',(8.123433579084E1,0.E0,8.506455972561E1));
#699=CARTESIAN_POINT('',(8.294251075993E1,0.E0,8.454246570839E1));
#700=CARTESIAN_POINT('',(8.450799623948E1,0.E0,8.369839234717E1));
#701=CARTESIAN_POINT('',(8.541016270066E1,0.E0,8.295416115235E1));
#702=CARTESIAN_POINT('',(8.582182557026E1,0.E0,8.254188243142E1));
#704=DIRECTION('',(7.065781143479E-1,0.E0,-7.076350530638E-1));
#705=VECTOR('',#704,3.031702969268E0);
#706=CARTESIAN_POINT('',(8.582182557026E1,0.E0,8.254188243142E1));
#707=LINE('',#706,#705);
#708=CARTESIAN_POINT('',(8.796396053754E1,0.E0,8.039654313989E1));
#709=CARTESIAN_POINT('',(8.847268848146E1,0.E0,7.988705402147E1));
#710=CARTESIAN_POINT('',(8.958441736913E1,0.E0,7.897074513938E1));
#711=CARTESIAN_POINT('',(9.154214238584E1,0.E0,7.792317665463E1));
#712=CARTESIAN_POINT('',(9.365595723753E1,0.E0,7.729938058273E1));
#713=CARTESIAN_POINT('',(9.504156174576E1,0.E0,7.716989770890E1));
#714=CARTESIAN_POINT('',(9.574213640881E1,0.E0,7.716989785400E1));
#716=DIRECTION('',(1.E0,0.E0,0.E0));
#717=VECTOR('',#716,1.057157272798E2);
#718=CARTESIAN_POINT('',(9.574213640881E1,0.E0,7.716989785400E1));
#719=LINE('',#718,#717);
#720=CARTESIAN_POINT('',(2.014578636886E2,0.E0,7.716989785400E1));
#721=CARTESIAN_POINT('',(2.021770158963E2,0.E0,7.716989772098E1));
#722=CARTESIAN_POINT('',(2.036088349743E2,0.E0,7.730901926076E1));
#723=CARTESIAN_POINT('',(2.057328843242E2,0.E0,7.795427362254E1));
#724=CARTESIAN_POINT('',(2.076684929549E2,0.E0,7.901000613970E1));
#725=CARTESIAN_POINT('',(2.087404945618E2,0.E0,7.990025676739E1));
#726=CARTESIAN_POINT('',(2.092360395324E2,0.E0,8.039654320992E1));
#728=DIRECTION('',(7.065781143479E-1,0.E0,7.076350530638E-1));
#729=VECTOR('',#728,3.031702870315E0);
#730=CARTESIAN_POINT('',(2.092360395324E2,0.E0,8.039654320992E1));
#731=LINE('',#730,#729);
#732=CARTESIAN_POINT('',(2.113781744298E2,0.E0,8.254188243142E1));
#733=CARTESIAN_POINT('',(2.117962736093E2,0.E0,8.296060709179E1));
#734=CARTESIAN_POINT('',(2.127178294900E2,0.E0,8.371746487607E1));
#735=CARTESIAN_POINT('',(2.142943305788E2,0.E0,8.455772948693E1));
#736=CARTESIAN_POINT('',(2.159970896820E2,0.E0,8.506930428226E1));
#737=CARTESIAN_POINT('',(2.171600116767E2,0.E0,8.518186473643E1));
#738=CARTESIAN_POINT('',(2.177421358250E2,0.E0,8.518186469752E1));
#740=DIRECTION('',(1.E0,0.E0,0.E0));
#741=VECTOR('',#740,6.945786396626E1);
#742=CARTESIAN_POINT('',(2.177421358250E2,0.E0,8.518186469752E1));
#743=LINE('',#742,#741);
#744=CARTESIAN_POINT('',(2.871999997912E2,0.E0,8.518186469752E1));
#745=CARTESIAN_POINT('',(2.878728361605E2,0.E0,8.518186474480E1));
#746=CARTESIAN_POINT('',(2.892232384890E2,0.E0,8.502950417755E1));
#747=CARTESIAN_POINT('',(2.911438464090E2,0.E0,8.435502090522E1));
#748=CARTESIAN_POINT('',(2.928669367183E2,0.E0,8.326861864110E1));
#749=CARTESIAN_POINT('',(2.943053533023E2,0.E0,8.182419112083E1));
#750=CARTESIAN_POINT('',(2.953865225257E2,0.E0,8.009342902755E1));
#751=CARTESIAN_POINT('',(2.960522372615E2,0.E0,7.817015981746E1));
#752=CARTESIAN_POINT('',(2.962000000447E2,0.E0,7.683538078325E1));
#753=CARTESIAN_POINT('',(2.962E2,0.E0,7.616840179680E1));
#755=DIRECTION('',(-2.201542464888E-13,0.E0,-1.E0));
#756=VECTOR('',#755,6.609872605437E1);
#757=CARTESIAN_POINT('',(2.962E2,0.E0,7.616840179680E1));
#758=LINE('',#757,#756);
#759=CARTESIAN_POINT('',(2.962E2,-2.953193245503E-13,1.006967574243E1));
#760=CARTESIAN_POINT('',(2.962000000459E2,-2.953193245503E-13,
9.394800281721E0));
#761=CARTESIAN_POINT('',(2.960473452247E2,1.370723149504E-13,8.040064283257E0));
#762=CARTESIAN_POINT('',(2.953719494359E2,-3.677424951585E-14,
6.114507937979E0));
#763=CARTESIAN_POINT('',(2.942849790198E2,1.002470053473E-14,4.388347702185E0));
#764=CARTESIAN_POINT('',(2.928412569689E2,0.E0,2.948901344260E0));
#765=CARTESIAN_POINT('',(2.911131313904E2,0.E0,1.868153144768E0));
#766=CARTESIAN_POINT('',(2.891945985757E2,0.E0,1.203528623444E0));
#767=CARTESIAN_POINT('',(2.878647334491E2,2.061314082387E-14,1.056212788964E0));
#768=CARTESIAN_POINT('',(2.871999997671E2,2.061314082387E-14,1.056212840581E0));
#770=DIRECTION('',(-1.E0,0.E0,0.E0));
#771=VECTOR('',#770,2.771999995342E2);
#772=CARTESIAN_POINT('',(2.871999997671E2,2.061314082387E-14,1.056212840581E0));
#773=LINE('',#772,#771);
#774=CARTESIAN_POINT('',(1.000000023291E1,-3.242221306247E-13,
1.056212840583E0));
#775=CARTESIAN_POINT('',(9.327163839692E0,-3.242221306247E-13,
1.056212787841E0));
#776=CARTESIAN_POINT('',(7.976761556380E0,1.504719823290E-13,1.208573352488E0));
#777=CARTESIAN_POINT('',(6.056153584975E0,-4.031891164576E-14,
1.883056632891E0));
#778=CARTESIAN_POINT('',(4.333063283285E0,1.080368626916E-14,2.969458896984E0));
#779=CARTESIAN_POINT('',(2.894646697305E0,0.E0,4.413886417348E0));
#780=CARTESIAN_POINT('',(1.813477474454E0,0.E0,6.144648510269E0));
#781=CARTESIAN_POINT('',(1.147762738082E0,0.E0,8.067917722782E0));
#782=CARTESIAN_POINT('',(9.999999550507E-1,0.E0,9.402696754851E0));
#783=CARTESIAN_POINT('',(1.E0,0.E0,1.006967574244E1));
#785=DIRECTION('',(0.E0,0.E0,1.E0));
#786=VECTOR('',#785,6.609872605436E1);
#787=CARTESIAN_POINT('',(1.E0,0.E0,1.006967574244E1));
#788=LINE('',#787,#786);
#789=CARTESIAN_POINT('',(1.E0,0.E0,7.616840179680E1));
#790=CARTESIAN_POINT('',(9.999999543620E-1,0.E0,7.684327725639E1));
#791=CARTESIAN_POINT('',(1.152654775704E0,0.E0,7.819801325697E1));
#792=CARTESIAN_POINT('',(1.828050564018E0,0.E0,8.012356959984E1));
#793=CARTESIAN_POINT('',(2.915020980644E0,0.E0,8.184972983599E1));
#794=CARTESIAN_POINT('',(4.358743029471E0,0.E0,8.328917619382E1));
#795=CARTESIAN_POINT('',(6.086868615607E0,0.E0,8.436992439334E1));
#796=CARTESIAN_POINT('',(8.005401378719E0,0.E0,8.503454890661E1));
#797=CARTESIAN_POINT('',(9.335266550870E0,0.E0,8.518186474379E1));
#798=CARTESIAN_POINT('',(1.000000020877E1,0.E0,8.518186469752E1));
#800=DIRECTION('',(1.E0,0.E0,0.E0));
#801=VECTOR('',#800,6.945786396626E1);
#802=CARTESIAN_POINT('',(1.000000020877E1,0.E0,8.518186469752E1));
#803=LINE('',#802,#801);
#804=CARTESIAN_POINT('',(2.872E2,0.E0,7.646382479063E1));
#805=DIRECTION('',(0.E0,-1.E0,0.E0));
#806=DIRECTION('',(1.E0,0.E0,0.E0));
#807=AXIS2_PLACEMENT_3D('',#804,#805,#806);
#809=CARTESIAN_POINT('',(2.872E2,0.E0,7.646382479063E1));
#810=DIRECTION('',(0.E0,-1.E0,0.E0));
#811=DIRECTION('',(-1.E0,0.E0,0.E0));
#812=AXIS2_PLACEMENT_3D('',#809,#810,#811);
#814=CARTESIAN_POINT('',(1.E1,0.E0,7.646382479063E1));
#815=DIRECTION('',(0.E0,-1.E0,0.E0));
#816=DIRECTION('',(1.E0,0.E0,0.E0));
#817=AXIS2_PLACEMENT_3D('',#814,#815,#816);
#819=CARTESIAN_POINT('',(1.E1,0.E0,7.646382479063E1));
#820=DIRECTION('',(0.E0,-1.E0,0.E0));
#821=DIRECTION('',(-1.E0,0.E0,0.E0));
#822=AXIS2_PLACEMENT_3D('',#819,#820,#821);
#824=DIRECTION('',(0.E0,-1.E0,0.E0));
#825=VECTOR('',#824,1.E0);
#826=CARTESIAN_POINT('',(5.75E0,1.E0,1.069899193646E1));
#827=LINE('',#826,#825);
#828=DIRECTION('',(0.E0,-1.E0,0.E0));
#829=VECTOR('',#828,1.E0);
#830=CARTESIAN_POINT('',(1.425E1,1.E0,1.069899193646E1));
#831=LINE('',#830,#829);
#832=CARTESIAN_POINT('',(1.E1,1.E0,1.069899193646E1));
#833=DIRECTION('',(0.E0,1.E0,0.E0));
#834=DIRECTION('',(-1.E0,0.E0,0.E0));
#835=AXIS2_PLACEMENT_3D('',#832,#833,#834);
#837=CARTESIAN_POINT('',(1.E1,1.E0,1.069899193646E1));
#838=DIRECTION('',(0.E0,1.E0,0.E0));
#839=DIRECTION('',(1.E0,0.E0,0.E0));
#840=AXIS2_PLACEMENT_3D('',#837,#838,#839);
#842=DIRECTION('',(0.E0,-1.E0,0.E0));
#843=VECTOR('',#842,1.E0);
#844=CARTESIAN_POINT('',(2.8295E2,1.E0,1.069899193646E1));
#845=LINE('',#844,#843);
#846=DIRECTION('',(0.E0,-1.E0,0.E0));
#847=VECTOR('',#846,1.E0);
#848=CARTESIAN_POINT('',(2.9145E2,1.E0,1.069899193646E1));
#849=LINE('',#848,#847);
#850=CARTESIAN_POINT('',(2.872E2,1.E0,1.069899193646E1));
#851=DIRECTION('',(0.E0,1.E0,0.E0));
#852=DIRECTION('',(-1.E0,0.E0,0.E0));
#853=AXIS2_PLACEMENT_3D('',#850,#851,#852);
#855=CARTESIAN_POINT('',(2.872E2,1.E0,1.069899193646E1));
#856=DIRECTION('',(0.E0,1.E0,0.E0));
#857=DIRECTION('',(1.E0,0.E0,0.E0));
#858=AXIS2_PLACEMENT_3D('',#855,#856,#857);
#860=DIRECTION('',(-2.305622148851E-8,-6.875189965766E-1,-7.261663923277E-1));
#861=VECTOR('',#860,1.375037993153E0);
#862=CARTESIAN_POINT('',(7.945786420674E1,9.453647413074E-1,8.618037107632E1));
#863=LINE('',#862,#861);
#864=CARTESIAN_POINT('',(7.945786437628E1,5.400599425454E0,7.640918953194E1));
#865=DIRECTION('',(0.E0,9.985063788017E-1,5.463525869255E-2));
#866=DIRECTION('',(0.E0,-5.463525869255E-2,9.985063788017E-1));
#867=AXIS2_PLACEMENT_3D('',#864,#865,#866);
#869=CARTESIAN_POINT('',(7.945786420674E1,9.453647413074E-1,8.618037107632E1));
#870=CARTESIAN_POINT('',(8.011471281991E1,9.453647410627E-1,8.618037112116E1));
#871=CARTESIAN_POINT('',(8.143172276411E1,9.460757898575E-1,8.605007067570E1));
#872=CARTESIAN_POINT('',(8.332969189945E1,9.492404606490E-1,8.547014139808E1));
#873=CARTESIAN_POINT('',(8.506912790910E1,9.543568663208E-1,8.453255463449E1));
#874=CARTESIAN_POINT('',(8.607151660069E1,9.588679358053E-1,8.370589636899E1));
#875=CARTESIAN_POINT('',(8.652893232539E1,9.613670388365E-1,8.324793308906E1));
#877=DIRECTION('',(7.071067921191E-1,3.863294587821E-2,-7.060506214371E-1));
#878=VECTOR('',#877,3.029436526739E0);
#879=CARTESIAN_POINT('',(8.652893224029E1,5.014269824985E0,8.346969577500E1));
#880=LINE('',#879,#878);
#881=DIRECTION('',(2.249246061465E-8,-9.985063769782E-1,-5.463529201777E-2));
#882=VECTOR('',#881,4.176176475784E0);
#883=CARTESIAN_POINT('',(8.867106738464E1,5.131305882364E0,8.133076023269E1));
#884=LINE('',#883,#882);
#885=DIRECTION('',(7.065781143575E-1,3.533176548985E-10,-7.076350530541E-1));
#886=VECTOR('',#885,3.031703232312E0);
#887=CARTESIAN_POINT('',(8.652893232539E1,9.613670388365E-1,8.324793308906E1));
#888=LINE('',#887,#886);
#889=DIRECTION('',(-2.096713103213E-8,9.985063779360E-1,5.463527451370E-2));
#890=VECTOR('',#889,4.058965346347E0);
#891=CARTESIAN_POINT('',(8.652893232539E1,9.613670388365E-1,8.324793308906E1));
#892=LINE('',#891,#890);
#893=CARTESIAN_POINT('',(9.574213562374E1,4.744976321144E0,8.839126607756E1));
#894=DIRECTION('',(0.E0,-9.985063788017E-1,-5.463525869255E-2));
#895=DIRECTION('',(-7.071067811865E-1,3.863296191338E-2,-7.060506315087E-1));
#896=AXIS2_PLACEMENT_3D('',#893,#894,#895);
#898=CARTESIAN_POINT('',(8.867106747857E1,9.613670399076E-1,8.110259361142E1));
#899=CARTESIAN_POINT('',(8.913353327014E1,9.588403451525E-1,8.063929761259E1));
#900=CARTESIAN_POINT('',(9.014421653737E1,9.542958693122E-1,7.980602027692E1));
#901=CARTESIAN_POINT('',(9.192395794805E1,9.491005792025E-1,7.885340931524E1));
#902=CARTESIAN_POINT('',(9.384561123512E1,9.460068982168E-1,7.828615044101E1));
#903=CARTESIAN_POINT('',(9.510524827666E1,9.453647405957E-1,7.816840410229E1));
#904=CARTESIAN_POINT('',(9.574213615318E1,9.453647413074E-1,7.816840423280E1));
#906=DIRECTION('',(1.E0,8.581235737907E-11,-7.690813492410E-11));
#907=VECTOR('',#906,1.057157278981E2);
#908=CARTESIAN_POINT('',(9.574213584179E1,5.291328865154E0,7.840620232800E1));
#909=LINE('',#908,#907);
#910=DIRECTION('',(3.965776774880E-8,-9.985063783983E-1,-5.463526606501E-2));
#911=VECTOR('',#910,4.352465068765E0);
#912=CARTESIAN_POINT('',(2.014578637399E2,5.291328874225E0,7.840620231987E1));
#913=LINE('',#912,#911);
#914=DIRECTION('',(1.E0,0.E0,0.E0));
#915=VECTOR('',#914,1.057157277594E2);
#916=CARTESIAN_POINT('',(9.574213615318E1,9.453647413074E-1,7.816840423280E1));
#917=LINE('',#916,#915);
#918=DIRECTION('',(7.154188595063E-8,-9.985063782901E-1,-5.463526804113E-2));
#919=VECTOR('',#918,4.352465060151E0);
#920=CARTESIAN_POINT('',(9.574213584179E1,5.291328865154E0,7.840620232800E1));
#921=LINE('',#920,#919);
#922=CARTESIAN_POINT('',(2.014578643763E2,4.744976321144E0,8.839126607756E1));
#923=DIRECTION('',(0.E0,-9.985063788017E-1,-5.463525869255E-2));
#924=DIRECTION('',(0.E0,5.463525869255E-2,-9.985063788017E-1));
#925=AXIS2_PLACEMENT_3D('',#922,#923,#924);
#927=CARTESIAN_POINT('',(2.014578639125E2,9.453647413074E-1,7.816840423280E1));
#928=CARTESIAN_POINT('',(2.021116406163E2,9.453647406549E-1,7.816840411316E1));
#929=CARTESIAN_POINT('',(2.034132907407E2,9.460547006415E-1,7.829491551723E1));
#930=CARTESIAN_POINT('',(2.053442480762E2,9.492548017216E-1,7.888168763256E1));
#931=CARTESIAN_POINT('',(2.071038840934E2,9.544905830886E-1,7.984172309120E1));
#932=CARTESIAN_POINT('',(2.080784505780E2,9.589058191318E-1,8.065130295378E1));
#933=CARTESIAN_POINT('',(2.085289325688E2,9.613670401661E-1,8.110259365881E1));
#935=DIRECTION('',(7.071067941297E-1,-3.863294292920E-2,7.060506195849E-1));
#936=VECTOR('',#935,3.029436945025E0);
#937=CARTESIAN_POINT('',(2.085289323135E2,5.131305889590E0,8.133075994297E1));
#938=LINE('',#937,#936);
#939=DIRECTION('',(-2.096711002551E-8,-9.985063779360E-1,-5.463527451368E-2));
#940=VECTOR('',#939,4.058965346347E0);
#941=CARTESIAN_POINT('',(2.106710677597E2,5.014269824985E0,8.346969577500E1));
#942=LINE('',#941,#940);
#943=DIRECTION('',(7.065781143599E-1,-4.385724628951E-10,7.076350530518E-1));
#944=VECTOR('',#943,3.031703165348E0);
#945=CARTESIAN_POINT('',(2.085289325688E2,9.613670401661E-1,8.110259365881E1));
#946=LINE('',#945,#944);
#947=DIRECTION('',(6.111800401744E-8,-9.985063813869E-1,-5.463521144482E-2));
#948=VECTOR('',#947,4.176176464323E0);
#949=CARTESIAN_POINT('',(2.085289323135E2,5.131305889590E0,8.133075994297E1));
#950=LINE('',#949,#948);
#951=CARTESIAN_POINT('',(2.177421356237E2,5.400599425454E0,7.640918953194E1));
#952=DIRECTION('',(0.E0,9.985063788017E-1,5.463525869255E-2));
#953=DIRECTION('',(-7.071067811865E-1,-3.863296191338E-2,7.060506315087E-1));
#954=AXIS2_PLACEMENT_3D('',#951,#952,#953);
#956=CARTESIAN_POINT('',(2.106710676746E2,9.613670388365E-1,8.324793308906E1));
#957=CARTESIAN_POINT('',(2.111356352480E2,9.588288614847E-1,8.371305677966E1));
#958=CARTESIAN_POINT('',(2.121595671663E2,9.542412588571E-1,8.455373982478E1));
#959=CARTESIAN_POINT('',(2.139112429603E2,9.491479387252E-1,8.548709613871E1));
#960=CARTESIAN_POINT('',(2.158031944519E2,9.460470307227E-1,8.605534081763E1));
#961=CARTESIAN_POINT('',(2.170953329132E2,9.453647410690E-1,8.618037112002E1));
#962=CARTESIAN_POINT('',(2.177421357933E2,9.453647413074E-1,8.618037107632E1));
#964=DIRECTION('',(5.099473912118E-1,-6.933134351924E-1,-5.091857605807E-1));
#965=VECTOR('',#964,1.386626870385E0);
#966=CARTESIAN_POINT('',(2.106710676746E2,9.613670388365E-1,8.324793308906E1));
#967=LINE('',#966,#965);
#968=DIRECTION('',(2.305621115363E-8,-6.875189965766E-1,-7.261663923277E-1));
#969=VECTOR('',#968,1.375037993153E0);
#970=CARTESIAN_POINT('',(2.177421357933E2,9.453647413074E-1,8.618037107632E1));
#971=LINE('',#970,#969);
#972=DIRECTION('',(-2.391876036349E-8,-6.875189965766E-1,-7.261663923277E-1));
#973=VECTOR('',#972,1.375037993153E0);
#974=CARTESIAN_POINT('',(2.871999998241E2,9.453647413074E-1,8.618037107632E1));
#975=LINE('',#974,#973);
#976=DIRECTION('',(-7.071067808618E-1,-7.071067815113E-1,-2.364525076480E-8));
#977=VECTOR('',#976,1.414213563023E0);
#978=CARTESIAN_POINT('',(2.972E2,1.000000000919E0,7.616840183024E1));
#979=LINE('',#978,#977);
#980=DIRECTION('',(-7.071067815124E-1,-7.071067808607E-1,2.397983497751E-8));
#981=VECTOR('',#980,1.414213561721E0);
#982=CARTESIAN_POINT('',(2.972E2,9.999999990779E-1,1.006967570852E1));
#983=LINE('',#982,#981);
#984=DIRECTION('',(5.099475412240E-1,-6.933134356718E-1,-5.091856096911E-1));
#985=VECTOR('',#984,1.386626871344E0);
#986=CARTESIAN_POINT('',(2.085289325688E2,9.613670401661E-1,8.110259365881E1));
#987=LINE('',#986,#985);
#988=DIRECTION('',(-1.628342845749E-7,-6.875189965766E-1,-7.261663923277E-1));
#989=VECTOR('',#988,1.375037993153E0);
#990=CARTESIAN_POINT('',(2.014578639125E2,9.453647413074E-1,7.816840423280E1));
#991=LINE('',#990,#989);
#992=DIRECTION('',(1.859064011111E-7,-6.875189965766E-1,-7.261663923277E-1));
#993=VECTOR('',#992,1.375037993153E0);
#994=CARTESIAN_POINT('',(9.574213615318E1,9.453647413074E-1,7.816840423280E1));
#995=LINE('',#994,#993);
#996=DIRECTION('',(-5.099475249867E-1,-6.933134355786E-1,-5.091856260796E-1));
#997=VECTOR('',#996,1.386626871157E0);
#998=CARTESIAN_POINT('',(8.867106747857E1,9.613670399076E-1,8.110259361142E1));
#999=LINE('',#998,#997);
#1000=DIRECTION('',(-5.099473912118E-1,-6.933134351924E-1,-5.091857605807E-1));
#1001=VECTOR('',#1000,1.386626870385E0);
#1002=CARTESIAN_POINT('',(8.652893232539E1,9.613670388365E-1,8.324793308906E1));
#1003=LINE('',#1002,#1001);
#1004=DIRECTION('',(2.391876165535E-8,-6.875189965766E-1,-7.261663923277E-1));
#1005=VECTOR('',#1004,1.375037993153E0);
#1006=CARTESIAN_POINT('',(1.000000017589E1,9.453647413074E-1,8.618037107632E1));
#1007=LINE('',#1006,#1005);
#1008=DIRECTION('',(0.E0,1.E0,0.E0));
#1009=VECTOR('',#1008,1.E0);
#1010=CARTESIAN_POINT('',(2.9145E2,0.E0,7.646382479063E1));
#1011=LINE('',#1010,#1009);
#1012=DIRECTION('',(0.E0,1.E0,0.E0));
#1013=VECTOR('',#1012,1.E0);
#1014=CARTESIAN_POINT('',(2.8295E2,0.E0,7.646382479063E1));
#1015=LINE('',#1014,#1013);
#1016=CARTESIAN_POINT('',(2.872E2,1.E0,7.646382479063E1));
#1017=DIRECTION('',(0.E0,1.E0,0.E0));
#1018=DIRECTION('',(-1.E0,0.E0,0.E0));
#1019=AXIS2_PLACEMENT_3D('',#1016,#1017,#1018);
#1021=CARTESIAN_POINT('',(2.872E2,1.E0,7.646382479063E1));
#1022=DIRECTION('',(0.E0,1.E0,0.E0));
#1023=DIRECTION('',(1.E0,0.E0,0.E0));
#1024=AXIS2_PLACEMENT_3D('',#1021,#1022,#1023);
#1026=CARTESIAN_POINT('',(1.E1,1.E0,7.646382479063E1));
#1027=DIRECTION('',(0.E0,1.E0,0.E0));
#1028=DIRECTION('',(-1.E0,0.E0,0.E0));
#1029=AXIS2_PLACEMENT_3D('',#1026,#1027,#1028);
#1031=CARTESIAN_POINT('',(1.E1,1.E0,7.646382479063E1));
#1032=DIRECTION('',(0.E0,1.E0,0.E0));
#1033=DIRECTION('',(1.E0,0.E0,0.E0));
#1034=AXIS2_PLACEMENT_3D('',#1031,#1032,#1033);
#1036=DIRECTION('',(0.E0,1.E0,0.E0));
#1037=VECTOR('',#1036,1.E0);
#1038=CARTESIAN_POINT('',(1.425E1,0.E0,7.646382479063E1));
#1039=LINE('',#1038,#1037);
#1040=DIRECTION('',(0.E0,1.E0,0.E0));
#1041=VECTOR('',#1040,1.E0);
#1042=CARTESIAN_POINT('',(5.75E0,0.E0,7.646382479063E1));
#1043=LINE('',#1042,#1041);
#1044=DIRECTION('',(-1.269503021225E-11,-9.985063788014E-1,-5.463525869766E-2));
#1045=VECTOR('',#1044,3.E-1);
#1046=CARTESIAN_POINT('',(2.892254509510E2,9.847946643429E0,1.343328993466E1));
#1047=LINE('',#1046,#1045);
#1048=DIRECTION('',(-1.061077152068E-11,-9.985063788032E-1,-5.463525866380E-2));
#1049=VECTOR('',#1048,3.E-1);
#1050=CARTESIAN_POINT('',(2.877711529651E2,9.847897060933E0,1.343419609745E1));
#1051=LINE('',#1050,#1049);
#1052=DIRECTION('',(-1.894780628694E-13,-9.985063788016E-1,-5.463525869290E-2));
#1053=VECTOR('',#1052,3.E-1);
#1054=CARTESIAN_POINT('',(2.877711529651E2,1.011153763303E1,8.615937719106E0));
#1055=LINE('',#1054,#1053);
#1056=DIRECTION('',(0.E0,-9.985063788017E-1,-5.463525869246E-2));
#1057=VECTOR('',#1056,3.E-1);
#1058=CARTESIAN_POINT('',(2.876461319575E2,1.012312157922E1,8.404231131774E0));
#1059=LINE('',#1058,#1057);
#1060=DIRECTION('',(1.894780628694E-13,-9.985063788017E-1,-5.463525869251E-2));
#1061=VECTOR('',#1060,3.E-1);
#1062=CARTESIAN_POINT('',(2.845098833324E2,1.021979436541E1,6.637452754948E0));
#1063=LINE('',#1062,#1061);
#1064=DIRECTION('',(0.E0,-9.985063788017E-1,-5.463525869250E-2));
#1065=VECTOR('',#1064,3.E-1);
#1066=CARTESIAN_POINT('',(2.845095991971E2,1.024298587698E1,6.213607919434E0));
#1067=LINE('',#1066,#1065);
#1068=DIRECTION('',(0.E0,-9.985063788017E-1,-5.463525869253E-2));
#1069=VECTOR('',#1068,3.E-1);
#1070=CARTESIAN_POINT('',(2.854651006922E2,1.027237995618E1,5.676405821816E0));
#1071=LINE('',#1070,#1069);
#1072=DIRECTION('',(0.E0,-9.985063788017E-1,-5.463525869255E-2));
#1073=VECTOR('',#1072,3.E-1);
#1074=CARTESIAN_POINT('',(2.857138709497E2,1.027238668017E1,5.676282935003E0));
#1075=LINE('',#1074,#1073);
#1076=DIRECTION('',(0.E0,-9.985063788017E-1,-5.463525869251E-2));
#1077=VECTOR('',#1076,3.E-1);
#1078=CARTESIAN_POINT('',(2.891002809494E2,1.016796738061E1,7.584635511332E0));
#1079=LINE('',#1078,#1077);
#1080=DIRECTION('',(0.E0,-9.985063788017E-1,-5.463525869203E-2));
#1081=VECTOR('',#1080,3.E-1);
#1082=CARTESIAN_POINT('',(2.892254509510E2,1.015638020792E1,7.796401065653E0));
#1083=LINE('',#1082,#1081);
#1084=DIRECTION('',(-3.171773128403E-12,5.463525869255E-2,-9.985063788017E-1));
#1085=VECTOR('',#1084,5.645320839883E0);
#1086=CARTESIAN_POINT('',(2.892254509510E2,9.548394729788E0,1.341689935705E1));
#1087=LINE('',#1086,#1085);
#1088=CARTESIAN_POINT('',(2.877711529651E2,9.548345147292E0,1.341780551985E1));
#1089=CARTESIAN_POINT('',(2.876242042854E2,9.543097126618E0,1.351371761479E1));
#1090=CARTESIAN_POINT('',(2.873704498006E2,9.528848746736E0,1.377411902115E1));
#1091=CARTESIAN_POINT('',(2.871727786837E2,9.501992116766E0,1.426494705014E1));
#1092=CARTESIAN_POINT('',(2.871885626301E2,9.473987716380E0,1.477675157143E1));
#1093=CARTESIAN_POINT('',(2.873919029875E2,9.449288186343E0,1.522815674247E1));
#1094=CARTESIAN_POINT('',(2.877514851102E2,9.430076874609E0,1.557926000015E1));
#1095=CARTESIAN_POINT('',(2.882292366086E2,9.419361255829E0,1.577509715662E1));
#1096=CARTESIAN_POINT('',(2.887500510690E2,9.419072822398E0,1.578036852582E1));
#1097=CARTESIAN_POINT('',(2.892245264736E2,9.429492980257E0,1.558993117202E1));
#1098=CARTESIAN_POINT('',(2.895953770262E2,9.448197542606E0,1.524808919552E1));
#1099=CARTESIAN_POINT('',(2.898093167696E2,9.473504691789E0,1.478557926157E1));
#1100=CARTESIAN_POINT('',(2.898259948670E2,9.502229030094E0,1.426061725515E1));
#1101=CARTESIAN_POINT('',(2.896229673238E2,9.529169977592E0,1.376824825076E1));
#1102=CARTESIAN_POINT('',(2.893704195729E2,9.543220142086E0,1.351146940124E1));
#1103=CARTESIAN_POINT('',(2.892254509510E2,9.548394729788E0,1.341689935705E1));
#1105=DIRECTION('',(-6.361136412578E-12,-5.463525869255E-2,9.985063788017E-1));
#1106=VECTOR('',#1105,4.825465796354E0);
#1107=CARTESIAN_POINT('',(2.877711529651E2,9.811985719388E0,8.599547141499E0));
#1108=LINE('',#1107,#1106);
#1109=CARTESIAN_POINT('',(2.876461319575E2,9.823569665581E0,8.387840554166E0));
#1110=CARTESIAN_POINT('',(2.876712680699E2,9.822793059550E0,8.402033697836E0));
#1111=CARTESIAN_POINT('',(2.877161350680E2,9.820797811700E0,8.438498569659E0));
#1112=CARTESIAN_POINT('',(2.877607119141E2,9.816706513625E0,8.513270563495E0));
#1113=CARTESIAN_POINT('',(2.877711523018E2,9.813576807918E0,8.570468629112E0));
#1114=CARTESIAN_POINT('',(2.877711529651E2,9.811985719388E0,8.599547141499E0));
#1116=DIRECTION('',(8.709481231225E-1,-2.684639891715E-2,4.906410477065E-1));
#1117=VECTOR('',#1116,3.600959163699E0);
#1118=CARTESIAN_POINT('',(2.845098833324E2,9.920242451774E0,6.621062177340E0));
#1119=LINE('',#1118,#1117);
#1120=CARTESIAN_POINT('',(2.845095991971E2,9.943433963342E0,6.197217341826E0));
#1121=CARTESIAN_POINT('',(2.844714736040E2,9.942256285530E0,6.218740417503E0));
#1122=CARTESIAN_POINT('',(2.844065199283E2,9.938823827772E0,6.281471537439E0));
#1123=CARTESIAN_POINT('',(2.843739764398E2,9.931827286316E0,6.409339354679E0));
#1124=CARTESIAN_POINT('',(2.844068953564E2,9.924840427492E0,6.537030213494E0));
#1125=CARTESIAN_POINT('',(2.844717189407E2,9.921418866539E0,6.599562184938E0));
#1126=CARTESIAN_POINT('',(2.845098833324E2,9.920242451774E0,6.621062177340E0));
#1128=DIRECTION('',(-8.713665599378E-1,-2.680583735584E-2,4.898997502611E-1));
#1129=VECTOR('',#1128,1.096555157115E0);
#1130=CARTESIAN_POINT('',(2.854651006922E2,9.972828042535E0,5.660015244208E0));
#1131=LINE('',#1130,#1129);
#1132=CARTESIAN_POINT('',(2.855895952556E2,9.960746369557E0,5.880818216933E0));
#1133=DIRECTION('',(0.E0,9.985063788017E-1,5.463525869255E-2));
#1134=DIRECTION('',(4.897258225100E-1,4.763519773427E-2,-8.705742396279E-1));
#1135=AXIS2_PLACEMENT_3D('',#1132,#1133,#1134);
#1137=DIRECTION('',(-8.708766933189E-1,2.685331496462E-2,-4.907674444269E-1));
#1138=VECTOR('',#1137,3.888506864097E0);
#1139=CARTESIAN_POINT('',(2.891002809494E2,9.868415466967E0,7.568244933725E0));
#1140=LINE('',#1139,#1138);
#1141=CARTESIAN_POINT('',(2.892254509510E2,9.856828294278E0,7.780010488045E0));
#1142=CARTESIAN_POINT('',(2.892254262651E2,9.858404334781E0,7.751206991301E0));
#1143=CARTESIAN_POINT('',(2.892151822727E2,9.861518800283E0,7.694287453548E0));
#1144=CARTESIAN_POINT('',(2.891706407675E2,9.865611806008E0,7.619484250947E0));
#1145=CARTESIAN_POINT('',(2.891257015307E2,9.867630711119E0,7.582587022307E0));
#1146=CARTESIAN_POINT('',(2.891002809494E2,9.868415466967E0,7.568244933725E0));
#1148=DIRECTION('',(2.716533441445E-12,5.463525869255E-2,-9.985063788017E-1));
#1149=VECTOR('',#1148,6.256570222946E0);
#1150=CARTESIAN_POINT('',(2.863168915830E2,9.425332699096E0,1.566596389112E1));
#1151=LINE('',#1150,#1149);
#1152=CARTESIAN_POINT('',(2.864377223154E2,9.413874511581E0,1.587537213035E1));
#1153=CARTESIAN_POINT('',(2.864129188399E2,9.414675157761E0,1.586073963227E1));
#1154=CARTESIAN_POINT('',(2.863693244105E2,9.416703807248E0,1.582366431678E1));
#1155=CARTESIAN_POINT('',(2.863266023578E2,9.420749443498E0,1.574972683210E1));
#1156=CARTESIAN_POINT('',(2.863168916286E2,9.423796284828E0,1.569404318430E1));
#1157=CARTESIAN_POINT('',(2.863168915830E2,9.425332699096E0,1.566596389112E1));
#1159=DIRECTION('',(-8.610793831181E-1,2.778041980855E-2,-5.077110834365E-1));
#1160=VECTOR('',#1159,2.226533253536E0);
#1161=CARTESIAN_POINT('',(2.883549441959E2,9.352020483080E0,1.700580774081E1));
#1162=LINE('',#1161,#1160);
#1163=CARTESIAN_POINT('',(2.884785583872E2,9.363459057345E0,1.679675795059E1));
#1164=DIRECTION('',(0.E0,-9.985063788017E-1,-5.463525869255E-2));
#1165=DIRECTION('',(4.978243075701E-1,-4.738395251819E-2,8.659825170499E-1));
#1166=AXIS2_PLACEMENT_3D('',#1163,#1164,#1165);
#1168=DIRECTION('',(-8.656847519794E-1,-2.734984025178E-2,4.998418714238E-1));
#1169=VECTOR('',#1168,2.260947201644E0);
#1170=CARTESIAN_POINT('',(2.905568611923E2,9.413774999056E0,1.587719080740E1));
#1171=LINE('',#1170,#1169);
#1172=CARTESIAN_POINT('',(2.906797378250E2,9.425331977513E0,1.566597707865E1));
#1173=CARTESIAN_POINT('',(2.906798073921E2,9.423765947126E0,1.569459763192E1));
#1174=CARTESIAN_POINT('',(2.906697868503E2,9.420672193836E0,1.575113863617E1));
#1175=CARTESIAN_POINT('',(2.906262904527E2,9.416585750392E0,1.582582190744E1));
#1176=CARTESIAN_POINT('',(2.905819213746E2,9.414566806199E0,1.586271985032E1));
#1177=CARTESIAN_POINT('',(2.905568611923E2,9.413774999056E0,1.587719080740E1));
#1179=DIRECTION('',(5.409105229569E-6,-5.463525869175E-2,9.985063787870E-1));
#1180=VECTOR('',#1179,4.238417824247E0);
#1181=CARTESIAN_POINT('',(2.906797148990E2,9.656899031785E0,1.143388984518E1));
#1182=LINE('',#1181,#1180);
#1183=DIRECTION('',(5.458794439212E-6,5.463525869173E-2,-9.985063787868E-1));
#1184=VECTOR('',#1183,5.048004218618E0);
#1185=CARTESIAN_POINT('',(2.921340763367E2,9.380489295124E0,1.648551569675E1));
#1186=LINE('',#1185,#1184);
#1187=CARTESIAN_POINT('',(2.920131255604E2,9.369026798256E0,1.669500269312E1));
#1188=CARTESIAN_POINT('',(2.920379437041E2,9.369826683185E0,1.668038410757E1));
#1189=CARTESIAN_POINT('',(2.920815820908E2,9.371854355127E0,1.664332665754E1));
#1190=CARTESIAN_POINT('',(2.921243582566E2,9.375901800775E0,1.656935610457E1));
#1191=CARTESIAN_POINT('',(2.921340762908E2,9.378951231535E0,1.651362513271E1));
#1192=CARTESIAN_POINT('',(2.921340763367E2,9.380489295124E0,1.648551569675E1));
#1194=DIRECTION('',(8.614485736243E-1,2.774623278285E-2,-5.070862861160E-1));
#1195=VECTOR('',#1194,3.854207903297E0);
#1196=CARTESIAN_POINT('',(2.886929236596E2,9.262087048578E0,1.864941866473E1));
#1197=LINE('',#1196,#1195);
#1198=CARTESIAN_POINT('',(2.885710846336E2,9.273589399993E0,1.843920329220E1));
#1199=DIRECTION('',(0.E0,9.985063788017E-1,5.463525869255E-2));
#1200=DIRECTION('',(-3.810384176088E-1,-5.051353136409E-2,9.231782641805E-1));
#1201=AXIS2_PLACEMENT_3D('',#1198,#1199,#1200);
#1203=DIRECTION('',(8.709347190144E-1,-2.684769692206E-2,4.906647698635E-1));
#1204=VECTOR('',#1203,4.007925597960E0);
#1205=CARTESIAN_POINT('',(2.849877612335E2,9.368906261273E0,1.669720561025E1));
#1206=LINE('',#1205,#1204);
#1207=CARTESIAN_POINT('',(2.848625962117E2,9.380517820859E0,1.648499436440E1));
#1208=CARTESIAN_POINT('',(2.848625641352E2,9.378923868999E0,1.651412520660E1));
#1209=CARTESIAN_POINT('',(2.848730342667E2,9.375789572655E0,1.657140717007E1));
#1210=CARTESIAN_POINT('',(2.849175565145E2,9.371685608194E0,1.664641065300E1));
#1211=CARTESIAN_POINT('',(2.849625298654E2,9.369684054456E0,1.668299077035E1));
#1212=CARTESIAN_POINT('',(2.849877612335E2,9.368906261273E0,1.669720561025E1));
#1214=DIRECTION('',(4.116291335529E-12,-5.463525869255E-2,9.985063788017E-1));
#1215=VECTOR('',#1214,6.255647777330E0);
#1216=CARTESIAN_POINT('',(2.848625962117E2,9.722296755463E0,1.023869015520E1));
#1217=LINE('',#1216,#1215);
#1218=CARTESIAN_POINT('',(2.847377188044E2,9.733884872279E0,1.002690734615E1));
#1219=CARTESIAN_POINT('',(2.847632765335E2,9.733093378977E0,1.004137256749E1));
#1220=CARTESIAN_POINT('',(2.848082790537E2,9.731062145532E0,1.007849510705E1));
#1221=CARTESIAN_POINT('',(2.848525082353E2,9.726962388729E0,1.015342169140E1));
#1222=CARTESIAN_POINT('',(2.848625961561E2,9.723860904994E0,1.021010397620E1));
#1223=CARTESIAN_POINT('',(2.848625962117E2,9.722296755463E0,1.023869015520E1));
#1225=DIRECTION('',(8.709332470255E-1,-2.684783945906E-2,4.906673748498E-1));
#1226=VECTOR('',#1225,2.227287701841E0);
#1227=CARTESIAN_POINT('',(2.827978998942E2,9.793682734927E0,8.934049936450E0));
#1228=LINE('',#1227,#1226);
#1229=CARTESIAN_POINT('',(2.826732842905E2,9.781614257121E0,9.154611756043E0));
#1230=DIRECTION('',(0.E0,-9.985063788017E-1,-5.463525869255E-2));
#1231=DIRECTION('',(-4.886061620706E-1,4.766950643373E-2,-8.712012606413E-1));
#1232=AXIS2_PLACEMENT_3D('',#1229,#1230,#1231);
#1234=DIRECTION('',(8.709349709115E-1,2.684767253003E-2,-4.906643240781E-1));
#1235=VECTOR('',#1234,2.209530849222E0);
#1236=CARTESIAN_POINT('',(2.806250087763E2,9.734383401524E0,1.001779629510E1));
#1237=LINE('',#1236,#1235);
#1238=CARTESIAN_POINT('',(2.804997065026E2,9.722796603070E0,1.022955500994E1));
#1239=CARTESIAN_POINT('',(2.804997358195E2,9.724387957778E0,1.020047163293E1));
#1240=CARTESIAN_POINT('',(2.805103138485E2,9.727516261914E0,1.014329918221E1));
#1241=CARTESIAN_POINT('',(2.805548912157E2,9.731609732696E0,1.006848748030E1));
#1242=CARTESIAN_POINT('',(2.805998145234E2,9.733606753309E0,1.003199020970E1));
#1243=CARTESIAN_POINT('',(2.806250087763E2,9.734383401524E0,1.001779629510E1));
#1245=DIRECTION('',(-3.174576043562E-13,5.463525869255E-2,-9.985063788017E-1));
#1246=VECTOR('',#1245,6.804215388356E0);
#1247=CARTESIAN_POINT('',(2.804997065026E2,9.351046535127E0,1.702360747796E1));
#1248=LINE('',#1247,#1246);
#1249=CARTESIAN_POINT('',(2.801252265493E2,9.339447572968E0,1.723558849498E1));
#1250=CARTESIAN_POINT('',(2.801634854893E2,9.338268190542E0,1.725714272395E1));
#1251=CARTESIAN_POINT('',(2.802517065861E2,9.336990237245E0,1.728049842043E1));
#1252=CARTESIAN_POINT('',(2.803803128014E2,9.338966227880E0,1.724438549078E1));
#1253=CARTESIAN_POINT('',(2.804764787223E2,9.343961237843E0,1.715309738436E1));
#1254=CARTESIAN_POINT('',(2.804997062102E2,9.348704112244E0,1.706641727234E1));
#1255=CARTESIAN_POINT('',(2.804997065026E2,9.351046535127E0,1.702360747796E1));
#1257=DIRECTION('',(8.709380321986E-1,-2.684737609309E-2,4.906589064380E-1));
#1258=VECTOR('',#1257,1.093855056341E0);
#1259=CARTESIAN_POINT('',(2.791725465791E2,9.368814711057E0,1.669887876924E1));
#1260=LINE('',#1259,#1258);
#1261=CARTESIAN_POINT('',(2.790472538274E2,9.380450108115E0,1.648623187308E1));
#1262=CARTESIAN_POINT('',(2.790472007716E2,9.378853161448E0,1.651541744795E1));
#1263=CARTESIAN_POINT('',(2.790576550578E2,9.375712653909E0,1.657281292636E1));
#1264=CARTESIAN_POINT('',(2.791022208638E2,9.371599833381E0,1.664797826152E1));
#1265=CARTESIAN_POINT('',(2.791472692327E2,9.369593909891E0,1.668463823987E1));
#1266=CARTESIAN_POINT('',(2.791725465791E2,9.368814711057E0,1.669887876924E1));
#1268=DIRECTION('',(-9.309181160830E-4,-5.463523501885E-2,9.985059461445E-1));
#1269=VECTOR('',#1268,7.091149506789E0);
#1270=CARTESIAN_POINT('',(2.790538551069E2,9.767876727972E0,9.405676925547E0));
#1271=LINE('',#1270,#1269);
#1272=CARTESIAN_POINT('',(2.791792266141E2,9.779468040773E0,9.193835707115E0));
#1273=CARTESIAN_POINT('',(2.791535900500E2,9.778679886669E0,9.208239901763E0));
#1274=CARTESIAN_POINT('',(2.791084402665E2,9.776651319010E0,9.245313721778E0));
#1275=CARTESIAN_POINT('',(2.790640621854E2,9.772548759806E0,9.320291522421E0));
#1276=CARTESIAN_POINT('',(2.790538818642E2,9.769443591890E0,9.377041138800E0));
#1277=CARTESIAN_POINT('',(2.790538551069E2,9.767876727972E0,9.405676925547E0));
#1279=DIRECTION('',(-8.713827755431E-1,-2.680426385322E-2,4.898709931463E-1));
#1280=VECTOR('',#1279,3.871690861612E0);
#1281=CARTESIAN_POINT('',(2.825529513432E2,9.883245864186E0,7.297206659582E0));
#1282=LINE('',#1281,#1280);
#1283=CARTESIAN_POINT('',(2.826772196725E2,9.871185285781E0,7.517624110827E0));
#1284=DIRECTION('',(0.E0,9.985063788017E-1,5.463525869255E-2));
#1285=DIRECTION('',(4.505179532609E-1,4.877657611592E-2,-8.914339119711E-1));
#1286=AXIS2_PLACEMENT_3D('',#1283,#1284,#1285);
#1288=DIRECTION('',(-8.709408359108E-1,2.684710459440E-2,-4.906539445657E-1));
#1289=VECTOR('',#1288,3.904253713676E0);
#1290=CARTESIAN_POINT('',(2.861917187260E2,9.778723569275E0,9.207441564539E0));
#1291=LINE('',#1290,#1289);
#1292=CARTESIAN_POINT('',(2.863168915830E2,9.767162031754E0,9.418738614088E0));
#1293=CARTESIAN_POINT('',(2.863168122722E2,9.768750235162E0,9.389712829798E0));
#1294=CARTESIAN_POINT('',(2.863061894863E2,9.771871268345E0,9.332673262013E0));
#1295=CARTESIAN_POINT('',(2.862616861795E2,9.775955542717E0,9.258029632415E0));
#1296=CARTESIAN_POINT('',(2.862168584102E2,9.777948624979E0,9.221604338563E0));
#1297=CARTESIAN_POINT('',(2.861917187260E2,9.778723569275E0,9.207441564539E0));
#1299=DIRECTION('',(-3.951264709211E-12,5.463525869255E-2,-9.985063788017E-1));
#1300=VECTOR('',#1299,6.257967770879E0);
#1301=CARTESIAN_POINT('',(2.834083112986E2,9.335641936743E0,1.730513977263E1));
#1302=LINE('',#1301,#1300);
#1303=CARTESIAN_POINT('',(2.835329399582E2,9.324059690664E0,1.751681528890E1));
#1304=CARTESIAN_POINT('',(2.835078336845E2,9.324838836140E0,1.750257573470E1));
#1305=CARTESIAN_POINT('',(2.834630934407E2,9.326838809638E0,1.746602449758E1));
#1306=CARTESIAN_POINT('',(2.834187766726E2,9.330930373153E0,1.739124765261E1));
#1307=CARTESIAN_POINT('',(2.834083119646E2,9.334053508948E0,1.733416965779E1));
#1308=CARTESIAN_POINT('',(2.834083112986E2,9.335641936743E0,1.730513977263E1));
#1310=DIRECTION('',(-8.709412100940E-1,2.684706835994E-2,-4.906532823496E-1));
#1311=VECTOR('',#1310,1.211003909982E0);
#1312=CARTESIAN_POINT('',(2.845876531690E2,9.291547785909E0,1.811099833227E1));
#1313=LINE('',#1312,#1311);
#1314=CARTESIAN_POINT('',(2.838786109480E2,9.224066238881E0,1.934428168757E1));
#1315=CARTESIAN_POINT('',(2.838914165381E2,9.214370551200E0,1.952147872533E1));
#1316=CARTESIAN_POINT('',(2.839888422513E2,9.195319552299E0,1.986965212799E1));
#1317=CARTESIAN_POINT('',(2.843395538835E2,9.173181728297E0,2.027423991631E1));
#1318=CARTESIAN_POINT('',(2.848107321810E2,9.159860150084E0,2.051770322444E1));
#1319=CARTESIAN_POINT('',(2.853416097313E2,9.157459045621E0,2.056158547520E1));
#1320=CARTESIAN_POINT('',(2.858460776104E2,9.166136070742E0,2.040300537255E1));
#1321=CARTESIAN_POINT('',(2.862456290259E2,9.184623679309E0,2.006512841314E1));
#1322=CARTESIAN_POINT('',(2.864813931456E2,9.209695948099E0,1.960691112055E1));
#1323=CARTESIAN_POINT('',(2.865229201454E2,9.237526467064E0,1.909828443192E1));
#1324=CARTESIAN_POINT('',(2.863616598859E2,9.263651048086E0,1.862083522754E1));
#1325=CARTESIAN_POINT('',(2.860389967626E2,9.284674470131E0,1.823661409417E1));
#1326=CARTESIAN_POINT('',(2.855916190403E2,9.297783194981E0,1.799704086448E1));
#1327=CARTESIAN_POINT('',(2.850789316393E2,9.300784088887E0,1.794219694539E1));
#1328=CARTESIAN_POINT('',(2.847411817491E2,9.295776749487E0,1.803371038288E1));
#1329=CARTESIAN_POINT('',(2.845876531690E2,9.291547785909E0,1.811099833227E1));
#1331=DIRECTION('',(8.713868729959E-1,-2.680386623223E-2,4.898637262805E-1));
#1332=VECTOR('',#1331,2.064722601706E0);
#1333=CARTESIAN_POINT('',(2.820794387765E2,9.279408787304E0,1.833284898017E1));
#1334=LINE('',#1333,#1332);
#1335=CARTESIAN_POINT('',(2.819540156004E2,9.291046288763E0,1.812016362426E1));
#1336=CARTESIAN_POINT('',(2.819539454180E2,9.289463410296E0,1.814909209068E1));
#1337=CARTESIAN_POINT('',(2.819640764134E2,9.286333964242E0,1.820628541093E1));
#1338=CARTESIAN_POINT('',(2.820087291186E2,9.282220562204E0,1.828146137369E1));
#1339=CARTESIAN_POINT('',(2.820538885645E2,9.280194738062E0,1.831848505357E1));
#1340=CARTESIAN_POINT('',(2.820794387765E2,9.279408787304E0,1.833284898017E1));
#1342=DIRECTION('',(-2.062830989465E-12,-5.463525869255E-2,9.985063788017E-1));
#1343=VECTOR('',#1342,7.081897994472E0);
#1344=CARTESIAN_POINT('',(2.819540156004E2,9.677967617726E0,1.104884330275E1));
#1345=LINE('',#1344,#1343);
#1346=CARTESIAN_POINT('',(2.820790582977E2,9.689559041893E0,1.083700004901E1));
#1347=CARTESIAN_POINT('',(2.820538776146E2,9.688781861852E0,1.085120368320E1));
#1348=CARTESIAN_POINT('',(2.820089940183E2,9.686782945409E0,1.088773560171E1));
#1349=CARTESIAN_POINT('',(2.819645237584E2,9.682687047661E0,1.096259165853E1));
#1350=CARTESIAN_POINT('',(2.819540162531E2,9.679558763160E0,1.101976375039E1));
#1351=CARTESIAN_POINT('',(2.819540156004E2,9.677967617726E0,1.104884330275E1));
#1353=DIRECTION('',(-8.709604104499E-1,-2.684520898452E-2,4.906193006635E-1));
#1354=VECTOR('',#1353,5.400604686750E-1);
#1355=CARTESIAN_POINT('',(2.825494295852E2,9.704057078039E0,1.057203595955E1));
#1356=LINE('',#1355,#1354);
#1357=CARTESIAN_POINT('',(2.826740276538E2,9.692003585095E0,1.079232391791E1));
#1358=DIRECTION('',(0.E0,9.985063788017E-1,5.463525869255E-2));
#1359=DIRECTION('',(4.889070746172E-1,4.766029599628E-2,-8.710329319691E-1));
#1360=AXIS2_PLACEMENT_3D('',#1357,#1358,#1359);
#1362=DIRECTION('',(-8.709802378360E-1,2.684328870888E-2,-4.905842059734E-1));
#1363=VECTOR('',#1362,5.570728572952E-1);
#1364=CARTESIAN_POINT('',(2.832831002340E2,9.689125693792E0,1.084491985855E1));
#1365=LINE('',#1364,#1363);
#1366=CARTESIAN_POINT('',(2.834083112986E2,9.677547624794E0,1.105651903508E1));
#1367=CARTESIAN_POINT('',(2.834082664018E2,9.679122430700E0,1.102773810166E1));
#1368=CARTESIAN_POINT('',(2.833979807256E2,9.682234424893E0,1.097086372919E1));
#1369=CARTESIAN_POINT('',(2.833534285675E2,9.686323560418E0,1.089613125784E1));
#1370=CARTESIAN_POINT('',(2.833085116269E2,9.688341508033E0,1.085925152827E1));
#1371=CARTESIAN_POINT('',(2.832831002340E2,9.689125693792E0,1.084491985855E1));
#1373=CARTESIAN_POINT('',(2.914148970412E2,9.738223412830E0,9.947616783265E0));
#1374=CARTESIAN_POINT('',(2.914899556864E2,9.738304520398E0,9.946134472652E0));
#1375=CARTESIAN_POINT('',(2.916465719159E2,9.736337575152E0,9.982082090024E0));
#1376=CARTESIAN_POINT('',(2.918273213472E2,9.727415120741E0,1.014514762420E1));
#1377=CARTESIAN_POINT('',(2.919047126512E2,9.714458281554E0,1.038194501269E1));
#1378=CARTESIAN_POINT('',(2.918521242771E2,9.701219008583E0,1.062390412166E1));
#1379=CARTESIAN_POINT('',(2.916899157688E2,9.691356700631E0,1.080414628827E1));
#1380=CARTESIAN_POINT('',(2.915381418643E2,9.688338242385E0,1.085931121079E1));
#1381=CARTESIAN_POINT('',(2.914612566964E2,9.687997562885E0,1.086553742189E1));
#1383=CARTESIAN_POINT('',(2.913688064963E2,9.738158214877E0,9.948808331962E0));
#1384=CARTESIAN_POINT('',(2.913841249667E2,9.738226021726E0,9.947569103433E0));
#1385=CARTESIAN_POINT('',(2.913995313151E2,9.738239829086E0,9.947316762047E0));
#1386=CARTESIAN_POINT('',(2.914148970412E2,9.738223412830E0,9.947616783265E0));
#1388=CARTESIAN_POINT('',(2.914149338088E2,9.687923717107E0,1.086688701704E1));
#1389=CARTESIAN_POINT('',(2.913382057798E2,9.687841730858E0,1.086838538631E1));
#1390=CARTESIAN_POINT('',(2.911801409618E2,9.690014074358E0,1.082868393905E1));
#1391=CARTESIAN_POINT('',(2.910006708490E2,9.699008640917E0,1.066430049330E1));
#1392=CARTESIAN_POINT('',(2.909263240703E2,9.711787937219E0,1.043074785386E1));
#1393=CARTESIAN_POINT('',(2.909767621620E2,9.724883450985E0,1.019141606808E1));
#1394=CARTESIAN_POINT('',(2.911373979684E2,9.734876726214E0,1.000878036176E1));
#1395=CARTESIAN_POINT('',(2.912919428127E2,9.737817979588E0,9.955026424722E0));
#1396=CARTESIAN_POINT('',(2.913688064963E2,9.738158214877E0,9.948808331962E0));
#1398=CARTESIAN_POINT('',(2.914612566964E2,9.687997562885E0,1.086553742189E1));
#1399=CARTESIAN_POINT('',(2.914458597161E2,9.687929338600E0,1.086678427941E1));
#1400=CARTESIAN_POINT('',(2.914303783693E2,9.687907158190E0,1.086718964551E1));
#1401=CARTESIAN_POINT('',(2.914149338088E2,9.687923717107E0,1.086688701704E1));
#1403=CARTESIAN_POINT('',(2.884990289626E2,9.464695067033E0,1.494658273670E1));
#1404=CARTESIAN_POINT('',(2.884222982700E2,9.464613418963E0,1.494807492546E1));
#1405=CARTESIAN_POINT('',(2.882642139722E2,9.466787050505E0,1.490834993811E1));
#1406=CARTESIAN_POINT('',(2.880847497119E2,9.475784405867E0,1.474391552458E1));
#1407=CARTESIAN_POINT('',(2.880104540200E2,9.488566067181E0,1.451031966252E1));
#1408=CARTESIAN_POINT('',(2.880609571650E2,9.501661192344E0,1.427099497880E1));
#1409=CARTESIAN_POINT('',(2.882216449817E2,9.511651956085E0,1.408840517207E1));
#1410=CARTESIAN_POINT('',(2.883761991047E2,9.514590661880E0,1.403469779425E1));
#1411=CARTESIAN_POINT('',(2.884530581932E2,9.514929794667E0,1.402849985066E1));
#1413=CARTESIAN_POINT('',(2.885453927722E2,9.464768657817E0,1.494523780178E1));
#1414=CARTESIAN_POINT('',(2.885299822451E2,9.464700374705E0,1.494648573443E1));
#1415=CARTESIAN_POINT('',(2.885144870829E2,9.464678417791E0,1.494688701593E1));
#1416=CARTESIAN_POINT('',(2.884990289626E2,9.464695067033E0,1.494658273670E1));
#1418=CARTESIAN_POINT('',(2.884989555174E2,9.514994636158E0,1.402731481661E1));
#1419=CARTESIAN_POINT('',(2.885740042168E2,9.515076429615E0,1.402581997077E1));
#1420=CARTESIAN_POINT('',(2.887306203400E2,9.513111318938E0,1.406173405982E1));
#1421=CARTESIAN_POINT('',(2.889114124760E2,9.504190756115E0,1.422476502361E1));
#1422=CARTESIAN_POINT('',(2.889888535056E2,9.491232974684E0,1.446157963241E1));
#1423=CARTESIAN_POINT('',(2.889362850588E2,9.477993129507E0,1.470354919895E1));
#1424=CARTESIAN_POINT('',(2.887740907930E2,9.468129174178E0,1.488382147278E1));
#1425=CARTESIAN_POINT('',(2.886223074089E2,9.465109461912E0,1.493900931360E1));
#1426=CARTESIAN_POINT('',(2.885453927722E2,9.464768657817E0,1.494523780178E1));
#1428=CARTESIAN_POINT('',(2.884530581932E2,9.514929794667E0,1.402849985066E1));
#1429=CARTESIAN_POINT('',(2.884683127484E2,9.514997103815E0,1.402726971805E1));
#1430=CARTESIAN_POINT('',(2.884836541717E2,9.515010846162E0,1.402701856482E1));
#1431=CARTESIAN_POINT('',(2.884989555174E2,9.514994636158E0,1.402731481661E1));
#1433=CARTESIAN_POINT('',(2.851867237342E2,9.203848363136E0,1.971378076896E1));
#1434=CARTESIAN_POINT('',(2.851099871610E2,9.203766893838E0,1.971526969049E1));
#1435=CARTESIAN_POINT('',(2.849518916722E2,9.205940795734E0,1.967553976220E1));
#1436=CARTESIAN_POINT('',(2.847724283591E2,9.214939507238E0,1.951108056401E1));
#1437=CARTESIAN_POINT('',(2.846981453965E2,9.227721996818E0,1.927746956466E1));
#1438=CARTESIAN_POINT('',(2.847486659590E2,9.240817413536E0,1.903813955253E1));
#1439=CARTESIAN_POINT('',(2.849093693521E2,9.250807947067E0,1.885555395310E1));
#1440=CARTESIAN_POINT('',(2.850639297695E2,9.253746284493E0,1.880185330752E1));
#1441=CARTESIAN_POINT('',(2.851407905335E2,9.254085247167E0,1.879565847290E1));
#1443=CARTESIAN_POINT('',(2.852330428634E2,9.203921872209E0,1.971243732736E1));
#1444=CARTESIAN_POINT('',(2.852176471258E2,9.203853697641E0,1.971368327628E1));
#1445=CARTESIAN_POINT('',(2.852021669709E2,9.203831772063E0,1.971408398509E1));
#1446=CARTESIAN_POINT('',(2.851867237342E2,9.203848363136E0,1.971378076896E1));
#1448=CARTESIAN_POINT('',(2.851866516908E2,9.254150043465E0,1.879447426478E1));
#1449=CARTESIAN_POINT('',(2.852617059339E2,9.254231624060E0,1.879298330920E1));
#1450=CARTESIAN_POINT('',(2.854183279581E2,9.252265895008E0,1.882890869958E1));
#1451=CARTESIAN_POINT('',(2.855991158183E2,9.243344431795E0,1.899195611876E1));
#1452=CARTESIAN_POINT('',(2.856765471143E2,9.230386255083E0,1.922877795166E1));
#1453=CARTESIAN_POINT('',(2.856239690849E2,9.217145902391E0,1.947075679348E1));
#1454=CARTESIAN_POINT('',(2.854617579122E2,9.207281594410E0,1.965103551233E1));
#1455=CARTESIAN_POINT('',(2.853099591873E2,9.204262468891E0,1.970621262984E1));
#1456=CARTESIAN_POINT('',(2.852330428634E2,9.203921872209E0,1.971243732736E1));
#1458=CARTESIAN_POINT('',(2.851407905335E2,9.254085247167E0,1.879565847290E1));
#1459=CARTESIAN_POINT('',(2.851560331207E2,9.254152468306E0,1.879442994872E1));
#1460=CARTESIAN_POINT('',(2.851713623893E2,9.254166206100E0,1.879417887872E1));
#1461=CARTESIAN_POINT('',(2.851866516908E2,9.254150043465E0,1.879447426478E1));
#1463=DIRECTION('',(0.E0,-9.985063788016E-1,-5.463525869282E-2));
#1464=VECTOR('',#1463,3.E-1);
#1465=CARTESIAN_POINT('',(2.863168915830E2,9.724884612736E0,1.568235446873E1));
#1466=LINE('',#1465,#1464);
#1467=DIRECTION('',(0.E0,-9.985063788017E-1,-5.463525869250E-2));
#1468=VECTOR('',#1467,3.E-1);
#1469=CARTESIAN_POINT('',(2.864377223154E2,9.713426425222E0,1.589176270795E1));
#1470=LINE('',#1469,#1468);
#1471=DIRECTION('',(-1.894780628694E-13,-9.985063788017E-1,-5.463525869258E-2));
#1472=VECTOR('',#1471,3.E-1);
#1473=CARTESIAN_POINT('',(2.883549441959E2,9.651572396721E0,1.702219831842E1));
#1474=LINE('',#1473,#1472);
#1475=DIRECTION('',(0.E0,-9.985063788017E-1,-5.463525869256E-2));
#1476=VECTOR('',#1475,3.E-1);
#1477=CARTESIAN_POINT('',(2.885995936748E2,9.651490367914E0,1.702369746547E1));
#1478=LINE('',#1477,#1476);
#1479=DIRECTION('',(-1.894780628694E-13,-9.985063788017E-1,-5.463525869249E-2));
#1480=VECTOR('',#1479,3.E-1);
#1481=CARTESIAN_POINT('',(2.905568611923E2,9.713326912696E0,1.589358138501E1));
#1482=LINE('',#1481,#1480);
#1483=DIRECTION('',(0.E0,-9.985063788017E-1,-5.463525869233E-2));
#1484=VECTOR('',#1483,3.E-1);
#1485=CARTESIAN_POINT('',(2.906797378250E2,9.724883891154E0,1.568236765626E1));
#1486=LINE('',#1485,#1484);
#1487=DIRECTION('',(-5.684451024832E-6,-9.985056386632E-1,-5.464878338463E-2));
#1488=VECTOR('',#1487,3.000000000324E-1);
#1489=CARTESIAN_POINT('',(2.906797166043E2,9.956450723416E0,1.145028448019E1));
#1490=LINE('',#1489,#1488);
#1491=CARTESIAN_POINT('',(2.914149489860E2,9.713741237550E0,1.039504960904E1));
#1492=DIRECTION('',(0.E0,9.985063788017E-1,5.463525869255E-2));
#1493=DIRECTION('',(5.644973868146E-1,-4.509784685102E-2,8.242019682632E-1));
#1494=AXIS2_PLACEMENT_3D('',#1491,#1492,#1493);
#1496=CARTESIAN_POINT('',(2.914149489860E2,1.001329315119E1,1.041144018665E1));
#1497=DIRECTION('',(0.E0,-9.985063788017E-1,-5.463525869255E-2));
#1498=DIRECTION('',(-5.771198484525E-1,-4.461840109211E-2,8.154396843459E-1));
#1499=AXIS2_PLACEMENT_3D('',#1496,#1497,#1498);
#1501=DIRECTION('',(6.520221896279E-6,-9.985055248804E-1,-5.465086221476E-2));
#1502=VECTOR('',#1501,3.000000000430E-1);
#1503=CARTESIAN_POINT('',(2.921341019367E2,9.955839968993E0,1.146144654298E1));
#1504=LINE('',#1503,#1502);
#1505=DIRECTION('',(0.E0,-9.985063788017E-1,-5.463525869168E-2));
#1506=VECTOR('',#1505,3.E-1);
#1507=CARTESIAN_POINT('',(2.921340763367E2,9.680041208765E0,1.650190627435E1));
#1508=LINE('',#1507,#1506);
#1509=DIRECTION('',(-1.894780628694E-13,-9.985063788017E-1,-5.463525869250E-2));
#1510=VECTOR('',#1509,3.E-1);
#1511=CARTESIAN_POINT('',(2.920131255604E2,9.668578711897E0,1.671139327073E1));
#1512=LINE('',#1511,#1510);
#1513=DIRECTION('',(0.E0,-9.985063788017E-1,-5.463525869255E-2));
#1514=VECTOR('',#1513,3.E-1);
#1515=CARTESIAN_POINT('',(2.886929236596E2,9.561638962218E0,1.866580924233E1));
#1516=LINE('',#1515,#1514);
#1517=DIRECTION('',(-1.894780628694E-13,-9.985063788017E-1,-5.463525869255E-2));
#1518=VECTOR('',#1517,3.E-1);
#1519=CARTESIAN_POINT('',(2.884784027880E2,9.560854603173E0,1.868014407901E1));
#1520=LINE('',#1519,#1518);
#1521=DIRECTION('',(3.789561257387E-13,-9.985063788017E-1,-5.463525869241E-2));
#1522=VECTOR('',#1521,3.E-1);
#1523=CARTESIAN_POINT('',(2.849877612335E2,9.668458174913E0,1.671359618785E1));
#1524=LINE('',#1523,#1522);
#1525=DIRECTION('',(0.E0,-9.985063788016E-1,-5.463525869274E-2));
#1526=VECTOR('',#1525,3.E-1);
#1527=CARTESIAN_POINT('',(2.848625962117E2,9.680069734499E0,1.650138494201E1));
#1528=LINE('',#1527,#1526);
#1529=DIRECTION('',(0.E0,-9.985063788016E-1,-5.463525869277E-2));
#1530=VECTOR('',#1529,3.E-1);
#1531=CARTESIAN_POINT('',(2.848625962117E2,1.002184866910E1,1.025508073281E1));
#1532=LINE('',#1531,#1530);
#1533=DIRECTION('',(0.E0,-9.985063788017E-1,-5.463525869249E-2));
#1534=VECTOR('',#1533,3.E-1);
#1535=CARTESIAN_POINT('',(2.847377188044E2,1.003343678592E1,1.004329792376E1));
#1536=LINE('',#1535,#1534);
#1537=DIRECTION('',(1.894780628694E-13,-9.985063788017E-1,-5.463525869255E-2));
#1538=VECTOR('',#1537,3.E-1);
#1539=CARTESIAN_POINT('',(2.827978998942E2,1.009323464857E1,8.950440514058E0));
#1540=LINE('',#1539,#1538);
#1541=DIRECTION('',(0.E0,-9.985063788017E-1,-5.463525869255E-2));
#1542=VECTOR('',#1541,3.E-1);
#1543=CARTESIAN_POINT('',(2.825493664622E2,1.009325607585E1,8.950048912041E0));
#1544=LINE('',#1543,#1542);
#1545=DIRECTION('',(1.894780628694E-13,-9.985063788017E-1,-5.463525869263E-2));
#1546=VECTOR('',#1545,3.E-1);
#1547=CARTESIAN_POINT('',(2.806250087763E2,1.003393531516E1,1.003418687270E1));
#1548=LINE('',#1547,#1546);
#1549=DIRECTION('',(-3.789561257387E-13,-9.985063788017E-1,-5.463525869252E-2));
#1550=VECTOR('',#1549,3.E-1);
#1551=CARTESIAN_POINT('',(2.804997065026E2,1.002234851671E1,1.024594558755E1));
#1552=LINE('',#1551,#1550);
#1553=DIRECTION('',(0.E0,-9.985063788017E-1,-5.463525869252E-2));
#1554=VECTOR('',#1553,3.E-1);
#1555=CARTESIAN_POINT('',(2.804997065026E2,9.650598448768E0,1.703999805556E1));
#1556=LINE('',#1555,#1554);
#1557=DIRECTION('',(-1.894780628694E-13,-9.985063788017E-1,-5.463525869260E-2));
#1558=VECTOR('',#1557,3.E-1);
#1559=CARTESIAN_POINT('',(2.801252265493E2,9.638999486609E0,1.725197907259E1));
#1560=LINE('',#1559,#1558);
#1561=DIRECTION('',(0.E0,-9.985063788017E-1,-5.463525869266E-2));
#1562=VECTOR('',#1561,3.E-1);
#1563=CARTESIAN_POINT('',(2.791725465791E2,9.668366624698E0,1.671526934684E1));
#1564=LINE('',#1563,#1562);
#1565=DIRECTION('',(0.E0,-9.985063788017E-1,-5.463525869266E-2));
#1566=VECTOR('',#1565,3.E-1);
#1567=CARTESIAN_POINT('',(2.790472538274E2,9.680002021755E0,1.650262245068E1));
#1568=LINE('',#1567,#1566);
#1569=DIRECTION('',(1.894780628694E-13,-9.985063788016E-1,-5.463525869272E-2));
#1570=VECTOR('',#1569,3.E-1);
#1571=CARTESIAN_POINT('',(2.790538551069E2,1.006742864161E1,9.422067503155E0));
#1572=LINE('',#1571,#1570);
#1573=DIRECTION('',(1.894780628694E-13,-9.985063788017E-1,-5.463525869259E-2));
#1574=VECTOR('',#1573,3.E-1);
#1575=CARTESIAN_POINT('',(2.791792266141E2,1.007901995441E1,9.210226284723E0));
#1576=LINE('',#1575,#1574);
#1577=DIRECTION('',(0.E0,-9.985063788017E-1,-5.463525869256E-2));
#1578=VECTOR('',#1577,3.E-1);
#1579=CARTESIAN_POINT('',(2.825529513432E2,1.018279777783E1,7.313597237190E0));
#1580=LINE('',#1579,#1578);
#1581=DIRECTION('',(0.E0,-9.985063788017E-1,-5.463525869255E-2));
#1582=VECTOR('',#1581,3.E-1);
#1583=CARTESIAN_POINT('',(2.827913447330E2,1.018309339073E1,7.308194656947E0));
#1584=LINE('',#1583,#1582);
#1585=DIRECTION('',(1.894780628694E-13,-9.985063788017E-1,-5.463525869244E-2));
#1586=VECTOR('',#1585,3.E-1);
#1587=CARTESIAN_POINT('',(2.861917187260E2,1.007827548292E1,9.223832142147E0));
#1588=LINE('',#1587,#1586);
#1589=DIRECTION('',(0.E0,-9.985063788016E-1,-5.463525869271E-2));
#1590=VECTOR('',#1589,3.E-1);
#1591=CARTESIAN_POINT('',(2.863168915830E2,1.006671394539E1,9.435129191696E0));
#1592=LINE('',#1591,#1590);
#1593=DIRECTION('',(0.E0,-9.985063788017E-1,-5.463525869247E-2));
#1594=VECTOR('',#1593,3.E-1);
#1595=CARTESIAN_POINT('',(2.834083112986E2,9.635193850383E0,1.732153035024E1));
#1596=LINE('',#1595,#1594);
#1597=DIRECTION('',(0.E0,-9.985063788017E-1,-5.463525869250E-2));
#1598=VECTOR('',#1597,3.E-1);
#1599=CARTESIAN_POINT('',(2.835329399582E2,9.623611604305E0,1.753320586650E1));
#1600=LINE('',#1599,#1598);
#1601=DIRECTION('',(1.572667921816E-11,-9.985063788018E-1,-5.463525869033E-2));
#1602=VECTOR('',#1601,3.E-1);
#1603=CARTESIAN_POINT('',(2.845876531690E2,9.591099699550E0,1.812738890987E1));
#1604=LINE('',#1603,#1602);
#1605=DIRECTION('',(8.905468954860E-12,-9.985063788026E-1,-5.463525867467E-2));
#1606=VECTOR('',#1605,3.E-1);
#1607=CARTESIAN_POINT('',(2.838786109480E2,9.523618152522E0,1.936067226518E1));
#1608=LINE('',#1607,#1606);
#1609=DIRECTION('',(-3.789561257387E-13,-9.985063788017E-1,-5.463525869256E-2));
#1610=VECTOR('',#1609,3.E-1);
#1611=CARTESIAN_POINT('',(2.820794387765E2,9.578960700945E0,1.834923955777E1));
#1612=LINE('',#1611,#1610);
#1613=DIRECTION('',(0.E0,-9.985063788017E-1,-5.463525869188E-2));
#1614=VECTOR('',#1613,3.E-1);
#1615=CARTESIAN_POINT('',(2.819540156004E2,9.590598202404E0,1.813655420186E1));
#1616=LINE('',#1615,#1614);
#1617=DIRECTION('',(0.E0,-9.985063788016E-1,-5.463525869285E-2));
#1618=VECTOR('',#1617,3.E-1);
#1619=CARTESIAN_POINT('',(2.819540156004E2,9.977519531366E0,1.106523388036E1));
#1620=LINE('',#1619,#1618);
#1621=DIRECTION('',(0.E0,-9.985063788017E-1,-5.463525869253E-2));
#1622=VECTOR('',#1621,3.E-1);
#1623=CARTESIAN_POINT('',(2.820790582977E2,9.989110955534E0,1.085339062662E1));
#1624=LINE('',#1623,#1622);
#1625=DIRECTION('',(-1.894780628694E-13,-9.985063788017E-1,-5.463525869255E-2));
#1626=VECTOR('',#1625,3.E-1);
#1627=CARTESIAN_POINT('',(2.825494295852E2,1.000360899168E1,1.058842653716E1));
#1628=LINE('',#1627,#1626);
#1629=DIRECTION('',(1.894780628694E-13,-9.985063788017E-1,-5.463525869255E-2));
#1630=VECTOR('',#1629,3.E-1);
#1631=CARTESIAN_POINT('',(2.827979007843E2,1.000363127497E1,1.058801929079E1));
#1632=LINE('',#1631,#1630);
#1633=DIRECTION('',(0.E0,-9.985063788017E-1,-5.463525869252E-2));
#1634=VECTOR('',#1633,3.E-1);
#1635=CARTESIAN_POINT('',(2.832831002340E2,9.988677607432E0,1.086131043616E1));
#1636=LINE('',#1635,#1634);
#1637=DIRECTION('',(-1.894780628694E-13,-9.985063788017E-1,-5.463525869198E-2));
#1638=VECTOR('',#1637,3.E-1);
#1639=CARTESIAN_POINT('',(2.834083112986E2,9.977099538435E0,1.107290961268E1));
#1640=LINE('',#1639,#1638);
#1641=DIRECTION('',(0.E0,-9.985063788017E-1,-5.463525869255E-2));
#1642=VECTOR('',#1641,3.E-1);
#1643=CARTESIAN_POINT('',(2.914148970412E2,1.003777532647E1,9.964007360873E0));
#1644=LINE('',#1643,#1642);
#1645=DIRECTION('',(-1.894780628694E-13,-9.985063788017E-1,-5.463525869254E-2));
#1646=VECTOR('',#1645,3.E-1);
#1647=CARTESIAN_POINT('',(2.913688064963E2,1.003771012852E1,9.965198909569E0));
#1648=LINE('',#1647,#1646);
#1649=DIRECTION('',(1.894780628694E-13,-9.985063788017E-1,-5.463525869255E-2));
#1650=VECTOR('',#1649,3.E-1);
#1651=CARTESIAN_POINT('',(2.914149338088E2,9.987475630748E0,1.088327759465E1));
#1652=LINE('',#1651,#1650);
#1653=DIRECTION('',(-1.894780628694E-13,-9.985063788017E-1,-5.463525869254E-2));
#1654=VECTOR('',#1653,3.E-1);
#1655=CARTESIAN_POINT('',(2.914612566964E2,9.987549476525E0,1.088192799950E1));
#1656=LINE('',#1655,#1654);
#1657=DIRECTION('',(0.E0,-9.985063788017E-1,-5.463525869255E-2));
#1658=VECTOR('',#1657,3.E-1);
#1659=CARTESIAN_POINT('',(2.884990289626E2,9.764246980673E0,1.496297331431E1));
#1660=LINE('',#1659,#1658);
#1661=DIRECTION('',(1.894780628694E-13,-9.985063788017E-1,-5.463525869255E-2));
#1662=VECTOR('',#1661,3.E-1);
#1663=CARTESIAN_POINT('',(2.885453927722E2,9.764320571457E0,1.496162837939E1));
#1664=LINE('',#1663,#1662);
#1665=DIRECTION('',(0.E0,-9.985063788017E-1,-5.463525869255E-2));
#1666=VECTOR('',#1665,3.E-1);
#1667=CARTESIAN_POINT('',(2.884989555174E2,9.814546549798E0,1.404370539422E1));
#1668=LINE('',#1667,#1666);
#1669=DIRECTION('',(-1.894780628694E-13,-9.985063788017E-1,-5.463525869255E-2));
#1670=VECTOR('',#1669,3.E-1);
#1671=CARTESIAN_POINT('',(2.884530581932E2,9.814481708307E0,1.404489042827E1));
#1672=LINE('',#1671,#1670);
#1673=DIRECTION('',(0.E0,-9.985063788017E-1,-5.463525869255E-2));
#1674=VECTOR('',#1673,3.E-1);
#1675=CARTESIAN_POINT('',(2.851867237342E2,9.503400276776E0,1.973017134656E1));
#1676=LINE('',#1675,#1674);
#1677=DIRECTION('',(-1.894780628694E-13,-9.985063788017E-1,-5.463525869254E-2));
#1678=VECTOR('',#1677,3.E-1);
#1679=CARTESIAN_POINT('',(2.852330428634E2,9.503473785850E0,1.972882790497E1));
#1680=LINE('',#1679,#1678);
#1681=DIRECTION('',(0.E0,-9.985063788017E-1,-5.463525869255E-2));
#1682=VECTOR('',#1681,3.E-1);
#1683=CARTESIAN_POINT('',(2.851866516908E2,9.553701957105E0,1.881086484239E1));
#1684=LINE('',#1683,#1682);
#1685=DIRECTION('',(0.E0,-9.985063788017E-1,-5.463525869255E-2));
#1686=VECTOR('',#1685,3.E-1);
#1687=CARTESIAN_POINT('',(2.851407905335E2,9.553637160807E0,1.881204905051E1));
#1688=LINE('',#1687,#1686);
#1689=CARTESIAN_POINT('',(1.425E1,0.E0,1.069899193646E1));
#1690=CARTESIAN_POINT('',(5.75E0,0.E0,1.069899193646E1));
#1691=VERTEX_POINT('',#1689);
#1692=VERTEX_POINT('',#1690);
#1693=CARTESIAN_POINT('',(2.9145E2,0.E0,1.069899193646E1));
#1694=CARTESIAN_POINT('',(2.8295E2,0.E0,1.069899193646E1));
#1695=VERTEX_POINT('',#1693);
#1696=VERTEX_POINT('',#1694);
#1697=CARTESIAN_POINT('',(5.75E0,1.E0,1.069899193646E1));
#1698=CARTESIAN_POINT('',(1.425E1,1.E0,1.069899193646E1));
#1699=VERTEX_POINT('',#1697);
#1700=VERTEX_POINT('',#1698);
#1701=CARTESIAN_POINT('',(2.8295E2,1.E0,1.069899193646E1));
#1702=CARTESIAN_POINT('',(2.9145E2,1.E0,1.069899193646E1));
#1703=VERTEX_POINT('',#1701);
#1704=VERTEX_POINT('',#1702);
#1705=CARTESIAN_POINT('',(7.945786437628E1,5.907388476023E0,8.545038219985E1));
#1706=CARTESIAN_POINT('',(8.582182540696E1,6.051409147036E0,8.281828047421E1));
#1707=VERTEX_POINT('',#1705);
#1708=VERTEX_POINT('',#1706);
#1709=CARTESIAN_POINT('',(7.945786437628E1,4.854246838529E0,8.639425331995E1));
#1710=CARTESIAN_POINT('',(8.652893218814E1,5.014269806321E0,8.346969584702E1));
#1711=VERTEX_POINT('',#1709);
#1712=VERTEX_POINT('',#1710);
#1713=CARTESIAN_POINT('',(8.796396040407E1,6.168445196053E0,8.067934507931E1));
#1714=VERTEX_POINT('',#1713);
#1715=CARTESIAN_POINT('',(8.867106738464E1,5.131305882364E0,8.133076023269E1));
#1716=VERTEX_POINT('',#1715);
#1717=CARTESIAN_POINT('',(9.574213562374E1,6.344470545564E0,7.746233116943E1));
#1718=VERTEX_POINT('',#1717);
#1719=CARTESIAN_POINT('',(9.574213562374E1,5.291328908069E0,7.840620228954E1));
#1720=VERTEX_POINT('',#1719);
#1721=CARTESIAN_POINT('',(2.014578634430E2,6.344470495926E0,7.746233121392E1));
#1722=VERTEX_POINT('',#1721);
#1723=CARTESIAN_POINT('',(2.014578637399E2,5.291328874225E0,7.840620231987E1));
#1724=VERTEX_POINT('',#1723);
#1725=CARTESIAN_POINT('',(2.092360389693E2,6.168445280993E0,8.067934438965E1));
#1726=VERTEX_POINT('',#1725);
#1727=CARTESIAN_POINT('',(2.085289321881E2,5.131305940278E0,8.133075976247E1));
#1728=VERTEX_POINT('',#1727);
#1729=CARTESIAN_POINT('',(2.113781745305E2,6.051409169433E0,8.281828038778E1));
#1730=VERTEX_POINT('',#1729);
#1731=CARTESIAN_POINT('',(2.106710677597E2,5.014269824985E0,8.346969577500E1));
#1732=VERTEX_POINT('',#1731);
#1733=CARTESIAN_POINT('',(2.177421356237E2,5.907388476023E0,8.545038219985E1));
#1734=VERTEX_POINT('',#1733);
#1735=CARTESIAN_POINT('',(2.177421356237E2,4.854246838529E0,8.639425331995E1));
#1736=VERTEX_POINT('',#1735);
#1737=CARTESIAN_POINT('',(2.871999998908E2,5.907388490988E0,8.545038218643E1));
#1738=VERTEX_POINT('',#1737);
#1739=CARTESIAN_POINT('',(2.871999999090E2,4.854246850999E0,8.639425330878E1));
#1740=VERTEX_POINT('',#1739);
#1741=CARTESIAN_POINT('',(2.962E2,6.399105804256E0,7.646382479063E1));
#1742=VERTEX_POINT('',#1741);
#1743=CARTESIAN_POINT('',(2.972E2,5.400599425455E0,7.640918953194E1));
#1744=VERTEX_POINT('',#1743);
#1745=CARTESIAN_POINT('',(2.961999999893E2,1.000503287587E1,1.056240402439E1));
#1746=VERTEX_POINT('',#1745);
#1747=CARTESIAN_POINT('',(2.971999999911E2,9.006526497415E0,1.050776872659E1));
#1748=VERTEX_POINT('',#1747);
#1749=CARTESIAN_POINT('',(2.872E2,1.049675020620E1,1.575846380508E0));
#1750=VERTEX_POINT('',#1749);
#1751=CARTESIAN_POINT('',(2.872E2,9.552879086088E0,5.227047430116E-1));
#1752=VERTEX_POINT('',#1751);
#1753=CARTESIAN_POINT('',(1.000000010919E1,1.049675021961E1,1.575846395472E0));
#1754=VERTEX_POINT('',#1753);
#1755=CARTESIAN_POINT('',(1.000000009099E1,9.552879097265E0,5.227047554837E-1));
#1756=VERTEX_POINT('',#1755);
#1757=CARTESIAN_POINT('',(1.000000000002E0,1.000503287796E1,1.056240378972E1));
#1758=VERTEX_POINT('',#1757);
#1759=CARTESIAN_POINT('',(0.E0,9.006526499162E0,1.050776853103E1));
#1760=VERTEX_POINT('',#1759);
#1761=CARTESIAN_POINT('',(1.000000010727E0,6.399105827776E0,7.646382455713E1));
#1762=VERTEX_POINT('',#1761);
#1763=CARTESIAN_POINT('',(8.939119694462E-9,5.400599445054E0,7.640918933735E1));
#1764=VERTEX_POINT('',#1763);
#1765=CARTESIAN_POINT('',(1.E1,5.907388476023E0,8.545038219985E1));
#1766=VERTEX_POINT('',#1765);
#1767=CARTESIAN_POINT('',(1.E1,4.854246838529E0,8.639425331995E1));
#1768=VERTEX_POINT('',#1767);
#1769=VERTEX_POINT('',#869);
#1770=VERTEX_POINT('',#875);
#1771=VERTEX_POINT('',#696);
#1772=VERTEX_POINT('',#702);
#1773=CARTESIAN_POINT('',(8.867106747857E1,9.613670399076E-1,8.110259361142E1));
#1774=VERTEX_POINT('',#1773);
#1775=CARTESIAN_POINT('',(8.796396053754E1,0.E0,8.039654313989E1));
#1776=VERTEX_POINT('',#1775);
#1777=VERTEX_POINT('',#904);
#1778=VERTEX_POINT('',#714);
#1779=CARTESIAN_POINT('',(2.014578639125E2,9.453647413074E-1,7.816840423280E1));
#1780=VERTEX_POINT('',#1779);
#1781=CARTESIAN_POINT('',(2.014578636886E2,0.E0,7.716989785400E1));
#1782=VERTEX_POINT('',#1781);
#1783=VERTEX_POINT('',#933);
#1784=VERTEX_POINT('',#726);
#1785=CARTESIAN_POINT('',(2.106710676746E2,9.613670388365E-1,8.324793308906E1));
#1786=VERTEX_POINT('',#1785);
#1787=CARTESIAN_POINT('',(2.113781744298E2,0.E0,8.254188243142E1));
#1788=VERTEX_POINT('',#1787);
#1789=VERTEX_POINT('',#962);
#1790=VERTEX_POINT('',#738);
#1791=CARTESIAN_POINT('',(2.871999998241E2,9.453647413074E-1,8.618037107632E1));
#1792=VERTEX_POINT('',#1791);
#1793=CARTESIAN_POINT('',(2.871999997912E2,0.E0,8.518186469752E1));
#1794=VERTEX_POINT('',#1793);
#1795=VERTEX_POINT('',#626);
#1796=VERTEX_POINT('',#753);
#1797=CARTESIAN_POINT('',(2.972E2,9.999999990779E-1,1.006967570852E1));
#1798=VERTEX_POINT('',#1797);
#1799=CARTESIAN_POINT('',(2.962E2,-2.953193245503E-13,1.006967574243E1));
#1800=VERTEX_POINT('',#1799);
#1801=VERTEX_POINT('',#658);
#1802=VERTEX_POINT('',#768);
#1803=CARTESIAN_POINT('',(1.000000019198E1,1.054635258693E0,5.770646178169E-2));
#1804=VERTEX_POINT('',#1803);
#1805=CARTESIAN_POINT('',(1.000000023291E1,-3.242221306247E-13,
1.056212840583E0));
#1806=VERTEX_POINT('',#1805);
#1807=VERTEX_POINT('',#538);
#1808=VERTEX_POINT('',#783);
#1809=CARTESIAN_POINT('',(0.E0,1.000000000919E0,7.616840183024E1));
#1810=VERTEX_POINT('',#1809);
#1811=CARTESIAN_POINT('',(1.E0,0.E0,7.616840179680E1));
#1812=VERTEX_POINT('',#1811);
#1813=VERTEX_POINT('',#570);
#1814=VERTEX_POINT('',#798);
#1815=CARTESIAN_POINT('',(2.8295E2,1.E0,7.646382479063E1));
#1816=CARTESIAN_POINT('',(2.9145E2,1.E0,7.646382479063E1));
#1817=VERTEX_POINT('',#1815);
#1818=VERTEX_POINT('',#1816);
#1819=CARTESIAN_POINT('',(5.75E0,1.E0,7.646382479063E1));
#1820=CARTESIAN_POINT('',(1.425E1,1.E0,7.646382479063E1));
#1821=VERTEX_POINT('',#1819);
#1822=VERTEX_POINT('',#1820);
#1823=CARTESIAN_POINT('',(2.9145E2,0.E0,7.646382479063E1));
#1824=CARTESIAN_POINT('',(2.8295E2,0.E0,7.646382479063E1));
#1825=VERTEX_POINT('',#1823);
#1826=VERTEX_POINT('',#1824);
#1827=CARTESIAN_POINT('',(1.425E1,0.E0,7.646382479063E1));
#1828=CARTESIAN_POINT('',(5.75E0,0.E0,7.646382479063E1));
#1829=VERTEX_POINT('',#1827);
#1830=VERTEX_POINT('',#1828);
#1831=CARTESIAN_POINT('',(2.892254509510E2,9.548394729788E0,1.341689935705E1));
#1832=CARTESIAN_POINT('',(2.892254509510E2,9.856828294278E0,7.780010488045E0));
#1833=VERTEX_POINT('',#1831);
#1834=VERTEX_POINT('',#1832);
#1835=VERTEX_POINT('',#1146);
#1836=CARTESIAN_POINT('',(2.857138709497E2,9.972834766531E0,5.659892357395E0));
#1837=VERTEX_POINT('',#1836);
#1838=CARTESIAN_POINT('',(2.854650991748E2,9.972827975010E0,5.660016478283E0));
#1839=VERTEX_POINT('',#1838);
#1840=CARTESIAN_POINT('',(2.845095991971E2,9.943433963342E0,6.197217341826E0));
#1841=VERTEX_POINT('',#1840);
#1842=VERTEX_POINT('',#1126);
#1843=CARTESIAN_POINT('',(2.876461319575E2,9.823569665581E0,8.387840554166E0));
#1844=VERTEX_POINT('',#1843);
#1845=VERTEX_POINT('',#1114);
#1846=CARTESIAN_POINT('',(2.877711529651E2,9.548345147292E0,1.341780551985E1));
#1847=VERTEX_POINT('',#1846);
#1848=CARTESIAN_POINT('',(2.863168915830E2,9.425332699096E0,1.566596389112E1));
#1849=CARTESIAN_POINT('',(2.863168915830E2,9.767162031754E0,9.418738614088E0));
#1850=VERTEX_POINT('',#1848);
#1851=VERTEX_POINT('',#1849);
#1852=VERTEX_POINT('',#1297);
#1853=CARTESIAN_POINT('',(2.827913447330E2,9.883541477089E0,7.291804079339E0));
#1854=VERTEX_POINT('',#1853);
#1855=CARTESIAN_POINT('',(2.825529500682E2,9.883245808305E0,7.297207680865E0));
#1856=VERTEX_POINT('',#1855);
#1857=CARTESIAN_POINT('',(2.791792266141E2,9.779468040773E0,9.193835707115E0));
#1858=VERTEX_POINT('',#1857);
#1859=VERTEX_POINT('',#1277);
#1860=CARTESIAN_POINT('',(2.790472538274E2,9.380450108115E0,1.648623187308E1));
#1861=VERTEX_POINT('',#1860);
#1862=VERTEX_POINT('',#1266);
#1863=CARTESIAN_POINT('',(2.801252265493E2,9.339447572968E0,1.723558849498E1));
#1864=VERTEX_POINT('',#1863);
#1865=VERTEX_POINT('',#1255);
#1866=CARTESIAN_POINT('',(2.804997065026E2,9.722796603070E0,1.022955500994E1));
#1867=VERTEX_POINT('',#1866);
#1868=VERTEX_POINT('',#1243);
#1869=CARTESIAN_POINT('',(2.825493664622E2,9.793704162209E0,8.933658334433E0));
#1870=VERTEX_POINT('',#1869);
#1871=CARTESIAN_POINT('',(2.827979013939E2,9.793682668075E0,8.934051158222E0));
#1872=VERTEX_POINT('',#1871);
#1873=CARTESIAN_POINT('',(2.847377188044E2,9.733884872279E0,1.002690734615E1));
#1874=VERTEX_POINT('',#1873);
#1875=VERTEX_POINT('',#1223);
#1876=CARTESIAN_POINT('',(2.848625962117E2,9.380517820859E0,1.648499436440E1));
#1877=VERTEX_POINT('',#1876);
#1878=VERTEX_POINT('',#1212);
#1879=CARTESIAN_POINT('',(2.884784027880E2,9.261302689533E0,1.866375350140E1));
#1880=VERTEX_POINT('',#1879);
#1881=CARTESIAN_POINT('',(2.886946039724E2,9.262141181882E0,1.864842933199E1));
#1882=VERTEX_POINT('',#1881);
#1883=CARTESIAN_POINT('',(2.920131255604E2,9.369026798256E0,1.669500269312E1));
#1884=VERTEX_POINT('',#1883);
#1885=VERTEX_POINT('',#1192);
#1886=CARTESIAN_POINT('',(2.921341038927E2,9.656288311486E0,1.144505128431E1));
#1887=VERTEX_POINT('',#1886);
#1888=CARTESIAN_POINT('',(2.906797148990E2,9.656899031785E0,1.143388984518E1));
#1889=CARTESIAN_POINT('',(2.906797378250E2,9.425331977513E0,1.566597707865E1));
#1890=VERTEX_POINT('',#1888);
#1891=VERTEX_POINT('',#1889);
#1892=VERTEX_POINT('',#1177);
#1893=CARTESIAN_POINT('',(2.885995936748E2,9.351938454273E0,1.700730688786E1));
#1894=VERTEX_POINT('',#1893);
#1895=CARTESIAN_POINT('',(2.883549426529E2,9.352020555411E0,1.700580641890E1));
#1896=VERTEX_POINT('',#1895);
#1897=CARTESIAN_POINT('',(2.864377223154E2,9.413874511581E0,1.587537213035E1));
#1898=VERTEX_POINT('',#1897);
#1899=CARTESIAN_POINT('',(2.834083112986E2,9.335641936743E0,1.730513977263E1));
#1900=CARTESIAN_POINT('',(2.834083112986E2,9.677547624794E0,1.105651903508E1));
#1901=VERTEX_POINT('',#1899);
#1902=VERTEX_POINT('',#1900);
#1903=VERTEX_POINT('',#1371);
#1904=CARTESIAN_POINT('',(2.827979007843E2,9.704079361332E0,1.057162871319E1));
#1905=VERTEX_POINT('',#1904);
#1906=CARTESIAN_POINT('',(2.825494281006E2,9.704057011812E0,1.057203716990E1));
#1907=VERTEX_POINT('',#1906);
#1908=CARTESIAN_POINT('',(2.820790582977E2,9.689559041893E0,1.083700004901E1));
#1909=VERTEX_POINT('',#1908);
#1910=VERTEX_POINT('',#1351);
#1911=CARTESIAN_POINT('',(2.819540156004E2,9.291046288763E0,1.812016362426E1));
#1912=VERTEX_POINT('',#1911);
#1913=VERTEX_POINT('',#1340);
#1914=CARTESIAN_POINT('',(2.838786109480E2,9.224066238881E0,1.934428168757E1));
#1915=VERTEX_POINT('',#1914);
#1916=VERTEX_POINT('',#1329);
#1917=CARTESIAN_POINT('',(2.835329399582E2,9.324059690664E0,1.751681528890E1));
#1918=VERTEX_POINT('',#1917);
#1919=VERTEX_POINT('',#1373);
#1920=VERTEX_POINT('',#1381);
#1921=VERTEX_POINT('',#1401);
#1922=VERTEX_POINT('',#1396);
#1923=VERTEX_POINT('',#1403);
#1924=VERTEX_POINT('',#1411);
#1925=VERTEX_POINT('',#1431);
#1926=VERTEX_POINT('',#1426);
#1927=VERTEX_POINT('',#1433);
#1928=VERTEX_POINT('',#1441);
#1929=VERTEX_POINT('',#1461);
#1930=VERTEX_POINT('',#1456);
#1931=CARTESIAN_POINT('',(2.892254509510E2,9.847946643429E0,1.343328993466E1));
#1932=CARTESIAN_POINT('',(2.892254509510E2,1.015638020792E1,7.796401065653E0));
#1933=VERTEX_POINT('',#1931);
#1934=VERTEX_POINT('',#1932);
#1935=VERTEX_POINT('',#102);
#1936=CARTESIAN_POINT('',(2.857138709497E2,1.027238668017E1,5.676282935003E0));
#1937=VERTEX_POINT('',#1936);
#1938=CARTESIAN_POINT('',(2.854650991748E2,1.027237988865E1,5.676407055891E0));
#1939=VERTEX_POINT('',#1938);
#1940=CARTESIAN_POINT('',(2.845095991971E2,1.024298587698E1,6.213607919434E0));
#1941=VERTEX_POINT('',#1940);
#1942=VERTEX_POINT('',#123);
#1943=CARTESIAN_POINT('',(2.876461319575E2,1.012312157922E1,8.404231131774E0));
#1944=VERTEX_POINT('',#1943);
#1945=VERTEX_POINT('',#134);
#1946=CARTESIAN_POINT('',(2.877711529651E2,9.847897060933E0,1.343419609745E1));
#1947=VERTEX_POINT('',#1946);
#1948=CARTESIAN_POINT('',(2.863168915830E2,9.724884612736E0,1.568235446873E1));
#1949=CARTESIAN_POINT('',(2.863168915830E2,1.006671394539E1,9.435129191696E0));
#1950=VERTEX_POINT('',#1948);
#1951=VERTEX_POINT('',#1949);
#1952=VERTEX_POINT('',#166);
#1953=CARTESIAN_POINT('',(2.827913447330E2,1.018309339073E1,7.308194656947E0));
#1954=VERTEX_POINT('',#1953);
#1955=CARTESIAN_POINT('',(2.825529500682E2,1.018279772195E1,7.313598258473E0));
#1956=VERTEX_POINT('',#1955);
#1957=CARTESIAN_POINT('',(2.791792266141E2,1.007901995441E1,9.210226284723E0));
#1958=VERTEX_POINT('',#1957);
#1959=VERTEX_POINT('',#186);
#1960=CARTESIAN_POINT('',(2.790472538274E2,9.680002021755E0,1.650262245068E1));
#1961=VERTEX_POINT('',#1960);
#1962=VERTEX_POINT('',#197);
#1963=CARTESIAN_POINT('',(2.801252265493E2,9.638999486609E0,1.725197907259E1));
#1964=VERTEX_POINT('',#1963);
#1965=VERTEX_POINT('',#209);
#1966=CARTESIAN_POINT('',(2.804997065026E2,1.002234851671E1,1.024594558755E1));
#1967=VERTEX_POINT('',#1966);
#1968=VERTEX_POINT('',#220);
#1969=CARTESIAN_POINT('',(2.825493664622E2,1.009325607585E1,8.950048912041E0));
#1970=VERTEX_POINT('',#1969);
#1971=CARTESIAN_POINT('',(2.827979013939E2,1.009323458172E1,8.950441735829E0));
#1972=VERTEX_POINT('',#1971);
#1973=CARTESIAN_POINT('',(2.847377188044E2,1.003343678592E1,1.004329792376E1));
#1974=VERTEX_POINT('',#1973);
#1975=VERTEX_POINT('',#240);
#1976=CARTESIAN_POINT('',(2.848625962117E2,9.680069734499E0,1.650138494201E1));
#1977=VERTEX_POINT('',#1976);
#1978=VERTEX_POINT('',#251);
#1979=CARTESIAN_POINT('',(2.884784027880E2,9.560854603173E0,1.868014407901E1));
#1980=VERTEX_POINT('',#1979);
#1981=CARTESIAN_POINT('',(2.886946039724E2,9.561693095523E0,1.866481990960E1));
#1982=VERTEX_POINT('',#1981);
#1983=CARTESIAN_POINT('',(2.920131255604E2,9.668578711897E0,1.671139327073E1));
#1984=VERTEX_POINT('',#1983);
#1985=VERTEX_POINT('',#271);
#1986=CARTESIAN_POINT('',(2.921341019367E2,9.955839968993E0,1.146144654298E1));
#1987=VERTEX_POINT('',#1986);
#1988=CARTESIAN_POINT('',(2.906797166043E2,9.956450723416E0,1.145028448019E1));
#1989=CARTESIAN_POINT('',(2.906797378250E2,9.724883891154E0,1.568236765626E1));
#1990=VERTEX_POINT('',#1988);
#1991=VERTEX_POINT('',#1989);
#1992=VERTEX_POINT('',#286);
#1993=CARTESIAN_POINT('',(2.885995936748E2,9.651490367914E0,1.702369746547E1));
#1994=VERTEX_POINT('',#1993);
#1995=CARTESIAN_POINT('',(2.883549426529E2,9.651572469052E0,1.702219699650E1));
#1996=VERTEX_POINT('',#1995);
#1997=CARTESIAN_POINT('',(2.864377223154E2,9.713426425222E0,1.589176270795E1));
#1998=VERTEX_POINT('',#1997);
#1999=CARTESIAN_POINT('',(2.834083112986E2,9.635193850383E0,1.732153035024E1));
#2000=CARTESIAN_POINT('',(2.834083112986E2,9.977099538435E0,1.107290961268E1));
#2001=VERTEX_POINT('',#1999);
#2002=VERTEX_POINT('',#2000);
#2003=VERTEX_POINT('',#317);
#2004=CARTESIAN_POINT('',(2.827979007843E2,1.000363127497E1,1.058801929079E1));
#2005=VERTEX_POINT('',#2004);
#2006=CARTESIAN_POINT('',(2.825494281006E2,1.000360892545E1,1.058842774751E1));
#2007=VERTEX_POINT('',#2006);
#2008=CARTESIAN_POINT('',(2.820790582977E2,9.989110955534E0,1.085339062662E1));
#2009=VERTEX_POINT('',#2008);
#2010=VERTEX_POINT('',#337);
#2011=CARTESIAN_POINT('',(2.819540156004E2,9.590598202404E0,1.813655420186E1));
#2012=VERTEX_POINT('',#2011);
#2013=VERTEX_POINT('',#348);
#2014=CARTESIAN_POINT('',(2.838786109480E2,9.523618152522E0,1.936067226518E1));
#2015=VERTEX_POINT('',#2014);
#2016=VERTEX_POINT('',#369);
#2017=CARTESIAN_POINT('',(2.835329399582E2,9.623611604305E0,1.753320586650E1));
#2018=VERTEX_POINT('',#2017);
#2019=VERTEX_POINT('',#382);
#2020=VERTEX_POINT('',#390);
#2021=VERTEX_POINT('',#395);
#2022=VERTEX_POINT('',#405);
#2023=VERTEX_POINT('',#412);
#2024=VERTEX_POINT('',#420);
#2025=VERTEX_POINT('',#425);
#2026=VERTEX_POINT('',#435);
#2027=VERTEX_POINT('',#442);
#2028=VERTEX_POINT('',#450);
#2029=VERTEX_POINT('',#455);
#2030=VERTEX_POINT('',#465);
#2031=CARTESIAN_POINT('',(0.E0,0.E0,0.E0));
#2032=DIRECTION('',(-1.E0,0.E0,0.E0));
#2033=DIRECTION('',(0.E0,0.E0,1.E0));
#2034=AXIS2_PLACEMENT_3D('',#2031,#2032,#2033);
#2035=PLANE('',#2034);
#2037=ORIENTED_EDGE('',*,*,#2036,.T.);
#2039=ORIENTED_EDGE('',*,*,#2038,.F.);
#2041=ORIENTED_EDGE('',*,*,#2040,.F.);
#2043=ORIENTED_EDGE('',*,*,#2042,.T.);
#2044=EDGE_LOOP('',(#2037,#2039,#2041,#2043));
#2045=FACE_OUTER_BOUND('',#2044,.F.);
#2046=ADVANCED_FACE('',(#2045),#2035,.T.);
#2047=CARTESIAN_POINT('',(5.E-1,7.702816151709E0,4.348579666083E1));
#2048=DIRECTION('',(-7.071067811865E-1,7.060506315087E-1,3.863296191338E-2));
#2049=DIRECTION('',(-7.071067811865E-1,-7.060506315087E-1,-3.863296191338E-2));
#2050=AXIS2_PLACEMENT_3D('',#2047,#2048,#2049);
#2051=PLANE('',#2050);
#2053=ORIENTED_EDGE('',*,*,#2052,.T.);
#2055=ORIENTED_EDGE('',*,*,#2054,.T.);
#2056=ORIENTED_EDGE('',*,*,#2036,.F.);
#2058=ORIENTED_EDGE('',*,*,#2057,.F.);
#2059=EDGE_LOOP('',(#2053,#2055,#2056,#2058));
#2060=FACE_OUTER_BOUND('',#2059,.F.);
#2061=ADVANCED_FACE('',(#2060),#2051,.T.);
#2062=CARTESIAN_POINT('',(0.E0,1.055138546489E1,5.773400017042E-1));
#2063=DIRECTION('',(0.E0,9.985063788017E-1,5.463525869255E-2));
#2064=DIRECTION('',(-1.E0,0.E0,0.E0));
#2065=AXIS2_PLACEMENT_3D('',#2062,#2063,#2064);
#2066=PLANE('',#2065);
#2068=ORIENTED_EDGE('',*,*,#2067,.F.);
#2070=ORIENTED_EDGE('',*,*,#2069,.F.);
#2072=ORIENTED_EDGE('',*,*,#2071,.F.);
#2073=ORIENTED_EDGE('',*,*,#2052,.F.);
#2075=ORIENTED_EDGE('',*,*,#2074,.F.);
#2077=ORIENTED_EDGE('',*,*,#2076,.F.);
#2079=ORIENTED_EDGE('',*,*,#2078,.F.);
#2081=ORIENTED_EDGE('',*,*,#2080,.F.);
#2083=ORIENTED_EDGE('',*,*,#2082,.F.);
#2085=ORIENTED_EDGE('',*,*,#2084,.F.);
#2087=ORIENTED_EDGE('',*,*,#2086,.F.);
#2089=ORIENTED_EDGE('',*,*,#2088,.F.);
#2091=ORIENTED_EDGE('',*,*,#2090,.F.);
#2093=ORIENTED_EDGE('',*,*,#2092,.F.);
#2095=ORIENTED_EDGE('',*,*,#2094,.F.);
#2097=ORIENTED_EDGE('',*,*,#2096,.F.);
#2098=EDGE_LOOP('',(#2068,#2070,#2072,#2073,#2075,#2077,#2079,#2081,#2083,#2085,
#2087,#2089,#2091,#2093,#2095,#2097));
#2099=FACE_OUTER_BOUND('',#2098,.F.);
#2101=ORIENTED_EDGE('',*,*,#2100,.T.);
#2103=ORIENTED_EDGE('',*,*,#2102,.T.);
#2105=ORIENTED_EDGE('',*,*,#2104,.T.);
#2107=ORIENTED_EDGE('',*,*,#2106,.T.);
#2109=ORIENTED_EDGE('',*,*,#2108,.T.);
#2111=ORIENTED_EDGE('',*,*,#2110,.T.);
#2113=ORIENTED_EDGE('',*,*,#2112,.T.);
#2115=ORIENTED_EDGE('',*,*,#2114,.T.);
#2117=ORIENTED_EDGE('',*,*,#2116,.T.);
#2119=ORIENTED_EDGE('',*,*,#2118,.T.);
#2120=EDGE_LOOP('',(#2101,#2103,#2105,#2107,#2109,#2111,#2113,#2115,#2117,
#2119));
#2121=FACE_BOUND('',#2120,.F.);
#2123=ORIENTED_EDGE('',*,*,#2122,.T.);
#2125=ORIENTED_EDGE('',*,*,#2124,.T.);
#2127=ORIENTED_EDGE('',*,*,#2126,.T.);
#2129=ORIENTED_EDGE('',*,*,#2128,.T.);
#2131=ORIENTED_EDGE('',*,*,#2130,.T.);
#2133=ORIENTED_EDGE('',*,*,#2132,.T.);
#2135=ORIENTED_EDGE('',*,*,#2134,.T.);
#2137=ORIENTED_EDGE('',*,*,#2136,.T.);
#2139=ORIENTED_EDGE('',*,*,#2138,.T.);
#2141=ORIENTED_EDGE('',*,*,#2140,.T.);
#2143=ORIENTED_EDGE('',*,*,#2142,.T.);
#2145=ORIENTED_EDGE('',*,*,#2144,.T.);
#2147=ORIENTED_EDGE('',*,*,#2146,.T.);
#2149=ORIENTED_EDGE('',*,*,#2148,.F.);
#2151=ORIENTED_EDGE('',*,*,#2150,.T.);
#2153=ORIENTED_EDGE('',*,*,#2152,.T.);
#2155=ORIENTED_EDGE('',*,*,#2154,.T.);
#2157=ORIENTED_EDGE('',*,*,#2156,.T.);
#2159=ORIENTED_EDGE('',*,*,#2158,.T.);
#2161=ORIENTED_EDGE('',*,*,#2160,.T.);
#2163=ORIENTED_EDGE('',*,*,#2162,.T.);
#2165=ORIENTED_EDGE('',*,*,#2164,.T.);
#2167=ORIENTED_EDGE('',*,*,#2166,.T.);
#2169=ORIENTED_EDGE('',*,*,#2168,.F.);
#2171=ORIENTED_EDGE('',*,*,#2170,.T.);
#2173=ORIENTED_EDGE('',*,*,#2172,.T.);
#2175=ORIENTED_EDGE('',*,*,#2174,.T.);
#2177=ORIENTED_EDGE('',*,*,#2176,.F.);
#2179=ORIENTED_EDGE('',*,*,#2178,.T.);
#2181=ORIENTED_EDGE('',*,*,#2180,.T.);
#2182=EDGE_LOOP('',(#2123,#2125,#2127,#2129,#2131,#2133,#2135,#2137,#2139,#2141,
#2143,#2145,#2147,#2149,#2151,#2153,#2155,#2157,#2159,#2161,#2163,#2165,#2167,
#2169,#2171,#2173,#2175,#2177,#2179,#2181));
#2183=FACE_BOUND('',#2182,.F.);
#2185=ORIENTED_EDGE('',*,*,#2184,.T.);
#2187=ORIENTED_EDGE('',*,*,#2186,.T.);
#2189=ORIENTED_EDGE('',*,*,#2188,.T.);
#2191=ORIENTED_EDGE('',*,*,#2190,.T.);
#2193=ORIENTED_EDGE('',*,*,#2192,.T.);
#2195=ORIENTED_EDGE('',*,*,#2194,.T.);
#2197=ORIENTED_EDGE('',*,*,#2196,.T.);
#2199=ORIENTED_EDGE('',*,*,#2198,.T.);
#2201=ORIENTED_EDGE('',*,*,#2200,.T.);
#2203=ORIENTED_EDGE('',*,*,#2202,.T.);
#2205=ORIENTED_EDGE('',*,*,#2204,.T.);
#2207=ORIENTED_EDGE('',*,*,#2206,.T.);
#2208=EDGE_LOOP('',(#2185,#2187,#2189,#2191,#2193,#2195,#2197,#2199,#2201,#2203,
#2205,#2207));
#2209=FACE_BOUND('',#2208,.F.);
#2210=ADVANCED_FACE('',(#2099,#2121,#2183,#2209),#2066,.T.);
#2211=CARTESIAN_POINT('',(0.E0,1.055138546489E1,5.773400017042E-1));
#2212=DIRECTION('',(0.E0,9.985063788017E-1,5.463525869255E-2));
#2213=DIRECTION('',(-1.E0,0.E0,0.E0));
#2214=AXIS2_PLACEMENT_3D('',#2211,#2212,#2213);
#2215=PLANE('',#2214);
#2217=ORIENTED_EDGE('',*,*,#2216,.T.);
#2219=ORIENTED_EDGE('',*,*,#2218,.T.);
#2221=ORIENTED_EDGE('',*,*,#2220,.T.);
#2223=ORIENTED_EDGE('',*,*,#2222,.T.);
#2224=EDGE_LOOP('',(#2217,#2219,#2221,#2223));
#2225=FACE_OUTER_BOUND('',#2224,.F.);
#2226=ADVANCED_FACE('',(#2225),#2215,.T.);
#2227=CARTESIAN_POINT('',(0.E0,1.055138546489E1,5.773400017042E-1));
#2228=DIRECTION('',(0.E0,9.985063788017E-1,5.463525869255E-2));
#2229=DIRECTION('',(-1.E0,0.E0,0.E0));
#2230=AXIS2_PLACEMENT_3D('',#2227,#2228,#2229);
#2231=PLANE('',#2230);
#2233=ORIENTED_EDGE('',*,*,#2232,.T.);
#2235=ORIENTED_EDGE('',*,*,#2234,.T.);
#2237=ORIENTED_EDGE('',*,*,#2236,.T.);
#2239=ORIENTED_EDGE('',*,*,#2238,.T.);
#2240=EDGE_LOOP('',(#2233,#2235,#2237,#2239));
#2241=FACE_OUTER_BOUND('',#2240,.F.);
#2242=ADVANCED_FACE('',(#2241),#2231,.T.);
#2243=CARTESIAN_POINT('',(0.E0,1.055138546489E1,5.773400017042E-1));
#2244=DIRECTION('',(0.E0,9.985063788017E-1,5.463525869255E-2));
#2245=DIRECTION('',(-1.E0,0.E0,0.E0));
#2246=AXIS2_PLACEMENT_3D('',#2243,#2244,#2245);
#2247=PLANE('',#2246);
#2249=ORIENTED_EDGE('',*,*,#2248,.T.);
#2251=ORIENTED_EDGE('',*,*,#2250,.T.);
#2253=ORIENTED_EDGE('',*,*,#2252,.T.);
#2255=ORIENTED_EDGE('',*,*,#2254,.T.);
#2256=EDGE_LOOP('',(#2249,#2251,#2253,#2255));
#2257=FACE_OUTER_BOUND('',#2256,.F.);
#2258=ADVANCED_FACE('',(#2257),#2247,.T.);
#2259=CARTESIAN_POINT('',(7.945786437628E1,5.899852638452E0,7.643650716258E1));
#2260=DIRECTION('',(0.E0,-9.985063788017E-1,-5.463525869255E-2));
#2261=DIRECTION('',(-1.E0,0.E0,0.E0));
#2262=AXIS2_PLACEMENT_3D('',#2259,#2260,#2261);
#2263=CONICAL_SURFACE('',#2262,9.499999976368E0,4.5E1);
#2264=ORIENTED_EDGE('',*,*,#2067,.T.);
#2266=ORIENTED_EDGE('',*,*,#2265,.T.);
#2268=ORIENTED_EDGE('',*,*,#2267,.F.);
#2270=ORIENTED_EDGE('',*,*,#2269,.F.);
#2271=EDGE_LOOP('',(#2264,#2266,#2268,#2270));
#2272=FACE_OUTER_BOUND('',#2271,.F.);
#2273=ADVANCED_FACE('',(#2272),#2263,.T.);
#2274=CARTESIAN_POINT('',(8.724644660942E1,5.591357543657E0,8.207452011834E1));
#2275=DIRECTION('',(5.E-1,6.787330021624E-1,5.378861513142E-1));
#2276=DIRECTION('',(5.E-1,-7.333682608549E-1,4.606202274874E-1));
#2277=AXIS2_PLACEMENT_3D('',#2274,#2275,#2276);
#2278=PLANE('',#2277);
#2279=ORIENTED_EDGE('',*,*,#2096,.T.);
#2281=ORIENTED_EDGE('',*,*,#2280,.T.);
#2283=ORIENTED_EDGE('',*,*,#2282,.F.);
#2284=ORIENTED_EDGE('',*,*,#2265,.F.);
#2285=EDGE_LOOP('',(#2279,#2281,#2283,#2284));
#2286=FACE_OUTER_BOUND('',#2285,.F.);
#2287=ADVANCED_FACE('',(#2286),#2278,.T.);
#2288=CARTESIAN_POINT('',(9.574213562374E1,5.244229437786E0,8.841858370292E1));
#2289=DIRECTION('',(0.E0,9.985063788017E-1,5.463525869255E-2));
#2290=DIRECTION('',(-1.E0,0.E0,0.E0));
#2291=AXIS2_PLACEMENT_3D('',#2288,#2289,#2290);
#2292=CONICAL_SURFACE('',#2291,1.049999992713E1,4.5E1);
#2293=ORIENTED_EDGE('',*,*,#2094,.T.);
#2295=ORIENTED_EDGE('',*,*,#2294,.T.);
#2297=ORIENTED_EDGE('',*,*,#2296,.F.);
#2298=ORIENTED_EDGE('',*,*,#2280,.F.);
#2299=EDGE_LOOP('',(#2293,#2295,#2297,#2298));
#2300=FACE_OUTER_BOUND('',#2299,.F.);
#2301=ADVANCED_FACE('',(#2300),#2292,.F.);
#2302=CARTESIAN_POINT('',(1.486E2,5.817899726816E0,7.793426672949E1));
#2303=DIRECTION('',(0.E0,6.674176695953E-1,7.446835934221E-1));
#2304=DIRECTION('',(0.E0,-7.446835934221E-1,6.674176695953E-1));
#2305=AXIS2_PLACEMENT_3D('',#2302,#2303,#2304);
#2306=PLANE('',#2305);
#2307=ORIENTED_EDGE('',*,*,#2092,.T.);
#2309=ORIENTED_EDGE('',*,*,#2308,.T.);
#2311=ORIENTED_EDGE('',*,*,#2310,.F.);
#2312=ORIENTED_EDGE('',*,*,#2294,.F.);
#2313=EDGE_LOOP('',(#2307,#2309,#2311,#2312));
#2314=FACE_OUTER_BOUND('',#2313,.F.);
#2315=ADVANCED_FACE('',(#2314),#2306,.T.);
#2316=CARTESIAN_POINT('',(2.014578643763E2,5.244229437786E0,8.841858370292E1));
#2317=DIRECTION('',(0.E0,9.985063788017E-1,5.463525869255E-2));
#2318=DIRECTION('',(-1.E0,0.E0,0.E0));
#2319=AXIS2_PLACEMENT_3D('',#2316,#2317,#2318);
#2320=CONICAL_SURFACE('',#2319,1.049999992713E1,4.5E1);
#2321=ORIENTED_EDGE('',*,*,#2090,.T.);
#2323=ORIENTED_EDGE('',*,*,#2322,.T.);
#2325=ORIENTED_EDGE('',*,*,#2324,.F.);
#2326=ORIENTED_EDGE('',*,*,#2308,.F.);
#2327=EDGE_LOOP('',(#2321,#2323,#2325,#2326));
#2328=FACE_OUTER_BOUND('',#2327,.F.);
#2329=ADVANCED_FACE('',(#2328),#2320,.F.);
#2330=CARTESIAN_POINT('',(2.099535533906E2,5.591357543657E0,8.207452011834E1));
#2331=DIRECTION('',(-5.E-1,6.787330021624E-1,5.378861513142E-1));
#2332=DIRECTION('',(-5.E-1,-7.333682608550E-1,4.606202274874E-1));
#2333=AXIS2_PLACEMENT_3D('',#2330,#2331,#2332);
#2334=PLANE('',#2333);
#2335=ORIENTED_EDGE('',*,*,#2088,.T.);
#2337=ORIENTED_EDGE('',*,*,#2336,.T.);
#2339=ORIENTED_EDGE('',*,*,#2338,.F.);
#2340=ORIENTED_EDGE('',*,*,#2322,.F.);
#2341=EDGE_LOOP('',(#2335,#2337,#2339,#2340));
#2342=FACE_OUTER_BOUND('',#2341,.F.);
#2343=ADVANCED_FACE('',(#2342),#2334,.T.);
#2344=CARTESIAN_POINT('',(2.177421356237E2,5.899852638452E0,7.643650716257E1));
#2345=DIRECTION('',(0.E0,-9.985063788017E-1,-5.463525869255E-2));
#2346=DIRECTION('',(-1.E0,0.E0,0.E0));
#2347=AXIS2_PLACEMENT_3D('',#2344,#2345,#2346);
#2348=CONICAL_SURFACE('',#2347,9.499999976369E0,4.5E1);
#2349=ORIENTED_EDGE('',*,*,#2086,.T.);
#2351=ORIENTED_EDGE('',*,*,#2350,.T.);
#2353=ORIENTED_EDGE('',*,*,#2352,.F.);
#2354=ORIENTED_EDGE('',*,*,#2336,.F.);
#2355=EDGE_LOOP('',(#2349,#2351,#2353,#2354));
#2356=FACE_OUTER_BOUND('',#2355,.F.);
#2357=ADVANCED_FACE('',(#2356),#2348,.T.);
#2358=CARTESIAN_POINT('',(2.524710678119E2,5.380817657276E0,8.592231775990E1));
#2359=DIRECTION('',(0.E0,6.674176695953E-1,7.446835934221E-1));
#2360=DIRECTION('',(0.E0,-7.446835934221E-1,6.674176695953E-1));
#2361=AXIS2_PLACEMENT_3D('',#2358,#2359,#2360);
#2362=PLANE('',#2361);
#2363=ORIENTED_EDGE('',*,*,#2084,.T.);
#2365=ORIENTED_EDGE('',*,*,#2364,.T.);
#2367=ORIENTED_EDGE('',*,*,#2366,.F.);
#2368=ORIENTED_EDGE('',*,*,#2350,.F.);
#2369=EDGE_LOOP('',(#2363,#2365,#2367,#2368));
#2370=FACE_OUTER_BOUND('',#2369,.F.);
#2371=ADVANCED_FACE('',(#2370),#2362,.T.);
#2372=CARTESIAN_POINT('',(2.872E2,5.899852633860E0,7.643650716232E1));
#2373=DIRECTION('',(0.E0,-9.985063788017E-1,-5.463525869255E-2));
#2374=DIRECTION('',(-1.E0,0.E0,0.E0));
#2375=AXIS2_PLACEMENT_3D('',#2372,#2373,#2374);
#2376=CONICAL_SURFACE('',#2375,9.499999980967E0,4.5E1);
#2377=ORIENTED_EDGE('',*,*,#2082,.T.);
#2379=ORIENTED_EDGE('',*,*,#2378,.T.);
#2381=ORIENTED_EDGE('',*,*,#2380,.F.);
#2382=ORIENTED_EDGE('',*,*,#2364,.F.);
#2383=EDGE_LOOP('',(#2377,#2379,#2381,#2382));
#2384=FACE_OUTER_BOUND('',#2383,.F.);
#2385=ADVANCED_FACE('',(#2384),#2376,.T.);
#2386=CARTESIAN_POINT('',(2.967E2,7.702816151710E0,4.348579666083E1));
#2387=DIRECTION('',(7.071067811865E-1,7.060506315087E-1,3.863296191324E-2));
#2388=DIRECTION('',(7.071067811865E-1,-7.060506315087E-1,-3.863296191352E-2));
#2389=AXIS2_PLACEMENT_3D('',#2386,#2387,#2388);
#2390=PLANE('',#2389);
#2391=ORIENTED_EDGE('',*,*,#2080,.T.);
#2393=ORIENTED_EDGE('',*,*,#2392,.T.);
#2395=ORIENTED_EDGE('',*,*,#2394,.F.);
#2396=ORIENTED_EDGE('',*,*,#2378,.F.);
#2397=EDGE_LOOP('',(#2391,#2393,#2395,#2396));
#2398=FACE_OUTER_BOUND('',#2397,.F.);
#2399=ADVANCED_FACE('',(#2398),#2390,.T.);
#2400=CARTESIAN_POINT('',(2.872E2,9.505779707567E0,1.053508616142E1));
#2401=DIRECTION('',(0.E0,-9.985063788017E-1,-5.463525869255E-2));
#2402=DIRECTION('',(-1.E0,0.E0,0.E0));
#2403=AXIS2_PLACEMENT_3D('',#2400,#2401,#2402);
#2404=CONICAL_SURFACE('',#2403,9.499999980969E0,4.499999999998E1);
#2405=ORIENTED_EDGE('',*,*,#2078,.T.);
#2407=ORIENTED_EDGE('',*,*,#2406,.T.);
#2409=ORIENTED_EDGE('',*,*,#2408,.F.);
#2410=ORIENTED_EDGE('',*,*,#2392,.F.);
#2411=EDGE_LOOP('',(#2405,#2407,#2409,#2410));
#2412=FACE_OUTER_BOUND('',#2411,.F.);
#2413=ADVANCED_FACE('',(#2412),#2404,.T.);
#2414=CARTESIAN_POINT('',(1.486E2,1.002481464614E1,1.049275561760E0));
#2415=DIRECTION('',(0.E0,7.446835934221E-1,-6.674176695953E-1));
#2416=DIRECTION('',(0.E0,-6.674176695953E-1,-7.446835934221E-1));
#2417=AXIS2_PLACEMENT_3D('',#2414,#2415,#2416);
#2418=PLANE('',#2417);
#2419=ORIENTED_EDGE('',*,*,#2076,.T.);
#2421=ORIENTED_EDGE('',*,*,#2420,.T.);
#2423=ORIENTED_EDGE('',*,*,#2422,.F.);
#2424=ORIENTED_EDGE('',*,*,#2406,.F.);
#2425=EDGE_LOOP('',(#2419,#2421,#2423,#2424));
#2426=FACE_OUTER_BOUND('',#2425,.F.);
#2427=ADVANCED_FACE('',(#2426),#2418,.T.);
#2428=CARTESIAN_POINT('',(1.E1,9.505779707570E0,1.053508616142E1));
#2429=DIRECTION('',(0.E0,-9.985063788017E-1,-5.463525869255E-2));
#2430=DIRECTION('',(-1.E0,0.E0,0.E0));
#2431=AXIS2_PLACEMENT_3D('',#2428,#2429,#2430);
#2432=CONICAL_SURFACE('',#2431,9.499999980965E0,4.499999999997E1);
#2433=ORIENTED_EDGE('',*,*,#2074,.T.);
#2434=ORIENTED_EDGE('',*,*,#2057,.T.);
#2436=ORIENTED_EDGE('',*,*,#2435,.F.);
#2437=ORIENTED_EDGE('',*,*,#2420,.F.);
#2438=EDGE_LOOP('',(#2433,#2434,#2436,#2437));
#2439=FACE_OUTER_BOUND('',#2438,.F.);
#2440=ADVANCED_FACE('',(#2439),#2432,.T.);
#2441=CARTESIAN_POINT('',(1.E1,3.575437165097E1,1.197132997677E1));
#2442=DIRECTION('',(0.E0,-9.985063788017E-1,-5.463525869255E-2));
#2443=DIRECTION('',(-1.E0,0.E0,0.E0));
#2444=AXIS2_PLACEMENT_3D('',#2441,#2442,#2443);
#2445=CYLINDRICAL_SURFACE('',#2444,1.E1);
#2446=ORIENTED_EDGE('',*,*,#2435,.T.);
#2447=ORIENTED_EDGE('',*,*,#2042,.F.);
#2449=ORIENTED_EDGE('',*,*,#2448,.F.);
#2451=ORIENTED_EDGE('',*,*,#2450,.T.);
#2452=EDGE_LOOP('',(#2446,#2447,#2449,#2451));
#2453=FACE_OUTER_BOUND('',#2452,.F.);
#2454=ADVANCED_FACE('',(#2453),#2445,.T.);
#2455=CARTESIAN_POINT('',(1.021345499917E1,1.331104314452E0,
-2.018187285196E-1));
#2456=CARTESIAN_POINT('',(1.020288665354E1,7.952425463200E-1,
3.054187900803E-1));
#2457=CARTESIAN_POINT('',(1.019231830791E1,2.593807781881E-1,
8.126563086801E-1));
#2458=CARTESIAN_POINT('',(1.018174996228E1,-2.764809899437E-1,
1.319893827280E0));
#2459=CARTESIAN_POINT('',(1.014233866338E1,1.331114360141E0,
-2.033153793606E-1));
#2460=CARTESIAN_POINT('',(1.013529133116E1,7.952485479225E-1,
3.039960483861E-1));
#2461=CARTESIAN_POINT('',(1.012824399894E1,2.593827357045E-1,
8.113074761329E-1));
#2462=CARTESIAN_POINT('',(1.012119666671E1,-2.764830765134E-1,
1.318618903880E0));
#2463=CARTESIAN_POINT('',(9.304240330992E0,1.331173452601E0,
-2.121192338518E-1));
#2464=CARTESIAN_POINT('',(9.338687996126E0,7.952838515712E-1,
2.956269548730E-1));
#2465=CARTESIAN_POINT('',(9.373135661261E0,2.593942505410E-1,
8.033731435977E-1));
#2466=CARTESIAN_POINT('',(9.407583326396E0,-2.764953504892E-1,
1.311119332323E0));
#2467=CARTESIAN_POINT('',(7.693020331445E0,1.329953725890E0,
-3.039898864418E-2));
#2468=CARTESIAN_POINT('',(7.807245669182E0,7.945551494212E-1,
4.683733044296E-1));
#2469=CARTESIAN_POINT('',(7.921471006920E0,2.591565729524E-1,
9.671455975035E-1));
#2470=CARTESIAN_POINT('',(8.035696344657E0,-2.762420035163E-1,
1.465917890577E0));
#2471=CARTESIAN_POINT('',(5.503068659205E0,1.324793517992E0,7.383914626324E-1));
#2472=CARTESIAN_POINT('',(5.725723708906E0,7.914722829441E-1,1.199198549553E0));
#2473=CARTESIAN_POINT('',(5.948378758607E0,2.581510478965E-1,1.660005636475E0));
#2474=CARTESIAN_POINT('',(6.171033808309E0,-2.751701871511E-1,
2.120812723396E0));
#2475=CARTESIAN_POINT('',(3.538331387243E0,1.316481878264E0,1.976696068158E0));
#2476=CARTESIAN_POINT('',(3.858266065587E0,7.865066544286E-1,2.376351933560E0));
#2477=CARTESIAN_POINT('',(4.178200743931E0,2.565314305929E-1,2.776007798961E0));
#2478=CARTESIAN_POINT('',(4.498135422275E0,-2.734437932427E-1,
3.175663664363E0));
#2479=CARTESIAN_POINT('',(1.898191281949E0,1.305431126187E0,3.623085701275E0));
#2480=CARTESIAN_POINT('',(2.299333669642E0,7.799045961790E-1,3.941437807949E0));
#2481=CARTESIAN_POINT('',(2.700476057334E0,2.543780661705E-1,4.259789914624E0));
#2482=CARTESIAN_POINT('',(3.101618445026E0,-2.711484638379E-1,
4.578142021298E0));
#2483=CARTESIAN_POINT('',(6.653987360269E-1,1.292189742936E0,5.595845071677E0));
#2484=CARTESIAN_POINT('',(1.127580020731E0,7.719937876728E-1,5.816776522960E0));
#2485=CARTESIAN_POINT('',(1.589761305435E0,2.517978324092E-1,6.037707974244E0));
#2486=CARTESIAN_POINT('',(2.051942590138E0,-2.683981228543E-1,
6.258639425527E0));
#2487=CARTESIAN_POINT('',(-9.367581180053E-2,1.277475553352E0,
7.788030056664E0));
#2488=CARTESIAN_POINT('',(4.060892971310E-1,7.632030794879E-1,
7.900704091745E0));
#2489=CARTESIAN_POINT('',(9.058544060625E-1,2.489306056237E-1,
8.013378126827E0));
#2490=CARTESIAN_POINT('',(1.405619514994E0,-2.653418682406E-1,
8.126052161909E0));
#2491=CARTESIAN_POINT('',(-2.700437147573E-1,1.266785926245E0,
9.380616744965E0));
#2492=CARTESIAN_POINT('',(2.384538455299E-1,7.568167683721E-1,
9.414645786693E0));
#2493=CARTESIAN_POINT('',(7.469514058171E-1,2.468476104989E-1,
9.448674828422E0));
#2494=CARTESIAN_POINT('',(1.255448966104E0,-2.631215473742E-1,
9.482703870150E0));
#2495=CARTESIAN_POINT('',(-2.614232713099E-1,1.261205947253E0,
1.021194731117E1));
#2496=CARTESIAN_POINT('',(2.466474675330E-1,7.534831177679E-1,
1.020492126699E1));
#2497=CARTESIAN_POINT('',(7.547182063759E-1,2.457602882827E-1,
1.019789522281E1));
#2498=CARTESIAN_POINT('',(1.262788945219E0,-2.619625412025E-1,
1.019086917863E1));
#2499=CARTESIAN_POINT('',(-2.599481546007E-1,1.260728601464E0,
1.028306446114E1));
#2500=CARTESIAN_POINT('',(2.480495472278E-1,7.531979367520E-1,
1.027252629184E1));
#2501=CARTESIAN_POINT('',(7.560472490562E-1,2.456672720398E-1,
1.026198812255E1));
#2502=CARTESIAN_POINT('',(1.264044950885E0,-2.618633926724E-1,
1.025144995325E1));
#2503=B_SPLINE_SURFACE_WITH_KNOTS('',3,3,((#2455,#2456,#2457,#2458),(#2459,
#2460,#2461,#2462),(#2463,#2464,#2465,#2466),(#2467,#2468,#2469,#2470),(#2471,
#2472,#2473,#2474),(#2475,#2476,#2477,#2478),(#2479,#2480,#2481,#2482),(#2483,
#2484,#2485,#2486),(#2487,#2488,#2489,#2490),(#2491,#2492,#2493,#2494),(#2495,
#2496,#2497,#2498),(#2499,#2500,#2501,#2502)),.UNSPECIFIED.,.F.,.F.,.F.,(4,1,1,
1,1,1,1,1,1,4),(4,4),(-1.325446204042E-2,0.E0,1.428571428571E-1,
2.857142857143E-1,4.285714285714E-1,5.714285714286E-1,7.142857142857E-1,
8.571428571429E-1,1.E0,1.013367566467E0),(-2.621608905461E-1,1.262160890546E0),
.UNSPECIFIED.);
#2504=ORIENTED_EDGE('',*,*,#2448,.T.);
#2506=ORIENTED_EDGE('',*,*,#2505,.T.);
#2508=ORIENTED_EDGE('',*,*,#2507,.F.);
#2510=ORIENTED_EDGE('',*,*,#2509,.F.);
#2511=EDGE_LOOP('',(#2504,#2506,#2508,#2510));
#2512=FACE_OUTER_BOUND('',#2511,.F.);
#2513=ADVANCED_FACE('',(#2512),#2503,.F.);
#2514=CARTESIAN_POINT('',(5.E-1,5.E-1,4.311903876905E1));
#2515=DIRECTION('',(-7.071067811865E-1,-7.071067811865E-1,0.E0));
#2516=DIRECTION('',(7.071067811865E-1,-7.071067811865E-1,0.E0));
#2517=AXIS2_PLACEMENT_3D('',#2514,#2515,#2516);
#2518=PLANE('',#2517);
#2519=ORIENTED_EDGE('',*,*,#2040,.T.);
#2521=ORIENTED_EDGE('',*,*,#2520,.T.);
#2523=ORIENTED_EDGE('',*,*,#2522,.F.);
#2524=ORIENTED_EDGE('',*,*,#2505,.F.);
#2525=EDGE_LOOP('',(#2519,#2521,#2523,#2524));
#2526=FACE_OUTER_BOUND('',#2525,.F.);
#2527=ADVANCED_FACE('',(#2526),#2518,.T.);
#2528=CARTESIAN_POINT('',(-2.673767518853E-1,1.271075754194E0,
7.595411783420E1));
#2529=CARTESIAN_POINT('',(2.455973354772E-1,7.574048265248E-1,
7.596479617803E1));
#2530=CARTESIAN_POINT('',(7.585714228397E-1,2.437338988557E-1,
7.597547452187E1));
#2531=CARTESIAN_POINT('',(1.271545510202E0,-2.699370288135E-1,
7.598615286570E1));
#2532=CARTESIAN_POINT('',(-2.688794992192E-1,1.270594082358E0,
7.602550912278E1));
#2533=CARTESIAN_POINT('',(2.441696677416E-1,7.571178093487E-1,
7.603262983139E1));
#2534=CARTESIAN_POINT('',(7.572188347024E-1,2.436415363397E-1,7.603975054E1));
#2535=CARTESIAN_POINT('',(1.270268001663E0,-2.698347366692E-1,
7.604687124860E1));
#2536=CARTESIAN_POINT('',(-2.777148144986E-1,1.264920118564E0,
7.686647904100E1));
#2537=CARTESIAN_POINT('',(2.357757785749E-1,7.537368247390E-1,
7.683169201387E1));
#2538=CARTESIAN_POINT('',(7.492663716483E-1,2.425535309138E-1,
7.679690498674E1));
#2539=CARTESIAN_POINT('',(1.262756964722E0,-2.686297629114E-1,
7.676211795961E1));
#2540=CARTESIAN_POINT('',(-9.544013010269E-2,1.254010347212E0,
7.848347471180E1));
#2541=CARTESIAN_POINT('',(4.089437358391E-1,7.472359427488E-1,
7.836811332986E1));
#2542=CARTESIAN_POINT('',(9.133276017810E-1,2.404615382858E-1,
7.825275194793E1));
#2543=CARTESIAN_POINT('',(1.417711467723E0,-2.663128661771E-1,
7.813739056599E1));
#2544=CARTESIAN_POINT('',(6.752336532465E-1,1.239191481399E0,8.067985995242E1));
#2545=CARTESIAN_POINT('',(1.141113463729E0,7.384057212195E-1,8.045505021445E1));
#2546=CARTESIAN_POINT('',(1.606993274212E0,2.376199610398E-1,8.023024047648E1));
#2547=CARTESIAN_POINT('',(2.072873084695E0,-2.631657991399E-1,
8.000543073851E1));
#2548=CARTESIAN_POINT('',(1.915543028367E0,1.225907154925E0,8.264880227060E1));
#2549=CARTESIAN_POINT('',(2.319455043172E0,7.304898964109E-1,8.232587873870E1));
#2550=CARTESIAN_POINT('',(2.723367057978E0,2.350726378967E-1,8.200295520680E1));
#2551=CARTESIAN_POINT('',(3.127279072783E0,-2.603446206174E-1,
8.168003167491E1));
#2552=CARTESIAN_POINT('',(3.562930787259E0,1.214829342109E0,8.429070530479E1));
#2553=CARTESIAN_POINT('',(3.884536800285E0,7.238888823749E-1,8.388596436966E1));
#2554=CARTESIAN_POINT('',(4.206142813312E0,2.329484226408E-1,8.348122343453E1));
#2555=CARTESIAN_POINT('',(4.527748826338E0,-2.579920370932E-1,
8.307648249941E1));
#2556=CARTESIAN_POINT('',(5.534843640019E0,1.206512029530E0,8.552345952057E1));
#2557=CARTESIAN_POINT('',(5.757929641812E0,7.189327869805E-1,8.505728946229E1));
#2558=CARTESIAN_POINT('',(5.981015643605E0,2.313535444314E-1,8.459111940402E1));
#2559=CARTESIAN_POINT('',(6.204101645398E0,-2.562256981177E-1,
8.412494934574E1));
#2560=CARTESIAN_POINT('',(7.724021382936E0,1.201397156873E0,8.628156267278E1));
#2561=CARTESIAN_POINT('',(7.837733347208E0,7.158849519289E-1,8.577761571930E1));
#2562=CARTESIAN_POINT('',(7.951445311480E0,2.303727469844E-1,8.527366876582E1));
#2563=CARTESIAN_POINT('',(8.065157275751E0,-2.551394579602E-1,
8.476972181234E1));
#2564=CARTESIAN_POINT('',(9.312965801615E0,1.200210034964E0,8.645751247979E1));
#2565=CARTESIAN_POINT('',(9.347289857815E0,7.151775732689E-1,8.594479780639E1));
#2566=CARTESIAN_POINT('',(9.381613914015E0,2.301451115736E-1,8.543208313299E1));
#2567=CARTESIAN_POINT('',(9.415937970216E0,-2.548873501216E-1,
8.491936845959E1));
#2568=CARTESIAN_POINT('',(1.014289386216E1,1.200268460811E0,8.644885286668E1));
#2569=CARTESIAN_POINT('',(1.013575489913E1,7.152123878880E-1,8.593656970874E1));
#2570=CARTESIAN_POINT('',(1.012861593610E1,2.301563149652E-1,8.542428655080E1));
#2571=CARTESIAN_POINT('',(1.012147697306E1,-2.548997579576E-1,
8.491200339287E1));
#2572=CARTESIAN_POINT('',(1.021432537204E1,1.200278518380E0,8.644736217956E1));
#2573=CARTESIAN_POINT('',(1.020361772681E1,7.152183809623E-1,8.593515330376E1));
#2574=CARTESIAN_POINT('',(1.019291008158E1,2.301582435446E-1,8.542294442795E1));
#2575=CARTESIAN_POINT('',(1.018220243635E1,-2.549018938730E-1,
8.491073555215E1));
#2576=B_SPLINE_SURFACE_WITH_KNOTS('',3,3,((#2528,#2529,#2530,#2531),(#2532,
#2533,#2534,#2535),(#2536,#2537,#2538,#2539),(#2540,#2541,#2542,#2543),(#2544,
#2545,#2546,#2547),(#2548,#2549,#2550,#2551),(#2552,#2553,#2554,#2555),(#2556,
#2557,#2558,#2559),(#2560,#2561,#2562,#2563),(#2564,#2565,#2566,#2567),(#2568,
#2569,#2570,#2571),(#2572,#2573,#2574,#2575)),.UNSPECIFIED.,.F.,.F.,.F.,(4,1,1,
1,1,1,1,1,1,4),(4,4),(-1.326109667825E-2,0.E0,1.428571428571E-1,
2.857142857143E-1,4.285714285714E-1,5.714285714286E-1,7.142857142857E-1,
8.571428571429E-1,1.E0,1.013456554656E0),(-2.696299942956E-1,1.269629994296E0),
.UNSPECIFIED.);
#2578=ORIENTED_EDGE('',*,*,#2577,.T.);
#2580=ORIENTED_EDGE('',*,*,#2579,.T.);
#2582=ORIENTED_EDGE('',*,*,#2581,.F.);
#2583=ORIENTED_EDGE('',*,*,#2520,.F.);
#2584=EDGE_LOOP('',(#2578,#2580,#2582,#2583));
#2585=FACE_OUTER_BOUND('',#2584,.F.);
#2586=ADVANCED_FACE('',(#2585),#2576,.F.);
#2587=CARTESIAN_POINT('',(1.E1,-2.621040700358E1,7.467953056285E1));
#2588=DIRECTION('',(0.E0,9.985063788017E-1,5.463525869255E-2));
#2589=DIRECTION('',(-1.E0,0.E0,0.E0));
#2590=AXIS2_PLACEMENT_3D('',#2587,#2588,#2589);
#2591=CYLINDRICAL_SURFACE('',#2590,1.E1);
#2593=ORIENTED_EDGE('',*,*,#2592,.T.);
#2595=ORIENTED_EDGE('',*,*,#2594,.F.);
#2596=ORIENTED_EDGE('',*,*,#2577,.F.);
#2597=ORIENTED_EDGE('',*,*,#2038,.T.);
#2598=EDGE_LOOP('',(#2593,#2595,#2596,#2597));
#2599=FACE_OUTER_BOUND('',#2598,.F.);
#2600=ADVANCED_FACE('',(#2599),#2591,.T.);
#2601=CARTESIAN_POINT('',(1.E1,5.899852633860E0,7.643650716232E1));
#2602=DIRECTION('',(0.E0,-9.985063788017E-1,-5.463525869255E-2));
#2603=DIRECTION('',(-1.E0,0.E0,0.E0));
#2604=AXIS2_PLACEMENT_3D('',#2601,#2602,#2603);
#2605=CONICAL_SURFACE('',#2604,9.499999980967E0,4.5E1);
#2606=ORIENTED_EDGE('',*,*,#2071,.T.);
#2608=ORIENTED_EDGE('',*,*,#2607,.T.);
#2609=ORIENTED_EDGE('',*,*,#2592,.F.);
#2610=ORIENTED_EDGE('',*,*,#2054,.F.);
#2611=EDGE_LOOP('',(#2606,#2608,#2609,#2610));
#2612=FACE_OUTER_BOUND('',#2611,.F.);
#2613=ADVANCED_FACE('',(#2612),#2605,.T.);
#2614=CARTESIAN_POINT('',(4.472893218814E1,5.380817657276E0,8.592231775990E1));
#2615=DIRECTION('',(0.E0,6.674176695953E-1,7.446835934221E-1));
#2616=DIRECTION('',(0.E0,-7.446835934221E-1,6.674176695953E-1));
#2617=AXIS2_PLACEMENT_3D('',#2614,#2615,#2616);
#2618=PLANE('',#2617);
#2619=ORIENTED_EDGE('',*,*,#2069,.T.);
#2620=ORIENTED_EDGE('',*,*,#2269,.T.);
#2622=ORIENTED_EDGE('',*,*,#2621,.F.);
#2623=ORIENTED_EDGE('',*,*,#2607,.F.);
#2624=EDGE_LOOP('',(#2619,#2620,#2622,#2623));
#2625=FACE_OUTER_BOUND('',#2624,.F.);
#2626=ADVANCED_FACE('',(#2625),#2618,.T.);
#2627=CARTESIAN_POINT('',(0.E0,0.E0,8.612864356782E1));
#2628=DIRECTION('',(0.E0,-5.463525869255E-2,9.985063788017E-1));
#2629=DIRECTION('',(0.E0,9.985063788017E-1,5.463525869255E-2));
#2630=AXIS2_PLACEMENT_3D('',#2627,#2628,#2629);
#2631=PLANE('',#2630);
#2632=ORIENTED_EDGE('',*,*,#2366,.T.);
#2634=ORIENTED_EDGE('',*,*,#2633,.T.);
#2636=ORIENTED_EDGE('',*,*,#2635,.F.);
#2638=ORIENTED_EDGE('',*,*,#2637,.F.);
#2639=EDGE_LOOP('',(#2632,#2634,#2636,#2638));
#2640=FACE_OUTER_BOUND('',#2639,.F.);
#2641=ADVANCED_FACE('',(#2640),#2631,.T.);
#2642=CARTESIAN_POINT('',(0.E0,0.E0,8.612864356782E1));
#2643=DIRECTION('',(0.E0,-5.463525869255E-2,9.985063788017E-1));
#2644=DIRECTION('',(0.E0,9.985063788017E-1,5.463525869255E-2));
#2645=AXIS2_PLACEMENT_3D('',#2642,#2643,#2644);
#2646=PLANE('',#2645);
#2647=ORIENTED_EDGE('',*,*,#2621,.T.);
#2649=ORIENTED_EDGE('',*,*,#2648,.F.);
#2651=ORIENTED_EDGE('',*,*,#2650,.F.);
#2652=ORIENTED_EDGE('',*,*,#2594,.T.);
#2653=EDGE_LOOP('',(#2647,#2649,#2651,#2652));
#2654=FACE_OUTER_BOUND('',#2653,.F.);
#2655=ADVANCED_FACE('',(#2654),#2646,.T.);
#2656=CARTESIAN_POINT('',(2.872E2,3.482677997975E1,7.801930141610E1));
#2657=DIRECTION('',(0.E0,-9.985063788017E-1,-5.463525869255E-2));
#2658=DIRECTION('',(1.E0,1.080784604647E-14,-1.975226891345E-13));
#2659=AXIS2_PLACEMENT_3D('',#2656,#2657,#2658);
#2660=CYLINDRICAL_SURFACE('',#2659,1.E1);
#2661=ORIENTED_EDGE('',*,*,#2380,.T.);
#2663=ORIENTED_EDGE('',*,*,#2662,.T.);
#2665=ORIENTED_EDGE('',*,*,#2664,.F.);
#2666=ORIENTED_EDGE('',*,*,#2633,.F.);
#2667=EDGE_LOOP('',(#2661,#2663,#2665,#2666));
#2668=FACE_OUTER_BOUND('',#2667,.F.);
#2669=ADVANCED_FACE('',(#2668),#2660,.T.);
#2670=CARTESIAN_POINT('',(2.972E2,3.998610875983E0,-7.787455646086E0));
#2671=DIRECTION('',(-1.E0,-1.086162188571E-14,1.985054888829E-13));
#2672=DIRECTION('',(-1.988024243983E-13,5.463525869255E-2,-9.985063788017E-1));
#2673=AXIS2_PLACEMENT_3D('',#2670,#2671,#2672);
#2674=PLANE('',#2673);
#2675=ORIENTED_EDGE('',*,*,#2394,.T.);
#2677=ORIENTED_EDGE('',*,*,#2676,.T.);
#2679=ORIENTED_EDGE('',*,*,#2678,.F.);
#2680=ORIENTED_EDGE('',*,*,#2662,.F.);
#2681=EDGE_LOOP('',(#2675,#2677,#2679,#2680));
#2682=FACE_OUTER_BOUND('',#2681,.F.);
#2683=ADVANCED_FACE('',(#2682),#2674,.F.);
#2684=CARTESIAN_POINT('',(2.872E2,-2.707754093448E1,8.533357149418E0));
#2685=DIRECTION('',(0.E0,9.985063788017E-1,5.463525869255E-2));
#2686=DIRECTION('',(1.E0,1.086705058976E-14,-1.986047031222E-13));
#2687=AXIS2_PLACEMENT_3D('',#2684,#2685,#2686);
#2688=CYLINDRICAL_SURFACE('',#2687,1.E1);
#2689=ORIENTED_EDGE('',*,*,#2408,.T.);
#2691=ORIENTED_EDGE('',*,*,#2690,.F.);
#2693=ORIENTED_EDGE('',*,*,#2692,.F.);
#2694=ORIENTED_EDGE('',*,*,#2676,.F.);
#2695=EDGE_LOOP('',(#2689,#2691,#2693,#2694));
#2696=FACE_OUTER_BOUND('',#2695,.F.);
#2697=ADVANCED_FACE('',(#2696),#2688,.T.);
#2698=CARTESIAN_POINT('',(0.E0,1.304765141189E1,7.139281484356E-1));
#2699=DIRECTION('',(0.E0,5.463525869255E-2,-9.985063788017E-1));
#2700=DIRECTION('',(0.E0,-9.985063788017E-1,-5.463525869255E-2));
#2701=AXIS2_PLACEMENT_3D('',#2698,#2699,#2700);
#2702=PLANE('',#2701);
#2703=ORIENTED_EDGE('',*,*,#2422,.T.);
#2704=ORIENTED_EDGE('',*,*,#2450,.F.);
#2706=ORIENTED_EDGE('',*,*,#2705,.F.);
#2707=ORIENTED_EDGE('',*,*,#2690,.T.);
#2708=EDGE_LOOP('',(#2703,#2704,#2706,#2707));
#2709=FACE_OUTER_BOUND('',#2708,.F.);
#2710=ADVANCED_FACE('',(#2709),#2702,.T.);
#2711=CARTESIAN_POINT('',(1.486E2,5.273176293458E-1,5.569596511810E-1));
#2712=DIRECTION('',(0.E0,-6.875189965766E-1,-7.261663923277E-1));
#2713=DIRECTION('',(0.E0,-7.261663923277E-1,6.875189965766E-1));
#2714=AXIS2_PLACEMENT_3D('',#2711,#2712,#2713);
#2715=PLANE('',#2714);
#2716=ORIENTED_EDGE('',*,*,#2705,.T.);
#2717=ORIENTED_EDGE('',*,*,#2509,.T.);
#2719=ORIENTED_EDGE('',*,*,#2718,.F.);
#2721=ORIENTED_EDGE('',*,*,#2720,.F.);
#2722=EDGE_LOOP('',(#2716,#2717,#2719,#2721));
#2723=FACE_OUTER_BOUND('',#2722,.F.);
#2724=ADVANCED_FACE('',(#2723),#2715,.T.);
#2725=CARTESIAN_POINT('',(0.E0,0.E0,0.E0));
#2726=DIRECTION('',(0.E0,-1.E0,0.E0));
#2727=DIRECTION('',(0.E0,0.E0,1.E0));
#2728=AXIS2_PLACEMENT_3D('',#2725,#2726,#2727);
#2729=PLANE('',#2728);
#2731=ORIENTED_EDGE('',*,*,#2730,.T.);
#2733=ORIENTED_EDGE('',*,*,#2732,.T.);
#2735=ORIENTED_EDGE('',*,*,#2734,.T.);
#2737=ORIENTED_EDGE('',*,*,#2736,.T.);
#2739=ORIENTED_EDGE('',*,*,#2738,.T.);
#2741=ORIENTED_EDGE('',*,*,#2740,.T.);
#2743=ORIENTED_EDGE('',*,*,#2742,.T.);
#2745=ORIENTED_EDGE('',*,*,#2744,.T.);
#2747=ORIENTED_EDGE('',*,*,#2746,.T.);
#2749=ORIENTED_EDGE('',*,*,#2748,.T.);
#2751=ORIENTED_EDGE('',*,*,#2750,.T.);
#2752=ORIENTED_EDGE('',*,*,#2718,.T.);
#2753=ORIENTED_EDGE('',*,*,#2507,.T.);
#2754=ORIENTED_EDGE('',*,*,#2522,.T.);
#2755=ORIENTED_EDGE('',*,*,#2581,.T.);
#2757=ORIENTED_EDGE('',*,*,#2756,.T.);
#2758=EDGE_LOOP('',(#2731,#2733,#2735,#2737,#2739,#2741,#2743,#2745,#2747,#2749,
#2751,#2752,#2753,#2754,#2755,#2757));
#2759=FACE_OUTER_BOUND('',#2758,.F.);
#2761=ORIENTED_EDGE('',*,*,#2760,.T.);
#2763=ORIENTED_EDGE('',*,*,#2762,.T.);
#2764=EDGE_LOOP('',(#2761,#2763));
#2765=FACE_BOUND('',#2764,.F.);
#2767=ORIENTED_EDGE('',*,*,#2766,.T.);
#2769=ORIENTED_EDGE('',*,*,#2768,.T.);
#2770=EDGE_LOOP('',(#2767,#2769));
#2771=FACE_BOUND('',#2770,.F.);
#2773=ORIENTED_EDGE('',*,*,#2772,.T.);
#2775=ORIENTED_EDGE('',*,*,#2774,.T.);
#2776=EDGE_LOOP('',(#2773,#2775));
#2777=FACE_BOUND('',#2776,.F.);
#2779=ORIENTED_EDGE('',*,*,#2778,.T.);
#2781=ORIENTED_EDGE('',*,*,#2780,.T.);
#2782=EDGE_LOOP('',(#2779,#2781));
#2783=FACE_BOUND('',#2782,.F.);
#2784=ADVANCED_FACE('',(#2759,#2765,#2771,#2777,#2783),#2729,.T.);
#2785=CARTESIAN_POINT('',(1.E1,0.E0,1.069899193646E1));
#2786=DIRECTION('',(0.E0,-1.E0,0.E0));
#2787=DIRECTION('',(1.E0,0.E0,0.E0));
#2788=AXIS2_PLACEMENT_3D('',#2785,#2786,#2787);
#2789=CYLINDRICAL_SURFACE('',#2788,4.25E0);
#2790=ORIENTED_EDGE('',*,*,#2766,.F.);
#2792=ORIENTED_EDGE('',*,*,#2791,.F.);
#2794=ORIENTED_EDGE('',*,*,#2793,.F.);
#2796=ORIENTED_EDGE('',*,*,#2795,.T.);
#2797=EDGE_LOOP('',(#2790,#2792,#2794,#2796));
#2798=FACE_OUTER_BOUND('',#2797,.F.);
#2799=ADVANCED_FACE('',(#2798),#2789,.F.);
#2800=CARTESIAN_POINT('',(1.E1,0.E0,1.069899193646E1));
#2801=DIRECTION('',(0.E0,-1.E0,0.E0));
#2802=DIRECTION('',(1.E0,0.E0,0.E0));
#2803=AXIS2_PLACEMENT_3D('',#2800,#2801,#2802);
#2804=CYLINDRICAL_SURFACE('',#2803,4.25E0);
#2805=ORIENTED_EDGE('',*,*,#2768,.F.);
#2806=ORIENTED_EDGE('',*,*,#2795,.F.);
#2808=ORIENTED_EDGE('',*,*,#2807,.F.);
#2809=ORIENTED_EDGE('',*,*,#2791,.T.);
#2810=EDGE_LOOP('',(#2805,#2806,#2808,#2809));
#2811=FACE_OUTER_BOUND('',#2810,.F.);
#2812=ADVANCED_FACE('',(#2811),#2804,.F.);
#2813=CARTESIAN_POINT('',(0.E0,1.E0,0.E0));
#2814=DIRECTION('',(0.E0,-1.E0,0.E0));
#2815=DIRECTION('',(1.E0,0.E0,0.E0));
#2816=AXIS2_PLACEMENT_3D('',#2813,#2814,#2815);
#2817=PLANE('',#2816);
#2818=ORIENTED_EDGE('',*,*,#2793,.T.);
#2819=ORIENTED_EDGE('',*,*,#2807,.T.);
#2820=EDGE_LOOP('',(#2818,#2819));
#2821=FACE_OUTER_BOUND('',#2820,.F.);
#2822=ADVANCED_FACE('',(#2821),#2817,.T.);
#2823=CARTESIAN_POINT('',(2.872E2,0.E0,1.069899193646E1));
#2824=DIRECTION('',(0.E0,-1.E0,0.E0));
#2825=DIRECTION('',(1.E0,0.E0,0.E0));
#2826=AXIS2_PLACEMENT_3D('',#2823,#2824,#2825);
#2827=CYLINDRICAL_SURFACE('',#2826,4.25E0);
#2828=ORIENTED_EDGE('',*,*,#2760,.F.);
#2830=ORIENTED_EDGE('',*,*,#2829,.F.);
#2832=ORIENTED_EDGE('',*,*,#2831,.F.);
#2834=ORIENTED_EDGE('',*,*,#2833,.T.);
#2835=EDGE_LOOP('',(#2828,#2830,#2832,#2834));
#2836=FACE_OUTER_BOUND('',#2835,.F.);
#2837=ADVANCED_FACE('',(#2836),#2827,.F.);
#2838=CARTESIAN_POINT('',(2.872E2,0.E0,1.069899193646E1));
#2839=DIRECTION('',(0.E0,-1.E0,0.E0));
#2840=DIRECTION('',(1.E0,0.E0,0.E0));
#2841=AXIS2_PLACEMENT_3D('',#2838,#2839,#2840);
#2842=CYLINDRICAL_SURFACE('',#2841,4.25E0);
#2843=ORIENTED_EDGE('',*,*,#2762,.F.);
#2844=ORIENTED_EDGE('',*,*,#2833,.F.);
#2846=ORIENTED_EDGE('',*,*,#2845,.F.);
#2847=ORIENTED_EDGE('',*,*,#2829,.T.);
#2848=EDGE_LOOP('',(#2843,#2844,#2846,#2847));
#2849=FACE_OUTER_BOUND('',#2848,.F.);
#2850=ADVANCED_FACE('',(#2849),#2842,.F.);
#2851=CARTESIAN_POINT('',(0.E0,1.E0,0.E0));
#2852=DIRECTION('',(0.E0,-1.E0,0.E0));
#2853=DIRECTION('',(1.E0,0.E0,0.E0));
#2854=AXIS2_PLACEMENT_3D('',#2851,#2852,#2853);
#2855=PLANE('',#2854);
#2856=ORIENTED_EDGE('',*,*,#2831,.T.);
#2857=ORIENTED_EDGE('',*,*,#2845,.T.);
#2858=EDGE_LOOP('',(#2856,#2857));
#2859=FACE_OUTER_BOUND('',#2858,.F.);
#2860=ADVANCED_FACE('',(#2859),#2855,.T.);
#2861=CARTESIAN_POINT('',(7.924397228296E1,1.200278578252E0,8.644735330357E1));
#2862=CARTESIAN_POINT('',(7.925465835223E1,7.152184166387E-1,8.593514487381E1));
#2863=CARTESIAN_POINT('',(7.926534442149E1,2.301582550254E-1,8.542293644405E1));
#2864=CARTESIAN_POINT('',(7.927603049076E1,-2.549019065880E-1,
8.491072801429E1));
#2865=CARTESIAN_POINT('',(7.931523881602E1,1.200268477238E0,8.644885043138E1));
#2866=CARTESIAN_POINT('',(7.932236442114E1,7.152123976763E-1,8.593656739593E1));
#2867=CARTESIAN_POINT('',(7.932949002627E1,2.301563181151E-1,8.542428436047E1));
#2868=CARTESIAN_POINT('',(7.933661563140E1,-2.548997614461E-1,
8.491200132502E1));
#2869=CARTESIAN_POINT('',(8.006092064227E1,1.200215705418E0,8.645667203671E1));
#2870=CARTESIAN_POINT('',(8.003079190393E1,7.151809521620E-1,8.594399923257E1));
#2871=CARTESIAN_POINT('',(8.000066316559E1,2.301461989060E-1,8.543132642843E1));
#2872=CARTESIAN_POINT('',(7.997053442724E1,-2.548885543499E-1,
8.491865362428E1));
#2873=CARTESIAN_POINT('',(8.148494467068E1,1.201166200039E0,8.631579393460E1));
#2874=CARTESIAN_POINT('',(8.138366801128E1,7.157473300597E-1,8.581014141218E1));
#2875=CARTESIAN_POINT('',(8.128239135189E1,2.303284600805E-1,8.530448888976E1));
#2876=CARTESIAN_POINT('',(8.118111469249E1,-2.550904098987E-1,
8.479883636734E1));
#2877=CARTESIAN_POINT('',(8.343408753508E1,1.205184160996E0,8.572027053460E1));
#2878=CARTESIAN_POINT('',(8.323543005762E1,7.181415406421E-1,8.524429251622E1));
#2879=CARTESIAN_POINT('',(8.303677258017E1,2.310989202881E-1,8.476831449784E1));
#2880=CARTESIAN_POINT('',(8.283811510271E1,-2.559437000658E-1,
8.429233647946E1));
#2881=CARTESIAN_POINT('',(8.522042541664E1,1.211680100551E0,8.475747013797E1));
#2882=CARTESIAN_POINT('',(8.493251627200E1,7.220123217149E-1,8.432947256651E1));
#2883=CARTESIAN_POINT('',(8.464460712735E1,2.323445428792E-1,8.390147499505E1));
#2884=CARTESIAN_POINT('',(8.435669798271E1,-2.573232359565E-1,
8.347347742359E1));
#2885=CARTESIAN_POINT('',(8.630505072006E1,1.217714685176E0,8.386305616478E1));
#2886=CARTESIAN_POINT('',(8.596296073754E1,7.256081919896E-1,8.347961925334E1));
#2887=CARTESIAN_POINT('',(8.562087075503E1,2.335016988031E-1,8.309618234190E1));
#2888=CARTESIAN_POINT('',(8.527878077251E1,-2.586047943833E-1,
8.271274543047E1));
#2889=CARTESIAN_POINT('',(8.681985400602E1,1.221264715984E0,8.333688275265E1));
#2890=CARTESIAN_POINT('',(8.645203624947E1,7.277235737514E-1,8.297967289896E1));
#2891=CARTESIAN_POINT('',(8.608421849291E1,2.341824315188E-1,8.262246304528E1));
#2892=CARTESIAN_POINT('',(8.571640073635E1,-2.593587107139E-1,
8.226525319160E1));
#2893=CARTESIAN_POINT('',(8.686920471650E1,1.221612148806E0,8.328538738421E1));
#2894=CARTESIAN_POINT('',(8.649892047682E1,7.279306009846E-1,8.293074443219E1));
#2895=CARTESIAN_POINT('',(8.612863623714E1,2.342490531627E-1,8.257610148016E1));
#2896=CARTESIAN_POINT('',(8.575835199746E1,-2.594324946591E-1,
8.222145852814E1));
#2897=B_SPLINE_SURFACE_WITH_KNOTS('',3,3,((#2861,#2862,#2863,#2864),(#2865,
#2866,#2867,#2868),(#2869,#2870,#2871,#2872),(#2873,#2874,#2875,#2876),(#2877,
#2878,#2879,#2880),(#2881,#2882,#2883,#2884),(#2885,#2886,#2887,#2888),(#2889,
#2890,#2891,#2892),(#2893,#2894,#2895,#2896)),.UNSPECIFIED.,.F.,.F.,.F.,(4,1,1,
1,1,1,4),(4,4),(-2.643295209191E-2,0.E0,2.5E-1,5.E-1,7.5E-1,1.E0,
1.026817856271E0),(-2.696299942956E-1,1.269629994296E0),.UNSPECIFIED.);
#2899=ORIENTED_EDGE('',*,*,#2898,.T.);
#2901=ORIENTED_EDGE('',*,*,#2900,.T.);
#2902=ORIENTED_EDGE('',*,*,#2730,.F.);
#2904=ORIENTED_EDGE('',*,*,#2903,.F.);
#2905=EDGE_LOOP('',(#2899,#2901,#2902,#2904));
#2906=FACE_OUTER_BOUND('',#2905,.F.);
#2907=ADVANCED_FACE('',(#2906),#2897,.F.);
#2908=CARTESIAN_POINT('',(7.945786437628E1,-2.621040700358E1,7.467953056285E1));
#2909=DIRECTION('',(0.E0,9.985063788017E-1,5.463525869255E-2));
#2910=DIRECTION('',(0.E0,-5.463525869255E-2,9.985063788017E-1));
#2911=AXIS2_PLACEMENT_3D('',#2908,#2909,#2910);
#2912=CYLINDRICAL_SURFACE('',#2911,1.E1);
#2913=ORIENTED_EDGE('',*,*,#2267,.T.);
#2915=ORIENTED_EDGE('',*,*,#2914,.F.);
#2916=ORIENTED_EDGE('',*,*,#2898,.F.);
#2917=ORIENTED_EDGE('',*,*,#2648,.T.);
#2918=EDGE_LOOP('',(#2913,#2915,#2916,#2917));
#2919=FACE_OUTER_BOUND('',#2918,.F.);
#2920=ADVANCED_FACE('',(#2919),#2912,.T.);
#2921=CARTESIAN_POINT('',(9.160000000001E1,6.289835286871E0,7.846083754823E1));
#2922=DIRECTION('',(-7.071067811865E-1,3.863296191338E-2,-7.060506315087E-1));
#2923=DIRECTION('',(-7.071067811865E-1,-3.863296191338E-2,7.060506315087E-1));
#2924=AXIS2_PLACEMENT_3D('',#2921,#2922,#2923);
#2925=PLANE('',#2924);
#2926=ORIENTED_EDGE('',*,*,#2282,.T.);
#2928=ORIENTED_EDGE('',*,*,#2927,.T.);
#2930=ORIENTED_EDGE('',*,*,#2929,.F.);
#2931=ORIENTED_EDGE('',*,*,#2914,.T.);
#2932=EDGE_LOOP('',(#2926,#2928,#2930,#2931));
#2933=FACE_OUTER_BOUND('',#2932,.F.);
#2934=ADVANCED_FACE('',(#2933),#2925,.F.);
#2935=CARTESIAN_POINT('',(9.574213562374E1,3.482677997975E1,9.003725168137E1));
#2936=DIRECTION('',(0.E0,-9.985063788017E-1,-5.463525869255E-2));
#2937=DIRECTION('',(-7.071067811865E-1,3.863296191338E-2,-7.060506315087E-1));
#2938=AXIS2_PLACEMENT_3D('',#2935,#2936,#2937);
#2939=CYLINDRICAL_SURFACE('',#2938,1.E1);
#2940=ORIENTED_EDGE('',*,*,#2296,.T.);
#2942=ORIENTED_EDGE('',*,*,#2941,.T.);
#2944=ORIENTED_EDGE('',*,*,#2943,.F.);
#2945=ORIENTED_EDGE('',*,*,#2927,.F.);
#2946=EDGE_LOOP('',(#2940,#2942,#2944,#2945));
#2947=FACE_OUTER_BOUND('',#2946,.F.);
#2948=ADVANCED_FACE('',(#2947),#2939,.F.);
#2949=CARTESIAN_POINT('',(2.056E2,6.289835286871E0,7.846083754823E1));
#2950=DIRECTION('',(0.E0,5.463525869255E-2,-9.985063788017E-1));
#2951=DIRECTION('',(-1.E0,0.E0,0.E0));
#2952=AXIS2_PLACEMENT_3D('',#2949,#2950,#2951);
#2953=PLANE('',#2952);
#2954=ORIENTED_EDGE('',*,*,#2310,.T.);
#2956=ORIENTED_EDGE('',*,*,#2955,.T.);
#2958=ORIENTED_EDGE('',*,*,#2957,.F.);
#2959=ORIENTED_EDGE('',*,*,#2941,.F.);
#2960=EDGE_LOOP('',(#2954,#2956,#2958,#2959));
#2961=FACE_OUTER_BOUND('',#2960,.F.);
#2962=ADVANCED_FACE('',(#2961),#2953,.F.);
#2963=CARTESIAN_POINT('',(2.014578643763E2,3.482677997975E1,9.003725168137E1));
#2964=DIRECTION('',(0.E0,-9.985063788017E-1,-5.463525869255E-2));
#2965=DIRECTION('',(0.E0,5.463525869255E-2,-9.985063788017E-1));
#2966=AXIS2_PLACEMENT_3D('',#2963,#2964,#2965);
#2967=CYLINDRICAL_SURFACE('',#2966,1.E1);
#2968=ORIENTED_EDGE('',*,*,#2324,.T.);
#2970=ORIENTED_EDGE('',*,*,#2969,.T.);
#2972=ORIENTED_EDGE('',*,*,#2971,.F.);
#2973=ORIENTED_EDGE('',*,*,#2955,.F.);
#2974=EDGE_LOOP('',(#2968,#2970,#2972,#2973));
#2975=FACE_OUTER_BOUND('',#2974,.F.);
#2976=ADVANCED_FACE('',(#2975),#2967,.F.);
#2977=CARTESIAN_POINT('',(2.136E2,5.852753217331E0,8.644888857865E1));
#2978=DIRECTION('',(7.071067811865E-1,3.863296191338E-2,-7.060506315087E-1));
#2979=DIRECTION('',(-7.071067811865E-1,3.863296191338E-2,-7.060506315087E-1));
#2980=AXIS2_PLACEMENT_3D('',#2977,#2978,#2979);
#2981=PLANE('',#2980);
#2982=ORIENTED_EDGE('',*,*,#2338,.T.);
#2984=ORIENTED_EDGE('',*,*,#2983,.T.);
#2986=ORIENTED_EDGE('',*,*,#2985,.F.);
#2987=ORIENTED_EDGE('',*,*,#2969,.F.);
#2988=EDGE_LOOP('',(#2982,#2984,#2986,#2987));
#2989=FACE_OUTER_BOUND('',#2988,.F.);
#2990=ADVANCED_FACE('',(#2989),#2981,.F.);
#2991=CARTESIAN_POINT('',(2.177421356237E2,3.482677997975E1,7.801930141610E1));
#2992=DIRECTION('',(0.E0,-9.985063788017E-1,-5.463525869255E-2));
#2993=DIRECTION('',(0.E0,-5.463525869255E-2,9.985063788017E-1));
#2994=AXIS2_PLACEMENT_3D('',#2991,#2992,#2993);
#2995=CYLINDRICAL_SURFACE('',#2994,1.E1);
#2996=ORIENTED_EDGE('',*,*,#2352,.T.);
#2997=ORIENTED_EDGE('',*,*,#2637,.T.);
#2999=ORIENTED_EDGE('',*,*,#2998,.F.);
#3000=ORIENTED_EDGE('',*,*,#2983,.F.);
#3001=EDGE_LOOP('',(#2996,#2997,#2999,#3000));
#3002=FACE_OUTER_BOUND('',#3001,.F.);
#3003=ADVANCED_FACE('',(#3002),#2995,.T.);
#3004=CARTESIAN_POINT('',(2.103307277530E2,1.221612901512E0,8.328527580513E1));
#3005=CARTESIAN_POINT('',(2.107010153970E2,7.279310495046E-1,8.293063844368E1));
#3006=CARTESIAN_POINT('',(2.110713030410E2,2.342491974971E-1,8.257600108223E1));
#3007=CARTESIAN_POINT('',(2.114415906850E2,-2.594326545104E-1,
8.222136372079E1));
#3008=CARTESIAN_POINT('',(2.103800687130E2,1.221265328699E0,8.333679192786E1));
#3009=CARTESIAN_POINT('',(2.107478903508E2,7.277239388543E-1,8.297958662030E1));
#3010=CARTESIAN_POINT('',(2.111157119887E2,2.341825490094E-1,8.262238131273E1));
#3011=CARTESIAN_POINT('',(2.114835336265E2,-2.593588408356E-1,
8.226517600516E1));
#3012=CARTESIAN_POINT('',(2.109019183485E2,1.217665795190E0,8.387030251558E1));
#3013=CARTESIAN_POINT('',(2.112436599615E2,7.255790595705E-1,8.348650432824E1));
#3014=CARTESIAN_POINT('',(2.115854015745E2,2.334923239512E-1,8.310270614089E1));
#3015=CARTESIAN_POINT('',(2.119271431875E2,-2.585944116680E-1,
8.271890795355E1));
#3016=CARTESIAN_POINT('',(2.120090433185E2,1.211533321864E0,8.477922496259E1));
#3017=CARTESIAN_POINT('',(2.122954802401E2,7.219248596694E-1,8.435014341288E1));
#3018=CARTESIAN_POINT('',(2.125819171617E2,2.323163974745E-1,8.392106186318E1));
#3019=CARTESIAN_POINT('',(2.128683540834E2,-2.572920647203E-1,
8.349198031347E1));
#3020=CARTESIAN_POINT('',(2.138079510607E2,1.205066692386E0,8.573768120933E1));
#3021=CARTESIAN_POINT('',(2.140045082071E2,7.180715437976E-1,8.526083558085E1));
#3022=CARTESIAN_POINT('',(2.142010653535E2,2.310763952088E-1,8.478398995238E1));
#3023=CARTESIAN_POINT('',(2.143976225E2,-2.559187533800E-1,8.430714432390E1));
#3024=CARTESIAN_POINT('',(2.157509140213E2,1.201129686576E0,8.632120579043E1));
#3025=CARTESIAN_POINT('',(2.158503991140E2,7.157255725267E-1,8.581528359719E1));
#3026=CARTESIAN_POINT('',(2.159498842066E2,2.303214584769E-1,8.530936140395E1));
#3027=CARTESIAN_POINT('',(2.160493692993E2,-2.550826555729E-1,
8.480343921072E1));
#3028=CARTESIAN_POINT('',(2.171491849010E2,1.200216892015E0,8.645649616489E1));
#3029=CARTESIAN_POINT('',(2.171788087889E2,7.151816592282E-1,8.594383212407E1));
#3030=CARTESIAN_POINT('',(2.172084326769E2,2.301464264409E-1,8.543116808325E1));
#3031=CARTESIAN_POINT('',(2.172380565648E2,-2.548888063464E-1,
8.491850404243E1));
#3032=CARTESIAN_POINT('',(2.178848884451E2,1.200268431688E0,8.644885718245E1));
#3033=CARTESIAN_POINT('',(2.178777564766E2,7.152123705346E-1,8.593657381065E1));
#3034=CARTESIAN_POINT('',(2.178706245080E2,2.301563093809E-1,8.542429043886E1));
#3035=CARTESIAN_POINT('',(2.178634925395E2,-2.548997517728E-1,
8.491200706707E1));
#3036=CARTESIAN_POINT('',(2.179562689925E2,1.200278424804E0,8.644737604676E1));
#3037=CARTESIAN_POINT('',(2.179455708607E2,7.152183252027E-1,8.593516648394E1));
#3038=CARTESIAN_POINT('',(2.179348727288E2,2.301582256011E-1,8.542295692112E1));
#3039=CARTESIAN_POINT('',(2.179241745970E2,-2.549018740004E-1,
8.491074735830E1));
#3040=B_SPLINE_SURFACE_WITH_KNOTS('',3,3,((#3004,#3005,#3006,#3007),(#3008,
#3009,#3010,#3011),(#3012,#3013,#3014,#3015),(#3016,#3017,#3018,#3019),(#3020,
#3021,#3022,#3023),(#3024,#3025,#3026,#3027),(#3028,#3029,#3030,#3031),(#3032,
#3033,#3034,#3035),(#3036,#3037,#3038,#3039)),.UNSPECIFIED.,.F.,.F.,.F.,(4,1,1,
1,1,1,4),(4,4),(-2.643226759608E-2,0.E0,2.5E-1,5.E-1,7.5E-1,1.E0,
1.026862224790E0),(-2.696299942956E-1,1.269629994296E0),.UNSPECIFIED.);
#3041=ORIENTED_EDGE('',*,*,#2998,.T.);
#3043=ORIENTED_EDGE('',*,*,#3042,.T.);
#3044=ORIENTED_EDGE('',*,*,#2742,.F.);
#3046=ORIENTED_EDGE('',*,*,#3045,.F.);
#3047=EDGE_LOOP('',(#3041,#3043,#3044,#3046));
#3048=FACE_OUTER_BOUND('',#3047,.F.);
#3049=ADVANCED_FACE('',(#3048),#3040,.F.);
#3050=CARTESIAN_POINT('',(2.524710678119E2,4.726823706537E-1,8.568111788692E1));
#3051=DIRECTION('',(0.E0,-7.261663923277E-1,6.875189965766E-1));
#3052=DIRECTION('',(0.E0,-6.875189965766E-1,-7.261663923277E-1));
#3053=AXIS2_PLACEMENT_3D('',#3050,#3051,#3052);
#3054=PLANE('',#3053);
#3055=ORIENTED_EDGE('',*,*,#2635,.T.);
#3057=ORIENTED_EDGE('',*,*,#3056,.T.);
#3058=ORIENTED_EDGE('',*,*,#2744,.F.);
#3059=ORIENTED_EDGE('',*,*,#3042,.F.);
#3060=EDGE_LOOP('',(#3055,#3057,#3058,#3059));
#3061=FACE_OUTER_BOUND('',#3060,.F.);
#3062=ADVANCED_FACE('',(#3061),#3054,.T.);
#3063=CARTESIAN_POINT('',(2.869863897224E2,1.200278583101E0,8.644735258687E1));
#3064=CARTESIAN_POINT('',(2.869970616331E2,7.152184195282E-1,8.593514418908E1));
#3065=CARTESIAN_POINT('',(2.870077335438E2,2.301582559552E-1,8.542293579128E1));
#3066=CARTESIAN_POINT('',(2.870184054544E2,-2.549019076178E-1,
8.491072739349E1));
#3067=CARTESIAN_POINT('',(2.870575577917E2,1.200268477972E0,8.644885032311E1));
#3068=CARTESIAN_POINT('',(2.870646741846E2,7.152123981141E-1,8.593656729192E1));
#3069=CARTESIAN_POINT('',(2.870717905775E2,2.301563182560E-1,8.542428426073E1));
#3070=CARTESIAN_POINT('',(2.870789069705E2,-2.548997616021E-1,
8.491200122954E1));
#3071=CARTESIAN_POINT('',(2.878962660698E2,1.200209035842E0,8.645766056518E1));
#3072=CARTESIAN_POINT('',(2.878614808196E2,7.151769779148E-1,8.594493851257E1));
#3073=CARTESIAN_POINT('',(2.878266955694E2,2.301449199879E-1,8.543221645995E1));
#3074=CARTESIAN_POINT('',(2.877919103192E2,-2.548871379390E-1,
8.491949440733E1));
#3075=CARTESIAN_POINT('',(2.895086587646E2,1.201435980525E0,8.627580840782E1));
#3076=CARTESIAN_POINT('',(2.893933140295E2,7.159080860504E-1,8.577214819403E1));
#3077=CARTESIAN_POINT('',(2.892779692944E2,2.303801915760E-1,8.526848798024E1));
#3078=CARTESIAN_POINT('',(2.891626245593E2,-2.551477028984E-1,
8.476482776646E1));
#3079=CARTESIAN_POINT('',(2.917002043381E2,1.206626725043E0,8.550645987347E1));
#3080=CARTESIAN_POINT('',(2.914753672902E2,7.190011314009E-1,8.504113692122E1));
#3081=CARTESIAN_POINT('',(2.912505302423E2,2.313755377584E-1,8.457581396897E1));
#3082=CARTESIAN_POINT('',(2.910256931945E2,-2.562500558841E-1,
8.411049101671E1));
#3083=CARTESIAN_POINT('',(2.936663716066E2,1.214987550655E0,8.426725635377E1));
#3084=CARTESIAN_POINT('',(2.933433015990E2,7.239831552113E-1,8.386368389915E1));
#3085=CARTESIAN_POINT('',(2.930202315915E2,2.329787597672E-1,8.346011144454E1));
#3086=CARTESIAN_POINT('',(2.926971615839E2,-2.580256356768E-1,
8.305653898992E1));
#3087=CARTESIAN_POINT('',(2.953077054536E2,1.226103697892E0,8.261967156707E1));
#3088=CARTESIAN_POINT('',(2.949026319089E2,7.306070118476E-1,8.229819964024E1));
#3089=CARTESIAN_POINT('',(2.944975583642E2,2.351103258029E-1,8.197672771340E1));
#3090=CARTESIAN_POINT('',(2.940924848195E2,-2.603863602419E-1,
8.165525578656E1));
#3091=CARTESIAN_POINT('',(2.965413952625E2,1.239423439826E0,8.064548012703E1));
#3092=CARTESIAN_POINT('',(2.960746846455E2,7.385439399148E-1,8.042238356868E1));
#3093=CARTESIAN_POINT('',(2.956079740284E2,2.376644400031E-1,8.019928701033E1));
#3094=CARTESIAN_POINT('',(2.951412634114E2,-2.632150599086E-1,
7.997619045197E1));
#3095=CARTESIAN_POINT('',(2.973010222871E2,1.254224703737E0,7.845170377357E1));
#3096=CARTESIAN_POINT('',(2.967963595280E2,7.473636728750E-1,7.833792554374E1));
#3097=CARTESIAN_POINT('',(2.962916967688E2,2.405026420134E-1,7.822414731390E1));
#3098=CARTESIAN_POINT('',(2.957870340097E2,-2.663583888482E-1,
7.811036908406E1));
#3099=CARTESIAN_POINT('',(2.974775185558E2,1.264977588964E0,7.685796101613E1));
#3100=CARTESIAN_POINT('',(2.969640377681E2,7.537710700293E-1,7.682359849300E1));
#3101=CARTESIAN_POINT('',(2.964505569804E2,2.425645510946E-1,7.678923596988E1));
#3102=CARTESIAN_POINT('',(2.959370761927E2,-2.686419678401E-1,
7.675487344675E1));
#3103=CARTESIAN_POINT('',(2.974688918382E2,1.270590588654E0,7.602602694703E1));
#3104=CARTESIAN_POINT('',(2.969558420548E2,7.571157275311E-1,7.603312184567E1));
#3105=CARTESIAN_POINT('',(2.964427922714E2,2.436408664080E-1,7.604021674432E1));
#3106=CARTESIAN_POINT('',(2.959297424879E2,-2.698339947151E-1,
7.604731164296E1));
#3107=CARTESIAN_POINT('',(2.974674156479E2,1.271070759231E0,7.595485817029E1));
#3108=CARTESIAN_POINT('',(2.969544396173E2,7.574018501414E-1,7.596549961249E1));
#3109=CARTESIAN_POINT('',(2.964414635866E2,2.437329410515E-1,7.597614105469E1));
#3110=CARTESIAN_POINT('',(2.959284875559E2,-2.699359680384E-1,
7.598678249690E1));
#3111=B_SPLINE_SURFACE_WITH_KNOTS('',3,3,((#3063,#3064,#3065,#3066),(#3067,
#3068,#3069,#3070),(#3071,#3072,#3073,#3074),(#3075,#3076,#3077,#3078),(#3079,
#3080,#3081,#3082),(#3083,#3084,#3085,#3086),(#3087,#3088,#3089,#3090),(#3091,
#3092,#3093,#3094),(#3095,#3096,#3097,#3098),(#3099,#3100,#3101,#3102),(#3103,
#3104,#3105,#3106),(#3107,#3108,#3109,#3110)),.UNSPECIFIED.,.F.,.F.,.F.,(4,1,1,
1,1,1,1,1,1,4),(4,4),(-1.325445740124E-2,0.E0,1.428571428571E-1,
2.857142857143E-1,4.285714285714E-1,5.714285714286E-1,7.142857142857E-1,
8.571428571429E-1,1.E0,1.013367566286E0),(-2.696299942956E-1,1.269629994296E0),
.UNSPECIFIED.);
#3112=ORIENTED_EDGE('',*,*,#2664,.T.);
#3114=ORIENTED_EDGE('',*,*,#3113,.T.);
#3115=ORIENTED_EDGE('',*,*,#2746,.F.);
#3116=ORIENTED_EDGE('',*,*,#3056,.F.);
#3117=EDGE_LOOP('',(#3112,#3114,#3115,#3116));
#3118=FACE_OUTER_BOUND('',#3117,.F.);
#3119=ADVANCED_FACE('',(#3118),#3111,.F.);
#3120=CARTESIAN_POINT('',(2.967E2,4.999999999996E-1,4.311903876905E1));
#3121=DIRECTION('',(7.071067811865E-1,-7.071067811866E-1,-1.405674995715E-13));
#3122=DIRECTION('',(-7.071067811866E-1,-7.071067811865E-1,1.405628165639E-13));
#3123=AXIS2_PLACEMENT_3D('',#3120,#3121,#3122);
#3124=PLANE('',#3123);
#3125=ORIENTED_EDGE('',*,*,#2678,.T.);
#3127=ORIENTED_EDGE('',*,*,#3126,.T.);
#3128=ORIENTED_EDGE('',*,*,#2748,.F.);
#3129=ORIENTED_EDGE('',*,*,#3113,.F.);
#3130=EDGE_LOOP('',(#3125,#3127,#3128,#3129));
#3131=FACE_OUTER_BOUND('',#3130,.F.);
#3132=ADVANCED_FACE('',(#3131),#3124,.T.);
#3133=CARTESIAN_POINT('',(2.974599092869E2,1.260723635886E0,1.028380426004E1));
#3134=CARTESIAN_POINT('',(2.969519135095E2,7.531949701635E-1,1.027322954723E1));
#3135=CARTESIAN_POINT('',(2.964439177321E2,2.456663044405E-1,1.026265483443E1));
#3136=CARTESIAN_POINT('',(2.959359219547E2,-2.618623612824E-1,
1.025208012163E1));
#3137=CARTESIAN_POINT('',(2.974614109413E2,1.261202474103E0,1.021246475969E1));
#3138=CARTESIAN_POINT('',(2.969533408129E2,7.534810428015E-1,1.020541315603E1));
#3139=CARTESIAN_POINT('',(2.964452706846E2,2.457596114999E-1,1.019836155237E1));
#3140=CARTESIAN_POINT('',(2.959372005562E2,-2.619618198017E-1,
1.019130994870E1));
#3141=CARTESIAN_POINT('',(2.974702398308E2,1.266843058553E0,9.372104899688E0));
#3142=CARTESIAN_POINT('',(2.969617325602E2,7.568509009650E-1,9.406554325692E0));
#3143=CARTESIAN_POINT('',(2.964532252897E2,2.468587433771E-1,9.441003751696E0));
#3144=CARTESIAN_POINT('',(2.959447180192E2,-2.631334142107E-1,
9.475453177699E0));
#3145=CARTESIAN_POINT('',(2.972880977147E2,1.277688648840E0,7.756282164691E0));
#3146=CARTESIAN_POINT('',(2.967886087924E2,7.633303892683E-1,7.870523987700E0));
#3147=CARTESIAN_POINT('',(2.962891198700E2,2.489721296970E-1,7.984765810710E0));
#3148=CARTESIAN_POINT('',(2.957896309477E2,-2.653861298742E-1,
8.099007633719E0));
#3149=CARTESIAN_POINT('',(2.965179844425E2,1.292420336776E0,5.561490185374E0));
#3150=CARTESIAN_POINT('',(2.960566259015E2,7.721315515057E-1,5.784118190213E0));
#3151=CARTESIAN_POINT('',(2.955952673606E2,2.518427662351E-1,6.006746195053E0));
#3152=CARTESIAN_POINT('',(2.951339088196E2,-2.684460190355E-1,
6.229374199893E0));
#3153=CARTESIAN_POINT('',(2.952785771448E2,1.305626512913E0,3.593976129048E0));
#3154=CARTESIAN_POINT('',(2.948785850145E2,7.800213262017E-1,3.913765753248E0));
#3155=CARTESIAN_POINT('',(2.944785928843E2,2.544161394907E-1,4.233555377447E0));
#3156=CARTESIAN_POINT('',(2.940786007541E2,-2.711890472204E-1,
4.553345001647E0));
#3157=CARTESIAN_POINT('',(2.936323875306E2,1.316639156086E0,1.953264126929E0));
#3158=CARTESIAN_POINT('',(2.933139026390E2,7.866006170235E-1,2.354077132977E0));
#3159=CARTESIAN_POINT('',(2.929954177474E2,2.565620779608E-1,2.754890139025E0));
#3160=CARTESIAN_POINT('',(2.926769328558E2,-2.734764611018E-1,
3.155703145073E0));
#3161=CARTESIAN_POINT('',(2.916619088531E2,1.324907538764E0,7.214041470147E-1));
#3162=CARTESIAN_POINT('',(2.914409878559E2,7.915404024507E-1,1.183050118968E0));
#3163=CARTESIAN_POINT('',(2.912200668587E2,2.581732661375E-1,1.644696090921E0));
#3164=CARTESIAN_POINT('',(2.909991458615E2,-2.751938701757E-1,
2.106342062875E0));
#3165=CARTESIAN_POINT('',(2.894743232896E2,1.329992321146E0,
-3.614907948215E-2));
#3166=CARTESIAN_POINT('',(2.893617148770E2,7.945782074109E-1,
4.629071705330E-1));
#3167=CARTESIAN_POINT('',(2.892491064644E2,2.591640936758E-1,
9.619634205481E-1));
#3168=CARTESIAN_POINT('',(2.891364980517E2,-2.762500200592E-1,
1.461019670563E0));
#3169=CARTESIAN_POINT('',(2.878865345114E2,1.331172459357E0,
-2.119712558271E-1));
#3170=CARTESIAN_POINT('',(2.878525435645E2,7.952832581763E-1,
2.957676252934E-1));
#3171=CARTESIAN_POINT('',(2.878185526175E2,2.593940569959E-1,
8.035065064140E-1));
#3172=CARTESIAN_POINT('',(2.877845616706E2,-2.764951441845E-1,
1.311245387535E0));
#3173=CARTESIAN_POINT('',(2.870572100113E2,1.331114377201E0,
-2.033179210906E-1));
#3174=CARTESIAN_POINT('',(2.870642796946E2,7.952485581151E-1,
3.039936321757E-1));
#3175=CARTESIAN_POINT('',(2.870713493779E2,2.593827390289E-1,
8.113051854420E-1));
#3176=CARTESIAN_POINT('',(2.870784190612E2,-2.764830800573E-1,
1.318616738708E0));
#3177=CARTESIAN_POINT('',(2.869858304265E2,1.331104378793E0,
-2.018283142726E-1));
#3178=CARTESIAN_POINT('',(2.869964341599E2,7.952425847592E-1,
3.054096777025E-1));
#3179=CARTESIAN_POINT('',(2.870070378933E2,2.593807907256E-1,
8.126476696776E-1));
#3180=CARTESIAN_POINT('',(2.870176416267E2,-2.764810033081E-1,
1.319885661653E0));
#3181=B_SPLINE_SURFACE_WITH_KNOTS('',3,3,((#3133,#3134,#3135,#3136),(#3137,
#3138,#3139,#3140),(#3141,#3142,#3143,#3144),(#3145,#3146,#3147,#3148),(#3149,
#3150,#3151,#3152),(#3153,#3154,#3155,#3156),(#3157,#3158,#3159,#3160),(#3161,
#3162,#3163,#3164),(#3165,#3166,#3167,#3168),(#3169,#3170,#3171,#3172),(#3173,
#3174,#3175,#3176),(#3177,#3178,#3179,#3180)),.UNSPECIFIED.,.F.,.F.,.F.,(4,1,1,
1,1,1,1,1,1,4),(4,4),(-1.326109685796E-2,0.E0,1.428571428571E-1,
2.857142857143E-1,4.285714285714E-1,5.714285714286E-1,7.142857142857E-1,
8.571428571429E-1,1.E0,1.013456559353E0),(-2.621608905463E-1,1.262160890546E0),
.UNSPECIFIED.);
#3182=ORIENTED_EDGE('',*,*,#2692,.T.);
#3183=ORIENTED_EDGE('',*,*,#2720,.T.);
#3184=ORIENTED_EDGE('',*,*,#2750,.F.);
#3185=ORIENTED_EDGE('',*,*,#3126,.F.);
#3186=EDGE_LOOP('',(#3182,#3183,#3184,#3185));
#3187=FACE_OUTER_BOUND('',#3186,.F.);
#3188=ADVANCED_FACE('',(#3187),#3181,.F.);
#3189=CARTESIAN_POINT('',(2.099535533906E2,4.806835190433E-1,8.182223793624E1));
#3190=DIRECTION('',(-4.906128893109E-1,-7.206361640639E-1,4.898800994992E-1));
#3191=DIRECTION('',(5.099474101970E-1,-6.933134349220E-1,-5.091857419351E-1));
#3192=AXIS2_PLACEMENT_3D('',#3189,#3190,#3191);
#3193=PLANE('',#3192);
#3194=ORIENTED_EDGE('',*,*,#2985,.T.);
#3195=ORIENTED_EDGE('',*,*,#3045,.T.);
#3196=ORIENTED_EDGE('',*,*,#2740,.F.);
#3198=ORIENTED_EDGE('',*,*,#3197,.F.);
#3199=EDGE_LOOP('',(#3194,#3195,#3196,#3198));
#3200=FACE_OUTER_BOUND('',#3199,.F.);
#3201=ADVANCED_FACE('',(#3200),#3193,.T.);
#3202=CARTESIAN_POINT('',(2.012726696596E2,1.200275775374E0,7.843936635216E1));
#3203=CARTESIAN_POINT('',(2.012629046575E2,7.152167464678E-1,7.792713722155E1));
#3204=CARTESIAN_POINT('',(2.012531396554E2,2.301577175621E-1,7.741490809095E1));
#3205=CARTESIAN_POINT('',(2.012433746533E2,-2.549013113436E-1,
7.690267896034E1));
#3206=CARTESIAN_POINT('',(2.013344278759E2,1.200267552E0,7.843821064742E1));
#3207=CARTESIAN_POINT('',(2.013279192576E2,7.152118463486E-1,7.792592077856E1));
#3208=CARTESIAN_POINT('',(2.013214106394E2,2.301561406971E-1,7.741363090971E1));
#3209=CARTESIAN_POINT('',(2.013149020212E2,-2.548995649544E-1,
7.690134104085E1));
#3210=CARTESIAN_POINT('',(2.020325871014E2,1.200220946574E0,7.843166076609E1));
#3211=CARTESIAN_POINT('',(2.020628912406E2,7.151840752464E-1,7.791902666932E1));
#3212=CARTESIAN_POINT('',(2.020931953798E2,2.301472039188E-1,7.740639257256E1));
#3213=CARTESIAN_POINT('',(2.021234995190E2,-2.548896674088E-1,
7.689375847579E1));
#3214=CARTESIAN_POINT('',(2.033605673475E2,1.201139425177E0,7.856074285763E1));
#3215=CARTESIAN_POINT('',(2.034608985172E2,7.157313755348E-1,7.805489264838E1));
#3216=CARTESIAN_POINT('',(2.035612296869E2,2.303233258928E-1,7.754904243912E1));
#3217=CARTESIAN_POINT('',(2.036615608567E2,-2.550847237492E-1,
7.704319222987E1));
#3218=CARTESIAN_POINT('',(2.052394600557E2,1.205202369485E0,7.913174641032E1));
#3219=CARTESIAN_POINT('',(2.054388641313E2,7.181523906621E-1,7.865590264980E1));
#3220=CARTESIAN_POINT('',(2.056382682069E2,2.311024118393E-1,7.818005888927E1));
#3221=CARTESIAN_POINT('',(2.058376722824E2,-2.559475669835E-1,
7.770421512874E1));
#3222=CARTESIAN_POINT('',(2.069516474858E2,1.211849867388E0,8.006597804509E1));
#3223=CARTESIAN_POINT('',(2.072413407287E2,7.221134818715E-1,7.963923515364E1));
#3224=CARTESIAN_POINT('',(2.075310339716E2,2.323770963546E-1,7.921249226218E1));
#3225=CARTESIAN_POINT('',(2.078207272144E2,-2.573592891623E-1,
7.878574937073E1));
#3226=CARTESIAN_POINT('',(2.079471718852E2,1.217734773996E0,8.089304420020E1));
#3227=CARTESIAN_POINT('',(2.082893475441E2,7.256201624557E-1,8.050975376422E1));
#3228=CARTESIAN_POINT('',(2.086315232030E2,2.335055509153E-1,8.012646332824E1));
#3229=CARTESIAN_POINT('',(2.089736988619E2,-2.586090606250E-1,
7.974317289227E1));
#3230=CARTESIAN_POINT('',(2.084252407467E2,1.221206128202E0,8.138090037180E1));
#3231=CARTESIAN_POINT('',(2.087926352340E2,7.276886626385E-1,8.102325809046E1));
#3232=CARTESIAN_POINT('',(2.091600297213E2,2.341711970754E-1,8.066561580912E1));
#3233=CARTESIAN_POINT('',(2.095274242086E2,-2.593462684878E-1,
8.030797352778E1));
#3234=CARTESIAN_POINT('',(2.084682029204E2,1.221523798541E0,8.142554496140E1));
#3235=CARTESIAN_POINT('',(2.088378638832E2,7.278779550920E-1,8.107024993019E1));
#3236=CARTESIAN_POINT('',(2.092075248460E2,2.342321116432E-1,8.071495489898E1));
#3237=CARTESIAN_POINT('',(2.095771858087E2,-2.594137318055E-1,
8.035965986777E1));
#3238=B_SPLINE_SURFACE_WITH_KNOTS('',3,3,((#3202,#3203,#3204,#3205),(#3206,
#3207,#3208,#3209),(#3210,#3211,#3212,#3213),(#3214,#3215,#3216,#3217),(#3218,
#3219,#3220,#3221),(#3222,#3223,#3224,#3225),(#3226,#3227,#3228,#3229),(#3230,
#3231,#3232,#3233),(#3234,#3235,#3236,#3237)),.UNSPECIFIED.,.F.,.F.,.F.,(4,1,1,
1,1,1,4),(4,4),(-2.424933064556E-2,0.E0,2.5E-1,5.E-1,7.5E-1,1.E0,
1.024901575748E0),(-2.696299942956E-1,1.269629994296E0),.UNSPECIFIED.);
#3239=ORIENTED_EDGE('',*,*,#2971,.T.);
#3240=ORIENTED_EDGE('',*,*,#3197,.T.);
#3241=ORIENTED_EDGE('',*,*,#2738,.F.);
#3243=ORIENTED_EDGE('',*,*,#3242,.F.);
#3244=EDGE_LOOP('',(#3239,#3240,#3241,#3243));
#3245=FACE_OUTER_BOUND('',#3244,.F.);
#3246=ADVANCED_FACE('',(#3245),#3238,.F.);
#3247=CARTESIAN_POINT('',(1.486E2,4.726823706537E-1,7.766915104340E1));
#3248=DIRECTION('',(0.E0,-7.261663923277E-1,6.875189965766E-1));
#3249=DIRECTION('',(0.E0,-6.875189965766E-1,-7.261663923277E-1));
#3250=AXIS2_PLACEMENT_3D('',#3247,#3248,#3249);
#3251=PLANE('',#3250);
#3252=ORIENTED_EDGE('',*,*,#2957,.T.);
#3253=ORIENTED_EDGE('',*,*,#3242,.T.);
#3254=ORIENTED_EDGE('',*,*,#2736,.F.);
#3256=ORIENTED_EDGE('',*,*,#3255,.F.);
#3257=EDGE_LOOP('',(#3252,#3253,#3254,#3256));
#3258=FACE_OUTER_BOUND('',#3257,.F.);
#3259=ADVANCED_FACE('',(#3258),#3251,.T.);
#3260=CARTESIAN_POINT('',(8.873195727437E1,1.221523023277E0,8.142543597571E1));
#3261=CARTESIAN_POINT('',(8.836230469888E1,7.278774931299E-1,8.107013527703E1));
#3262=CARTESIAN_POINT('',(8.799265212339E1,2.342319629832E-1,8.071483457835E1));
#3263=CARTESIAN_POINT('',(8.762299954791E1,-2.594135671635E-1,
8.035953387967E1));
#3264=CARTESIAN_POINT('',(8.877482121741E1,1.221205797219E0,8.138085383508E1));
#3265=CARTESIAN_POINT('',(8.840742995718E1,7.276884654135E-1,8.102320914853E1));
#3266=CARTESIAN_POINT('',(8.804003869694E1,2.341711336081E-1,8.066556446198E1));
#3267=CARTESIAN_POINT('',(8.767264743671E1,-2.593461981974E-1,
8.030791977543E1));
#3268=CARTESIAN_POINT('',(8.926402107655E1,1.217652292649E0,8.088145255999E1));
#3269=CARTESIAN_POINT('',(8.892243606015E1,7.255710137166E-1,8.049755252E1));
#3270=CARTESIAN_POINT('',(8.858085104375E1,2.334897347846E-1,8.011365248E1));
#3271=CARTESIAN_POINT('',(8.823926602735E1,-2.585915441475E-1,
7.972975244001E1));
#3272=CARTESIAN_POINT('',(9.029515614619E1,1.211602653778E0,8.003123474453E1));
#3273=CARTESIAN_POINT('',(9.000793068824E1,7.219661729632E-1,7.960266619784E1));
#3274=CARTESIAN_POINT('',(8.972070523029E1,2.323296921484E-1,7.917409765115E1));
#3275=CARTESIAN_POINT('',(8.943347977234E1,-2.573067886664E-1,
7.874552910446E1));
#3276=CARTESIAN_POINT('',(9.202690694961E1,1.205006563826E0,7.910422806790E1));
#3277=CARTESIAN_POINT('',(9.183100247668E1,7.180357145704E-1,7.862693809548E1));
#3278=CARTESIAN_POINT('',(9.163509800375E1,2.310648653150E-1,7.814964812307E1));
#3279=CARTESIAN_POINT('',(9.143919353081E1,-2.559059839404E-1,
7.767235815065E1));
#3280=CARTESIAN_POINT('',(9.389674624903E1,1.201078733990E0,7.855221335962E1));
#3281=CARTESIAN_POINT('',(9.379943727555E1,7.156952110516E-1,7.804591491830E1));
#3282=CARTESIAN_POINT('',(9.370212830206E1,2.303116881131E-1,7.753961647698E1));
#3283=CARTESIAN_POINT('',(9.360481932857E1,-2.550718348254E-1,
7.703331803566E1));
#3284=CARTESIAN_POINT('',(9.518360818917E1,1.200222729714E0,7.843191136770E1));
#3285=CARTESIAN_POINT('',(9.515415794537E1,7.151851377785E-1,7.791929043954E1));
#3286=CARTESIAN_POINT('',(9.512470770158E1,2.301475458431E-1,7.740666951139E1));
#3287=CARTESIAN_POINT('',(9.509525745778E1,-2.548900460923E-1,
7.689404858324E1));
#3288=CARTESIAN_POINT('',(9.586595344422E1,1.200267494889E0,7.843820262100E1));
#3289=CARTESIAN_POINT('',(9.587248218062E1,7.152118123174E-1,7.792591233049E1));
#3290=CARTESIAN_POINT('',(9.587901091701E1,2.301561297458E-1,7.741362203997E1));
#3291=CARTESIAN_POINT('',(9.588553965340E1,-2.548995528257E-1,
7.690133174946E1));
#3292=CARTESIAN_POINT('',(9.592797724916E1,1.200275579481E0,7.843933882131E1));
#3293=CARTESIAN_POINT('',(9.593777637980E1,7.152166297399E-1,7.792710824441E1));
#3294=CARTESIAN_POINT('',(9.594757551044E1,2.301576799989E-1,7.741487766750E1));
#3295=CARTESIAN_POINT('',(9.595737464108E1,-2.549012697421E-1,
7.690264709059E1));
#3296=B_SPLINE_SURFACE_WITH_KNOTS('',3,3,((#3260,#3261,#3262,#3263),(#3264,
#3265,#3266,#3267),(#3268,#3269,#3270,#3271),(#3272,#3273,#3274,#3275),(#3276,
#3277,#3278,#3279),(#3280,#3281,#3282,#3283),(#3284,#3285,#3286,#3287),(#3288,
#3289,#3290,#3291),(#3292,#3293,#3294,#3295)),.UNSPECIFIED.,.F.,.F.,.F.,(4,1,1,
1,1,1,4),(4,4),(-2.424944081031E-2,0.E0,2.5E-1,5.E-1,7.5E-1,1.E0,
1.024960907633E0),(-2.696299942956E-1,1.269629994296E0),.UNSPECIFIED.);
#3297=ORIENTED_EDGE('',*,*,#2943,.T.);
#3298=ORIENTED_EDGE('',*,*,#3255,.T.);
#3299=ORIENTED_EDGE('',*,*,#2734,.F.);
#3301=ORIENTED_EDGE('',*,*,#3300,.F.);
#3302=EDGE_LOOP('',(#3297,#3298,#3299,#3301));
#3303=FACE_OUTER_BOUND('',#3302,.F.);
#3304=ADVANCED_FACE('',(#3303),#3296,.F.);
#3305=CARTESIAN_POINT('',(8.724644660942E1,4.806835190433E-1,8.182223793624E1));
#3306=DIRECTION('',(4.906128893109E-1,-7.206361640639E-1,4.898800994992E-1));
#3307=DIRECTION('',(-5.099474101970E-1,-6.933134349220E-1,-5.091857419351E-1));
#3308=AXIS2_PLACEMENT_3D('',#3305,#3306,#3307);
#3309=PLANE('',#3308);
#3310=ORIENTED_EDGE('',*,*,#2929,.T.);
#3311=ORIENTED_EDGE('',*,*,#3300,.T.);
#3312=ORIENTED_EDGE('',*,*,#2732,.F.);
#3313=ORIENTED_EDGE('',*,*,#2900,.F.);
#3314=EDGE_LOOP('',(#3310,#3311,#3312,#3313));
#3315=FACE_OUTER_BOUND('',#3314,.F.);
#3316=ADVANCED_FACE('',(#3315),#3309,.T.);
#3317=CARTESIAN_POINT('',(4.472893218814E1,4.726823706537E-1,8.568111788692E1));
#3318=DIRECTION('',(0.E0,-7.261663923277E-1,6.875189965766E-1));
#3319=DIRECTION('',(0.E0,-6.875189965766E-1,-7.261663923277E-1));
#3320=AXIS2_PLACEMENT_3D('',#3317,#3318,#3319);
#3321=PLANE('',#3320);
#3322=ORIENTED_EDGE('',*,*,#2650,.T.);
#3323=ORIENTED_EDGE('',*,*,#2903,.T.);
#3324=ORIENTED_EDGE('',*,*,#2756,.F.);
#3325=ORIENTED_EDGE('',*,*,#2579,.F.);
#3326=EDGE_LOOP('',(#3322,#3323,#3324,#3325));
#3327=FACE_OUTER_BOUND('',#3326,.F.);
#3328=ADVANCED_FACE('',(#3327),#3321,.T.);
#3329=CARTESIAN_POINT('',(2.872E2,0.E0,7.646382479063E1));
#3330=DIRECTION('',(0.E0,-1.E0,0.E0));
#3331=DIRECTION('',(1.E0,0.E0,0.E0));
#3332=AXIS2_PLACEMENT_3D('',#3329,#3330,#3331);
#3333=CYLINDRICAL_SURFACE('',#3332,4.25E0);
#3334=ORIENTED_EDGE('',*,*,#2772,.F.);
#3336=ORIENTED_EDGE('',*,*,#3335,.T.);
#3338=ORIENTED_EDGE('',*,*,#3337,.F.);
#3340=ORIENTED_EDGE('',*,*,#3339,.F.);
#3341=EDGE_LOOP('',(#3334,#3336,#3338,#3340));
#3342=FACE_OUTER_BOUND('',#3341,.F.);
#3343=ADVANCED_FACE('',(#3342),#3333,.F.);
#3344=CARTESIAN_POINT('',(2.872E2,0.E0,7.646382479063E1));
#3345=DIRECTION('',(0.E0,-1.E0,0.E0));
#3346=DIRECTION('',(1.E0,0.E0,0.E0));
#3347=AXIS2_PLACEMENT_3D('',#3344,#3345,#3346);
#3348=CYLINDRICAL_SURFACE('',#3347,4.25E0);
#3349=ORIENTED_EDGE('',*,*,#2774,.F.);
#3350=ORIENTED_EDGE('',*,*,#3339,.T.);
#3352=ORIENTED_EDGE('',*,*,#3351,.F.);
#3353=ORIENTED_EDGE('',*,*,#3335,.F.);
#3354=EDGE_LOOP('',(#3349,#3350,#3352,#3353));
#3355=FACE_OUTER_BOUND('',#3354,.F.);
#3356=ADVANCED_FACE('',(#3355),#3348,.F.);
#3357=CARTESIAN_POINT('',(0.E0,1.E0,0.E0));
#3358=DIRECTION('',(0.E0,-1.E0,0.E0));
#3359=DIRECTION('',(1.E0,0.E0,0.E0));
#3360=AXIS2_PLACEMENT_3D('',#3357,#3358,#3359);
#3361=PLANE('',#3360);
#3362=ORIENTED_EDGE('',*,*,#3337,.T.);
#3363=ORIENTED_EDGE('',*,*,#3351,.T.);
#3364=EDGE_LOOP('',(#3362,#3363));
#3365=FACE_OUTER_BOUND('',#3364,.F.);
#3366=ADVANCED_FACE('',(#3365),#3361,.T.);
#3367=CARTESIAN_POINT('',(0.E0,1.E0,0.E0));
#3368=DIRECTION('',(0.E0,-1.E0,0.E0));
#3369=DIRECTION('',(1.E0,0.E0,0.E0));
#3370=AXIS2_PLACEMENT_3D('',#3367,#3368,#3369);
#3371=PLANE('',#3370);
#3373=ORIENTED_EDGE('',*,*,#3372,.T.);
#3375=ORIENTED_EDGE('',*,*,#3374,.T.);
#3376=EDGE_LOOP('',(#3373,#3375));
#3377=FACE_OUTER_BOUND('',#3376,.F.);
#3378=ADVANCED_FACE('',(#3377),#3371,.T.);
#3379=CARTESIAN_POINT('',(1.E1,0.E0,7.646382479063E1));
#3380=DIRECTION('',(0.E0,-1.E0,0.E0));
#3381=DIRECTION('',(1.E0,0.E0,0.E0));
#3382=AXIS2_PLACEMENT_3D('',#3379,#3380,#3381);
#3383=CYLINDRICAL_SURFACE('',#3382,4.25E0);
#3384=ORIENTED_EDGE('',*,*,#2778,.F.);
#3386=ORIENTED_EDGE('',*,*,#3385,.T.);
#3387=ORIENTED_EDGE('',*,*,#3372,.F.);
#3389=ORIENTED_EDGE('',*,*,#3388,.F.);
#3390=EDGE_LOOP('',(#3384,#3386,#3387,#3389));
#3391=FACE_OUTER_BOUND('',#3390,.F.);
#3392=ADVANCED_FACE('',(#3391),#3383,.F.);
#3393=CARTESIAN_POINT('',(1.E1,0.E0,7.646382479063E1));
#3394=DIRECTION('',(0.E0,-1.E0,0.E0));
#3395=DIRECTION('',(1.E0,0.E0,0.E0));
#3396=AXIS2_PLACEMENT_3D('',#3393,#3394,#3395);
#3397=CYLINDRICAL_SURFACE('',#3396,4.25E0);
#3398=ORIENTED_EDGE('',*,*,#2780,.F.);
#3399=ORIENTED_EDGE('',*,*,#3388,.T.);
#3400=ORIENTED_EDGE('',*,*,#3374,.F.);
#3401=ORIENTED_EDGE('',*,*,#3385,.F.);
#3402=EDGE_LOOP('',(#3398,#3399,#3400,#3401));
#3403=FACE_OUTER_BOUND('',#3402,.F.);
#3404=ADVANCED_FACE('',(#3403),#3397,.F.);
#3405=CARTESIAN_POINT('',(2.892254509510E2,9.847946643429E0,1.343328993466E1));
#3406=DIRECTION('',(1.E0,9.132141947128E-14,-1.668977543905E-12));
#3407=DIRECTION('',(-1.671474093043E-12,5.463525869255E-2,-9.985063788017E-1));
#3408=AXIS2_PLACEMENT_3D('',#3405,#3406,#3407);
#3409=PLANE('',#3408);
#3410=ORIENTED_EDGE('',*,*,#2100,.F.);
#3412=ORIENTED_EDGE('',*,*,#3411,.T.);
#3414=ORIENTED_EDGE('',*,*,#3413,.T.);
#3416=ORIENTED_EDGE('',*,*,#3415,.F.);
#3417=EDGE_LOOP('',(#3410,#3412,#3414,#3416));
#3418=FACE_OUTER_BOUND('',#3417,.F.);
#3419=ADVANCED_FACE('',(#3418),#3409,.F.);
#3420=CARTESIAN_POINT('',(2.879351196037E2,9.852751631107E0,1.334547464904E1));
#3421=CARTESIAN_POINT('',(2.878781423615E2,9.851391969302E0,1.337032363883E1));
#3422=CARTESIAN_POINT('',(2.876691143207E2,9.845170750343E0,1.348402177010E1));
#3423=CARTESIAN_POINT('',(2.873704498006E2,9.828400660376E0,1.379050959876E1));
#3424=CARTESIAN_POINT('',(2.871727786837E2,9.801544030407E0,1.428133762775E1));
#3425=CARTESIAN_POINT('',(2.871885626301E2,9.773539630020E0,1.479314214904E1));
#3426=CARTESIAN_POINT('',(2.873919029875E2,9.748840099984E0,1.524454732008E1));
#3427=CARTESIAN_POINT('',(2.877514851102E2,9.729628788250E0,1.559565057776E1));
#3428=CARTESIAN_POINT('',(2.882292366086E2,9.718913169469E0,1.579148773423E1));
#3429=CARTESIAN_POINT('',(2.887500510690E2,9.718624736039E0,1.579675910343E1));
#3430=CARTESIAN_POINT('',(2.892245264736E2,9.729044893897E0,1.560632174963E1));
#3431=CARTESIAN_POINT('',(2.895953770262E2,9.747749456246E0,1.526447977313E1));
#3432=CARTESIAN_POINT('',(2.898093167696E2,9.773056605430E0,1.480196983918E1));
#3433=CARTESIAN_POINT('',(2.898259948670E2,9.801780943735E0,1.427700783276E1));
#3434=CARTESIAN_POINT('',(2.896229673238E2,9.828721891232E0,1.378463882837E1));
#3435=CARTESIAN_POINT('',(2.893255971837E2,9.845265690849E0,1.348228665063E1));
#3436=CARTESIAN_POINT('',(2.891190535944E2,9.851424325416E0,1.336973230300E1));
#3437=CARTESIAN_POINT('',(2.890624344008E2,9.852783137686E0,1.334489883919E1));
#3439=DIRECTION('',(0.E0,9.985063788017E-1,5.463525869255E-2));
#3440=VECTOR('',#3439,1.E0);
#3441=SURFACE_OF_LINEAR_EXTRUSION('',#3438,#3440);
#3442=ORIENTED_EDGE('',*,*,#2118,.F.);
#3444=ORIENTED_EDGE('',*,*,#3443,.T.);
#3446=ORIENTED_EDGE('',*,*,#3445,.T.);
#3447=ORIENTED_EDGE('',*,*,#3411,.F.);
#3448=EDGE_LOOP('',(#3442,#3444,#3446,#3447));
#3449=FACE_OUTER_BOUND('',#3448,.F.);
#3450=ADVANCED_FACE('',(#3449),#3441,.F.);
#3451=CARTESIAN_POINT('',(2.877711529651E2,1.011153763302E1,8.615937719228E0));
#3452=DIRECTION('',(-1.E0,1.943662679875E-13,-3.552210844311E-12));
#3453=DIRECTION('',(-3.557524438225E-12,-5.463525869255E-2,9.985063788017E-1));
#3454=AXIS2_PLACEMENT_3D('',#3451,#3452,#3453);
#3455=PLANE('',#3454);
#3456=ORIENTED_EDGE('',*,*,#2116,.F.);
#3458=ORIENTED_EDGE('',*,*,#3457,.T.);
#3460=ORIENTED_EDGE('',*,*,#3459,.T.);
#3461=ORIENTED_EDGE('',*,*,#3443,.F.);
#3462=EDGE_LOOP('',(#3456,#3458,#3460,#3461));
#3463=FACE_OUTER_BOUND('',#3462,.F.);
#3464=ADVANCED_FACE('',(#3463),#3455,.F.);
#3465=CARTESIAN_POINT('',(2.876416392131E2,1.012325710335E1,8.401754311615E0));
#3466=CARTESIAN_POINT('',(2.876431442359E2,1.012321279351E1,8.402564112057E0));
#3467=CARTESIAN_POINT('',(2.876699079296E2,1.012240545901E1,8.417318845031E0));
#3468=CARTESIAN_POINT('',(2.877161350680E2,1.012034972534E1,8.454889147291E0));
#3469=CARTESIAN_POINT('',(2.877607119141E2,1.011625842727E1,8.529661141085E0));
#3470=CARTESIAN_POINT('',(2.877714674333E2,1.011303425487E1,8.588585666837E0));
#3471=CARTESIAN_POINT('',(2.877711345224E2,1.011135064429E1,8.619355099194E0));
#3472=CARTESIAN_POINT('',(2.877710974539E2,1.011125725890E1,8.621061797694E0));
#3474=DIRECTION('',(0.E0,9.985063788017E-1,5.463525869255E-2));
#3475=VECTOR('',#3474,1.E0);
#3476=SURFACE_OF_LINEAR_EXTRUSION('',#3473,#3475);
#3477=ORIENTED_EDGE('',*,*,#2114,.F.);
#3479=ORIENTED_EDGE('',*,*,#3478,.T.);
#3481=ORIENTED_EDGE('',*,*,#3480,.T.);
#3482=ORIENTED_EDGE('',*,*,#3457,.F.);
#3483=EDGE_LOOP('',(#3477,#3479,#3481,#3482));
#3484=FACE_OUTER_BOUND('',#3483,.F.);
#3485=ADVANCED_FACE('',(#3484),#3476,.F.);
#3486=CARTESIAN_POINT('',(2.845098833324E2,1.021979436541E1,6.637452754951E0));
#3487=DIRECTION('',(-4.913749757896E-1,-4.758447601450E-2,8.696472565415E-1));
#3488=DIRECTION('',(8.709481231209E-1,-2.684639891731E-2,4.906410477095E-1));
#3489=AXIS2_PLACEMENT_3D('',#3486,#3487,#3488);
#3490=PLANE('',#3489);
#3491=ORIENTED_EDGE('',*,*,#2112,.F.);
#3493=ORIENTED_EDGE('',*,*,#3492,.T.);
#3495=ORIENTED_EDGE('',*,*,#3494,.T.);
#3496=ORIENTED_EDGE('',*,*,#3478,.F.);
#3497=EDGE_LOOP('',(#3491,#3493,#3495,#3496));
#3498=FACE_OUTER_BOUND('',#3497,.F.);
#3499=ADVANCED_FACE('',(#3498),#3490,.F.);
#3500=CARTESIAN_POINT('',(2.845185769985E2,1.024324988504E1,6.208782944968E0));
#3501=CARTESIAN_POINT('',(2.845155576878E2,1.024316550108E1,6.210325134374E0));
#3502=CARTESIAN_POINT('',(2.844740684086E2,1.024194532085E1,6.232624978370E0));
#3503=CARTESIAN_POINT('',(2.844065199283E2,1.023837574141E1,6.297862115037E0));
#3504=CARTESIAN_POINT('',(2.843739764398E2,1.023137919996E1,6.425729932290E0));
#3505=CARTESIAN_POINT('',(2.844068953564E2,1.022439234113E1,6.553420791097E0));
#3506=CARTESIAN_POINT('',(2.844743152284E2,1.022083374122E1,6.618457267500E0));
#3507=CARTESIAN_POINT('',(2.845158448078E2,1.021961503438E1,6.640730184039E0));
#3508=CARTESIAN_POINT('',(2.845188656038E2,1.021953080192E1,6.642269604632E0));
#3510=DIRECTION('',(0.E0,9.985063788017E-1,5.463525869255E-2));
#3511=VECTOR('',#3510,1.E0);
#3512=SURFACE_OF_LINEAR_EXTRUSION('',#3509,#3511);
#3513=ORIENTED_EDGE('',*,*,#2110,.F.);
#3515=ORIENTED_EDGE('',*,*,#3514,.T.);
#3517=ORIENTED_EDGE('',*,*,#3516,.T.);
#3518=ORIENTED_EDGE('',*,*,#3492,.F.);
#3519=EDGE_LOOP('',(#3513,#3515,#3517,#3518));
#3520=FACE_OUTER_BOUND('',#3519,.F.);
#3521=ADVANCED_FACE('',(#3520),#3512,.F.);
#3522=CARTESIAN_POINT('',(2.854651014508E2,1.027237998994E1,5.676405204706E0));
#3523=DIRECTION('',(-4.906327016358E-1,4.760733335234E-2,-8.700649940646E-1));
#3524=DIRECTION('',(-8.713664855189E-1,-2.680584457690E-2,4.898998822320E-1));
#3525=AXIS2_PLACEMENT_3D('',#3522,#3523,#3524);
#3526=PLANE('',#3525);
#3527=ORIENTED_EDGE('',*,*,#2108,.F.);
#3529=ORIENTED_EDGE('',*,*,#3528,.T.);
#3531=ORIENTED_EDGE('',*,*,#3530,.T.);
#3532=ORIENTED_EDGE('',*,*,#3514,.F.);
#3533=EDGE_LOOP('',(#3527,#3529,#3531,#3532));
#3534=FACE_OUTER_BOUND('',#3533,.F.);
#3535=ADVANCED_FACE('',(#3534),#3526,.F.);
#3536=CARTESIAN_POINT('',(2.855895952556E2,1.026029828320E1,5.897208794541E0));
#3537=DIRECTION('',(0.E0,9.985063788017E-1,5.463525869255E-2));
#3538=DIRECTION('',(-1.E0,0.E0,0.E0));
#3539=AXIS2_PLACEMENT_3D('',#3536,#3537,#3538);
#3540=CYLINDRICAL_SURFACE('',#3539,2.537688852200E-1);
#3541=ORIENTED_EDGE('',*,*,#2106,.F.);
#3543=ORIENTED_EDGE('',*,*,#3542,.T.);
#3545=ORIENTED_EDGE('',*,*,#3544,.T.);
#3546=ORIENTED_EDGE('',*,*,#3528,.F.);
#3547=EDGE_LOOP('',(#3541,#3543,#3545,#3546));
#3548=FACE_OUTER_BOUND('',#3547,.F.);
#3549=ADVANCED_FACE('',(#3548),#3540,.F.);
#3550=CARTESIAN_POINT('',(2.891002809494E2,1.016796738061E1,7.584635511317E0));
#3551=DIRECTION('',(4.915015983751E-1,4.758057229417E-2,-8.695759126924E-1));
#3552=DIRECTION('',(-8.708766725517E-1,2.685331697502E-2,-4.907674811687E-1));
#3553=AXIS2_PLACEMENT_3D('',#3550,#3551,#3552);
#3554=PLANE('',#3553);
#3555=ORIENTED_EDGE('',*,*,#2104,.F.);
#3557=ORIENTED_EDGE('',*,*,#3556,.T.);
#3559=ORIENTED_EDGE('',*,*,#3558,.T.);
#3560=ORIENTED_EDGE('',*,*,#3542,.F.);
#3561=EDGE_LOOP('',(#3555,#3557,#3559,#3560));
#3562=FACE_OUTER_BOUND('',#3561,.F.);
#3563=ADVANCED_FACE('',(#3562),#3554,.F.);
#3564=CARTESIAN_POINT('',(2.892254001954E2,1.015609974236E1,7.801526815099E0));
#3565=CARTESIAN_POINT('',(2.892254355130E2,1.015619315582E1,7.799819603804E0));
#3566=CARTESIAN_POINT('',(2.892257371727E2,1.015786172366E1,7.769325090242E0));
#3567=CARTESIAN_POINT('',(2.892151822727E2,1.016107071392E1,7.710678031182E0));
#3568=CARTESIAN_POINT('',(2.891706407675E2,1.016516371965E1,7.635874828562E0));
#3569=CARTESIAN_POINT('',(2.891243460543E2,1.016724351984E1,7.597864689971E0));
#3570=CARTESIAN_POINT('',(2.890972913573E2,1.016805855473E1,7.582969225739E0));
#3571=CARTESIAN_POINT('',(2.890957850108E2,1.016810281945E1,7.582160249925E0));
#3573=DIRECTION('',(0.E0,9.985063788017E-1,5.463525869255E-2));
#3574=VECTOR('',#3573,1.E0);
#3575=SURFACE_OF_LINEAR_EXTRUSION('',#3572,#3574);
#3576=ORIENTED_EDGE('',*,*,#2102,.F.);
#3577=ORIENTED_EDGE('',*,*,#3415,.T.);
#3579=ORIENTED_EDGE('',*,*,#3578,.T.);
#3580=ORIENTED_EDGE('',*,*,#3556,.F.);
#3581=EDGE_LOOP('',(#3576,#3577,#3579,#3580));
#3582=FACE_OUTER_BOUND('',#3581,.F.);
#3583=ADVANCED_FACE('',(#3582),#3575,.F.);
#3584=CARTESIAN_POINT('',(0.E0,1.025183355125E1,5.609494240965E-1));
#3585=DIRECTION('',(0.E0,9.985063788017E-1,5.463525869255E-2));
#3586=DIRECTION('',(-1.E0,0.E0,0.E0));
#3587=AXIS2_PLACEMENT_3D('',#3584,#3585,#3586);
#3588=PLANE('',#3587);
#3589=ORIENTED_EDGE('',*,*,#3413,.F.);
#3590=ORIENTED_EDGE('',*,*,#3445,.F.);
#3591=ORIENTED_EDGE('',*,*,#3459,.F.);
#3592=ORIENTED_EDGE('',*,*,#3480,.F.);
#3593=ORIENTED_EDGE('',*,*,#3494,.F.);
#3594=ORIENTED_EDGE('',*,*,#3516,.F.);
#3595=ORIENTED_EDGE('',*,*,#3530,.F.);
#3596=ORIENTED_EDGE('',*,*,#3544,.F.);
#3597=ORIENTED_EDGE('',*,*,#3558,.F.);
#3598=ORIENTED_EDGE('',*,*,#3578,.F.);
#3599=EDGE_LOOP('',(#3589,#3590,#3591,#3592,#3593,#3594,#3595,#3596,#3597,
#3598));
#3600=FACE_OUTER_BOUND('',#3599,.F.);
#3602=ORIENTED_EDGE('',*,*,#3601,.F.);
#3604=ORIENTED_EDGE('',*,*,#3603,.F.);
#3606=ORIENTED_EDGE('',*,*,#3605,.F.);
#3608=ORIENTED_EDGE('',*,*,#3607,.F.);
#3609=EDGE_LOOP('',(#3602,#3604,#3606,#3608));
#3610=FACE_BOUND('',#3609,.F.);
#3611=ADVANCED_FACE('',(#3600,#3610),#3588,.T.);
#3612=CARTESIAN_POINT('',(0.E0,1.025183355125E1,5.609494240965E-1));
#3613=DIRECTION('',(0.E0,9.985063788017E-1,5.463525869255E-2));
#3614=DIRECTION('',(-1.E0,0.E0,0.E0));
#3615=AXIS2_PLACEMENT_3D('',#3612,#3613,#3614);
#3616=PLANE('',#3615);
#3618=ORIENTED_EDGE('',*,*,#3617,.F.);
#3620=ORIENTED_EDGE('',*,*,#3619,.F.);
#3622=ORIENTED_EDGE('',*,*,#3621,.F.);
#3624=ORIENTED_EDGE('',*,*,#3623,.F.);
#3626=ORIENTED_EDGE('',*,*,#3625,.F.);
#3628=ORIENTED_EDGE('',*,*,#3627,.F.);
#3630=ORIENTED_EDGE('',*,*,#3629,.F.);
#3632=ORIENTED_EDGE('',*,*,#3631,.F.);
#3634=ORIENTED_EDGE('',*,*,#3633,.F.);
#3636=ORIENTED_EDGE('',*,*,#3635,.F.);
#3638=ORIENTED_EDGE('',*,*,#3637,.F.);
#3640=ORIENTED_EDGE('',*,*,#3639,.F.);
#3642=ORIENTED_EDGE('',*,*,#3641,.F.);
#3644=ORIENTED_EDGE('',*,*,#3643,.F.);
#3646=ORIENTED_EDGE('',*,*,#3645,.F.);
#3648=ORIENTED_EDGE('',*,*,#3647,.F.);
#3650=ORIENTED_EDGE('',*,*,#3649,.F.);
#3652=ORIENTED_EDGE('',*,*,#3651,.F.);
#3654=ORIENTED_EDGE('',*,*,#3653,.F.);
#3656=ORIENTED_EDGE('',*,*,#3655,.F.);
#3658=ORIENTED_EDGE('',*,*,#3657,.F.);
#3660=ORIENTED_EDGE('',*,*,#3659,.F.);
#3662=ORIENTED_EDGE('',*,*,#3661,.F.);
#3664=ORIENTED_EDGE('',*,*,#3663,.F.);
#3666=ORIENTED_EDGE('',*,*,#3665,.F.);
#3668=ORIENTED_EDGE('',*,*,#3667,.F.);
#3670=ORIENTED_EDGE('',*,*,#3669,.F.);
#3672=ORIENTED_EDGE('',*,*,#3671,.F.);
#3674=ORIENTED_EDGE('',*,*,#3673,.F.);
#3676=ORIENTED_EDGE('',*,*,#3675,.F.);
#3677=EDGE_LOOP('',(#3618,#3620,#3622,#3624,#3626,#3628,#3630,#3632,#3634,#3636,
#3638,#3640,#3642,#3644,#3646,#3648,#3650,#3652,#3654,#3656,#3658,#3660,#3662,
#3664,#3666,#3668,#3670,#3672,#3674,#3676));
#3678=FACE_OUTER_BOUND('',#3677,.F.);
#3680=ORIENTED_EDGE('',*,*,#3679,.F.);
#3682=ORIENTED_EDGE('',*,*,#3681,.F.);
#3684=ORIENTED_EDGE('',*,*,#3683,.F.);
#3686=ORIENTED_EDGE('',*,*,#3685,.F.);
#3687=EDGE_LOOP('',(#3680,#3682,#3684,#3686));
#3688=FACE_BOUND('',#3687,.F.);
#3689=ADVANCED_FACE('',(#3678,#3688),#3616,.T.);
#3690=CARTESIAN_POINT('',(0.E0,1.025183355125E1,5.609494240965E-1));
#3691=DIRECTION('',(0.E0,9.985063788017E-1,5.463525869255E-2));
#3692=DIRECTION('',(-1.E0,0.E0,0.E0));
#3693=AXIS2_PLACEMENT_3D('',#3690,#3691,#3692);
#3694=PLANE('',#3693);
#3696=ORIENTED_EDGE('',*,*,#3695,.F.);
#3698=ORIENTED_EDGE('',*,*,#3697,.F.);
#3700=ORIENTED_EDGE('',*,*,#3699,.F.);
#3702=ORIENTED_EDGE('',*,*,#3701,.F.);
#3704=ORIENTED_EDGE('',*,*,#3703,.F.);
#3706=ORIENTED_EDGE('',*,*,#3705,.F.);
#3708=ORIENTED_EDGE('',*,*,#3707,.F.);
#3710=ORIENTED_EDGE('',*,*,#3709,.F.);
#3712=ORIENTED_EDGE('',*,*,#3711,.F.);
#3714=ORIENTED_EDGE('',*,*,#3713,.F.);
#3716=ORIENTED_EDGE('',*,*,#3715,.F.);
#3718=ORIENTED_EDGE('',*,*,#3717,.F.);
#3719=EDGE_LOOP('',(#3696,#3698,#3700,#3702,#3704,#3706,#3708,#3710,#3712,#3714,
#3716,#3718));
#3720=FACE_OUTER_BOUND('',#3719,.F.);
#3722=ORIENTED_EDGE('',*,*,#3721,.F.);
#3724=ORIENTED_EDGE('',*,*,#3723,.F.);
#3726=ORIENTED_EDGE('',*,*,#3725,.F.);
#3728=ORIENTED_EDGE('',*,*,#3727,.F.);
#3729=EDGE_LOOP('',(#3722,#3724,#3726,#3728));
#3730=FACE_BOUND('',#3729,.F.);
#3731=ADVANCED_FACE('',(#3720,#3730),#3694,.T.);
#3732=CARTESIAN_POINT('',(2.863168915830E2,9.724884612736E0,1.568235446872E1));
#3733=DIRECTION('',(1.E0,-8.934893417381E-14,1.632928677317E-12));
#3734=DIRECTION('',(1.635371302561E-12,5.463525869255E-2,-9.985063788017E-1));
#3735=AXIS2_PLACEMENT_3D('',#3732,#3733,#3734);
#3736=PLANE('',#3735);
#3737=ORIENTED_EDGE('',*,*,#2122,.F.);
#3739=ORIENTED_EDGE('',*,*,#3738,.T.);
#3740=ORIENTED_EDGE('',*,*,#3617,.T.);
#3742=ORIENTED_EDGE('',*,*,#3741,.F.);
#3743=EDGE_LOOP('',(#3737,#3739,#3740,#3742));
#3744=FACE_OUTER_BOUND('',#3743,.F.);
#3745=ADVANCED_FACE('',(#3744),#3736,.F.);
#3746=CARTESIAN_POINT('',(2.864420863936E2,9.713288826437E0,1.589427744418E1));
#3747=CARTESIAN_POINT('',(2.864406239694E2,9.713333850697E0,1.589345458707E1));
#3748=CARTESIAN_POINT('',(2.864142293129E2,9.714166089060E0,1.587824471467E1));
#3749=CARTESIAN_POINT('',(2.863693244105E2,9.716255720890E0,1.584005489436E1));
#3750=CARTESIAN_POINT('',(2.863266023578E2,9.720301357140E0,1.576611740970E1));
#3751=CARTESIAN_POINT('',(2.863165960825E2,9.723440929089E0,1.570873903001E1));
#3752=CARTESIAN_POINT('',(2.863169092390E2,9.725068187854E0,1.567899947544E1));
#3753=CARTESIAN_POINT('',(2.863169445981E2,9.725159868568E0,1.567732393148E1));
#3755=DIRECTION('',(0.E0,9.985063788017E-1,5.463525869255E-2));
#3756=VECTOR('',#3755,1.E0);
#3757=SURFACE_OF_LINEAR_EXTRUSION('',#3754,#3756);
#3758=ORIENTED_EDGE('',*,*,#2180,.F.);
#3760=ORIENTED_EDGE('',*,*,#3759,.T.);
#3761=ORIENTED_EDGE('',*,*,#3619,.T.);
#3762=ORIENTED_EDGE('',*,*,#3738,.F.);
#3763=EDGE_LOOP('',(#3758,#3760,#3761,#3762));
#3764=FACE_OUTER_BOUND('',#3763,.F.);
#3765=ADVANCED_FACE('',(#3764),#3757,.F.);
#3766=CARTESIAN_POINT('',(2.883549449673E2,9.651572360552E0,1.702219897944E1));
#3767=DIRECTION('',(5.084706145824E-1,4.704529263312E-2,-8.597932161556E-1));
#3768=DIRECTION('',(-8.610793425150E-1,2.778042356527E-2,-5.077111520938E-1));
#3769=AXIS2_PLACEMENT_3D('',#3766,#3767,#3768);
#3770=PLANE('',#3769);
#3771=ORIENTED_EDGE('',*,*,#2178,.F.);
#3773=ORIENTED_EDGE('',*,*,#3772,.T.);
#3774=ORIENTED_EDGE('',*,*,#3621,.T.);
#3775=ORIENTED_EDGE('',*,*,#3759,.F.);
#3776=EDGE_LOOP('',(#3771,#3773,#3774,#3775));
#3777=FACE_OUTER_BOUND('',#3776,.F.);
#3778=ADVANCED_FACE('',(#3777),#3770,.F.);
#3779=CARTESIAN_POINT('',(2.884785583872E2,9.663010970986E0,1.681314852820E1));
#3780=DIRECTION('',(0.E0,9.985063788017E-1,5.463525869255E-2));
#3781=DIRECTION('',(-1.E0,0.E0,0.E0));
#3782=AXIS2_PLACEMENT_3D('',#3779,#3780,#3781);
#3783=CYLINDRICAL_SURFACE('',#3782,2.431315512223E-1);
#3784=ORIENTED_EDGE('',*,*,#2176,.T.);
#3786=ORIENTED_EDGE('',*,*,#3785,.T.);
#3787=ORIENTED_EDGE('',*,*,#3623,.T.);
#3788=ORIENTED_EDGE('',*,*,#3772,.F.);
#3789=EDGE_LOOP('',(#3784,#3786,#3787,#3788));
#3790=FACE_OUTER_BOUND('',#3789,.F.);
#3791=ADVANCED_FACE('',(#3790),#3783,.T.);
#3792=CARTESIAN_POINT('',(2.905568611923E2,9.713326912697E0,1.589358138500E1));
#3793=DIRECTION('',(-5.005896297017E-1,4.729690825082E-2,-8.643917081422E-1));
#3794=DIRECTION('',(-8.656847131809E-1,-2.734984391756E-2,4.998419384191E-1));
#3795=AXIS2_PLACEMENT_3D('',#3792,#3793,#3794);
#3796=PLANE('',#3795);
#3797=ORIENTED_EDGE('',*,*,#2174,.F.);
#3799=ORIENTED_EDGE('',*,*,#3798,.T.);
#3800=ORIENTED_EDGE('',*,*,#3625,.T.);
#3801=ORIENTED_EDGE('',*,*,#3785,.F.);
#3802=EDGE_LOOP('',(#3797,#3799,#3800,#3801));
#3803=FACE_OUTER_BOUND('',#3802,.F.);
#3804=ADVANCED_FACE('',(#3803),#3796,.F.);
#3805=CARTESIAN_POINT('',(2.906796705690E2,9.725162360189E0,1.567727839496E1));
#3806=CARTESIAN_POINT('',(2.906797113019E2,9.725069609713E0,1.567897348974E1));
#3807=CARTESIAN_POINT('',(2.906801112980E2,9.723411689009E0,1.570927341763E1));
#3808=CARTESIAN_POINT('',(2.906697868503E2,9.720224107476E0,1.576752921380E1));
#3809=CARTESIAN_POINT('',(2.906262904527E2,9.716137664032E0,1.584221248506E1));
#3810=CARTESIAN_POINT('',(2.905805825577E2,9.714057799112E0,1.588022380668E1));
#3811=CARTESIAN_POINT('',(2.905539098871E2,9.713234756075E0,1.589526562660E1));
#3812=CARTESIAN_POINT('',(2.905524228966E2,9.713189960833E0,1.589608429819E1));
#3814=DIRECTION('',(0.E0,9.985063788017E-1,5.463525869255E-2));
#3815=VECTOR('',#3814,1.E0);
#3816=SURFACE_OF_LINEAR_EXTRUSION('',#3813,#3815);
#3817=ORIENTED_EDGE('',*,*,#2172,.F.);
#3819=ORIENTED_EDGE('',*,*,#3818,.T.);
#3820=ORIENTED_EDGE('',*,*,#3627,.T.);
#3821=ORIENTED_EDGE('',*,*,#3798,.F.);
#3822=EDGE_LOOP('',(#3817,#3819,#3820,#3821));
#3823=FACE_OUTER_BOUND('',#3822,.F.);
#3824=ADVANCED_FACE('',(#3823),#3816,.F.);
#3825=CARTESIAN_POINT('',(2.906797166042E2,9.956451316462E0,1.145027364178E1));
#3826=DIRECTION('',(-9.999999999875E-1,-2.735454066970E-7,4.999277756071E-6));
#3827=DIRECTION('',(5.006755952897E-6,-5.463525869186E-2,9.985063787891E-1));
#3828=AXIS2_PLACEMENT_3D('',#3825,#3826,#3827);
#3829=PLANE('',#3828);
#3830=ORIENTED_EDGE('',*,*,#2170,.F.);
#3832=ORIENTED_EDGE('',*,*,#3831,.T.);
#3833=ORIENTED_EDGE('',*,*,#3629,.T.);
#3834=ORIENTED_EDGE('',*,*,#3818,.F.);
#3835=EDGE_LOOP('',(#3830,#3832,#3833,#3834));
#3836=FACE_OUTER_BOUND('',#3835,.F.);
#3837=ADVANCED_FACE('',(#3836),#3829,.F.);
#3838=CARTESIAN_POINT('',(2.914149489860E2,1.001329315119E1,1.041144018665E1));
#3839=DIRECTION('',(0.E0,9.985063788017E-1,5.463525869255E-2));
#3840=DIRECTION('',(-1.E0,0.E0,0.E0));
#3841=AXIS2_PLACEMENT_3D('',#3838,#3839,#3840);
#3842=CYLINDRICAL_SURFACE('',#3841,1.273968281761E0);
#3843=ORIENTED_EDGE('',*,*,#3631,.T.);
#3844=ORIENTED_EDGE('',*,*,#3831,.F.);
#3845=ORIENTED_EDGE('',*,*,#2168,.T.);
#3847=ORIENTED_EDGE('',*,*,#3846,.T.);
#3848=EDGE_LOOP('',(#3843,#3844,#3845,#3847));
#3849=FACE_OUTER_BOUND('',#3848,.F.);
#3850=ADVANCED_FACE('',(#3849),#3842,.F.);
#3851=CARTESIAN_POINT('',(2.921340763367E2,9.680041208770E0,1.650190627427E1));
#3852=DIRECTION('',(9.999999999871E-1,-2.770722997442E-7,5.063734762210E-6));
#3853=DIRECTION('',(5.071309377400E-6,5.463525869185E-2,-9.985063787888E-1));
#3854=AXIS2_PLACEMENT_3D('',#3851,#3852,#3853);
#3855=PLANE('',#3854);
#3856=ORIENTED_EDGE('',*,*,#2166,.F.);
#3858=ORIENTED_EDGE('',*,*,#3857,.T.);
#3859=ORIENTED_EDGE('',*,*,#3633,.T.);
#3860=ORIENTED_EDGE('',*,*,#3846,.F.);
#3861=EDGE_LOOP('',(#3856,#3858,#3859,#3860));
#3862=FACE_OUTER_BOUND('',#3861,.F.);
#3863=ADVANCED_FACE('',(#3862),#3855,.F.);
#3864=CARTESIAN_POINT('',(2.920087571611E2,9.668441191814E0,1.671390656862E1));
#3865=CARTESIAN_POINT('',(2.920102210170E2,9.668486188919E0,1.671308420778E1));
#3866=CARTESIAN_POINT('',(2.920366315988E2,9.669317629422E0,1.669788891695E1));
#3867=CARTESIAN_POINT('',(2.920815820908E2,9.671406268770E0,1.665971723511E1));
#3868=CARTESIAN_POINT('',(2.921243582566E2,9.675453714413E0,1.658574668223E1));
#3869=CARTESIAN_POINT('',(2.921343719961E2,9.678595934798E0,1.652831990010E1));
#3870=CARTESIAN_POINT('',(2.921340586796E2,9.680224894262E0,1.649854926379E1));
#3871=CARTESIAN_POINT('',(2.921340233196E2,9.680316629831E0,1.649687271731E1));
#3873=DIRECTION('',(0.E0,9.985063788017E-1,5.463525869255E-2));
#3874=VECTOR('',#3873,1.E0);
#3875=SURFACE_OF_LINEAR_EXTRUSION('',#3872,#3874);
#3876=ORIENTED_EDGE('',*,*,#2164,.F.);
#3878=ORIENTED_EDGE('',*,*,#3877,.T.);
#3879=ORIENTED_EDGE('',*,*,#3635,.T.);
#3880=ORIENTED_EDGE('',*,*,#3857,.F.);
#3881=EDGE_LOOP('',(#3876,#3878,#3879,#3880));
#3882=FACE_OUTER_BOUND('',#3881,.F.);
#3883=ADVANCED_FACE('',(#3882),#3875,.F.);
#3884=CARTESIAN_POINT('',(2.886895645167E2,9.561530762002E0,1.866778669441E1));
#3885=DIRECTION('',(5.078448358016E-1,-4.706546496472E-2,8.601618828786E-1));
#3886=DIRECTION('',(8.614485607102E-1,2.774623397969E-2,-5.070863079894E-1));
#3887=AXIS2_PLACEMENT_3D('',#3884,#3885,#3886);
#3888=PLANE('',#3887);
#3889=ORIENTED_EDGE('',*,*,#2162,.F.);
#3891=ORIENTED_EDGE('',*,*,#3890,.T.);
#3892=ORIENTED_EDGE('',*,*,#3637,.T.);
#3893=ORIENTED_EDGE('',*,*,#3877,.F.);
#3894=EDGE_LOOP('',(#3889,#3891,#3892,#3893));
#3895=FACE_OUTER_BOUND('',#3894,.F.);
#3896=ADVANCED_FACE('',(#3895),#3888,.F.);
#3897=CARTESIAN_POINT('',(2.885710846336E2,9.573141313633E0,1.845559386981E1));
#3898=DIRECTION('',(0.E0,9.985063788017E-1,5.463525869255E-2));
#3899=DIRECTION('',(-1.E0,0.E0,0.E0));
#3900=AXIS2_PLACEMENT_3D('',#3897,#3898,#3899);
#3901=CYLINDRICAL_SURFACE('',#3900,2.432357385224E-1);
#3902=ORIENTED_EDGE('',*,*,#2160,.F.);
#3904=ORIENTED_EDGE('',*,*,#3903,.T.);
#3905=ORIENTED_EDGE('',*,*,#3639,.T.);
#3906=ORIENTED_EDGE('',*,*,#3890,.F.);
#3907=EDGE_LOOP('',(#3902,#3904,#3905,#3906));
#3908=FACE_OUTER_BOUND('',#3907,.F.);
#3909=ADVANCED_FACE('',(#3908),#3901,.F.);
#3910=CARTESIAN_POINT('',(2.849877612335E2,9.668458174914E0,1.671359618784E1));
#3911=DIRECTION('',(-4.913987573422E-1,-4.758374294051E-2,8.696338589834E-1));
#3912=DIRECTION('',(8.709347055219E-1,-2.684769822859E-2,4.906647937414E-1));
#3913=AXIS2_PLACEMENT_3D('',#3910,#3911,#3912);
#3914=PLANE('',#3913);
#3915=ORIENTED_EDGE('',*,*,#2158,.F.);
#3917=ORIENTED_EDGE('',*,*,#3916,.T.);
#3918=ORIENTED_EDGE('',*,*,#3641,.T.);
#3919=ORIENTED_EDGE('',*,*,#3903,.F.);
#3920=EDGE_LOOP('',(#3915,#3917,#3918,#3919));
#3921=FACE_OUTER_BOUND('',#3920,.F.);
#3922=ADVANCED_FACE('',(#3921),#3914,.F.);
#3923=CARTESIAN_POINT('',(2.848626580595E2,9.680350704425E0,1.649624997477E1));
#3924=CARTESIAN_POINT('',(2.848626186870E2,9.680257120040E0,1.649796030997E1));
#3925=CARTESIAN_POINT('',(2.848622479257E2,9.678570441848E0,1.652878580570E1));
#3926=CARTESIAN_POINT('',(2.848730342667E2,9.675341486297E0,1.658779774764E1));
#3927=CARTESIAN_POINT('',(2.849175565145E2,9.671237521833E0,1.666280123064E1));
#3928=CARTESIAN_POINT('',(2.849638930051E2,9.669175301116E0,1.670049008924E1));
#3929=CARTESIAN_POINT('',(2.849907569523E2,9.668366931650E0,1.671526373703E1));
#3930=CARTESIAN_POINT('',(2.849922660434E2,9.668322620681E0,1.671607355812E1));
#3932=DIRECTION('',(0.E0,9.985063788017E-1,5.463525869255E-2));
#3933=VECTOR('',#3932,1.E0);
#3934=SURFACE_OF_LINEAR_EXTRUSION('',#3931,#3933);
#3935=ORIENTED_EDGE('',*,*,#2156,.F.);
#3937=ORIENTED_EDGE('',*,*,#3936,.T.);
#3938=ORIENTED_EDGE('',*,*,#3643,.T.);
#3939=ORIENTED_EDGE('',*,*,#3916,.F.);
#3940=EDGE_LOOP('',(#3935,#3937,#3938,#3939));
#3941=FACE_OUTER_BOUND('',#3940,.F.);
#3942=ADVANCED_FACE('',(#3941),#3934,.F.);
#3943=CARTESIAN_POINT('',(2.848625962117E2,1.002184866911E1,1.025508073277E1));
#3944=DIRECTION('',(-1.E0,-1.360289887390E-13,2.486046853410E-12));
#3945=DIRECTION('',(2.489765620119E-12,-5.463525869255E-2,9.985063788017E-1));
#3946=AXIS2_PLACEMENT_3D('',#3943,#3944,#3945);
#3947=PLANE('',#3946);
#3948=ORIENTED_EDGE('',*,*,#2154,.F.);
#3950=ORIENTED_EDGE('',*,*,#3949,.T.);
#3951=ORIENTED_EDGE('',*,*,#3645,.T.);
#3952=ORIENTED_EDGE('',*,*,#3936,.F.);
#3953=EDGE_LOOP('',(#3948,#3950,#3951,#3952));
#3954=FACE_OUTER_BOUND('',#3953,.F.);
#3955=ADVANCED_FACE('',(#3954),#3947,.F.);
#3956=CARTESIAN_POINT('',(2.847332289542E2,1.003357247961E1,1.004081800476E1));
#3957=CARTESIAN_POINT('',(2.847347332667E2,1.003352812830E1,1.004162856313E1));
#3958=CARTESIAN_POINT('',(2.847619239310E2,1.003270634367E1,1.005664738449E1));
#3959=CARTESIAN_POINT('',(2.848082790537E2,1.003061405917E1,1.009488568463E1));
#3960=CARTESIAN_POINT('',(2.848525082353E2,1.002651430237E1,1.016981226900E1));
#3961=CARTESIAN_POINT('',(2.848629034022E2,1.002331835727E1,1.022822091656E1));
#3962=CARTESIAN_POINT('',(2.848625778524E2,1.002166172736E1,1.025849725398E1));
#3963=CARTESIAN_POINT('',(2.848625410771E2,1.002156836887E1,1.026020346092E1));
#3965=DIRECTION('',(0.E0,9.985063788017E-1,5.463525869255E-2));
#3966=VECTOR('',#3965,1.E0);
#3967=SURFACE_OF_LINEAR_EXTRUSION('',#3964,#3966);
#3968=ORIENTED_EDGE('',*,*,#2152,.F.);
#3970=ORIENTED_EDGE('',*,*,#3969,.T.);
#3971=ORIENTED_EDGE('',*,*,#3647,.T.);
#3972=ORIENTED_EDGE('',*,*,#3949,.F.);
#3973=EDGE_LOOP('',(#3968,#3970,#3971,#3972));
#3974=FACE_OUTER_BOUND('',#3973,.F.);
#3975=ADVANCED_FACE('',(#3974),#3967,.F.);
#3976=CARTESIAN_POINT('',(2.827978991444E2,1.009323468200E1,8.950439903101E0));
#3977=DIRECTION('',(-4.914014066065E-1,-4.758366127319E-2,8.696323664428E-1));
#3978=DIRECTION('',(8.709332107487E-1,-2.684784297183E-2,4.906674390487E-1));
#3979=AXIS2_PLACEMENT_3D('',#3976,#3977,#3978);
#3980=PLANE('',#3979);
#3981=ORIENTED_EDGE('',*,*,#2150,.F.);
#3983=ORIENTED_EDGE('',*,*,#3982,.T.);
#3984=ORIENTED_EDGE('',*,*,#3649,.T.);
#3985=ORIENTED_EDGE('',*,*,#3969,.F.);
#3986=EDGE_LOOP('',(#3981,#3983,#3984,#3985));
#3987=FACE_OUTER_BOUND('',#3986,.F.);
#3988=ADVANCED_FACE('',(#3987),#3980,.F.);
#3989=CARTESIAN_POINT('',(2.826732842905E2,1.008116617076E1,9.171002333651E0));
#3990=DIRECTION('',(0.E0,9.985063788017E-1,5.463525869255E-2));
#3991=DIRECTION('',(-1.E0,0.E0,0.E0));
#3992=AXIS2_PLACEMENT_3D('',#3989,#3990,#3991);
#3993=CYLINDRICAL_SURFACE('',#3992,2.536179140075E-1);
#3994=ORIENTED_EDGE('',*,*,#2148,.T.);
#3996=ORIENTED_EDGE('',*,*,#3995,.T.);
#3997=ORIENTED_EDGE('',*,*,#3651,.T.);
#3998=ORIENTED_EDGE('',*,*,#3982,.F.);
#3999=EDGE_LOOP('',(#3994,#3996,#3997,#3998));
#4000=FACE_OUTER_BOUND('',#3999,.F.);
#4001=ADVANCED_FACE('',(#4000),#3993,.T.);
#4002=CARTESIAN_POINT('',(2.806250087763E2,1.003393531516E1,1.003418687272E1));
#4003=DIRECTION('',(4.913983505708E-1,-4.758375547976E-2,8.696340881490E-1));
#4004=DIRECTION('',(8.709349350303E-1,2.684767600453E-2,-4.906643875776E-1));
#4005=AXIS2_PLACEMENT_3D('',#4002,#4003,#4004);
#4006=PLANE('',#4005);
#4007=ORIENTED_EDGE('',*,*,#2146,.F.);
#4009=ORIENTED_EDGE('',*,*,#4008,.T.);
#4010=ORIENTED_EDGE('',*,*,#3653,.T.);
#4011=ORIENTED_EDGE('',*,*,#3995,.F.);
#4012=EDGE_LOOP('',(#4007,#4009,#4010,#4011));
#4013=FACE_OUTER_BOUND('',#4012,.F.);
#4014=ADVANCED_FACE('',(#4013),#4006,.F.);
#4015=CARTESIAN_POINT('',(2.804997574696E2,1.002206795615E1,1.025107307334E1));
#4016=CARTESIAN_POINT('',(2.804997217400E2,1.002216140657E1,1.024936518645E1));
#4017=CARTESIAN_POINT('',(2.804994163495E2,1.002384539264E1,1.021858889150E1));
#4018=CARTESIAN_POINT('',(2.805103138485E2,1.002706817555E1,1.015968975983E1));
#4019=CARTESIAN_POINT('',(2.805548912157E2,1.003116164634E1,1.008487805790E1));
#4020=CARTESIAN_POINT('',(2.806011760429E2,1.003321919193E1,1.004727464111E1));
#4021=CARTESIAN_POINT('',(2.806280000314E2,1.003402642619E1,1.003252174032E1));
#4022=CARTESIAN_POINT('',(2.806295068407E2,1.003407067773E1,1.003171300531E1));
#4024=DIRECTION('',(0.E0,9.985063788017E-1,5.463525869255E-2));
#4025=VECTOR('',#4024,1.E0);
#4026=SURFACE_OF_LINEAR_EXTRUSION('',#4023,#4025);
#4027=ORIENTED_EDGE('',*,*,#2144,.F.);
#4029=ORIENTED_EDGE('',*,*,#4028,.T.);
#4030=ORIENTED_EDGE('',*,*,#3655,.T.);
#4031=ORIENTED_EDGE('',*,*,#4008,.F.);
#4032=EDGE_LOOP('',(#4027,#4029,#4030,#4031));
#4033=FACE_OUTER_BOUND('',#4032,.F.);
#4034=ADVANCED_FACE('',(#4033),#4026,.F.);
#4035=CARTESIAN_POINT('',(2.804997065026E2,9.650598448769E0,1.703999805555E1));
#4036=DIRECTION('',(1.E0,-1.734437833793E-14,3.169834429490E-13));
#4037=DIRECTION('',(3.174576043564E-13,5.463525869255E-2,-9.985063788017E-1));
#4038=AXIS2_PLACEMENT_3D('',#4035,#4036,#4037);
#4039=PLANE('',#4038);
#4040=ORIENTED_EDGE('',*,*,#2142,.F.);
#4042=ORIENTED_EDGE('',*,*,#4041,.T.);
#4043=ORIENTED_EDGE('',*,*,#3657,.T.);
#4044=ORIENTED_EDGE('',*,*,#4028,.F.);
#4045=EDGE_LOOP('',(#4040,#4042,#4043,#4044));
#4046=FACE_OUTER_BOUND('',#4045,.F.);
#4047=ADVANCED_FACE('',(#4046),#4039,.F.);
#4048=CARTESIAN_POINT('',(2.800216825066E2,9.647182483786E0,1.710242775582E1));
#4049=CARTESIAN_POINT('',(2.800269392309E2,9.643617207706E0,1.716758624493E1));
#4050=CARTESIAN_POINT('',(2.800974532102E2,9.638776634672E0,1.725605188356E1));
#4051=CARTESIAN_POINT('',(2.802517065861E2,9.636542150885E0,1.729688899804E1));
#4052=CARTESIAN_POINT('',(2.803803128014E2,9.638518141521E0,1.726077606838E1));
#4053=CARTESIAN_POINT('',(2.804764787223E2,9.643513151483E0,1.716948796198E1));
#4054=CARTESIAN_POINT('',(2.805162666798E2,9.651637546406E0,1.702100765184E1));
#4055=CARTESIAN_POINT('',(2.804763623887E2,9.657090843471E0,1.692134395417E1));
#4056=CARTESIAN_POINT('',(2.804260399469E2,9.658997977280E0,1.688648944229E1));
#4058=DIRECTION('',(0.E0,9.985063788017E-1,5.463525869255E-2));
#4059=VECTOR('',#4058,1.E0);
#4060=SURFACE_OF_LINEAR_EXTRUSION('',#4057,#4059);
#4061=ORIENTED_EDGE('',*,*,#2140,.F.);
#4063=ORIENTED_EDGE('',*,*,#4062,.T.);
#4064=ORIENTED_EDGE('',*,*,#3659,.T.);
#4065=ORIENTED_EDGE('',*,*,#4041,.F.);
#4066=EDGE_LOOP('',(#4061,#4063,#4064,#4065));
#4067=FACE_OUTER_BOUND('',#4066,.F.);
#4068=ADVANCED_FACE('',(#4067),#4060,.F.);
#4069=CARTESIAN_POINT('',(2.791725465791E2,9.668366624697E0,1.671526934686E1));
#4070=DIRECTION('',(-4.913928612365E-1,-4.758392469422E-2,8.696371806889E-1));
#4071=DIRECTION('',(8.709380321962E-1,-2.684737609333E-2,4.906589064423E-1));
#4072=AXIS2_PLACEMENT_3D('',#4069,#4070,#4071);
#4073=PLANE('',#4072);
#4074=ORIENTED_EDGE('',*,*,#2138,.F.);
#4076=ORIENTED_EDGE('',*,*,#4075,.T.);
#4077=ORIENTED_EDGE('',*,*,#3661,.T.);
#4078=ORIENTED_EDGE('',*,*,#4062,.F.);
#4079=EDGE_LOOP('',(#4074,#4076,#4077,#4078));
#4080=FACE_OUTER_BOUND('',#4079,.F.);
#4081=ADVANCED_FACE('',(#4080),#4073,.F.);
#4082=CARTESIAN_POINT('',(2.790473195058E2,9.680283505748E0,1.649747808844E1));
#4083=CARTESIAN_POINT('',(2.790472788129E2,9.680189750895E0,1.649919153907E1));
#4084=CARTESIAN_POINT('',(2.790468850439E2,9.678499920918E0,1.653007463639E1));
#4085=CARTESIAN_POINT('',(2.790576550578E2,9.675264567550E0,1.658920350395E1));
#4086=CARTESIAN_POINT('',(2.791022208638E2,9.671151747023E0,1.666436883912E1));
#4087=CARTESIAN_POINT('',(2.791486346753E2,9.669085022809E0,1.670214000301E1));
#4088=CARTESIAN_POINT('',(2.791755478293E2,9.668275216079E0,1.671693991804E1));
#4089=CARTESIAN_POINT('',(2.791770597253E2,9.668230826961E0,1.671775116736E1));
#4091=DIRECTION('',(0.E0,9.985063788017E-1,5.463525869255E-2));
#4092=VECTOR('',#4091,1.E0);
#4093=SURFACE_OF_LINEAR_EXTRUSION('',#4090,#4092);
#4094=ORIENTED_EDGE('',*,*,#2136,.F.);
#4096=ORIENTED_EDGE('',*,*,#4095,.T.);
#4097=ORIENTED_EDGE('',*,*,#3663,.T.);
#4098=ORIENTED_EDGE('',*,*,#4075,.F.);
#4099=EDGE_LOOP('',(#4094,#4096,#4097,#4098));
#4100=FACE_OUTER_BOUND('',#4099,.F.);
#4101=ADVANCED_FACE('',(#4100),#4093,.F.);
#4102=CARTESIAN_POINT('',(2.790538551070E2,1.006742864162E1,9.422067502983E0));
#4103=DIRECTION('',(-9.999995666956E-1,5.086095218156E-5,-9.295276786552E-4));
#4104=DIRECTION('',(-9.309181176897E-4,-5.463523501885E-2,9.985059461445E-1));
#4105=AXIS2_PLACEMENT_3D('',#4102,#4103,#4104);
#4106=PLANE('',#4105);
#4107=ORIENTED_EDGE('',*,*,#2134,.F.);
#4109=ORIENTED_EDGE('',*,*,#4108,.T.);
#4110=ORIENTED_EDGE('',*,*,#3665,.T.);
#4111=ORIENTED_EDGE('',*,*,#4095,.F.);
#4112=EDGE_LOOP('',(#4107,#4109,#4110,#4111));
#4113=FACE_OUTER_BOUND('',#4112,.F.);
#4114=ADVANCED_FACE('',(#4113),#4106,.F.);
#4115=CARTESIAN_POINT('',(2.791837304917E2,1.007915505046E1,9.207757288150E0));
#4116=CARTESIAN_POINT('',(2.791822215050E2,1.007911090571E1,9.208564071415E0));
#4117=CARTESIAN_POINT('',(2.791549473282E2,1.007829278246E1,9.223515978129E0));
#4118=CARTESIAN_POINT('',(2.791084402665E2,1.007620323265E1,9.261704299426E0));
#4119=CARTESIAN_POINT('',(2.790640621854E2,1.007210067345E1,9.336682099970E0));
#4120=CARTESIAN_POINT('',(2.790535718130E2,1.006890093473E1,9.395160079144E0));
#4121=CARTESIAN_POINT('',(2.790538703407E2,1.006724144266E1,9.425488725075E0));
#4122=CARTESIAN_POINT('',(2.790539056552E2,1.006714795388E1,9.427197313062E0));
#4124=DIRECTION('',(0.E0,9.985063788017E-1,5.463525869255E-2));
#4125=VECTOR('',#4124,1.E0);
#4126=SURFACE_OF_LINEAR_EXTRUSION('',#4123,#4125);
#4127=ORIENTED_EDGE('',*,*,#2132,.F.);
#4129=ORIENTED_EDGE('',*,*,#4128,.T.);
#4130=ORIENTED_EDGE('',*,*,#3667,.T.);
#4131=ORIENTED_EDGE('',*,*,#4108,.F.);
#4132=EDGE_LOOP('',(#4127,#4129,#4130,#4131));
#4133=FACE_OUTER_BOUND('',#4132,.F.);
#4134=ADVANCED_FACE('',(#4133),#4126,.F.);
#4135=CARTESIAN_POINT('',(2.825529519806E2,1.018279780577E1,7.313596726490E0));
#4136=DIRECTION('',(-4.906037992603E-1,4.760822244154E-2,-8.700812429350E-1));
#4137=DIRECTION('',(-8.713827586952E-1,-2.680426548813E-2,4.898710230258E-1));
#4138=AXIS2_PLACEMENT_3D('',#4135,#4136,#4137);
#4139=PLANE('',#4138);
#4140=ORIENTED_EDGE('',*,*,#2130,.F.);
#4142=ORIENTED_EDGE('',*,*,#4141,.T.);
#4143=ORIENTED_EDGE('',*,*,#3669,.T.);
#4144=ORIENTED_EDGE('',*,*,#4128,.F.);
#4145=EDGE_LOOP('',(#4140,#4142,#4143,#4144));
#4146=FACE_OUTER_BOUND('',#4145,.F.);
#4147=ADVANCED_FACE('',(#4146),#4139,.F.);
#4148=CARTESIAN_POINT('',(2.826772196725E2,1.017073719942E1,7.534014688434E0));
#4149=DIRECTION('',(0.E0,9.985063788017E-1,5.463525869255E-2));
#4150=DIRECTION('',(-1.E0,0.E0,0.E0));
#4151=AXIS2_PLACEMENT_3D('',#4148,#4149,#4150);
#4152=CYLINDRICAL_SURFACE('',#4151,2.533215216841E-1);
#4153=ORIENTED_EDGE('',*,*,#2128,.F.);
#4155=ORIENTED_EDGE('',*,*,#4154,.T.);
#4156=ORIENTED_EDGE('',*,*,#3671,.T.);
#4157=ORIENTED_EDGE('',*,*,#4141,.F.);
#4158=EDGE_LOOP('',(#4153,#4155,#4156,#4157));
#4159=FACE_OUTER_BOUND('',#4158,.F.);
#4160=ADVANCED_FACE('',(#4159),#4152,.F.);
#4161=CARTESIAN_POINT('',(2.861917187260E2,1.007827548292E1,9.223832142135E0));
#4162=DIRECTION('',(4.913879161931E-1,4.758407712821E-2,-8.696399665512E-1));
#4163=DIRECTION('',(-8.709408222258E-1,2.684710591960E-2,-4.906539687849E-1));
#4164=AXIS2_PLACEMENT_3D('',#4161,#4162,#4163);
#4165=PLANE('',#4164);
#4166=ORIENTED_EDGE('',*,*,#2126,.F.);
#4168=ORIENTED_EDGE('',*,*,#4167,.T.);
#4169=ORIENTED_EDGE('',*,*,#3673,.T.);
#4170=ORIENTED_EDGE('',*,*,#4154,.F.);
#4171=EDGE_LOOP('',(#4166,#4168,#4169,#4170));
#4172=FACE_OUTER_BOUND('',#4171,.F.);
#4173=ADVANCED_FACE('',(#4172),#4165,.F.);
#4174=CARTESIAN_POINT('',(2.863168497229E2,1.006643394850E1,9.440246375964E0));
#4175=CARTESIAN_POINT('',(2.863168823208E2,1.006652721331E1,9.438541881226E0));
#4176=CARTESIAN_POINT('',(2.863171330702E2,1.006820789657E1,9.407825948037E0));
#4177=CARTESIAN_POINT('',(2.863061894863E2,1.007142318199E1,9.349063839588E0));
#4178=CARTESIAN_POINT('',(2.862616861795E2,1.007550745636E1,9.274420210045E0));
#4179=CARTESIAN_POINT('',(2.862154997503E2,1.007756094584E1,9.236890922175E0));
#4180=CARTESIAN_POINT('',(2.861887335102E2,1.007836640672E1,9.222170431434E0));
#4181=CARTESIAN_POINT('',(2.861872297308E2,1.007841056650E1,9.221363373337E0));
#4183=DIRECTION('',(0.E0,9.985063788017E-1,5.463525869255E-2));
#4184=VECTOR('',#4183,1.E0);
#4185=SURFACE_OF_LINEAR_EXTRUSION('',#4182,#4184);
#4186=ORIENTED_EDGE('',*,*,#2124,.F.);
#4187=ORIENTED_EDGE('',*,*,#3741,.T.);
#4188=ORIENTED_EDGE('',*,*,#3675,.T.);
#4189=ORIENTED_EDGE('',*,*,#4167,.F.);
#4190=EDGE_LOOP('',(#4186,#4187,#4188,#4189));
#4191=FACE_OUTER_BOUND('',#4190,.F.);
#4192=ADVANCED_FACE('',(#4191),#4185,.F.);
#4193=CARTESIAN_POINT('',(2.834083112986E2,9.635193850381E0,1.732153035028E1));
#4194=DIRECTION('',(1.E0,1.270456611584E-13,-2.321868809657E-12));
#4195=DIRECTION('',(-2.325341989746E-12,5.463525869255E-2,-9.985063788017E-1));
#4196=AXIS2_PLACEMENT_3D('',#4193,#4194,#4195);
#4197=PLANE('',#4196);
#4198=ORIENTED_EDGE('',*,*,#2184,.F.);
#4200=ORIENTED_EDGE('',*,*,#4199,.T.);
#4201=ORIENTED_EDGE('',*,*,#3695,.T.);
#4203=ORIENTED_EDGE('',*,*,#4202,.F.);
#4204=EDGE_LOOP('',(#4198,#4200,#4201,#4203));
#4205=FACE_OUTER_BOUND('',#4204,.F.);
#4206=ADVANCED_FACE('',(#4205),#4197,.F.);
#4207=CARTESIAN_POINT('',(2.835374226735E2,9.623475781190E0,1.753568815084E1));
#4208=CARTESIAN_POINT('',(2.835359209541E2,9.623520189808E0,1.753487654513E1));
#4209=CARTESIAN_POINT('',(2.835091896442E2,9.624330135820E0,1.752007408460E1));
#4210=CARTESIAN_POINT('',(2.834630934407E2,9.626390723279E0,1.748241507518E1));
#4211=CARTESIAN_POINT('',(2.834187766726E2,9.630482286793E0,1.740763823024E1));
#4212=CARTESIAN_POINT('',(2.834079959243E2,9.633699743103E0,1.734883644681E1));
#4213=CARTESIAN_POINT('',(2.834083298034E2,9.635380618679E0,1.731811699887E1));
#4214=CARTESIAN_POINT('',(2.834083670104E2,9.635473897261E0,1.731641225249E1));
#4216=DIRECTION('',(0.E0,9.985063788017E-1,5.463525869255E-2));
#4217=VECTOR('',#4216,1.E0);
#4218=SURFACE_OF_LINEAR_EXTRUSION('',#4215,#4217);
#4219=ORIENTED_EDGE('',*,*,#2206,.F.);
#4221=ORIENTED_EDGE('',*,*,#4220,.T.);
#4222=ORIENTED_EDGE('',*,*,#3697,.T.);
#4223=ORIENTED_EDGE('',*,*,#4199,.F.);
#4224=EDGE_LOOP('',(#4219,#4221,#4222,#4223));
#4225=FACE_OUTER_BOUND('',#4224,.F.);
#4226=ADVANCED_FACE('',(#4225),#4218,.F.);
#4227=CARTESIAN_POINT('',(2.845876531690E2,9.591099699549E0,1.812738890988E1));
#4228=DIRECTION('',(4.913872287295E-1,4.758409831954E-2,-8.696403538410E-1));
#4229=DIRECTION('',(-8.709412100949E-1,2.684706835985E-2,-4.906532823481E-1));
#4230=AXIS2_PLACEMENT_3D('',#4227,#4228,#4229);
#4231=PLANE('',#4230);
#4232=ORIENTED_EDGE('',*,*,#2204,.F.);
#4234=ORIENTED_EDGE('',*,*,#4233,.T.);
#4235=ORIENTED_EDGE('',*,*,#3699,.T.);
#4236=ORIENTED_EDGE('',*,*,#4220,.F.);
#4237=EDGE_LOOP('',(#4232,#4234,#4235,#4236));
#4238=FACE_OUTER_BOUND('',#4237,.F.);
#4239=ADVANCED_FACE('',(#4238),#4231,.F.);
#4240=CARTESIAN_POINT('',(2.838788381061E2,9.533789296528E0,1.917478585386E1));
#4241=CARTESIAN_POINT('',(2.838741657500E2,9.530434160501E0,1.923610385262E1));
#4242=CARTESIAN_POINT('',(2.838739442475E2,9.517339063777E0,1.947542801659E1));
#4243=CARTESIAN_POINT('',(2.839888422513E2,9.494871465940E0,1.988604270560E1));
#4244=CARTESIAN_POINT('',(2.843395538835E2,9.472733641938E0,2.029063049392E1));
#4245=CARTESIAN_POINT('',(2.848107321810E2,9.459412063724E0,2.053409380205E1));
#4246=CARTESIAN_POINT('',(2.853416097313E2,9.457010959262E0,2.057797605281E1));
#4247=CARTESIAN_POINT('',(2.858460776104E2,9.465687984382E0,2.041939595016E1));
#4248=CARTESIAN_POINT('',(2.862456290259E2,9.484175592950E0,2.008151899075E1));
#4249=CARTESIAN_POINT('',(2.864813931456E2,9.509247861740E0,1.962330169816E1));
#4250=CARTESIAN_POINT('',(2.865229201454E2,9.537078380704E0,1.911467500953E1));
#4251=CARTESIAN_POINT('',(2.863616598859E2,9.563202961726E0,1.863722580515E1));
#4252=CARTESIAN_POINT('',(2.860389967626E2,9.584226383772E0,1.825300467178E1));
#4253=CARTESIAN_POINT('',(2.855916190403E2,9.597335108621E0,1.801343144209E1));
#4254=CARTESIAN_POINT('',(2.850789316393E2,9.600336002527E0,1.795858752300E1));
#4255=CARTESIAN_POINT('',(2.846795811631E2,9.594415398460E0,1.806679165836E1));
#4256=CARTESIAN_POINT('',(2.844791894580E2,9.587829537577E0,1.818715393465E1));
#4257=CARTESIAN_POINT('',(2.844290514751E2,9.585868506819E0,1.822299345967E1));
#4259=DIRECTION('',(0.E0,9.985063788017E-1,5.463525869255E-2));
#4260=VECTOR('',#4259,1.E0);
#4261=SURFACE_OF_LINEAR_EXTRUSION('',#4258,#4260);
#4262=ORIENTED_EDGE('',*,*,#2202,.F.);
#4264=ORIENTED_EDGE('',*,*,#4263,.T.);
#4265=ORIENTED_EDGE('',*,*,#3701,.T.);
#4266=ORIENTED_EDGE('',*,*,#4233,.F.);
#4267=EDGE_LOOP('',(#4262,#4264,#4265,#4266));
#4268=FACE_OUTER_BOUND('',#4267,.F.);
#4269=ADVANCED_FACE('',(#4268),#4261,.F.);
#4270=CARTESIAN_POINT('',(2.820794387765E2,9.578960700944E0,1.834923955778E1));
#4271=DIRECTION('',(-4.905964915998E-1,-4.760844722743E-2,8.700853510907E-1));
#4272=DIRECTION('',(8.713868729961E-1,-2.680386623221E-2,4.898637262801E-1));
#4273=AXIS2_PLACEMENT_3D('',#4270,#4271,#4272);
#4274=PLANE('',#4273);
#4275=ORIENTED_EDGE('',*,*,#2200,.F.);
#4277=ORIENTED_EDGE('',*,*,#4276,.T.);
#4278=ORIENTED_EDGE('',*,*,#3703,.T.);
#4279=ORIENTED_EDGE('',*,*,#4263,.F.);
#4280=EDGE_LOOP('',(#4275,#4277,#4278,#4279));
#4281=FACE_OUTER_BOUND('',#4280,.F.);
#4282=ADVANCED_FACE('',(#4281),#4274,.F.);
#4283=CARTESIAN_POINT('',(2.819540836292E2,9.590879819870E0,1.813140740027E1));
#4284=CARTESIAN_POINT('',(2.819540424276E2,9.590786026842E0,1.813312154860E1));
#4285=CARTESIAN_POINT('',(2.819536379268E2,9.589110307405E0,1.816374676364E1));
#4286=CARTESIAN_POINT('',(2.819640764134E2,9.585885877880E0,1.822267598858E1));
#4287=CARTESIAN_POINT('',(2.820087291186E2,9.581772475846E0,1.829785195128E1));
#4288=CARTESIAN_POINT('',(2.820552508130E2,9.579685542097E0,1.833599246183E1));
#4289=CARTESIAN_POINT('',(2.820824433681E2,9.578869402860E0,1.835090810886E1));
#4290=CARTESIAN_POINT('',(2.820839572698E2,9.578825089252E0,1.835171797819E1));
#4292=DIRECTION('',(0.E0,9.985063788017E-1,5.463525869255E-2));
#4293=VECTOR('',#4292,1.E0);
#4294=SURFACE_OF_LINEAR_EXTRUSION('',#4291,#4293);
#4295=ORIENTED_EDGE('',*,*,#2198,.F.);
#4297=ORIENTED_EDGE('',*,*,#4296,.T.);
#4298=ORIENTED_EDGE('',*,*,#3705,.T.);
#4299=ORIENTED_EDGE('',*,*,#4276,.F.);
#4300=EDGE_LOOP('',(#4295,#4297,#4298,#4299));
#4301=FACE_OUTER_BOUND('',#4300,.F.);
#4302=ADVANCED_FACE('',(#4301),#4294,.F.);
#4303=CARTESIAN_POINT('',(2.819540156004E2,9.977519531365E0,1.106523388038E1));
#4304=DIRECTION('',(-1.E0,7.411228989409E-14,-1.354465888471E-12));
#4305=DIRECTION('',(-1.356491973638E-12,-5.463525869255E-2,9.985063788017E-1));
#4306=AXIS2_PLACEMENT_3D('',#4303,#4304,#4305);
#4307=PLANE('',#4306);
#4308=ORIENTED_EDGE('',*,*,#2196,.F.);
#4310=ORIENTED_EDGE('',*,*,#4309,.T.);
#4311=ORIENTED_EDGE('',*,*,#3707,.T.);
#4312=ORIENTED_EDGE('',*,*,#4296,.F.);
#4313=EDGE_LOOP('',(#4308,#4310,#4311,#4312));
#4314=FACE_OUTER_BOUND('',#4313,.F.);
#4315=ADVANCED_FACE('',(#4314),#4307,.F.);
#4316=CARTESIAN_POINT('',(2.820835542035E2,9.989246413183E0,1.085091502149E1));
#4317=CARTESIAN_POINT('',(2.820820480894E2,9.989202131617E0,1.085172430520E1));
#4318=CARTESIAN_POINT('',(2.820552379805E2,9.988394360159E0,1.086648702387E1));
#4319=CARTESIAN_POINT('',(2.820089940183E2,9.986334859049E0,1.090412617933E1));
#4320=CARTESIAN_POINT('',(2.819645237584E2,9.982238961304E0,1.097898223610E1));
#4321=CARTESIAN_POINT('',(2.819536989195E2,9.979016200536E0,1.103788096306E1));
#4322=CARTESIAN_POINT('',(2.819540341812E2,9.977332460111E0,1.106865276857E1));
#4323=CARTESIAN_POINT('',(2.819540715392E2,9.977239030543E0,1.107036027433E1));
#4325=DIRECTION('',(0.E0,9.985063788017E-1,5.463525869255E-2));
#4326=VECTOR('',#4325,1.E0);
#4327=SURFACE_OF_LINEAR_EXTRUSION('',#4324,#4326);
#4328=ORIENTED_EDGE('',*,*,#2194,.F.);
#4330=ORIENTED_EDGE('',*,*,#4329,.T.);
#4331=ORIENTED_EDGE('',*,*,#3709,.T.);
#4332=ORIENTED_EDGE('',*,*,#4309,.F.);
#4333=EDGE_LOOP('',(#4328,#4330,#4331,#4332));
#4334=FACE_OUTER_BOUND('',#4333,.F.);
#4335=ADVANCED_FACE('',(#4334),#4327,.F.);
#4336=CARTESIAN_POINT('',(2.825494303278E2,1.000360902476E1,1.058842593256E1));
#4337=DIRECTION('',(-4.913534582321E-1,4.758513925981E-2,-8.696593779205E-1));
#4338=DIRECTION('',(-8.709602626317E-1,-2.684522329999E-2,4.906195622910E-1));
#4339=AXIS2_PLACEMENT_3D('',#4336,#4337,#4338);
#4340=PLANE('',#4339);
#4341=ORIENTED_EDGE('',*,*,#2192,.F.);
#4343=ORIENTED_EDGE('',*,*,#4342,.T.);
#4344=ORIENTED_EDGE('',*,*,#3711,.T.);
#4345=ORIENTED_EDGE('',*,*,#4329,.F.);
#4346=EDGE_LOOP('',(#4341,#4343,#4344,#4345));
#4347=FACE_OUTER_BOUND('',#4346,.F.);
#4348=ADVANCED_FACE('',(#4347),#4340,.F.);
#4349=CARTESIAN_POINT('',(2.826740276538E2,9.991555498735E0,1.080871449552E1));
#4350=DIRECTION('',(0.E0,9.985063788017E-1,5.463525869255E-2));
#4351=DIRECTION('',(-1.E0,0.E0,0.E0));
#4352=AXIS2_PLACEMENT_3D('',#4349,#4350,#4351);
#4353=CYLINDRICAL_SURFACE('',#4352,2.533704503510E-1);
#4354=ORIENTED_EDGE('',*,*,#2190,.F.);
#4356=ORIENTED_EDGE('',*,*,#4355,.T.);
#4357=ORIENTED_EDGE('',*,*,#3713,.T.);
#4358=ORIENTED_EDGE('',*,*,#4342,.F.);
#4359=EDGE_LOOP('',(#4354,#4356,#4357,#4358));
#4360=FACE_OUTER_BOUND('',#4359,.F.);
#4361=ADVANCED_FACE('',(#4360),#4353,.F.);
#4362=CARTESIAN_POINT('',(2.832831002340E2,9.988677607433E0,1.086131043615E1));
#4363=DIRECTION('',(4.913183057757E-1,4.758622269735E-2,-8.696791786740E-1));
#4364=DIRECTION('',(-8.709800930043E-1,2.684330273644E-2,-4.905844623391E-1));
#4365=AXIS2_PLACEMENT_3D('',#4362,#4363,#4364);
#4366=PLANE('',#4365);
#4367=ORIENTED_EDGE('',*,*,#2188,.F.);
#4369=ORIENTED_EDGE('',*,*,#4368,.T.);
#4370=ORIENTED_EDGE('',*,*,#3715,.T.);
#4371=ORIENTED_EDGE('',*,*,#4355,.F.);
#4372=EDGE_LOOP('',(#4367,#4369,#4370,#4371));
#4373=FACE_OUTER_BOUND('',#4372,.F.);
#4374=ADVANCED_FACE('',(#4373),#4366,.F.);
#4375=CARTESIAN_POINT('',(2.834082641148E2,9.976819231049E0,1.107803247142E1));
#4376=CARTESIAN_POINT('',(2.834082982523E2,9.976912592702E0,1.107632620685E1));
#4377=CARTESIAN_POINT('',(2.834085785943E2,9.978579888587E0,1.104585493947E1));
#4378=CARTESIAN_POINT('',(2.833979807256E2,9.981786338532E0,1.098725430683E1));
#4379=CARTESIAN_POINT('',(2.833534285675E2,9.985875474059E0,1.091252183544E1));
#4380=CARTESIAN_POINT('',(2.833071569677E2,9.987954281370E0,1.087452984254E1));
#4381=CARTESIAN_POINT('',(2.832801120808E2,9.988768703290E0,1.085964558095E1));
#4382=CARTESIAN_POINT('',(2.832786064447E2,9.988812928627E0,1.085883732485E1));
#4384=DIRECTION('',(0.E0,9.985063788017E-1,5.463525869255E-2));
#4385=VECTOR('',#4384,1.E0);
#4386=SURFACE_OF_LINEAR_EXTRUSION('',#4383,#4385);
#4387=ORIENTED_EDGE('',*,*,#2186,.F.);
#4388=ORIENTED_EDGE('',*,*,#4202,.T.);
#4389=ORIENTED_EDGE('',*,*,#3717,.T.);
#4390=ORIENTED_EDGE('',*,*,#4368,.F.);
#4391=EDGE_LOOP('',(#4387,#4388,#4389,#4390));
#4392=FACE_OUTER_BOUND('',#4391,.F.);
#4393=ADVANCED_FACE('',(#4392),#4386,.F.);
#4394=CARTESIAN_POINT('',(2.912347931553E2,1.003527034450E1,1.000978806253E1));
#4395=CARTESIAN_POINT('',(2.912893430110E2,1.003689394330E1,9.980115397012E0));
#4396=CARTESIAN_POINT('',(2.914251946501E2,1.003866976873E1,9.947660658731E0));
#4397=CARTESIAN_POINT('',(2.916465719159E2,1.003588948879E1,9.998472667634E0));
#4398=CARTESIAN_POINT('',(2.918273213472E2,1.002696703438E1,1.016153820181E1));
#4399=CARTESIAN_POINT('',(2.919047126512E2,1.001401019519E1,1.039833559030E1));
#4400=CARTESIAN_POINT('',(2.918521242771E2,1.000077092222E1,1.064029469927E1));
#4401=CARTESIAN_POINT('',(2.916899157688E2,9.990908614272E0,1.082053686588E1));
#4402=CARTESIAN_POINT('',(2.914770961614E2,9.986676087600E0,1.089788993387E1));
#4403=CARTESIAN_POINT('',(2.913376798673E2,9.987757597987E0,1.087812440066E1));
#4404=CARTESIAN_POINT('',(2.912807537684E2,9.989146617782E0,1.085273886834E1));
#4406=DIRECTION('',(0.E0,9.985063788017E-1,5.463525869255E-2));
#4407=VECTOR('',#4406,1.E0);
#4408=SURFACE_OF_LINEAR_EXTRUSION('',#4405,#4407);
#4409=ORIENTED_EDGE('',*,*,#2216,.F.);
#4411=ORIENTED_EDGE('',*,*,#4410,.T.);
#4412=ORIENTED_EDGE('',*,*,#3679,.T.);
#4414=ORIENTED_EDGE('',*,*,#4413,.F.);
#4415=EDGE_LOOP('',(#4409,#4411,#4412,#4414));
#4416=FACE_OUTER_BOUND('',#4415,.F.);
#4417=ADVANCED_FACE('',(#4416),#4408,.F.);
#4418=CARTESIAN_POINT('',(2.913678874946E2,1.003770599512E1,9.965274451022E0));
#4419=CARTESIAN_POINT('',(2.913681937926E2,1.003770739464E1,9.965248873466E0));
#4420=CARTESIAN_POINT('',(2.913838168397E2,1.003777765922E1,9.963964727869E0));
#4421=CARTESIAN_POINT('',(2.913998394421E2,1.003779201887E1,9.963702292829E0));
#4422=CARTESIAN_POINT('',(2.914155116540E2,1.003777465773E1,9.964019582669E0));
#4423=CARTESIAN_POINT('',(2.914158189350E2,1.003777430542E1,9.964026021507E0));
#4425=DIRECTION('',(0.E0,9.985063788017E-1,5.463525869255E-2));
#4426=VECTOR('',#4425,1.E0);
#4427=SURFACE_OF_LINEAR_EXTRUSION('',#4424,#4426);
#4428=ORIENTED_EDGE('',*,*,#2222,.F.);
#4430=ORIENTED_EDGE('',*,*,#4429,.T.);
#4431=ORIENTED_EDGE('',*,*,#3681,.T.);
#4432=ORIENTED_EDGE('',*,*,#4410,.F.);
#4433=EDGE_LOOP('',(#4428,#4430,#4431,#4432));
#4434=FACE_OUTER_BOUND('',#4433,.F.);
#4435=ADVANCED_FACE('',(#4434),#4427,.F.);
#4436=CARTESIAN_POINT('',(2.915953213739E2,9.990157321520E0,1.083426738757E1));
#4437=CARTESIAN_POINT('',(2.915402837986E2,9.988394776733E0,1.086647941064E1));
#4438=CARTESIAN_POINT('',(2.914025914480E2,9.986508768347E0,1.090094783723E1));
#4439=CARTESIAN_POINT('',(2.911801409618E2,9.989565987999E0,1.084507451665E1));
#4440=CARTESIAN_POINT('',(2.910006708490E2,9.998560554557E0,1.068069107091E1));
#4441=CARTESIAN_POINT('',(2.909263240703E2,1.001133985086E1,1.044713843147E1));
#4442=CARTESIAN_POINT('',(2.909767621620E2,1.002443536463E1,1.020780664569E1));
#4443=CARTESIAN_POINT('',(2.911373979684E2,1.003442863985E1,1.002517093937E1));
#4444=CARTESIAN_POINT('',(2.913531084671E2,1.003853398051E1,9.950142305323E0));
#4445=CARTESIAN_POINT('',(2.914918054089E2,1.003754091759E1,9.968291384966E0));
#4446=CARTESIAN_POINT('',(2.915478269383E2,1.003628464104E1,9.991250920139E0));
#4448=DIRECTION('',(0.E0,9.985063788017E-1,5.463525869255E-2));
#4449=VECTOR('',#4448,1.E0);
#4450=SURFACE_OF_LINEAR_EXTRUSION('',#4447,#4449);
#4451=ORIENTED_EDGE('',*,*,#2220,.F.);
#4453=ORIENTED_EDGE('',*,*,#4452,.T.);
#4454=ORIENTED_EDGE('',*,*,#3683,.T.);
#4455=ORIENTED_EDGE('',*,*,#4429,.F.);
#4456=EDGE_LOOP('',(#4451,#4453,#4454,#4455));
#4457=FACE_OUTER_BOUND('',#4456,.F.);
#4458=ADVANCED_FACE('',(#4457),#4450,.F.);
#4459=CARTESIAN_POINT('',(2.914621804130E2,9.987553625294E0,1.088185217719E1));
#4460=CARTESIAN_POINT('',(2.914618725419E2,9.987552223914E0,1.088187778860E1));
#4461=CARTESIAN_POINT('',(2.914461693431E2,9.987481695849E0,1.088316674970E1));
#4462=CARTESIAN_POINT('',(2.914300687424E2,9.987458628222E0,1.088358833044E1));
#4463=CARTESIAN_POINT('',(2.914143160411E2,9.987476308600E0,1.088326520631E1));
#4464=CARTESIAN_POINT('',(2.914140071803E2,9.987476670712E0,1.088325858841E1));
#4466=DIRECTION('',(0.E0,9.985063788017E-1,5.463525869255E-2));
#4467=VECTOR('',#4466,1.E0);
#4468=SURFACE_OF_LINEAR_EXTRUSION('',#4465,#4467);
#4469=ORIENTED_EDGE('',*,*,#2218,.F.);
#4470=ORIENTED_EDGE('',*,*,#4413,.T.);
#4471=ORIENTED_EDGE('',*,*,#3685,.T.);
#4472=ORIENTED_EDGE('',*,*,#4452,.F.);
#4473=EDGE_LOOP('',(#4469,#4470,#4471,#4472));
#4474=FACE_OUTER_BOUND('',#4473,.F.);
#4475=ADVANCED_FACE('',(#4474),#4468,.F.);
#4476=CARTESIAN_POINT('',(2.886794211861E2,9.766928095077E0,1.491397364086E1));
#4477=CARTESIAN_POINT('',(2.886243801196E2,9.765165624774E0,1.494618430266E1));
#4478=CARTESIAN_POINT('',(2.884866820247E2,9.763280067199E0,1.498064449031E1));
#4479=CARTESIAN_POINT('',(2.882642139722E2,9.766338964146E0,1.492474051572E1));
#4480=CARTESIAN_POINT('',(2.880847497119E2,9.775336319508E0,1.476030610219E1));
#4481=CARTESIAN_POINT('',(2.880104540200E2,9.788117980821E0,1.452671024013E1));
#4482=CARTESIAN_POINT('',(2.880609571650E2,9.801213105984E0,1.428738555641E1));
#4483=CARTESIAN_POINT('',(2.882216449817E2,9.811203869726E0,1.410479574968E1));
#4484=CARTESIAN_POINT('',(2.884373703924E2,9.815305691806E0,1.402983142061E1));
#4485=CARTESIAN_POINT('',(2.885760561811E2,9.814310811617E0,1.404801371238E1));
#4486=CARTESIAN_POINT('',(2.886320712575E2,9.813053874456E0,1.407098532088E1));
#4488=DIRECTION('',(0.E0,9.985063788017E-1,5.463525869255E-2));
#4489=VECTOR('',#4488,1.E0);
#4490=SURFACE_OF_LINEAR_EXTRUSION('',#4487,#4489);
#4491=ORIENTED_EDGE('',*,*,#2232,.F.);
#4493=ORIENTED_EDGE('',*,*,#4492,.T.);
#4494=ORIENTED_EDGE('',*,*,#3601,.T.);
#4496=ORIENTED_EDGE('',*,*,#4495,.F.);
#4497=EDGE_LOOP('',(#4491,#4493,#4494,#4496));
#4498=FACE_OUTER_BOUND('',#4497,.F.);
#4499=ADVANCED_FACE('',(#4498),#4490,.F.);
#4500=CARTESIAN_POINT('',(2.885463173013E2,9.764324724097E0,1.496155248632E1));
#4501=CARTESIAN_POINT('',(2.885460091594E2,9.764323321312E0,1.496157812343E1));
#4502=CARTESIAN_POINT('',(2.885302921483E2,9.764252727484E0,1.496286828641E1));
#4503=CARTESIAN_POINT('',(2.885141771796E2,9.764229892293E0,1.496328561917E1));
#4504=CARTESIAN_POINT('',(2.884984106526E2,9.764247662085E0,1.496296086092E1));
#4505=CARTESIAN_POINT('',(2.884981015208E2,9.764248025893E0,1.496295421201E1));
#4507=DIRECTION('',(0.E0,9.985063788017E-1,5.463525869255E-2));
#4508=VECTOR('',#4507,1.E0);
#4509=SURFACE_OF_LINEAR_EXTRUSION('',#4506,#4508);
#4510=ORIENTED_EDGE('',*,*,#2238,.F.);
#4512=ORIENTED_EDGE('',*,*,#4511,.T.);
#4513=ORIENTED_EDGE('',*,*,#3603,.T.);
#4514=ORIENTED_EDGE('',*,*,#4492,.F.);
#4515=EDGE_LOOP('',(#4510,#4512,#4513,#4514));
#4516=FACE_OUTER_BOUND('',#4515,.F.);
#4517=ADVANCED_FACE('',(#4516),#4509,.F.);
#4518=CARTESIAN_POINT('',(2.883188589115E2,9.812039968976E0,1.408951531622E1));
#4519=CARTESIAN_POINT('',(2.883734042335E2,9.813664018137E0,1.405983441995E1));
#4520=CARTESIAN_POINT('',(2.885092411533E2,9.815440945335E0,1.402735954594E1));
#4521=CARTESIAN_POINT('',(2.887306203400E2,9.812663232579E0,1.407812463742E1));
#4522=CARTESIAN_POINT('',(2.889114124760E2,9.803742669755E0,1.424115560122E1));
#4523=CARTESIAN_POINT('',(2.889888535056E2,9.790784888324E0,1.447797021002E1));
#4524=CARTESIAN_POINT('',(2.889362850588E2,9.777545043147E0,1.471993977656E1));
#4525=CARTESIAN_POINT('',(2.887740907930E2,9.767681087819E0,1.490021205039E1));
#4526=CARTESIAN_POINT('',(2.885612618016E2,9.763446880499E0,1.497759583366E1));
#4527=CARTESIAN_POINT('',(2.884218167816E2,9.764528759111E0,1.495782357083E1));
#4528=CARTESIAN_POINT('',(2.883648917016E2,9.765917977347E0,1.493243441183E1));
#4530=DIRECTION('',(0.E0,9.985063788017E-1,5.463525869255E-2));
#4531=VECTOR('',#4530,1.E0);
#4532=SURFACE_OF_LINEAR_EXTRUSION('',#4529,#4531);
#4533=ORIENTED_EDGE('',*,*,#2236,.F.);
#4535=ORIENTED_EDGE('',*,*,#4534,.T.);
#4536=ORIENTED_EDGE('',*,*,#3605,.T.);
#4537=ORIENTED_EDGE('',*,*,#4511,.F.);
#4538=EDGE_LOOP('',(#4533,#4535,#4536,#4537));
#4539=FACE_OUTER_BOUND('',#4538,.F.);
#4540=ADVANCED_FACE('',(#4539),#4532,.F.);
#4541=CARTESIAN_POINT('',(2.884521430251E2,9.814477605290E0,1.404496541445E1));
#4542=CARTESIAN_POINT('',(2.884524480457E2,9.814478994515E0,1.404494002517E1));
#4543=CARTESIAN_POINT('',(2.884680059199E2,9.814548742609E0,1.404366531872E1));
#4544=CARTESIAN_POINT('',(2.884839610002E2,9.814563034650E0,1.404340411936E1));
#4545=CARTESIAN_POINT('',(2.884995675552E2,9.814545889417E0,1.404371746325E1));
#4546=CARTESIAN_POINT('',(2.884998735490E2,9.814545541444E0,1.404372382276E1));
#4548=DIRECTION('',(0.E0,9.985063788017E-1,5.463525869255E-2));
#4549=VECTOR('',#4548,1.E0);
#4550=SURFACE_OF_LINEAR_EXTRUSION('',#4547,#4549);
#4551=ORIENTED_EDGE('',*,*,#2234,.F.);
#4552=ORIENTED_EDGE('',*,*,#4495,.T.);
#4553=ORIENTED_EDGE('',*,*,#3607,.T.);
#4554=ORIENTED_EDGE('',*,*,#4534,.F.);
#4555=EDGE_LOOP('',(#4551,#4552,#4553,#4554));
#4556=FACE_OUTER_BOUND('',#4555,.F.);
#4557=ADVANCED_FACE('',(#4556),#4550,.F.);
#4558=CARTESIAN_POINT('',(2.853671178813E2,9.506080394025E0,1.968118989699E1));
#4559=CARTESIAN_POINT('',(2.853120762590E2,9.504318486290E0,1.971339027736E1));
#4560=CARTESIAN_POINT('',(2.851743715108E2,9.502433486453E0,1.974784027186E1));
#4561=CARTESIAN_POINT('',(2.849518916722E2,9.505492709375E0,1.969193033981E1));
#4562=CARTESIAN_POINT('',(2.847724283591E2,9.514491420878E0,1.952747114162E1));
#4563=CARTESIAN_POINT('',(2.846981453965E2,9.527273910459E0,1.929386014227E1));
#4564=CARTESIAN_POINT('',(2.847486659590E2,9.540369327176E0,1.905453013014E1));
#4565=CARTESIAN_POINT('',(2.849093693521E2,9.550359860707E0,1.887194453071E1));
#4566=CARTESIAN_POINT('',(2.851251020119E2,9.554461139412E0,1.879699013230E1));
#4567=CARTESIAN_POINT('',(2.852637884260E2,9.553466022726E0,1.881517674624E1));
#4568=CARTESIAN_POINT('',(2.853198029865E2,9.552209058506E0,1.883814884929E1));
#4570=DIRECTION('',(0.E0,9.985063788017E-1,5.463525869255E-2));
#4571=VECTOR('',#4570,1.E0);
#4572=SURFACE_OF_LINEAR_EXTRUSION('',#4569,#4571);
#4573=ORIENTED_EDGE('',*,*,#2248,.F.);
#4575=ORIENTED_EDGE('',*,*,#4574,.T.);
#4576=ORIENTED_EDGE('',*,*,#3721,.T.);
#4578=ORIENTED_EDGE('',*,*,#4577,.F.);
#4579=EDGE_LOOP('',(#4573,#4575,#4576,#4578));
#4580=FACE_OUTER_BOUND('',#4579,.F.);
#4581=ADVANCED_FACE('',(#4580),#4572,.F.);
#4582=CARTESIAN_POINT('',(2.852339665054E2,9.503477931885E0,1.972875213261E1));
#4583=CARTESIAN_POINT('',(2.852336586591E2,9.503476531332E0,1.972877772892E1));
#4584=CARTESIAN_POINT('',(2.852179567289E2,9.503406049793E0,1.973006583971E1));
#4585=CARTESIAN_POINT('',(2.852018573678E2,9.503383247192E0,1.973048257687E1));
#4586=CARTESIAN_POINT('',(2.851861060195E2,9.503400955826E0,1.973015893635E1));
#4587=CARTESIAN_POINT('',(2.851857971853E2,9.503401318399E0,1.973015231002E1));
#4589=DIRECTION('',(0.E0,9.985063788017E-1,5.463525869255E-2));
#4590=VECTOR('',#4589,1.E0);
#4591=SURFACE_OF_LINEAR_EXTRUSION('',#4588,#4590);
#4592=ORIENTED_EDGE('',*,*,#2254,.F.);
#4594=ORIENTED_EDGE('',*,*,#4593,.T.);
#4595=ORIENTED_EDGE('',*,*,#3723,.T.);
#4596=ORIENTED_EDGE('',*,*,#4574,.F.);
#4597=EDGE_LOOP('',(#4592,#4594,#4595,#4596));
#4598=FACE_OUTER_BOUND('',#4597,.F.);
#4599=ADVANCED_FACE('',(#4598),#4591,.F.);
#4600=CARTESIAN_POINT('',(2.850065520733E2,9.551195995229E0,1.885666345264E1));
#4601=CARTESIAN_POINT('',(2.850610995441E2,9.552819822672E0,1.882698660844E1));
#4602=CARTESIAN_POINT('',(2.851969435815E2,9.554596355938E0,1.879451893389E1));
#4603=CARTESIAN_POINT('',(2.854183279581E2,9.551817808648E0,1.884529927718E1));
#4604=CARTESIAN_POINT('',(2.855991158183E2,9.542896345436E0,1.900834669637E1));
#4605=CARTESIAN_POINT('',(2.856765471143E2,9.529938168724E0,1.924516852927E1));
#4606=CARTESIAN_POINT('',(2.856239690849E2,9.516697816031E0,1.948714737109E1));
#4607=CARTESIAN_POINT('',(2.854617579122E2,9.506833508051E0,1.966742608993E1));
#4608=CARTESIAN_POINT('',(2.852489120958E2,9.502600216656E0,1.974479313389E1));
#4609=CARTESIAN_POINT('',(2.851094685117E2,9.503682175248E0,1.972501940934E1));
#4610=CARTESIAN_POINT('',(2.850525465886E2,9.505071109241E0,1.969963544513E1));
#4612=DIRECTION('',(0.E0,9.985063788017E-1,5.463525869255E-2));
#4613=VECTOR('',#4612,1.E0);
#4614=SURFACE_OF_LINEAR_EXTRUSION('',#4611,#4613);
#4615=ORIENTED_EDGE('',*,*,#2252,.F.);
#4617=ORIENTED_EDGE('',*,*,#4616,.T.);
#4618=ORIENTED_EDGE('',*,*,#3725,.T.);
#4619=ORIENTED_EDGE('',*,*,#4593,.F.);
#4620=EDGE_LOOP('',(#4615,#4617,#4618,#4619));
#4621=FACE_OUTER_BOUND('',#4620,.F.);
#4622=ADVANCED_FACE('',(#4621),#4614,.F.);
#4623=CARTESIAN_POINT('',(2.851398760833E2,9.553633063170E0,1.881212393836E1));
#4624=CARTESIAN_POINT('',(2.851401808647E2,9.553634450568E0,1.881209858246E1));
#4625=CARTESIAN_POINT('',(2.851557265354E2,9.553704107191E0,1.881082554773E1));
#4626=CARTESIAN_POINT('',(2.851716689747E2,9.553718394496E0,1.881056443493E1));
#4627=CARTESIAN_POINT('',(2.851872632469E2,9.553701298640E0,1.881087687642E1));
#4628=CARTESIAN_POINT('',(2.851875689999E2,9.553700951655E0,1.881088321786E1));
#4630=DIRECTION('',(0.E0,9.985063788017E-1,5.463525869255E-2));
#4631=VECTOR('',#4630,1.E0);
#4632=SURFACE_OF_LINEAR_EXTRUSION('',#4629,#4631);
#4633=ORIENTED_EDGE('',*,*,#2250,.F.);
#4634=ORIENTED_EDGE('',*,*,#4577,.T.);
#4635=ORIENTED_EDGE('',*,*,#3727,.T.);
#4636=ORIENTED_EDGE('',*,*,#4616,.F.);
#4637=EDGE_LOOP('',(#4633,#4634,#4635,#4636));
#4638=FACE_OUTER_BOUND('',#4637,.F.);
#4639=ADVANCED_FACE('',(#4638),#4632,.F.);
#4643=DIMENSIONAL_EXPONENTS(0.E0,0.E0,0.E0,0.E0,0.E0,0.E0,0.E0);
#4645=PLANE_ANGLE_MEASURE_WITH_UNIT(PLANE_ANGLE_MEASURE(1.745329251994E-2),
#4644);
#4646=(CONVERSION_BASED_UNIT('DEGREE',#4645)NAMED_UNIT(*)PLANE_ANGLE_UNIT());
#4648=UNCERTAINTY_MEASURE_WITH_UNIT(LENGTH_MEASURE(3.089472134922E-2),#4642,
'closure',
'Maximum model space distance between geometric entities at asserted connectivities');
#4649=(GEOMETRIC_REPRESENTATION_CONTEXT(3)GLOBAL_UNCERTAINTY_ASSIGNED_CONTEXT((
#4648))GLOBAL_UNIT_ASSIGNED_CONTEXT((#4642,#4646,#4647))REPRESENTATION_CONTEXT(
'ID1','3'));
#4650=CARTESIAN_POINT('',(0.E0,0.E0,0.E0));
#4651=DIRECTION('',(0.E0,0.E0,1.E0));
#4652=DIRECTION('',(1.E0,0.E0,0.E0));
#4655=APPLICATION_CONTEXT(
'CONFIGURATION CONTROLLED 3D DESIGNS OF MECHANICAL PARTS AND ASSEMBLIES');
#4656=APPLICATION_PROTOCOL_DEFINITION('international standard',
'config_control_design',1994,#4655);
#4657=DESIGN_CONTEXT('',#4655,'design');
#4658=MECHANICAL_CONTEXT('',#4655,'mechanical');
#4659=PRODUCT('PRT0002_3','PRT0002_3','NOT SPECIFIED',(#4658));
#4660=PRODUCT_DEFINITION_FORMATION_WITH_SPECIFIED_SOURCE('1','LAST_VERSION',
#4659,.MADE.);
#4669=CARTESIAN_POINT('',(0.E0,3.278115521553E0,-8.059443845257E1));
#4670=DIRECTION('',(0.E0,0.E0,1.E0));
#4671=DIRECTION('',(1.E0,0.E0,0.E0));
#4672=AXIS2_PLACEMENT_3D('',#4669,#4670,#4671);
#4673=ITEM_DEFINED_TRANSFORMATION('','',#4653,#4672);
#4674=(REPRESENTATION_RELATIONSHIP('','',#4654,#4666)REPRESENTATION_RELATIONSHIP_WITH_TRANSFORMATION(#4673)SHAPE_REPRESENTATION_RELATIONSHIP());
#4675=CONTEXT_DEPENDENT_SHAPE_REPRESENTATION(#4674,#4668);
#4676=CARTESIAN_POINT('',(0.E0,0.E0,0.E0));
#4677=DIRECTION('',(0.E0,1.E0,0.E0));
#4678=DIRECTION('',(1.E0,0.E0,0.E0));
#4679=AXIS2_PLACEMENT_3D('',#4676,#4677,#4678);
#4681=CARTESIAN_POINT('',(0.E0,0.E0,0.E0));
#4682=DIRECTION('',(0.E0,1.E0,0.E0));
#4683=DIRECTION('',(-1.E0,0.E0,0.E0));
#4684=AXIS2_PLACEMENT_3D('',#4681,#4682,#4683);
#4686=DIRECTION('',(0.E0,-1.E0,0.E0));
#4687=VECTOR('',#4686,2.E0);
#4688=CARTESIAN_POINT('',(-4.25E0,2.E0,0.E0));
#4689=LINE('',#4688,#4687);
#4690=DIRECTION('',(0.E0,-1.E0,0.E0));
#4691=VECTOR('',#4690,2.E0);
#4692=CARTESIAN_POINT('',(4.25E0,2.E0,0.E0));
#4693=LINE('',#4692,#4691);
#4694=CARTESIAN_POINT('',(0.E0,2.E0,0.E0));
#4695=DIRECTION('',(0.E0,-1.E0,0.E0));
#4696=DIRECTION('',(-1.E0,0.E0,0.E0));
#4697=AXIS2_PLACEMENT_3D('',#4694,#4695,#4696);
#4699=CARTESIAN_POINT('',(0.E0,2.E0,0.E0));
#4700=DIRECTION('',(0.E0,-1.E0,0.E0));
#4701=DIRECTION('',(1.E0,0.E0,0.E0));
#4702=AXIS2_PLACEMENT_3D('',#4699,#4700,#4701);
#4704=CARTESIAN_POINT('',(4.25E0,0.E0,0.E0));
#4705=CARTESIAN_POINT('',(-4.25E0,0.E0,0.E0));
#4706=VERTEX_POINT('',#4704);
#4707=VERTEX_POINT('',#4705);
#4708=CARTESIAN_POINT('',(4.25E0,2.E0,0.E0));
#4709=VERTEX_POINT('',#4708);
#4710=CARTESIAN_POINT('',(-4.25E0,2.E0,0.E0));
#4711=VERTEX_POINT('',#4710);
#4712=CARTESIAN_POINT('',(0.E0,0.E0,0.E0));
#4713=DIRECTION('',(0.E0,1.E0,0.E0));
#4714=DIRECTION('',(1.E0,0.E0,0.E0));
#4715=AXIS2_PLACEMENT_3D('',#4712,#4713,#4714);
#4716=PLANE('',#4715);
#4718=ORIENTED_EDGE('',*,*,#4717,.T.);
#4720=ORIENTED_EDGE('',*,*,#4719,.T.);
#4721=EDGE_LOOP('',(#4718,#4720));
#4722=FACE_OUTER_BOUND('',#4721,.F.);
#4723=ADVANCED_FACE('',(#4722),#4716,.F.);
#4724=CARTESIAN_POINT('',(0.E0,0.E0,0.E0));
#4725=DIRECTION('',(0.E0,1.E0,0.E0));
#4726=DIRECTION('',(1.E0,0.E0,0.E0));
#4727=AXIS2_PLACEMENT_3D('',#4724,#4725,#4726);
#4728=CYLINDRICAL_SURFACE('',#4727,4.25E0);
#4729=ORIENTED_EDGE('',*,*,#4717,.F.);
#4731=ORIENTED_EDGE('',*,*,#4730,.F.);
#4733=ORIENTED_EDGE('',*,*,#4732,.F.);
#4735=ORIENTED_EDGE('',*,*,#4734,.T.);
#4736=EDGE_LOOP('',(#4729,#4731,#4733,#4735));
#4737=FACE_OUTER_BOUND('',#4736,.F.);
#4738=ADVANCED_FACE('',(#4737),#4728,.T.);
#4739=CARTESIAN_POINT('',(0.E0,0.E0,0.E0));
#4740=DIRECTION('',(0.E0,1.E0,0.E0));
#4741=DIRECTION('',(1.E0,0.E0,0.E0));
#4742=AXIS2_PLACEMENT_3D('',#4739,#4740,#4741);
#4743=CYLINDRICAL_SURFACE('',#4742,4.25E0);
#4744=ORIENTED_EDGE('',*,*,#4719,.F.);
#4745=ORIENTED_EDGE('',*,*,#4734,.F.);
#4747=ORIENTED_EDGE('',*,*,#4746,.F.);
#4748=ORIENTED_EDGE('',*,*,#4730,.T.);
#4749=EDGE_LOOP('',(#4744,#4745,#4747,#4748));
#4750=FACE_OUTER_BOUND('',#4749,.F.);
#4751=ADVANCED_FACE('',(#4750),#4743,.T.);
#4752=CARTESIAN_POINT('',(0.E0,2.E0,0.E0));
#4753=DIRECTION('',(0.E0,1.E0,0.E0));
#4754=DIRECTION('',(1.E0,0.E0,0.E0));
#4755=AXIS2_PLACEMENT_3D('',#4752,#4753,#4754);
#4756=PLANE('',#4755);
#4757=ORIENTED_EDGE('',*,*,#4732,.T.);
#4758=ORIENTED_EDGE('',*,*,#4746,.T.);
#4759=EDGE_LOOP('',(#4757,#4758));
#4760=FACE_OUTER_BOUND('',#4759,.F.);
#4761=ADVANCED_FACE('',(#4760),#4756,.T.);
#4765=DIMENSIONAL_EXPONENTS(0.E0,0.E0,0.E0,0.E0,0.E0,0.E0,0.E0);
#4767=PLANE_ANGLE_MEASURE_WITH_UNIT(PLANE_ANGLE_MEASURE(1.745329251994E-2),
#4766);
#4768=(CONVERSION_BASED_UNIT('DEGREE',#4767)NAMED_UNIT(*)PLANE_ANGLE_UNIT());
#4770=UNCERTAINTY_MEASURE_WITH_UNIT(LENGTH_MEASURE(1.218962264225E-3),#4764,
'closure',
'Maximum model space distance between geometric entities at asserted connectivities');
#4771=(GEOMETRIC_REPRESENTATION_CONTEXT(3)GLOBAL_UNCERTAINTY_ASSIGNED_CONTEXT((
#4770))GLOBAL_UNIT_ASSIGNED_CONTEXT((#4764,#4768,#4769))REPRESENTATION_CONTEXT(
'ID2','3'));
#4772=CARTESIAN_POINT('',(0.E0,0.E0,0.E0));
#4773=DIRECTION('',(0.E0,0.E0,1.E0));
#4774=DIRECTION('',(1.E0,0.E0,0.E0));
#4777=MECHANICAL_CONTEXT('',#4655,'mechanical');
#4778=PRODUCT('JIAODIAN_1','JIAODIAN_1','NOT SPECIFIED',(#4777));
#4779=PRODUCT_DEFINITION_FORMATION_WITH_SPECIFIED_SOURCE('1','LAST_VERSION',
#4778,.MADE.);
#4785=CARTESIAN_POINT('',(2.872E2,2.278115521553E0,-4.130613661940E0));
#4786=DIRECTION('',(0.E0,0.E0,1.E0));
#4787=DIRECTION('',(1.E0,0.E0,0.E0));
#4788=AXIS2_PLACEMENT_3D('',#4785,#4786,#4787);
#4789=ITEM_DEFINED_TRANSFORMATION('','',#4775,#4788);
#4790=(REPRESENTATION_RELATIONSHIP('','',#4776,#4666)REPRESENTATION_RELATIONSHIP_WITH_TRANSFORMATION(#4789)SHAPE_REPRESENTATION_RELATIONSHIP());
#4791=CONTEXT_DEPENDENT_SHAPE_REPRESENTATION(#4790,#4784);
#4794=CARTESIAN_POINT('',(2.872E2,2.278115521553E0,-6.989544651611E1));
#4795=DIRECTION('',(0.E0,0.E0,1.E0));
#4796=DIRECTION('',(1.E0,0.E0,0.E0));
#4797=AXIS2_PLACEMENT_3D('',#4794,#4795,#4796);
#4798=ITEM_DEFINED_TRANSFORMATION('','',#4775,#4797);
#4799=(REPRESENTATION_RELATIONSHIP('','',#4776,#4666)REPRESENTATION_RELATIONSHIP_WITH_TRANSFORMATION(#4798)SHAPE_REPRESENTATION_RELATIONSHIP());
#4800=CONTEXT_DEPENDENT_SHAPE_REPRESENTATION(#4799,#4793);
#4803=CARTESIAN_POINT('',(1.E1,2.278115521553E0,-6.989544651611E1));
#4804=DIRECTION('',(0.E0,0.E0,1.E0));
#4805=DIRECTION('',(1.E0,0.E0,0.E0));
#4806=AXIS2_PLACEMENT_3D('',#4803,#4804,#4805);
#4807=ITEM_DEFINED_TRANSFORMATION('','',#4775,#4806);
#4808=(REPRESENTATION_RELATIONSHIP('','',#4776,#4666)REPRESENTATION_RELATIONSHIP_WITH_TRANSFORMATION(#4807)SHAPE_REPRESENTATION_RELATIONSHIP());
#4809=CONTEXT_DEPENDENT_SHAPE_REPRESENTATION(#4808,#4802);
#4812=CARTESIAN_POINT('',(1.E1,2.278115521553E0,-4.130613661940E0));
#4813=DIRECTION('',(0.E0,0.E0,1.E0));
#4814=DIRECTION('',(1.E0,0.E0,0.E0));
#4815=AXIS2_PLACEMENT_3D('',#4812,#4813,#4814);
#4816=ITEM_DEFINED_TRANSFORMATION('','',#4775,#4815);
#4817=(REPRESENTATION_RELATIONSHIP('','',#4776,#4666)REPRESENTATION_RELATIONSHIP_WITH_TRANSFORMATION(#4816)SHAPE_REPRESENTATION_RELATIONSHIP());
#4818=CONTEXT_DEPENDENT_SHAPE_REPRESENTATION(#4817,#4811);
#4820=DIMENSIONAL_EXPONENTS(0.E0,0.E0,0.E0,0.E0,0.E0,0.E0,0.E0);
#4822=PLANE_ANGLE_MEASURE_WITH_UNIT(PLANE_ANGLE_MEASURE(1.745329251994E-2),
#4821);
#4823=(CONVERSION_BASED_UNIT('DEGREE',#4822)NAMED_UNIT(*)PLANE_ANGLE_UNIT());
#4825=UNCERTAINTY_MEASURE_WITH_UNIT(LENGTH_MEASURE(8.659907627683E-2),#4819,
'closure',
'Maximum model space distance between geometric entities at asserted connectivities');
#4826=(GEOMETRIC_REPRESENTATION_CONTEXT(3)GLOBAL_UNCERTAINTY_ASSIGNED_CONTEXT((
#4825))GLOBAL_UNIT_ASSIGNED_CONTEXT((#4819,#4823,#4824))REPRESENTATION_CONTEXT(
'ID3','3'));
#4827=CARTESIAN_POINT('',(0.E0,0.E0,0.E0));
#4828=DIRECTION('',(0.E0,0.E0,1.E0));
#4829=DIRECTION('',(1.E0,0.E0,0.E0));
#4831=DESIGN_CONTEXT('',#4655,'design');
#4832=MECHANICAL_CONTEXT('',#4655,'mechanical');
#4833=PRODUCT('SHOUTUO_ASM_1_ASM','SHOUTUO_ASM_1_ASM','NOT SPECIFIED',(#4832));
#4834=PRODUCT_DEFINITION_FORMATION_WITH_SPECIFIED_SOURCE('1','LAST_VERSION',
#4833,.MADE.);
#4836=PRODUCT_CATEGORY('part','');
#4837=PRODUCT_RELATED_PRODUCT_CATEGORY('assembly','',(#4833));
#4838=PRODUCT_CATEGORY_RELATIONSHIP('','',#4836,#4837);
#4839=PRODUCT_CATEGORY('part','');
#4840=PRODUCT_RELATED_PRODUCT_CATEGORY('detail','',(#4659,#4778));
#4841=PRODUCT_CATEGORY_RELATIONSHIP('','',#4839,#4840);
#4842=SECURITY_CLASSIFICATION_LEVEL('unclassified');
#4843=SECURITY_CLASSIFICATION('','',#4842);
#4844=CC_DESIGN_SECURITY_CLASSIFICATION(#4843,(#4660,#4779,#4834,#4667,#4783,
#4792,#4801,#4810));
#4845=APPROVAL_STATUS('approved');
#4846=APPROVAL(#4845,'');
#4847=CC_DESIGN_APPROVAL(#4846,(#4843,#4660,#4779,#4834,#4661,#4780,#4835));
#4848=CALENDAR_DATE(124,20,6);
#4849=COORDINATED_UNIVERSAL_TIME_OFFSET(8,0,.AHEAD.);
#4850=LOCAL_TIME(18,3,9.E0,#4849);
#4851=DATE_AND_TIME(#4848,#4850);
#4852=APPROVAL_DATE_TIME(#4851,#4846);
#4853=DATE_TIME_ROLE('creation_date');
#4854=CC_DESIGN_DATE_AND_TIME_ASSIGNMENT(#4851,#4853,(#4661,#4780,#4835));
#4855=DATE_TIME_ROLE('classification_date');
#4856=CC_DESIGN_DATE_AND_TIME_ASSIGNMENT(#4851,#4855,(#4843));
#4857=PERSON('UNSPECIFIED','UNSPECIFIED',$,$,$,$);
#4858=ORGANIZATION('UNSPECIFIED','UNSPECIFIED','UNSPECIFIED');
#4859=PERSON_AND_ORGANIZATION(#4857,#4858);
#4860=APPROVAL_ROLE('approver');
#4861=APPROVAL_PERSON_ORGANIZATION(#4859,#4846,#4860);
#4862=PERSON_AND_ORGANIZATION_ROLE('creator');
#4863=CC_DESIGN_PERSON_AND_ORGANIZATION_ASSIGNMENT(#4859,#4862,(#4660,#4779,
#4834,#4661,#4780,#4835));
#4864=PERSON_AND_ORGANIZATION_ROLE('design_supplier');
#4865=CC_DESIGN_PERSON_AND_ORGANIZATION_ASSIGNMENT(#4859,#4864,(#4660,#4779,
#4834));
#4866=PERSON_AND_ORGANIZATION_ROLE('classification_officer');
#4867=CC_DESIGN_PERSON_AND_ORGANIZATION_ASSIGNMENT(#4859,#4866,(#4843));
#4868=PERSON_AND_ORGANIZATION_ROLE('design_owner');
#4869=CC_DESIGN_PERSON_AND_ORGANIZATION_ASSIGNMENT(#4859,#4868,(#4833,#4659,
#4778));
#25=CIRCLE('',#24,9.E0);
#34=CIRCLE('',#33,9.E0);
#43=CIRCLE('',#42,9.000000000001E0);
#52=CIRCLE('',#51,9.000000000001E0);
#61=CIRCLE('',#60,9.E0);
#70=CIRCLE('',#69,9.E0);
#79=CIRCLE('',#78,1.1E1);
#88=CIRCLE('',#87,1.1E1);
#103=B_SPLINE_CURVE_WITH_KNOTS('',3,(#97,#98,#99,#100,#101,#102),.UNSPECIFIED.,
.F.,.F.,(4,1,1,4),(0.E0,3.369233491745E-1,6.589734586795E-1,1.E0),
.UNSPECIFIED.);
#112=CIRCLE('',#111,2.537688852200E-1);
#124=B_SPLINE_CURVE_WITH_KNOTS('',3,(#117,#118,#119,#120,#121,#122,#123),
.UNSPECIFIED.,.F.,.F.,(4,1,1,1,4),(0.E0,2.571833780735E-1,5.006440569069E-1,
7.426850025839E-1,1.E0),.UNSPECIFIED.);
#135=B_SPLINE_CURVE_WITH_KNOTS('',3,(#129,#130,#131,#132,#133,#134),
.UNSPECIFIED.,.F.,.F.,(4,1,1,4),(0.E0,3.373948697840E-1,6.597407311842E-1,1.E0),
.UNSPECIFIED.);
#156=B_SPLINE_CURVE_WITH_KNOTS('',3,(#140,#141,#142,#143,#144,#145,#146,#147,
#148,#149,#150,#151,#152,#153,#154,#155),.UNSPECIFIED.,.F.,.F.,(4,1,1,1,1,1,1,1,
1,1,1,1,1,4),(0.E0,8.013266579913E-2,1.608363029974E-1,2.355524050241E-1,
3.078503914760E-1,3.818647329336E-1,4.597363338102E-1,5.378412009553E-1,
6.136195315530E-1,6.877245021967E-1,7.629710726386E-1,8.404810652951E-1,
9.209595052220E-1,1.E0),.UNSPECIFIED.);
#167=B_SPLINE_CURVE_WITH_KNOTS('',3,(#161,#162,#163,#164,#165,#166),
.UNSPECIFIED.,.F.,.F.,(4,1,1,4),(0.E0,3.401178802476E-1,6.622725644442E-1,1.E0),
.UNSPECIFIED.);
#176=CIRCLE('',#175,2.533215216841E-1);
#187=B_SPLINE_CURVE_WITH_KNOTS('',3,(#181,#182,#183,#184,#185,#186),
.UNSPECIFIED.,.F.,.F.,(4,1,1,4),(0.E0,3.433135398479E-1,6.652988900440E-1,1.E0),
.UNSPECIFIED.);
#198=B_SPLINE_CURVE_WITH_KNOTS('',3,(#192,#193,#194,#195,#196,#197),
.UNSPECIFIED.,.F.,.F.,(4,1,1,4),(0.E0,3.401645649127E-1,6.622341735688E-1,1.E0),
.UNSPECIFIED.);
#210=B_SPLINE_CURVE_WITH_KNOTS('',3,(#203,#204,#205,#206,#207,#208,#209),
.UNSPECIFIED.,.F.,.F.,(4,1,1,1,4),(0.E0,2.566799496705E-1,5.046669165103E-1,
7.494832060099E-1,1.E0),.UNSPECIFIED.);
#221=B_SPLINE_CURVE_WITH_KNOTS('',3,(#215,#216,#217,#218,#219,#220),
.UNSPECIFIED.,.F.,.F.,(4,1,1,4),(0.E0,3.401004399405E-1,6.622236712005E-1,1.E0),
.UNSPECIFIED.);
#230=CIRCLE('',#229,2.536179140075E-1);
#241=B_SPLINE_CURVE_WITH_KNOTS('',3,(#235,#236,#237,#238,#239,#240),
.UNSPECIFIED.,.F.,.F.,(4,1,1,4),(0.E0,3.433328383482E-1,6.654211744086E-1,1.E0),
.UNSPECIFIED.);
#252=B_SPLINE_CURVE_WITH_KNOTS('',3,(#246,#247,#248,#249,#250,#251),
.UNSPECIFIED.,.F.,.F.,(4,1,1,4),(0.E0,3.401505581596E-1,6.622274255609E-1,1.E0),
.UNSPECIFIED.);
#261=CIRCLE('',#260,2.432357385224E-1);
#272=B_SPLINE_CURVE_WITH_KNOTS('',3,(#266,#267,#268,#269,#270,#271),
.UNSPECIFIED.,.F.,.F.,(4,1,1,4),(0.E0,3.427215545826E-1,6.651659601746E-1,1.E0),
.UNSPECIFIED.);
#287=B_SPLINE_CURVE_WITH_KNOTS('',3,(#281,#282,#283,#284,#285,#286),
.UNSPECIFIED.,.F.,.F.,(4,1,1,4),(0.E0,3.371897550872E-1,6.594503536249E-1,1.E0),
.UNSPECIFIED.);
#296=CIRCLE('',#295,2.431315512223E-1);
#307=B_SPLINE_CURVE_WITH_KNOTS('',3,(#301,#302,#303,#304,#305,#306),
.UNSPECIFIED.,.F.,.F.,(4,1,1,4),(0.E0,3.428618882114E-1,6.653236211101E-1,1.E0),
.UNSPECIFIED.);
#318=B_SPLINE_CURVE_WITH_KNOTS('',3,(#312,#313,#314,#315,#316,#317),
.UNSPECIFIED.,.F.,.F.,(4,1,1,4),(0.E0,3.368525349438E-1,6.589315997012E-1,1.E0),
.UNSPECIFIED.);
#327=CIRCLE('',#326,2.533704503510E-1);
#338=B_SPLINE_CURVE_WITH_KNOTS('',3,(#332,#333,#334,#335,#336,#337),
.UNSPECIFIED.,.F.,.F.,(4,1,1,4),(0.E0,3.377628479209E-1,6.598753598856E-1,1.E0),
.UNSPECIFIED.);
#349=B_SPLINE_CURVE_WITH_KNOTS('',3,(#343,#344,#345,#346,#347,#348),
.UNSPECIFIED.,.F.,.F.,(4,1,1,4),(0.E0,3.369866753768E-1,6.589454497976E-1,1.E0),
.UNSPECIFIED.);
#370=B_SPLINE_CURVE_WITH_KNOTS('',3,(#354,#355,#356,#357,#358,#359,#360,#361,
#362,#363,#364,#365,#366,#367,#368,#369),.UNSPECIFIED.,.F.,.F.,(4,1,1,1,1,1,1,1,
1,1,1,1,1,4),(0.E0,8.081037936403E-2,1.584441159578E-1,2.370467268527E-1,
3.159177778856E-1,3.942240926275E-1,4.711714824158E-1,5.475699444416E-1,
6.226544092319E-1,6.970853140396E-1,7.709923668653E-1,8.456168211870E-1,
9.219086098225E-1,1.E0),.UNSPECIFIED.);
#381=B_SPLINE_CURVE_WITH_KNOTS('',3,(#375,#376,#377,#378,#379,#380),
.UNSPECIFIED.,.F.,.F.,(4,1,1,4),(0.E0,3.377610612090E-1,6.599052328689E-1,1.E0),
.UNSPECIFIED.);
#391=B_SPLINE_CURVE_WITH_KNOTS('',3,(#382,#383,#384,#385,#386,#387,#388,#389,
#390),.UNSPECIFIED.,.F.,.F.,(4,1,1,1,1,1,4),(0.E0,1.608278676171E-1,
3.283516763022E-1,4.997920297356E-1,6.709566968006E-1,8.347498615144E-1,1.E0),
.UNSPECIFIED.);
#396=B_SPLINE_CURVE_WITH_KNOTS('',3,(#392,#393,#394,#395),.UNSPECIFIED.,.F.,.F.,
(4,4),(0.E0,1.E0),.UNSPECIFIED.);
#406=B_SPLINE_CURVE_WITH_KNOTS('',3,(#397,#398,#399,#400,#401,#402,#403,#404,
#405),.UNSPECIFIED.,.F.,.F.,(4,1,1,1,1,1,4),(0.E0,1.644052578112E-1,
3.323112975296E-1,5.006394208523E-1,6.665396857435E-1,8.347960166444E-1,1.E0),
.UNSPECIFIED.);
#411=B_SPLINE_CURVE_WITH_KNOTS('',3,(#407,#408,#409,#410),.UNSPECIFIED.,.F.,.F.,
(4,4),(0.E0,1.E0),.UNSPECIFIED.);
#421=B_SPLINE_CURVE_WITH_KNOTS('',3,(#412,#413,#414,#415,#416,#417,#418,#419,
#420),.UNSPECIFIED.,.F.,.F.,(4,1,1,1,1,1,4),(0.E0,1.644029320567E-1,
3.323450600869E-1,5.006657250691E-1,6.665661363378E-1,8.348171233029E-1,1.E0),
.UNSPECIFIED.);
#426=B_SPLINE_CURVE_WITH_KNOTS('',3,(#422,#423,#424,#425),.UNSPECIFIED.,.F.,.F.,
(4,4),(0.E0,1.E0),.UNSPECIFIED.);
#436=B_SPLINE_CURVE_WITH_KNOTS('',3,(#427,#428,#429,#430,#431,#432,#433,#434,
#435),.UNSPECIFIED.,.F.,.F.,(4,1,1,1,1,1,4),(0.E0,1.607979930049E-1,
3.283220785295E-1,4.997782178388E-1,6.709557339602E-1,8.346959043995E-1,1.E0),
.UNSPECIFIED.);
#441=B_SPLINE_CURVE_WITH_KNOTS('',3,(#437,#438,#439,#440),.UNSPECIFIED.,.F.,.F.,
(4,4),(0.E0,1.E0),.UNSPECIFIED.);
#451=B_SPLINE_CURVE_WITH_KNOTS('',3,(#442,#443,#444,#445,#446,#447,#448,#449,
#450),.UNSPECIFIED.,.F.,.F.,(4,1,1,1,1,1,4),(0.E0,1.644080650132E-1,
3.323537582215E-1,5.006728881288E-1,6.665724475071E-1,8.348214425086E-1,1.E0),
.UNSPECIFIED.);
#456=B_SPLINE_CURVE_WITH_KNOTS('',3,(#452,#453,#454,#455),.UNSPECIFIED.,.F.,.F.,
(4,4),(0.E0,1.E0),.UNSPECIFIED.);
#466=B_SPLINE_CURVE_WITH_KNOTS('',3,(#457,#458,#459,#460,#461,#462,#463,#464,
#465),.UNSPECIFIED.,.F.,.F.,(4,1,1,1,1,1,4),(0.E0,1.608025947228E-1,
3.283235191281E-1,4.997734045041E-1,6.709472129520E-1,8.347002631616E-1,1.E0),
.UNSPECIFIED.);
#471=B_SPLINE_CURVE_WITH_KNOTS('',3,(#467,#468,#469,#470),.UNSPECIFIED.,.F.,.F.,
(4,4),(0.E0,1.E0),.UNSPECIFIED.);
#528=CIRCLE('',#527,1.E1);
#539=B_SPLINE_CURVE_WITH_KNOTS('',3,(#529,#530,#531,#532,#533,#534,#535,#536,
#537,#538),.UNSPECIFIED.,.F.,.F.,(4,1,1,1,1,1,1,4),(0.E0,1.428571785765E-1,
2.857143082396E-1,4.285714379027E-1,5.714285675658E-1,7.142856972289E-1,
8.571428268920E-1,1.E0),.UNSPECIFIED.);
#560=CIRCLE('',#559,1.E1);
#571=B_SPLINE_CURVE_WITH_KNOTS('',3,(#561,#562,#563,#564,#565,#566,#567,#568,
#569,#570),.UNSPECIFIED.,.F.,.F.,(4,1,1,1,1,1,1,4),(0.E0,1.428571730364E-1,
2.857143033038E-1,4.285714335712E-1,5.714285638385E-1,7.142856941059E-1,
8.571428243733E-1,1.E0),.UNSPECIFIED.);
#616=CIRCLE('',#615,1.E1);
#627=B_SPLINE_CURVE_WITH_KNOTS('',3,(#617,#618,#619,#620,#621,#622,#623,#624,
#625,#626),.UNSPECIFIED.,.F.,.F.,(4,1,1,1,1,1,1,4),(0.E0,1.428571750861E-1,
2.857143053592E-1,4.285714356323E-1,5.714285659054E-1,7.142856961784E-1,
8.571428264515E-1,1.E0),.UNSPECIFIED.);
#648=CIRCLE('',#647,1.E1);
#659=B_SPLINE_CURVE_WITH_KNOTS('',3,(#649,#650,#651,#652,#653,#654,#655,#656,
#657,#658),.UNSPECIFIED.,.F.,.F.,(4,1,1,1,1,1,1,4),(0.E0,1.428571725871E-1,
2.857143022376E-1,4.285714318882E-1,5.714285615387E-1,7.142856911892E-1,
8.571428208398E-1,1.E0),.UNSPECIFIED.);
#680=CIRCLE('',#679,4.25E0);
#685=CIRCLE('',#684,4.25E0);
#690=CIRCLE('',#689,4.25E0);
#695=CIRCLE('',#694,4.25E0);
#703=B_SPLINE_CURVE_WITH_KNOTS('',3,(#696,#697,#698,#699,#700,#701,#702),
.UNSPECIFIED.,.F.,.F.,(4,1,1,1,4),(0.E0,2.500000390368E-1,4.999999929679E-1,
7.499999468989E-1,1.E0),.UNSPECIFIED.);
#715=B_SPLINE_CURVE_WITH_KNOTS('',3,(#708,#709,#710,#711,#712,#713,#714),
.UNSPECIFIED.,.F.,.F.,(4,1,1,1,4),(0.E0,2.500001117187E-1,4.999999810955E-1,
7.499998504724E-1,1.E0),.UNSPECIFIED.);
#727=B_SPLINE_CURVE_WITH_KNOTS('',3,(#720,#721,#722,#723,#724,#725,#726),
.UNSPECIFIED.,.F.,.F.,(4,1,1,1,4),(0.E0,2.500001082670E-1,4.999999774905E-1,
7.499998467141E-1,1.E0),.UNSPECIFIED.);
#739=B_SPLINE_CURVE_WITH_KNOTS('',3,(#732,#733,#734,#735,#736,#737,#738),
.UNSPECIFIED.,.F.,.F.,(4,1,1,1,4),(0.E0,2.500000516256E-1,5.000000056079E-1,
7.499999595901E-1,1.E0),.UNSPECIFIED.);
#754=B_SPLINE_CURVE_WITH_KNOTS('',3,(#744,#745,#746,#747,#748,#749,#750,#751,
#752,#753),.UNSPECIFIED.,.F.,.F.,(4,1,1,1,1,1,1,4),(0.E0,1.428571746784E-1,
2.857143050295E-1,4.285714353807E-1,5.714285657319E-1,7.142856960831E-1,
8.571428264343E-1,1.E0),.UNSPECIFIED.);
#769=B_SPLINE_CURVE_WITH_KNOTS('',3,(#759,#760,#761,#762,#763,#764,#765,#766,
#767,#768),.UNSPECIFIED.,.F.,.F.,(4,1,1,1,1,1,1,4),(0.E0,1.428571725194E-1,
2.857143020903E-1,4.285714316613E-1,5.714285612322E-1,7.142856908031E-1,
8.571428203740E-1,1.E0),.UNSPECIFIED.);
#784=B_SPLINE_CURVE_WITH_KNOTS('',3,(#774,#775,#776,#777,#778,#779,#780,#781,
#782,#783),.UNSPECIFIED.,.F.,.F.,(4,1,1,1,1,1,1,4),(0.E0,1.428571790366E-1,
2.857143086210E-1,4.285714382054E-1,5.714285677898E-1,7.142856973742E-1,
8.571428269586E-1,1.E0),.UNSPECIFIED.);
#799=B_SPLINE_CURVE_WITH_KNOTS('',3,(#789,#790,#791,#792,#793,#794,#795,#796,
#797,#798),.UNSPECIFIED.,.F.,.F.,(4,1,1,1,1,1,1,4),(0.E0,1.428571730551E-1,
2.857143034013E-1,4.285714337475E-1,5.714285640938E-1,7.142856944400E-1,
8.571428247863E-1,1.E0),.UNSPECIFIED.);
#808=CIRCLE('',#807,4.25E0);
#813=CIRCLE('',#812,4.25E0);
#818=CIRCLE('',#817,4.25E0);
#823=CIRCLE('',#822,4.25E0);
#836=CIRCLE('',#835,4.25E0);
#841=CIRCLE('',#840,4.25E0);
#854=CIRCLE('',#853,4.25E0);
#859=CIRCLE('',#858,4.25E0);
#868=CIRCLE('',#867,1.E1);
#876=B_SPLINE_CURVE_WITH_KNOTS('',3,(#869,#870,#871,#872,#873,#874,#875),
.UNSPECIFIED.,.F.,.F.,(4,1,1,1,4),(0.E0,2.500000395246E-1,4.999999930106E-1,
7.499999464965E-1,1.E0),.UNSPECIFIED.);
#897=CIRCLE('',#896,1.E1);
#905=B_SPLINE_CURVE_WITH_KNOTS('',3,(#898,#899,#900,#901,#902,#903,#904),
.UNSPECIFIED.,.F.,.F.,(4,1,1,1,4),(0.E0,2.500001109036E-1,4.999999815703E-1,
7.499998522370E-1,1.E0),.UNSPECIFIED.);
#926=CIRCLE('',#925,1.E1);
#934=B_SPLINE_CURVE_WITH_KNOTS('',3,(#927,#928,#929,#930,#931,#932,#933),
.UNSPECIFIED.,.F.,.F.,(4,1,1,1,4),(0.E0,2.500001069194E-1,4.999999774018E-1,
7.499998478842E-1,1.E0),.UNSPECIFIED.);
#955=CIRCLE('',#954,1.E1);
#963=B_SPLINE_CURVE_WITH_KNOTS('',3,(#956,#957,#958,#959,#960,#961,#962),
.UNSPECIFIED.,.F.,.F.,(4,1,1,1,4),(0.E0,2.500000520145E-1,5.000000055513E-1,
7.499999590882E-1,1.E0),.UNSPECIFIED.);
#1020=CIRCLE('',#1019,4.25E0);
#1025=CIRCLE('',#1024,4.25E0);
#1030=CIRCLE('',#1029,4.25E0);
#1035=CIRCLE('',#1034,4.25E0);
#1104=B_SPLINE_CURVE_WITH_KNOTS('',3,(#1088,#1089,#1090,#1091,#1092,#1093,#1094,
#1095,#1096,#1097,#1098,#1099,#1100,#1101,#1102,#1103),.UNSPECIFIED.,.F.,.F.,(4,
1,1,1,1,1,1,1,1,1,1,1,1,4),(0.E0,8.013266579913E-2,1.608363029974E-1,
2.355524050241E-1,3.078503914760E-1,3.818647329336E-1,4.597363338102E-1,
5.378412009553E-1,6.136195315530E-1,6.877245021967E-1,7.629710726386E-1,
8.404810652951E-1,9.209595052220E-1,1.E0),.UNSPECIFIED.);
#1115=B_SPLINE_CURVE_WITH_KNOTS('',3,(#1109,#1110,#1111,#1112,#1113,#1114),
.UNSPECIFIED.,.F.,.F.,(4,1,1,4),(0.E0,3.373948697840E-1,6.597407311842E-1,1.E0),
.UNSPECIFIED.);
#1127=B_SPLINE_CURVE_WITH_KNOTS('',3,(#1120,#1121,#1122,#1123,#1124,#1125,
#1126),.UNSPECIFIED.,.F.,.F.,(4,1,1,1,4),(0.E0,2.571833780735E-1,
5.006440569069E-1,7.426850025839E-1,1.E0),.UNSPECIFIED.);
#1136=CIRCLE('',#1135,2.537688852200E-1);
#1147=B_SPLINE_CURVE_WITH_KNOTS('',3,(#1141,#1142,#1143,#1144,#1145,#1146),
.UNSPECIFIED.,.F.,.F.,(4,1,1,4),(0.E0,3.369233491745E-1,6.589734586795E-1,1.E0),
.UNSPECIFIED.);
#1158=B_SPLINE_CURVE_WITH_KNOTS('',3,(#1152,#1153,#1154,#1155,#1156,#1157),
.UNSPECIFIED.,.F.,.F.,(4,1,1,4),(0.E0,3.428618882114E-1,6.653236211101E-1,1.E0),
.UNSPECIFIED.);
#1167=CIRCLE('',#1166,2.431315512223E-1);
#1178=B_SPLINE_CURVE_WITH_KNOTS('',3,(#1172,#1173,#1174,#1175,#1176,#1177),
.UNSPECIFIED.,.F.,.F.,(4,1,1,4),(0.E0,3.371897550872E-1,6.594503536249E-1,1.E0),
.UNSPECIFIED.);
#1193=B_SPLINE_CURVE_WITH_KNOTS('',3,(#1187,#1188,#1189,#1190,#1191,#1192),
.UNSPECIFIED.,.F.,.F.,(4,1,1,4),(0.E0,3.427215545826E-1,6.651659601746E-1,1.E0),
.UNSPECIFIED.);
#1202=CIRCLE('',#1201,2.432357385224E-1);
#1213=B_SPLINE_CURVE_WITH_KNOTS('',3,(#1207,#1208,#1209,#1210,#1211,#1212),
.UNSPECIFIED.,.F.,.F.,(4,1,1,4),(0.E0,3.401505581596E-1,6.622274255609E-1,1.E0),
.UNSPECIFIED.);
#1224=B_SPLINE_CURVE_WITH_KNOTS('',3,(#1218,#1219,#1220,#1221,#1222,#1223),
.UNSPECIFIED.,.F.,.F.,(4,1,1,4),(0.E0,3.433328383482E-1,6.654211744086E-1,1.E0),
.UNSPECIFIED.);
#1233=CIRCLE('',#1232,2.536179140075E-1);
#1244=B_SPLINE_CURVE_WITH_KNOTS('',3,(#1238,#1239,#1240,#1241,#1242,#1243),
.UNSPECIFIED.,.F.,.F.,(4,1,1,4),(0.E0,3.401004399405E-1,6.622236712005E-1,1.E0),
.UNSPECIFIED.);
#1256=B_SPLINE_CURVE_WITH_KNOTS('',3,(#1249,#1250,#1251,#1252,#1253,#1254,
#1255),.UNSPECIFIED.,.F.,.F.,(4,1,1,1,4),(0.E0,2.566799496705E-1,
5.046669165103E-1,7.494832060099E-1,1.E0),.UNSPECIFIED.);
#1267=B_SPLINE_CURVE_WITH_KNOTS('',3,(#1261,#1262,#1263,#1264,#1265,#1266),
.UNSPECIFIED.,.F.,.F.,(4,1,1,4),(0.E0,3.401645649127E-1,6.622341735688E-1,1.E0),
.UNSPECIFIED.);
#1278=B_SPLINE_CURVE_WITH_KNOTS('',3,(#1272,#1273,#1274,#1275,#1276,#1277),
.UNSPECIFIED.,.F.,.F.,(4,1,1,4),(0.E0,3.433135398479E-1,6.652988900440E-1,1.E0),
.UNSPECIFIED.);
#1287=CIRCLE('',#1286,2.533215216841E-1);
#1298=B_SPLINE_CURVE_WITH_KNOTS('',3,(#1292,#1293,#1294,#1295,#1296,#1297),
.UNSPECIFIED.,.F.,.F.,(4,1,1,4),(0.E0,3.401178802476E-1,6.622725644442E-1,1.E0),
.UNSPECIFIED.);
#1309=B_SPLINE_CURVE_WITH_KNOTS('',3,(#1303,#1304,#1305,#1306,#1307,#1308),
.UNSPECIFIED.,.F.,.F.,(4,1,1,4),(0.E0,3.377610612090E-1,6.599052328689E-1,1.E0),
.UNSPECIFIED.);
#1330=B_SPLINE_CURVE_WITH_KNOTS('',3,(#1314,#1315,#1316,#1317,#1318,#1319,#1320,
#1321,#1322,#1323,#1324,#1325,#1326,#1327,#1328,#1329),.UNSPECIFIED.,.F.,.F.,(4,
1,1,1,1,1,1,1,1,1,1,1,1,4),(0.E0,8.081037936403E-2,1.584441159578E-1,
2.370467268527E-1,3.159177778856E-1,3.942240926275E-1,4.711714824158E-1,
5.475699444416E-1,6.226544092319E-1,6.970853140396E-1,7.709923668653E-1,
8.456168211870E-1,9.219086098225E-1,1.E0),.UNSPECIFIED.);
#1341=B_SPLINE_CURVE_WITH_KNOTS('',3,(#1335,#1336,#1337,#1338,#1339,#1340),
.UNSPECIFIED.,.F.,.F.,(4,1,1,4),(0.E0,3.369866753768E-1,6.589454497976E-1,1.E0),
.UNSPECIFIED.);
#1352=B_SPLINE_CURVE_WITH_KNOTS('',3,(#1346,#1347,#1348,#1349,#1350,#1351),
.UNSPECIFIED.,.F.,.F.,(4,1,1,4),(0.E0,3.377628479209E-1,6.598753598856E-1,1.E0),
.UNSPECIFIED.);
#1361=CIRCLE('',#1360,2.533704503510E-1);
#1372=B_SPLINE_CURVE_WITH_KNOTS('',3,(#1366,#1367,#1368,#1369,#1370,#1371),
.UNSPECIFIED.,.F.,.F.,(4,1,1,4),(0.E0,3.368525349438E-1,6.589315997012E-1,1.E0),
.UNSPECIFIED.);
#1382=B_SPLINE_CURVE_WITH_KNOTS('',3,(#1373,#1374,#1375,#1376,#1377,#1378,#1379,
#1380,#1381),.UNSPECIFIED.,.F.,.F.,(4,1,1,1,1,1,4),(0.E0,1.608278676171E-1,
3.283516763022E-1,4.997920297356E-1,6.709566968006E-1,8.347498615144E-1,1.E0),
.UNSPECIFIED.);
#1387=B_SPLINE_CURVE_WITH_KNOTS('',3,(#1383,#1384,#1385,#1386),.UNSPECIFIED.,
.F.,.F.,(4,4),(0.E0,1.E0),.UNSPECIFIED.);
#1397=B_SPLINE_CURVE_WITH_KNOTS('',3,(#1388,#1389,#1390,#1391,#1392,#1393,#1394,
#1395,#1396),.UNSPECIFIED.,.F.,.F.,(4,1,1,1,1,1,4),(0.E0,1.644052578112E-1,
3.323112975296E-1,5.006394208523E-1,6.665396857435E-1,8.347960166444E-1,1.E0),
.UNSPECIFIED.);
#1402=B_SPLINE_CURVE_WITH_KNOTS('',3,(#1398,#1399,#1400,#1401),.UNSPECIFIED.,
.F.,.F.,(4,4),(0.E0,1.E0),.UNSPECIFIED.);
#1412=B_SPLINE_CURVE_WITH_KNOTS('',3,(#1403,#1404,#1405,#1406,#1407,#1408,#1409,
#1410,#1411),.UNSPECIFIED.,.F.,.F.,(4,1,1,1,1,1,4),(0.E0,1.644029320567E-1,
3.323450600869E-1,5.006657250691E-1,6.665661363378E-1,8.348171233029E-1,1.E0),
.UNSPECIFIED.);
#1417=B_SPLINE_CURVE_WITH_KNOTS('',3,(#1413,#1414,#1415,#1416),.UNSPECIFIED.,
.F.,.F.,(4,4),(0.E0,1.E0),.UNSPECIFIED.);
#1427=B_SPLINE_CURVE_WITH_KNOTS('',3,(#1418,#1419,#1420,#1421,#1422,#1423,#1424,
#1425,#1426),.UNSPECIFIED.,.F.,.F.,(4,1,1,1,1,1,4),(0.E0,1.607979930049E-1,
3.283220785295E-1,4.997782178388E-1,6.709557339602E-1,8.346959043995E-1,1.E0),
.UNSPECIFIED.);
#1432=B_SPLINE_CURVE_WITH_KNOTS('',3,(#1428,#1429,#1430,#1431),.UNSPECIFIED.,
.F.,.F.,(4,4),(0.E0,1.E0),.UNSPECIFIED.);
#1442=B_SPLINE_CURVE_WITH_KNOTS('',3,(#1433,#1434,#1435,#1436,#1437,#1438,#1439,
#1440,#1441),.UNSPECIFIED.,.F.,.F.,(4,1,1,1,1,1,4),(0.E0,1.644080650132E-1,
3.323537582215E-1,5.006728881288E-1,6.665724475071E-1,8.348214425086E-1,1.E0),
.UNSPECIFIED.);
#1447=B_SPLINE_CURVE_WITH_KNOTS('',3,(#1443,#1444,#1445,#1446),.UNSPECIFIED.,
.F.,.F.,(4,4),(0.E0,1.E0),.UNSPECIFIED.);
#1457=B_SPLINE_CURVE_WITH_KNOTS('',3,(#1448,#1449,#1450,#1451,#1452,#1453,#1454,
#1455,#1456),.UNSPECIFIED.,.F.,.F.,(4,1,1,1,1,1,4),(0.E0,1.608025947228E-1,
3.283235191281E-1,4.997734045041E-1,6.709472129520E-1,8.347002631616E-1,1.E0),
.UNSPECIFIED.);
#1462=B_SPLINE_CURVE_WITH_KNOTS('',3,(#1458,#1459,#1460,#1461),.UNSPECIFIED.,
.F.,.F.,(4,4),(0.E0,1.E0),.UNSPECIFIED.);
#1495=CIRCLE('',#1494,1.273968281761E0);
#1500=CIRCLE('',#1499,1.273968281761E0);
#2036=EDGE_CURVE('',#1760,#1764,#4,.T.);
#2038=EDGE_CURVE('',#1810,#1764,#8,.T.);
#2040=EDGE_CURVE('',#1807,#1810,#12,.T.);
#2042=EDGE_CURVE('',#1807,#1760,#16,.T.);
#2052=EDGE_CURVE('',#1758,#1762,#38,.T.);
#2054=EDGE_CURVE('',#1762,#1764,#575,.T.);
#2057=EDGE_CURVE('',#1758,#1760,#20,.T.);
#2067=EDGE_CURVE('',#1707,#1708,#25,.T.);
#2069=EDGE_CURVE('',#1766,#1707,#29,.T.);
#2071=EDGE_CURVE('',#1762,#1766,#34,.T.);
#2074=EDGE_CURVE('',#1754,#1758,#43,.T.);
#2076=EDGE_CURVE('',#1750,#1754,#47,.T.);
#2078=EDGE_CURVE('',#1746,#1750,#52,.T.);
#2080=EDGE_CURVE('',#1742,#1746,#56,.T.);
#2082=EDGE_CURVE('',#1738,#1742,#61,.T.);
#2084=EDGE_CURVE('',#1734,#1738,#65,.T.);
#2086=EDGE_CURVE('',#1730,#1734,#70,.T.);
#2088=EDGE_CURVE('',#1726,#1730,#74,.T.);
#2090=EDGE_CURVE('',#1722,#1726,#79,.T.);
#2092=EDGE_CURVE('',#1718,#1722,#83,.T.);
#2094=EDGE_CURVE('',#1714,#1718,#88,.T.);
#2096=EDGE_CURVE('',#1708,#1714,#92,.T.);
#2100=EDGE_CURVE('',#1933,#1934,#96,.T.);
#2102=EDGE_CURVE('',#1934,#1935,#103,.T.);
#2104=EDGE_CURVE('',#1935,#1937,#107,.T.);
#2106=EDGE_CURVE('',#1937,#1939,#112,.T.);
#2108=EDGE_CURVE('',#1939,#1941,#116,.T.);
#2110=EDGE_CURVE('',#1941,#1942,#124,.T.);
#2112=EDGE_CURVE('',#1942,#1944,#128,.T.);
#2114=EDGE_CURVE('',#1944,#1945,#135,.T.);
#2116=EDGE_CURVE('',#1945,#1947,#139,.T.);
#2118=EDGE_CURVE('',#1947,#1933,#156,.T.);
#2122=EDGE_CURVE('',#1950,#1951,#160,.T.);
#2124=EDGE_CURVE('',#1951,#1952,#167,.T.);
#2126=EDGE_CURVE('',#1952,#1954,#171,.T.);
#2128=EDGE_CURVE('',#1954,#1956,#176,.T.);
#2130=EDGE_CURVE('',#1956,#1958,#180,.T.);
#2132=EDGE_CURVE('',#1958,#1959,#187,.T.);
#2134=EDGE_CURVE('',#1959,#1961,#191,.T.);
#2136=EDGE_CURVE('',#1961,#1962,#198,.T.);
#2138=EDGE_CURVE('',#1962,#1964,#202,.T.);
#2140=EDGE_CURVE('',#1964,#1965,#210,.T.);
#2142=EDGE_CURVE('',#1965,#1967,#214,.T.);
#2144=EDGE_CURVE('',#1967,#1968,#221,.T.);
#2146=EDGE_CURVE('',#1968,#1970,#225,.T.);
#2148=EDGE_CURVE('',#1972,#1970,#230,.T.);
#2150=EDGE_CURVE('',#1972,#1974,#234,.T.);
#2152=EDGE_CURVE('',#1974,#1975,#241,.T.);
#2154=EDGE_CURVE('',#1975,#1977,#245,.T.);
#2156=EDGE_CURVE('',#1977,#1978,#252,.T.);
#2158=EDGE_CURVE('',#1978,#1980,#256,.T.);
#2160=EDGE_CURVE('',#1980,#1982,#261,.T.);
#2162=EDGE_CURVE('',#1982,#1984,#265,.T.);
#2164=EDGE_CURVE('',#1984,#1985,#272,.T.);
#2166=EDGE_CURVE('',#1985,#1987,#276,.T.);
#2168=EDGE_CURVE('',#1990,#1987,#1500,.T.);
#2170=EDGE_CURVE('',#1990,#1991,#280,.T.);
#2172=EDGE_CURVE('',#1991,#1992,#287,.T.);
#2174=EDGE_CURVE('',#1992,#1994,#291,.T.);
#2176=EDGE_CURVE('',#1996,#1994,#296,.T.);
#2178=EDGE_CURVE('',#1996,#1998,#300,.T.);
#2180=EDGE_CURVE('',#1998,#1950,#307,.T.);
#2184=EDGE_CURVE('',#2001,#2002,#311,.T.);
#2186=EDGE_CURVE('',#2002,#2003,#318,.T.);
#2188=EDGE_CURVE('',#2003,#2005,#322,.T.);
#2190=EDGE_CURVE('',#2005,#2007,#327,.T.);
#2192=EDGE_CURVE('',#2007,#2009,#331,.T.);
#2194=EDGE_CURVE('',#2009,#2010,#338,.T.);
#2196=EDGE_CURVE('',#2010,#2012,#342,.T.);
#2198=EDGE_CURVE('',#2012,#2013,#349,.T.);
#2200=EDGE_CURVE('',#2013,#2015,#353,.T.);
#2202=EDGE_CURVE('',#2015,#2016,#370,.T.);
#2204=EDGE_CURVE('',#2016,#2018,#374,.T.);
#2206=EDGE_CURVE('',#2018,#2001,#381,.T.);
#2216=EDGE_CURVE('',#2019,#2020,#391,.T.);
#2218=EDGE_CURVE('',#2020,#2021,#396,.T.);
#2220=EDGE_CURVE('',#2021,#2022,#406,.T.);
#2222=EDGE_CURVE('',#2022,#2019,#411,.T.);
#2232=EDGE_CURVE('',#2023,#2024,#421,.T.);
#2234=EDGE_CURVE('',#2024,#2025,#426,.T.);
#2236=EDGE_CURVE('',#2025,#2026,#436,.T.);
#2238=EDGE_CURVE('',#2026,#2023,#441,.T.);
#2248=EDGE_CURVE('',#2027,#2028,#451,.T.);
#2250=EDGE_CURVE('',#2028,#2029,#456,.T.);
#2252=EDGE_CURVE('',#2029,#2030,#466,.T.);
#2254=EDGE_CURVE('',#2030,#2027,#471,.T.);
#2265=EDGE_CURVE('',#1708,#1712,#479,.T.);
#2267=EDGE_CURVE('',#1711,#1712,#868,.T.);
#2269=EDGE_CURVE('',#1707,#1711,#475,.T.);
#2280=EDGE_CURVE('',#1714,#1716,#483,.T.);
#2282=EDGE_CURVE('',#1712,#1716,#880,.T.);
#2294=EDGE_CURVE('',#1718,#1720,#487,.T.);
#2296=EDGE_CURVE('',#1716,#1720,#897,.T.);
#2308=EDGE_CURVE('',#1722,#1724,#491,.T.);
#2310=EDGE_CURVE('',#1720,#1724,#909,.T.);
#2322=EDGE_CURVE('',#1726,#1728,#495,.T.);
#2324=EDGE_CURVE('',#1724,#1728,#926,.T.);
#2336=EDGE_CURVE('',#1730,#1732,#499,.T.);
#2338=EDGE_CURVE('',#1728,#1732,#938,.T.);
#2350=EDGE_CURVE('',#1734,#1736,#503,.T.);
#2352=EDGE_CURVE('',#1732,#1736,#955,.T.);
#2364=EDGE_CURVE('',#1738,#1740,#507,.T.);
#2366=EDGE_CURVE('',#1736,#1740,#583,.T.);
#2378=EDGE_CURVE('',#1742,#1744,#511,.T.);
#2380=EDGE_CURVE('',#1740,#1744,#616,.T.);
#2392=EDGE_CURVE('',#1746,#1748,#515,.T.);
#2394=EDGE_CURVE('',#1744,#1748,#631,.T.);
#2406=EDGE_CURVE('',#1750,#1752,#519,.T.);
#2408=EDGE_CURVE('',#1748,#1752,#648,.T.);
#2420=EDGE_CURVE('',#1754,#1756,#523,.T.);
#2422=EDGE_CURVE('',#1752,#1756,#663,.T.);
#2435=EDGE_CURVE('',#1756,#1760,#528,.T.);
#2448=EDGE_CURVE('',#1804,#1807,#539,.T.);
#2450=EDGE_CURVE('',#1804,#1756,#543,.T.);
#2505=EDGE_CURVE('',#1807,#1808,#551,.T.);
#2507=EDGE_CURVE('',#1806,#1808,#784,.T.);
#2509=EDGE_CURVE('',#1804,#1806,#547,.T.);
#2520=EDGE_CURVE('',#1810,#1812,#555,.T.);
#2522=EDGE_CURVE('',#1808,#1812,#788,.T.);
#2577=EDGE_CURVE('',#1810,#1813,#571,.T.);
#2579=EDGE_CURVE('',#1813,#1814,#1007,.T.);
#2581=EDGE_CURVE('',#1812,#1814,#799,.T.);
#2592=EDGE_CURVE('',#1764,#1768,#560,.T.);
#2594=EDGE_CURVE('',#1813,#1768,#611,.T.);
#2607=EDGE_CURVE('',#1766,#1768,#579,.T.);
#2621=EDGE_CURVE('',#1768,#1711,#599,.T.);
#2633=EDGE_CURVE('',#1740,#1792,#587,.T.);
#2635=EDGE_CURVE('',#1789,#1792,#591,.T.);
#2637=EDGE_CURVE('',#1736,#1789,#595,.T.);
#2648=EDGE_CURVE('',#1769,#1711,#603,.T.);
#2650=EDGE_CURVE('',#1813,#1769,#607,.T.);
#2662=EDGE_CURVE('',#1744,#1795,#643,.T.);
#2664=EDGE_CURVE('',#1792,#1795,#627,.T.);
#2676=EDGE_CURVE('',#1748,#1798,#635,.T.);
#2678=EDGE_CURVE('',#1795,#1798,#639,.T.);
#2690=EDGE_CURVE('',#1801,#1752,#671,.T.);
#2692=EDGE_CURVE('',#1798,#1801,#659,.T.);
#2705=EDGE_CURVE('',#1801,#1804,#667,.T.);
#2718=EDGE_CURVE('',#1802,#1806,#773,.T.);
#2720=EDGE_CURVE('',#1801,#1802,#675,.T.);
#2730=EDGE_CURVE('',#1771,#1772,#703,.T.);
#2732=EDGE_CURVE('',#1772,#1776,#707,.T.);
#2734=EDGE_CURVE('',#1776,#1778,#715,.T.);
#2736=EDGE_CURVE('',#1778,#1782,#719,.T.);
#2738=EDGE_CURVE('',#1782,#1784,#727,.T.);
#2740=EDGE_CURVE('',#1784,#1788,#731,.T.);
#2742=EDGE_CURVE('',#1788,#1790,#739,.T.);
#2744=EDGE_CURVE('',#1790,#1794,#743,.T.);
#2746=EDGE_CURVE('',#1794,#1796,#754,.T.);
#2748=EDGE_CURVE('',#1796,#1800,#758,.T.);
#2750=EDGE_CURVE('',#1800,#1802,#769,.T.);
#2756=EDGE_CURVE('',#1814,#1771,#803,.T.);
#2760=EDGE_CURVE('',#1695,#1696,#690,.T.);
#2762=EDGE_CURVE('',#1696,#1695,#695,.T.);
#2766=EDGE_CURVE('',#1691,#1692,#680,.T.);
#2768=EDGE_CURVE('',#1692,#1691,#685,.T.);
#2772=EDGE_CURVE('',#1825,#1826,#808,.T.);
#2774=EDGE_CURVE('',#1826,#1825,#813,.T.);
#2778=EDGE_CURVE('',#1829,#1830,#818,.T.);
#2780=EDGE_CURVE('',#1830,#1829,#823,.T.);
#2791=EDGE_CURVE('',#1700,#1691,#831,.T.);
#2793=EDGE_CURVE('',#1699,#1700,#836,.T.);
#2795=EDGE_CURVE('',#1699,#1692,#827,.T.);
#2807=EDGE_CURVE('',#1700,#1699,#841,.T.);
#2829=EDGE_CURVE('',#1704,#1695,#849,.T.);
#2831=EDGE_CURVE('',#1703,#1704,#854,.T.);
#2833=EDGE_CURVE('',#1703,#1696,#845,.T.);
#2845=EDGE_CURVE('',#1704,#1703,#859,.T.);
#2898=EDGE_CURVE('',#1769,#1770,#876,.T.);
#2900=EDGE_CURVE('',#1770,#1772,#1003,.T.);
#2903=EDGE_CURVE('',#1769,#1771,#863,.T.);
#2914=EDGE_CURVE('',#1770,#1712,#892,.T.);
#2927=EDGE_CURVE('',#1716,#1774,#884,.T.);
#2929=EDGE_CURVE('',#1770,#1774,#888,.T.);
#2941=EDGE_CURVE('',#1720,#1777,#921,.T.);
#2943=EDGE_CURVE('',#1774,#1777,#905,.T.);
#2955=EDGE_CURVE('',#1724,#1780,#913,.T.);
#2957=EDGE_CURVE('',#1777,#1780,#917,.T.);
#2969=EDGE_CURVE('',#1728,#1783,#950,.T.);
#2971=EDGE_CURVE('',#1780,#1783,#934,.T.);
#2983=EDGE_CURVE('',#1732,#1786,#942,.T.);
#2985=EDGE_CURVE('',#1783,#1786,#946,.T.);
#2998=EDGE_CURVE('',#1786,#1789,#963,.T.);
#3042=EDGE_CURVE('',#1789,#1790,#971,.T.);
#3045=EDGE_CURVE('',#1786,#1788,#967,.T.);
#3056=EDGE_CURVE('',#1792,#1794,#975,.T.);
#3113=EDGE_CURVE('',#1795,#1796,#979,.T.);
#3126=EDGE_CURVE('',#1798,#1800,#983,.T.);
#3197=EDGE_CURVE('',#1783,#1784,#987,.T.);
#3242=EDGE_CURVE('',#1780,#1782,#991,.T.);
#3255=EDGE_CURVE('',#1777,#1778,#995,.T.);
#3300=EDGE_CURVE('',#1774,#1776,#999,.T.);
#3335=EDGE_CURVE('',#1825,#1818,#1011,.T.);
#3337=EDGE_CURVE('',#1817,#1818,#1020,.T.);
#3339=EDGE_CURVE('',#1826,#1817,#1015,.T.);
#3351=EDGE_CURVE('',#1818,#1817,#1025,.T.);
#3372=EDGE_CURVE('',#1821,#1822,#1030,.T.);
#3374=EDGE_CURVE('',#1822,#1821,#1035,.T.);
#3385=EDGE_CURVE('',#1829,#1822,#1039,.T.);
#3388=EDGE_CURVE('',#1830,#1821,#1043,.T.);
#3411=EDGE_CURVE('',#1933,#1833,#1047,.T.);
#3413=EDGE_CURVE('',#1833,#1834,#1087,.T.);
#3415=EDGE_CURVE('',#1934,#1834,#1083,.T.);
#3438=B_SPLINE_CURVE_WITH_KNOTS('',3,(#3420,#3421,#3422,#3423,#3424,#3425,#3426,
#3427,#3428,#3429,#3430,#3431,#3432,#3433,#3434,#3435,#3436,#3437),
.UNSPECIFIED.,.F.,.F.,(4,1,1,1,1,1,1,1,1,1,1,1,1,1,1,4),(0.E0,2.693583929135E-2,
1.027632718819E-1,1.791309996796E-1,2.498328805339E-1,3.182465622633E-1,
3.882843855609E-1,4.619722319254E-1,5.358808120203E-1,6.075878518138E-1,
6.777114351250E-1,7.489152842787E-1,8.222609503020E-1,8.984155798489E-1,
9.732095197476E-1,1.E0),.UNSPECIFIED.);
#3443=EDGE_CURVE('',#1947,#1847,#1051,.T.);
#3445=EDGE_CURVE('',#1847,#1833,#1104,.T.);
#3457=EDGE_CURVE('',#1945,#1845,#1055,.T.);
#3459=EDGE_CURVE('',#1845,#1847,#1108,.T.);
#3473=B_SPLINE_CURVE_WITH_KNOTS('',3,(#3465,#3466,#3467,#3468,#3469,#3470,#3471,
#3472),.UNSPECIFIED.,.F.,.F.,(4,1,1,1,1,4),(0.E0,1.923076923077E-2,
3.436489132539E-1,6.535968569079E-1,9.807692307692E-1,1.E0),.UNSPECIFIED.);
#3478=EDGE_CURVE('',#1944,#1844,#1059,.T.);
#3480=EDGE_CURVE('',#1844,#1845,#1115,.T.);
#3492=EDGE_CURVE('',#1942,#1842,#1063,.T.);
#3494=EDGE_CURVE('',#1842,#1844,#1119,.T.);
#3509=B_SPLINE_CURVE_WITH_KNOTS('',3,(#3500,#3501,#3502,#3503,#3504,#3505,#3506,
#3507,#3508),.UNSPECIFIED.,.F.,.F.,(4,1,1,1,1,1,4),(0.E0,1.923076923077E-2,
2.665224789169E-1,5.006192854874E-1,7.333509640230E-1,9.807692307692E-1,1.E0),
.UNSPECIFIED.);
#3514=EDGE_CURVE('',#1941,#1841,#1067,.T.);
#3516=EDGE_CURVE('',#1841,#1842,#1127,.T.);
#3528=EDGE_CURVE('',#1939,#1839,#1071,.T.);
#3530=EDGE_CURVE('',#1839,#1841,#1131,.T.);
#3542=EDGE_CURVE('',#1937,#1837,#1075,.T.);
#3544=EDGE_CURVE('',#1837,#1839,#1136,.T.);
#3556=EDGE_CURVE('',#1935,#1835,#1079,.T.);
#3558=EDGE_CURVE('',#1835,#1837,#1140,.T.);
#3572=B_SPLINE_CURVE_WITH_KNOTS('',3,(#3564,#3565,#3566,#3567,#3568,#3569,#3570,
#3571),.UNSPECIFIED.,.F.,.F.,(4,1,1,1,1,4),(0.E0,1.923076923077E-2,
3.431955280524E-1,6.528590948841E-1,9.807692307692E-1,1.E0),.UNSPECIFIED.);
#3578=EDGE_CURVE('',#1834,#1835,#1147,.T.);
#3601=EDGE_CURVE('',#1923,#1924,#1412,.T.);
#3603=EDGE_CURVE('',#1926,#1923,#1417,.T.);
#3605=EDGE_CURVE('',#1925,#1926,#1427,.T.);
#3607=EDGE_CURVE('',#1924,#1925,#1432,.T.);
#3617=EDGE_CURVE('',#1850,#1851,#1151,.T.);
#3619=EDGE_CURVE('',#1898,#1850,#1158,.T.);
#3621=EDGE_CURVE('',#1896,#1898,#1162,.T.);
#3623=EDGE_CURVE('',#1894,#1896,#1167,.T.);
#3625=EDGE_CURVE('',#1892,#1894,#1171,.T.);
#3627=EDGE_CURVE('',#1891,#1892,#1178,.T.);
#3629=EDGE_CURVE('',#1890,#1891,#1182,.T.);
#3631=EDGE_CURVE('',#1887,#1890,#1495,.T.);
#3633=EDGE_CURVE('',#1885,#1887,#1186,.T.);
#3635=EDGE_CURVE('',#1884,#1885,#1193,.T.);
#3637=EDGE_CURVE('',#1882,#1884,#1197,.T.);
#3639=EDGE_CURVE('',#1880,#1882,#1202,.T.);
#3641=EDGE_CURVE('',#1878,#1880,#1206,.T.);
#3643=EDGE_CURVE('',#1877,#1878,#1213,.T.);
#3645=EDGE_CURVE('',#1875,#1877,#1217,.T.);
#3647=EDGE_CURVE('',#1874,#1875,#1224,.T.);
#3649=EDGE_CURVE('',#1872,#1874,#1228,.T.);
#3651=EDGE_CURVE('',#1870,#1872,#1233,.T.);
#3653=EDGE_CURVE('',#1868,#1870,#1237,.T.);
#3655=EDGE_CURVE('',#1867,#1868,#1244,.T.);
#3657=EDGE_CURVE('',#1865,#1867,#1248,.T.);
#3659=EDGE_CURVE('',#1864,#1865,#1256,.T.);
#3661=EDGE_CURVE('',#1862,#1864,#1260,.T.);
#3663=EDGE_CURVE('',#1861,#1862,#1267,.T.);
#3665=EDGE_CURVE('',#1859,#1861,#1271,.T.);
#3667=EDGE_CURVE('',#1858,#1859,#1278,.T.);
#3669=EDGE_CURVE('',#1856,#1858,#1282,.T.);
#3671=EDGE_CURVE('',#1854,#1856,#1287,.T.);
#3673=EDGE_CURVE('',#1852,#1854,#1291,.T.);
#3675=EDGE_CURVE('',#1851,#1852,#1298,.T.);
#3679=EDGE_CURVE('',#1919,#1920,#1382,.T.);
#3681=EDGE_CURVE('',#1922,#1919,#1387,.T.);
#3683=EDGE_CURVE('',#1921,#1922,#1397,.T.);
#3685=EDGE_CURVE('',#1920,#1921,#1402,.T.);
#3695=EDGE_CURVE('',#1901,#1902,#1302,.T.);
#3697=EDGE_CURVE('',#1918,#1901,#1309,.T.);
#3699=EDGE_CURVE('',#1916,#1918,#1313,.T.);
#3701=EDGE_CURVE('',#1915,#1916,#1330,.T.);
#3703=EDGE_CURVE('',#1913,#1915,#1334,.T.);
#3705=EDGE_CURVE('',#1912,#1913,#1341,.T.);
#3707=EDGE_CURVE('',#1910,#1912,#1345,.T.);
#3709=EDGE_CURVE('',#1909,#1910,#1352,.T.);
#3711=EDGE_CURVE('',#1907,#1909,#1356,.T.);
#3713=EDGE_CURVE('',#1905,#1907,#1361,.T.);
#3715=EDGE_CURVE('',#1903,#1905,#1365,.T.);
#3717=EDGE_CURVE('',#1902,#1903,#1372,.T.);
#3721=EDGE_CURVE('',#1927,#1928,#1442,.T.);
#3723=EDGE_CURVE('',#1930,#1927,#1447,.T.);
#3725=EDGE_CURVE('',#1929,#1930,#1457,.T.);
#3727=EDGE_CURVE('',#1928,#1929,#1462,.T.);
#3738=EDGE_CURVE('',#1950,#1850,#1466,.T.);
#3741=EDGE_CURVE('',#1951,#1851,#1592,.T.);
#3754=B_SPLINE_CURVE_WITH_KNOTS('',3,(#3746,#3747,#3748,#3749,#3750,#3751,#3752,
#3753),.UNSPECIFIED.,.F.,.F.,(4,1,1,1,1,4),(0.E0,1.923076923077E-2,
3.489056617418E-1,6.589650202982E-1,9.807692307692E-1,1.E0),.UNSPECIFIED.);
#3759=EDGE_CURVE('',#1998,#1898,#1470,.T.);
#3772=EDGE_CURVE('',#1996,#1896,#1474,.T.);
#3785=EDGE_CURVE('',#1994,#1894,#1478,.T.);
#3798=EDGE_CURVE('',#1992,#1892,#1482,.T.);
#3813=B_SPLINE_CURVE_WITH_KNOTS('',3,(#3805,#3806,#3807,#3808,#3809,#3810,#3811,
#3812),.UNSPECIFIED.,.F.,.F.,(4,1,1,1,1,4),(0.E0,1.923076923077E-2,
3.434516875838E-1,6.533176477163E-1,9.807692307692E-1,1.E0),.UNSPECIFIED.);
#3818=EDGE_CURVE('',#1991,#1891,#1486,.T.);
#3831=EDGE_CURVE('',#1990,#1890,#1490,.T.);
#3846=EDGE_CURVE('',#1987,#1887,#1504,.T.);
#3857=EDGE_CURVE('',#1985,#1885,#1508,.T.);
#3872=B_SPLINE_CURVE_WITH_KNOTS('',3,(#3864,#3865,#3866,#3867,#3868,#3869,#3870,
#3871),.UNSPECIFIED.,.F.,.F.,(4,1,1,1,1,4),(0.E0,1.923076923077E-2,
3.487707255602E-1,6.588134232449E-1,9.807692307692E-1,1.E0),.UNSPECIFIED.);
#3877=EDGE_CURVE('',#1984,#1884,#1512,.T.);
#3890=EDGE_CURVE('',#1982,#1882,#1516,.T.);
#3903=EDGE_CURVE('',#1980,#1880,#1520,.T.);
#3916=EDGE_CURVE('',#1978,#1878,#1524,.T.);
#3931=B_SPLINE_CURVE_WITH_KNOTS('',3,(#3923,#3924,#3925,#3926,#3927,#3928,#3929,
#3930),.UNSPECIFIED.,.F.,.F.,(4,1,1,1,1,4),(0.E0,1.923076923077E-2,
3.462986136150E-1,6.559879091932E-1,9.807692307692E-1,1.E0),.UNSPECIFIED.);
#3936=EDGE_CURVE('',#1977,#1877,#1528,.T.);
#3949=EDGE_CURVE('',#1975,#1875,#1532,.T.);
#3964=B_SPLINE_CURVE_WITH_KNOTS('',3,(#3956,#3957,#3958,#3959,#3960,#3961,#3962,
#3963),.UNSPECIFIED.,.F.,.F.,(4,1,1,1,1,4),(0.E0,1.923076923077E-2,
3.493584984117E-1,6.590588215467E-1,9.807692307692E-1,1.E0),.UNSPECIFIED.);
#3969=EDGE_CURVE('',#1974,#1874,#1536,.T.);
#3982=EDGE_CURVE('',#1972,#1872,#1540,.T.);
#3995=EDGE_CURVE('',#1970,#1870,#1544,.T.);
#4008=EDGE_CURVE('',#1968,#1868,#1548,.T.);
#4023=B_SPLINE_CURVE_WITH_KNOTS('',3,(#4015,#4016,#4017,#4018,#4019,#4020,#4021,
#4022),.UNSPECIFIED.,.F.,.F.,(4,1,1,1,1,4),(0.E0,1.923076923077E-2,
3.462504230197E-1,6.559842992313E-1,9.807692307692E-1,1.E0),.UNSPECIFIED.);
#4028=EDGE_CURVE('',#1967,#1867,#1552,.T.);
#4041=EDGE_CURVE('',#1965,#1865,#1556,.T.);
#4057=B_SPLINE_CURVE_WITH_KNOTS('',3,(#4048,#4049,#4050,#4051,#4052,#4053,#4054,
#4055,#4056),.UNSPECIFIED.,.F.,.F.,(4,1,1,1,1,1,4),(0.E0,2.182319837864E-1,
3.665253338774E-1,5.097964313621E-1,6.512357131344E-1,7.959683838497E-1,1.E0),
.UNSPECIFIED.);
#4062=EDGE_CURVE('',#1964,#1864,#1560,.T.);
#4075=EDGE_CURVE('',#1962,#1862,#1564,.T.);
#4090=B_SPLINE_CURVE_WITH_KNOTS('',3,(#4082,#4083,#4084,#4085,#4086,#4087,#4088,
#4089),.UNSPECIFIED.,.F.,.F.,(4,1,1,1,1,4),(0.E0,1.923076923077E-2,
3.463120816469E-1,6.559943976623E-1,9.807692307692E-1,1.E0),.UNSPECIFIED.);
#4095=EDGE_CURVE('',#1961,#1861,#1568,.T.);
#4108=EDGE_CURVE('',#1959,#1859,#1572,.T.);
#4123=B_SPLINE_CURVE_WITH_KNOTS('',3,(#4115,#4116,#4117,#4118,#4119,#4120,#4121,
#4122),.UNSPECIFIED.,.F.,.F.,(4,1,1,1,1,4),(0.E0,1.923076923077E-2,
3.493399421614E-1,6.589412404269E-1,9.807692307692E-1,1.E0),.UNSPECIFIED.);
#4128=EDGE_CURVE('',#1958,#1858,#1576,.T.);
#4141=EDGE_CURVE('',#1956,#1856,#1580,.T.);
#4154=EDGE_CURVE('',#1954,#1854,#1584,.T.);
#4167=EDGE_CURVE('',#1952,#1852,#1588,.T.);
#4182=B_SPLINE_CURVE_WITH_KNOTS('',3,(#4174,#4175,#4176,#4177,#4178,#4179,#4180,
#4181),.UNSPECIFIED.,.F.,.F.,(4,1,1,1,1,4),(0.E0,1.923076923077E-2,
3.462671925458E-1,6.560313119656E-1,9.807692307692E-1,1.E0),.UNSPECIFIED.);
#4199=EDGE_CURVE('',#2001,#1901,#1596,.T.);
#4202=EDGE_CURVE('',#2002,#1902,#1640,.T.);
#4215=B_SPLINE_CURVE_WITH_KNOTS('',3,(#4207,#4208,#4209,#4210,#4211,#4212,#4213,
#4214),.UNSPECIFIED.,.F.,.F.,(4,1,1,1,1,4),(0.E0,1.923076923077E-2,
3.440010203933E-1,6.537550316048E-1,9.807692307692E-1,1.E0),.UNSPECIFIED.);
#4220=EDGE_CURVE('',#2018,#1918,#1600,.T.);
#4233=EDGE_CURVE('',#2016,#1916,#1604,.T.);
#4258=B_SPLINE_CURVE_WITH_KNOTS('',3,(#4240,#4241,#4242,#4243,#4244,#4245,#4246,
#4247,#4248,#4249,#4250,#4251,#4252,#4253,#4254,#4255,#4256,#4257),
.UNSPECIFIED.,.F.,.F.,(4,1,1,1,1,1,1,1,1,1,1,1,1,1,1,4),(0.E0,2.689385477797E-2,
1.033773692253E-1,1.768543292533E-1,2.512482867286E-1,3.258963111362E-1,
4.000098371711E-1,4.728371997558E-1,5.451450260535E-1,6.162092110352E-1,
6.866548298776E-1,7.566046455700E-1,8.272334506215E-1,8.994403151881E-1,
9.733504244570E-1,1.E0),.UNSPECIFIED.);
#4263=EDGE_CURVE('',#2015,#1915,#1608,.T.);
#4276=EDGE_CURVE('',#2013,#1913,#1612,.T.);
#4291=B_SPLINE_CURVE_WITH_KNOTS('',3,(#4283,#4284,#4285,#4286,#4287,#4288,#4289,
#4290),.UNSPECIFIED.,.F.,.F.,(4,1,1,1,1,4),(0.E0,1.923076923077E-2,
3.432564186316E-1,6.528321632669E-1,9.807692307692E-1,1.E0),.UNSPECIFIED.);
#4296=EDGE_CURVE('',#2012,#1912,#1616,.T.);
#4309=EDGE_CURVE('',#2010,#1910,#1620,.T.);
#4324=B_SPLINE_CURVE_WITH_KNOTS('',3,(#4316,#4317,#4318,#4319,#4320,#4321,#4322,
#4323),.UNSPECIFIED.,.F.,.F.,(4,1,1,1,1,4),(0.E0,1.923076923077E-2,
3.440027383855E-1,6.537263075824E-1,9.807692307692E-1,1.E0),.UNSPECIFIED.);
#4329=EDGE_CURVE('',#2009,#1909,#1624,.T.);
#4342=EDGE_CURVE('',#2007,#1907,#1628,.T.);
#4355=EDGE_CURVE('',#2005,#1905,#1632,.T.);
#4368=EDGE_CURVE('',#2003,#1903,#1636,.T.);
#4383=B_SPLINE_CURVE_WITH_KNOTS('',3,(#4375,#4376,#4377,#4378,#4379,#4380,#4381,
#4382),.UNSPECIFIED.,.F.,.F.,(4,1,1,1,1,4),(0.E0,1.923076923077E-2,
3.431274374460E-1,6.528188458666E-1,9.807692307692E-1,1.E0),.UNSPECIFIED.);
#4405=B_SPLINE_CURVE_WITH_KNOTS('',3,(#4394,#4395,#4396,#4397,#4398,#4399,#4400,
#4401,#4402,#4403,#4404),.UNSPECIFIED.,.F.,.F.,(4,1,1,1,1,1,1,1,4),(0.E0,
1.070670717181E-1,2.338909311680E-1,3.659950016999E-1,5.011875377325E-1,
6.361626760606E-1,7.653248766685E-1,8.956360015245E-1,1.E0),.UNSPECIFIED.);
#4410=EDGE_CURVE('',#2019,#1919,#1644,.T.);
#4413=EDGE_CURVE('',#2020,#1920,#1656,.T.);
#4424=B_SPLINE_CURVE_WITH_KNOTS('',3,(#4418,#4419,#4420,#4421,#4422,#4423),
.UNSPECIFIED.,.F.,.F.,(4,1,1,4),(0.E0,1.923076923077E-2,9.807692307692E-1,1.E0),
.UNSPECIFIED.);
#4429=EDGE_CURVE('',#2022,#1922,#1648,.T.);
#4447=B_SPLINE_CURVE_WITH_KNOTS('',3,(#4436,#4437,#4438,#4439,#4440,#4441,#4442,
#4443,#4444,#4445,#4446),.UNSPECIFIED.,.F.,.F.,(4,1,1,1,1,1,1,1,4),(0.E0,
1.068085825887E-1,2.365333069858E-1,3.690203394387E-1,5.018404188998E-1,
6.327447855055E-1,7.655082168261E-1,8.958631792855E-1,1.E0),.UNSPECIFIED.);
#4452=EDGE_CURVE('',#2021,#1921,#1652,.T.);
#4465=B_SPLINE_CURVE_WITH_KNOTS('',3,(#4459,#4460,#4461,#4462,#4463,#4464),
.UNSPECIFIED.,.F.,.F.,(4,1,1,4),(0.E0,1.923076923077E-2,9.807692307692E-1,1.E0),
.UNSPECIFIED.);
#4487=B_SPLINE_CURVE_WITH_KNOTS('',3,(#4476,#4477,#4478,#4479,#4480,#4481,#4482,
#4483,#4484,#4485,#4486),.UNSPECIFIED.,.F.,.F.,(4,1,1,1,1,1,1,1,4),(0.E0,
1.068042088128E-1,2.365284481645E-1,3.690453354320E-1,5.018609121302E-1,
6.327667566352E-1,7.655273530015E-1,8.958670176619E-1,1.E0),.UNSPECIFIED.);
#4492=EDGE_CURVE('',#2023,#1923,#1660,.T.);
#4495=EDGE_CURVE('',#2024,#1924,#1672,.T.);
#4506=B_SPLINE_CURVE_WITH_KNOTS('',3,(#4500,#4501,#4502,#4503,#4504,#4505),
.UNSPECIFIED.,.F.,.F.,(4,1,1,4),(0.E0,1.923076923077E-2,9.807692307692E-1,1.E0),
.UNSPECIFIED.);
#4511=EDGE_CURVE('',#2026,#1926,#1664,.T.);
#4529=B_SPLINE_CURVE_WITH_KNOTS('',3,(#4518,#4519,#4520,#4521,#4522,#4523,#4524,
#4525,#4526,#4527,#4528),.UNSPECIFIED.,.F.,.F.,(4,1,1,1,1,1,1,1,4),(0.E0,
1.070621937980E-1,2.338640931870E-1,3.659700470050E-1,5.011767353475E-1,
6.361637073319E-1,7.652857456732E-1,8.956410623487E-1,1.E0),.UNSPECIFIED.);
#4534=EDGE_CURVE('',#2025,#1925,#1668,.T.);
#4547=B_SPLINE_CURVE_WITH_KNOTS('',3,(#4541,#4542,#4543,#4544,#4545,#4546),
.UNSPECIFIED.,.F.,.F.,(4,1,1,4),(0.E0,1.923076923077E-2,9.807692307692E-1,1.E0),
.UNSPECIFIED.);
#4569=B_SPLINE_CURVE_WITH_KNOTS('',3,(#4558,#4559,#4560,#4561,#4562,#4563,#4564,
#4565,#4566,#4567,#4568),.UNSPECIFIED.,.F.,.F.,(4,1,1,1,1,1,1,1,4),(0.E0,
1.068013243324E-1,2.365306990113E-1,3.690515078791E-1,5.018669842221E-1,
6.327732514780E-1,7.655333865125E-1,8.958707332357E-1,1.E0),.UNSPECIFIED.);
#4574=EDGE_CURVE('',#2027,#1927,#1676,.T.);
#4577=EDGE_CURVE('',#2028,#1928,#1688,.T.);
#4588=B_SPLINE_CURVE_WITH_KNOTS('',3,(#4582,#4583,#4584,#4585,#4586,#4587),
.UNSPECIFIED.,.F.,.F.,(4,1,1,4),(0.E0,1.923076923077E-2,9.807692307692E-1,1.E0),
.UNSPECIFIED.);
#4593=EDGE_CURVE('',#2030,#1930,#1680,.T.);
#4611=B_SPLINE_CURVE_WITH_KNOTS('',3,(#4600,#4601,#4602,#4603,#4604,#4605,#4606,
#4607,#4608,#4609,#4610),.UNSPECIFIED.,.F.,.F.,(4,1,1,1,1,1,1,1,4),(0.E0,
1.070585300086E-1,2.338653321993E-1,3.659701204365E-1,5.011732353984E-1,
6.361586397416E-1,7.652921321572E-1,8.956453212184E-1,1.E0),.UNSPECIFIED.);
#4616=EDGE_CURVE('',#2029,#1929,#1684,.T.);
#4629=B_SPLINE_CURVE_WITH_KNOTS('',3,(#4623,#4624,#4625,#4626,#4627,#4628),
.UNSPECIFIED.,.F.,.F.,(4,1,1,4),(0.E0,1.923076923077E-2,9.807692307692E-1,1.E0),
.UNSPECIFIED.);
#4640=CLOSED_SHELL('',(#2046,#2061,#2210,#2226,#2242,#2258,#2273,#2287,#2301,
#2315,#2329,#2343,#2357,#2371,#2385,#2399,#2413,#2427,#2440,#2454,#2513,#2527,
#2586,#2600,#2613,#2626,#2641,#2655,#2669,#2683,#2697,#2710,#2724,#2784,#2799,
#2812,#2822,#2837,#2850,#2860,#2907,#2920,#2934,#2948,#2962,#2976,#2990,#3003,
#3049,#3062,#3119,#3132,#3188,#3201,#3246,#3259,#3304,#3316,#3328,#3343,#3356,
#3366,#3378,#3392,#3404,#3419,#3450,#3464,#3485,#3499,#3521,#3535,#3549,#3563,
#3583,#3611,#3689,#3731,#3745,#3765,#3778,#3791,#3804,#3824,#3837,#3850,#3863,
#3883,#3896,#3909,#3922,#3942,#3955,#3975,#3988,#4001,#4014,#4034,#4047,#4068,
#4081,#4101,#4114,#4134,#4147,#4160,#4173,#4192,#4206,#4226,#4239,#4269,#4282,
#4302,#4315,#4335,#4348,#4361,#4374,#4393,#4417,#4435,#4458,#4475,#4499,#4517,
#4540,#4557,#4581,#4599,#4622,#4639));
#4641=MANIFOLD_SOLID_BREP('',#4640);
#4642=(LENGTH_UNIT()NAMED_UNIT(*)SI_UNIT(.MILLI.,.METRE.));
#4644=(NAMED_UNIT(*)PLANE_ANGLE_UNIT()SI_UNIT($,.RADIAN.));
#4647=(NAMED_UNIT(*)SI_UNIT($,.STERADIAN.)SOLID_ANGLE_UNIT());
#4653=AXIS2_PLACEMENT_3D('',#4650,#4651,#4652);
#4654=ADVANCED_BREP_SHAPE_REPRESENTATION('',(#4653,#4641),#4649);
#4661=PRODUCT_DEFINITION('design','',#4660,#4657);
#4662=PRODUCT_DEFINITION_SHAPE('','SHAPE FOR PRT0002_3.',#4661);
#4663=SHAPE_DEFINITION_REPRESENTATION(#4662,#4654);
#4664=SHAPE_DEFINITION_REPRESENTATION(#4665,#4666);
#4665=PRODUCT_DEFINITION_SHAPE('','SHAPE FOR SHOUTUO_ASM_1_ASM.',#4835);
#4666=SHAPE_REPRESENTATION('',(#4672,#4788,#4797,#4806,#4815,#4830),#4826);
#4667=NEXT_ASSEMBLY_USAGE_OCCURRENCE('0','Next assembly relationship','PRT0002',
#4835,#4661,$);
#4668=PRODUCT_DEFINITION_SHAPE('Placement #0',
'Placement of PRT0002_3 with respect to SHOUTUO_ASM_1_ASM',#4667);
#4680=CIRCLE('',#4679,4.25E0);
#4685=CIRCLE('',#4684,4.25E0);
#4698=CIRCLE('',#4697,4.25E0);
#4703=CIRCLE('',#4702,4.25E0);
#4717=EDGE_CURVE('',#4706,#4707,#4680,.T.);
#4719=EDGE_CURVE('',#4707,#4706,#4685,.T.);
#4730=EDGE_CURVE('',#4709,#4706,#4693,.T.);
#4732=EDGE_CURVE('',#4711,#4709,#4698,.T.);
#4734=EDGE_CURVE('',#4711,#4707,#4689,.T.);
#4746=EDGE_CURVE('',#4709,#4711,#4703,.T.);
#4762=CLOSED_SHELL('',(#4723,#4738,#4751,#4761));
#4763=MANIFOLD_SOLID_BREP('',#4762);
#4764=(LENGTH_UNIT()NAMED_UNIT(*)SI_UNIT(.MILLI.,.METRE.));
#4766=(NAMED_UNIT(*)PLANE_ANGLE_UNIT()SI_UNIT($,.RADIAN.));
#4769=(NAMED_UNIT(*)SI_UNIT($,.STERADIAN.)SOLID_ANGLE_UNIT());
#4775=AXIS2_PLACEMENT_3D('',#4772,#4773,#4774);
#4776=ADVANCED_BREP_SHAPE_REPRESENTATION('',(#4775,#4763),#4771);
#4780=PRODUCT_DEFINITION('design','',#4779,#4657);
#4781=PRODUCT_DEFINITION_SHAPE('','SHAPE FOR JIAODIAN_1.',#4780);
#4782=SHAPE_DEFINITION_REPRESENTATION(#4781,#4776);
#4783=NEXT_ASSEMBLY_USAGE_OCCURRENCE('1','Next assembly relationship',
'JIAODIAN',#4835,#4780,$);
#4784=PRODUCT_DEFINITION_SHAPE('Placement #1',
'Placement of JIAODIAN_1 with respect to SHOUTUO_ASM_1_ASM',#4783);
#4792=NEXT_ASSEMBLY_USAGE_OCCURRENCE('2','Next assembly relationship',
'JIAODIAN_1',#4835,#4780,$);
#4793=PRODUCT_DEFINITION_SHAPE('Placement #2',
'Placement of JIAODIAN_1 with respect to SHOUTUO_ASM_1_ASM',#4792);
#4801=NEXT_ASSEMBLY_USAGE_OCCURRENCE('3','Next assembly relationship',
'JIAODIAN_1',#4835,#4780,$);
#4802=PRODUCT_DEFINITION_SHAPE('Placement #3',
'Placement of JIAODIAN_1 with respect to SHOUTUO_ASM_1_ASM',#4801);
#4810=NEXT_ASSEMBLY_USAGE_OCCURRENCE('4','Next assembly relationship',
'JIAODIAN_1',#4835,#4780,$);
#4811=PRODUCT_DEFINITION_SHAPE('Placement #4',
'Placement of JIAODIAN_1 with respect to SHOUTUO_ASM_1_ASM',#4810);
#4819=(LENGTH_UNIT()NAMED_UNIT(*)SI_UNIT(.MILLI.,.METRE.));
#4821=(NAMED_UNIT(*)PLANE_ANGLE_UNIT()SI_UNIT($,.RADIAN.));
#4824=(NAMED_UNIT(*)SI_UNIT($,.STERADIAN.)SOLID_ANGLE_UNIT());
#4830=AXIS2_PLACEMENT_3D('',#4827,#4828,#4829);
#4835=PRODUCT_DEFINITION('design','',#4834,#4831);
ENDSEC;
END-ISO-10303-21;
