ISO-10303-21;
HEADER;
FILE_DESCRIPTION((''),'2;1');
FILE_NAME('PRT0003','2022-10-17T',('Administrator'),(''),
'PRO/ENGINEER BY PARAMETRIC TECHNOLOGY CORPORATION, 2009440',
'PRO/ENGINEER BY PARAMETRIC TECHNOLOGY CORPORATION, 2009440','');
FILE_SCHEMA(('CONFIG_CONTROL_DESIGN'));
ENDSEC;
DATA;
#122=DIRECTION('',(2.702395006884E-6,-9.999384178997E-1,-1.109776558619E-2));
#123=VECTOR('',#122,6.899982370735E1);
#124=CARTESIAN_POINT('',(-1.583001864474E2,-6.203822581110E1,
-1.283572764694E0));
#125=LINE('',#124,#123);
#126=DIRECTION('',(5.020488079400E-5,-1.109199411968E-2,9.999384806806E-1));
#127=VECTOR('',#126,3.735221996470E0);
#128=CARTESIAN_POINT('',(-1.583001875090E2,-1.309923693040E2,
-5.784308841842E0));
#129=LINE('',#128,#127);
#130=DIRECTION('',(1.070786252094E-8,9.982728414536E-1,-5.874805542419E-2));
#131=VECTOR('',#130,6.894751969169E1);
#132=CARTESIAN_POINT('',(-1.583001875090E2,-1.309923693040E2,
-5.784308841842E0));
#133=LINE('',#132,#131);
#134=DIRECTION('',(-3.780497684560E-8,-1.469881507083E-2,-9.998919665821E-1));
#135=VECTOR('',#134,8.552192707965E0);
#136=CARTESIAN_POINT('',(-1.583001864474E2,-6.203822581110E1,
-1.283572764694E0));
#137=LINE('',#136,#135);
#138=DIRECTION('',(-7.070848046628E-1,7.846050395539E-3,-7.070852271884E-1));
#139=VECTOR('',#138,1.414213567155E0);
#140=CARTESIAN_POINT('',(-1.573002175235E2,-6.204932180202E1,
-2.836032432691E-1));
#141=LINE('',#140,#139);
#142=DIRECTION('',(-8.709412097628E-1,4.913569833768E-1,5.451974287114E-3));
#143=VECTOR('',#142,1.211003909910E0);
#144=CARTESIAN_POINT('',(2.024876531690E2,-7.207022097144E1,
-3.950101758835E-1));
#145=LINE('',#144,#143);
#146=CARTESIAN_POINT('',(2.014329399587E2,-7.147518574341E1,
-3.884078137051E-1));
#147=CARTESIAN_POINT('',(2.014062248438E2,-7.146001196962E1,
-3.882394493604E-1));
#148=CARTESIAN_POINT('',(2.013620905949E2,-7.142261874742E1,
-3.878245454878E-1));
#149=CARTESIAN_POINT('',(2.013199097274E2,-7.135141211279E1,
-3.870344598854E-1));
#150=CARTESIAN_POINT('',(2.013083127214E2,-7.129425755300E1,
-3.864002718148E-1));
#151=CARTESIAN_POINT('',(2.013083112987E2,-7.126320479731E1,
-3.860557183150E-1));
#153=CARTESIAN_POINT('',(2.013083112982E2,-6.500562406054E1,
-3.166232014814E-1));
#154=CARTESIAN_POINT('',(2.013082635059E2,-6.497494307395E1,
-3.162827730372E-1));
#155=CARTESIAN_POINT('',(2.012969932801E2,-6.491826443803E1,
-3.156538825084E-1));
#156=CARTESIAN_POINT('',(2.012547251164E2,-6.484705581526E1,
-3.148637593423E-1));
#157=CARTESIAN_POINT('',(2.012102396896E2,-6.480905012160E1,
-3.144420841739E-1));
#158=CARTESIAN_POINT('',(2.011830992347E2,-6.479372084372E1,
-3.142719943953E-1));
#160=DIRECTION('',(-8.709798711115E-1,4.912884570707E-1,5.451244591549E-3));
#161=VECTOR('',#160,5.570755042653E-1);
#162=CARTESIAN_POINT('',(2.011830992347E2,-6.479372084372E1,
-3.142719943953E-1));
#163=LINE('',#162,#161);
#164=DIRECTION('',(-8.709600441479E-1,-4.913236015998E-1,-5.451606089915E-3));
#165=VECTOR('',#164,5.400374444322E-1);
#166=CARTESIAN_POINT('',(2.004494093343E2,-6.452045709583E1,
-3.112399112054E-1));
#167=LINE('',#166,#165);
#168=CARTESIAN_POINT('',(1.999790582979E2,-6.478579023803E1,
-3.141839826263E-1));
#169=CARTESIAN_POINT('',(1.999522583794E2,-6.480092891310E1,
-3.143519575245E-1));
#170=CARTESIAN_POINT('',(1.999079862431E2,-6.483830735687E1,
-3.147666973334E-1));
#171=CARTESIAN_POINT('',(1.998656645011E2,-6.490957901544E1,
-3.155575046010E-1));
#172=CARTESIAN_POINT('',(1.998540169952E2,-6.496682644297E1,
-3.161927227249E-1));
#173=CARTESIAN_POINT('',(1.998540156005E2,-6.499793912134E1,
-3.165379411115E-1));
#175=CARTESIAN_POINT('',(1.998540155997E2,-7.207939940833E1,
-3.951120166374E-1));
#176=CARTESIAN_POINT('',(1.998539408387E2,-7.211025932291E1,
-3.954544304211E-1));
#177=CARTESIAN_POINT('',(1.998650813118E2,-7.216726589867E1,
-3.960869596722E-1));
#178=CARTESIAN_POINT('',(1.999074229865E2,-7.223885422983E1,
-3.968812963924E-1));
#179=CARTESIAN_POINT('',(1.999521356329E2,-7.227701787906E1,
-3.973047231276E-1));
#180=CARTESIAN_POINT('',(1.999794398162E2,-7.229239038552E1,
-3.974752925596E-1));
#182=DIRECTION('',(8.713868729877E-1,-4.905662942648E-1,-5.443208253243E-3));
#183=VECTOR('',#182,2.064721408584E0);
#184=CARTESIAN_POINT('',(1.999794398162E2,-7.229239038552E1,
-3.974752925596E-1));
#185=LINE('',#184,#183);
#186=CARTESIAN_POINT('',(2.017786109480E2,-7.330527311561E1,
-4.087140011714E-1));
#187=CARTESIAN_POINT('',(2.017924443130E2,-7.349696649938E1,
-4.108409823296E-1));
#188=CARTESIAN_POINT('',(2.018953441383E2,-7.383692478112E1,
-4.146130731845E-1));
#189=CARTESIAN_POINT('',(2.022362141173E2,-7.423412702606E1,
-4.190203285333E-1));
#190=CARTESIAN_POINT('',(2.027099428578E2,-7.448043460920E1,
-4.217532949933E-1));
#191=CARTESIAN_POINT('',(2.032434384080E2,-7.452448324307E1,
-4.222420474606E-1));
#192=CARTESIAN_POINT('',(2.037505849348E2,-7.436286958882E1,
-4.204488233507E-1));
#193=CARTESIAN_POINT('',(2.041463787637E2,-7.402620364612E1,
-4.167132634548E-1));
#194=CARTESIAN_POINT('',(2.043828815499E2,-7.356343323310E1,
-4.115784803460E-1));
#195=CARTESIAN_POINT('',(2.044224809927E2,-7.305706894069E1,
-4.059599906102E-1));
#196=CARTESIAN_POINT('',(2.042605570950E2,-7.257891563086E1,
-4.006545227807E-1));
#197=CARTESIAN_POINT('',(2.039404348351E2,-7.219811751783E1,
-3.964292835182E-1));
#198=CARTESIAN_POINT('',(2.034981566248E2,-7.195746229436E1,
-3.937590342071E-1));
#199=CARTESIAN_POINT('',(2.029814697138E2,-7.190247497214E1,
-3.931489088289E-1));
#200=CARTESIAN_POINT('',(2.026506654525E2,-7.198804112859E1,
-3.940983291944E-1));
#201=CARTESIAN_POINT('',(2.024876531690E2,-7.207022097144E1,
-3.950101758835E-1));
#203=CARTESIAN_POINT('',(2.085797378344E2,-6.962169304087E1,
-3.678419201631E-1));
#204=CARTESIAN_POINT('',(2.085798118413E2,-6.965218382697E1,
-3.681802381909E-1));
#205=CARTESIAN_POINT('',(2.085688186872E2,-6.970857781697E1,
-3.688059912760E-1));
#206=CARTESIAN_POINT('',(2.085275001750E2,-6.977979962639E1,
-3.695962274806E-1));
#207=CARTESIAN_POINT('',(2.084836041433E2,-6.981774535750E1,
-3.700173051436E-1));
#208=CARTESIAN_POINT('',(2.084568592366E2,-6.983321265364E1,
-3.701889263380E-1));
#210=DIRECTION('',(-8.656850043938E-1,-5.005583139145E-1,-5.554056067627E-3));
#211=VECTOR('',#210,2.260947958588E0);
#212=CARTESIAN_POINT('',(2.084568592366E2,-6.983321265364E1,
-3.701889263380E-1));
#213=LINE('',#212,#211);
#214=CARTESIAN_POINT('',(2.064995904932E2,-7.096494895164E1,
-3.827463580660E-1));
#215=CARTESIAN_POINT('',(2.064739078091E2,-7.097968815753E1,
-3.829099005555E-1));
#216=CARTESIAN_POINT('',(2.064210254631E2,-7.099852560053E1,
-3.831189157135E-1));
#217=CARTESIAN_POINT('',(2.063330660687E2,-7.099798064310E1,
-3.831128697004E-1));
#218=CARTESIAN_POINT('',(2.062804220061E2,-7.097848990507E1,
-3.828966038896E-1));
#219=CARTESIAN_POINT('',(2.062549238918E2,-7.096343369494E1,
-3.827295440014E-1));
#221=DIRECTION('',(-8.610805639817E-1,5.084372491722E-1,5.641452578989E-3));
#222=VECTOR('',#221,2.226505819349E0);
#223=CARTESIAN_POINT('',(2.062549238918E2,-7.096343369494E1,
-3.827295440014E-1));
#224=LINE('',#223,#222);
#225=CARTESIAN_POINT('',(2.043377230052E2,-6.983139520088E1,
-3.701688170047E-1));
#226=CARTESIAN_POINT('',(2.043112137447E2,-6.981573223751E1,
-3.699950247365E-1));
#227=CARTESIAN_POINT('',(2.042679586890E2,-6.977744336992E1,
-3.695700579771E-1));
#228=CARTESIAN_POINT('',(2.042274227993E2,-6.970682292424E1,
-3.687865222168E-1));
#229=CARTESIAN_POINT('',(2.042168916797E2,-6.965147527950E1,
-3.681723865482E-1));
#230=CARTESIAN_POINT('',(2.042168915830E2,-6.962167970405E1,
-3.678417824014E-1));
#232=CARTESIAN_POINT('',(2.042168915729E2,-6.336549471649E1,
-2.984247526756E-1));
#233=CARTESIAN_POINT('',(2.042168068572E2,-6.333444642308E1,
-2.980802486882E-1));
#234=CARTESIAN_POINT('',(2.042050508826E2,-6.327733473651E1,
-2.974465358757E-1));
#235=CARTESIAN_POINT('',(2.041626892923E2,-6.320625054383E1,
-2.966578090407E-1));
#236=CARTESIAN_POINT('',(2.041184682225E2,-6.316898597993E1,
-2.962443326934E-1));
#237=CARTESIAN_POINT('',(2.040917185976E2,-6.315389454930E1,
-2.960768820074E-1));
#239=DIRECTION('',(-8.709407959900E-1,4.913577167216E-1,5.451981152371E-3));
#240=VECTOR('',#239,3.904256079978E0);
#241=CARTESIAN_POINT('',(2.040917185976E2,-6.315389454930E1,
-2.960768820074E-1));
#242=LINE('',#241,#240);
#243=CARTESIAN_POINT('',(2.006913426996E2,-6.123550819635E1,
-2.747909514454E-1));
#244=CARTESIAN_POINT('',(2.006658679182E2,-6.122265496220E1,
-2.746483352199E-1));
#245=CARTESIAN_POINT('',(2.006138665015E2,-6.120648392877E1,
-2.744689053927E-1));
#246=CARTESIAN_POINT('',(2.005290103120E2,-6.120841335444E1,
-2.744903144515E-1));
#247=CARTESIAN_POINT('',(2.004777970232E2,-6.122693212234E1,
-2.746957924355E-1));
#248=CARTESIAN_POINT('',(2.004529328410E2,-6.124092993543E1,
-2.748511086187E-1));
#250=DIRECTION('',(-8.713819440098E-1,-4.905750480732E-1,-5.443331860643E-3));
#251=VECTOR('',#250,3.871669885430E0);
#252=CARTESIAN_POINT('',(2.004529328410E2,-6.124092993543E1,
-2.748511086187E-1));
#253=LINE('',#252,#251);
#254=CARTESIAN_POINT('',(1.970792296096E2,-6.314027457560E1,
-2.959258926599E-1));
#255=CARTESIAN_POINT('',(1.970517613642E2,-6.315573005579E1,
-2.960973827474E-1));
#256=CARTESIAN_POINT('',(1.970068048849E2,-6.319370028672E1,
-2.965184904821E-1));
#257=CARTESIAN_POINT('',(1.969654624305E2,-6.326701602214E1,
-2.973320647132E-1));
#258=CARTESIAN_POINT('',(1.969527919432E2,-6.331887068927E1,
-2.979074141158E-1));
#259=CARTESIAN_POINT('',(1.969527548934E2,-6.335848991358E1,
-2.983470189783E-1));
#261=CARTESIAN_POINT('',(1.969483540372E2,-7.044916335112E1,
-3.770233206632E-1));
#262=CARTESIAN_POINT('',(1.969483137732E2,-7.047134400253E1,
-3.772694315445E-1));
#263=CARTESIAN_POINT('',(1.969582823137E2,-7.053323606147E1,
-3.779561860851E-1));
#264=CARTESIAN_POINT('',(1.970013572140E2,-7.060297988672E1,
-3.787300406195E-1));
#265=CARTESIAN_POINT('',(1.970456372783E2,-7.064089439873E1,
-3.791507284936E-1));
#266=CARTESIAN_POINT('',(1.970725467116E2,-7.065607620578E1,
-3.793191819734E-1));
#268=DIRECTION('',(8.709380944596E-1,-4.913625046154E-1,-5.452034231443E-3));
#269=VECTOR('',#268,1.093854904068E0);
#270=CARTESIAN_POINT('',(1.970725467116E2,-7.065607620578E1,
-3.793191819734E-1));
#271=LINE('',#270,#269);
#272=CARTESIAN_POINT('',(1.980252266173E2,-7.119355549113E1,
-3.852829163546E-1));
#273=CARTESIAN_POINT('',(1.980675986644E2,-7.121746118913E1,
-3.855481679153E-1));
#274=CARTESIAN_POINT('',(1.981525800845E2,-7.123740948476E1,
-3.857695118962E-1));
#275=CARTESIAN_POINT('',(1.982814088119E2,-7.120237248268E1,
-3.853807483160E-1));
#276=CARTESIAN_POINT('',(1.983753139914E2,-7.111041664399E1,
-3.843604330999E-1));
#277=CARTESIAN_POINT('',(1.983997058551E2,-7.102874297801E1,
-3.834541949018E-1));
#278=CARTESIAN_POINT('',(1.983997065026E2,-7.098126998666E1,
-3.829274466327E-1));
#280=CARTESIAN_POINT('',(1.983997065064E2,-6.417747399423E1,
-3.074342691937E-1));
#281=CARTESIAN_POINT('',(1.983997378274E2,-6.414635793867E1,
-3.070890133346E-1));
#282=CARTESIAN_POINT('',(1.984114561010E2,-6.408911826689E1,
-3.064538797931E-1));
#283=CARTESIAN_POINT('',(1.984538797803E2,-6.401788300484E1,
-3.056634770046E-1));
#284=CARTESIAN_POINT('',(1.984981966749E2,-6.398053867434E1,
-3.052491154948E-1));
#285=CARTESIAN_POINT('',(1.985250089033E2,-6.396541150052E1,
-3.050812682115E-1));
#287=DIRECTION('',(8.709348803169E-1,4.913682009202E-1,5.452097934545E-3));
#288=VECTOR('',#287,2.209534431495E0);
#289=CARTESIAN_POINT('',(1.985250089033E2,-6.396541150052E1,
-3.050812682115E-1));
#290=LINE('',#289,#288);
#291=CARTESIAN_POINT('',(2.004493695089E2,-6.287971654204E1,
-2.930346701012E-1));
#292=CARTESIAN_POINT('',(2.004754922889E2,-6.286509040017E1,
-2.928723821413E-1));
#293=CARTESIAN_POINT('',(2.005292071540E2,-6.284627500163E1,
-2.926636113790E-1));
#294=CARTESIAN_POINT('',(2.006181920608E2,-6.284642015446E1,
-2.926652216917E-1));
#295=CARTESIAN_POINT('',(2.006718449459E2,-6.286541049208E1,
-2.928759342436E-1));
#296=CARTESIAN_POINT('',(2.006979198820E2,-6.288012174849E1,
-2.930391666129E-1));
#298=DIRECTION('',(8.709331649576E-1,-4.913712408678E-1,-5.452139495185E-3));
#299=VECTOR('',#298,2.227264959099E0);
#300=CARTESIAN_POINT('',(2.006979198820E2,-6.288012174849E1,
-2.930391666129E-1));
#301=LINE('',#300,#299);
#302=CARTESIAN_POINT('',(2.026377188020E2,-6.397453569519E1,
-3.051825258627E-1));
#303=CARTESIAN_POINT('',(2.026650943129E2,-6.399005197047E1,
-3.053546905171E-1));
#304=CARTESIAN_POINT('',(2.027097560355E2,-6.402847795730E1,
-3.057810261310E-1));
#305=CARTESIAN_POINT('',(2.027516348778E2,-6.409992637217E1,
-3.065738111593E-1));
#306=CARTESIAN_POINT('',(2.027625960936E2,-6.415623916652E1,
-3.071986422504E-1));
#307=CARTESIAN_POINT('',(2.027625962117E2,-6.418662239744E1,
-3.075357668731E-1));
#309=CARTESIAN_POINT('',(2.027625962073E2,-7.044188497057E1,
-3.769425612559E-1));
#310=CARTESIAN_POINT('',(2.027625619307E2,-7.047305861209E1,
-3.772884560742E-1));
#311=CARTESIAN_POINT('',(2.027741804041E2,-7.053041492354E1,
-3.779248836187E-1));
#312=CARTESIAN_POINT('',(2.028165444223E2,-7.060181570919E1,
-3.787171231402E-1));
#313=CARTESIAN_POINT('',(2.028609025040E2,-7.063924714480E1,
-3.791324510137E-1));
#314=CARTESIAN_POINT('',(2.028877613651E2,-7.065440064707E1,
-3.793005904308E-1));
#316=DIRECTION('',(8.709346853749E-1,-4.913685464111E-1,-5.452101314569E-3));
#317=VECTOR('',#316,4.007926289148E0);
#318=CARTESIAN_POINT('',(2.028877613651E2,-7.065440064707E1,
-3.793005904308E-1));
#319=LINE('',#318,#317);
#320=CARTESIAN_POINT('',(2.063784033867E2,-7.262376956189E1,
-4.011522106206E-1));
#321=CARTESIAN_POINT('',(2.064021885245E2,-7.263357087837E1,
-4.012609635419E-1));
#322=CARTESIAN_POINT('',(2.064501713020E2,-7.264505441345E1,
-4.013883818344E-1));
#323=CARTESIAN_POINT('',(2.065265798958E2,-7.263962814497E1,
-4.013281737870E-1));
#324=CARTESIAN_POINT('',(2.065724570698E2,-7.262147874792E1,
-4.011267915779E-1));
#325=CARTESIAN_POINT('',(2.065946183111E2,-7.260841472144E1,
-4.009818364541E-1));
#327=DIRECTION('',(8.614493280904E-1,5.078122755286E-1,5.634532368333E-3));
#328=VECTOR('',#327,3.852239867723E0);
#329=CARTESIAN_POINT('',(2.065946183111E2,-7.260841472144E1,
-4.009818364541E-1));
#330=LINE('',#329,#328);
#331=CARTESIAN_POINT('',(2.099131277568E2,-7.065220002833E1,
-3.792762662288E-1));
#332=CARTESIAN_POINT('',(2.099396511600E2,-7.063655419647E1,
-3.791026640474E-1));
#333=CARTESIAN_POINT('',(2.099829373870E2,-7.059829274043E1,
-3.786779910579E-1));
#334=CARTESIAN_POINT('',(2.100235290761E2,-7.052764917226E1,
-3.778942029881E-1));
#335=CARTESIAN_POINT('',(2.100340762394E2,-7.047224275651E1,
-3.772794142548E-1));
#336=CARTESIAN_POINT('',(2.100340763367E2,-7.044240691915E1,
-3.769483633721E-1));
#338=CARTESIAN_POINT('',(2.100340758954E2,-6.539599311790E1,
-3.209635213934E-1));
#339=CARTESIAN_POINT('',(2.101923013453E2,-6.528819201200E1,
-3.197673876690E-1));
#340=CARTESIAN_POINT('',(2.104339183505E2,-6.502521385830E1,
-3.168364407107E-1));
#341=CARTESIAN_POINT('',(2.106185064365E2,-6.450303659835E1,
-3.110477225829E-1));
#342=CARTESIAN_POINT('',(2.105687359933E2,-6.395525979045E1,
-3.049683290569E-1));
#343=CARTESIAN_POINT('',(2.102978389839E2,-6.347324612832E1,
-2.996204035483E-1));
#344=CARTESIAN_POINT('',(2.098562981667E2,-6.314849126969E1,
-2.960169038006E-1));
#345=CARTESIAN_POINT('',(2.093251177386E2,-6.303189850168E1,
-2.947232530892E-1));
#346=CARTESIAN_POINT('',(2.087920792518E2,-6.314026073736E1,
-2.959255829239E-1));
#347=CARTESIAN_POINT('',(2.083454193240E2,-6.345834802616E1,
-2.994550858973E-1));
#348=CARTESIAN_POINT('',(2.080671947882E2,-6.393628821596E1,
-3.047578706117E-1));
#349=CARTESIAN_POINT('',(2.080091573904E2,-6.448309596580E1,
-3.108262971409E-1));
#350=CARTESIAN_POINT('',(2.081855444077E2,-6.500801239475E1,
-3.166462092689E-1));
#351=CARTESIAN_POINT('',(2.084232847786E2,-6.527423983910E1,
-3.196112169124E-1));
#352=CARTESIAN_POINT('',(2.085797378363E2,-6.538465833231E1,
-3.208363925024E-1));
#354=CARTESIAN_POINT('',(2.056711529651E2,-6.737029712907E1,
-3.428610131900E-1));
#355=CARTESIAN_POINT('',(2.055160479622E2,-6.747167797686E1,
-3.439859093590E-1));
#356=CARTESIAN_POINT('',(2.052754910355E2,-6.771958020167E1,
-3.467365695586E-1));
#357=CARTESIAN_POINT('',(2.050667259824E2,-6.824260030824E1,
-3.525398679831E-1));
#358=CARTESIAN_POINT('',(2.050925596714E2,-6.873815279506E1,
-3.580383926666E-1));
#359=CARTESIAN_POINT('',(2.052892270305E2,-6.917776831263E1,
-3.629162549294E-1));
#360=CARTESIAN_POINT('',(2.056390883821E2,-6.952697054366E1,
-3.667909143005E-1));
#361=CARTESIAN_POINT('',(2.061286334810E2,-6.973228837543E1,
-3.690690688775E-1));
#362=CARTESIAN_POINT('',(2.066585455138E2,-6.973490318342E1,
-3.690980821236E-1));
#363=CARTESIAN_POINT('',(2.071293470207E2,-6.954152439307E1,
-3.669524001215E-1));
#364=CARTESIAN_POINT('',(2.074923859837E2,-6.920657157762E1,
-3.632358486511E-1));
#365=CARTESIAN_POINT('',(2.077067232958E2,-6.874688632974E1,
-3.581352977520E-1));
#366=CARTESIAN_POINT('',(2.077299898855E2,-6.822657794022E1,
-3.523620878520E-1));
#367=CARTESIAN_POINT('',(2.075162658207E2,-6.771250345794E1,
-3.466580478054E-1));
#368=CARTESIAN_POINT('',(2.072776517658E2,-6.746882001995E1,
-3.439541981942E-1));
#369=CARTESIAN_POINT('',(2.071254509510E2,-6.736938966662E1,
-3.428509442168E-1));
#371=CARTESIAN_POINT('',(2.071254509507E2,-6.172441630807E1,
-2.802157526377E-1));
#372=CARTESIAN_POINT('',(2.071254246683E2,-6.169370593701E1,
-2.798749981509E-1));
#373=CARTESIAN_POINT('',(2.071141896263E2,-6.163697484800E1,
-2.792455256763E-1));
#374=CARTESIAN_POINT('',(2.070719357651E2,-6.156571057148E1,
-2.784547846476E-1));
#375=CARTESIAN_POINT('',(2.070274318005E2,-6.152768780661E1,
-2.780329209151E-1));
#376=CARTESIAN_POINT('',(2.070002799150E2,-6.151234645470E1,
-2.778626971661E-1));
#378=DIRECTION('',(-8.708766408795E-1,4.914714014771E-1,5.453246792564E-3));
#379=VECTOR('',#378,3.888509477672E0);
#380=CARTESIAN_POINT('',(2.070002799150E2,-6.151234645470E1,
-2.778626971661E-1));
#381=LINE('',#380,#379);
#382=DIRECTION('',(-8.713663758981E-1,-4.906026967393E-1,-5.443611518450E-3));
#383=VECTOR('',#382,1.096532193335E0);
#384=CARTESIAN_POINT('',(2.033650804817E2,-5.960139145305E1,
-2.566592066584E-1));
#385=LINE('',#384,#383);
#386=CARTESIAN_POINT('',(2.024095991984E2,-6.013935310416E1,
-2.626283019364E-1));
#387=CARTESIAN_POINT('',(2.023669123241E2,-6.016348572573E1,
-2.628960713835E-1));
#388=CARTESIAN_POINT('',(2.023064051446E2,-6.022639854176E1,
-2.635941219758E-1));
#389=CARTESIAN_POINT('',(2.022737606234E2,-6.035228303990E1,
-2.649909117305E-1));
#390=CARTESIAN_POINT('',(2.023065982265E2,-6.047641693477E1,
-2.663682618311E-1));
#391=CARTESIAN_POINT('',(2.023670930171E2,-6.053966577667E1,
-2.670700716898E-1));
#392=CARTESIAN_POINT('',(2.024098825800E2,-6.056380539650E1,
-2.673379187878E-1));
#394=DIRECTION('',(8.709510512186E-1,-4.913395422013E-1,-5.451664940456E-3));
#395=VECTOR('',#394,3.600960069818E0);
#396=CARTESIAN_POINT('',(2.024098825800E2,-6.056380539650E1,
-2.673379187878E-1));
#397=LINE('',#396,#395);
#398=CARTESIAN_POINT('',(2.055461425382E2,-6.233309946869E1,
-2.869691465524E-1));
#399=CARTESIAN_POINT('',(2.055728730960E2,-6.234821456543E1,
-2.871368598315E-1));
#400=CARTESIAN_POINT('',(2.056170853768E2,-6.238549043250E1,
-2.875510503485E-1));
#401=CARTESIAN_POINT('',(2.056595859516E2,-6.245676956069E1,
-2.883416994944E-1));
#402=CARTESIAN_POINT('',(2.056711515474E2,-6.251401341032E1,
-2.889769317196E-1));
#403=CARTESIAN_POINT('',(2.056711529650E2,-6.254513018118E1,
-2.893221955155E-1));
#405=CARTESIAN_POINT('',(2.071E2,-1.310448953165E2,-1.049378201916E0));
#406=DIRECTION('',(0.E0,-1.109506335671E-2,9.999384478902E-1));
#407=DIRECTION('',(-3.248195363475E-14,-9.999384478902E-1,-1.109506335671E-2));
#408=AXIS2_PLACEMENT_3D('',#405,#406,#407);
#410=DIRECTION('',(1.E0,-8.194533167576E-11,-8.378418739115E-11));
#411=VECTOR('',#410,1.679664376418E2);
#412=CARTESIAN_POINT('',(3.913356236575E1,-1.380444644376E2,-1.127043631054E0));
#413=LINE('',#412,#411);
#414=CARTESIAN_POINT('',(3.913356247226E1,-1.330447722122E2,-1.071568328629E0));
#415=DIRECTION('',(0.E0,-1.109506335671E-2,9.999384478902E-1));
#416=DIRECTION('',(-5.E-1,-8.659720980937E-1,-9.608606723509E-3));
#417=AXIS2_PLACEMENT_3D('',#414,#415,#416);
#419=DIRECTION('',(8.660254048087E-1,-4.999692221939E-1,-5.547529610342E-3));
#420=VECTOR('',#419,2.784609820739E0);
#421=CARTESIAN_POINT('',(3.422201974034E1,-1.359824135566E2,-1.104163651775E0));
#422=LINE('',#421,#420);
#423=CARTESIAN_POINT('',(3.072201974038E1,-1.420442182433E2,-1.171423898840E0));
#424=DIRECTION('',(0.E0,1.109506335671E-2,-9.999384478902E-1));
#425=DIRECTION('',(0.E0,9.999384478902E-1,1.109506335671E-2));
#426=AXIS2_PLACEMENT_3D('',#423,#424,#425);
#428=DIRECTION('',(1.E0,-1.023845038027E-10,-1.046824158406E-10));
#429=VECTOR('',#428,1.043923051301E2);
#430=CARTESIAN_POINT('',(-7.367028511331E1,-1.350446491081E2,
-1.093758455387E0));
#431=LINE('',#430,#429);
#432=CARTESIAN_POINT('',(-7.367028510504E1,-1.420442182433E2,
-1.171423898840E0));
#433=DIRECTION('',(0.E0,1.109506335671E-2,-9.999384478902E-1));
#434=DIRECTION('',(-5.E-1,8.659720980937E-1,9.608606723509E-3));
#435=AXIS2_PLACEMENT_3D('',#432,#433,#434);
#437=DIRECTION('',(8.660254050949E-1,4.999692217045E-1,5.547529032396E-3));
#438=VECTOR('',#437,2.784609864921E0);
#439=CARTESIAN_POINT('',(-7.958182795224E1,-1.373746327628E2,
-1.119611357209E0));
#440=LINE('',#439,#438);
#441=CARTESIAN_POINT('',(-8.208182783692E1,-1.330447722122E2,
-1.071568328629E0));
#442=DIRECTION('',(0.E0,-1.109506335671E-2,9.999384478902E-1));
#443=DIRECTION('',(2.842170943040E-14,-9.999384478902E-1,-1.109506335671E-2));
#444=AXIS2_PLACEMENT_3D('',#441,#442,#443);
#446=DIRECTION('',(1.E0,2.017653798614E-10,2.062928383276E-10));
#447=VECTOR('',#446,6.821817227718E1);
#448=CARTESIAN_POINT('',(-1.503000000076E2,-1.380444644514E2,
-1.127043645127E0));
#449=LINE('',#448,#447);
#450=CARTESIAN_POINT('',(-1.503E2,-1.310448953165E2,-1.049378201916E0));
#451=DIRECTION('',(0.E0,-1.109506335671E-2,9.999384478902E-1));
#452=DIRECTION('',(-1.E0,2.436146522606E-14,0.E0));
#453=AXIS2_PLACEMENT_3D('',#450,#451,#452);
#455=DIRECTION('',(3.152816603425E-6,-9.999384128996E-1,-1.109821598021E-2));
#456=VECTOR('',#455,6.899982314331E1);
#457=CARTESIAN_POINT('',(-1.573002175235E2,-6.204932180202E1,
-2.836032432691E-1));
#458=LINE('',#457,#456);
#459=CARTESIAN_POINT('',(-1.503000000077E2,-5.504739535597E1,
-2.061037843095E-1));
#460=CARTESIAN_POINT('',(-1.509078695305E2,-5.504757402106E1,
-2.061057667320E-1));
#461=CARTESIAN_POINT('',(-1.520883204227E2,-5.519859732520E1,
-2.078192830361E-1));
#462=CARTESIAN_POINT('',(-1.538202948016E2,-5.590138690983E1,
-2.155997788746E-1));
#463=CARTESIAN_POINT('',(-1.553120993313E2,-5.704352166904E1,
-2.282858328257E-1));
#464=CARTESIAN_POINT('',(-1.564505735580E2,-5.853454814967E1,
-2.447944979441E-1));
#465=CARTESIAN_POINT('',(-1.571498245166E2,-6.026918423334E1,
-2.641699093837E-1));
#466=CARTESIAN_POINT('',(-1.572998588530E2,-6.144478943274E1,
-2.768955054553E-1));
#467=CARTESIAN_POINT('',(-1.573002175235E2,-6.204932180202E1,
-2.836032432691E-1));
#469=DIRECTION('',(-9.999999999997E-1,-5.443644732588E-7,-5.425161886181E-7));
#470=VECTOR('',#469,3.574000001408E2);
#471=CARTESIAN_POINT('',(2.071000001331E2,-5.504720080011E1,
-2.059098890236E-1));
#472=LINE('',#471,#470);
#473=CARTESIAN_POINT('',(2.141000258194E2,-6.204931979601E1,
-2.837949769868E-1));
#474=CARTESIAN_POINT('',(2.140998458915E2,-6.144100702915E1,
-2.770452928404E-1));
#475=CARTESIAN_POINT('',(2.139487228573E2,-6.025980514920E1,
-2.639773386375E-1));
#476=CARTESIAN_POINT('',(2.132457373626E2,-5.852710048183E1,
-2.447339863749E-1));
#477=CARTESIAN_POINT('',(2.121035785841E2,-5.703499931128E1,
-2.281912702581E-1));
#478=CARTESIAN_POINT('',(2.106128422822E2,-5.589654785758E1,
-2.155239627056E-1));
#479=CARTESIAN_POINT('',(2.088789505281E2,-5.519749908749E1,
-2.078955910085E-1));
#480=CARTESIAN_POINT('',(2.077040936179E2,-5.504756158438E1,
-2.059138921944E-1));
#481=CARTESIAN_POINT('',(2.071000001331E2,-5.504720080011E1,
-2.059098890236E-1));
#483=DIRECTION('',(3.744880323733E-7,9.999384437415E-1,1.109543724319E-2));
#484=VECTOR('',#483,6.899982302122E1);
#485=CARTESIAN_POINT('',(2.140999999798E2,-1.310448954463E2,-1.049378183110E0));
#486=LINE('',#485,#484);
#487=CARTESIAN_POINT('',(2.014329407086E2,-7.146541160193E1,
-6.883178313152E-1));
#488=CARTESIAN_POINT('',(2.014331076024E2,-7.146660480532E1,
-6.545971441045E-1));
#489=CARTESIAN_POINT('',(2.014333407792E2,-7.146892579375E1,
-5.874207524446E-1));
#490=CARTESIAN_POINT('',(2.014342559878E2,-7.147270027397E1,
-4.874577066858E-1));
#491=CARTESIAN_POINT('',(2.014335085363E2,-7.147443342060E1,
-4.213368504404E-1));
#492=CARTESIAN_POINT('',(2.014329399587E2,-7.147518574341E1,
-3.884078137051E-1));
#494=DIRECTION('',(-2.557363497939E-12,3.257436515741E-2,-9.994693145538E-1));
#495=VECTOR('',#494,3.000692530567E-1);
#496=CARTESIAN_POINT('',(2.017786109480E2,-7.330527311561E1,
-4.087140011714E-1));
#497=LINE('',#496,#495);
#498=CARTESIAN_POINT('',(2.017786109480E2,-7.329549855019E1,
-7.086240118427E-1));
#499=CARTESIAN_POINT('',(2.017910405197E2,-7.346773911861E1,
-7.105351494965E-1));
#500=CARTESIAN_POINT('',(2.018774169943E2,-7.378212225112E1,
-7.140234649831E-1));
#501=CARTESIAN_POINT('',(2.021888142515E2,-7.418939037154E1,
-7.185424087328E-1));
#502=CARTESIAN_POINT('',(2.026660299896E2,-7.445618114255E1,
-7.215026514494E-1));
#503=CARTESIAN_POINT('',(2.032059335646E2,-7.452113791782E1,
-7.222233953497E-1));
#504=CARTESIAN_POINT('',(2.037064646157E2,-7.437351017047E1,
-7.205853553148E-1));
#505=CARTESIAN_POINT('',(2.041152997175E2,-7.405329747048E1,
-7.170323564262E-1));
#506=CARTESIAN_POINT('',(2.043591884949E2,-7.362302065977E1,
-7.122581140858E-1));
#507=CARTESIAN_POINT('',(2.044315428704E2,-7.310699365279E1,
-7.065324093204E-1));
#508=CARTESIAN_POINT('',(2.042825926665E2,-7.260614180007E1,
-7.009750842171E-1));
#509=CARTESIAN_POINT('',(2.039579503294E2,-7.219429983381E1,
-6.964053902342E-1));
#510=CARTESIAN_POINT('',(2.034759121270E2,-7.193888839272E1,
-6.935714096758E-1));
#511=CARTESIAN_POINT('',(2.029553719974E2,-7.189534175949E1,
-6.930882272802E-1));
#512=CARTESIAN_POINT('',(2.026407373484E2,-7.198327164635E1,
-6.940638749989E-1));
#513=CARTESIAN_POINT('',(2.024876531690E2,-7.206044640602E1,
-6.949201865548E-1));
#515=DIRECTION('',(1.051360549153E-11,-3.257436514643E-2,9.994693145541E-1));
#516=VECTOR('',#515,3.000692530566E-1);
#517=CARTESIAN_POINT('',(2.024876531690E2,-7.206044640602E1,
-6.949201865548E-1));
#518=LINE('',#517,#516);
#519=CARTESIAN_POINT('',(1.998540156004E2,-7.206962393316E1,
-6.950220180678E-1));
#520=CARTESIAN_POINT('',(1.998539438266E2,-7.209920481052E1,
-6.953502399791E-1));
#521=CARTESIAN_POINT('',(1.998638473674E2,-7.215452711509E1,
-6.959640822366E-1));
#522=CARTESIAN_POINT('',(1.999090188468E2,-7.223145419102E1,
-6.968176455567E-1));
#523=CARTESIAN_POINT('',(1.999531005332E2,-7.226778754399E1,
-6.972207912240E-1));
#524=CARTESIAN_POINT('',(1.999794439748E2,-7.228261816051E1,
-6.973853479827E-1));
#526=DIRECTION('',(-1.385890578693E-5,-3.256656898081E-2,9.994695685176E-1));
#527=VECTOR('',#526,3.000692215852E-1);
#528=CARTESIAN_POINT('',(1.999794439748E2,-7.228261816051E1,
-6.973853479827E-1));
#529=LINE('',#528,#527);
#530=DIRECTION('',(1.195479088507E-10,9.999384479081E-1,1.109506174476E-2));
#531=VECTOR('',#530,7.081896192515E0);
#532=CARTESIAN_POINT('',(1.998540155997E2,-7.207939940833E1,
-3.951120166374E-1));
#533=LINE('',#532,#531);
#534=DIRECTION('',(-4.330345827261E-12,-9.999384478902E-1,-1.109506335671E-2));
#535=VECTOR('',#534,7.081888075161E0);
#536=CARTESIAN_POINT('',(1.998540156004E2,-6.498817176315E1,
-6.164480211888E-1));
#537=LINE('',#536,#535);
#538=CARTESIAN_POINT('',(1.998540156004E2,-7.206962393316E1,
-6.950220180678E-1));
#539=CARTESIAN_POINT('',(1.998540156004E2,-7.207053345859E1,
-6.612957497760E-1));
#540=CARTESIAN_POINT('',(1.998540156003E2,-7.207245812088E1,
-5.941113243950E-1));
#541=CARTESIAN_POINT('',(1.998540156007E2,-7.207467799403E1,
-4.940975456014E-1));
#542=CARTESIAN_POINT('',(1.998540155997E2,-7.207768107148E1,
-4.280132145835E-1));
#543=CARTESIAN_POINT('',(1.998540155997E2,-7.207939940833E1,
-3.951120166374E-1));
#545=CARTESIAN_POINT('',(1.999790582979E2,-6.478579023803E1,
-3.141839826263E-1));
#546=CARTESIAN_POINT('',(1.999799662843E2,-6.478420964771E1,
-3.469590586059E-1));
#547=CARTESIAN_POINT('',(1.999812798035E2,-6.478132055089E1,
-4.128744064409E-1));
#548=CARTESIAN_POINT('',(1.999808168855E2,-6.477832061166E1,
-5.128751151153E-1));
#549=CARTESIAN_POINT('',(1.999807378142E2,-6.477617488239E1,
-5.802298333838E-1));
#550=CARTESIAN_POINT('',(1.999805999465E2,-6.477514930932E1,
-6.140843457897E-1));
#552=CARTESIAN_POINT('',(1.999805999465E2,-6.477514930932E1,
-6.140843457897E-1));
#553=CARTESIAN_POINT('',(1.999541299499E2,-6.478985768923E1,
-6.142475462421E-1));
#554=CARTESIAN_POINT('',(1.999097560998E2,-6.482597148927E1,
-6.146483031651E-1));
#555=CARTESIAN_POINT('',(1.998638904072E2,-6.490359482694E1,
-6.155095726546E-1));
#556=CARTESIAN_POINT('',(1.998540156004E2,-6.495873246264E1,
-6.161213701784E-1));
#557=CARTESIAN_POINT('',(1.998540156004E2,-6.498817176315E1,
-6.164480211888E-1));
#559=DIRECTION('',(2.690916185319E-10,-3.255036453778E-2,9.994700964854E-1));
#560=VECTOR('',#559,3.000690877415E-1);
#561=CARTESIAN_POINT('',(1.998540156004E2,-6.498817176315E1,
-6.164480211888E-1));
#562=LINE('',#561,#560);
#563=CARTESIAN_POINT('',(2.004494093343E2,-6.452045709583E1,
-3.112399112054E-1));
#564=CARTESIAN_POINT('',(2.004754741110E2,-6.450573537095E1,
-3.110765626807E-1));
#565=CARTESIAN_POINT('',(2.005291104279E2,-6.448673107111E1,
-3.108656956567E-1));
#566=CARTESIAN_POINT('',(2.006180827942E2,-6.448658027175E1,
-3.108640225100E-1));
#567=CARTESIAN_POINT('',(2.006717832019E2,-6.450540277808E1,
-3.110728721734E-1));
#568=CARTESIAN_POINT('',(2.006978976838E2,-6.452003607876E1,
-3.112352395656E-1));
#570=CARTESIAN_POINT('',(2.006978976624E2,-6.451026150130E1,
-6.111452501732E-1));
#571=CARTESIAN_POINT('',(2.006717831952E2,-6.449562821219E1,
-6.109828829094E-1));
#572=CARTESIAN_POINT('',(2.006180828053E2,-6.447680572219E1,
-6.107740333997E-1));
#573=CARTESIAN_POINT('',(2.005291105946E2,-6.447695647373E1,
-6.107757057191E-1));
#574=CARTESIAN_POINT('',(2.004754741421E2,-6.449596078793E1,
-6.109865737212E-1));
#575=CARTESIAN_POINT('',(2.004494093843E2,-6.451068250216E1,
-6.111499221278E-1));
#577=DIRECTION('',(-1.667438881016E-7,-3.257445914828E-2,9.994693114904E-1));
#578=VECTOR('',#577,3.000692542277E-1);
#579=CARTESIAN_POINT('',(2.004494093843E2,-6.451068250216E1,
-6.111499221278E-1));
#580=LINE('',#579,#578);
#581=CARTESIAN_POINT('',(2.006978976624E2,-6.451026150130E1,
-6.111452501732E-1));
#582=CARTESIAN_POINT('',(2.006981220133E2,-6.451149039356E1,
-5.773237706759E-1));
#583=CARTESIAN_POINT('',(2.006984355183E2,-6.451386106366E1,
-5.100130170700E-1));
#584=CARTESIAN_POINT('',(2.006996640598E2,-6.451781217583E1,
-4.100523117326E-1));
#585=CARTESIAN_POINT('',(2.006986608608E2,-6.451939675481E1,
-3.440645072568E-1));
#586=CARTESIAN_POINT('',(2.006978976838E2,-6.452003607876E1,
-3.112352395656E-1));
#588=CARTESIAN_POINT('',(2.013083112986E2,-6.499585033824E1,
-6.165332207102E-1));
#589=CARTESIAN_POINT('',(2.013082656205E2,-6.496646044073E1,
-6.162071178629E-1));
#590=CARTESIAN_POINT('',(2.012981659933E2,-6.491147165271E1,
-6.155969762204E-1));
#591=CARTESIAN_POINT('',(2.012536316376E2,-6.483553881007E1,
-6.147544446609E-1));
#592=CARTESIAN_POINT('',(2.012095574750E2,-6.479888928302E1,
-6.143477908059E-1));
#593=CARTESIAN_POINT('',(2.011830952404E2,-6.478394402461E1,
-6.141819620098E-1));
#595=DIRECTION('',(1.331109460104E-5,-3.258187244282E-2,9.994690697620E-1));
#596=VECTOR('',#595,3.000692834705E-1);
#597=CARTESIAN_POINT('',(2.011830952404E2,-6.478394402461E1,
-6.141819620098E-1));
#598=LINE('',#597,#596);
#599=DIRECTION('',(8.175032840742E-11,-9.999384479108E-1,-1.109506150024E-2));
#600=VECTOR('',#599,6.257965927643E0);
#601=CARTESIAN_POINT('',(2.013083112982E2,-6.500562406054E1,
-3.166232014814E-1));
#602=LINE('',#601,#600);
#603=DIRECTION('',(1.616841951397E-12,9.999384478902E-1,1.109506335671E-2));
#604=VECTOR('',#603,6.257957711006E0);
#605=CARTESIAN_POINT('',(2.013083112986E2,-7.125342285875E1,
-6.859656579974E-1));
#606=LINE('',#605,#604);
#607=CARTESIAN_POINT('',(2.013083112986E2,-6.499585033824E1,
-6.165332207102E-1));
#608=CARTESIAN_POINT('',(2.013083112986E2,-6.499720991908E1,
-5.827174368867E-1));
#609=CARTESIAN_POINT('',(2.013083112985E2,-6.499976315423E1,
-5.154145368215E-1));
#610=CARTESIAN_POINT('',(2.013083112988E2,-6.500443021010E1,
-4.154760548952E-1));
#611=CARTESIAN_POINT('',(2.013083112982E2,-6.500542975065E1,
-3.494679148736E-1));
#612=CARTESIAN_POINT('',(2.013083112982E2,-6.500562406054E1,
-3.166232014814E-1));
#614=CARTESIAN_POINT('',(2.014329407086E2,-7.146541160193E1,
-6.883178313152E-1));
#615=CARTESIAN_POINT('',(2.014065520563E2,-7.145042337299E1,
-6.881515257290E-1));
#616=CARTESIAN_POINT('',(2.013626118656E2,-7.141372737133E1,
-6.877443562035E-1));
#617=CARTESIAN_POINT('',(2.013182946133E2,-7.133778809789E1,
-6.869017532894E-1));
#618=CARTESIAN_POINT('',(2.013083112986E2,-7.128280539468E1,
-6.862916791624E-1));
#619=CARTESIAN_POINT('',(2.013083112986E2,-7.125342285875E1,
-6.859656579974E-1));
#621=DIRECTION('',(2.816886944962E-10,-3.259891820519E-2,9.994685140273E-1));
#622=VECTOR('',#621,3.000694223713E-1);
#623=CARTESIAN_POINT('',(2.013083112986E2,-7.125342285875E1,
-6.859656579974E-1));
#624=LINE('',#623,#622);
#625=DIRECTION('',(8.709412100742E-1,-4.913569828456E-1,-5.451972435747E-3));
#626=VECTOR('',#625,1.211003048419E0);
#627=CARTESIAN_POINT('',(2.014329407086E2,-7.146541160193E1,
-6.883178313152E-1));
#628=LINE('',#627,#626);
#629=DIRECTION('',(-8.713868728704E-1,4.905662945741E-1,5.443199159467E-3));
#630=VECTOR('',#629,2.064716636433E0);
#631=CARTESIAN_POINT('',(2.017786109480E2,-7.329549855019E1,
-7.086240118427E-1));
#632=LINE('',#631,#630);
#633=DIRECTION('',(8.709574148041E-1,4.913282627085E-1,5.451592566191E-3));
#634=VECTOR('',#633,5.382690702413E-1);
#635=CARTESIAN_POINT('',(1.999805999465E2,-6.477514930932E1,
-6.140843457897E-1));
#636=LINE('',#635,#634);
#637=DIRECTION('',(8.709798718040E-1,-4.912884562042E-1,-5.451212054430E-3));
#638=VECTOR('',#637,5.570709424260E-1);
#639=CARTESIAN_POINT('',(2.006978976624E2,-6.451026150130E1,
-6.111452501732E-1));
#640=LINE('',#639,#638);
#641=CARTESIAN_POINT('',(2.030866793007E2,-7.367414580271E1,
-4.127348817714E-1));
#642=CARTESIAN_POINT('',(2.031951051281E2,-7.367629749567E1,
-4.127587564106E-1));
#643=CARTESIAN_POINT('',(2.033734907590E2,-7.361556436807E1,
-4.121903477104E-1));
#644=CARTESIAN_POINT('',(2.035634448771E2,-7.336918700396E1,
-4.094142119027E-1));
#645=CARTESIAN_POINT('',(2.035639971412E2,-7.306052754773E1,
-4.060007791634E-1));
#646=CARTESIAN_POINT('',(2.033743066873E2,-7.281280697309E1,
-4.032490324346E-1));
#647=CARTESIAN_POINT('',(2.031954531847E2,-7.275251270674E1,
-4.025807118881E-1));
#648=CARTESIAN_POINT('',(2.030866516905E2,-7.275467715268E1,
-4.026047280311E-1));
#650=CARTESIAN_POINT('',(2.030866516902E2,-7.274490258718E1,
-7.025147387098E-1));
#651=CARTESIAN_POINT('',(2.031954988632E2,-7.274273723253E1,
-7.024907124839E-1));
#652=CARTESIAN_POINT('',(2.033744146147E2,-7.280312343209E1,
-7.031607417615E-1));
#653=CARTESIAN_POINT('',(2.035638846664E2,-7.305067206497E1,
-7.059074816325E-1));
#654=CARTESIAN_POINT('',(2.035635329736E2,-7.335887262459E1,
-7.093271857180E-1));
#655=CARTESIAN_POINT('',(2.033740091440E2,-7.360574030966E1,
-7.120664084521E-1));
#656=CARTESIAN_POINT('',(2.031953268287E2,-7.366594640920E1,
-7.127343367531E-1));
#657=CARTESIAN_POINT('',(2.030866348173E2,-7.366378943387E1,
-7.127104035020E-1));
#659=DIRECTION('',(1.482016915937E-4,-3.450348967259E-2,9.994045663477E-1));
#660=VECTOR('',#659,3.001542436681E-1);
#661=CARTESIAN_POINT('',(2.030866348173E2,-7.366378943387E1,
-7.127104035020E-1));
#662=LINE('',#661,#660);
#663=CARTESIAN_POINT('',(2.030866516905E2,-7.275467715268E1,
-4.026047280311E-1));
#664=CARTESIAN_POINT('',(2.029780297382E2,-7.275257558980E1,
-4.025814096226E-1));
#665=CARTESIAN_POINT('',(2.027994071613E2,-7.281281517339E1,
-4.032491234231E-1));
#666=CARTESIAN_POINT('',(2.026099383109E2,-7.305985279384E1,
-4.059932922653E-1));
#667=CARTESIAN_POINT('',(2.026097093697E2,-7.336808656089E1,
-4.094020016656E-1));
#668=CARTESIAN_POINT('',(2.027995692058E2,-7.361533505021E1,
-4.121878032575E-1));
#669=CARTESIAN_POINT('',(2.029780469115E2,-7.367624483029E1,
-4.127581720490E-1));
#670=CARTESIAN_POINT('',(2.030866793007E2,-7.367414580271E1,
-4.127348817714E-1));
#672=CARTESIAN_POINT('',(2.030866348173E2,-7.366378943387E1,
-7.127104035020E-1));
#673=CARTESIAN_POINT('',(2.029778434438E2,-7.366589153339E1,
-7.127337278650E-1));
#674=CARTESIAN_POINT('',(2.027989703298E2,-7.360542232733E1,
-7.120628802009E-1));
#675=CARTESIAN_POINT('',(2.026096889077E2,-7.335794940087E1,
-7.093169418618E-1));
#676=CARTESIAN_POINT('',(2.026100366146E2,-7.304989677427E1,
-7.058988792036E-1));
#677=CARTESIAN_POINT('',(2.027993741160E2,-7.280310059702E1,
-7.031604883893E-1));
#678=CARTESIAN_POINT('',(2.029780148460E2,-7.274280073618E1,
-7.024914171043E-1));
#679=CARTESIAN_POINT('',(2.030866516902E2,-7.274490258718E1,
-7.025147387098E-1));
#681=DIRECTION('',(9.998344104948E-10,-3.257436540436E-2,9.994693145457E-1));
#682=VECTOR('',#681,3.000692530665E-1);
#683=CARTESIAN_POINT('',(2.030866516902E2,-7.274490258718E1,
-7.025147387098E-1));
#684=LINE('',#683,#682);
#685=CARTESIAN_POINT('',(2.085797378250E2,-6.961190700841E1,
-6.677518145364E-1));
#686=CARTESIAN_POINT('',(2.085798101254E2,-6.964112293313E1,
-6.680759870256E-1));
#687=CARTESIAN_POINT('',(2.085700700862E2,-6.969585212188E1,
-6.686832364395E-1));
#688=CARTESIAN_POINT('',(2.085263934735E2,-6.977158518224E1,
-6.695236042799E-1));
#689=CARTESIAN_POINT('',(2.084829541730E2,-6.980835115239E1,
-6.699314205676E-1));
#690=CARTESIAN_POINT('',(2.084568490359E2,-6.982344582058E1,
-6.700989071766E-1));
#692=DIRECTION('',(3.399468551782E-5,-3.254862711271E-2,9.994701524895E-1));
#693=VECTOR('',#692,3.000689716362E-1);
#694=CARTESIAN_POINT('',(2.084568490359E2,-6.982344582058E1,
-6.700989071766E-1));
#695=LINE('',#694,#693);
#696=DIRECTION('',(4.637372477257E-10,9.999384676163E-1,1.109328540632E-2));
#697=VECTOR('',#696,4.237295439447E0);
#698=CARTESIAN_POINT('',(2.085797378344E2,-6.962169304087E1,
-3.678419201631E-1));
#699=LINE('',#698,#697);
#700=DIRECTION('',(-5.358231744314E-9,-9.999384663873E-1,-1.109339618939E-2));
#701=VECTOR('',#700,4.237245354326E0);
#702=CARTESIAN_POINT('',(2.085797378477E2,-6.537492238710E1,
-6.207463730692E-1));
#703=LINE('',#702,#701);
#704=CARTESIAN_POINT('',(2.085797378250E2,-6.961190700841E1,
-6.677518145364E-1));
#705=CARTESIAN_POINT('',(2.085797378250E2,-6.961280252733E1,
-6.339996562979E-1));
#706=CARTESIAN_POINT('',(2.085797378263E2,-6.961470826618E1,
-5.667806789874E-1));
#707=CARTESIAN_POINT('',(2.085797378206E2,-6.961684358654E1,
-4.667634915678E-1));
#708=CARTESIAN_POINT('',(2.085797378344E2,-6.961991972338E1,
-4.007156968924E-1));
#709=CARTESIAN_POINT('',(2.085797378344E2,-6.962169304087E1,
-3.678419201631E-1));
#711=DIRECTION('',(1.470780130436E-6,3.242254210039E-2,-9.994742511749E-1));
#712=VECTOR('',#711,3.000593909084E-1);
#713=CARTESIAN_POINT('',(2.100340758954E2,-6.539599311790E1,
-3.209635213934E-1));
#714=LINE('',#713,#712);
#715=CARTESIAN_POINT('',(2.100340763367E2,-6.538626442967E1,
-6.208651564296E-1));
#716=CARTESIAN_POINT('',(2.101837995483E2,-6.528425570574E1,
-6.197332935061E-1));
#717=CARTESIAN_POINT('',(2.104168791081E2,-6.503366042530E1,
-6.169527518380E-1));
#718=CARTESIAN_POINT('',(2.106193786729E2,-6.450795001883E1,
-6.111196025584E-1));
#719=CARTESIAN_POINT('',(2.105728881302E2,-6.396474461439E1,
-6.050923330787E-1));
#720=CARTESIAN_POINT('',(2.103216447753E2,-6.348849733987E1,
-5.998080145457E-1));
#721=CARTESIAN_POINT('',(2.098728724436E2,-6.314532657256E1,
-5.960002772274E-1));
#722=CARTESIAN_POINT('',(2.093231077506E2,-6.301828816430E1,
-5.945906970184E-1));
#723=CARTESIAN_POINT('',(2.087737317282E2,-6.313827232258E1,
-5.959219893706E-1));
#724=CARTESIAN_POINT('',(2.083229959767E2,-6.347180183668E1,
-5.996228282317E-1));
#725=CARTESIAN_POINT('',(2.080643693830E2,-6.394163888979E1,
-6.048357224920E-1));
#726=CARTESIAN_POINT('',(2.080068519078E2,-6.448450623761E1,
-6.108603548666E-1));
#727=CARTESIAN_POINT('',(2.082018307361E2,-6.501579767731E1,
-6.167512724155E-1));
#728=CARTESIAN_POINT('',(2.084313981499E2,-6.527022999630E1,
-6.195847328588E-1));
#729=CARTESIAN_POINT('',(2.085797378477E2,-6.537492238710E1,
-6.207463730692E-1));
#731=DIRECTION('',(-3.789498523769E-8,-3.244579984083E-2,9.994734964333E-1));
#732=VECTOR('',#731,3.000679674218E-1);
#733=CARTESIAN_POINT('',(2.085797378477E2,-6.537492238710E1,
-6.207463730692E-1));
#734=LINE('',#733,#732);
#735=DIRECTION('',(8.745342087529E-8,-9.999384674217E-1,-1.109330294579E-2));
#736=VECTOR('',#735,5.046724339211E0);
#737=CARTESIAN_POINT('',(2.100340758954E2,-6.539599311790E1,
-3.209635213934E-1));
#738=LINE('',#737,#736);
#739=DIRECTION('',(-6.386422570274E-12,9.999384478902E-1,1.109506335673E-2));
#740=VECTOR('',#739,5.046678032878E0);
#741=CARTESIAN_POINT('',(2.100340763367E2,-7.043263182886E1,
-6.768583689453E-1));
#742=LINE('',#741,#740);
#743=DIRECTION('',(2.017475672791E-6,3.255279051225E-2,-9.994700174722E-1));
#744=VECTOR('',#743,3.000686859147E-1);
#745=CARTESIAN_POINT('',(2.099131277568E2,-7.065220002833E1,
-3.792762662288E-1));
#746=LINE('',#745,#744);
#747=CARTESIAN_POINT('',(2.099131283621E2,-7.064243195526E1,
-6.791859209829E-1));
#748=CARTESIAN_POINT('',(2.099386679674E2,-7.062736683295E1,
-6.790187622074E-1));
#749=CARTESIAN_POINT('',(2.099812828474E2,-7.059090238326E1,
-6.786146561077E-1));
#750=CARTESIAN_POINT('',(2.100243282291E2,-7.051593917702E1,
-6.777826812216E-1));
#751=CARTESIAN_POINT('',(2.100340763367E2,-7.046163444998E1,
-6.771801746720E-1));
#752=CARTESIAN_POINT('',(2.100340763367E2,-7.043263182886E1,
-6.768583689453E-1));
#754=DIRECTION('',(-1.231323116423E-12,-3.257611300320E-2,9.994692575870E-1));
#755=VECTOR('',#754,3.000692650590E-1);
#756=CARTESIAN_POINT('',(2.100340763367E2,-7.043263182886E1,
-6.768583689453E-1));
#757=LINE('',#756,#755);
#758=CARTESIAN_POINT('',(2.063784033868E2,-7.261399499652E1,
-7.010622211590E-1));
#759=CARTESIAN_POINT('',(2.064021877679E2,-7.262379600115E1,
-7.011709706201E-1));
#760=CARTESIAN_POINT('',(2.064501693838E2,-7.263527968985E1,
-7.012983901736E-1));
#761=CARTESIAN_POINT('',(2.065265766025E2,-7.262985367364E1,
-7.012381877205E-1));
#762=CARTESIAN_POINT('',(2.065724562710E2,-7.261170465362E1,
-7.010368026848E-1));
#763=CARTESIAN_POINT('',(2.065946178388E2,-7.259864043464E1,
-7.008918454251E-1));
#765=DIRECTION('',(1.573928853018E-6,-3.257343781848E-2,9.994693447756E-1));
#766=VECTOR('',#765,3.000692422821E-1);
#767=CARTESIAN_POINT('',(2.065946178388E2,-7.259864043464E1,
-7.008918454251E-1));
#768=LINE('',#767,#766);
#769=CARTESIAN_POINT('',(2.063784033868E2,-7.261399499652E1,
-7.010622211590E-1));
#770=CARTESIAN_POINT('',(2.063784033868E2,-7.261512194258E1,
-6.664844785889E-1));
#771=CARTESIAN_POINT('',(2.063805656744E2,-7.261856576887E1,
-5.982629088461E-1));
#772=CARTESIAN_POINT('',(2.063870502583E2,-7.262552016279E1,
-4.971768077264E-1));
#773=CARTESIAN_POINT('',(2.063784033867E2,-7.262273290661E1,
-4.329595886916E-1));
#774=CARTESIAN_POINT('',(2.063784033867E2,-7.262376956189E1,
-4.011522106206E-1));
#776=CARTESIAN_POINT('',(2.027625962073E2,-7.044188497057E1,
-3.769425612559E-1));
#777=CARTESIAN_POINT('',(2.027625962073E2,-7.043985654042E1,
-4.097930608499E-1));
#778=CARTESIAN_POINT('',(2.027625967907E2,-7.043629903743E1,
-4.758082963617E-1));
#779=CARTESIAN_POINT('',(2.027625941917E2,-7.043361952290E1,
-5.758232244257E-1));
#780=CARTESIAN_POINT('',(2.027626005391E2,-7.043128700301E1,
-6.430625632716E-1));
#781=CARTESIAN_POINT('',(2.027626005391E2,-7.043018360650E1,
-6.768312043015E-1));
#783=CARTESIAN_POINT('',(2.027626005391E2,-7.043018360650E1,
-6.768312043015E-1));
#784=CARTESIAN_POINT('',(2.027623311627E2,-7.045993832402E1,
-6.771613550991E-1));
#785=CARTESIAN_POINT('',(2.027719737400E2,-7.051558855492E1,
-6.777788356410E-1));
#786=CARTESIAN_POINT('',(2.028170978472E2,-7.059312145722E1,
-6.786391211575E-1));
#787=CARTESIAN_POINT('',(2.028613060650E2,-7.062970039012E1,
-6.790449917515E-1));
#788=CARTESIAN_POINT('',(2.028877618928E2,-7.064462637927E1,
-6.792106067408E-1));
#790=DIRECTION('',(-1.758647280464E-6,-3.257337373157E-2,9.994693468639E-1));
#791=VECTOR('',#790,3.000692489980E-1);
#792=CARTESIAN_POINT('',(2.028877618928E2,-7.064462637927E1,
-6.792106067408E-1));
#793=LINE('',#792,#791);
#794=DIRECTION('',(6.990744091837E-10,9.999384479121E-1,1.109506138843E-2));
#795=VECTOR('',#794,6.255647621309E0);
#796=CARTESIAN_POINT('',(2.027625962073E2,-7.044188497057E1,
-3.769425612559E-1));
#797=LINE('',#796,#795);
#798=DIRECTION('',(5.189761132636E-7,-9.999384478897E-1,-1.109506339035E-2));
#799=VECTOR('',#798,6.253714038760E0);
#800=CARTESIAN_POINT('',(2.027625972936E2,-6.417685449704E1,
-6.074458506163E-1));
#801=LINE('',#800,#799);
#802=CARTESIAN_POINT('',(2.026377188020E2,-6.397453569519E1,
-3.051825258627E-1));
#803=CARTESIAN_POINT('',(2.026369806631E2,-6.397305080245E1,
-3.379606007309E-1));
#804=CARTESIAN_POINT('',(2.026359390683E2,-6.397031449690E1,
-4.038801665769E-1));
#805=CARTESIAN_POINT('',(2.026361974260E2,-6.396720135925E1,
-5.038737310220E-1));
#806=CARTESIAN_POINT('',(2.026365500669E2,-6.396520510588E1,
-5.712308646324E-1));
#807=CARTESIAN_POINT('',(2.026368576072E2,-6.396427524786E1,
-6.050871251941E-1));
#809=CARTESIAN_POINT('',(2.026368576072E2,-6.396427524786E1,
-6.050871251941E-1));
#810=CARTESIAN_POINT('',(2.026631670538E2,-6.397905144441E1,
-6.052510781226E-1));
#811=CARTESIAN_POINT('',(2.027072661675E2,-6.401520895545E1,
-6.056522726925E-1));
#812=CARTESIAN_POINT('',(2.027528034905E2,-6.409264022452E1,
-6.065114304117E-1));
#813=CARTESIAN_POINT('',(2.027625972936E2,-6.414754981735E1,
-6.071206933244E-1));
#814=CARTESIAN_POINT('',(2.027625972936E2,-6.417685449704E1,
-6.074458506163E-1));
#816=DIRECTION('',(-3.605406603614E-6,-3.255216917024E-2,9.994700377046E-1));
#817=VECTOR('',#816,3.000691090570E-1);
#818=CARTESIAN_POINT('',(2.027625972936E2,-6.417685449704E1,
-6.074458506163E-1));
#819=LINE('',#818,#817);
#820=CARTESIAN_POINT('',(2.004493695089E2,-6.287971654204E1,
-2.930346701012E-1));
#821=CARTESIAN_POINT('',(2.004488334486E2,-6.287895039247E1,
-3.258251438426E-1));
#822=CARTESIAN_POINT('',(2.004481187029E2,-6.287720481150E1,
-3.917615032487E-1));
#823=CARTESIAN_POINT('',(2.004481186968E2,-6.287394614874E1,
-4.917461648930E-1));
#824=CARTESIAN_POINT('',(2.004488334589E2,-6.287134773742E1,
-5.590949144798E-1));
#825=CARTESIAN_POINT('',(2.004493695294E2,-6.286994196510E1,
-5.929446807619E-1));
#827=CARTESIAN_POINT('',(2.004493695294E2,-6.286994196510E1,
-5.929446807619E-1));
#828=CARTESIAN_POINT('',(2.004754922026E2,-6.285531588623E1,
-5.927823935011E-1));
#829=CARTESIAN_POINT('',(2.005292069088E2,-6.283650049999E1,
-5.925736230365E-1));
#830=CARTESIAN_POINT('',(2.006181911934E2,-6.283664560452E1,
-5.925752313831E-1));
#831=CARTESIAN_POINT('',(2.006718447948E2,-6.285563584130E1,
-5.927859464687E-1));
#832=CARTESIAN_POINT('',(2.006979196601E2,-6.287034705779E1,
-5.929491783949E-1));
#834=DIRECTION('',(7.394706407665E-7,-3.257478211313E-2,9.994693009641E-1));
#835=VECTOR('',#834,3.000692582481E-1);
#836=CARTESIAN_POINT('',(2.006979196601E2,-6.287034705779E1,
-5.929491783949E-1));
#837=LINE('',#836,#835);
#838=CARTESIAN_POINT('',(1.983997065064E2,-6.417747399423E1,
-3.074342691937E-1));
#839=CARTESIAN_POINT('',(1.983997065064E2,-6.417743768653E1,
-3.402474464349E-1));
#840=CARTESIAN_POINT('',(1.983997067529E2,-6.417677845711E1,
-4.062150911500E-1));
#841=CARTESIAN_POINT('',(1.983997056207E2,-6.417301099523E1,
-5.061727574842E-1));
#842=CARTESIAN_POINT('',(1.983997083934E2,-6.417068449451E1,
-5.735172747214E-1));
#843=CARTESIAN_POINT('',(1.983997083934E2,-6.416939502453E1,
-6.073630821404E-1));
#845=CARTESIAN_POINT('',(1.983997083934E2,-6.416939502453E1,
-6.073630821404E-1));
#846=CARTESIAN_POINT('',(1.983995300043E2,-6.413975543701E1,
-6.070342087962E-1));
#847=CARTESIAN_POINT('',(1.984092883433E2,-6.408430164942E1,
-6.064189077223E-1));
#848=CARTESIAN_POINT('',(1.984544233837E2,-6.400705352700E1,
-6.055617821332E-1));
#849=CARTESIAN_POINT('',(1.984985886851E2,-6.397054282012E1,
-6.051566685558E-1));
#850=CARTESIAN_POINT('',(1.985250094122E2,-6.395563664806E1,
-6.049912734520E-1));
#852=DIRECTION('',(-1.696086261819E-6,-3.257532130267E-2,9.994692833895E-1));
#853=VECTOR('',#852,3.000692569795E-1);
#854=CARTESIAN_POINT('',(1.985250094122E2,-6.395563664806E1,
-6.049912734520E-1));
#855=LINE('',#854,#853);
#856=DIRECTION('',(-5.627354226202E-10,-9.999384479178E-1,-1.109506086906E-2));
#857=VECTOR('',#856,6.804214806019E0);
#858=CARTESIAN_POINT('',(1.983997065064E2,-6.417747399423E1,
-3.074342691937E-1));
#859=LINE('',#858,#857);
#860=DIRECTION('',(2.084667778071E-7,9.999384478901E-1,1.109506336569E-2));
#861=VECTOR('',#860,6.802514977198E0);
#862=CARTESIAN_POINT('',(1.983997069753E2,-7.097149129257E1,
-6.828374168585E-1));
#863=LINE('',#862,#861);
#864=CARTESIAN_POINT('',(1.980252266173E2,-7.119355549113E1,
-3.852829163546E-1));
#865=CARTESIAN_POINT('',(1.980244053106E2,-7.119201978250E1,
-4.181802531364E-1));
#866=CARTESIAN_POINT('',(1.980231907881E2,-7.118918088462E1,
-4.842584760494E-1));
#867=CARTESIAN_POINT('',(1.980237266687E2,-7.118622734818E1,
-5.842562902990E-1));
#868=CARTESIAN_POINT('',(1.980235121761E2,-7.118390791460E1,
-6.514486293668E-1));
#869=CARTESIAN_POINT('',(1.980234381195E2,-7.118276670057E1,
-6.851817322666E-1));
#871=CARTESIAN_POINT('',(1.980234381195E2,-7.118276670057E1,
-6.851817322666E-1));
#872=CARTESIAN_POINT('',(1.980641640372E2,-7.120615675726E1,
-6.854412624022E-1));
#873=CARTESIAN_POINT('',(1.981459224832E2,-7.122790609685E1,
-6.856825039806E-1));
#874=CARTESIAN_POINT('',(1.982827635289E2,-7.119386108788E1,
-6.853047828318E-1));
#875=CARTESIAN_POINT('',(1.983791803355E2,-7.109414230487E1,
-6.841983193389E-1));
#876=CARTESIAN_POINT('',(1.983997069753E2,-7.101609718808E1,
-6.833323525596E-1));
#877=CARTESIAN_POINT('',(1.983997069753E2,-7.097149129257E1,
-6.828374168585E-1));
#879=DIRECTION('',(-1.575368761180E-6,-3.258811398634E-2,9.994688663607E-1));
#880=VECTOR('',#879,3.000693471502E-1);
#881=CARTESIAN_POINT('',(1.983997069753E2,-7.097149129257E1,
-6.828374168585E-1));
#882=LINE('',#881,#880);
#883=CARTESIAN_POINT('',(1.969483540372E2,-7.044916335112E1,
-3.770233206632E-1));
#884=CARTESIAN_POINT('',(1.969483549997E2,-7.044705917547E1,
-4.098513511199E-1));
#885=CARTESIAN_POINT('',(1.969467435901E2,-7.043453176640E1,
-4.757382738107E-1));
#886=CARTESIAN_POINT('',(1.969473994496E2,-7.043552761904E1,
-5.757985142642E-1));
#887=CARTESIAN_POINT('',(1.969472619006E2,-7.043236371532E1,
-6.430548693258E-1));
#888=CARTESIAN_POINT('',(1.969472619187E2,-7.043124305428E1,
-6.768429596342E-1));
#890=CARTESIAN_POINT('',(1.969472619187E2,-7.043124305428E1,
-6.768429596342E-1));
#891=CARTESIAN_POINT('',(1.969469478228E2,-7.046106766876E1,
-6.771738859907E-1));
#892=CARTESIAN_POINT('',(1.969565448698E2,-7.051687622463E1,
-6.777931233088E-1));
#893=CARTESIAN_POINT('',(1.970017309335E2,-7.059466686683E1,
-6.786562686373E-1));
#894=CARTESIAN_POINT('',(1.970460297384E2,-7.063134137858E1,
-6.790631997196E-1));
#895=CARTESIAN_POINT('',(1.970725472420E2,-7.064630193950E1,
-6.792291983085E-1));
#897=DIRECTION('',(-1.767655451574E-6,-3.257336869041E-2,9.994693470282E-1));
#898=VECTOR('',#897,3.000692489738E-1);
#899=CARTESIAN_POINT('',(1.970725472420E2,-7.064630193950E1,
-6.792291983085E-1));
#900=LINE('',#899,#898);
#901=DIRECTION('',(6.206158776892E-4,9.999382553389E-1,1.109505952238E-2));
#902=VECTOR('',#901,7.091111275804E0);
#903=CARTESIAN_POINT('',(1.969483540372E2,-7.044916335112E1,
-3.770233206632E-1));
#904=LINE('',#903,#902);
#905=DIRECTION('',(-9.300533770969E-4,-9.999380154168E-1,-1.109505858339E-2));
#906=VECTOR('',#905,7.089041897916E0);
#907=CARTESIAN_POINT('',(1.969538551060E2,-6.334264056767E1,
-5.981896244767E-1));
#908=LINE('',#907,#906);
#909=CARTESIAN_POINT('',(1.970792296096E2,-6.314027457560E1,
-2.959258926599E-1));
#910=CARTESIAN_POINT('',(1.970801101763E2,-6.313871120697E1,
-3.286781631178E-1));
#911=CARTESIAN_POINT('',(1.970813577526E2,-6.313582527128E1,
-3.945622692483E-1));
#912=CARTESIAN_POINT('',(1.970809551443E2,-6.313278671348E1,
-4.945624636178E-1));
#913=CARTESIAN_POINT('',(1.970807811903E2,-6.313074081675E1,
-5.619494635178E-1));
#914=CARTESIAN_POINT('',(1.970805673107E2,-6.312975713943E1,
-5.958271499751E-1));
#916=CARTESIAN_POINT('',(1.970805673107E2,-6.312975713943E1,
-5.958271499751E-1));
#917=CARTESIAN_POINT('',(1.970540974939E2,-6.314444002261E1,
-5.959900675222E-1));
#918=CARTESIAN_POINT('',(1.970097297268E2,-6.318053781314E1,
-5.963911479607E-1));
#919=CARTESIAN_POINT('',(1.969638034073E2,-6.325808868896E1,
-5.972514084147E-1));
#920=CARTESIAN_POINT('',(1.969538825062E2,-6.331320886434E1,
-5.978630577627E-1));
#921=CARTESIAN_POINT('',(1.969538551060E2,-6.334264056767E1,
-5.981896244767E-1));
#923=DIRECTION('',(-3.664160418212E-3,-5.278483990692E-2,9.985991861625E-1));
#924=VECTOR('',#923,3.002632183696E-1);
#925=CARTESIAN_POINT('',(1.969538551060E2,-6.334264056767E1,
-5.981896244767E-1));
#926=LINE('',#925,#924);
#927=DIRECTION('',(1.133764484789E-10,3.257436506028E-2,-9.994693145569E-1));
#928=VECTOR('',#927,3.000692528706E-1);
#929=CARTESIAN_POINT('',(2.006913426996E2,-6.123550819635E1,
-2.747909514454E-1));
#930=LINE('',#929,#928);
#931=CARTESIAN_POINT('',(2.006913426996E2,-6.122573363096E1,
-5.747009619316E-1));
#932=CARTESIAN_POINT('',(2.006658678603E2,-6.121288036762E1,
-5.745583453822E-1));
#933=CARTESIAN_POINT('',(2.006138664270E2,-6.119670927612E1,
-5.743789142771E-1));
#934=CARTESIAN_POINT('',(2.005290085587E2,-6.119863884072E1,
-5.744003288403E-1));
#935=CARTESIAN_POINT('',(2.004777968137E2,-6.121715767517E1,
-5.746057976286E-1));
#936=CARTESIAN_POINT('',(2.004529322106E2,-6.123115572516E1,
-5.747611164403E-1));
#938=DIRECTION('',(2.100698703571E-6,-3.257318313448E-2,9.994693530750E-1));
#939=VECTOR('',#938,3.000692386404E-1);
#940=CARTESIAN_POINT('',(2.004529322106E2,-6.123115572516E1,
-5.747611164403E-1));
#941=LINE('',#940,#939);
#942=CARTESIAN_POINT('',(2.042168915830E2,-6.335573138060E1,
-5.983348768162E-1));
#943=CARTESIAN_POINT('',(2.042168128106E2,-6.332635995834E1,
-5.980089789656E-1));
#944=CARTESIAN_POINT('',(2.042066853147E2,-6.327141914830E1,
-5.973993696705E-1));
#945=CARTESIAN_POINT('',(2.041621448329E2,-6.319556669351E1,
-5.965577300924E-1));
#946=CARTESIAN_POINT('',(2.041181287683E2,-6.315901978110E1,
-5.961522147788E-1));
#947=CARTESIAN_POINT('',(2.040917180832E2,-6.314411969373E1,
-5.959868871891E-1));
#949=DIRECTION('',(1.714551278244E-6,-3.257533167660E-2,9.994692830514E-1));
#950=VECTOR('',#949,3.000692570222E-1);
#951=CARTESIAN_POINT('',(2.040917180832E2,-6.314411969373E1,
-5.959868871891E-1));
#952=LINE('',#951,#950);
#953=DIRECTION('',(1.619962504484E-9,-9.999384479112E-1,-1.109506146329E-2));
#954=VECTOR('',#953,6.256570092518E0);
#955=CARTESIAN_POINT('',(2.042168915729E2,-6.336549471649E1,
-2.984247526756E-1));
#956=LINE('',#955,#954);
#957=DIRECTION('',(-1.490007794267E-12,9.999384478902E-1,1.109506335670E-2));
#958=VECTOR('',#957,6.256558340861E0);
#959=CARTESIAN_POINT('',(2.042168915830E2,-6.961190461710E1,
-6.677517880029E-1));
#960=LINE('',#959,#958);
#961=CARTESIAN_POINT('',(2.042168915830E2,-6.335573138060E1,
-5.983348768162E-1));
#962=CARTESIAN_POINT('',(2.042168915830E2,-6.335709075991E1,
-5.645151588253E-1));
#963=CARTESIAN_POINT('',(2.042168915816E2,-6.335964304564E1,
-4.972070212276E-1));
#964=CARTESIAN_POINT('',(2.042168915877E2,-6.336431421831E1,
-3.972698857980E-1));
#965=CARTESIAN_POINT('',(2.042168915729E2,-6.336530583731E1,
-3.312661578590E-1));
#966=CARTESIAN_POINT('',(2.042168915729E2,-6.336549471649E1,
-2.984247526756E-1));
#968=DIRECTION('',(2.555487270557E-5,3.253799496326E-2,-9.994704989297E-1));
#969=VECTOR('',#968,3.000685850387E-1);
#970=CARTESIAN_POINT('',(2.043377230052E2,-6.983139520088E1,
-3.701688170047E-1));
#971=LINE('',#970,#969);
#972=CARTESIAN_POINT('',(2.043377306734E2,-6.982163157077E1,
-6.700785154065E-1));
#973=CARTESIAN_POINT('',(2.043122157113E2,-6.980655775202E1,
-6.699112601375E-1));
#974=CARTESIAN_POINT('',(2.042696480015E2,-6.977009488012E1,
-6.695071902124E-1));
#975=CARTESIAN_POINT('',(2.042266252048E2,-6.969512950847E1,
-6.686751836625E-1));
#976=CARTESIAN_POINT('',(2.042168915830E2,-6.964087423791E1,
-6.680732275666E-1));
#977=CARTESIAN_POINT('',(2.042168915830E2,-6.961190461710E1,
-6.677517880029E-1));
#979=DIRECTION('',(1.894343256543E-12,-3.257610190524E-2,9.994692579488E-1));
#980=VECTOR('',#979,3.000692649787E-1);
#981=CARTESIAN_POINT('',(2.042168915830E2,-6.961190461710E1,
-6.677517880029E-1));
#982=LINE('',#981,#980);
#983=CARTESIAN_POINT('',(2.064995904932E2,-7.096494895164E1,
-3.827463580660E-1));
#984=CARTESIAN_POINT('',(2.065003350588E2,-7.096344686275E1,
-4.156199813465E-1));
#985=CARTESIAN_POINT('',(2.065014190581E2,-7.096066726676E1,
-4.816667144307E-1));
#986=CARTESIAN_POINT('',(2.065010084558E2,-7.095764576251E1,
-5.816619565978E-1));
#987=CARTESIAN_POINT('',(2.065010193960E2,-7.095544839830E1,
-6.488888462631E-1));
#988=CARTESIAN_POINT('',(2.065009591674E2,-7.095438298318E1,
-6.826475872246E-1));
#990=CARTESIAN_POINT('',(2.065009591674E2,-7.095438298318E1,
-6.826475872246E-1));
#991=CARTESIAN_POINT('',(2.064752032371E2,-7.096938766517E1,
-6.828140753697E-1));
#992=CARTESIAN_POINT('',(2.064221044916E2,-7.098862299167E1,
-6.830275049118E-1));
#993=CARTESIAN_POINT('',(2.063335777473E2,-7.098836247058E1,
-6.830246186986E-1));
#994=CARTESIAN_POINT('',(2.062805917057E2,-7.096881554472E1,
-6.828077198285E-1));
#995=CARTESIAN_POINT('',(2.062549244573E2,-7.095365946369E1,
-6.826395517981E-1));
#997=DIRECTION('',(-1.884589444396E-6,-3.257325300864E-2,9.994693507982E-1));
#998=VECTOR('',#997,3.000692392990E-1);
#999=CARTESIAN_POINT('',(2.062549244573E2,-7.095365946369E1,
-6.826395517981E-1));
#1000=LINE('',#999,#998);
#1001=DIRECTION('',(-8.614501054149E-1,-5.078109558219E-1,-5.634627573803E-3));
#1002=VECTOR('',#1001,3.852237642670E0);
#1003=CARTESIAN_POINT('',(2.099131283621E2,-7.064243195526E1,
-6.791859209829E-1));
#1004=LINE('',#1003,#1002);
#1005=DIRECTION('',(-8.709346853668E-1,4.913685464323E-1,5.452100698604E-3));
#1006=VECTOR('',#1005,4.007925683371E0);
#1007=CARTESIAN_POINT('',(2.063784033868E2,-7.261399499652E1,
-7.010622211590E-1));
#1008=LINE('',#1007,#1006);
#1009=DIRECTION('',(-8.709331659330E-1,4.913712392518E-1,5.452129321465E-3));
#1010=VECTOR('',#1009,2.226276392856E0);
#1011=CARTESIAN_POINT('',(2.026368576072E2,-6.396427524786E1,
-6.050871251941E-1));
#1012=LINE('',#1011,#1010);
#1013=DIRECTION('',(-8.709348803079E-1,-4.913682009479E-1,-5.452096865339E-3));
#1014=VECTOR('',#1013,2.209533870653E0);
#1015=CARTESIAN_POINT('',(2.004493695294E2,-6.286994196510E1,
-5.929446807619E-1));
#1016=LINE('',#1015,#1014);
#1017=DIRECTION('',(-8.709401315723E-1,4.913588936941E-1,5.452045898714E-3));
#1018=VECTOR('',#1017,1.091798210935E0);
#1019=CARTESIAN_POINT('',(1.980234381195E2,-7.118276670057E1,
-6.851817322666E-1));
#1020=LINE('',#1019,#1018);
#1021=DIRECTION('',(8.713808140051E-1,4.905770564311E-1,5.443223967143E-3));
#1022=VECTOR('',#1021,3.870139031939E0);
#1023=CARTESIAN_POINT('',(1.970805673107E2,-6.312975713943E1,
-5.958271499751E-1));
#1024=LINE('',#1023,#1022);
#1025=DIRECTION('',(8.709407959828E-1,-4.913577167402E-1,-5.451980618632E-3));
#1026=VECTOR('',#1025,3.904255489249E0);
#1027=CARTESIAN_POINT('',(2.006913426996E2,-6.122573363096E1,
-5.747009619316E-1));
#1028=LINE('',#1027,#1026);
#1029=DIRECTION('',(8.610818230882E-1,-5.084351148998E-1,-5.641620688860E-3));
#1030=VECTOR('',#1029,2.226494315082E0);
#1031=CARTESIAN_POINT('',(2.043377306734E2,-6.982163157077E1,
-6.700785154065E-1));
#1032=LINE('',#1031,#1030);
#1033=DIRECTION('',(8.656853569405E-1,5.005577037149E-1,5.554100331339E-3));
#1034=VECTOR('',#1033,2.259354224709E0);
#1035=CARTESIAN_POINT('',(2.065009591674E2,-7.095438298318E1,
-6.826475872246E-1));
#1036=LINE('',#1035,#1034);
#1037=CARTESIAN_POINT('',(2.093148970412E2,-6.389513140872E1,
-3.043014559255E-1));
#1038=CARTESIAN_POINT('',(2.092062659868E2,-6.389300730704E1,
-3.042778874321E-1));
#1039=CARTESIAN_POINT('',(2.090276222733E2,-6.395322215377E1,
-3.049453243268E-1));
#1040=CARTESIAN_POINT('',(2.088381114139E2,-6.420025538701E1,
-3.076894553792E-1));
#1041=CARTESIAN_POINT('',(2.088378745993E2,-6.450851614255E1,
-3.110984243264E-1));
#1042=CARTESIAN_POINT('',(2.090277383015E2,-6.475577141683E1,
-3.138844499546E-1));
#1043=CARTESIAN_POINT('',(2.092062802242E2,-6.481668557372E1,
-3.144544972450E-1));
#1044=CARTESIAN_POINT('',(2.093149215669E2,-6.481456094833E1,
-3.144309229407E-1));
#1046=CARTESIAN_POINT('',(2.093148970422E2,-6.480420295267E1,
-6.144067499364E-1));
#1047=CARTESIAN_POINT('',(2.090962535792E2,-6.480847816662E1,
-6.144541866258E-1));
#1048=CARTESIAN_POINT('',(2.085967139167E2,-6.434477989877E1,
-6.093091082752E-1));
#1049=CARTESIAN_POINT('',(2.090962535782E2,-6.388108162983E1,
-6.041640299125E-1));
#1050=CARTESIAN_POINT('',(2.093148970412E2,-6.388535684331E1,
-6.042114665967E-1));
#1052=DIRECTION('',(0.E0,-3.257436513837E-2,9.994693145544E-1));
#1053=VECTOR('',#1052,3.000692530563E-1);
#1054=CARTESIAN_POINT('',(2.093148970412E2,-6.388535684331E1,
-6.042114665966E-1));
#1055=LINE('',#1054,#1053);
#1056=CARTESIAN_POINT('',(2.093149215669E2,-6.481456094833E1,
-3.144309229407E-1));
#1057=CARTESIAN_POINT('',(2.094233349350E2,-6.481669667134E1,
-3.144546203814E-1));
#1058=CARTESIAN_POINT('',(2.096016528907E2,-6.475598011026E1,
-3.138867655639E-1));
#1059=CARTESIAN_POINT('',(2.097916117456E2,-6.450962155689E1,
-3.111106897236E-1));
#1060=CARTESIAN_POINT('',(2.097921701940E2,-6.420099601301E1,
-3.076976731774E-1));
#1061=CARTESIAN_POINT('',(2.096025192448E2,-6.395328625219E1,
-3.049460355465E-1));
#1062=CARTESIAN_POINT('',(2.094236877144E2,-6.389297985307E1,
-3.042775828098E-1));
#1063=CARTESIAN_POINT('',(2.093148970412E2,-6.389513140872E1,
-3.043014559255E-1));
#1065=CARTESIAN_POINT('',(2.093148970412E2,-6.388535684331E1,
-6.042114665966E-1));
#1066=CARTESIAN_POINT('',(2.094237243201E2,-6.388320456371E1,
-6.041875854481E-1));
#1067=CARTESIAN_POINT('',(2.096026068814E2,-6.394359387083E1,
-6.048576499359E-1));
#1068=CARTESIAN_POINT('',(2.097920422433E2,-6.419110034924E1,
-6.076039187856E-1));
#1069=CARTESIAN_POINT('',(2.097917068557E2,-6.449924794892E1,
-6.110230472911E-1));
#1070=CARTESIAN_POINT('',(2.096022707980E2,-6.474609430476E1,
-6.137619884475E-1));
#1071=CARTESIAN_POINT('',(2.094235816661E2,-6.480634400182E1,
-6.144305122328E-1));
#1072=CARTESIAN_POINT('',(2.093149093114E2,-6.480420317682E1,
-6.144067581817E-1));
#1074=DIRECTION('',(4.083073592952E-5,-3.450812158570E-2,9.994044165789E-1));
#1075=VECTOR('',#1074,3.001546023459E-1);
#1076=CARTESIAN_POINT('',(2.093149093114E2,-6.480420317682E1,
-6.144067581817E-1));
#1077=LINE('',#1076,#1075);
#1078=DIRECTION('',(-1.960173149469E-11,9.999384479149E-1,1.109506112985E-2));
#1079=VECTOR('',#1078,4.825463965262E0);
#1080=CARTESIAN_POINT('',(2.056711529651E2,-6.737029712907E1,
-3.428610131900E-1));
#1081=LINE('',#1080,#1079);
#1082=DIRECTION('',(2.314751253236E-12,-9.999384478902E-1,-1.109506335673E-2));
#1083=VECTOR('',#1082,4.825456640549E0);
#1084=CARTESIAN_POINT('',(2.056711529651E2,-6.253536294014E1,
-5.892322767092E-1));
#1085=LINE('',#1084,#1083);
#1086=CARTESIAN_POINT('',(2.055544787675E2,-6.232812668173E1,
-5.869328357571E-1));
#1087=CARTESIAN_POINT('',(2.055791645159E2,-6.234336091669E1,
-5.871018709638E-1));
#1088=CARTESIAN_POINT('',(2.056203263206E2,-6.237981804404E1,-5.8750639E-1));
#1089=CARTESIAN_POINT('',(2.056617794368E2,-6.245367206066E1,
-5.883258554336E-1));
#1090=CARTESIAN_POINT('',(2.056711529651E2,-6.250696874072E1,
-5.889172218753E-1));
#1091=CARTESIAN_POINT('',(2.056711529651E2,-6.253536294014E1,
-5.892322767092E-1));
#1093=DIRECTION('',(-2.779950395957E-10,-3.254997440463E-2,9.994701091910E-1));
#1094=VECTOR('',#1093,3.000690850439E-1);
#1095=CARTESIAN_POINT('',(2.056711529651E2,-6.253536294014E1,
-5.892322767092E-1));
#1096=LINE('',#1095,#1094);
#1097=CARTESIAN_POINT('',(2.055544787675E2,-6.232812668173E1,
-5.869328357571E-1));
#1098=CARTESIAN_POINT('',(2.055544787675E2,-6.232925212318E1,
-5.524012586390E-1));
#1099=CARTESIAN_POINT('',(2.055533959263E2,-6.233085151094E1,
-4.841725991879E-1));
#1100=CARTESIAN_POINT('',(2.055582722586E2,-6.233693934054E1,
-3.836410970919E-1));
#1101=CARTESIAN_POINT('',(2.055461425382E2,-6.233204875936E1,
-3.192077404298E-1));
#1102=CARTESIAN_POINT('',(2.055461425382E2,-6.233309946869E1,
-2.869691465524E-1));
#1104=CARTESIAN_POINT('',(2.024095991984E2,-6.013935310416E1,
-2.626283019364E-1));
#1105=CARTESIAN_POINT('',(2.024103810108E2,-6.013784599166E1,
-2.953597379754E-1));
#1106=CARTESIAN_POINT('',(2.024114778164E2,-6.013508183184E1,
-3.612171216333E-1));
#1107=CARTESIAN_POINT('',(2.024112330592E2,-6.013196076259E1,
-4.612097406312E-1));
#1108=CARTESIAN_POINT('',(2.024107889394E2,-6.013001357313E1,
-5.286297765896E-1));
#1109=CARTESIAN_POINT('',(2.024104150566E2,-6.012911918621E1,
-5.625332064239E-1));
#1111=CARTESIAN_POINT('',(2.024104150566E2,-6.012911918621E1,
-5.625332064239E-1));
#1112=CARTESIAN_POINT('',(2.023691588778E2,-6.015225316160E1,
-5.627898951463E-1));
#1113=CARTESIAN_POINT('',(2.023090664815E2,-6.021166476688E1,
-5.634491112459E-1));
#1114=CARTESIAN_POINT('',(2.022720079240E2,-6.034367620450E1,
-5.649138766727E-1));
#1115=CARTESIAN_POINT('',(2.023106910452E2,-6.047369892478E1,
-5.663565757821E-1));
#1116=CARTESIAN_POINT('',(2.023698052487E2,-6.053142028861E1,
-5.669970374200E-1));
#1117=CARTESIAN_POINT('',(2.024098795712E2,-6.055402913405E1,
-5.672478994337E-1));
#1119=DIRECTION('',(1.002729971874E-5,-3.258001788110E-2,9.994691302558E-1));
#1120=VECTOR('',#1119,3.000692783469E-1);
#1121=CARTESIAN_POINT('',(2.024098795712E2,-6.055402913405E1,
-5.672478994337E-1));
#1122=LINE('',#1121,#1120);
#1123=CARTESIAN_POINT('',(2.033650804817E2,-5.960139145305E1,
-2.566592066584E-1));
#1124=CARTESIAN_POINT('',(2.033911948458E2,-5.958668835526E1,
-2.564960648152E-1));
#1125=CARTESIAN_POINT('',(2.034449185557E2,-5.956773055723E1,
-2.562857138080E-1));
#1126=CARTESIAN_POINT('',(2.035339929527E2,-5.956768175348E1,
-2.562851723406E-1));
#1127=CARTESIAN_POINT('',(2.035877374055E2,-5.958658076392E1,
-2.564948709314E-1));
#1128=CARTESIAN_POINT('',(2.036138678431E2,-5.960125525206E1,
-2.566576953291E-1));
#1130=CARTESIAN_POINT('',(2.036138678431E2,-5.960125525206E1,
-2.566576953291E-1));
#1131=CARTESIAN_POINT('',(2.036145377274E2,-5.960056797E1,-2.893489400712E-1));
#1132=CARTESIAN_POINT('',(2.036154309059E2,-5.959892754410E1,
-3.551530559690E-1));
#1133=CARTESIAN_POINT('',(2.036154309088E2,-5.959566870727E1,
-4.551430018063E-1));
#1134=CARTESIAN_POINT('',(2.036145377227E2,-5.959296524250E1,
-5.226210282999E-1));
#1135=CARTESIAN_POINT('',(2.036138678336E2,-5.959148068129E1,
-5.565677059694E-1));
#1137=CARTESIAN_POINT('',(2.036138678336E2,-5.959148068129E1,
-5.565677059694E-1));
#1138=CARTESIAN_POINT('',(2.035877374055E2,-5.957680619998E1,
-5.564048816473E-1));
#1139=CARTESIAN_POINT('',(2.035339929638E2,-5.955790719877E1,
-5.561951831686E-1));
#1140=CARTESIAN_POINT('',(2.034449186739E2,-5.955795596858E1,
-5.561957240455E-1));
#1141=CARTESIAN_POINT('',(2.033911948689E2,-5.957691377683E1,
-5.564060757268E-1));
#1142=CARTESIAN_POINT('',(2.033650805157E2,-5.959161686847E1,
-5.565692175018E-1));
#1144=DIRECTION('',(-1.132438440749E-7,-3.257442893077E-2,9.994693124753E-1));
#1145=VECTOR('',#1144,3.000692538530E-1);
#1146=CARTESIAN_POINT('',(2.033650805157E2,-5.959161686847E1,
-5.565692175018E-1));
#1147=LINE('',#1146,#1145);
#1148=CARTESIAN_POINT('',(2.071254509507E2,-6.172441630807E1,
-2.802157526377E-1));
#1149=CARTESIAN_POINT('',(2.071254509507E2,-6.172438193113E1,
-3.129805560976E-1));
#1150=CARTESIAN_POINT('',(2.071254507789E2,-6.172370615297E1,
-3.788835504891E-1));
#1151=CARTESIAN_POINT('',(2.071254515536E2,-6.172002454879E1,
-4.788479000623E-1));
#1152=CARTESIAN_POINT('',(2.071254496596E2,-6.171748524978E1,
-5.462513091064E-1));
#1153=CARTESIAN_POINT('',(2.071254496596E2,-6.171605138960E1,
-5.801414035501E-1));
#1155=CARTESIAN_POINT('',(2.071254496596E2,-6.171605138960E1,
-5.801414035501E-1));
#1156=CARTESIAN_POINT('',(2.071255971532E2,-6.168644724922E1,
-5.798129235183E-1));
#1157=CARTESIAN_POINT('',(2.071158103183E2,-6.163106032345E1,
-5.791983642910E-1));
#1158=CARTESIAN_POINT('',(2.070707313270E2,-6.155393532330E1,
-5.783426048334E-1));
#1159=CARTESIAN_POINT('',(2.070266433862E2,-6.151746679316E1,
-5.779379592788E-1));
#1160=CARTESIAN_POINT('',(2.070002757805E2,-6.150256955545E1,
-5.777726633082E-1));
#1162=DIRECTION('',(1.377858253773E-5,-3.258213938542E-2,9.994690610535E-1));
#1163=VECTOR('',#1162,3.000692846119E-1);
#1164=CARTESIAN_POINT('',(2.070002757805E2,-6.150256955545E1,
-5.777726633082E-1));
#1165=LINE('',#1164,#1163);
#1166=DIRECTION('',(4.579436250098E-11,-9.999384478918E-1,-1.109506321339E-2));
#1167=VECTOR('',#1166,5.645320839948E0);
#1168=CARTESIAN_POINT('',(2.071254509507E2,-6.172441630807E1,
-2.802157526377E-1));
#1169=LINE('',#1168,#1167);
#1170=DIRECTION('',(-1.716070518436E-7,9.999384478901E-1,1.109506336283E-2));
#1171=VECTOR('',#1170,5.643910789177E0);
#1172=CARTESIAN_POINT('',(2.071254506282E2,-6.735961478416E1,
-6.427609513701E-1));
#1173=LINE('',#1172,#1171);
#1174=DIRECTION('',(-9.471716659033E-14,3.257436514936E-2,-9.994693145540E-1));
#1175=VECTOR('',#1174,3.000692530566E-1);
#1176=CARTESIAN_POINT('',(2.056711529651E2,-6.737029712907E1,
-3.428610131900E-1));
#1177=LINE('',#1176,#1175);
#1178=CARTESIAN_POINT('',(2.056711529651E2,-6.736052256366E1,
-6.427710238612E-1));
#1179=CARTESIAN_POINT('',(2.055300572461E2,-6.745274656255E1,
-6.437943179579E-1));
#1180=CARTESIAN_POINT('',(2.053034034862E2,-6.767879996546E1,
-6.463025491720E-1));
#1181=CARTESIAN_POINT('',(2.050848927909E2,-6.815288689031E1,
-6.515628974253E-1));
#1182=CARTESIAN_POINT('',(2.050752381388E2,-6.865905150128E1,
-6.571791715465E-1));
#1183=CARTESIAN_POINT('',(2.052567519086E2,-6.912399828431E1,
-6.623381031048E-1));
#1184=CARTESIAN_POINT('',(2.056166304667E2,-6.950568995102E1,
-6.665732570124E-1));
#1185=CARTESIAN_POINT('',(2.061147129226E2,-6.972115936896E1,
-6.689640510142E-1));
#1186=CARTESIAN_POINT('',(2.066559888823E2,-6.972727643644E1,
-6.690319244432E-1));
#1187=CARTESIAN_POINT('',(2.071609922790E2,-6.951989176975E1,
-6.667308367904E-1));
#1188=CARTESIAN_POINT('',(2.075300371834E2,-6.914283159439E1,
-6.625470727359E-1));
#1189=CARTESIAN_POINT('',(2.077201092920E2,-6.867587989968E1,
-6.573658951862E-1));
#1190=CARTESIAN_POINT('',(2.077170700295E2,-6.816418050461E1,
-6.516882085047E-1));
#1191=CARTESIAN_POINT('',(2.074962065835E2,-6.767986941360E1,
-6.463144154974E-1));
#1192=CARTESIAN_POINT('',(2.072676271353E2,-6.745249641796E1,
-6.437915424168E-1));
#1193=CARTESIAN_POINT('',(2.071254506282E2,-6.735961478416E1,
-6.427609513701E-1));
#1195=DIRECTION('',(1.075888103321E-6,-3.257542097074E-2,9.994692801419E-1));
#1196=VECTOR('',#1195,3.000692598683E-1);
#1197=CARTESIAN_POINT('',(2.071254506282E2,-6.735961478416E1,
-6.427609513701E-1));
#1198=LINE('',#1197,#1196);
#1199=DIRECTION('',(-8.709393193562E-1,4.913603337577E-1,5.452009611617E-3));
#1200=VECTOR('',#1199,3.610583569317E0);
#1201=CARTESIAN_POINT('',(2.055544787675E2,-6.232812668173E1,
-5.869328357571E-1));
#1202=LINE('',#1201,#1200);
#1203=DIRECTION('',(8.713663768676E-1,4.906026951158E-1,5.443602645505E-3));
#1204=VECTOR('',#1203,1.095595933518E0);
#1205=CARTESIAN_POINT('',(2.024104150566E2,-6.012911918621E1,
-5.625332064239E-1));
#1206=LINE('',#1205,#1204);
#1207=DIRECTION('',(8.708766409642E-1,-4.914714013802E-1,-5.453241992267E-3));
#1208=VECTOR('',#1207,3.888504740635E0);
#1209=CARTESIAN_POINT('',(2.036138678336E2,-5.959148068129E1,
-5.565677059694E-1));
#1210=LINE('',#1209,#1208);
#1211=CARTESIAN_POINT('',(2.063989833942E2,-6.890010765780E1,
-3.597631852018E-1));
#1212=CARTESIAN_POINT('',(2.065074078028E2,-6.890226516116E1,
-3.597871243118E-1));
#1213=CARTESIAN_POINT('',(2.066857940551E2,-6.884153761201E1,
-3.592190415996E-1));
#1214=CARTESIAN_POINT('',(2.068757514646E2,-6.859516883565E1,
-3.564428949253E-1));
#1215=CARTESIAN_POINT('',(2.068763045507E2,-6.828651107501E1,
-3.530295094799E-1));
#1216=CARTESIAN_POINT('',(2.066866097737E2,-6.803879660834E1,
-3.502778227572E-1));
#1217=CARTESIAN_POINT('',(2.065077562502E2,-6.797851035215E1,
-3.496095928131E-1));
#1218=CARTESIAN_POINT('',(2.063989555170E2,-6.798068059073E1,
-3.496336732299E-1));
#1220=CARTESIAN_POINT('',(2.063989555167E2,-6.797090602522E1,
-6.495436839098E-1));
#1221=CARTESIAN_POINT('',(2.065078021497E2,-6.796873487108E1,
-6.495195933342E-1));
#1222=CARTESIAN_POINT('',(2.066867182186E2,-6.802911330666E1,
-6.501895364408E-1));
#1223=CARTESIAN_POINT('',(2.068761922429E2,-6.827665638408E1,
-6.529362147778E-1));
#1224=CARTESIAN_POINT('',(2.068758396540E2,-6.858485496148E1,
-6.563558964735E-1));
#1225=CARTESIAN_POINT('',(2.066863103096E2,-6.883171564871E1,
-6.590950430359E-1));
#1226=CARTESIAN_POINT('',(2.065076291737E2,-6.889191262335E1,
-6.597628664210E-1));
#1227=CARTESIAN_POINT('',(2.063989377746E2,-6.888974980723E1,
-6.597388683619E-1));
#1229=DIRECTION('',(1.519870820360E-4,-3.450840176806E-2,9.994043961817E-1));
#1230=VECTOR('',#1229,3.001544563003E-1);
#1231=CARTESIAN_POINT('',(2.063989377746E2,-6.888974980723E1,
-6.597388683619E-1));
#1232=LINE('',#1231,#1230);
#1233=CARTESIAN_POINT('',(2.063989555170E2,-6.798068059073E1,
-3.496336732299E-1));
#1234=CARTESIAN_POINT('',(2.062903350708E2,-6.797857455680E1,
-3.496103052116E-1));
#1235=CARTESIAN_POINT('',(2.061117140495E2,-6.803880763975E1,
-3.502779451589E-1));
#1236=CARTESIAN_POINT('',(2.059222444032E2,-6.828583797321E1,
-3.530220409130E-1));
#1237=CARTESIAN_POINT('',(2.059220157866E2,-6.859406736035E1,
-3.564306732347E-1));
#1238=CARTESIAN_POINT('',(2.061118791501E2,-6.884130756446E1,
-3.592164890502E-1));
#1239=CARTESIAN_POINT('',(2.062903530123E2,-6.890221105607E1,
-3.597865239755E-1));
#1240=CARTESIAN_POINT('',(2.063989833942E2,-6.890010765780E1,
-3.597631852018E-1));
#1242=CARTESIAN_POINT('',(2.063989377746E2,-6.888974980723E1,
-6.597388683619E-1));
#1243=CARTESIAN_POINT('',(2.062901482822E2,-6.889185628634E1,
-6.597622413198E-1));
#1244=CARTESIAN_POINT('',(2.061112757723E2,-6.883139270723E1,
-6.590914597592E-1));
#1245=CARTESIAN_POINT('',(2.059219949501E2,-6.858392721333E1,
-6.563456024154E-1));
#1246=CARTESIAN_POINT('',(2.059223434528E2,-6.827588011864E1,
-6.529276015335E-1));
#1247=CARTESIAN_POINT('',(2.061116819602E2,-6.802909262649E1,
-6.501893069789E-1));
#1248=CARTESIAN_POINT('',(2.062903206094E2,-6.796879971090E1,
-6.495203127804E-1));
#1249=CARTESIAN_POINT('',(2.063989555167E2,-6.797090602522E1,
-6.495436839098E-1));
#1251=DIRECTION('',(1.222040883301E-9,-3.257436544879E-2,9.994693145443E-1));
#1252=VECTOR('',#1251,3.000692530682E-1);
#1253=CARTESIAN_POINT('',(2.063989555167E2,-6.797090602522E1,
-6.495436839098E-1));
#1254=LINE('',#1253,#1252);
#1255=DIRECTION('',(-7.662855085406E-10,-6.992178627351E-1,-7.149086518095E-1));
#1256=VECTOR('',#1255,1.414213562430E0);
#1257=CARTESIAN_POINT('',(2.071000000076E2,-1.380444644514E2,
-1.127043645127E0));
#1258=LINE('',#1257,#1256);
#1259=DIRECTION('',(7.071067811865E-1,7.845407629460E-3,-7.070632571271E-1));
#1260=VECTOR('',#1259,1.414213566463E0);
#1261=CARTESIAN_POINT('',(2.140999999798E2,-1.310448954463E2,
-1.049378183110E0));
#1262=LINE('',#1261,#1260);
#1263=DIRECTION('',(7.071041729072E-1,7.845473142288E-3,-7.070658648305E-1));
#1264=VECTOR('',#1263,1.414213562440E0);
#1265=CARTESIAN_POINT('',(2.141000258194E2,-6.204931979601E1,
-2.837949769868E-1));
#1266=LINE('',#1265,#1264);
#1267=DIRECTION('',(-1.378468070593E-8,7.058091257275E-1,-7.084020595960E-1));
#1268=VECTOR('',#1267,1.432334759536E0);
#1269=CARTESIAN_POINT('',(2.071000001331E2,-5.504720080011E1,
-2.059098890236E-1));
#1270=LINE('',#1269,#1268);
#1271=DIRECTION('',(7.946892562527E-10,7.058289079668E-1,-7.083823492144E-1));
#1272=VECTOR('',#1271,1.432334754776E0);
#1273=CARTESIAN_POINT('',(-1.503000000077E2,-5.504739535597E1,
-2.061037843095E-1));
#1274=LINE('',#1273,#1272);
#1275=CARTESIAN_POINT('',(-1.503000000065E2,-5.403641208017E1,
-1.220744442759E0));
#1276=CARTESIAN_POINT('',(-1.509809710026E2,-5.403641501272E1,
-1.220943935130E0));
#1277=CARTESIAN_POINT('',(-1.523555680803E2,-5.421095192264E1,
-1.221621153633E0));
#1278=CARTESIAN_POINT('',(-1.543217161201E2,-5.501220859086E1,
-1.229344558174E0));
#1279=CARTESIAN_POINT('',(-1.560270133655E2,-5.631595961490E1,
-1.238413299524E0));
#1280=CARTESIAN_POINT('',(-1.573267820441E2,-5.802001322970E1,
-1.252296110038E0));
#1281=CARTESIAN_POINT('',(-1.581267190798E2,-5.998744708119E1,
-1.268348123157E0));
#1282=CARTESIAN_POINT('',(-1.583001864474E2,-6.135913718331E1,
-1.278630016883E0));
#1283=CARTESIAN_POINT('',(-1.583001864474E2,-6.203822581110E1,
-1.283572764694E0));
#1285=CARTESIAN_POINT('',(-1.583001867707E2,-6.216393291017E1,
-9.834841550050E0));
#1286=CARTESIAN_POINT('',(-1.583001867707E2,-6.148512711496E1,
-9.870638463058E0));
#1287=CARTESIAN_POINT('',(-1.581265647197E2,-6.011418513767E1,
-9.943225568819E0));
#1288=CARTESIAN_POINT('',(-1.573261938963E2,-5.814824309974E1,
-1.004863512889E1));
#1289=CARTESIAN_POINT('',(-1.560260625101E2,-5.644585986176E1,
-1.013988571626E1));
#1290=CARTESIAN_POINT('',(-1.543206345616E2,-5.514360371808E1,
-1.020813518519E1));
#1291=CARTESIAN_POINT('',(-1.523547663798E2,-5.434354437118E1,
-1.025222134602E1));
#1292=CARTESIAN_POINT('',(-1.509806664229E2,-5.416930205348E1,
-1.026081535193E1));
#1293=CARTESIAN_POINT('',(-1.503000000064E2,-5.416930494975E1,
-1.026101237700E1));
#1295=DIRECTION('',(-7.070847648086E-1,4.154316235272E-2,7.059074309265E-1));
#1296=VECTOR('',#1295,1.414213567174E0);
#1297=CARTESIAN_POINT('',(-1.573002179032E2,-6.222268381399E1,
-1.083314541603E1));
#1298=LINE('',#1297,#1296);
#1299=CARTESIAN_POINT('',(2.0605E2,-1.299739494265E2,-6.845784833960E0));
#1300=DIRECTION('',(0.E0,-5.874806611750E-2,-9.982728408243E-1));
#1301=DIRECTION('',(-1.E0,0.E0,0.E0));
#1302=AXIS2_PLACEMENT_3D('',#1299,#1300,#1301);
#1304=CARTESIAN_POINT('',(2.0605E2,-1.299739494265E2,-6.845784833960E0));
#1305=DIRECTION('',(0.E0,-5.874806611750E-2,-9.982728408243E-1));
#1306=DIRECTION('',(1.E0,0.E0,0.E0));
#1307=AXIS2_PLACEMENT_3D('',#1304,#1305,#1306);
#1309=CARTESIAN_POINT('',(2.0605E2,-6.336411591199E1,-1.076575414831E1));
#1310=DIRECTION('',(0.E0,-5.874806611750E-2,-9.982728408243E-1));
#1311=DIRECTION('',(-1.E0,0.E0,0.E0));
#1312=AXIS2_PLACEMENT_3D('',#1309,#1310,#1311);
#1314=CARTESIAN_POINT('',(2.0605E2,-6.336411591199E1,-1.076575414831E1));
#1315=DIRECTION('',(0.E0,-5.874806611750E-2,-9.982728408243E-1));
#1316=DIRECTION('',(1.E0,0.E0,0.E0));
#1317=AXIS2_PLACEMENT_3D('',#1314,#1315,#1316);
#1319=CARTESIAN_POINT('',(-1.4925E2,-1.299739494265E2,-6.845784833960E0));
#1320=DIRECTION('',(0.E0,-5.874806611750E-2,-9.982728408243E-1));
#1321=DIRECTION('',(-1.E0,0.E0,0.E0));
#1322=AXIS2_PLACEMENT_3D('',#1319,#1320,#1321);
#1324=CARTESIAN_POINT('',(-1.4925E2,-1.299739494265E2,-6.845784833960E0));
#1325=DIRECTION('',(0.E0,-5.874806611750E-2,-9.982728408243E-1));
#1326=DIRECTION('',(1.E0,0.E0,0.E0));
#1327=AXIS2_PLACEMENT_3D('',#1324,#1325,#1326);
#1329=CARTESIAN_POINT('',(-1.4925E2,-6.336411591199E1,-1.076575414831E1));
#1330=DIRECTION('',(0.E0,-5.874806611750E-2,-9.982728408243E-1));
#1331=DIRECTION('',(-1.E0,0.E0,0.E0));
#1332=AXIS2_PLACEMENT_3D('',#1329,#1330,#1331);
#1334=CARTESIAN_POINT('',(-1.4925E2,-6.336411591199E1,-1.076575414831E1));
#1335=DIRECTION('',(0.E0,-5.874806611750E-2,-9.982728408243E-1));
#1336=DIRECTION('',(1.E0,0.E0,0.E0));
#1337=AXIS2_PLACEMENT_3D('',#1334,#1335,#1336);
#1339=DIRECTION('',(-9.999999999937E-1,-2.578309821906E-6,-2.457785408509E-6));
#1340=VECTOR('',#1339,6.821817226939E1);
#1341=CARTESIAN_POINT('',(-8.208182773737E1,-1.380559606269E2,
-6.370006713997E0));
#1342=LINE('',#1341,#1340);
#1343=CARTESIAN_POINT('',(-7.958187402641E1,-1.373856757928E2,
-6.409508998918E0));
#1344=CARTESIAN_POINT('',(-7.996747563651E1,-1.376091503085E2,
-6.396357588714E0));
#1345=CARTESIAN_POINT('',(-8.077224261223E1,-1.379390877718E2,
-6.377164765196E0));
#1346=CARTESIAN_POINT('',(-8.163511918584E1,-1.380562700085E2,
-6.369988506978E0));
#1347=CARTESIAN_POINT('',(-8.208182773737E1,-1.380559606269E2,
-6.370006713997E0));
#1349=DIRECTION('',(-8.655225374561E-1,-5.000015364070E-1,2.948221067471E-2));
#1350=VECTOR('',#1349,2.786314485796E0);
#1351=CARTESIAN_POINT('',(-7.717025604251E1,-1.359925142690E2,
-6.491655709594E0));
#1352=LINE('',#1351,#1350);
#1353=CARTESIAN_POINT('',(-7.367028511262E1,-1.350539777949E2,
-6.546836670856E0));
#1354=CARTESIAN_POINT('',(-7.369606801418E1,-1.350539568813E2,
-6.546837901618E0));
#1355=CARTESIAN_POINT('',(-7.423776441512E1,-1.350570834074E2,
-6.546543646685E0));
#1356=CARTESIAN_POINT('',(-7.527858063121E1,-1.351845672714E2,
-6.539223415690E0));
#1357=CARTESIAN_POINT('',(-7.640655948459E1,-1.355814807221E2,
-6.515690067185E0));
#1358=CARTESIAN_POINT('',(-7.701897398453E1,-1.359049615732E2,
-6.496808160258E0));
#1359=CARTESIAN_POINT('',(-7.717025604251E1,-1.359925142690E2,
-6.491655709594E0));
#1361=DIRECTION('',(-9.999999999981E-1,1.413238326265E-6,1.347193366155E-6));
#1362=VECTOR('',#1361,1.043923051116E2);
#1363=CARTESIAN_POINT('',(3.072201999877E1,-1.350541253261E2,
-6.546977307477E0));
#1364=LINE('',#1363,#1362);
#1365=CARTESIAN_POINT('',(3.422201942877E1,-1.359924611851E2,
-6.491597830714E0));
#1366=CARTESIAN_POINT('',(3.386326554700E1,-1.357851523406E2,
-6.503797895871E0));
#1367=CARTESIAN_POINT('',(3.312358046110E1,-1.354424782008E2,
-6.523984444594E0));
#1368=CARTESIAN_POINT('',(3.195228415099E1,-1.351266170342E2,
-6.542477571565E0));
#1369=CARTESIAN_POINT('',(3.113809924944E1,-1.350534018390E2,
-6.547019884482E0));
#1370=CARTESIAN_POINT('',(3.072201999877E1,-1.350541253261E2,
-6.546977307477E0));
#1372=DIRECTION('',(-8.655122336535E-1,5.000205966063E-1,-2.946143862090E-2));
#1373=VECTOR('',#1372,2.786314438094E0);
#1374=CARTESIAN_POINT('',(3.663360866175E1,-1.373856757928E2,
-6.409508998918E0));
#1375=LINE('',#1374,#1373);
#1376=CARTESIAN_POINT('',(3.913356237271E1,-1.380559606269E2,
-6.370006713997E0));
#1377=CARTESIAN_POINT('',(3.868685382118E1,-1.380562700085E2,
-6.369988506978E0));
#1378=CARTESIAN_POINT('',(3.782397724757E1,-1.379390877718E2,
-6.377164765196E0));
#1379=CARTESIAN_POINT('',(3.701921027185E1,-1.376091503085E2,
-6.396357588714E0));
#1380=CARTESIAN_POINT('',(3.663360866175E1,-1.373856757928E2,
-6.409508998918E0));
#1382=DIRECTION('',(-9.999999999990E-1,1.047159099425E-6,9.982091110473E-7));
#1383=VECTOR('',#1382,1.679664376338E2);
#1384=CARTESIAN_POINT('',(2.071000000063E2,-1.380561365145E2,
-6.370174379625E0));
#1385=LINE('',#1384,#1383);
#1386=CARTESIAN_POINT('',(2.141002187677E2,-1.310511208567E2,
-6.782612796111E0));
#1387=CARTESIAN_POINT('',(2.140998565014E2,-1.316567921720E2,
-6.746969215498E0));
#1388=CARTESIAN_POINT('',(2.139493872785E2,-1.328342465611E2,
-6.677355393455E0));
#1389=CARTESIAN_POINT('',(2.132488914415E2,-1.345705391623E2,
-6.575304338347E0));
#1390=CARTESIAN_POINT('',(2.121093624194E2,-1.360618685236E2,
-6.487504464070E0));
#1391=CARTESIAN_POINT('',(2.106172021441E2,-1.372034527444E2,
-6.420335607633E0));
#1392=CARTESIAN_POINT('',(2.088860602578E2,-1.379053248413E2,
-6.379014043748E0));
#1393=CARTESIAN_POINT('',(2.077069815148E2,-1.380559641639E2,
-6.370184522407E0));
#1394=CARTESIAN_POINT('',(2.071000000063E2,-1.380561365145E2,
-6.370174379625E0));
#1396=DIRECTION('',(2.794636349290E-6,-9.982730050305E-1,5.874527572184E-2));
#1397=VECTOR('',#1396,6.894752021397E1);
#1398=CARTESIAN_POINT('',(2.141000260844E2,-6.222267266327E1,
-1.083295388142E1));
#1399=LINE('',#1398,#1397);
#1400=CARTESIAN_POINT('',(2.071000001356E2,-5.522775256744E1,
-1.124479389911E1));
#1401=CARTESIAN_POINT('',(2.077038282866E2,-5.522811351529E1,
-1.124477265743E1));
#1402=CARTESIAN_POINT('',(2.088782745162E2,-5.537775247015E1,
-1.123564847183E1));
#1403=CARTESIAN_POINT('',(2.106119029932E2,-5.607571212290E1,
-1.119470182722E1));
#1404=CARTESIAN_POINT('',(2.121027520154E2,-5.721267574767E1,
-1.112775650262E1));
#1405=CARTESIAN_POINT('',(2.132452320658E2,-5.870314553966E1,
-1.104005609625E1));
#1406=CARTESIAN_POINT('',(2.139485877311E2,-6.043431851325E1,
-1.093815918863E1));
#1407=CARTESIAN_POINT('',(2.140998453426E2,-6.161471944912E1,
-1.086873175112E1));
#1408=CARTESIAN_POINT('',(2.141000260844E2,-6.222267266327E1,
-1.083295388142E1));
#1410=DIRECTION('',(9.999999999997E-1,5.282415201316E-7,-5.686695427387E-7));
#1411=VECTOR('',#1410,3.574000001433E2);
#1412=CARTESIAN_POINT('',(-1.503000000076E2,-5.522794136096E1,
-1.124459065661E1));
#1413=LINE('',#1412,#1411);
#1414=CARTESIAN_POINT('',(-1.573002179032E2,-6.222268381399E1,
-1.083314541603E1));
#1415=CARTESIAN_POINT('',(-1.572998608099E2,-6.161850963607E1,
-1.086870089055E1));
#1416=CARTESIAN_POINT('',(-1.571496911679E2,-6.044368930404E1,
-1.093751901671E1));
#1417=CARTESIAN_POINT('',(-1.564500650830E2,-5.871057546661E1,
-1.103964102360E1));
#1418=CARTESIAN_POINT('',(-1.553112707734E2,-5.722118617103E1,
-1.112725566472E1));
#1419=CARTESIAN_POINT('',(-1.538193580844E2,-5.608054486140E1,
-1.119439525341E1));
#1420=CARTESIAN_POINT('',(-1.520876352784E2,-5.537884860560E1,
-1.123567264075E1));
#1421=CARTESIAN_POINT('',(-1.509076003E2,-5.522811792770E1,-1.124458026571E1));
#1422=CARTESIAN_POINT('',(-1.503000000076E2,-5.522794136096E1,
-1.124459065661E1));
#1424=DIRECTION('',(1.253822656420E-8,9.982728415612E-1,-5.874805359622E-2));
#1425=VECTOR('',#1424,6.894752033426E1);
#1426=CARTESIAN_POINT('',(-1.573002187677E2,-1.310511208567E2,
-6.782612796111E0));
#1427=LINE('',#1426,#1425);
#1428=CARTESIAN_POINT('',(-1.503000000063E2,-1.380561365145E2,
-6.370174379625E0));
#1429=CARTESIAN_POINT('',(-1.509069815148E2,-1.380559641639E2,
-6.370184522407E0));
#1430=CARTESIAN_POINT('',(-1.520860602578E2,-1.379053248413E2,
-6.379014043748E0));
#1431=CARTESIAN_POINT('',(-1.538172021441E2,-1.372034527444E2,
-6.420335607633E0));
#1432=CARTESIAN_POINT('',(-1.553093624194E2,-1.360618685236E2,
-6.487504464070E0));
#1433=CARTESIAN_POINT('',(-1.564488914415E2,-1.345705391623E2,
-6.575304338347E0));
#1434=CARTESIAN_POINT('',(-1.571493872785E2,-1.328342465611E2,
-6.677355393455E0));
#1435=CARTESIAN_POINT('',(-1.572998565014E2,-1.316567921720E2,
-6.746969215498E0));
#1436=CARTESIAN_POINT('',(-1.573002187677E2,-1.310511208567E2,
-6.782612796111E0));
#1438=DIRECTION('',(-1.705302565814E-13,-5.874806614484E-2,-9.982728408227E-1));
#1439=VECTOR('',#1438,5.000000000031E-1);
#1440=CARTESIAN_POINT('',(2.103E2,-1.299445753934E2,-6.346648413545E0));
#1441=LINE('',#1440,#1439);
#1442=DIRECTION('',(-5.684341886046E-14,-5.874806614489E-2,-9.982728408227E-1));
#1443=VECTOR('',#1442,5.000000000031E-1);
#1444=CARTESIAN_POINT('',(2.018E2,-1.299445753934E2,-6.346648413545E0));
#1445=LINE('',#1444,#1443);
#1446=CARTESIAN_POINT('',(2.0605E2,-1.299445753934E2,-6.346648413545E0));
#1447=DIRECTION('',(0.E0,5.874806611750E-2,9.982728408243E-1));
#1448=DIRECTION('',(1.E0,9.670068667380E-12,-5.690611380808E-13));
#1449=AXIS2_PLACEMENT_3D('',#1446,#1447,#1448);
#1451=CARTESIAN_POINT('',(2.0605E2,-1.299445753934E2,-6.346648413545E0));
#1452=DIRECTION('',(0.E0,5.874806611750E-2,9.982728408243E-1));
#1453=DIRECTION('',(-1.E0,9.670068667380E-12,-5.690611380808E-13));
#1454=AXIS2_PLACEMENT_3D('',#1451,#1452,#1453);
#1456=DIRECTION('',(-1.705302565826E-13,-5.874806611842E-2,-9.982728408243E-1));
#1457=VECTOR('',#1456,4.999999999996E-1);
#1458=CARTESIAN_POINT('',(2.103E2,-6.333474187893E1,-1.026661772790E1));
#1459=LINE('',#1458,#1457);
#1460=DIRECTION('',(-5.684341886086E-14,-5.874806611842E-2,-9.982728408243E-1));
#1461=VECTOR('',#1460,4.999999999996E-1);
#1462=CARTESIAN_POINT('',(2.018E2,-6.333474187893E1,-1.026661772790E1));
#1463=LINE('',#1462,#1461);
#1464=CARTESIAN_POINT('',(2.0605E2,-6.333474187893E1,-1.026661772790E1));
#1465=DIRECTION('',(0.E0,5.874806611750E-2,9.982728408243E-1));
#1466=DIRECTION('',(1.E0,3.260137258193E-13,-1.922645049704E-14));
#1467=AXIS2_PLACEMENT_3D('',#1464,#1465,#1466);
#1469=CARTESIAN_POINT('',(2.0605E2,-6.333474187893E1,-1.026661772790E1));
#1470=DIRECTION('',(0.E0,5.874806611750E-2,9.982728408243E-1));
#1471=DIRECTION('',(-1.E0,3.260137258193E-13,-1.922645049704E-14));
#1472=AXIS2_PLACEMENT_3D('',#1469,#1470,#1471);
#1474=DIRECTION('',(0.E0,-5.874806614489E-2,-9.982728408227E-1));
#1475=VECTOR('',#1474,5.000000000031E-1);
#1476=CARTESIAN_POINT('',(-1.45E2,-1.299445753934E2,-6.346648413545E0));
#1477=LINE('',#1476,#1475);
#1478=DIRECTION('',(0.E0,-5.874806614489E-2,-9.982728408227E-1));
#1479=VECTOR('',#1478,5.000000000031E-1);
#1480=CARTESIAN_POINT('',(-1.535E2,-1.299445753934E2,-6.346648413545E0));
#1481=LINE('',#1480,#1479);
#1482=CARTESIAN_POINT('',(-1.4925E2,-1.299445753934E2,-6.346648413545E0));
#1483=DIRECTION('',(0.E0,5.874806611750E-2,9.982728408243E-1));
#1484=DIRECTION('',(1.E0,9.670068667380E-12,-5.690611380808E-13));
#1485=AXIS2_PLACEMENT_3D('',#1482,#1483,#1484);
#1487=CARTESIAN_POINT('',(-1.4925E2,-1.299445753934E2,-6.346648413545E0));
#1488=DIRECTION('',(0.E0,5.874806611750E-2,9.982728408243E-1));
#1489=DIRECTION('',(-1.E0,9.670068667380E-12,-5.690611380808E-13));
#1490=AXIS2_PLACEMENT_3D('',#1487,#1488,#1489);
#1492=DIRECTION('',(0.E0,-5.874806611842E-2,-9.982728408243E-1));
#1493=VECTOR('',#1492,4.999999999996E-1);
#1494=CARTESIAN_POINT('',(-1.45E2,-6.333474187893E1,-1.026661772790E1));
#1495=LINE('',#1494,#1493);
#1496=DIRECTION('',(0.E0,-5.874806611842E-2,-9.982728408243E-1));
#1497=VECTOR('',#1496,4.999999999996E-1);
#1498=CARTESIAN_POINT('',(-1.535E2,-6.333474187893E1,-1.026661772790E1));
#1499=LINE('',#1498,#1497);
#1500=CARTESIAN_POINT('',(-1.4925E2,-6.333474187893E1,-1.026661772790E1));
#1501=DIRECTION('',(0.E0,5.874806611750E-2,9.982728408243E-1));
#1502=DIRECTION('',(1.E0,3.260137258193E-13,-1.922645049704E-14));
#1503=AXIS2_PLACEMENT_3D('',#1500,#1501,#1502);
#1505=CARTESIAN_POINT('',(-1.4925E2,-6.333474187893E1,-1.026661772790E1));
#1506=DIRECTION('',(0.E0,5.874806611750E-2,9.982728408243E-1));
#1507=DIRECTION('',(-1.E0,3.260137258193E-13,-1.922645049704E-14));
#1508=AXIS2_PLACEMENT_3D('',#1505,#1506,#1507);
#1510=DIRECTION('',(-5.761317159363E-9,-6.900576195254E-1,7.237544346910E-1));
#1511=VECTOR('',#1510,1.363949890762E0);
#1512=CARTESIAN_POINT('',(-8.208182773737E1,-1.380559606269E2,
-6.370006713997E0));
#1513=LINE('',#1512,#1511);
#1514=DIRECTION('',(5.931478609048E-10,-6.900452815879E-1,7.237661979937E-1));
#1515=VECTOR('',#1514,1.363949888823E0);
#1516=CARTESIAN_POINT('',(-1.503000000063E2,-1.380561365145E2,
-6.370174379625E0));
#1517=LINE('',#1516,#1515);
#1518=DIRECTION('',(-7.070846755507E-1,4.154362117712E-2,7.059074933310E-1));
#1519=VECTOR('',#1518,1.414213567217E0);
#1520=CARTESIAN_POINT('',(-1.573002187677E2,-1.310511208567E2,
-6.782612796111E0));
#1521=LINE('',#1520,#1519);
#1522=CARTESIAN_POINT('',(-1.503E2,-1.310338002531E2,-2.049316649806E0));
#1523=DIRECTION('',(0.E0,-1.109506335671E-2,9.999384478902E-1));
#1524=DIRECTION('',(-1.E0,0.E0,0.E0));
#1525=AXIS2_PLACEMENT_3D('',#1522,#1523,#1524);
#1527=CARTESIAN_POINT('',(-1.503000000055E2,-1.389973236996E2,
-5.382993554338E0));
#1528=CARTESIAN_POINT('',(-1.509799585197E2,-1.389973258641E2,
-5.382798476643E0));
#1529=CARTESIAN_POINT('',(-1.523529059095E2,-1.388232334868E2,
-5.392234497785E0));
#1530=CARTESIAN_POINT('',(-1.543181956644E2,-1.380230983904E2,
-5.430878312761E0));
#1531=CARTESIAN_POINT('',(-1.560238537808E2,-1.367200274795E2,
-5.497397506332E0));
#1532=CARTESIAN_POINT('',(-1.573248521902E2,-1.350157119070E2,
-5.582335284293E0));
#1533=CARTESIAN_POINT('',(-1.581262336613E2,-1.330464564853E2,
-5.680440670382E0));
#1534=CARTESIAN_POINT('',(-1.583001875090E2,-1.316727287350E2,
-5.749808065577E0));
#1535=CARTESIAN_POINT('',(-1.583001875090E2,-1.309923693040E2,
-5.784308841842E0));
#1537=DIRECTION('',(-7.071067811865E-1,7.845407629460E-3,-7.070632571271E-1));
#1538=VECTOR('',#1537,1.414213566463E0);
#1539=CARTESIAN_POINT('',(-1.572999999798E2,-1.310448954463E2,
-1.049378183110E0));
#1540=LINE('',#1539,#1538);
#1541=DIRECTION('',(7.663257029076E-10,-6.992178627351E-1,-7.149086518095E-1));
#1542=VECTOR('',#1541,1.414213562430E0);
#1543=CARTESIAN_POINT('',(-1.503000000076E2,-1.380444644514E2,
-1.127043645127E0));
#1544=LINE('',#1543,#1542);
#1545=DIRECTION('',(-7.531248669059E-9,-6.992178627351E-1,-7.149086518095E-1));
#1546=VECTOR('',#1545,1.414213564382E0);
#1547=CARTESIAN_POINT('',(-8.208182773041E1,-1.380444644376E2,
-1.127043631054E0));
#1548=LINE('',#1547,#1546);
#1549=DIRECTION('',(3.535533985462E-1,-6.044893437518E-1,-7.138575681933E-1));
#1550=VECTOR('',#1549,1.414213563180E0);
#1551=CARTESIAN_POINT('',(-7.958182795224E1,-1.373746327628E2,
-1.119611357209E0));
#1552=LINE('',#1551,#1550);
#1553=DIRECTION('',(3.535533809213E-1,-6.044893539269E-1,-7.138575683062E-1));
#1554=VECTOR('',#1553,1.414213561568E0);
#1555=CARTESIAN_POINT('',(-7.717028506594E1,-1.359824135359E2,
-1.104163653139E0));
#1556=LINE('',#1555,#1554);
#1557=DIRECTION('',(2.088097362685E-9,-6.992178627351E-1,-7.149086518096E-1));
#1558=VECTOR('',#1557,1.414213562351E0);
#1559=CARTESIAN_POINT('',(-7.367028511331E1,-1.350446491081E2,
-1.093758455387E0));
#1560=LINE('',#1559,#1558);
#1561=DIRECTION('',(-6.979432803796E-8,-6.992178627351E-1,-7.149086518095E-1));
#1562=VECTOR('',#1561,1.414213556892E0);
#1563=CARTESIAN_POINT('',(3.072202001675E1,-1.350446491188E2,
-1.093758466315E0));
#1564=LINE('',#1563,#1562);
#1565=DIRECTION('',(-3.535533905841E-1,-6.044893483485E-1,-7.138575682443E-1));
#1566=VECTOR('',#1565,1.414213562373E0);
#1567=CARTESIAN_POINT('',(3.422201974034E1,-1.359824135566E2,
-1.104163651775E0));
#1568=LINE('',#1567,#1566);
#1569=DIRECTION('',(-3.535533985462E-1,-6.044893437518E-1,-7.138575681933E-1));
#1570=VECTOR('',#1569,1.414213563180E0);
#1571=CARTESIAN_POINT('',(3.663356258758E1,-1.373746327628E2,
-1.119611357209E0));
#1572=LINE('',#1571,#1570);
#1573=DIRECTION('',(7.531268766242E-9,-6.992178627351E-1,-7.149086518095E-1));
#1574=VECTOR('',#1573,1.414213564382E0);
#1575=CARTESIAN_POINT('',(3.913356236575E1,-1.380444644376E2,
-1.127043631054E0));
#1576=LINE('',#1575,#1574);
#1577=DIRECTION('',(1.E0,1.817646595953E-10,1.858431964195E-10));
#1578=VECTOR('',#1577,6.821817226544E1);
#1579=CARTESIAN_POINT('',(-1.503000000065E2,-1.390333078360E2,
-2.138077156415E0));
#1580=LINE('',#1579,#1578);
#1581=DIRECTION('',(1.284648418872E-9,-1.113823104344E-2,9.999379679806E-1));
#1582=VECTOR('',#1581,3.244966079924E0);
#1583=CARTESIAN_POINT('',(-8.208182774523E1,-1.389971646417E2,
-5.382841931862E0));
#1584=LINE('',#1583,#1582);
#1585=DIRECTION('',(-9.999999999948E-1,-2.331606251419E-6,-2.222611239145E-6));
#1586=VECTOR('',#1585,6.821817226064E1);
#1587=CARTESIAN_POINT('',(-8.208182774523E1,-1.389971646417E2,
-5.382841931862E0));
#1588=LINE('',#1587,#1586);
#1589=DIRECTION('',(-3.028095785322E-10,-1.108870603573E-2,9.999385184092E-1));
#1590=VECTOR('',#1589,3.245115912812E0);
#1591=CARTESIAN_POINT('',(-1.503000000055E2,-1.389973236996E2,
-5.382993554338E0));
#1592=LINE('',#1591,#1590);
#1593=DIRECTION('',(1.E0,-7.382220540598E-11,-7.547873004057E-11));
#1594=VECTOR('',#1593,1.679664376301E2);
#1595=CARTESIAN_POINT('',(3.913356237640E1,-1.390333078236E2,
-2.138077143737E0));
#1596=LINE('',#1595,#1594);
#1597=DIRECTION('',(-3.028095785322E-10,1.108870603572E-2,-9.999385184092E-1));
#1598=VECTOR('',#1597,3.245115912812E0);
#1599=CARTESIAN_POINT('',(2.071000000065E2,-1.390333078360E2,
-2.138077156415E0));
#1600=LINE('',#1599,#1598);
#1601=DIRECTION('',(-9.999999999991E-1,9.469624954882E-7,9.026950772457E-7));
#1602=VECTOR('',#1601,1.679664376251E2);
#1603=CARTESIAN_POINT('',(2.071000000055E2,-1.389973236996E2,
-5.382993554338E0));
#1604=LINE('',#1603,#1602);
#1605=DIRECTION('',(1.284641849841E-9,1.113823104343E-2,-9.999379679806E-1));
#1606=VECTOR('',#1605,3.244966079924E0);
#1607=CARTESIAN_POINT('',(3.913356237640E1,-1.390333078236E2,
-2.138077143737E0));
#1608=LINE('',#1607,#1606);
#1609=CARTESIAN_POINT('',(-8.208182783692E1,-1.330336771489E2,
-2.071506776519E0));
#1610=DIRECTION('',(0.E0,-1.109506335671E-2,9.999384478902E-1));
#1611=DIRECTION('',(0.E0,-9.999384478902E-1,-1.109506335671E-2));
#1612=AXIS2_PLACEMENT_3D('',#1609,#1610,#1611);
#1614=CARTESIAN_POINT('',(-7.908187024757E1,-1.381929078157E2,
-5.420853199275E0));
#1615=CARTESIAN_POINT('',(-7.953321006281E1,-1.384536337504E2,
-5.409251406176E0));
#1616=CARTESIAN_POINT('',(-8.050622947967E1,-1.388581588932E2,
-5.390380166296E0));
#1617=CARTESIAN_POINT('',(-8.155577698452E1,-1.389971605444E2,
-5.383211195243E0));
#1618=CARTESIAN_POINT('',(-8.208182774523E1,-1.389971646417E2,
-5.382841931862E0));
#1620=DIRECTION('',(8.660254048902E-1,4.999692220544E-1,5.547529445619E-3));
#1621=VECTOR('',#1620,2.784609836140E0);
#1622=CARTESIAN_POINT('',(-7.908182794071E1,-1.382295097915E2,
-2.129158412326E0));
#1623=LINE('',#1622,#1621);
#1624=DIRECTION('',(5.394235777006E-6,1.108483229507E-2,-9.999385613446E-1));
#1625=VECTOR('',#1624,3.389467731979E0);
#1626=CARTESIAN_POINT('',(-7.667028507990E1,-1.368372905780E2,
-2.113710707266E0));
#1627=LINE('',#1626,#1625);
#1628=DIRECTION('',(-8.655172460625E-1,-5.000113247665E-1,2.947154345596E-2));
#1629=VECTOR('',#1628,2.786314729407E0);
#1630=CARTESIAN_POINT('',(-7.667026679632E1,-1.367997188966E2,
-5.502970194905E0));
#1631=LINE('',#1630,#1629);
#1632=DIRECTION('',(1.285181486861E-5,-1.111880523431E-2,9.999381840919E-1));
#1633=VECTOR('',#1632,3.291898278630E0);
#1634=CARTESIAN_POINT('',(-7.908187024757E1,-1.381929078157E2,
-5.420853199275E0));
#1635=LINE('',#1634,#1633);
#1636=CARTESIAN_POINT('',(-7.367028510504E1,-1.420331231799E2,
-2.171362346730E0));
#1637=DIRECTION('',(0.E0,1.109506335671E-2,-9.999384478902E-1));
#1638=DIRECTION('',(-5.E-1,8.659720980937E-1,9.608606723509E-3));
#1639=AXIS2_PLACEMENT_3D('',#1636,#1637,#1638);
#1641=CARTESIAN_POINT('',(-7.367028510980E1,-1.359951645646E2,
-5.559655449606E0));
#1642=CARTESIAN_POINT('',(-7.369238473986E1,-1.359951466363E2,
-5.559656713493E0));
#1643=CARTESIAN_POINT('',(-7.415669591176E1,-1.359978510202E2,
-5.559395200651E0));
#1644=CARTESIAN_POINT('',(-7.504882753663E1,-1.361070979205E2,
-5.551810727133E0));
#1645=CARTESIAN_POINT('',(-7.601565478172E1,-1.364473890955E2,
-5.527708751816E0));
#1646=CARTESIAN_POINT('',(-7.654059625144E1,-1.367246638801E2,
-5.508261328298E0));
#1647=CARTESIAN_POINT('',(-7.667026679632E1,-1.367997188966E2,
-5.502970194905E0));
#1649=DIRECTION('',(1.E0,-6.581880412201E-11,-6.729579886257E-11));
#1650=VECTOR('',#1649,1.043923050284E2);
#1651=CARTESIAN_POINT('',(-7.367028511035E1,-1.360334924926E2,
-2.104791966618E0));
#1652=LINE('',#1651,#1650);
#1653=DIRECTION('',(-4.456213300734E-9,1.106581121708E-2,-9.999387720366E-1));
#1654=VECTOR('',#1653,3.455164386008E0);
#1655=CARTESIAN_POINT('',(3.072201991804E1,-1.360334924995E2,
-2.104791973643E0));
#1656=LINE('',#1655,#1654);
#1657=DIRECTION('',(-9.999999999992E-1,8.979400611420E-7,8.559765691104E-7));
#1658=VECTOR('',#1657,1.043923050125E2);
#1659=CARTESIAN_POINT('',(3.072201990265E1,-1.359952583026E2,
-5.559744806973E0));
#1660=LINE('',#1659,#1658);
#1661=DIRECTION('',(1.599395450973E-10,1.109322257970E-2,-9.999384683133E-1));
#1662=VECTOR('',#1661,3.455076079647E0);
#1663=CARTESIAN_POINT('',(-7.367028511035E1,-1.360334924926E2,
-2.104791966618E0));
#1664=LINE('',#1663,#1662);
#1665=CARTESIAN_POINT('',(3.072201974038E1,-1.420331231799E2,
-2.171362346730E0));
#1666=DIRECTION('',(0.E0,1.109506335671E-2,-9.999384478902E-1));
#1667=DIRECTION('',(0.E0,9.999384478902E-1,1.109506335671E-2));
#1668=AXIS2_PLACEMENT_3D('',#1665,#1666,#1667);
#1670=CARTESIAN_POINT('',(3.372201954407E1,-1.367996850087E2,
-5.502933368174E0));
#1671=CARTESIAN_POINT('',(3.341801884344E1,-1.366240221877E2,
-5.515292224991E0));
#1672=CARTESIAN_POINT('',(3.278027828942E1,-1.363276981075E2,
-5.536592752990E0));
#1673=CARTESIAN_POINT('',(3.178122449522E1,-1.360588195501E2,
-5.554460600565E0));
#1674=CARTESIAN_POINT('',(3.107641143776E1,-1.359952650729E2,
-5.559134640045E0));
#1675=CARTESIAN_POINT('',(3.072201990265E1,-1.359952583026E2,
-5.559744806973E0));
#1677=DIRECTION('',(8.660254047062E-1,-4.999692223691E-1,-5.547529817160E-3));
#1678=VECTOR('',#1677,2.784609807737E0);
#1679=CARTESIAN_POINT('',(3.372201974035E1,-1.368372905913E2,
-2.113710706389E0));
#1680=LINE('',#1679,#1678);
#1681=DIRECTION('',(1.285181486862E-5,1.111880523432E-2,-9.999381840919E-1));
#1682=VECTOR('',#1681,3.291898278630E0);
#1683=CARTESIAN_POINT('',(3.613356257605E1,-1.382295097915E2,
-2.129158412326E0));
#1684=LINE('',#1683,#1682);
#1685=DIRECTION('',(-8.655106887582E-1,5.000234542117E-1,-2.945832451918E-2));
#1686=VECTOR('',#1685,2.786314912300E0);
#1687=CARTESIAN_POINT('',(3.613360488291E1,-1.381929078157E2,
-5.420853199275E0));
#1688=LINE('',#1687,#1686);
#1689=DIRECTION('',(-5.790936929612E-8,1.109495353378E-2,-9.999384491088E-1));
#1690=VECTOR('',#1689,3.389431284302E0);
#1691=CARTESIAN_POINT('',(3.372201974035E1,-1.368372905913E2,
-2.113710706389E0));
#1692=LINE('',#1691,#1690);
#1693=CARTESIAN_POINT('',(3.913356247226E1,-1.330336771489E2,
-2.071506776519E0));
#1694=DIRECTION('',(0.E0,-1.109506335671E-2,9.999384478902E-1));
#1695=DIRECTION('',(-5.E-1,-8.659720980937E-1,-9.608606723509E-3));
#1696=AXIS2_PLACEMENT_3D('',#1693,#1694,#1695);
#1698=CARTESIAN_POINT('',(3.913356238057E1,-1.389971646417E2,
-5.382841931862E0));
#1699=CARTESIAN_POINT('',(3.860751161986E1,-1.389971605444E2,
-5.383211195243E0));
#1700=CARTESIAN_POINT('',(3.755796411501E1,-1.388581588932E2,
-5.390380166296E0));
#1701=CARTESIAN_POINT('',(3.658494469815E1,-1.384536337504E2,
-5.409251406176E0));
#1702=CARTESIAN_POINT('',(3.613360488291E1,-1.381929078157E2,
-5.420853199275E0));
#1704=DIRECTION('',(5.761296321567E-9,-6.900576195255E-1,7.237544346910E-1));
#1705=VECTOR('',#1704,1.363949890762E0);
#1706=CARTESIAN_POINT('',(3.913356237271E1,-1.380559606269E2,
-6.370006713997E0));
#1707=LINE('',#1706,#1705);
#1708=DIRECTION('',(-3.647556968517E-1,-5.888805075143E-1,7.212302194750E-1));
#1709=VECTOR('',#1708,1.370790869471E0);
#1710=CARTESIAN_POINT('',(3.663360866175E1,-1.373856757928E2,
-6.409508998918E0));
#1711=LINE('',#1710,#1709);
#1712=DIRECTION('',(-3.647528562750E-1,-5.888745264263E-1,7.212365395385E-1));
#1713=VECTOR('',#1712,1.370790868656E0);
#1714=CARTESIAN_POINT('',(3.422201942877E1,-1.359924611851E2,
-6.491597830714E0));
#1715=LINE('',#1714,#1713);
#1716=DIRECTION('',(-7.047727837731E-8,-6.900055395569E-1,7.238040863250E-1));
#1717=VECTOR('',#1716,1.363949885274E0);
#1718=CARTESIAN_POINT('',(3.072201999877E1,-1.350541253261E2,
-6.546977307477E0));
#1719=LINE('',#1718,#1717);
#1720=DIRECTION('',(2.068672190210E-9,-6.900449770565E-1,7.237664883366E-1));
#1721=VECTOR('',#1720,1.363949888753E0);
#1722=CARTESIAN_POINT('',(-7.367028511262E1,-1.350539777949E2,
-6.546836670856E0));
#1723=LINE('',#1722,#1721);
#1724=DIRECTION('',(3.647450955618E-1,-5.888605230862E-1,7.212518974770E-1));
#1725=VECTOR('',#1724,1.370790868139E0);
#1726=CARTESIAN_POINT('',(-7.717025604251E1,-1.359925142690E2,
-6.491655709594E0));
#1727=LINE('',#1726,#1725);
#1728=DIRECTION('',(3.647556968517E-1,-5.888805075144E-1,7.212302194749E-1));
#1729=VECTOR('',#1728,1.370790869471E0);
#1730=CARTESIAN_POINT('',(-7.958187402641E1,-1.373856757928E2,
-6.409508998918E0));
#1731=LINE('',#1730,#1729);
#1732=DIRECTION('',(-5.931061853130E-10,-6.900452815879E-1,7.237661979937E-1));
#1733=VECTOR('',#1732,1.363949888823E0);
#1734=CARTESIAN_POINT('',(2.071000000063E2,-1.380561365145E2,
-6.370174379625E0));
#1735=LINE('',#1734,#1733);
#1736=DIRECTION('',(7.070846755507E-1,4.154362117714E-2,7.059074933310E-1));
#1737=VECTOR('',#1736,1.414213567217E0);
#1738=CARTESIAN_POINT('',(2.141002187677E2,-1.310511208567E2,
-6.782612796111E0));
#1739=LINE('',#1738,#1737);
#1740=CARTESIAN_POINT('',(2.071E2,-1.310338002531E2,-2.049316649806E0));
#1741=DIRECTION('',(0.E0,-1.109506335671E-2,9.999384478902E-1));
#1742=DIRECTION('',(0.E0,-9.999384478902E-1,-1.109506335671E-2));
#1743=AXIS2_PLACEMENT_3D('',#1740,#1741,#1742);
#1745=CARTESIAN_POINT('',(2.151001875090E2,-1.309923693040E2,
-5.784308841842E0));
#1746=CARTESIAN_POINT('',(2.151001875090E2,-1.316727287350E2,
-5.749808065577E0));
#1747=CARTESIAN_POINT('',(2.149262336613E2,-1.330464564853E2,
-5.680440670382E0));
#1748=CARTESIAN_POINT('',(2.141248521902E2,-1.350157119070E2,
-5.582335284293E0));
#1749=CARTESIAN_POINT('',(2.128238537808E2,-1.367200274795E2,
-5.497397506332E0));
#1750=CARTESIAN_POINT('',(2.111181956644E2,-1.380230983904E2,
-5.430878312761E0));
#1751=CARTESIAN_POINT('',(2.091529059095E2,-1.388232334868E2,
-5.392234497785E0));
#1752=CARTESIAN_POINT('',(2.077799585197E2,-1.389973258641E2,
-5.382798476643E0));
#1753=CARTESIAN_POINT('',(2.071000000055E2,-1.389973236996E2,
-5.382993554338E0));
#1755=DIRECTION('',(3.209877699222E-7,9.999384443342E-1,1.109538382886E-2));
#1756=VECTOR('',#1755,6.899982307294E1);
#1757=CARTESIAN_POINT('',(2.150999999826E2,-1.310338003644E2,
-2.049316633687E0));
#1758=LINE('',#1757,#1756);
#1759=DIRECTION('',(2.654044929448E-8,-1.469850713584E-2,-9.998919711089E-1));
#1760=VECTOR('',#1759,8.551864063212E0);
#1761=CARTESIAN_POINT('',(2.151000221307E2,-6.203822462149E1,
-1.283737112569E0));
#1762=LINE('',#1761,#1760);
#1763=DIRECTION('',(2.395319056850E-6,-9.982729815685E-1,5.874567443339E-2));
#1764=VECTOR('',#1763,6.894751868309E1);
#1765=CARTESIAN_POINT('',(2.151000223577E2,-6.216392425645E1,
-9.834677327389E0));
#1766=LINE('',#1765,#1764);
#1767=DIRECTION('',(5.020488080921E-5,1.109199411968E-2,-9.999384806806E-1));
#1768=VECTOR('',#1767,3.735221996470E0);
#1769=CARTESIAN_POINT('',(2.150999999826E2,-1.310338003644E2,
-2.049316633687E0));
#1770=LINE('',#1769,#1768);
#1771=CARTESIAN_POINT('',(2.151000221307E2,-6.203822462149E1,
-1.283737112569E0));
#1772=CARTESIAN_POINT('',(2.151000221307E2,-6.135677771494E1,
-1.278574147908E0));
#1773=CARTESIAN_POINT('',(2.149253548505E2,-5.998137648248E1,
-1.267049799907E0));
#1774=CARTESIAN_POINT('',(2.141238335203E2,-5.801448301197E1,
-1.252978800089E0));
#1775=CARTESIAN_POINT('',(2.128199937986E2,-5.630894166682E1,
-1.238357680872E0));
#1776=CARTESIAN_POINT('',(2.111161892445E2,-5.500925488877E1,
-1.228596889294E0));
#1777=CARTESIAN_POINT('',(2.091494953909E2,-5.420960005782E1,
-1.222857363057E0));
#1778=CARTESIAN_POINT('',(2.077786145241E2,-5.403625179298E1,
-1.220982675900E0));
#1779=CARTESIAN_POINT('',(2.071000001133E2,-5.403624585573E1,
-1.220578782710E0));
#1781=CARTESIAN_POINT('',(2.071000001150E2,-5.416914401832E1,
-1.026118562503E1));
#1782=CARTESIAN_POINT('',(2.077783125516E2,-5.416913808211E1,
-1.026078180226E1));
#1783=CARTESIAN_POINT('',(2.091486996762E2,-5.434215933038E1,
-1.025104922256E1));
#1784=CARTESIAN_POINT('',(2.111151079295E2,-5.514067531947E1,
-1.020901533796E1));
#1785=CARTESIAN_POINT('',(2.128190441894E2,-5.643885202444E1,
-1.014026008225E1));
#1786=CARTESIAN_POINT('',(2.141232448001E2,-5.814269639866E1,
-1.004820337449E1));
#1787=CARTESIAN_POINT('',(2.149252014929E2,-6.010816514030E1,
-9.944799688730E0));
#1788=CARTESIAN_POINT('',(2.151000223577E2,-6.148276595897E1,
-9.870799198318E0));
#1789=CARTESIAN_POINT('',(2.151000223577E2,-6.216392425645E1,
-9.834677327389E0));
#1791=DIRECTION('',(-9.999999999998E-1,-4.650935447382E-7,-4.635144092284E-7));
#1792=VECTOR('',#1791,3.574000001199E2);
#1793=CARTESIAN_POINT('',(2.071000001133E2,-5.403624585573E1,
-1.220578782710E0));
#1794=LINE('',#1793,#1792);
#1795=DIRECTION('',(1.062523818168E-11,-1.469851494109E-2,-9.998919709941E-1));
#1796=VECTOR('',#1795,9.041244650911E0);
#1797=CARTESIAN_POINT('',(-1.503000000065E2,-5.403641208017E1,
-1.220744442759E0));
#1798=LINE('',#1797,#1796);
#1799=DIRECTION('',(9.999999999998E-1,4.502838073516E-7,-4.847454754645E-7));
#1800=VECTOR('',#1799,3.574000001215E2);
#1801=CARTESIAN_POINT('',(-1.503000000064E2,-5.416930494975E1,
-1.026101237700E1));
#1802=LINE('',#1801,#1800);
#1803=DIRECTION('',(1.822348643412E-10,-1.469854933211E-2,-9.998919704886E-1));
#1804=VECTOR('',#1803,9.041583600181E0);
#1805=CARTESIAN_POINT('',(2.071000001133E2,-5.403624585573E1,
-1.220578782710E0));
#1806=LINE('',#1805,#1804);
#1807=DIRECTION('',(8.001922059154E-10,7.326006562887E-1,6.806587091968E-1));
#1808=VECTOR('',#1807,1.445038851814E0);
#1809=CARTESIAN_POINT('',(-1.503000000076E2,-5.522794136096E1,
-1.124459065661E1));
#1810=LINE('',#1809,#1808);
#1811=DIRECTION('',(-1.429201808408E-8,7.325813726587E-1,6.806794637960E-1));
#1812=VECTOR('',#1811,1.445038856603E0);
#1813=CARTESIAN_POINT('',(2.071000001356E2,-5.522775256744E1,
-1.124479389911E1));
#1814=LINE('',#1813,#1812);
#1815=DIRECTION('',(7.071041459604E-1,4.154139684442E-2,7.058881208193E-1));
#1816=VECTOR('',#1815,1.414213562442E0);
#1817=CARTESIAN_POINT('',(2.141000260844E2,-6.222267266327E1,
-1.083295388142E1));
#1818=LINE('',#1817,#1816);
#1819=CARTESIAN_POINT('',(-1.535E2,-1.299739494265E2,-6.845784833960E0));
#1820=CARTESIAN_POINT('',(-1.45E2,-1.299739494265E2,-6.845784833960E0));
#1821=VERTEX_POINT('',#1819);
#1822=VERTEX_POINT('',#1820);
#1823=CARTESIAN_POINT('',(-1.535E2,-6.336411591199E1,-1.076575414831E1));
#1824=CARTESIAN_POINT('',(-1.45E2,-6.336411591199E1,-1.076575414831E1));
#1825=VERTEX_POINT('',#1823);
#1826=VERTEX_POINT('',#1824);
#1827=CARTESIAN_POINT('',(-1.45E2,-1.299445753934E2,-6.346648413547E0));
#1828=CARTESIAN_POINT('',(-1.535E2,-1.299445753934E2,-6.346648413547E0));
#1829=VERTEX_POINT('',#1827);
#1830=VERTEX_POINT('',#1828);
#1831=CARTESIAN_POINT('',(-1.535E2,-6.333474187893E1,-1.026661772790E1));
#1832=VERTEX_POINT('',#1831);
#1833=CARTESIAN_POINT('',(-1.45E2,-6.333474187893E1,-1.026661772790E1));
#1834=VERTEX_POINT('',#1833);
#1835=CARTESIAN_POINT('',(2.018E2,-6.336411591199E1,-1.076575414831E1));
#1836=CARTESIAN_POINT('',(2.103E2,-6.336411591199E1,-1.076575414831E1));
#1837=VERTEX_POINT('',#1835);
#1838=VERTEX_POINT('',#1836);
#1839=CARTESIAN_POINT('',(2.018E2,-1.299739494265E2,-6.845784833960E0));
#1840=CARTESIAN_POINT('',(2.103E2,-1.299739494265E2,-6.845784833960E0));
#1841=VERTEX_POINT('',#1839);
#1842=VERTEX_POINT('',#1840);
#1843=CARTESIAN_POINT('',(2.018E2,-1.299445753934E2,-6.346648413545E0));
#1844=VERTEX_POINT('',#1843);
#1845=CARTESIAN_POINT('',(2.103E2,-1.299445753934E2,-6.346648413547E0));
#1846=VERTEX_POINT('',#1845);
#1847=CARTESIAN_POINT('',(2.103E2,-6.333474187893E1,-1.026661772790E1));
#1848=CARTESIAN_POINT('',(2.018E2,-6.333474187893E1,-1.026661772790E1));
#1849=VERTEX_POINT('',#1847);
#1850=VERTEX_POINT('',#1848);
#1851=CARTESIAN_POINT('',(2.056711529651E2,-6.737029712907E1,
-3.428610131900E-1));
#1852=CARTESIAN_POINT('',(2.056711529650E2,-6.254513018118E1,
-2.893221955155E-1));
#1853=VERTEX_POINT('',#1851);
#1854=VERTEX_POINT('',#1852);
#1855=VERTEX_POINT('',#369);
#1856=CARTESIAN_POINT('',(2.071254509507E2,-6.172441630807E1,
-2.802157526377E-1));
#1857=VERTEX_POINT('',#1856);
#1858=VERTEX_POINT('',#376);
#1859=CARTESIAN_POINT('',(2.036138678431E2,-5.960125525206E1,
-2.566576953291E-1));
#1860=VERTEX_POINT('',#1859);
#1861=VERTEX_POINT('',#1123);
#1862=CARTESIAN_POINT('',(2.024095991984E2,-6.013935310416E1,
-2.626283019364E-1));
#1863=VERTEX_POINT('',#1862);
#1864=VERTEX_POINT('',#392);
#1865=CARTESIAN_POINT('',(2.055461425382E2,-6.233309946869E1,
-2.869691465524E-1));
#1866=VERTEX_POINT('',#1865);
#1867=VERTEX_POINT('',#203);
#1868=VERTEX_POINT('',#208);
#1869=CARTESIAN_POINT('',(2.064995904932E2,-7.096494895164E1,
-3.827463580660E-1));
#1870=VERTEX_POINT('',#1869);
#1871=VERTEX_POINT('',#219);
#1872=CARTESIAN_POINT('',(2.043377230052E2,-6.983139520088E1,
-3.701688170047E-1));
#1873=VERTEX_POINT('',#1872);
#1874=VERTEX_POINT('',#230);
#1875=CARTESIAN_POINT('',(2.042168915729E2,-6.336549471649E1,
-2.984247526756E-1));
#1876=VERTEX_POINT('',#1875);
#1877=VERTEX_POINT('',#237);
#1878=CARTESIAN_POINT('',(2.006913426996E2,-6.123550819635E1,
-2.747909514454E-1));
#1879=VERTEX_POINT('',#1878);
#1880=VERTEX_POINT('',#248);
#1881=CARTESIAN_POINT('',(1.970792296096E2,-6.314027457560E1,
-2.959258926599E-1));
#1882=VERTEX_POINT('',#1881);
#1883=VERTEX_POINT('',#259);
#1884=CARTESIAN_POINT('',(1.969483540372E2,-7.044916335112E1,
-3.770233206632E-1));
#1885=VERTEX_POINT('',#1884);
#1886=VERTEX_POINT('',#266);
#1887=CARTESIAN_POINT('',(1.980252266173E2,-7.119355549113E1,
-3.852829163546E-1));
#1888=VERTEX_POINT('',#1887);
#1889=VERTEX_POINT('',#278);
#1890=CARTESIAN_POINT('',(1.983997065064E2,-6.417747399423E1,
-3.074342691937E-1));
#1891=VERTEX_POINT('',#1890);
#1892=VERTEX_POINT('',#285);
#1893=CARTESIAN_POINT('',(2.004493695089E2,-6.287971654204E1,
-2.930346701012E-1));
#1894=VERTEX_POINT('',#1893);
#1895=VERTEX_POINT('',#296);
#1896=CARTESIAN_POINT('',(2.026377188020E2,-6.397453569519E1,
-3.051825258627E-1));
#1897=VERTEX_POINT('',#1896);
#1898=VERTEX_POINT('',#307);
#1899=CARTESIAN_POINT('',(2.027625962073E2,-7.044188497057E1,
-3.769425612559E-1));
#1900=VERTEX_POINT('',#1899);
#1901=VERTEX_POINT('',#314);
#1902=CARTESIAN_POINT('',(2.063784033867E2,-7.262376956189E1,
-4.011522106206E-1));
#1903=VERTEX_POINT('',#1902);
#1904=VERTEX_POINT('',#325);
#1905=CARTESIAN_POINT('',(2.099131277568E2,-7.065220002833E1,
-3.792762662288E-1));
#1906=VERTEX_POINT('',#1905);
#1907=VERTEX_POINT('',#336);
#1908=CARTESIAN_POINT('',(2.100340758954E2,-6.539599311790E1,
-3.209635213934E-1));
#1909=VERTEX_POINT('',#1908);
#1910=VERTEX_POINT('',#352);
#1911=CARTESIAN_POINT('',(2.024876531690E2,-7.207022097144E1,
-3.950101758835E-1));
#1912=CARTESIAN_POINT('',(2.014329399587E2,-7.147518574341E1,
-3.884078137051E-1));
#1913=VERTEX_POINT('',#1911);
#1914=VERTEX_POINT('',#1912);
#1915=VERTEX_POINT('',#151);
#1916=CARTESIAN_POINT('',(2.013083112982E2,-6.500562406054E1,
-3.166232014814E-1));
#1917=VERTEX_POINT('',#1916);
#1918=VERTEX_POINT('',#158);
#1919=CARTESIAN_POINT('',(2.006978976838E2,-6.452003607876E1,
-3.112352395656E-1));
#1920=VERTEX_POINT('',#1919);
#1921=VERTEX_POINT('',#563);
#1922=CARTESIAN_POINT('',(1.999790582979E2,-6.478579023803E1,
-3.141839826263E-1));
#1923=VERTEX_POINT('',#1922);
#1924=VERTEX_POINT('',#173);
#1925=CARTESIAN_POINT('',(1.998540155997E2,-7.207939940833E1,
-3.951120166374E-1));
#1926=VERTEX_POINT('',#1925);
#1927=VERTEX_POINT('',#180);
#1928=CARTESIAN_POINT('',(2.017786109480E2,-7.330527311561E1,
-4.087140011714E-1));
#1929=VERTEX_POINT('',#1928);
#1930=CARTESIAN_POINT('',(2.056711529651E2,-6.253536294014E1,
-5.892322767092E-1));
#1931=VERTEX_POINT('',#1930);
#1932=CARTESIAN_POINT('',(2.056711529651E2,-6.736052256366E1,
-6.427710238612E-1));
#1933=VERTEX_POINT('',#1932);
#1934=VERTEX_POINT('',#1097);
#1935=CARTESIAN_POINT('',(2.024098795712E2,-6.055402913405E1,
-5.672478994337E-1));
#1936=VERTEX_POINT('',#1935);
#1937=VERTEX_POINT('',#1109);
#1938=CARTESIAN_POINT('',(2.033650805157E2,-5.959161686847E1,
-5.565692175018E-1));
#1939=VERTEX_POINT('',#1938);
#1940=VERTEX_POINT('',#1135);
#1941=CARTESIAN_POINT('',(2.070002757805E2,-6.150256955545E1,
-5.777726633082E-1));
#1942=VERTEX_POINT('',#1941);
#1943=VERTEX_POINT('',#1153);
#1944=CARTESIAN_POINT('',(2.071254506282E2,-6.735961478416E1,
-6.427609513701E-1));
#1945=VERTEX_POINT('',#1944);
#1946=CARTESIAN_POINT('',(2.063989555167E2,-6.797090602522E1,
-6.495436839098E-1));
#1947=CARTESIAN_POINT('',(2.063989555170E2,-6.798068059073E1,
-3.496336732299E-1));
#1948=VERTEX_POINT('',#1946);
#1949=VERTEX_POINT('',#1947);
#1950=CARTESIAN_POINT('',(2.063989377746E2,-6.888974980723E1,
-6.597388683619E-1));
#1951=CARTESIAN_POINT('',(2.063989833942E2,-6.890010765780E1,
-3.597631852018E-1));
#1952=VERTEX_POINT('',#1950);
#1953=VERTEX_POINT('',#1951);
#1954=CARTESIAN_POINT('',(2.093148970412E2,-6.388535684331E1,
-6.042114665966E-1));
#1955=CARTESIAN_POINT('',(2.093148970412E2,-6.389513140872E1,
-3.043014559255E-1));
#1956=VERTEX_POINT('',#1954);
#1957=VERTEX_POINT('',#1955);
#1958=CARTESIAN_POINT('',(2.093149093114E2,-6.480420317682E1,
-6.144067581817E-1));
#1959=CARTESIAN_POINT('',(2.093149215669E2,-6.481456094833E1,
-3.144309229407E-1));
#1960=VERTEX_POINT('',#1958);
#1961=VERTEX_POINT('',#1959);
#1962=VERTEX_POINT('',#685);
#1963=VERTEX_POINT('',#690);
#1964=CARTESIAN_POINT('',(2.085797378477E2,-6.537492238710E1,
-6.207463730692E-1));
#1965=VERTEX_POINT('',#1964);
#1966=VERTEX_POINT('',#715);
#1967=CARTESIAN_POINT('',(2.100340763367E2,-7.043263182886E1,
-6.768583689453E-1));
#1968=VERTEX_POINT('',#1967);
#1969=VERTEX_POINT('',#747);
#1970=CARTESIAN_POINT('',(2.065946178388E2,-7.259864043464E1,
-7.008918454251E-1));
#1971=VERTEX_POINT('',#1970);
#1972=VERTEX_POINT('',#758);
#1973=CARTESIAN_POINT('',(2.028877618928E2,-7.064462637927E1,
-6.792106067408E-1));
#1974=VERTEX_POINT('',#1973);
#1975=VERTEX_POINT('',#783);
#1976=CARTESIAN_POINT('',(2.027625972936E2,-6.417685449704E1,
-6.074458506163E-1));
#1977=VERTEX_POINT('',#1976);
#1978=VERTEX_POINT('',#809);
#1979=CARTESIAN_POINT('',(2.006979196601E2,-6.287034705779E1,
-5.929491783949E-1));
#1980=VERTEX_POINT('',#1979);
#1981=VERTEX_POINT('',#827);
#1982=CARTESIAN_POINT('',(1.985250094122E2,-6.395563664806E1,
-6.049912734520E-1));
#1983=VERTEX_POINT('',#1982);
#1984=VERTEX_POINT('',#845);
#1985=CARTESIAN_POINT('',(1.983997069753E2,-7.097149129257E1,
-6.828374168585E-1));
#1986=VERTEX_POINT('',#1985);
#1987=VERTEX_POINT('',#871);
#1988=CARTESIAN_POINT('',(1.970725472420E2,-7.064630193950E1,
-6.792291983085E-1));
#1989=VERTEX_POINT('',#1988);
#1990=VERTEX_POINT('',#890);
#1991=CARTESIAN_POINT('',(1.969538551060E2,-6.334264056767E1,
-5.981896244767E-1));
#1992=VERTEX_POINT('',#1991);
#1993=VERTEX_POINT('',#916);
#1994=CARTESIAN_POINT('',(2.004529322106E2,-6.123115572516E1,
-5.747611164403E-1));
#1995=VERTEX_POINT('',#1994);
#1996=VERTEX_POINT('',#931);
#1997=CARTESIAN_POINT('',(2.040917180832E2,-6.314411969373E1,
-5.959868871891E-1));
#1998=VERTEX_POINT('',#1997);
#1999=VERTEX_POINT('',#942);
#2000=CARTESIAN_POINT('',(2.042168915830E2,-6.961190461710E1,
-6.677517880029E-1));
#2001=VERTEX_POINT('',#2000);
#2002=VERTEX_POINT('',#972);
#2003=CARTESIAN_POINT('',(2.062549244573E2,-7.095365946369E1,
-6.826395517981E-1));
#2004=VERTEX_POINT('',#2003);
#2005=VERTEX_POINT('',#990);
#2006=CARTESIAN_POINT('',(2.024876531690E2,-7.206044640602E1,
-6.949201865548E-1));
#2007=VERTEX_POINT('',#2006);
#2008=CARTESIAN_POINT('',(2.014329407086E2,-7.146541160193E1,
-6.883178313152E-1));
#2009=VERTEX_POINT('',#2008);
#2010=CARTESIAN_POINT('',(2.017786109480E2,-7.329549855019E1,
-7.086240118427E-1));
#2011=VERTEX_POINT('',#2010);
#2012=CARTESIAN_POINT('',(1.999794439748E2,-7.228261816051E1,
-6.973853479827E-1));
#2013=VERTEX_POINT('',#2012);
#2014=VERTEX_POINT('',#538);
#2015=CARTESIAN_POINT('',(1.998540156004E2,-6.498817176315E1,
-6.164480211888E-1));
#2016=VERTEX_POINT('',#2015);
#2017=VERTEX_POINT('',#550);
#2018=CARTESIAN_POINT('',(2.004494093843E2,-6.451068250216E1,
-6.111499221278E-1));
#2019=VERTEX_POINT('',#2018);
#2020=VERTEX_POINT('',#581);
#2021=CARTESIAN_POINT('',(2.011830952404E2,-6.478394402461E1,
-6.141819620098E-1));
#2022=VERTEX_POINT('',#2021);
#2023=VERTEX_POINT('',#607);
#2024=CARTESIAN_POINT('',(2.013083112986E2,-7.125342285875E1,
-6.859656579974E-1));
#2025=VERTEX_POINT('',#2024);
#2026=CARTESIAN_POINT('',(2.030866516902E2,-7.274490258718E1,
-7.025147387098E-1));
#2027=CARTESIAN_POINT('',(2.030866516905E2,-7.275467715268E1,
-4.026047280311E-1));
#2028=VERTEX_POINT('',#2026);
#2029=VERTEX_POINT('',#2027);
#2030=CARTESIAN_POINT('',(2.030866348173E2,-7.366378943387E1,
-7.127104035020E-1));
#2031=CARTESIAN_POINT('',(2.030866793007E2,-7.367414580271E1,
-4.127348817714E-1));
#2032=VERTEX_POINT('',#2030);
#2033=VERTEX_POINT('',#2031);
#2034=CARTESIAN_POINT('',(2.071E2,-1.380444644517E2,-1.127043645413E0));
#2035=CARTESIAN_POINT('',(2.141E2,-1.310448953165E2,-1.049378201916E0));
#2036=VERTEX_POINT('',#2034);
#2037=VERTEX_POINT('',#2035);
#2038=CARTESIAN_POINT('',(2.071E2,-1.390333078362E2,-2.138077156660E0));
#2039=CARTESIAN_POINT('',(2.151E2,-1.310338002531E2,-2.049316649806E0));
#2040=VERTEX_POINT('',#2038);
#2041=VERTEX_POINT('',#2039);
#2042=CARTESIAN_POINT('',(2.141000258194E2,-6.204931979601E1,
-2.837949769868E-1));
#2043=VERTEX_POINT('',#2042);
#2044=CARTESIAN_POINT('',(2.151000221307E2,-6.203822462149E1,
-1.283737112569E0));
#2045=VERTEX_POINT('',#2044);
#2046=VERTEX_POINT('',#481);
#2047=VERTEX_POINT('',#1779);
#2048=CARTESIAN_POINT('',(-1.503000000077E2,-5.504739535597E1,
-2.061037843095E-1));
#2049=VERTEX_POINT('',#2048);
#2050=CARTESIAN_POINT('',(-1.503000000065E2,-5.403641208017E1,
-1.220744442759E0));
#2051=VERTEX_POINT('',#2050);
#2052=VERTEX_POINT('',#467);
#2053=VERTEX_POINT('',#1283);
#2054=CARTESIAN_POINT('',(-1.572999999798E2,-1.310448954463E2,
-1.049378183110E0));
#2055=VERTEX_POINT('',#2054);
#2056=CARTESIAN_POINT('',(-1.582999999826E2,-1.310338003644E2,
-2.049316633687E0));
#2057=VERTEX_POINT('',#2056);
#2058=CARTESIAN_POINT('',(-1.503E2,-1.380444644517E2,-1.127043645413E0));
#2059=VERTEX_POINT('',#2058);
#2060=CARTESIAN_POINT('',(-1.503E2,-1.390333078362E2,-2.138077156660E0));
#2061=VERTEX_POINT('',#2060);
#2062=CARTESIAN_POINT('',(-8.208182773041E1,-1.380444644376E2,
-1.127043631054E0));
#2063=VERTEX_POINT('',#2062);
#2064=CARTESIAN_POINT('',(-8.208182774106E1,-1.390333078236E2,
-2.138077143737E0));
#2065=VERTEX_POINT('',#2064);
#2066=CARTESIAN_POINT('',(-7.958182783692E1,-1.373746327027E2,
-1.119611362247E0));
#2067=VERTEX_POINT('',#2066);
#2068=CARTESIAN_POINT('',(-7.908182783692E1,-1.382295097374E2,
-2.129158416860E0));
#2069=VERTEX_POINT('',#2068);
#2070=CARTESIAN_POINT('',(-7.717028506594E1,-1.359824135359E2,
-1.104163653139E0));
#2071=VERTEX_POINT('',#2070);
#2072=CARTESIAN_POINT('',(-7.667028507990E1,-1.368372905780E2,
-2.113710707266E0));
#2073=VERTEX_POINT('',#2072);
#2074=CARTESIAN_POINT('',(-7.367028510504E1,-1.350446491080E2,
-1.093758455343E0));
#2075=VERTEX_POINT('',#2074);
#2076=CARTESIAN_POINT('',(-7.367028510504E1,-1.360334924926E2,
-2.104791966589E0));
#2077=VERTEX_POINT('',#2076);
#2078=CARTESIAN_POINT('',(3.072202001675E1,-1.350446491188E2,
-1.093758466315E0));
#2079=VERTEX_POINT('',#2078);
#2080=CARTESIAN_POINT('',(3.072201991804E1,-1.360334924995E2,
-2.104791973643E0));
#2081=VERTEX_POINT('',#2080);
#2082=CARTESIAN_POINT('',(3.422201974038E1,-1.359824135566E2,
-1.104163651775E0));
#2083=VERTEX_POINT('',#2082);
#2084=CARTESIAN_POINT('',(3.372201974038E1,-1.368372905913E2,
-2.113710706389E0));
#2085=VERTEX_POINT('',#2084);
#2086=CARTESIAN_POINT('',(3.663356258758E1,-1.373746327628E2,
-1.119611357209E0));
#2087=VERTEX_POINT('',#2086);
#2088=CARTESIAN_POINT('',(3.613356257605E1,-1.382295097915E2,
-2.129158412326E0));
#2089=VERTEX_POINT('',#2088);
#2090=CARTESIAN_POINT('',(3.913356247226E1,-1.380444644517E2,
-1.127043645413E0));
#2091=VERTEX_POINT('',#2090);
#2092=CARTESIAN_POINT('',(3.913356247226E1,-1.390333078362E2,
-2.138077156660E0));
#2093=VERTEX_POINT('',#2092);
#2094=CARTESIAN_POINT('',(-8.208182773737E1,-1.380559606269E2,
-6.370006713997E0));
#2095=CARTESIAN_POINT('',(-1.503000000063E2,-1.380561365145E2,
-6.370174379625E0));
#2096=VERTEX_POINT('',#2094);
#2097=VERTEX_POINT('',#2095);
#2098=CARTESIAN_POINT('',(-8.208182774523E1,-1.389971646417E2,
-5.382841931862E0));
#2099=CARTESIAN_POINT('',(-1.503000000055E2,-1.389973236996E2,
-5.382993554338E0));
#2100=VERTEX_POINT('',#2098);
#2101=VERTEX_POINT('',#2099);
#2102=VERTEX_POINT('',#1436);
#2103=VERTEX_POINT('',#1535);
#2104=CARTESIAN_POINT('',(-1.573002179032E2,-6.222268381399E1,
-1.083314541603E1));
#2105=VERTEX_POINT('',#2104);
#2106=CARTESIAN_POINT('',(-1.583001867707E2,-6.216393291017E1,
-9.834841550050E0));
#2107=VERTEX_POINT('',#2106);
#2108=VERTEX_POINT('',#1422);
#2109=VERTEX_POINT('',#1293);
#2110=CARTESIAN_POINT('',(2.071000001356E2,-5.522775256744E1,
-1.124479389911E1));
#2111=VERTEX_POINT('',#2110);
#2112=CARTESIAN_POINT('',(2.071000001150E2,-5.416914401832E1,
-1.026118562503E1));
#2113=VERTEX_POINT('',#2112);
#2114=VERTEX_POINT('',#1408);
#2115=VERTEX_POINT('',#1789);
#2116=CARTESIAN_POINT('',(2.141002187677E2,-1.310511208567E2,
-6.782612796111E0));
#2117=VERTEX_POINT('',#2116);
#2118=CARTESIAN_POINT('',(2.151001875090E2,-1.309923693040E2,
-5.784308841842E0));
#2119=VERTEX_POINT('',#2118);
#2120=VERTEX_POINT('',#1394);
#2121=VERTEX_POINT('',#1753);
#2122=CARTESIAN_POINT('',(3.913356237271E1,-1.380559606269E2,
-6.370006713997E0));
#2123=VERTEX_POINT('',#2122);
#2124=CARTESIAN_POINT('',(3.913356238057E1,-1.389971646417E2,
-5.382841931862E0));
#2125=VERTEX_POINT('',#2124);
#2126=VERTEX_POINT('',#1380);
#2127=VERTEX_POINT('',#1702);
#2128=CARTESIAN_POINT('',(3.422201942877E1,-1.359924611851E2,
-6.491597830714E0));
#2129=VERTEX_POINT('',#2128);
#2130=CARTESIAN_POINT('',(3.372201954407E1,-1.367996850087E2,
-5.502933368174E0));
#2131=VERTEX_POINT('',#2130);
#2132=VERTEX_POINT('',#1370);
#2133=VERTEX_POINT('',#1675);
#2134=CARTESIAN_POINT('',(-7.367028511262E1,-1.350539777949E2,
-6.546836670856E0));
#2135=VERTEX_POINT('',#2134);
#2136=CARTESIAN_POINT('',(-7.367028510980E1,-1.359951645646E2,
-5.559655449606E0));
#2137=VERTEX_POINT('',#2136);
#2138=VERTEX_POINT('',#1359);
#2139=VERTEX_POINT('',#1647);
#2140=CARTESIAN_POINT('',(-7.958187402641E1,-1.373856757928E2,
-6.409508998918E0));
#2141=VERTEX_POINT('',#2140);
#2142=CARTESIAN_POINT('',(-7.908187024757E1,-1.381929078157E2,
-5.420853199275E0));
#2143=VERTEX_POINT('',#2142);
#2144=CARTESIAN_POINT('',(-1.583E2,-6.128545700908E1,-1.917106790082E1));
#2145=DIRECTION('',(1.E0,0.E0,0.E0));
#2146=DIRECTION('',(0.E0,9.966387819685E-1,-8.192153731714E-2));
#2147=AXIS2_PLACEMENT_3D('',#2144,#2145,#2146);
#2148=PLANE('',#2147);
#2150=ORIENTED_EDGE('',*,*,#2149,.T.);
#2152=ORIENTED_EDGE('',*,*,#2151,.F.);
#2154=ORIENTED_EDGE('',*,*,#2153,.T.);
#2156=ORIENTED_EDGE('',*,*,#2155,.F.);
#2157=EDGE_LOOP('',(#2150,#2152,#2154,#2156));
#2158=FACE_OUTER_BOUND('',#2157,.F.);
#2160=CARTESIAN_POINT('',(-1.578E2,-9.654155988514E1,-1.166568722611E0));
#2161=DIRECTION('',(-7.071067811865E-1,-7.845394537224E-3,7.070632572723E-1));
#2162=DIRECTION('',(-7.071067811865E-1,7.845394537224E-3,-7.070632572723E-1));
#2163=AXIS2_PLACEMENT_3D('',#2160,#2161,#2162);
#2164=PLANE('',#2163);
#2166=ORIENTED_EDGE('',*,*,#2165,.T.);
#2168=ORIENTED_EDGE('',*,*,#2167,.T.);
#2169=ORIENTED_EDGE('',*,*,#2149,.F.);
#2171=ORIENTED_EDGE('',*,*,#2170,.F.);
#2172=EDGE_LOOP('',(#2166,#2168,#2169,#2171));
#2173=FACE_OUTER_BOUND('',#2172,.F.);
#2175=CARTESIAN_POINT('',(0.E0,-1.394259638481E2,-1.142372412261E0));
#2176=DIRECTION('',(0.E0,1.109506335671E-2,-9.999384478902E-1));
#2177=DIRECTION('',(0.E0,9.999384478902E-1,1.109506335671E-2));
#2178=AXIS2_PLACEMENT_3D('',#2175,#2176,#2177);
#2179=PLANE('',#2178);
#2181=ORIENTED_EDGE('',*,*,#2180,.F.);
#2183=ORIENTED_EDGE('',*,*,#2182,.F.);
#2185=ORIENTED_EDGE('',*,*,#2184,.F.);
#2187=ORIENTED_EDGE('',*,*,#2186,.F.);
#2189=ORIENTED_EDGE('',*,*,#2188,.F.);
#2191=ORIENTED_EDGE('',*,*,#2190,.F.);
#2193=ORIENTED_EDGE('',*,*,#2192,.F.);
#2195=ORIENTED_EDGE('',*,*,#2194,.F.);
#2197=ORIENTED_EDGE('',*,*,#2196,.F.);
#2199=ORIENTED_EDGE('',*,*,#2198,.F.);
#2201=ORIENTED_EDGE('',*,*,#2200,.F.);
#2202=ORIENTED_EDGE('',*,*,#2165,.F.);
#2204=ORIENTED_EDGE('',*,*,#2203,.F.);
#2206=ORIENTED_EDGE('',*,*,#2205,.F.);
#2208=ORIENTED_EDGE('',*,*,#2207,.F.);
#2210=ORIENTED_EDGE('',*,*,#2209,.F.);
#2211=EDGE_LOOP('',(#2181,#2183,#2185,#2187,#2189,#2191,#2193,#2195,#2197,#2199,
#2201,#2202,#2204,#2206,#2208,#2210));
#2212=FACE_OUTER_BOUND('',#2211,.F.);
#2214=ORIENTED_EDGE('',*,*,#2213,.T.);
#2216=ORIENTED_EDGE('',*,*,#2215,.T.);
#2218=ORIENTED_EDGE('',*,*,#2217,.T.);
#2220=ORIENTED_EDGE('',*,*,#2219,.T.);
#2222=ORIENTED_EDGE('',*,*,#2221,.T.);
#2224=ORIENTED_EDGE('',*,*,#2223,.F.);
#2226=ORIENTED_EDGE('',*,*,#2225,.T.);
#2228=ORIENTED_EDGE('',*,*,#2227,.T.);
#2230=ORIENTED_EDGE('',*,*,#2229,.T.);
#2232=ORIENTED_EDGE('',*,*,#2231,.T.);
#2234=ORIENTED_EDGE('',*,*,#2233,.T.);
#2236=ORIENTED_EDGE('',*,*,#2235,.F.);
#2238=ORIENTED_EDGE('',*,*,#2237,.T.);
#2240=ORIENTED_EDGE('',*,*,#2239,.T.);
#2242=ORIENTED_EDGE('',*,*,#2241,.T.);
#2244=ORIENTED_EDGE('',*,*,#2243,.F.);
#2246=ORIENTED_EDGE('',*,*,#2245,.T.);
#2248=ORIENTED_EDGE('',*,*,#2247,.T.);
#2250=ORIENTED_EDGE('',*,*,#2249,.T.);
#2252=ORIENTED_EDGE('',*,*,#2251,.T.);
#2254=ORIENTED_EDGE('',*,*,#2253,.T.);
#2256=ORIENTED_EDGE('',*,*,#2255,.F.);
#2258=ORIENTED_EDGE('',*,*,#2257,.T.);
#2260=ORIENTED_EDGE('',*,*,#2259,.T.);
#2262=ORIENTED_EDGE('',*,*,#2261,.T.);
#2264=ORIENTED_EDGE('',*,*,#2263,.T.);
#2266=ORIENTED_EDGE('',*,*,#2265,.T.);
#2268=ORIENTED_EDGE('',*,*,#2267,.F.);
#2270=ORIENTED_EDGE('',*,*,#2269,.T.);
#2272=ORIENTED_EDGE('',*,*,#2271,.F.);
#2273=EDGE_LOOP('',(#2214,#2216,#2218,#2220,#2222,#2224,#2226,#2228,#2230,#2232,
#2234,#2236,#2238,#2240,#2242,#2244,#2246,#2248,#2250,#2252,#2254,#2256,#2258,
#2260,#2262,#2264,#2266,#2268,#2270,#2272));
#2274=FACE_BOUND('',#2273,.F.);
#2276=ORIENTED_EDGE('',*,*,#2275,.F.);
#2278=ORIENTED_EDGE('',*,*,#2277,.T.);
#2280=ORIENTED_EDGE('',*,*,#2279,.F.);
#2282=ORIENTED_EDGE('',*,*,#2281,.T.);
#2284=ORIENTED_EDGE('',*,*,#2283,.T.);
#2286=ORIENTED_EDGE('',*,*,#2285,.F.);
#2288=ORIENTED_EDGE('',*,*,#2287,.T.);
#2290=ORIENTED_EDGE('',*,*,#2289,.T.);
#2292=ORIENTED_EDGE('',*,*,#2291,.T.);
#2294=ORIENTED_EDGE('',*,*,#2293,.T.);
#2295=EDGE_LOOP('',(#2276,#2278,#2280,#2282,#2284,#2286,#2288,#2290,#2292,
#2294));
#2296=FACE_BOUND('',#2295,.F.);
#2298=ORIENTED_EDGE('',*,*,#2297,.T.);
#2300=ORIENTED_EDGE('',*,*,#2299,.T.);
#2302=ORIENTED_EDGE('',*,*,#2301,.F.);
#2304=ORIENTED_EDGE('',*,*,#2303,.T.);
#2306=ORIENTED_EDGE('',*,*,#2305,.T.);
#2308=ORIENTED_EDGE('',*,*,#2307,.F.);
#2310=ORIENTED_EDGE('',*,*,#2309,.T.);
#2312=ORIENTED_EDGE('',*,*,#2311,.T.);
#2314=ORIENTED_EDGE('',*,*,#2313,.F.);
#2316=ORIENTED_EDGE('',*,*,#2315,.T.);
#2318=ORIENTED_EDGE('',*,*,#2317,.T.);
#2320=ORIENTED_EDGE('',*,*,#2319,.T.);
#2321=EDGE_LOOP('',(#2298,#2300,#2302,#2304,#2306,#2308,#2310,#2312,#2314,#2316,
#2318,#2320));
#2322=FACE_BOUND('',#2321,.F.);
#2324=CARTESIAN_POINT('',(2.024876531690E2,-7.205792105642E1,
-7.724047187591E-1));
#2325=DIRECTION('',(4.913011977058E-1,8.705275218339E-1,2.837193794199E-2));
#2326=DIRECTION('',(-8.709897434143E-1,4.910404713106E-1,1.600382461164E-2));
#2327=AXIS2_PLACEMENT_3D('',#2324,#2325,#2326);
#2328=PLANE('',#2327);
#2329=ORIENTED_EDGE('',*,*,#2297,.F.);
#2331=ORIENTED_EDGE('',*,*,#2330,.F.);
#2333=ORIENTED_EDGE('',*,*,#2332,.F.);
#2335=ORIENTED_EDGE('',*,*,#2334,.T.);
#2336=EDGE_LOOP('',(#2329,#2331,#2333,#2335));
#2337=FACE_OUTER_BOUND('',#2336,.F.);
#2339=CARTESIAN_POINT('',(2.017998501020E2,-7.293587029164E1,
-8.010185426684E-1));
#2340=CARTESIAN_POINT('',(2.017768824192E2,-7.305740966769E1,
-8.049797128189E-1));
#2341=CARTESIAN_POINT('',(2.017699046183E2,-7.318374680216E1,
-8.090972498860E-1));
#2342=CARTESIAN_POINT('',(2.018059465126E2,-7.363498557643E1,
-8.238038710778E-1));
#2343=CARTESIAN_POINT('',(2.021100726628E2,-7.422855785624E1,
-8.431493776406E-1));
#2344=CARTESIAN_POINT('',(2.031057041874E2,-7.462005221298E1,
-8.559088290254E-1));
#2345=CARTESIAN_POINT('',(2.041142301774E2,-7.420740075889E1,
-8.424598326947E-1));
#2346=CARTESIAN_POINT('',(2.045412909734E2,-7.320102360220E1,
-8.096603294971E-1));
#2347=CARTESIAN_POINT('',(2.041118210120E2,-7.219452209513E1,
-7.768567735143E-1));
#2348=CARTESIAN_POINT('',(2.032339171281E2,-7.183148498301E1,
-7.650247910011E-1));
#2349=CARTESIAN_POINT('',(2.025461382333E2,-7.199648137347E1,
-7.704022974365E-1));
#2350=CARTESIAN_POINT('',(2.022923382487E2,-7.217462972310E1,
-7.762084480675E-1));
#2351=CARTESIAN_POINT('',(2.022170873052E2,-7.225060133718E1,
-7.786844891644E-1));
#2353=DIRECTION('',(0.E0,-3.257436514783E-2,9.994693145541E-1));
#2354=VECTOR('',#2353,1.E0);
#2355=SURFACE_OF_LINEAR_EXTRUSION('',#2352,#2354);
#2356=ORIENTED_EDGE('',*,*,#2319,.F.);
#2358=ORIENTED_EDGE('',*,*,#2357,.T.);
#2360=ORIENTED_EDGE('',*,*,#2359,.T.);
#2361=ORIENTED_EDGE('',*,*,#2330,.T.);
#2362=EDGE_LOOP('',(#2356,#2358,#2360,#2361));
#2363=FACE_OUTER_BOUND('',#2362,.F.);
#2365=CARTESIAN_POINT('',(1.999794467247E2,-7.227993887233E1,
-7.796406481662E-1));
#2366=DIRECTION('',(-4.905105112925E-1,-8.709728168662E-1,-2.838645084676E-2));
#2367=DIRECTION('',(8.714352748837E-1,-4.902502045031E-1,-1.597806850369E-2));
#2368=AXIS2_PLACEMENT_3D('',#2365,#2366,#2367);
#2369=PLANE('',#2368);
#2370=ORIENTED_EDGE('',*,*,#2317,.F.);
#2372=ORIENTED_EDGE('',*,*,#2371,.F.);
#2374=ORIENTED_EDGE('',*,*,#2373,.F.);
#2375=ORIENTED_EDGE('',*,*,#2357,.F.);
#2376=EDGE_LOOP('',(#2370,#2372,#2374,#2375));
#2377=FACE_OUTER_BOUND('',#2376,.F.);
#2379=CARTESIAN_POINT('',(1.998541124391E2,-7.206081735756E1,
-7.724991140241E-1));
#2380=CARTESIAN_POINT('',(1.998540620907E2,-7.206258812234E1,
-7.725568261899E-1));
#2381=CARTESIAN_POINT('',(1.998540208096E2,-7.206495861134E1,
-7.726340843639E-1));
#2382=CARTESIAN_POINT('',(1.998540083689E2,-7.206955053835E1,
-7.727837428928E-1));
#2383=CARTESIAN_POINT('',(1.998553196954E2,-7.215756917316E1,
-7.756524164061E-1));
#2384=CARTESIAN_POINT('',(1.999048747292E2,-7.223904429416E1,
-7.783078259349E-1));
#2385=CARTESIAN_POINT('',(1.999825790224E2,-7.228167917375E1,
-7.796973674807E-1));
#2386=CARTESIAN_POINT('',(1.999841639413E2,-7.228252692866E1,
-7.797249972213E-1));
#2388=DIRECTION('',(0.E0,-3.257436514783E-2,9.994693145541E-1));
#2389=VECTOR('',#2388,1.E0);
#2390=SURFACE_OF_LINEAR_EXTRUSION('',#2387,#2389);
#2391=ORIENTED_EDGE('',*,*,#2315,.F.);
#2393=ORIENTED_EDGE('',*,*,#2392,.F.);
#2395=ORIENTED_EDGE('',*,*,#2394,.T.);
#2396=ORIENTED_EDGE('',*,*,#2371,.T.);
#2397=EDGE_LOOP('',(#2391,#2393,#2395,#2396));
#2398=FACE_OUTER_BOUND('',#2397,.F.);
#2400=CARTESIAN_POINT('',(1.998540156004E2,-6.499059770426E1,
-5.420689114076E-1));
#2401=DIRECTION('',(-1.E0,0.E0,0.E0));
#2402=DIRECTION('',(0.E0,-9.994693145541E-1,-3.257436514783E-2));
#2403=AXIS2_PLACEMENT_3D('',#2400,#2401,#2402);
#2404=PLANE('',#2403);
#2405=ORIENTED_EDGE('',*,*,#2313,.T.);
#2407=ORIENTED_EDGE('',*,*,#2406,.F.);
#2409=ORIENTED_EDGE('',*,*,#2408,.T.);
#2410=ORIENTED_EDGE('',*,*,#2392,.T.);
#2411=EDGE_LOOP('',(#2405,#2407,#2409,#2410));
#2412=FACE_OUTER_BOUND('',#2411,.F.);
#2414=CARTESIAN_POINT('',(1.999858498480E2,-6.477489060267E1,
-5.350386586629E-1));
#2415=CARTESIAN_POINT('',(1.999842543622E2,-6.477572788841E1,
-5.350659471957E-1));
#2416=CARTESIAN_POINT('',(1.999820927907E2,-6.477689190491E1,
-5.351038844269E-1));
#2417=CARTESIAN_POINT('',(1.999778712947E2,-6.477924505854E1,
-5.351805776122E-1));
#2418=CARTESIAN_POINT('',(1.999005353741E2,-6.482420712820E1,
-5.366459661474E-1));
#2419=CARTESIAN_POINT('',(1.998530783637E2,-6.490697811203E1,
-5.393436099991E-1));
#2420=CARTESIAN_POINT('',(1.998540350024E2,-6.499413013477E1,
-5.421840391855E-1));
#2421=CARTESIAN_POINT('',(1.998540739538E2,-6.499590014236E1,
-5.422417266728E-1));
#2423=DIRECTION('',(0.E0,-3.257436514783E-2,9.994693145541E-1));
#2424=VECTOR('',#2423,1.E0);
#2425=SURFACE_OF_LINEAR_EXTRUSION('',#2422,#2424);
#2426=ORIENTED_EDGE('',*,*,#2311,.F.);
#2428=ORIENTED_EDGE('',*,*,#2427,.T.);
#2430=ORIENTED_EDGE('',*,*,#2429,.T.);
#2431=ORIENTED_EDGE('',*,*,#2406,.T.);
#2432=EDGE_LOOP('',(#2426,#2428,#2430,#2431));
#2433=FACE_OUTER_BOUND('',#2432,.F.);
#2435=CARTESIAN_POINT('',(2.004494094908E2,-6.451344070555E1,
-5.265175722294E-1));
#2436=DIRECTION('',(-4.912678801566E-1,8.705463045279E-1,2.837255010119E-2));
#2437=DIRECTION('',(-8.710085360813E-1,-4.910071714426E-1,-1.600273931362E-2));
#2438=AXIS2_PLACEMENT_3D('',#2435,#2436,#2437);
#2439=PLANE('',#2438);
#2440=ORIENTED_EDGE('',*,*,#2309,.F.);
#2442=ORIENTED_EDGE('',*,*,#2441,.F.);
#2444=ORIENTED_EDGE('',*,*,#2443,.F.);
#2445=ORIENTED_EDGE('',*,*,#2427,.F.);
#2446=EDGE_LOOP('',(#2440,#2442,#2444,#2445));
#2447=FACE_OUTER_BOUND('',#2446,.F.);
#2449=CARTESIAN_POINT('',(2.005740277434E2,-6.473399759901E1,
-5.337058877488E-1));
#2450=DIRECTION('',(-5.690482371948E-14,-3.257436515618E-2,9.994693145538E-1));
#2451=DIRECTION('',(5.086928213315E-1,8.604911972923E-1,2.804483746139E-2));
#2452=AXIS2_PLACEMENT_3D('',#2449,#2450,#2451);
#2453=CYLINDRICAL_SURFACE('',#2452,2.534298304839E-1);
#2454=ORIENTED_EDGE('',*,*,#2307,.T.);
#2456=ORIENTED_EDGE('',*,*,#2455,.F.);
#2458=ORIENTED_EDGE('',*,*,#2457,.T.);
#2459=ORIENTED_EDGE('',*,*,#2441,.T.);
#2460=EDGE_LOOP('',(#2454,#2456,#2458,#2459));
#2461=FACE_OUTER_BOUND('',#2460,.F.);
#2463=CARTESIAN_POINT('',(2.011830942417E2,-6.478651052991E1,
-5.354173713928E-1));
#2464=DIRECTION('',(4.912326712095E-1,8.705661516686E-1,2.837319695247E-2));
#2465=DIRECTION('',(-8.710283937601E-1,4.909719811803E-1,1.600159240452E-2));
#2466=AXIS2_PLACEMENT_3D('',#2463,#2464,#2465);
#2467=PLANE('',#2466);
#2468=ORIENTED_EDGE('',*,*,#2305,.F.);
#2470=ORIENTED_EDGE('',*,*,#2469,.F.);
#2472=ORIENTED_EDGE('',*,*,#2471,.F.);
#2473=ORIENTED_EDGE('',*,*,#2455,.T.);
#2474=EDGE_LOOP('',(#2468,#2470,#2472,#2473));
#2475=FACE_OUTER_BOUND('',#2474,.F.);
#2477=CARTESIAN_POINT('',(2.013082310800E2,-6.500486519170E1,
-5.425339125226E-1));
#2478=CARTESIAN_POINT('',(2.013082766814E2,-6.500310273019E1,
-5.424764709744E-1));
#2479=CARTESIAN_POINT('',(2.013083076254E2,-6.500102169594E1,
-5.424086466113E-1));
#2480=CARTESIAN_POINT('',(2.013083160246E2,-6.499664677754E1,
-5.422660607541E-1));
#2481=CARTESIAN_POINT('',(2.013070501476E2,-6.490899395304E1,
-5.394093096060E-1));
#2482=CARTESIAN_POINT('',(2.012575016916E2,-6.482745038299E1,
-5.367516692085E-1));
#2483=CARTESIAN_POINT('',(2.011799743942E2,-6.478477147985E1,
-5.353606928624E-1));
#2484=CARTESIAN_POINT('',(2.011783967160E2,-6.478392470123E1,
-5.353330949406E-1));
#2486=DIRECTION('',(0.E0,-3.257436514783E-2,9.994693145541E-1));
#2487=VECTOR('',#2486,1.E0);
#2488=SURFACE_OF_LINEAR_EXTRUSION('',#2485,#2487);
#2489=ORIENTED_EDGE('',*,*,#2303,.F.);
#2491=ORIENTED_EDGE('',*,*,#2490,.F.);
#2493=ORIENTED_EDGE('',*,*,#2492,.T.);
#2494=ORIENTED_EDGE('',*,*,#2469,.T.);
#2495=EDGE_LOOP('',(#2489,#2491,#2493,#2494));
#2496=FACE_OUTER_BOUND('',#2495,.F.);
#2498=CARTESIAN_POINT('',(2.013083112986E2,-7.125146045796E1,
-7.461208282696E-1));
#2499=DIRECTION('',(1.E0,0.E0,0.E0));
#2500=DIRECTION('',(0.E0,9.994693145541E-1,3.257436514783E-2));
#2501=AXIS2_PLACEMENT_3D('',#2498,#2499,#2500);
#2502=PLANE('',#2501);
#2503=ORIENTED_EDGE('',*,*,#2301,.T.);
#2505=ORIENTED_EDGE('',*,*,#2504,.F.);
#2507=ORIENTED_EDGE('',*,*,#2506,.T.);
#2508=ORIENTED_EDGE('',*,*,#2490,.T.);
#2509=EDGE_LOOP('',(#2503,#2505,#2507,#2508));
#2510=FACE_OUTER_BOUND('',#2509,.F.);
#2512=CARTESIAN_POINT('',(2.014384876036E2,-7.146635973797E1,
-7.531247527676E-1));
#2513=CARTESIAN_POINT('',(2.014369115565E2,-7.146551668040E1,
-7.530972761208E-1));
#2514=CARTESIAN_POINT('',(2.014351582615E2,-7.146455475915E1,
-7.530659255093E-1));
#2515=CARTESIAN_POINT('',(2.014314802504E2,-7.146247984475E1,
-7.529983006027E-1));
#2516=CARTESIAN_POINT('',(2.013547501254E2,-7.141771082959E1,
-7.515392040341E-1));
#2517=CARTESIAN_POINT('',(2.013073802722E2,-7.133513184538E1,
-7.488478177692E-1));
#2518=CARTESIAN_POINT('',(2.013083304442E2,-7.124794976642E1,
-7.460064090007E-1));
#2519=CARTESIAN_POINT('',(2.013083688805E2,-7.124619062570E1,
-7.459490756826E-1));
#2521=DIRECTION('',(0.E0,-3.257436514783E-2,9.994693145541E-1));
#2522=VECTOR('',#2521,1.E0);
#2523=SURFACE_OF_LINEAR_EXTRUSION('',#2520,#2522);
#2524=ORIENTED_EDGE('',*,*,#2299,.F.);
#2525=ORIENTED_EDGE('',*,*,#2334,.F.);
#2527=ORIENTED_EDGE('',*,*,#2526,.T.);
#2528=ORIENTED_EDGE('',*,*,#2504,.T.);
#2529=EDGE_LOOP('',(#2524,#2525,#2527,#2528));
#2530=FACE_OUTER_BOUND('',#2529,.F.);
#2532=CARTESIAN_POINT('',(5.61E1,-1.394226353291E2,-1.442353946628E0));
#2533=DIRECTION('',(0.E0,1.109506335671E-2,-9.999384478902E-1));
#2534=DIRECTION('',(0.E0,9.999384478902E-1,1.109506335671E-2));
#2535=AXIS2_PLACEMENT_3D('',#2532,#2533,#2534);
#2536=PLANE('',#2535);
#2537=ORIENTED_EDGE('',*,*,#2332,.T.);
#2538=ORIENTED_EDGE('',*,*,#2359,.F.);
#2539=ORIENTED_EDGE('',*,*,#2373,.T.);
#2540=ORIENTED_EDGE('',*,*,#2394,.F.);
#2541=ORIENTED_EDGE('',*,*,#2408,.F.);
#2542=ORIENTED_EDGE('',*,*,#2429,.F.);
#2543=ORIENTED_EDGE('',*,*,#2443,.T.);
#2544=ORIENTED_EDGE('',*,*,#2457,.F.);
#2545=ORIENTED_EDGE('',*,*,#2471,.T.);
#2546=ORIENTED_EDGE('',*,*,#2492,.F.);
#2547=ORIENTED_EDGE('',*,*,#2506,.F.);
#2548=ORIENTED_EDGE('',*,*,#2526,.F.);
#2549=EDGE_LOOP('',(#2537,#2538,#2539,#2540,#2541,#2542,#2543,#2544,#2545,#2546,
#2547,#2548));
#2550=FACE_OUTER_BOUND('',#2549,.F.);
#2552=ORIENTED_EDGE('',*,*,#2551,.F.);
#2554=ORIENTED_EDGE('',*,*,#2553,.F.);
#2555=EDGE_LOOP('',(#2552,#2554));
#2556=FACE_BOUND('',#2555,.F.);
#2558=CARTESIAN_POINT('',(2.030957885587E2,-7.320102060251E1,
-8.096602317325E-1));
#2559=DIRECTION('',(1.720393241210E-13,3.257436514769E-2,-9.994693145541E-1));
#2560=DIRECTION('',(-8.077232119031E-2,9.962036265690E-1,3.246793095171E-2));
#2561=AXIS2_PLACEMENT_3D('',#2558,#2559,#2560);
#2562=CYLINDRICAL_SURFACE('',#2561,4.594570144810E-1);
#2564=ORIENTED_EDGE('',*,*,#2563,.T.);
#2566=ORIENTED_EDGE('',*,*,#2565,.F.);
#2567=ORIENTED_EDGE('',*,*,#2551,.T.);
#2569=ORIENTED_EDGE('',*,*,#2568,.T.);
#2570=EDGE_LOOP('',(#2564,#2566,#2567,#2569));
#2571=FACE_OUTER_BOUND('',#2570,.F.);
#2573=CARTESIAN_POINT('',(5.68E1,-1.394259638481E2,-1.142372412261E0));
#2574=DIRECTION('',(0.E0,1.109506335671E-2,-9.999384478902E-1));
#2575=DIRECTION('',(0.E0,9.999384478902E-1,1.109506335671E-2));
#2576=AXIS2_PLACEMENT_3D('',#2573,#2574,#2575);
#2577=PLANE('',#2576);
#2579=ORIENTED_EDGE('',*,*,#2578,.F.);
#2580=ORIENTED_EDGE('',*,*,#2563,.F.);
#2581=EDGE_LOOP('',(#2579,#2580));
#2582=FACE_OUTER_BOUND('',#2581,.F.);
#2584=CARTESIAN_POINT('',(2.030777656326E2,-7.320101939854E1,
-8.096601924929E-1));
#2585=DIRECTION('',(-6.728705999627E-14,3.257436514758E-2,-9.994693145541E-1));
#2586=DIRECTION('',(8.044228793267E-2,-9.962303023475E-1,-3.246880035955E-2));
#2587=AXIS2_PLACEMENT_3D('',#2584,#2585,#2586);
#2588=CYLINDRICAL_SURFACE('',#2587,4.594508908320E-1);
#2589=ORIENTED_EDGE('',*,*,#2578,.T.);
#2590=ORIENTED_EDGE('',*,*,#2568,.F.);
#2591=ORIENTED_EDGE('',*,*,#2553,.T.);
#2592=ORIENTED_EDGE('',*,*,#2565,.T.);
#2593=EDGE_LOOP('',(#2589,#2590,#2591,#2592));
#2594=FACE_OUTER_BOUND('',#2593,.F.);
#2596=CARTESIAN_POINT('',(2.084522171804E2,-6.982510500909E1,
-6.996335349175E-1));
#2597=CARTESIAN_POINT('',(2.084537730765E2,-6.982424917052E1,
-6.996056417170E-1));
#2598=CARTESIAN_POINT('',(2.085300000695E2,-6.978126573260E1,
-6.982047400763E-1));
#2599=CARTESIAN_POINT('',(2.085784480282E2,-6.970057805060E1,
-6.955749944926E-1));
#2600=CARTESIAN_POINT('',(2.085797454645E2,-6.961353630947E1,
-6.927381595671E-1));
#2601=CARTESIAN_POINT('',(2.085797322898E2,-6.960893835079E1,
-6.925883044561E-1));
#2602=CARTESIAN_POINT('',(2.085796901624E2,-6.960655357498E1,
-6.925105806510E-1));
#2603=CARTESIAN_POINT('',(2.085796401449E2,-6.960480254505E1,
-6.924535116770E-1));
#2605=DIRECTION('',(0.E0,-3.257436514783E-2,9.994693145541E-1));
#2606=VECTOR('',#2605,1.E0);
#2607=SURFACE_OF_LINEAR_EXTRUSION('',#2604,#2606);
#2608=ORIENTED_EDGE('',*,*,#2213,.F.);
#2610=ORIENTED_EDGE('',*,*,#2609,.F.);
#2612=ORIENTED_EDGE('',*,*,#2611,.T.);
#2614=ORIENTED_EDGE('',*,*,#2613,.T.);
#2615=EDGE_LOOP('',(#2608,#2610,#2612,#2614));
#2616=FACE_OUTER_BOUND('',#2615,.F.);
#2618=CARTESIAN_POINT('',(2.085797378250E2,-6.537765627513E1,
-5.546837931627E-1));
#2619=DIRECTION('',(-1.E0,0.E0,0.E0));
#2620=DIRECTION('',(0.E0,-9.994693145541E-1,-3.257436514783E-2));
#2621=AXIS2_PLACEMENT_3D('',#2618,#2619,#2620);
#2622=PLANE('',#2621);
#2623=ORIENTED_EDGE('',*,*,#2271,.T.);
#2625=ORIENTED_EDGE('',*,*,#2624,.F.);
#2627=ORIENTED_EDGE('',*,*,#2626,.T.);
#2628=ORIENTED_EDGE('',*,*,#2609,.T.);
#2629=EDGE_LOOP('',(#2623,#2625,#2627,#2628));
#2630=FACE_OUTER_BOUND('',#2629,.F.);
#2632=CARTESIAN_POINT('',(2.089032603503E2,-6.553393888822E1,
-5.597773031195E-1));
#2633=CARTESIAN_POINT('',(2.087867415831E2,-6.550063422381E1,
-5.586918487851E-1));
#2634=CARTESIAN_POINT('',(2.083164497320E2,-6.526852593482E1,
-5.511270540991E-1));
#2635=CARTESIAN_POINT('',(2.078675221840E2,-6.441243124684E1,
-5.232255061861E-1));
#2636=CARTESIAN_POINT('',(2.083157422829E2,-6.333850469365E1,
-4.882244559528E-1));
#2637=CARTESIAN_POINT('',(2.093149441545E2,-6.292555563523E1,
-4.747657602026E-1));
#2638=CARTESIAN_POINT('',(2.103141587154E2,-6.333849967045E1,
-4.882242922383E-1));
#2639=CARTESIAN_POINT('',(2.107633925197E2,-6.441501924616E1,
-5.233098533829E-1));
#2640=CARTESIAN_POINT('',(2.103724302638E2,-6.515609374454E1,
-5.474627022607E-1));
#2641=CARTESIAN_POINT('',(2.099391858453E2,-6.545444716082E1,
-5.571865356823E-1));
#2642=CARTESIAN_POINT('',(2.098267895948E2,-6.550769404861E1,
-5.589219402019E-1));
#2643=CARTESIAN_POINT('',(2.097105214080E2,-6.553901167303E1,
-5.599426335974E-1));
#2645=DIRECTION('',(0.E0,-3.257436514783E-2,9.994693145541E-1));
#2646=VECTOR('',#2645,1.E0);
#2647=SURFACE_OF_LINEAR_EXTRUSION('',#2644,#2646);
#2648=ORIENTED_EDGE('',*,*,#2269,.F.);
#2650=ORIENTED_EDGE('',*,*,#2649,.T.);
#2652=ORIENTED_EDGE('',*,*,#2651,.T.);
#2653=ORIENTED_EDGE('',*,*,#2624,.T.);
#2654=EDGE_LOOP('',(#2648,#2650,#2652,#2653));
#2655=FACE_OUTER_BOUND('',#2654,.F.);
#2657=CARTESIAN_POINT('',(2.100340763367E2,-7.043124556499E1,
-7.193886624747E-1));
#2658=DIRECTION('',(1.E0,0.E0,0.E0));
#2659=DIRECTION('',(0.E0,9.994693145541E-1,3.257436514783E-2));
#2660=AXIS2_PLACEMENT_3D('',#2657,#2658,#2659);
#2661=PLANE('',#2660);
#2662=ORIENTED_EDGE('',*,*,#2267,.T.);
#2664=ORIENTED_EDGE('',*,*,#2663,.F.);
#2666=ORIENTED_EDGE('',*,*,#2665,.T.);
#2667=ORIENTED_EDGE('',*,*,#2649,.F.);
#2668=EDGE_LOOP('',(#2662,#2664,#2666,#2667));
#2669=FACE_OUTER_BOUND('',#2668,.F.);
#2671=CARTESIAN_POINT('',(2.100340210033E2,-7.042607914735E1,
-7.192202803423E-1));
#2672=CARTESIAN_POINT('',(2.100340579378E2,-7.042780371748E1,
-7.192764869475E-1));
#2673=CARTESIAN_POINT('',(2.100349898511E2,-7.051503429275E1,
-7.221194762913E-1));
#2674=CARTESIAN_POINT('',(2.099884001363E2,-7.059619051473E1,
-7.247644923716E-1));
#2675=CARTESIAN_POINT('',(2.099121698908E2,-7.064149860871E1,
-7.262411584145E-1));
#2676=CARTESIAN_POINT('',(2.099101312251E2,-7.064267201098E1,
-7.262794015433E-1));
#2677=CARTESIAN_POINT('',(2.099086102625E2,-7.064352650538E1,
-7.263072509342E-1));
#2679=DIRECTION('',(0.E0,-3.257436514783E-2,9.994693145541E-1));
#2680=VECTOR('',#2679,1.E0);
#2681=SURFACE_OF_LINEAR_EXTRUSION('',#2678,#2680);
#2682=ORIENTED_EDGE('',*,*,#2265,.F.);
#2684=ORIENTED_EDGE('',*,*,#2683,.T.);
#2686=ORIENTED_EDGE('',*,*,#2685,.T.);
#2687=ORIENTED_EDGE('',*,*,#2663,.T.);
#2688=EDGE_LOOP('',(#2682,#2684,#2686,#2687));
#2689=FACE_OUTER_BOUND('',#2688,.F.);
#2691=CARTESIAN_POINT('',(2.065946080472E2,-7.259574459555E1,
-7.899332812609E-1));
#2692=DIRECTION('',(5.077618907178E-1,-8.610402693094E-1,-2.806273262325E-2));
#2693=DIRECTION('',(8.614974534696E-1,5.074924288724E-1,1.654002123639E-2));
#2694=AXIS2_PLACEMENT_3D('',#2691,#2692,#2693);
#2695=PLANE('',#2694);
#2696=ORIENTED_EDGE('',*,*,#2263,.F.);
#2698=ORIENTED_EDGE('',*,*,#2697,.F.);
#2700=ORIENTED_EDGE('',*,*,#2699,.F.);
#2701=ORIENTED_EDGE('',*,*,#2683,.F.);
#2702=EDGE_LOOP('',(#2696,#2698,#2700,#2701));
#2703=FACE_OUTER_BOUND('',#2702,.F.);
#2705=CARTESIAN_POINT('',(2.064710831673E2,-7.238625485245E1,
-7.831056625650E-1));
#2706=DIRECTION('',(1.309700437567E-12,3.257436510744E-2,-9.994693145554E-1));
#2707=DIRECTION('',(5.255581431735E-1,-8.503062000198E-1,-2.771289143999E-2));
#2708=AXIS2_PLACEMENT_3D('',#2705,#2706,#2707);
#2709=CYLINDRICAL_SURFACE('',#2708,2.432911676323E-1);
#2710=ORIENTED_EDGE('',*,*,#2261,.F.);
#2712=ORIENTED_EDGE('',*,*,#2711,.F.);
#2714=ORIENTED_EDGE('',*,*,#2713,.T.);
#2715=ORIENTED_EDGE('',*,*,#2697,.T.);
#2716=EDGE_LOOP('',(#2710,#2712,#2714,#2715));
#2717=FACE_OUTER_BOUND('',#2716,.F.);
#2719=CARTESIAN_POINT('',(2.028878129417E2,-7.064312066049E1,
-7.262940237762E-1));
#2720=DIRECTION('',(-4.913127619192E-1,-8.705210021418E-1,-2.837172545440E-2));
#2721=DIRECTION('',(8.709832202605E-1,-4.910520293871E-1,-1.600420130855E-2));
#2722=AXIS2_PLACEMENT_3D('',#2719,#2720,#2721);
#2723=PLANE('',#2722);
#2724=ORIENTED_EDGE('',*,*,#2259,.F.);
#2726=ORIENTED_EDGE('',*,*,#2725,.F.);
#2728=ORIENTED_EDGE('',*,*,#2727,.F.);
#2729=ORIENTED_EDGE('',*,*,#2711,.T.);
#2730=EDGE_LOOP('',(#2724,#2726,#2728,#2729));
#2731=FACE_OUTER_BOUND('',#2730,.F.);
#2733=CARTESIAN_POINT('',(2.028924856595E2,-7.064568902539E1,
-7.263777310545E-1));
#2734=CARTESIAN_POINT('',(2.028908991204E2,-7.064483865650E1,
-7.263500161199E-1));
#2735=CARTESIAN_POINT('',(2.028133476946E2,-7.060219795512E1,
-7.249602848328E-1));
#2736=CARTESIAN_POINT('',(2.027638364015E2,-7.052067331006E1,
-7.223032612323E-1));
#2737=CARTESIAN_POINT('',(2.027625845203E2,-7.043248276204E1,
-7.194289847816E-1));
#2738=CARTESIAN_POINT('',(2.027626091183E2,-7.042762210137E1,
-7.192705677764E-1));
#2739=CARTESIAN_POINT('',(2.027626616613E2,-7.042509146428E1,
-7.191880901095E-1));
#2740=CARTESIAN_POINT('',(2.027627181115E2,-7.042331676066E1,
-7.191302495707E-1));
#2742=DIRECTION('',(0.E0,-3.257436514783E-2,9.994693145541E-1));
#2743=VECTOR('',#2742,1.E0);
#2744=SURFACE_OF_LINEAR_EXTRUSION('',#2741,#2743);
#2745=ORIENTED_EDGE('',*,*,#2257,.F.);
#2747=ORIENTED_EDGE('',*,*,#2746,.T.);
#2749=ORIENTED_EDGE('',*,*,#2748,.T.);
#2750=ORIENTED_EDGE('',*,*,#2725,.T.);
#2751=EDGE_LOOP('',(#2745,#2747,#2749,#2750));
#2752=FACE_OUTER_BOUND('',#2751,.F.);
#2754=CARTESIAN_POINT('',(2.027625962117E2,-6.417984055263E1,
-5.156449891131E-1));
#2755=DIRECTION('',(-1.E0,0.E0,0.E0));
#2756=DIRECTION('',(0.E0,-9.994693145541E-1,-3.257436514783E-2));
#2757=AXIS2_PLACEMENT_3D('',#2754,#2755,#2756);
#2758=PLANE('',#2757);
#2759=ORIENTED_EDGE('',*,*,#2255,.T.);
#2761=ORIENTED_EDGE('',*,*,#2760,.F.);
#2763=ORIENTED_EDGE('',*,*,#2762,.T.);
#2764=ORIENTED_EDGE('',*,*,#2746,.F.);
#2765=EDGE_LOOP('',(#2759,#2761,#2763,#2764));
#2766=FACE_OUTER_BOUND('',#2765,.F.);
#2768=CARTESIAN_POINT('',(2.027625380117E2,-6.418513364666E1,
-5.158174998395E-1));
#2769=CARTESIAN_POINT('',(2.027625768611E2,-6.418336674443E1,
-5.157599135610E-1));
#2770=CARTESIAN_POINT('',(2.027635326273E2,-6.409621723060E1,
-5.129195661440E-1));
#2771=CARTESIAN_POINT('',(2.027160609458E2,-6.401353713651E1,
-5.102248845400E-1));
#2772=CARTESIAN_POINT('',(2.026389591612E2,-6.396859269087E1,
-5.087600704011E-1));
#2773=CARTESIAN_POINT('',(2.026348871639E2,-6.396631148523E1,
-5.086857221202E-1));
#2774=CARTESIAN_POINT('',(2.026328294499E2,-6.396519587837E1,
-5.086493626397E-1));
#2775=CARTESIAN_POINT('',(2.026312407353E2,-6.396435632010E1,
-5.086220000412E-1));
#2777=DIRECTION('',(0.E0,-3.257436514783E-2,9.994693145541E-1));
#2778=VECTOR('',#2777,1.E0);
#2779=SURFACE_OF_LINEAR_EXTRUSION('',#2776,#2778);
#2780=ORIENTED_EDGE('',*,*,#2253,.F.);
#2782=ORIENTED_EDGE('',*,*,#2781,.T.);
#2784=ORIENTED_EDGE('',*,*,#2783,.T.);
#2785=ORIENTED_EDGE('',*,*,#2760,.T.);
#2786=EDGE_LOOP('',(#2780,#2782,#2784,#2785));
#2787=FACE_OUTER_BOUND('',#2786,.F.);
#2789=CARTESIAN_POINT('',(2.006979457574E2,-6.287426785780E1,
-4.730942063434E-1));
#2790=DIRECTION('',(-4.913155227558E-1,-8.705194456028E-1,-2.837167472420E-2));
#2791=DIRECTION('',(8.709816628949E-1,-4.910547887585E-1,-1.600429124104E-2));
#2792=AXIS2_PLACEMENT_3D('',#2789,#2790,#2791);
#2793=PLANE('',#2792);
#2794=ORIENTED_EDGE('',*,*,#2251,.F.);
#2796=ORIENTED_EDGE('',*,*,#2795,.F.);
#2798=ORIENTED_EDGE('',*,*,#2797,.F.);
#2799=ORIENTED_EDGE('',*,*,#2781,.F.);
#2800=EDGE_LOOP('',(#2794,#2796,#2798,#2799));
#2801=FACE_OUTER_BOUND('',#2800,.F.);
#2803=CARTESIAN_POINT('',(2.005732839956E2,-6.309508397284E1,
-4.802909703252E-1));
#2804=DIRECTION('',(3.825600744361E-13,-3.257436515624E-2,9.994693145538E-1));
#2805=DIRECTION('',(5.095655157318E-1,8.599752410289E-1,2.802802158955E-2));
#2806=AXIS2_PLACEMENT_3D('',#2803,#2804,#2805);
#2807=CYLINDRICAL_SURFACE('',#2806,2.536767697546E-1);
#2808=ORIENTED_EDGE('',*,*,#2249,.F.);
#2810=ORIENTED_EDGE('',*,*,#2809,.T.);
#2812=ORIENTED_EDGE('',*,*,#2811,.T.);
#2813=ORIENTED_EDGE('',*,*,#2795,.T.);
#2814=EDGE_LOOP('',(#2808,#2810,#2812,#2813));
#2815=FACE_OUTER_BOUND('',#2814,.F.);
#2817=CARTESIAN_POINT('',(1.985249665363E2,-6.395880757785E1,
-5.084411573143E-1));
#2818=DIRECTION('',(4.913124166197E-1,-8.705211968183E-1,-2.837173179923E-2));
#2819=DIRECTION('',(8.709834150403E-1,4.910516842708E-1,1.600419006063E-2));
#2820=AXIS2_PLACEMENT_3D('',#2817,#2818,#2819);
#2821=PLANE('',#2820);
#2822=ORIENTED_EDGE('',*,*,#2247,.F.);
#2824=ORIENTED_EDGE('',*,*,#2823,.F.);
#2826=ORIENTED_EDGE('',*,*,#2825,.F.);
#2827=ORIENTED_EDGE('',*,*,#2809,.F.);
#2828=EDGE_LOOP('',(#2822,#2824,#2826,#2827));
#2829=FACE_OUTER_BOUND('',#2828,.F.);
#2831=CARTESIAN_POINT('',(1.985297316677E2,-6.395618695970E1,
-5.083557470157E-1));
#2832=CARTESIAN_POINT('',(1.985281456660E2,-6.395703712909E1,
-5.083834554482E-1));
#2833=CARTESIAN_POINT('',(1.984505404945E2,-6.399970954982E1,
-5.097742205215E-1));
#2834=CARTESIAN_POINT('',(1.984009392638E2,-6.408127759578E1,
-5.124326586294E-1));
#2835=CARTESIAN_POINT('',(1.983996959603E2,-6.416937416334E1,
-5.153038721010E-1));
#2836=CARTESIAN_POINT('',(1.983997179342E2,-6.417414110295E1,
-5.154592345810E-1));
#2837=CARTESIAN_POINT('',(1.983997655180E2,-6.417656179398E1,
-5.155381289224E-1));
#2838=CARTESIAN_POINT('',(1.983998199510E2,-6.417833427043E1,
-5.155958968737E-1));
#2840=DIRECTION('',(0.E0,-3.257436514783E-2,9.994693145541E-1));
#2841=VECTOR('',#2840,1.E0);
#2842=SURFACE_OF_LINEAR_EXTRUSION('',#2839,#2841);
#2843=ORIENTED_EDGE('',*,*,#2245,.F.);
#2845=ORIENTED_EDGE('',*,*,#2844,.T.);
#2847=ORIENTED_EDGE('',*,*,#2846,.T.);
#2848=ORIENTED_EDGE('',*,*,#2823,.T.);
#2849=EDGE_LOOP('',(#2843,#2845,#2847,#2848));
#2850=FACE_OUTER_BOUND('',#2849,.F.);
#2852=CARTESIAN_POINT('',(1.983997065026E2,-7.096972925799E1,
-7.369387404878E-1));
#2853=DIRECTION('',(1.E0,0.E0,0.E0));
#2854=DIRECTION('',(0.E0,9.994693145541E-1,3.257436514783E-2));
#2855=AXIS2_PLACEMENT_3D('',#2852,#2853,#2854);
#2856=PLANE('',#2855);
#2857=ORIENTED_EDGE('',*,*,#2243,.T.);
#2859=ORIENTED_EDGE('',*,*,#2858,.F.);
#2861=ORIENTED_EDGE('',*,*,#2860,.T.);
#2862=ORIENTED_EDGE('',*,*,#2844,.F.);
#2863=EDGE_LOOP('',(#2857,#2859,#2861,#2862));
#2864=FACE_OUTER_BOUND('',#2863,.F.);
#2866=CARTESIAN_POINT('',(1.983994532221E2,-7.095830740240E1,
-7.365664832415E-1));
#2867=CARTESIAN_POINT('',(1.983996227475E2,-7.096214233726E1,
-7.366914701384E-1));
#2868=CARTESIAN_POINT('',(1.984038364332E2,-7.115370442193E1,
-7.429347966755E-1));
#2869=CARTESIAN_POINT('',(1.981938253773E2,-7.127464521247E1,
-7.468764579303E-1));
#2870=CARTESIAN_POINT('',(1.980262435196E2,-7.118245120714E1,
-7.438717021560E-1));
#2871=CARTESIAN_POINT('',(1.980205973603E2,-7.117923471723E1,
-7.437668714073E-1));
#2872=CARTESIAN_POINT('',(1.980167819896E2,-7.117693553834E1,
-7.436919373484E-1));
#2873=CARTESIAN_POINT('',(1.980134804410E2,-7.117484790630E1,
-7.436238979530E-1));
#2875=DIRECTION('',(0.E0,-3.257436514783E-2,9.994693145541E-1));
#2876=VECTOR('',#2875,1.E0);
#2877=SURFACE_OF_LINEAR_EXTRUSION('',#2874,#2876);
#2878=ORIENTED_EDGE('',*,*,#2241,.F.);
#2880=ORIENTED_EDGE('',*,*,#2879,.T.);
#2882=ORIENTED_EDGE('',*,*,#2881,.T.);
#2883=ORIENTED_EDGE('',*,*,#2858,.T.);
#2884=EDGE_LOOP('',(#2878,#2880,#2882,#2883));
#2885=FACE_OUTER_BOUND('',#2884,.F.);
#2887=CARTESIAN_POINT('',(1.970725137079E2,-7.064474736326E1,
-7.263470407214E-1));
#2888=DIRECTION('',(-4.913071610172E-1,-8.705241598532E-1,-2.837182836946E-2));
#2889=DIRECTION('',(8.709863796485E-1,-4.910464314574E-1,-1.600401886272E-2));
#2890=AXIS2_PLACEMENT_3D('',#2887,#2888,#2889);
#2891=PLANE('',#2890);
#2892=ORIENTED_EDGE('',*,*,#2239,.F.);
#2894=ORIENTED_EDGE('',*,*,#2893,.F.);
#2896=ORIENTED_EDGE('',*,*,#2895,.F.);
#2897=ORIENTED_EDGE('',*,*,#2879,.F.);
#2898=EDGE_LOOP('',(#2892,#2894,#2896,#2897));
#2899=FACE_OUTER_BOUND('',#2898,.F.);
#2901=CARTESIAN_POINT('',(1.970772828200E2,-7.064736973939E1,
-7.264325083152E-1));
#2902=CARTESIAN_POINT('',(1.970756922673E2,-7.064651731550E1,
-7.264047264049E-1));
#2903=CARTESIAN_POINT('',(1.969979998904E2,-7.060380178477E1,
-7.250125563050E-1));
#2904=CARTESIAN_POINT('',(1.969484382164E2,-7.052202993829E1,
-7.223474759995E-1));
#2905=CARTESIAN_POINT('',(1.969472401075E2,-7.043373309537E1,
-7.194697352219E-1));
#2906=CARTESIAN_POINT('',(1.969472699681E2,-7.042880727998E1,
-7.193091947163E-1));
#2907=CARTESIAN_POINT('',(1.969473236985E2,-7.042631187486E1,
-7.192278653184E-1));
#2908=CARTESIAN_POINT('',(1.969473815814E2,-7.042453525253E1,
-7.191699622455E-1));
#2910=DIRECTION('',(0.E0,-3.257436514783E-2,9.994693145541E-1));
#2911=VECTOR('',#2910,1.E0);
#2912=SURFACE_OF_LINEAR_EXTRUSION('',#2909,#2911);
#2913=ORIENTED_EDGE('',*,*,#2237,.F.);
#2915=ORIENTED_EDGE('',*,*,#2914,.T.);
#2917=ORIENTED_EDGE('',*,*,#2916,.T.);
#2918=ORIENTED_EDGE('',*,*,#2893,.T.);
#2919=EDGE_LOOP('',(#2913,#2915,#2917,#2918));
#2920=FACE_OUTER_BOUND('',#2919,.F.);
#2922=CARTESIAN_POINT('',(1.969538551167E2,-6.334620503518E1,
-4.884754228741E-1));
#2923=DIRECTION('',(-9.999995664956E-1,9.306388802436E-4,3.033106696162E-5));
#2924=DIRECTION('',(-9.311330189849E-4,-9.994688812797E-1,-3.257435102670E-2));
#2925=AXIS2_PLACEMENT_3D('',#2922,#2923,#2924);
#2926=PLANE('',#2925);
#2927=ORIENTED_EDGE('',*,*,#2235,.T.);
#2929=ORIENTED_EDGE('',*,*,#2928,.F.);
#2931=ORIENTED_EDGE('',*,*,#2930,.T.);
#2932=ORIENTED_EDGE('',*,*,#2914,.F.);
#2933=EDGE_LOOP('',(#2927,#2929,#2931,#2932));
#2934=FACE_OUTER_BOUND('',#2933,.F.);
#2936=CARTESIAN_POINT('',(1.969539085816E2,-6.335152152443E1,
-4.886486960898E-1));
#2937=CARTESIAN_POINT('',(1.969538712367E2,-6.334975063265E1,
-4.885909797849E-1));
#2938=CARTESIAN_POINT('',(1.969529951426E2,-6.326259313125E1,
-4.857503720401E-1));
#2939=CARTESIAN_POINT('',(1.970005565932E2,-6.317983208813E1,
-4.830530521728E-1));
#2940=CARTESIAN_POINT('',(1.970779851067E2,-6.313494583028E1,
-4.815901344701E-1));
#2941=CARTESIAN_POINT('',(1.970822452295E2,-6.313257945874E1,
-4.815130104910E-1));
#2942=CARTESIAN_POINT('',(1.970844176296E2,-6.313141396127E1,
-4.814750249927E-1));
#2943=CARTESIAN_POINT('',(1.970860152458E2,-6.313057873625E1,
-4.814478036225E-1));
#2945=DIRECTION('',(0.E0,-3.257436514783E-2,9.994693145541E-1));
#2946=VECTOR('',#2945,1.E0);
#2947=SURFACE_OF_LINEAR_EXTRUSION('',#2944,#2946);
#2948=ORIENTED_EDGE('',*,*,#2233,.F.);
#2950=ORIENTED_EDGE('',*,*,#2949,.T.);
#2952=ORIENTED_EDGE('',*,*,#2951,.T.);
#2953=ORIENTED_EDGE('',*,*,#2928,.T.);
#2954=EDGE_LOOP('',(#2948,#2950,#2952,#2953));
#2955=FACE_OUTER_BOUND('',#2954,.F.);
#2957=CARTESIAN_POINT('',(2.004528257463E2,-6.123626963316E1,
-4.197091233762E-1));
#2958=DIRECTION('',(-4.905136571552E-1,8.709710470660E-1,2.838639316603E-2));
#2959=DIRECTION('',(-8.714335041437E-1,-4.902533486963E-1,-1.597817097817E-2));
#2960=AXIS2_PLACEMENT_3D('',#2957,#2958,#2959);
#2961=PLANE('',#2960);
#2962=ORIENTED_EDGE('',*,*,#2231,.F.);
#2964=ORIENTED_EDGE('',*,*,#2963,.F.);
#2966=ORIENTED_EDGE('',*,*,#2965,.F.);
#2967=ORIENTED_EDGE('',*,*,#2949,.F.);
#2968=EDGE_LOOP('',(#2962,#2964,#2966,#2967));
#2969=FACE_OUTER_BOUND('',#2968,.F.);
#2971=CARTESIAN_POINT('',(2.005772193436E2,-6.145689869868E1,
-4.268997910932E-1));
#2972=DIRECTION('',(5.885636677276E-13,3.257436511156E-2,-9.994693145553E-1));
#2973=DIRECTION('',(-5.086244639039E-1,8.605315613172E-1,2.804615295322E-2));
#2974=AXIS2_PLACEMENT_3D('',#2971,#2972,#2973);
#2975=CYLINDRICAL_SURFACE('',#2974,2.533834764811E-1);
#2976=ORIENTED_EDGE('',*,*,#2229,.F.);
#2978=ORIENTED_EDGE('',*,*,#2977,.T.);
#2980=ORIENTED_EDGE('',*,*,#2979,.T.);
#2981=ORIENTED_EDGE('',*,*,#2963,.T.);
#2982=EDGE_LOOP('',(#2976,#2978,#2980,#2981));
#2983=FACE_OUTER_BOUND('',#2982,.F.);
#2985=CARTESIAN_POINT('',(2.040916748530E2,-6.314781001392E1,
-4.820093995837E-1));
#2986=DIRECTION('',(4.913019320775E-1,8.705271078146E-1,2.837192444841E-2));
#2987=DIRECTION('',(-8.709893291751E-1,4.910412052926E-1,1.600384853333E-2));
#2988=AXIS2_PLACEMENT_3D('',#2985,#2986,#2987);
#2989=PLANE('',#2988);
#2990=ORIENTED_EDGE('',*,*,#2227,.F.);
#2992=ORIENTED_EDGE('',*,*,#2991,.F.);
#2994=ORIENTED_EDGE('',*,*,#2993,.F.);
#2995=ORIENTED_EDGE('',*,*,#2977,.F.);
#2996=EDGE_LOOP('',(#2990,#2992,#2994,#2995));
#2997=FACE_OUTER_BOUND('',#2996,.F.);
#2999=CARTESIAN_POINT('',(2.040870242420E2,-6.314525340615E1,
-4.819260754892E-1));
#3000=CARTESIAN_POINT('',(2.040886006563E2,-6.314609856492E1,
-4.819536206174E-1));
#3001=CARTESIAN_POINT('',(2.041661429830E2,-6.318873902547E1,
-4.833433440559E-1));
#3002=CARTESIAN_POINT('',(2.042155777831E2,-6.327017544386E1,
-4.859974922024E-1));
#3003=CARTESIAN_POINT('',(2.042168942995E2,-6.335775822038E1,
-4.888519603707E-1));
#3004=CARTESIAN_POINT('',(2.042168911329E2,-6.336204194103E1,
-4.889915739420E-1));
#3005=CARTESIAN_POINT('',(2.042168625288E2,-6.336412928417E1,
-4.890596039220E-1));
#3006=CARTESIAN_POINT('',(2.042168190722E2,-6.336589031835E1,
-4.891169989509E-1));
#3008=DIRECTION('',(0.E0,-3.257436514783E-2,9.994693145541E-1));
#3009=VECTOR('',#3008,1.E0);
#3010=SURFACE_OF_LINEAR_EXTRUSION('',#3007,#3009);
#3011=ORIENTED_EDGE('',*,*,#2225,.F.);
#3013=ORIENTED_EDGE('',*,*,#3012,.F.);
#3015=ORIENTED_EDGE('',*,*,#3014,.T.);
#3016=ORIENTED_EDGE('',*,*,#2991,.T.);
#3017=EDGE_LOOP('',(#3011,#3013,#3015,#3016));
#3018=FACE_OUTER_BOUND('',#3017,.F.);
#3020=CARTESIAN_POINT('',(2.042168915830E2,-6.961109273496E1,
-6.926585194146E-1));
#3021=DIRECTION('',(1.E0,0.E0,0.E0));
#3022=DIRECTION('',(0.E0,9.994693145541E-1,3.257436514783E-2));
#3023=AXIS2_PLACEMENT_3D('',#3020,#3021,#3022);
#3024=PLANE('',#3023);
#3025=ORIENTED_EDGE('',*,*,#2223,.T.);
#3027=ORIENTED_EDGE('',*,*,#3026,.F.);
#3029=ORIENTED_EDGE('',*,*,#3028,.T.);
#3030=ORIENTED_EDGE('',*,*,#3012,.T.);
#3031=EDGE_LOOP('',(#3025,#3027,#3029,#3030));
#3032=FACE_OUTER_BOUND('',#3031,.F.);
#3034=CARTESIAN_POINT('',(2.042169468633E2,-6.960593200655E1,
-6.924903227030E-1));
#3035=CARTESIAN_POINT('',(2.042169099644E2,-6.960765464757E1,
-6.925464664355E-1));
#3036=CARTESIAN_POINT('',(2.042159793309E2,-6.969475328374E1,
-6.953851556654E-1));
#3037=CARTESIAN_POINT('',(2.042625063127E2,-6.977590251665E1,
-6.980299439599E-1));
#3038=CARTESIAN_POINT('',(2.043386575767E2,-6.982125352773E1,
-6.995080087423E-1));
#3039=CARTESIAN_POINT('',(2.043407259481E2,-6.982244584773E1,
-6.995468684317E-1));
#3040=CARTESIAN_POINT('',(2.043422428265E2,-6.982329941214E1,
-6.995746875136E-1));
#3042=DIRECTION('',(0.E0,-3.257436514783E-2,9.994693145541E-1));
#3043=VECTOR('',#3042,1.E0);
#3044=SURFACE_OF_LINEAR_EXTRUSION('',#3041,#3043);
#3045=ORIENTED_EDGE('',*,*,#2221,.F.);
#3047=ORIENTED_EDGE('',*,*,#3046,.T.);
#3049=ORIENTED_EDGE('',*,*,#3048,.T.);
#3050=ORIENTED_EDGE('',*,*,#3026,.T.);
#3051=EDGE_LOOP('',(#3045,#3047,#3049,#3050));
#3052=FACE_OUTER_BOUND('',#3051,.F.);
#3054=CARTESIAN_POINT('',(2.062548787071E2,-7.095188223810E1,
-7.363570764645E-1));
#3055=DIRECTION('',(5.083902203576E-1,8.606698230827E-1,2.805065916538E-2));
#3056=DIRECTION('',(-8.611268105481E-1,5.081204250668E-1,1.656048867551E-2));
#3057=AXIS2_PLACEMENT_3D('',#3054,#3055,#3056);
#3058=PLANE('',#3057);
#3059=ORIENTED_EDGE('',*,*,#2219,.F.);
#3061=ORIENTED_EDGE('',*,*,#3060,.F.);
#3063=ORIENTED_EDGE('',*,*,#3062,.F.);
#3064=ORIENTED_EDGE('',*,*,#3046,.F.);
#3065=EDGE_LOOP('',(#3059,#3061,#3063,#3064));
#3066=FACE_OUTER_BOUND('',#3065,.F.);
#3068=CARTESIAN_POINT('',(2.063785591793E2,-7.074260486662E1,
-7.295363793056E-1));
#3069=DIRECTION('',(-3.236884263075E-13,-3.257436514002E-2,9.994693145543E-1));
#3070=DIRECTION('',(-5.271293136998E-1,-8.493341140417E-1,-2.768120957188E-2));
#3071=AXIS2_PLACEMENT_3D('',#3068,#3069,#3070);
#3072=CYLINDRICAL_SURFACE('',#3071,2.431869361286E-1);
#3073=ORIENTED_EDGE('',*,*,#2217,.F.);
#3075=ORIENTED_EDGE('',*,*,#3074,.T.);
#3077=ORIENTED_EDGE('',*,*,#3076,.T.);
#3078=ORIENTED_EDGE('',*,*,#3060,.T.);
#3079=EDGE_LOOP('',(#3073,#3075,#3077,#3078));
#3080=FACE_OUTER_BOUND('',#3079,.F.);
#3082=CARTESIAN_POINT('',(2.084545210950E2,-6.982382201275E1,
-6.995917199354E-1));
#3083=DIRECTION('',(-5.005049635005E-1,8.652742343585E-1,2.820072457710E-2));
#3084=DIRECTION('',(-8.657336666154E-1,-5.002393528008E-1,-1.630363143937E-2));
#3085=AXIS2_PLACEMENT_3D('',#3082,#3083,#3084);
#3086=PLANE('',#3085);
#3087=ORIENTED_EDGE('',*,*,#2215,.F.);
#3088=ORIENTED_EDGE('',*,*,#2613,.F.);
#3090=ORIENTED_EDGE('',*,*,#3089,.F.);
#3091=ORIENTED_EDGE('',*,*,#3074,.F.);
#3092=EDGE_LOOP('',(#3087,#3088,#3090,#3091));
#3093=FACE_OUTER_BOUND('',#3092,.F.);
#3095=CARTESIAN_POINT('',(5.61E1,-1.394226353291E2,-1.442353946628E0));
#3096=DIRECTION('',(0.E0,1.109506335671E-2,-9.999384478902E-1));
#3097=DIRECTION('',(0.E0,9.999384478902E-1,1.109506335671E-2));
#3098=AXIS2_PLACEMENT_3D('',#3095,#3096,#3097);
#3099=PLANE('',#3098);
#3100=ORIENTED_EDGE('',*,*,#2611,.F.);
#3101=ORIENTED_EDGE('',*,*,#2626,.F.);
#3102=ORIENTED_EDGE('',*,*,#2651,.F.);
#3103=ORIENTED_EDGE('',*,*,#2665,.F.);
#3104=ORIENTED_EDGE('',*,*,#2685,.F.);
#3105=ORIENTED_EDGE('',*,*,#2699,.T.);
#3106=ORIENTED_EDGE('',*,*,#2713,.F.);
#3107=ORIENTED_EDGE('',*,*,#2727,.T.);
#3108=ORIENTED_EDGE('',*,*,#2748,.F.);
#3109=ORIENTED_EDGE('',*,*,#2762,.F.);
#3110=ORIENTED_EDGE('',*,*,#2783,.F.);
#3111=ORIENTED_EDGE('',*,*,#2797,.T.);
#3112=ORIENTED_EDGE('',*,*,#2811,.F.);
#3113=ORIENTED_EDGE('',*,*,#2825,.T.);
#3114=ORIENTED_EDGE('',*,*,#2846,.F.);
#3115=ORIENTED_EDGE('',*,*,#2860,.F.);
#3116=ORIENTED_EDGE('',*,*,#2881,.F.);
#3117=ORIENTED_EDGE('',*,*,#2895,.T.);
#3118=ORIENTED_EDGE('',*,*,#2916,.F.);
#3119=ORIENTED_EDGE('',*,*,#2930,.F.);
#3120=ORIENTED_EDGE('',*,*,#2951,.F.);
#3121=ORIENTED_EDGE('',*,*,#2965,.T.);
#3122=ORIENTED_EDGE('',*,*,#2979,.F.);
#3123=ORIENTED_EDGE('',*,*,#2993,.T.);
#3124=ORIENTED_EDGE('',*,*,#3014,.F.);
#3125=ORIENTED_EDGE('',*,*,#3028,.F.);
#3126=ORIENTED_EDGE('',*,*,#3048,.F.);
#3127=ORIENTED_EDGE('',*,*,#3062,.T.);
#3128=ORIENTED_EDGE('',*,*,#3076,.F.);
#3129=ORIENTED_EDGE('',*,*,#3089,.T.);
#3130=EDGE_LOOP('',(#3100,#3101,#3102,#3103,#3104,#3105,#3106,#3107,#3108,#3109,
#3110,#3111,#3112,#3113,#3114,#3115,#3116,#3117,#3118,#3119,#3120,#3121,#3122,
#3123,#3124,#3125,#3126,#3127,#3128,#3129));
#3131=FACE_OUTER_BOUND('',#3130,.F.);
#3133=ORIENTED_EDGE('',*,*,#3132,.F.);
#3135=ORIENTED_EDGE('',*,*,#3134,.F.);
#3136=EDGE_LOOP('',(#3133,#3135));
#3137=FACE_BOUND('',#3136,.F.);
#3139=CARTESIAN_POINT('',(2.093059168192E2,-6.434765431270E1,
-5.211143183037E-1));
#3140=DIRECTION('',(1.209348670605E-13,3.257436514811E-2,-9.994693145541E-1));
#3141=DIRECTION('',(8.073931602269E-2,-9.962062992430E-1,-3.246801805902E-2));
#3142=AXIS2_PLACEMENT_3D('',#3139,#3140,#3141);
#3143=CYLINDRICAL_SURFACE('',#3142,4.594330714982E-1);
#3145=ORIENTED_EDGE('',*,*,#3144,.T.);
#3147=ORIENTED_EDGE('',*,*,#3146,.F.);
#3148=ORIENTED_EDGE('',*,*,#3132,.T.);
#3150=ORIENTED_EDGE('',*,*,#3149,.T.);
#3151=EDGE_LOOP('',(#3145,#3147,#3148,#3150));
#3152=FACE_OUTER_BOUND('',#3151,.F.);
#3154=CARTESIAN_POINT('',(5.68E1,-1.394259638481E2,-1.142372412261E0));
#3155=DIRECTION('',(0.E0,1.109506335671E-2,-9.999384478902E-1));
#3156=DIRECTION('',(0.E0,9.999384478902E-1,1.109506335671E-2));
#3157=AXIS2_PLACEMENT_3D('',#3154,#3155,#3156);
#3158=PLANE('',#3157);
#3160=ORIENTED_EDGE('',*,*,#3159,.F.);
#3161=ORIENTED_EDGE('',*,*,#3144,.F.);
#3162=EDGE_LOOP('',(#3160,#3161));
#3163=FACE_OUTER_BOUND('',#3162,.F.);
#3165=CARTESIAN_POINT('',(2.093239799862E2,-6.434765431268E1,
-5.211143183033E-1));
#3166=DIRECTION('',(-1.681719373313E-13,3.257436514810E-2,-9.994693145541E-1));
#3167=DIRECTION('',(-8.082442707554E-2,9.961994049296E-1,3.246779336191E-2));
#3168=AXIS2_PLACEMENT_3D('',#3165,#3166,#3167);
#3169=CYLINDRICAL_SURFACE('',#3168,4.594350908129E-1);
#3170=ORIENTED_EDGE('',*,*,#3159,.T.);
#3171=ORIENTED_EDGE('',*,*,#3149,.F.);
#3172=ORIENTED_EDGE('',*,*,#3134,.T.);
#3173=ORIENTED_EDGE('',*,*,#3146,.T.);
#3174=EDGE_LOOP('',(#3170,#3171,#3172,#3173));
#3175=FACE_OUTER_BOUND('',#3174,.F.);
#3177=CARTESIAN_POINT('',(2.056711529651E2,-6.253950549435E1,
-4.621837448555E-1));
#3178=DIRECTION('',(-1.E0,0.E0,0.E0));
#3179=DIRECTION('',(0.E0,-9.994693145541E-1,-3.257436514783E-2));
#3180=AXIS2_PLACEMENT_3D('',#3177,#3178,#3179);
#3181=PLANE('',#3180);
#3182=ORIENTED_EDGE('',*,*,#2275,.T.);
#3184=ORIENTED_EDGE('',*,*,#3183,.F.);
#3186=ORIENTED_EDGE('',*,*,#3185,.T.);
#3188=ORIENTED_EDGE('',*,*,#3187,.F.);
#3189=EDGE_LOOP('',(#3182,#3184,#3186,#3188));
#3190=FACE_OUTER_BOUND('',#3189,.F.);
#3192=CARTESIAN_POINT('',(2.055415213686E2,-6.232494426440E1,
-4.551908379719E-1));
#3193=CARTESIAN_POINT('',(2.055430911447E2,-6.232578799427E1,
-4.552183365291E-1));
#3194=CARTESIAN_POINT('',(2.055459606941E2,-6.232736975720E1,
-4.552698888098E-1));
#3195=CARTESIAN_POINT('',(2.055494344592E2,-6.232937371312E1,
-4.553352010620E-1));
#3196=CARTESIAN_POINT('',(2.056254888136E2,-6.237460853183E1,
-4.568094789418E-1));
#3197=CARTESIAN_POINT('',(2.056720818866E2,-6.245587337257E1,
-4.594580350883E-1));
#3198=CARTESIAN_POINT('',(2.056711339059E2,-6.254300647953E1,
-4.622978477782E-1));
#3199=CARTESIAN_POINT('',(2.056710956436E2,-6.254476069789E1,
-4.623550206685E-1));
#3201=DIRECTION('',(0.E0,-3.257436514783E-2,9.994693145541E-1));
#3202=VECTOR('',#3201,1.E0);
#3203=SURFACE_OF_LINEAR_EXTRUSION('',#3200,#3202);
#3204=ORIENTED_EDGE('',*,*,#2293,.F.);
#3206=ORIENTED_EDGE('',*,*,#3205,.F.);
#3208=ORIENTED_EDGE('',*,*,#3207,.T.);
#3209=ORIENTED_EDGE('',*,*,#3183,.T.);
#3210=EDGE_LOOP('',(#3204,#3206,#3208,#3209));
#3211=FACE_OUTER_BOUND('',#3210,.F.);
#3213=CARTESIAN_POINT('',(2.024098440519E2,-6.055953645713E1,
-3.976532650694E-1));
#3214=DIRECTION('',(-4.913045489247E-1,-8.705256324988E-1,-2.837187636542E-2));
#3215=DIRECTION('',(8.709878530760E-1,-4.910438207511E-1,-1.600393377546E-2));
#3216=AXIS2_PLACEMENT_3D('',#3213,#3214,#3215);
#3217=PLANE('',#3216);
#3218=ORIENTED_EDGE('',*,*,#2291,.F.);
#3220=ORIENTED_EDGE('',*,*,#3219,.F.);
#3222=ORIENTED_EDGE('',*,*,#3221,.F.);
#3223=ORIENTED_EDGE('',*,*,#3205,.T.);
#3224=EDGE_LOOP('',(#3218,#3220,#3222,#3223));
#3225=FACE_OUTER_BOUND('',#3224,.F.);
#3227=CARTESIAN_POINT('',(2.024217944240E2,-6.012891848360E1,
-3.836187100256E-1));
#3228=CARTESIAN_POINT('',(2.024182876218E2,-6.013067084021E1,
-3.836758222387E-1));
#3229=CARTESIAN_POINT('',(2.024143085722E2,-6.013276724621E1,
-3.837441475927E-1));
#3230=CARTESIAN_POINT('',(2.024085477367E2,-6.013598666615E1,
-3.838490738364E-1));
#3231=CARTESIAN_POINT('',(2.022428590566E2,-6.023196155703E1,
-3.869770549508E-1));
#3232=CARTESIAN_POINT('',(2.022447882209E2,-6.047116923902E1,
-3.947732306474E-1));
#3233=CARTESIAN_POINT('',(2.024166515045E2,-6.056327915561E1,
-3.977752458296E-1));
#3234=CARTESIAN_POINT('',(2.024201364054E2,-6.056505143521E1,
-3.978330073658E-1));
#3236=DIRECTION('',(0.E0,-3.257436514783E-2,9.994693145541E-1));
#3237=VECTOR('',#3236,1.E0);
#3238=SURFACE_OF_LINEAR_EXTRUSION('',#3235,#3237);
#3239=ORIENTED_EDGE('',*,*,#2289,.F.);
#3241=ORIENTED_EDGE('',*,*,#3240,.T.);
#3243=ORIENTED_EDGE('',*,*,#3242,.T.);
#3244=ORIENTED_EDGE('',*,*,#3219,.T.);
#3245=EDGE_LOOP('',(#3239,#3241,#3243,#3244));
#3246=FACE_OUTER_BOUND('',#3245,.F.);
#3248=CARTESIAN_POINT('',(2.033651566238E2,-5.959777490488E1,
-3.663078585301E-1));
#3249=DIRECTION('',(-4.905469331531E-1,8.709523257316E-1,2.838578300664E-2));
#3250=DIRECTION('',(-8.714147728689E-1,-4.902866070351E-1,-1.597925492268E-2));
#3251=AXIS2_PLACEMENT_3D('',#3248,#3249,#3250);
#3252=PLANE('',#3251);
#3253=ORIENTED_EDGE('',*,*,#2287,.F.);
#3255=ORIENTED_EDGE('',*,*,#3254,.F.);
#3257=ORIENTED_EDGE('',*,*,#3256,.F.);
#3258=ORIENTED_EDGE('',*,*,#3240,.F.);
#3259=EDGE_LOOP('',(#3253,#3255,#3257,#3258));
#3260=FACE_OUTER_BOUND('',#3259,.F.);
#3262=CARTESIAN_POINT('',(2.034895953060E2,-5.981889019598E1,
-3.735143731597E-1));
#3263=DIRECTION('',(4.737581615116E-14,-3.257436517100E-2,9.994693145533E-1));
#3264=DIRECTION('',(5.093572419056E-1,8.600984856075E-1,2.803203834797E-2));
#3265=AXIS2_PLACEMENT_3D('',#3262,#3263,#3264);
#3266=CYLINDRICAL_SURFACE('',#3265,2.538283929066E-1);
#3267=ORIENTED_EDGE('',*,*,#2285,.T.);
#3269=ORIENTED_EDGE('',*,*,#3268,.T.);
#3271=ORIENTED_EDGE('',*,*,#3270,.T.);
#3272=ORIENTED_EDGE('',*,*,#3254,.T.);
#3273=EDGE_LOOP('',(#3267,#3269,#3271,#3272));
#3274=FACE_OUTER_BOUND('',#3273,.F.);
#3276=CARTESIAN_POINT('',(2.070002747467E2,-6.150743249151E1,
-4.285467713496E-1));
#3277=DIRECTION('',(4.914156160012E-1,8.704630059901E-1,2.836983526348E-2));
#3278=DIRECTION('',(-8.709251933147E-1,4.911548288859E-1,1.600755171497E-2));
#3279=AXIS2_PLACEMENT_3D('',#3276,#3277,#3278);
#3280=PLANE('',#3279);
#3281=ORIENTED_EDGE('',*,*,#2283,.F.);
#3283=ORIENTED_EDGE('',*,*,#3282,.F.);
#3285=ORIENTED_EDGE('',*,*,#3284,.F.);
#3286=ORIENTED_EDGE('',*,*,#3268,.F.);
#3287=EDGE_LOOP('',(#3281,#3283,#3285,#3286));
#3288=FACE_OUTER_BOUND('',#3287,.F.);
#3290=CARTESIAN_POINT('',(2.071253344932E2,-6.172705657407E1,
-4.357046850107E-1));
#3291=CARTESIAN_POINT('',(2.071253896001E2,-6.172528463654E1,
-4.356469346232E-1));
#3292=CARTESIAN_POINT('',(2.071254386390E2,-6.172283983071E1,
-4.355672543403E-1));
#3293=CARTESIAN_POINT('',(2.071254620183E2,-6.171804103759E1,
-4.354108537012E-1));
#3294=CARTESIAN_POINT('',(2.071242257156E2,-6.162997134826E1,
-4.325405162365E-1));
#3295=CARTESIAN_POINT('',(2.070747223910E2,-6.154840543875E1,
-4.298821477590E-1));
#3296=CARTESIAN_POINT('',(2.069971383139E2,-6.150568364003E1,
-4.284897733751E-1));
#3297=CARTESIAN_POINT('',(2.069955520956E2,-6.150483212511E1,
-4.284620210894E-1));
#3299=DIRECTION('',(0.E0,-3.257436514783E-2,9.994693145541E-1));
#3300=VECTOR('',#3299,1.E0);
#3301=SURFACE_OF_LINEAR_EXTRUSION('',#3298,#3300);
#3302=ORIENTED_EDGE('',*,*,#2281,.F.);
#3304=ORIENTED_EDGE('',*,*,#3303,.T.);
#3306=ORIENTED_EDGE('',*,*,#3305,.T.);
#3307=ORIENTED_EDGE('',*,*,#3282,.T.);
#3308=EDGE_LOOP('',(#3302,#3304,#3306,#3307));
#3309=FACE_OUTER_BOUND('',#3308,.F.);
#3311=CARTESIAN_POINT('',(2.071254509510E2,-6.736037960104E1,
-6.193040397925E-1));
#3312=DIRECTION('',(1.E0,0.E0,0.E0));
#3313=DIRECTION('',(0.E0,9.994693145541E-1,3.257436514783E-2));
#3314=AXIS2_PLACEMENT_3D('',#3311,#3312,#3313);
#3315=PLANE('',#3314);
#3316=ORIENTED_EDGE('',*,*,#2279,.T.);
#3318=ORIENTED_EDGE('',*,*,#3317,.F.);
#3320=ORIENTED_EDGE('',*,*,#3319,.T.);
#3321=ORIENTED_EDGE('',*,*,#3303,.F.);
#3322=EDGE_LOOP('',(#3316,#3318,#3320,#3321));
#3323=FACE_OUTER_BOUND('',#3322,.F.);
#3325=CARTESIAN_POINT('',(2.059973070416E2,-6.721548068518E1,
-6.145815434283E-1));
#3326=CARTESIAN_POINT('',(2.058804003129E2,-6.724613586254E1,
-6.155806465879E-1));
#3327=CARTESIAN_POINT('',(2.057670130740E2,-6.729791381731E1,
-6.172681761408E-1));
#3328=CARTESIAN_POINT('',(2.053168264832E2,-6.759540342900E1,
-6.269638567360E-1));
#3329=CARTESIAN_POINT('',(2.049079374080E2,-6.834683273537E1,
-6.514541860060E-1));
#3330=CARTESIAN_POINT('',(2.053717750498E2,-6.943770734946E1,
-6.870076016961E-1));
#3331=CARTESIAN_POINT('',(2.063990469892E2,-6.985416435939E1,
-7.005806274131E-1));
#3332=CARTESIAN_POINT('',(2.074263222339E2,-6.943777250589E1,
-6.870097252526E-1));
#3333=CARTESIAN_POINT('',(2.078922445955E2,-6.834174565162E1,
-6.512883894965E-1));
#3334=CARTESIAN_POINT('',(2.074131142963E2,-6.747252421666E1,
-6.229590190957E-1));
#3335=CARTESIAN_POINT('',(2.069164536731E2,-6.724530347274E1,
-6.155535176218E-1));
#3336=CARTESIAN_POINT('',(2.067997478022E2,-6.721444964160E1,
-6.145479400145E-1));
#3338=DIRECTION('',(0.E0,-3.257436514783E-2,9.994693145541E-1));
#3339=VECTOR('',#3338,1.E0);
#3340=SURFACE_OF_LINEAR_EXTRUSION('',#3337,#3339);
#3341=ORIENTED_EDGE('',*,*,#2277,.F.);
#3342=ORIENTED_EDGE('',*,*,#3187,.T.);
#3344=ORIENTED_EDGE('',*,*,#3343,.T.);
#3345=ORIENTED_EDGE('',*,*,#3317,.T.);
#3346=EDGE_LOOP('',(#3341,#3342,#3344,#3345));
#3347=FACE_OUTER_BOUND('',#3346,.F.);
#3349=CARTESIAN_POINT('',(5.61E1,-1.394226353291E2,-1.442353946628E0));
#3350=DIRECTION('',(0.E0,1.109506335671E-2,-9.999384478902E-1));
#3351=DIRECTION('',(0.E0,9.999384478902E-1,1.109506335671E-2));
#3352=AXIS2_PLACEMENT_3D('',#3349,#3350,#3351);
#3353=PLANE('',#3352);
#3354=ORIENTED_EDGE('',*,*,#3185,.F.);
#3355=ORIENTED_EDGE('',*,*,#3207,.F.);
#3356=ORIENTED_EDGE('',*,*,#3221,.T.);
#3357=ORIENTED_EDGE('',*,*,#3242,.F.);
#3358=ORIENTED_EDGE('',*,*,#3256,.T.);
#3359=ORIENTED_EDGE('',*,*,#3270,.F.);
#3360=ORIENTED_EDGE('',*,*,#3284,.T.);
#3361=ORIENTED_EDGE('',*,*,#3305,.F.);
#3362=ORIENTED_EDGE('',*,*,#3319,.F.);
#3363=ORIENTED_EDGE('',*,*,#3343,.F.);
#3364=EDGE_LOOP('',(#3354,#3355,#3356,#3357,#3358,#3359,#3360,#3361,#3362,
#3363));
#3365=FACE_OUTER_BOUND('',#3364,.F.);
#3367=ORIENTED_EDGE('',*,*,#3366,.F.);
#3369=ORIENTED_EDGE('',*,*,#3368,.F.);
#3370=EDGE_LOOP('',(#3367,#3369));
#3371=FACE_BOUND('',#3370,.F.);
#3373=CARTESIAN_POINT('',(2.064081164731E2,-6.843034359753E1,
-6.541759437210E-1));
#3374=DIRECTION('',(-3.020504039012E-13,3.257436514785E-2,-9.994693145541E-1));
#3375=DIRECTION('',(-8.082289875067E-2,9.961995287941E-1,3.246779739862E-2));
#3376=AXIS2_PLACEMENT_3D('',#3373,#3374,#3375);
#3377=CYLINDRICAL_SURFACE('',#3376,4.594359902541E-1);
#3379=ORIENTED_EDGE('',*,*,#3378,.T.);
#3381=ORIENTED_EDGE('',*,*,#3380,.F.);
#3382=ORIENTED_EDGE('',*,*,#3366,.T.);
#3384=ORIENTED_EDGE('',*,*,#3383,.T.);
#3385=EDGE_LOOP('',(#3379,#3381,#3382,#3384));
#3386=FACE_OUTER_BOUND('',#3385,.F.);
#3388=CARTESIAN_POINT('',(5.68E1,-1.394259638481E2,-1.142372412261E0));
#3389=DIRECTION('',(0.E0,1.109506335671E-2,-9.999384478902E-1));
#3390=DIRECTION('',(0.E0,9.999384478902E-1,1.109506335671E-2));
#3391=AXIS2_PLACEMENT_3D('',#3388,#3389,#3390);
#3392=PLANE('',#3391);
#3394=ORIENTED_EDGE('',*,*,#3393,.F.);
#3395=ORIENTED_EDGE('',*,*,#3378,.F.);
#3396=EDGE_LOOP('',(#3394,#3395));
#3397=FACE_OUTER_BOUND('',#3396,.F.);
#3399=CARTESIAN_POINT('',(2.063900508484E2,-6.843034235121E1,
-6.541759031015E-1));
#3400=DIRECTION('',(1.047930811908E-13,3.257436514780E-2,-9.994693145541E-1));
#3401=DIRECTION('',(8.048414528764E-2,-9.962269252073E-1,-3.246869029315E-2));
#3402=AXIS2_PLACEMENT_3D('',#3399,#3400,#3401);
#3403=CYLINDRICAL_SURFACE('',#3402,4.594297046713E-1);
#3404=ORIENTED_EDGE('',*,*,#3393,.T.);
#3405=ORIENTED_EDGE('',*,*,#3383,.F.);
#3406=ORIENTED_EDGE('',*,*,#3368,.T.);
#3407=ORIENTED_EDGE('',*,*,#3380,.T.);
#3408=EDGE_LOOP('',(#3404,#3405,#3406,#3407));
#3409=FACE_OUTER_BOUND('',#3408,.F.);
#3411=CARTESIAN_POINT('',(2.071E2,-1.310393477851E2,-1.549347398837E0));
#3412=DIRECTION('',(0.E0,1.109506335671E-2,-9.999384478902E-1));
#3413=DIRECTION('',(-1.E0,0.E0,0.E0));
#3414=AXIS2_PLACEMENT_3D('',#3411,#3412,#3413);
#3415=CONICAL_SURFACE('',#3414,7.499999972974E0,4.5E1);
#3416=ORIENTED_EDGE('',*,*,#2180,.T.);
#3418=ORIENTED_EDGE('',*,*,#3417,.T.);
#3420=ORIENTED_EDGE('',*,*,#3419,.F.);
#3422=ORIENTED_EDGE('',*,*,#3421,.F.);
#3423=EDGE_LOOP('',(#3416,#3418,#3420,#3422));
#3424=FACE_OUTER_BOUND('',#3423,.F.);
#3426=CARTESIAN_POINT('',(2.146E2,-9.654155988514E1,-1.166568722611E0));
#3427=DIRECTION('',(7.071067811865E-1,-7.845394537224E-3,7.070632572723E-1));
#3428=DIRECTION('',(7.071067811865E-1,7.845394537224E-3,-7.070632572723E-1));
#3429=AXIS2_PLACEMENT_3D('',#3426,#3427,#3428);
#3430=PLANE('',#3429);
#3431=ORIENTED_EDGE('',*,*,#2209,.T.);
#3433=ORIENTED_EDGE('',*,*,#3432,.T.);
#3435=ORIENTED_EDGE('',*,*,#3434,.F.);
#3436=ORIENTED_EDGE('',*,*,#3417,.F.);
#3437=EDGE_LOOP('',(#3431,#3433,#3435,#3436));
#3438=FACE_OUTER_BOUND('',#3437,.F.);
#3440=CARTESIAN_POINT('',(2.135913314805E2,-6.239346157500E1,
2.117990764742E-1));
#3441=CARTESIAN_POINT('',(2.142571581820E2,-6.242078034659E1,
-4.543572711166E-1));
#3442=CARTESIAN_POINT('',(2.149229848835E2,-6.244809911818E1,
-1.120513618707E0));
#3443=CARTESIAN_POINT('',(2.155888115850E2,-6.247541788977E1,
-1.786669966298E0));
#3444=CARTESIAN_POINT('',(2.136081161454E2,-6.207039666445E1,
2.160246256996E-1));
#3445=CARTESIAN_POINT('',(2.142756644780E2,-6.206459165819E1,
-4.506186431727E-1));
#3446=CARTESIAN_POINT('',(2.149432128106E2,-6.205878665192E1,
-1.117261912045E0));
#3447=CARTESIAN_POINT('',(2.156107611432E2,-6.205298164565E1,
-1.783905180917E0));
#3448=CARTESIAN_POINT('',(2.135879834397E2,-6.118226578075E1,
2.276409933248E-1));
#3449=CARTESIAN_POINT('',(2.142534667271E2,-6.108540090032E1,
-4.403408605004E-1));
#3450=CARTESIAN_POINT('',(2.149189500145E2,-6.098853601988E1,
-1.108322714326E0));
#3451=CARTESIAN_POINT('',(2.155844333018E2,-6.089167113945E1,
-1.776304568151E0));
#3452=CARTESIAN_POINT('',(2.132576230236E2,-5.974360857763E1,
2.464580069707E-1));
#3453=CARTESIAN_POINT('',(2.138892206918E2,-5.949923847439E1,
-4.236921814094E-1));
#3454=CARTESIAN_POINT('',(2.145208183601E2,-5.925486837116E1,
-1.093842369790E0));
#3455=CARTESIAN_POINT('',(2.151524160283E2,-5.901049826793E1,
-1.763992558170E0));
#3456=CARTESIAN_POINT('',(2.124257973156E2,-5.819128536959E1,
2.667617227726E-1));
#3457=CARTESIAN_POINT('',(2.129720732330E2,-5.778775589179E1,
-4.057281168080E-1));
#3458=CARTESIAN_POINT('',(2.135183491504E2,-5.738422641399E1,
-1.078217956389E0));
#3459=CARTESIAN_POINT('',(2.140646250677E2,-5.698069693620E1,
-1.750707795969E0));
#3460=CARTESIAN_POINT('',(2.112094217495E2,-5.691634852622E1,
2.834373449620E-1));
#3461=CARTESIAN_POINT('',(2.116309319954E2,-5.638210003994E1,
-3.909740709377E-1));
#3462=CARTESIAN_POINT('',(2.120524422413E2,-5.584785155366E1,
-1.065385486837E0));
#3463=CARTESIAN_POINT('',(2.124739524872E2,-5.531360306738E1,
-1.739796902737E0));
#3464=CARTESIAN_POINT('',(2.097021252815E2,-5.601210975272E1,
2.952643968151E-1));
#3465=CARTESIAN_POINT('',(2.099690296136E2,-5.538514985370E1,
-3.805098817416E-1));
#3466=CARTESIAN_POINT('',(2.102359339457E2,-5.475818995467E1,
-1.056284160298E0));
#3467=CARTESIAN_POINT('',(2.105028382778E2,-5.413123005565E1,
-1.732058438855E0));
#3468=CARTESIAN_POINT('',(2.081701884495E2,-5.558431648741E1,
3.008597476002E-1));
#3469=CARTESIAN_POINT('',(2.082799594645E2,-5.491349503417E1,
-3.755592981169E-1));
#3470=CARTESIAN_POINT('',(2.083897304795E2,-5.424267358094E1,
-1.051978343834E0));
#3471=CARTESIAN_POINT('',(2.084995014945E2,-5.357185212770E1,
-1.728397389551E0));
#3472=CARTESIAN_POINT('',(2.071809337027E2,-5.553828252284E1,
3.014618519359E-1));
#3473=CARTESIAN_POINT('',(2.071892352076E2,-5.486274121682E1,
-3.750265758660E-1));
#3474=CARTESIAN_POINT('',(2.071975367126E2,-5.418719991080E1,
-1.051515003668E0));
#3475=CARTESIAN_POINT('',(2.072058382175E2,-5.351165860478E1,
-1.728003431470E0));
#3476=CARTESIAN_POINT('',(2.067612416935E2,-5.556068715570E1,
3.011688090335E-1));
#3477=CARTESIAN_POINT('',(2.067264946887E2,-5.488744299202E1,
-3.752858506550E-1));
#3478=CARTESIAN_POINT('',(2.066917476839E2,-5.421419882833E1,
-1.051740510343E0));
#3479=CARTESIAN_POINT('',(2.066570006792E2,-5.354095466464E1,
-1.728195170032E0));
#3480=B_SPLINE_SURFACE_WITH_KNOTS('',3,3,((#3440,#3441,#3442,#3443),(#3444,
#3445,#3446,#3447),(#3448,#3449,#3450,#3451),(#3452,#3453,#3454,#3455),(#3456,
#3457,#3458,#3459),(#3460,#3461,#3462,#3463),(#3464,#3465,#3466,#3467),(#3468,
#3469,#3470,#3471),(#3472,#3473,#3474,#3475),(#3476,#3477,#3478,#3479)),
.UNSPECIFIED.,.F.,.F.,.F.,(4,1,1,1,1,1,1,4),(4,4),(6.024846054724E-2,
1.428571428571E-1,2.857142857143E-1,4.285714285714E-1,5.714285714286E-1,
7.142857142857E-1,8.571428571429E-1,9.657164425285E-1),(-5.000793111949E-1,
1.500043821642E0),.UNSPECIFIED.);
#3481=ORIENTED_EDGE('',*,*,#2207,.T.);
#3483=ORIENTED_EDGE('',*,*,#3482,.T.);
#3485=ORIENTED_EDGE('',*,*,#3484,.F.);
#3486=ORIENTED_EDGE('',*,*,#3432,.F.);
#3487=EDGE_LOOP('',(#3481,#3483,#3485,#3486));
#3488=FACE_OUTER_BOUND('',#3487,.F.);
#3490=CARTESIAN_POINT('',(2.84E1,-5.454192765403E1,-7.134479638975E-1));
#3491=DIRECTION('',(0.E0,7.083797340491E-1,7.058315325830E-1));
#3492=DIRECTION('',(0.E0,7.058315325830E-1,-7.083797340491E-1));
#3493=AXIS2_PLACEMENT_3D('',#3490,#3491,#3492);
#3494=PLANE('',#3493);
#3495=ORIENTED_EDGE('',*,*,#2205,.T.);
#3497=ORIENTED_EDGE('',*,*,#3496,.T.);
#3499=ORIENTED_EDGE('',*,*,#3498,.F.);
#3500=ORIENTED_EDGE('',*,*,#3482,.F.);
#3501=EDGE_LOOP('',(#3495,#3497,#3499,#3500));
#3502=FACE_OUTER_BOUND('',#3501,.F.);
#3504=CARTESIAN_POINT('',(-1.499616486018E2,-5.556155818282E1,
3.011333184009E-1));
#3505=CARTESIAN_POINT('',(-1.499269446579E2,-5.488842899828E1,
-3.752966330063E-1));
#3506=CARTESIAN_POINT('',(-1.498922407141E2,-5.421529981374E1,
-1.051726584413E0));
#3507=CARTESIAN_POINT('',(-1.498575367702E2,-5.354217062921E1,
-1.728156535821E0));
#3508=CARTESIAN_POINT('',(-1.502842960881E2,-5.554479223755E1,
3.013526080303E-1));
#3509=CARTESIAN_POINT('',(-1.502826853731E2,-5.486994410970E1,
-3.751026119342E-1));
#3510=CARTESIAN_POINT('',(-1.502810746581E2,-5.419509598186E1,
-1.051557831899E0));
#3511=CARTESIAN_POINT('',(-1.502794639430E2,-5.352024785401E1,
-1.728013051863E0));
#3512=CARTESIAN_POINT('',(-1.511716086152E2,-5.556486537473E1,
3.010900620930E-1));
#3513=CARTESIAN_POINT('',(-1.512610075554E2,-5.489207526296E1,
-3.753349049266E-1));
#3514=CARTESIAN_POINT('',(-1.513504064957E2,-5.421928515119E1,
-1.051759871946E0));
#3515=CARTESIAN_POINT('',(-1.514398054360E2,-5.354649503942E1,
-1.728184838966E0));
#3516=CARTESIAN_POINT('',(-1.526092749718E2,-5.589492172548E1,
2.967731009143E-1));
#3517=CARTESIAN_POINT('',(-1.528461321250E2,-5.525597093185E1,
-3.791544263438E-1));
#3518=CARTESIAN_POINT('',(-1.530829892781E2,-5.461702013821E1,
-1.055081953602E0));
#3519=CARTESIAN_POINT('',(-1.533198464313E2,-5.397806934458E1,
-1.731009480860E0));
#3520=CARTESIAN_POINT('',(-1.541611410140E2,-5.672652243524E1,
2.858962067957E-1));
#3521=CARTESIAN_POINT('',(-1.545571695856E2,-5.617283223702E1,
-3.887779852130E-1));
#3522=CARTESIAN_POINT('',(-1.549531981572E2,-5.561914203880E1,
-1.063452177222E0));
#3523=CARTESIAN_POINT('',(-1.553492267288E2,-5.506545184058E1,
-1.738126369231E0));
#3524=CARTESIAN_POINT('',(-1.554360069089E2,-5.794294725885E1,
2.699860183431E-1));
#3525=CARTESIAN_POINT('',(-1.559627956153E2,-5.751397208735E1,
-4.028548561952E-1));
#3526=CARTESIAN_POINT('',(-1.564895843217E2,-5.708499691585E1,
-1.075695730733E0));
#3527=CARTESIAN_POINT('',(-1.570163730281E2,-5.665602174435E1,
-1.748536605272E0));
#3528=CARTESIAN_POINT('',(-1.563404558095E2,-5.945068293296E1,
2.502656392072E-1));
#3529=CARTESIAN_POINT('',(-1.569600118105E2,-5.917628968977E1,
-4.203028728319E-1));
#3530=CARTESIAN_POINT('',(-1.575795678116E2,-5.890189644659E1,
-1.090871384871E0));
#3531=CARTESIAN_POINT('',(-1.581991238126E2,-5.862750320341E1,
-1.761439896910E0));
#3532=CARTESIAN_POINT('',(-1.567685156239E2,-6.098342368285E1,
2.302182070055E-1));
#3533=CARTESIAN_POINT('',(-1.574319767598E2,-6.086617603540E1,
-4.380402564882E-1));
#3534=CARTESIAN_POINT('',(-1.580954378956E2,-6.074892838796E1,
-1.106298719982E0));
#3535=CARTESIAN_POINT('',(-1.587588990315E2,-6.063168074051E1,
-1.774557183475E0));
#3536=CARTESIAN_POINT('',(-1.568146581099E2,-6.197336014483E1,
2.172703656259E-1));
#3537=CARTESIAN_POINT('',(-1.574828519771E2,-6.195760660529E1,
-4.494961291285E-1));
#3538=CARTESIAN_POINT('',(-1.581510458442E2,-6.194185306574E1,
-1.116262623883E0));
#3539=CARTESIAN_POINT('',(-1.588192397114E2,-6.192609952620E1,
-1.783029118637E0));
#3540=CARTESIAN_POINT('',(-1.567922761926E2,-6.239334349245E1,
2.117772072507E-1));
#3541=CARTESIAN_POINT('',(-1.574581743967E2,-6.242064911563E1,
-4.543563155406E-1));
#3542=CARTESIAN_POINT('',(-1.581240726009E2,-6.244795473881E1,
-1.120489838332E0));
#3543=CARTESIAN_POINT('',(-1.587899708050E2,-6.247526036199E1,
-1.786623361123E0));
#3544=B_SPLINE_SURFACE_WITH_KNOTS('',3,3,((#3504,#3505,#3506,#3507),(#3508,
#3509,#3510,#3511),(#3512,#3513,#3514,#3515),(#3516,#3517,#3518,#3519),(#3520,
#3521,#3522,#3523),(#3524,#3525,#3526,#3527),(#3528,#3529,#3530,#3531),(#3532,
#3533,#3534,#3535),(#3536,#3537,#3538,#3539),(#3540,#3541,#3542,#3543)),
.UNSPECIFIED.,.F.,.F.,.F.,(4,1,1,1,1,1,1,4),(4,4),(6.029153381681E-2,
1.428571428571E-1,2.857142857143E-1,4.285714285714E-1,5.714285714286E-1,
7.142857142857E-1,8.571428571429E-1,9.657017838950E-1),(-5.000558655596E-1,
1.499998197515E0),.UNSPECIFIED.);
#3545=ORIENTED_EDGE('',*,*,#2203,.T.);
#3546=ORIENTED_EDGE('',*,*,#2170,.T.);
#3548=ORIENTED_EDGE('',*,*,#3547,.F.);
#3549=ORIENTED_EDGE('',*,*,#3496,.F.);
#3550=EDGE_LOOP('',(#3545,#3546,#3548,#3549));
#3551=FACE_OUTER_BOUND('',#3550,.F.);
#3553=CARTESIAN_POINT('',(-1.503E2,-6.153674788164E1,3.283017088882E1));
#3554=DIRECTION('',(0.E0,-1.469846472072E-2,-9.998919717324E-1));
#3555=DIRECTION('',(-1.E0,0.E0,0.E0));
#3556=AXIS2_PLACEMENT_3D('',#3553,#3554,#3555);
#3557=CYLINDRICAL_SURFACE('',#3556,8.E0);
#3558=ORIENTED_EDGE('',*,*,#3547,.T.);
#3559=ORIENTED_EDGE('',*,*,#2155,.T.);
#3561=ORIENTED_EDGE('',*,*,#3560,.T.);
#3563=ORIENTED_EDGE('',*,*,#3562,.F.);
#3564=EDGE_LOOP('',(#3558,#3559,#3561,#3563));
#3565=FACE_OUTER_BOUND('',#3564,.F.);
#3567=CARTESIAN_POINT('',(-1.567921526184E2,-6.259246434441E1,
-1.131093066883E1));
#3568=CARTESIAN_POINT('',(-1.574580359964E2,-6.258823801579E1,
-1.064488609076E1));
#3569=CARTESIAN_POINT('',(-1.581239193744E2,-6.258401168718E1,
-9.978841512692E0));
#3570=CARTESIAN_POINT('',(-1.587898027524E2,-6.257978535857E1,
-9.312796934623E0));
#3571=CARTESIAN_POINT('',(-1.568147476051E2,-6.217192684519E1,
-1.133710855045E1));
#3572=CARTESIAN_POINT('',(-1.574829484928E2,-6.212453692576E1,
-1.067169847945E1));
#3573=CARTESIAN_POINT('',(-1.581511493804E2,-6.207714700634E1,
-1.000628840844E1));
#3574=CARTESIAN_POINT('',(-1.588193502681E2,-6.202975708691E1,
-9.340878337430E0));
#3575=CARTESIAN_POINT('',(-1.567686547551E2,-6.118179976076E1,
-1.139874260129E1));
#3576=CARTESIAN_POINT('',(-1.574321280178E2,-6.103278408760E1,
-1.073482643423E1));
#3577=CARTESIAN_POINT('',(-1.580956012805E2,-6.088376841445E1,
-1.007091026716E1));
#3578=CARTESIAN_POINT('',(-1.587590745432E2,-6.073475274129E1,
-9.406994100090E0));
#3579=CARTESIAN_POINT('',(-1.563399667918E2,-5.964953181684E1,
-1.149412417589E1));
#3580=CARTESIAN_POINT('',(-1.569594706339E2,-5.934324553958E1,
-1.083251989499E1));
#3581=CARTESIAN_POINT('',(-1.575789744759E2,-5.903695926232E1,
-1.017091561410E1));
#3582=CARTESIAN_POINT('',(-1.581984783180E2,-5.873067298505E1,
-9.509311333206E0));
#3583=CARTESIAN_POINT('',(-1.554350571812E2,-5.814347950931E1,
-1.158787386312E1));
#3584=CARTESIAN_POINT('',(-1.559617467745E2,-5.768261337729E1,
-1.092854191425E1));
#3585=CARTESIAN_POINT('',(-1.564884363678E2,-5.722174724527E1,
-1.026920996537E1));
#3586=CARTESIAN_POINT('',(-1.570151259611E2,-5.676088111325E1,
-9.609878016498E0));
#3587=CARTESIAN_POINT('',(-1.541598954192E2,-5.692870688853E1,-1.166349179E1));
#3588=CARTESIAN_POINT('',(-1.545557949539E2,-5.634315758692E1,
-1.100599269029E1));
#3589=CARTESIAN_POINT('',(-1.549516944886E2,-5.575760828530E1,
-1.034849359059E1));
#3590=CARTESIAN_POINT('',(-1.553475940232E2,-5.517205898368E1,
-9.690994490882E0));
#3591=CARTESIAN_POINT('',(-1.526080208501E2,-5.609848381499E1,
-1.171517203583E1));
#3592=CARTESIAN_POINT('',(-1.528447486060E2,-5.542772116355E1,
-1.105892557686E1));
#3593=CARTESIAN_POINT('',(-1.530814763619E2,-5.475695851212E1,
-1.040267911789E1));
#3594=CARTESIAN_POINT('',(-1.533182041178E2,-5.408619586068E1,
-9.746432658920E0));
#3595=CARTESIAN_POINT('',(-1.511711960638E2,-5.576924946484E1,
-1.173566642185E1));
#3596=CARTESIAN_POINT('',(-1.512605524009E2,-5.506469449572E1,
-1.107991671173E1));
#3597=CARTESIAN_POINT('',(-1.513499087380E2,-5.436013952660E1,
-1.042416700161E1));
#3598=CARTESIAN_POINT('',(-1.514392650751E2,-5.365558455747E1,
-9.768417291496E0));
#3599=CARTESIAN_POINT('',(-1.502847147833E2,-5.574920850940E1,
-1.173691394379E1));
#3600=CARTESIAN_POINT('',(-1.502831470179E2,-5.504259655463E1,
-1.108119447147E1));
#3601=CARTESIAN_POINT('',(-1.502815792526E2,-5.433598459986E1,
-1.042547499915E1));
#3602=CARTESIAN_POINT('',(-1.502800114873E2,-5.362937264509E1,
-9.769755526834E0));
#3603=CARTESIAN_POINT('',(-1.499626633152E2,-5.576587437322E1,
-1.173587651666E1));
#3604=CARTESIAN_POINT('',(-1.499280635600E2,-5.506097298773E1,
-1.108013189889E1));
#3605=CARTESIAN_POINT('',(-1.498934638048E2,-5.435607160224E1,
-1.042438728111E1));
#3606=CARTESIAN_POINT('',(-1.498588640496E2,-5.365117021675E1,
-9.768642663329E0));
#3607=B_SPLINE_SURFACE_WITH_KNOTS('',3,3,((#3567,#3568,#3569,#3570),(#3571,
#3572,#3573,#3574),(#3575,#3576,#3577,#3578),(#3579,#3580,#3581,#3582),(#3583,
#3584,#3585,#3586),(#3587,#3588,#3589,#3590),(#3591,#3592,#3593,#3594),(#3595,
#3596,#3597,#3598),(#3599,#3600,#3601,#3602),(#3603,#3604,#3605,#3606)),
.UNSPECIFIED.,.F.,.F.,.F.,(4,1,1,1,1,1,1,4),(4,4),(3.408093324214E-2,
1.428571428571E-1,2.857142857143E-1,4.285714285714E-1,5.714285714286E-1,
7.142857142857E-1,8.571428571429E-1,9.395923461522E-1),(-5.000569234371E-1,
1.499990352368E0),.UNSPECIFIED.);
#3609=ORIENTED_EDGE('',*,*,#3608,.T.);
#3611=ORIENTED_EDGE('',*,*,#3610,.T.);
#3612=ORIENTED_EDGE('',*,*,#3560,.F.);
#3614=ORIENTED_EDGE('',*,*,#3613,.F.);
#3615=EDGE_LOOP('',(#3609,#3611,#3612,#3614));
#3616=FACE_OUTER_BOUND('',#3615,.F.);
#3618=CARTESIAN_POINT('',(-9.5E0,-1.102029415660E2,-8.009302891846E0));
#3619=DIRECTION('',(0.E0,-5.874806611750E-2,-9.982728408243E-1));
#3620=DIRECTION('',(0.E0,9.982728408243E-1,-5.874806611750E-2));
#3621=AXIS2_PLACEMENT_3D('',#3618,#3619,#3620);
#3622=PLANE('',#3621);
#3624=ORIENTED_EDGE('',*,*,#3623,.F.);
#3626=ORIENTED_EDGE('',*,*,#3625,.F.);
#3628=ORIENTED_EDGE('',*,*,#3627,.F.);
#3630=ORIENTED_EDGE('',*,*,#3629,.F.);
#3632=ORIENTED_EDGE('',*,*,#3631,.F.);
#3634=ORIENTED_EDGE('',*,*,#3633,.F.);
#3636=ORIENTED_EDGE('',*,*,#3635,.F.);
#3638=ORIENTED_EDGE('',*,*,#3637,.F.);
#3640=ORIENTED_EDGE('',*,*,#3639,.F.);
#3642=ORIENTED_EDGE('',*,*,#3641,.F.);
#3644=ORIENTED_EDGE('',*,*,#3643,.F.);
#3646=ORIENTED_EDGE('',*,*,#3645,.F.);
#3648=ORIENTED_EDGE('',*,*,#3647,.F.);
#3649=ORIENTED_EDGE('',*,*,#3608,.F.);
#3651=ORIENTED_EDGE('',*,*,#3650,.F.);
#3653=ORIENTED_EDGE('',*,*,#3652,.F.);
#3654=EDGE_LOOP('',(#3624,#3626,#3628,#3630,#3632,#3634,#3636,#3638,#3640,#3642,
#3644,#3646,#3648,#3649,#3651,#3653));
#3655=FACE_OUTER_BOUND('',#3654,.F.);
#3657=ORIENTED_EDGE('',*,*,#3656,.T.);
#3659=ORIENTED_EDGE('',*,*,#3658,.T.);
#3660=EDGE_LOOP('',(#3657,#3659));
#3661=FACE_BOUND('',#3660,.F.);
#3663=ORIENTED_EDGE('',*,*,#3662,.T.);
#3665=ORIENTED_EDGE('',*,*,#3664,.T.);
#3666=EDGE_LOOP('',(#3663,#3665));
#3667=FACE_BOUND('',#3666,.F.);
#3669=ORIENTED_EDGE('',*,*,#3668,.T.);
#3671=ORIENTED_EDGE('',*,*,#3670,.T.);
#3672=EDGE_LOOP('',(#3669,#3671));
#3673=FACE_BOUND('',#3672,.F.);
#3675=ORIENTED_EDGE('',*,*,#3674,.T.);
#3677=ORIENTED_EDGE('',*,*,#3676,.T.);
#3678=EDGE_LOOP('',(#3675,#3677));
#3679=FACE_BOUND('',#3678,.F.);
#3681=CARTESIAN_POINT('',(2.0605E2,-1.299739494265E2,-6.845784833960E0));
#3682=DIRECTION('',(0.E0,-5.874806611750E-2,-9.982728408243E-1));
#3683=DIRECTION('',(-1.E0,0.E0,0.E0));
#3684=AXIS2_PLACEMENT_3D('',#3681,#3682,#3683);
#3685=CYLINDRICAL_SURFACE('',#3684,4.25E0);
#3686=ORIENTED_EDGE('',*,*,#3674,.F.);
#3688=ORIENTED_EDGE('',*,*,#3687,.F.);
#3690=ORIENTED_EDGE('',*,*,#3689,.F.);
#3692=ORIENTED_EDGE('',*,*,#3691,.T.);
#3693=EDGE_LOOP('',(#3686,#3688,#3690,#3692));
#3694=FACE_OUTER_BOUND('',#3693,.F.);
#3696=CARTESIAN_POINT('',(2.0605E2,-1.299739494265E2,-6.845784833960E0));
#3697=DIRECTION('',(0.E0,-5.874806611750E-2,-9.982728408243E-1));
#3698=DIRECTION('',(-1.E0,0.E0,0.E0));
#3699=AXIS2_PLACEMENT_3D('',#3696,#3697,#3698);
#3700=CYLINDRICAL_SURFACE('',#3699,4.25E0);
#3701=ORIENTED_EDGE('',*,*,#3676,.F.);
#3702=ORIENTED_EDGE('',*,*,#3691,.F.);
#3704=ORIENTED_EDGE('',*,*,#3703,.F.);
#3705=ORIENTED_EDGE('',*,*,#3687,.T.);
#3706=EDGE_LOOP('',(#3701,#3702,#3704,#3705));
#3707=FACE_OUTER_BOUND('',#3706,.F.);
#3709=CARTESIAN_POINT('',(5.68E1,-2.078614845661E1,-1.277059006628E1));
#3710=DIRECTION('',(0.E0,-5.874806611750E-2,-9.982728408243E-1));
#3711=DIRECTION('',(-1.E0,0.E0,0.E0));
#3712=AXIS2_PLACEMENT_3D('',#3709,#3710,#3711);
#3713=PLANE('',#3712);
#3714=ORIENTED_EDGE('',*,*,#3689,.T.);
#3715=ORIENTED_EDGE('',*,*,#3703,.T.);
#3716=EDGE_LOOP('',(#3714,#3715));
#3717=FACE_OUTER_BOUND('',#3716,.F.);
#3719=CARTESIAN_POINT('',(2.0605E2,-6.336411591199E1,-1.076575414831E1));
#3720=DIRECTION('',(0.E0,-5.874806611750E-2,-9.982728408243E-1));
#3721=DIRECTION('',(-1.E0,0.E0,0.E0));
#3722=AXIS2_PLACEMENT_3D('',#3719,#3720,#3721);
#3723=CYLINDRICAL_SURFACE('',#3722,4.25E0);
#3725=ORIENTED_EDGE('',*,*,#3724,.F.);
#3727=ORIENTED_EDGE('',*,*,#3726,.F.);
#3729=ORIENTED_EDGE('',*,*,#3728,.T.);
#3730=ORIENTED_EDGE('',*,*,#3656,.F.);
#3731=EDGE_LOOP('',(#3725,#3727,#3729,#3730));
#3732=FACE_OUTER_BOUND('',#3731,.F.);
#3734=CARTESIAN_POINT('',(2.0605E2,-6.336411591199E1,-1.076575414831E1));
#3735=DIRECTION('',(0.E0,-5.874806611750E-2,-9.982728408243E-1));
#3736=DIRECTION('',(-1.E0,0.E0,0.E0));
#3737=AXIS2_PLACEMENT_3D('',#3734,#3735,#3736);
#3738=CYLINDRICAL_SURFACE('',#3737,4.25E0);
#3739=ORIENTED_EDGE('',*,*,#3724,.T.);
#3740=ORIENTED_EDGE('',*,*,#3658,.F.);
#3741=ORIENTED_EDGE('',*,*,#3728,.F.);
#3743=ORIENTED_EDGE('',*,*,#3742,.F.);
#3744=EDGE_LOOP('',(#3739,#3740,#3741,#3743));
#3745=FACE_OUTER_BOUND('',#3744,.F.);
#3747=CARTESIAN_POINT('',(5.68E1,-8.206916401211E-1,-1.394555138863E1));
#3748=DIRECTION('',(0.E0,-5.874806611750E-2,-9.982728408243E-1));
#3749=DIRECTION('',(-1.E0,0.E0,0.E0));
#3750=AXIS2_PLACEMENT_3D('',#3747,#3748,#3749);
#3751=PLANE('',#3750);
#3752=ORIENTED_EDGE('',*,*,#3726,.T.);
#3753=ORIENTED_EDGE('',*,*,#3742,.T.);
#3754=EDGE_LOOP('',(#3752,#3753));
#3755=FACE_OUTER_BOUND('',#3754,.F.);
#3757=CARTESIAN_POINT('',(-1.4925E2,-1.299739494265E2,-6.845784833960E0));
#3758=DIRECTION('',(0.E0,-5.874806611750E-2,-9.982728408243E-1));
#3759=DIRECTION('',(-1.E0,0.E0,0.E0));
#3760=AXIS2_PLACEMENT_3D('',#3757,#3758,#3759);
#3761=CYLINDRICAL_SURFACE('',#3760,4.25E0);
#3762=ORIENTED_EDGE('',*,*,#3662,.F.);
#3764=ORIENTED_EDGE('',*,*,#3763,.F.);
#3766=ORIENTED_EDGE('',*,*,#3765,.F.);
#3768=ORIENTED_EDGE('',*,*,#3767,.T.);
#3769=EDGE_LOOP('',(#3762,#3764,#3766,#3768));
#3770=FACE_OUTER_BOUND('',#3769,.F.);
#3772=CARTESIAN_POINT('',(-1.4925E2,-1.299739494265E2,-6.845784833960E0));
#3773=DIRECTION('',(0.E0,-5.874806611750E-2,-9.982728408243E-1));
#3774=DIRECTION('',(-1.E0,0.E0,0.E0));
#3775=AXIS2_PLACEMENT_3D('',#3772,#3773,#3774);
#3776=CYLINDRICAL_SURFACE('',#3775,4.25E0);
#3777=ORIENTED_EDGE('',*,*,#3664,.F.);
#3778=ORIENTED_EDGE('',*,*,#3767,.F.);
#3780=ORIENTED_EDGE('',*,*,#3779,.F.);
#3781=ORIENTED_EDGE('',*,*,#3763,.T.);
#3782=EDGE_LOOP('',(#3777,#3778,#3780,#3781));
#3783=FACE_OUTER_BOUND('',#3782,.F.);
#3785=CARTESIAN_POINT('',(0.E0,-2.078614845661E1,-1.277059006628E1));
#3786=DIRECTION('',(0.E0,-5.874806611750E-2,-9.982728408243E-1));
#3787=DIRECTION('',(-1.E0,0.E0,0.E0));
#3788=AXIS2_PLACEMENT_3D('',#3785,#3786,#3787);
#3789=PLANE('',#3788);
#3790=ORIENTED_EDGE('',*,*,#3765,.T.);
#3791=ORIENTED_EDGE('',*,*,#3779,.T.);
#3792=EDGE_LOOP('',(#3790,#3791));
#3793=FACE_OUTER_BOUND('',#3792,.F.);
#3795=CARTESIAN_POINT('',(-1.4925E2,-6.336411591199E1,-1.076575414831E1));
#3796=DIRECTION('',(0.E0,-5.874806611750E-2,-9.982728408243E-1));
#3797=DIRECTION('',(-1.E0,0.E0,0.E0));
#3798=AXIS2_PLACEMENT_3D('',#3795,#3796,#3797);
#3799=CYLINDRICAL_SURFACE('',#3798,4.25E0);
#3801=ORIENTED_EDGE('',*,*,#3800,.F.);
#3803=ORIENTED_EDGE('',*,*,#3802,.F.);
#3805=ORIENTED_EDGE('',*,*,#3804,.T.);
#3806=ORIENTED_EDGE('',*,*,#3668,.F.);
#3807=EDGE_LOOP('',(#3801,#3803,#3805,#3806));
#3808=FACE_OUTER_BOUND('',#3807,.F.);
#3810=CARTESIAN_POINT('',(-1.4925E2,-6.336411591199E1,-1.076575414831E1));
#3811=DIRECTION('',(0.E0,-5.874806611750E-2,-9.982728408243E-1));
#3812=DIRECTION('',(-1.E0,0.E0,0.E0));
#3813=AXIS2_PLACEMENT_3D('',#3810,#3811,#3812);
#3814=CYLINDRICAL_SURFACE('',#3813,4.25E0);
#3815=ORIENTED_EDGE('',*,*,#3800,.T.);
#3816=ORIENTED_EDGE('',*,*,#3670,.F.);
#3817=ORIENTED_EDGE('',*,*,#3804,.F.);
#3819=ORIENTED_EDGE('',*,*,#3818,.F.);
#3820=EDGE_LOOP('',(#3815,#3816,#3817,#3819));
#3821=FACE_OUTER_BOUND('',#3820,.F.);
#3823=CARTESIAN_POINT('',(0.E0,-8.206916401211E-1,-1.394555138863E1));
#3824=DIRECTION('',(0.E0,-5.874806611750E-2,-9.982728408243E-1));
#3825=DIRECTION('',(-1.E0,0.E0,0.E0));
#3826=AXIS2_PLACEMENT_3D('',#3823,#3824,#3825);
#3827=PLANE('',#3826);
#3828=ORIENTED_EDGE('',*,*,#3802,.T.);
#3829=ORIENTED_EDGE('',*,*,#3818,.T.);
#3830=EDGE_LOOP('',(#3828,#3829));
#3831=FACE_OUTER_BOUND('',#3830,.F.);
#3833=CARTESIAN_POINT('',(-1.161909139185E2,-1.385267080921E2,
-5.876562977192E0));
#3834=DIRECTION('',(0.E0,-7.237639634694E-1,-6.900476253007E-1));
#3835=DIRECTION('',(0.E0,-6.900476253007E-1,7.237639634694E-1));
#3836=AXIS2_PLACEMENT_3D('',#3833,#3834,#3835);
#3837=PLANE('',#3836);
#3838=ORIENTED_EDGE('',*,*,#3623,.T.);
#3840=ORIENTED_EDGE('',*,*,#3839,.T.);
#3842=ORIENTED_EDGE('',*,*,#3841,.F.);
#3844=ORIENTED_EDGE('',*,*,#3843,.F.);
#3845=EDGE_LOOP('',(#3838,#3840,#3842,#3844));
#3846=FACE_OUTER_BOUND('',#3845,.F.);
#3848=CARTESIAN_POINT('',(-1.499634606119E2,-1.375595664592E2,
-6.882559718395E0));
#3849=CARTESIAN_POINT('',(-1.499282046634E2,-1.381977442206E2,
-6.212253278989E0));
#3850=CARTESIAN_POINT('',(-1.498929487150E2,-1.388359219820E2,
-5.541946839582E0));
#3851=CARTESIAN_POINT('',(-1.498576927666E2,-1.394740997433E2,
-4.871640400176E0));
#3852=CARTESIAN_POINT('',(-1.502840491281E2,-1.375761910917E2,
-6.881488418521E0));
#3853=CARTESIAN_POINT('',(-1.502823781108E2,-1.382161089942E2,
-6.211201287279E0));
#3854=CARTESIAN_POINT('',(-1.502807070936E2,-1.388560268966E2,
-5.540914156036E0));
#3855=CARTESIAN_POINT('',(-1.502790360764E2,-1.394959447990E2,
-4.870627024794E0));
#3856=CARTESIAN_POINT('',(-1.511669509726E2,-1.375563502173E2,
-6.882766974682E0));
#3857=CARTESIAN_POINT('',(-1.512577729681E2,-1.381941913267E2,
-6.212456799871E0));
#3858=CARTESIAN_POINT('',(-1.513485949636E2,-1.388320324362E2,
-5.542146625061E0));
#3859=CARTESIAN_POINT('',(-1.514394169591E2,-1.394698735456E2,
-4.871836450250E0));
#3860=CARTESIAN_POINT('',(-1.525985944037E2,-1.372283882594E2,
-6.903901012012E0));
#3861=CARTESIAN_POINT('',(-1.528393957144E2,-1.378319007866E2,
-6.233209935960E0));
#3862=CARTESIAN_POINT('',(-1.530801970251E2,-1.384354133137E2,
-5.562518859909E0));
#3863=CARTESIAN_POINT('',(-1.533209983359E2,-1.390389258408E2,
-4.891827783857E0));
#3864=CARTESIAN_POINT('',(-1.541460812443E2,-1.364002622313E2,
-6.957265879409E0));
#3865=CARTESIAN_POINT('',(-1.545489976541E2,-1.369170927765E2,
-6.285613002075E0));
#3866=CARTESIAN_POINT('',(-1.549519140639E2,-1.374339233216E2,
-5.613960124740E0));
#3867=CARTESIAN_POINT('',(-1.553548304737E2,-1.379507538668E2,
-4.942307247406E0));
#3868=CARTESIAN_POINT('',(-1.554183013369E2,-1.351877241889E2,
-7.035402454818E0));
#3869=CARTESIAN_POINT('',(-1.559544958341E2,-1.355776354040E2,
-6.362341312794E0));
#3870=CARTESIAN_POINT('',(-1.564906903313E2,-1.359675466191E2,
-5.689280170770E0));
#3871=CARTESIAN_POINT('',(-1.570268848285E2,-1.363574578342E2,
-5.016219028745E0));
#3872=CARTESIAN_POINT('',(-1.563216999316E2,-1.336836046093E2,
-7.132328694529E0));
#3873=CARTESIAN_POINT('',(-1.569525346861E2,-1.339160759399E2,
-6.457520639485E0));
#3874=CARTESIAN_POINT('',(-1.575833694405E2,-1.341485472704E2,
-5.782712584441E0));
#3875=CARTESIAN_POINT('',(-1.582142041950E2,-1.343810186010E2,
-5.107904529396E0));
#3876=CARTESIAN_POINT('',(-1.567497508038E2,-1.321535465960E2,
-7.230926420260E0));
#3877=CARTESIAN_POINT('',(-1.574254282720E2,-1.322258630025E2,
-6.554341326807E0));
#3878=CARTESIAN_POINT('',(-1.581011057403E2,-1.322981794090E2,
-5.877756233353E0));
#3879=CARTESIAN_POINT('',(-1.587767832086E2,-1.323704958156E2,
-5.201171139900E0));
#3880=CARTESIAN_POINT('',(-1.567961717788E2,-1.311648811043E2,
-7.294636533302E0));
#3881=CARTESIAN_POINT('',(-1.574767123198E2,-1.311337114695E2,
-6.616903184987E0));
#3882=CARTESIAN_POINT('',(-1.581572528607E2,-1.311025418348E2,
-5.939169836672E0));
#3883=CARTESIAN_POINT('',(-1.588377934017E2,-1.310713722001E2,
-5.261436488356E0));
#3884=CARTESIAN_POINT('',(-1.567739373658E2,-1.307454989793E2,
-7.321661733243E0));
#3885=CARTESIAN_POINT('',(-1.574521486242E2,-1.306704315892E2,
-6.643441306570E0));
#3886=CARTESIAN_POINT('',(-1.581303598826E2,-1.305953641992E2,
-5.965220879897E0));
#3887=CARTESIAN_POINT('',(-1.588085711410E2,-1.305202968091E2,
-5.287000453224E0));
#3888=B_SPLINE_SURFACE_WITH_KNOTS('',3,3,((#3848,#3849,#3850,#3851),(#3852,
#3853,#3854,#3855),(#3856,#3857,#3858,#3859),(#3860,#3861,#3862,#3863),(#3864,
#3865,#3866,#3867),(#3868,#3869,#3870,#3871),(#3872,#3873,#3874,#3875),(#3876,
#3877,#3878,#3879),(#3880,#3881,#3882,#3883),(#3884,#3885,#3886,#3887)),
.UNSPECIFIED.,.F.,.F.,.F.,(4,1,1,1,1,1,1,4),(4,4),(6.046192012158E-2,
1.428571428571E-1,2.857142857143E-1,4.285714285714E-1,5.714285714286E-1,
7.142857142857E-1,8.571428571429E-1,9.656219359741E-1),(-5.185063706046E-1,
1.518502192737E0),.UNSPECIFIED.);
#3889=ORIENTED_EDGE('',*,*,#3652,.T.);
#3891=ORIENTED_EDGE('',*,*,#3890,.T.);
#3893=ORIENTED_EDGE('',*,*,#3892,.F.);
#3894=ORIENTED_EDGE('',*,*,#3839,.F.);
#3895=EDGE_LOOP('',(#3889,#3891,#3893,#3894));
#3896=FACE_OUTER_BOUND('',#3895,.F.);
#3898=CARTESIAN_POINT('',(-1.578E2,-9.660751547206E1,-8.308524686577E0));
#3899=DIRECTION('',(-7.071067811865E-1,-4.154115593328E-2,-7.058854952212E-1));
#3900=DIRECTION('',(-7.071067811865E-1,4.154115593328E-2,7.058854952212E-1));
#3901=AXIS2_PLACEMENT_3D('',#3898,#3899,#3900);
#3902=PLANE('',#3901);
#3903=ORIENTED_EDGE('',*,*,#3650,.T.);
#3904=ORIENTED_EDGE('',*,*,#3613,.T.);
#3905=ORIENTED_EDGE('',*,*,#2153,.F.);
#3906=ORIENTED_EDGE('',*,*,#3890,.F.);
#3907=EDGE_LOOP('',(#3903,#3904,#3905,#3906));
#3908=FACE_OUTER_BOUND('',#3907,.F.);
#3910=CARTESIAN_POINT('',(-1.503E2,-1.306197872388E2,-3.936208519041E1));
#3911=DIRECTION('',(0.E0,-1.109506335671E-2,9.999384478902E-1));
#3912=DIRECTION('',(-1.E0,0.E0,0.E0));
#3913=AXIS2_PLACEMENT_3D('',#3910,#3911,#3912);
#3914=CYLINDRICAL_SURFACE('',#3913,8.E0);
#3916=ORIENTED_EDGE('',*,*,#3915,.T.);
#3918=ORIENTED_EDGE('',*,*,#3917,.F.);
#3919=ORIENTED_EDGE('',*,*,#3892,.T.);
#3920=ORIENTED_EDGE('',*,*,#2151,.T.);
#3921=EDGE_LOOP('',(#3916,#3918,#3919,#3920));
#3922=FACE_OUTER_BOUND('',#3921,.F.);
#3924=CARTESIAN_POINT('',(-1.503E2,-1.310393477851E2,-1.549347398837E0));
#3925=DIRECTION('',(0.E0,1.109506335671E-2,-9.999384478902E-1));
#3926=DIRECTION('',(-1.E0,0.E0,0.E0));
#3927=AXIS2_PLACEMENT_3D('',#3924,#3925,#3926);
#3928=CONICAL_SURFACE('',#3927,7.499999972974E0,4.5E1);
#3929=ORIENTED_EDGE('',*,*,#2200,.T.);
#3931=ORIENTED_EDGE('',*,*,#3930,.T.);
#3932=ORIENTED_EDGE('',*,*,#3915,.F.);
#3933=ORIENTED_EDGE('',*,*,#2167,.F.);
#3934=EDGE_LOOP('',(#3929,#3931,#3932,#3933));
#3935=FACE_OUTER_BOUND('',#3934,.F.);
#3937=CARTESIAN_POINT('',(-1.161909139185E2,-1.385388861440E2,
-1.632560401036E0));
#3938=DIRECTION('',(0.E0,-7.149086518096E-1,6.992178627351E-1));
#3939=DIRECTION('',(0.E0,-6.992178627351E-1,-7.149086518096E-1));
#3940=AXIS2_PLACEMENT_3D('',#3937,#3938,#3939);
#3941=PLANE('',#3940);
#3942=ORIENTED_EDGE('',*,*,#2198,.T.);
#3944=ORIENTED_EDGE('',*,*,#3943,.T.);
#3946=ORIENTED_EDGE('',*,*,#3945,.F.);
#3947=ORIENTED_EDGE('',*,*,#3930,.F.);
#3948=EDGE_LOOP('',(#3942,#3944,#3946,#3947));
#3949=FACE_OUTER_BOUND('',#3948,.F.);
#3951=CARTESIAN_POINT('',(-8.208182783692E1,-1.330392246808E2,
-1.571537534306E0));
#3952=DIRECTION('',(0.E0,1.109506335671E-2,-9.999384478902E-1));
#3953=DIRECTION('',(-1.E0,0.E0,0.E0));
#3954=AXIS2_PLACEMENT_3D('',#3951,#3952,#3953);
#3955=CONICAL_SURFACE('',#3954,5.499999981731E0,4.5E1);
#3956=ORIENTED_EDGE('',*,*,#2196,.T.);
#3958=ORIENTED_EDGE('',*,*,#3957,.T.);
#3960=ORIENTED_EDGE('',*,*,#3959,.F.);
#3961=ORIENTED_EDGE('',*,*,#3943,.F.);
#3962=EDGE_LOOP('',(#3956,#3958,#3960,#3961));
#3963=FACE_OUTER_BOUND('',#3962,.F.);
#3965=CARTESIAN_POINT('',(-7.812605647098E1,-1.371059616470E2,
-1.616661034318E0));
#3966=DIRECTION('',(3.535533905933E-1,-6.201801374176E-1,7.002689463004E-1));
#3967=DIRECTION('',(3.535533905933E-1,-6.044893483432E-1,-7.138575682443E-1));
#3968=AXIS2_PLACEMENT_3D('',#3965,#3966,#3967);
#3969=PLANE('',#3968);
#3970=ORIENTED_EDGE('',*,*,#2194,.T.);
#3972=ORIENTED_EDGE('',*,*,#3971,.T.);
#3974=ORIENTED_EDGE('',*,*,#3973,.F.);
#3975=ORIENTED_EDGE('',*,*,#3957,.F.);
#3976=EDGE_LOOP('',(#3970,#3972,#3974,#3975));
#3977=FACE_OUTER_BOUND('',#3976,.F.);
#3979=CARTESIAN_POINT('',(-7.367028510504E1,-1.420386707116E2,
-1.671393124601E0));
#3980=DIRECTION('',(0.E0,-1.109506335671E-2,9.999384478902E-1));
#3981=DIRECTION('',(-1.E0,0.E0,0.E0));
#3982=AXIS2_PLACEMENT_3D('',#3979,#3980,#3981);
#3983=CONICAL_SURFACE('',#3982,6.499999998184E0,4.5E1);
#3984=ORIENTED_EDGE('',*,*,#2192,.T.);
#3986=ORIENTED_EDGE('',*,*,#3985,.T.);
#3988=ORIENTED_EDGE('',*,*,#3987,.F.);
#3989=ORIENTED_EDGE('',*,*,#3971,.F.);
#3990=EDGE_LOOP('',(#3984,#3986,#3988,#3989));
#3991=FACE_OUTER_BOUND('',#3990,.F.);
#3993=CARTESIAN_POINT('',(-2.147413268233E1,-1.355390708003E2,
-1.599275210966E0));
#3994=DIRECTION('',(0.E0,-7.149086518096E-1,6.992178627351E-1));
#3995=DIRECTION('',(0.E0,-6.992178627351E-1,-7.149086518096E-1));
#3996=AXIS2_PLACEMENT_3D('',#3993,#3994,#3995);
#3997=PLANE('',#3996);
#3998=ORIENTED_EDGE('',*,*,#2190,.T.);
#4000=ORIENTED_EDGE('',*,*,#3999,.T.);
#4002=ORIENTED_EDGE('',*,*,#4001,.F.);
#4003=ORIENTED_EDGE('',*,*,#3985,.F.);
#4004=EDGE_LOOP('',(#3998,#4000,#4002,#4003));
#4005=FACE_OUTER_BOUND('',#4004,.F.);
#4007=CARTESIAN_POINT('',(3.072201974038E1,-1.420386707114E2,
-1.671393135170E0));
#4008=DIRECTION('',(0.E0,-1.109506335671E-2,9.999384478902E-1));
#4009=DIRECTION('',(-1.E0,0.E0,0.E0));
#4010=AXIS2_PLACEMENT_3D('',#4007,#4008,#4009);
#4011=CONICAL_SURFACE('',#4010,6.499999987614E0,4.5E1);
#4012=ORIENTED_EDGE('',*,*,#2188,.T.);
#4014=ORIENTED_EDGE('',*,*,#4013,.T.);
#4016=ORIENTED_EDGE('',*,*,#4015,.F.);
#4017=ORIENTED_EDGE('',*,*,#3999,.F.);
#4018=EDGE_LOOP('',(#4012,#4014,#4016,#4017));
#4019=FACE_OUTER_BOUND('',#4018,.F.);
#4021=CARTESIAN_POINT('',(3.517779110632E1,-1.371059616470E2,
-1.616661034318E0));
#4022=DIRECTION('',(-3.535533905933E-1,-6.201801374176E-1,7.002689463004E-1));
#4023=DIRECTION('',(-3.535533905933E-1,-6.044893483432E-1,-7.138575682443E-1));
#4024=AXIS2_PLACEMENT_3D('',#4021,#4022,#4023);
#4025=PLANE('',#4024);
#4026=ORIENTED_EDGE('',*,*,#2186,.T.);
#4028=ORIENTED_EDGE('',*,*,#4027,.T.);
#4030=ORIENTED_EDGE('',*,*,#4029,.F.);
#4031=ORIENTED_EDGE('',*,*,#4013,.F.);
#4032=EDGE_LOOP('',(#4026,#4028,#4030,#4031));
#4033=FACE_OUTER_BOUND('',#4032,.F.);
#4035=CARTESIAN_POINT('',(3.913356247226E1,-1.330392246808E2,
-1.571537534306E0));
#4036=DIRECTION('',(0.E0,1.109506335671E-2,-9.999384478902E-1));
#4037=DIRECTION('',(-1.E0,0.E0,0.E0));
#4038=AXIS2_PLACEMENT_3D('',#4035,#4036,#4037);
#4039=CONICAL_SURFACE('',#4038,5.499999981731E0,4.5E1);
#4040=ORIENTED_EDGE('',*,*,#2184,.T.);
#4042=ORIENTED_EDGE('',*,*,#4041,.T.);
#4044=ORIENTED_EDGE('',*,*,#4043,.F.);
#4045=ORIENTED_EDGE('',*,*,#4027,.F.);
#4046=EDGE_LOOP('',(#4040,#4042,#4044,#4045));
#4047=FACE_OUTER_BOUND('',#4046,.F.);
#4049=CARTESIAN_POINT('',(1.231167812361E2,-1.385388861440E2,
-1.632560401036E0));
#4050=DIRECTION('',(0.E0,-7.149086518095E-1,6.992178627351E-1));
#4051=DIRECTION('',(0.E0,-6.992178627351E-1,-7.149086518095E-1));
#4052=AXIS2_PLACEMENT_3D('',#4049,#4050,#4051);
#4053=PLANE('',#4052);
#4054=ORIENTED_EDGE('',*,*,#2182,.T.);
#4055=ORIENTED_EDGE('',*,*,#3421,.T.);
#4057=ORIENTED_EDGE('',*,*,#4056,.F.);
#4058=ORIENTED_EDGE('',*,*,#4041,.F.);
#4059=EDGE_LOOP('',(#4054,#4055,#4057,#4058));
#4060=FACE_OUTER_BOUND('',#4059,.F.);
#4062=CARTESIAN_POINT('',(2.151E2,-1.390444028996E2,-1.138138708769E0));
#4063=DIRECTION('',(0.E0,9.999384478902E-1,1.109506335671E-2));
#4064=DIRECTION('',(-1.E0,0.E0,0.E0));
#4065=AXIS2_PLACEMENT_3D('',#4062,#4063,#4064);
#4066=PLANE('',#4065);
#4067=ORIENTED_EDGE('',*,*,#3945,.T.);
#4069=ORIENTED_EDGE('',*,*,#4068,.F.);
#4070=ORIENTED_EDGE('',*,*,#3841,.T.);
#4071=ORIENTED_EDGE('',*,*,#3917,.T.);
#4072=EDGE_LOOP('',(#4067,#4069,#4070,#4071));
#4073=FACE_OUTER_BOUND('',#4072,.F.);
#4075=CARTESIAN_POINT('',(2.151E2,-1.390444028996E2,-1.138138708769E0));
#4076=DIRECTION('',(0.E0,9.999384478902E-1,1.109506335671E-2));
#4077=DIRECTION('',(-1.E0,0.E0,0.E0));
#4078=AXIS2_PLACEMENT_3D('',#4075,#4076,#4077);
#4079=PLANE('',#4078);
#4080=ORIENTED_EDGE('',*,*,#4056,.T.);
#4082=ORIENTED_EDGE('',*,*,#4081,.T.);
#4084=ORIENTED_EDGE('',*,*,#4083,.T.);
#4086=ORIENTED_EDGE('',*,*,#4085,.F.);
#4087=EDGE_LOOP('',(#4080,#4082,#4084,#4086));
#4088=FACE_OUTER_BOUND('',#4087,.F.);
#4090=CARTESIAN_POINT('',(-8.208182783692E1,-1.326488223652E2,
-3.675640065248E1));
#4091=DIRECTION('',(0.E0,-1.109506335671E-2,9.999384478902E-1));
#4092=DIRECTION('',(0.E0,-9.999384478902E-1,-1.109506335671E-2));
#4093=AXIS2_PLACEMENT_3D('',#4090,#4091,#4092);
#4094=CYLINDRICAL_SURFACE('',#4093,6.E0);
#4095=ORIENTED_EDGE('',*,*,#3959,.T.);
#4097=ORIENTED_EDGE('',*,*,#4096,.F.);
#4099=ORIENTED_EDGE('',*,*,#4098,.T.);
#4100=ORIENTED_EDGE('',*,*,#4068,.T.);
#4101=EDGE_LOOP('',(#4095,#4097,#4099,#4100));
#4102=FACE_OUTER_BOUND('',#4101,.F.);
#4104=CARTESIAN_POINT('',(-7.527798025962E1,-1.360445875559E2,
-1.104853518699E0));
#4105=DIRECTION('',(-5.E-1,8.659720980937E-1,9.608606723509E-3));
#4106=DIRECTION('',(-8.660254037844E-1,-4.999692239451E-1,-5.547531678355E-3));
#4107=AXIS2_PLACEMENT_3D('',#4104,#4105,#4106);
#4108=PLANE('',#4107);
#4109=ORIENTED_EDGE('',*,*,#3973,.T.);
#4111=ORIENTED_EDGE('',*,*,#4110,.T.);
#4113=ORIENTED_EDGE('',*,*,#4112,.T.);
#4114=ORIENTED_EDGE('',*,*,#4096,.T.);
#4115=EDGE_LOOP('',(#4109,#4111,#4113,#4114));
#4116=FACE_OUTER_BOUND('',#4115,.F.);
#4118=CARTESIAN_POINT('',(-7.367028510504E1,-1.423962372697E2,
3.055415959633E1));
#4119=DIRECTION('',(0.E0,1.109506335671E-2,-9.999384478902E-1));
#4120=DIRECTION('',(-5.E-1,8.659720980937E-1,9.608606723509E-3));
#4121=AXIS2_PLACEMENT_3D('',#4118,#4119,#4120);
#4122=CYLINDRICAL_SURFACE('',#4121,6.E0);
#4123=ORIENTED_EDGE('',*,*,#3987,.T.);
#4125=ORIENTED_EDGE('',*,*,#4124,.T.);
#4127=ORIENTED_EDGE('',*,*,#4126,.T.);
#4128=ORIENTED_EDGE('',*,*,#4110,.F.);
#4129=EDGE_LOOP('',(#4123,#4125,#4127,#4128));
#4130=FACE_OUTER_BOUND('',#4129,.F.);
#4132=CARTESIAN_POINT('',(3.232971489496E1,-1.360445875559E2,
-1.104853518699E0));
#4133=DIRECTION('',(0.E0,9.999384478902E-1,1.109506335671E-2));
#4134=DIRECTION('',(-1.E0,0.E0,0.E0));
#4135=AXIS2_PLACEMENT_3D('',#4132,#4133,#4134);
#4136=PLANE('',#4135);
#4137=ORIENTED_EDGE('',*,*,#4001,.T.);
#4139=ORIENTED_EDGE('',*,*,#4138,.T.);
#4141=ORIENTED_EDGE('',*,*,#4140,.T.);
#4142=ORIENTED_EDGE('',*,*,#4124,.F.);
#4143=EDGE_LOOP('',(#4137,#4139,#4141,#4142));
#4144=FACE_OUTER_BOUND('',#4143,.F.);
#4146=CARTESIAN_POINT('',(3.072201974038E1,-1.423962372697E2,3.055415959633E1));
#4147=DIRECTION('',(0.E0,1.109506335671E-2,-9.999384478902E-1));
#4148=DIRECTION('',(0.E0,9.999384478902E-1,1.109506335671E-2));
#4149=AXIS2_PLACEMENT_3D('',#4146,#4147,#4148);
#4150=CYLINDRICAL_SURFACE('',#4149,6.E0);
#4151=ORIENTED_EDGE('',*,*,#4015,.T.);
#4153=ORIENTED_EDGE('',*,*,#4152,.T.);
#4155=ORIENTED_EDGE('',*,*,#4154,.T.);
#4156=ORIENTED_EDGE('',*,*,#4138,.F.);
#4157=EDGE_LOOP('',(#4151,#4153,#4155,#4156));
#4158=FACE_OUTER_BOUND('',#4157,.F.);
#4160=CARTESIAN_POINT('',(3.752586731767E1,-1.390444028996E2,
-1.138138708769E0));
#4161=DIRECTION('',(5.E-1,8.659720980937E-1,9.608606723509E-3));
#4162=DIRECTION('',(-8.660254037844E-1,4.999692239451E-1,5.547531678355E-3));
#4163=AXIS2_PLACEMENT_3D('',#4160,#4161,#4162);
#4164=PLANE('',#4163);
#4165=ORIENTED_EDGE('',*,*,#4029,.T.);
#4167=ORIENTED_EDGE('',*,*,#4166,.T.);
#4169=ORIENTED_EDGE('',*,*,#4168,.T.);
#4170=ORIENTED_EDGE('',*,*,#4152,.F.);
#4171=EDGE_LOOP('',(#4165,#4167,#4169,#4170));
#4172=FACE_OUTER_BOUND('',#4171,.F.);
#4174=CARTESIAN_POINT('',(3.913356247226E1,-1.333956832666E2,3.055415959633E1));
#4175=DIRECTION('',(0.E0,1.109506335671E-2,-9.999384478902E-1));
#4176=DIRECTION('',(0.E0,-9.999384478902E-1,-1.109506335671E-2));
#4177=AXIS2_PLACEMENT_3D('',#4174,#4175,#4176);
#4178=CYLINDRICAL_SURFACE('',#4177,6.E0);
#4179=ORIENTED_EDGE('',*,*,#4043,.T.);
#4180=ORIENTED_EDGE('',*,*,#4085,.T.);
#4182=ORIENTED_EDGE('',*,*,#4181,.T.);
#4183=ORIENTED_EDGE('',*,*,#4166,.F.);
#4184=EDGE_LOOP('',(#4179,#4180,#4182,#4183));
#4185=FACE_OUTER_BOUND('',#4184,.F.);
#4187=CARTESIAN_POINT('',(3.944183283665E1,-1.375572044271E2,
-6.882187710134E0));
#4188=CARTESIAN_POINT('',(3.948851955189E1,-1.381943513102E2,
-6.212071742566E0));
#4189=CARTESIAN_POINT('',(3.953520626713E1,-1.388314981932E2,
-5.541955774998E0));
#4190=CARTESIAN_POINT('',(3.958189298236E1,-1.394686450763E2,
-4.871839807430E0));
#4191=CARTESIAN_POINT('',(3.911593183810E1,-1.375794259934E2,
-6.880700532299E0));
#4192=CARTESIAN_POINT('',(3.911326172611E1,-1.382199353596E2,
-6.210621873992E0));
#4193=CARTESIAN_POINT('',(3.911059161412E1,-1.388604447259E2,
-5.540543215684E0));
#4194=CARTESIAN_POINT('',(3.910792150212E1,-1.395009540922E2,
-4.870464557377E0));
#4195=CARTESIAN_POINT('',(3.834918693599E1,-1.375491629812E2,
-6.882725883726E0));
#4196=CARTESIAN_POINT('',(3.823039537660E1,-1.381850930631E2,
-6.212596414842E0));
#4197=CARTESIAN_POINT('',(3.811160381721E1,-1.388210231451E2,
-5.542466945957E0));
#4198=CARTESIAN_POINT('',(3.799281225782E1,-1.394569532270E2,
-4.872337477072E0));
#4199=CARTESIAN_POINT('',(3.740323349566E1,-1.372630810578E2,
-6.901871910202E0));
#4200=CARTESIAN_POINT('',(3.714117983910E1,-1.378557223069E2,
-6.231262119410E0));
#4201=CARTESIAN_POINT('',(3.687912618255E1,-1.384483635560E2,
-5.560652328618E0));
#4202=CARTESIAN_POINT('',(3.661707252599E1,-1.390410048052E2,
-4.890042537826E0));
#4203=CARTESIAN_POINT('',(3.681958470372E1,-1.369307467333E2,
-6.924113377608E0));
#4204=CARTESIAN_POINT('',(3.646913901182E1,-1.374731004115E2,
-6.252945608686E0));
#4205=CARTESIAN_POINT('',(3.611869331991E1,-1.380154540898E2,
-5.581777839764E0));
#4206=CARTESIAN_POINT('',(3.576824762800E1,-1.385578077681E2,
-4.910610070843E0));
#4207=CARTESIAN_POINT('',(3.662814392679E1,-1.368013833247E2,
-6.932771020900E0));
#4208=CARTESIAN_POINT('',(3.624870504556E1,-1.373241622221E2,
-6.261386055175E0));
#4209=CARTESIAN_POINT('',(3.586926616433E1,-1.378469411195E2,
-5.590001089451E0));
#4210=CARTESIAN_POINT('',(3.548982728310E1,-1.383697200169E2,
-4.918616123726E0));
#4211=B_SPLINE_SURFACE_WITH_KNOTS('',3,3,((#4187,#4188,#4189,#4190),(#4191,
#4192,#4193,#4194),(#4195,#4196,#4197,#4198),(#4199,#4200,#4201,#4202),(#4203,
#4204,#4205,#4206),(#4207,#4208,#4209,#4210)),.UNSPECIFIED.,.F.,.F.,.F.,(4,1,1,
4),(4,4),(9.049297647554E-2,3.333333333333E-1,6.666666666667E-1,
8.397594558652E-1),(-5.179098606535E-1,1.518491527604E0),.UNSPECIFIED.);
#4212=ORIENTED_EDGE('',*,*,#3637,.T.);
#4214=ORIENTED_EDGE('',*,*,#4213,.T.);
#4215=ORIENTED_EDGE('',*,*,#4181,.F.);
#4217=ORIENTED_EDGE('',*,*,#4216,.F.);
#4218=EDGE_LOOP('',(#4212,#4214,#4215,#4217));
#4219=FACE_OUTER_BOUND('',#4218,.F.);
#4221=CARTESIAN_POINT('',(3.517779110632E1,-1.370927227995E2,
-5.956267425613E0));
#4222=DIRECTION('',(-3.433259193108E-1,-6.349608009661E-1,-6.920636490713E-1));
#4223=DIRECTION('',(-3.647529403886E-1,-5.888746784313E-1,7.212363728906E-1));
#4224=AXIS2_PLACEMENT_3D('',#4221,#4222,#4223);
#4225=PLANE('',#4224);
#4226=ORIENTED_EDGE('',*,*,#3635,.T.);
#4228=ORIENTED_EDGE('',*,*,#4227,.T.);
#4229=ORIENTED_EDGE('',*,*,#4168,.F.);
#4230=ORIENTED_EDGE('',*,*,#4213,.F.);
#4231=EDGE_LOOP('',(#4226,#4228,#4229,#4230));
#4232=FACE_OUTER_BOUND('',#4231,.F.);
#4234=CARTESIAN_POINT('',(3.484151670963E1,-1.357959877978E2,
-6.992129803543E0));
#4235=CARTESIAN_POINT('',(3.446947845119E1,-1.363240577671E2,
-6.320605614675E0));
#4236=CARTESIAN_POINT('',(3.409744019276E1,-1.368521277364E2,
-5.649081425807E0));
#4237=CARTESIAN_POINT('',(3.372540193433E1,-1.373801977057E2,
-4.977557236939E0));
#4238=CARTESIAN_POINT('',(3.469969270955E1,-1.357029838184E2,
-6.997154842466E0));
#4239=CARTESIAN_POINT('',(3.434046279990E1,-1.362394470548E2,
-6.325723783159E0));
#4240=CARTESIAN_POINT('',(3.398123289025E1,-1.367759102911E2,
-5.654292723853E0));
#4241=CARTESIAN_POINT('',(3.362200298060E1,-1.373123735275E2,
-4.982861664547E0));
#4242=CARTESIAN_POINT('',(3.407909095327E1,-1.353255902132E2,
-7.017545556592E0));
#4243=CARTESIAN_POINT('',(3.377590856551E1,-1.358961118342E2,
-6.346492400482E0));
#4244=CARTESIAN_POINT('',(3.347272617776E1,-1.364666334552E2,
-5.675439244372E0));
#4245=CARTESIAN_POINT('',(3.316954379001E1,-1.370371550762E2,
-5.004386088262E0));
#4246=CARTESIAN_POINT('',(3.291131316030E1,-1.348309585351E2,
-7.044270686550E0));
#4247=CARTESIAN_POINT('',(3.271359462398E1,-1.354461188456E2,
-6.373712830015E0));
#4248=CARTESIAN_POINT('',(3.251587608766E1,-1.360612791560E2,
-5.703154973480E0));
#4249=CARTESIAN_POINT('',(3.231815755134E1,-1.366764394665E2,
-5.032597116945E0));
#4250=CARTESIAN_POINT('',(3.151885575863E1,-1.345676249227E2,
-7.058498697665E0));
#4251=CARTESIAN_POINT('',(3.144689224301E1,-1.352065501230E2,
-6.388204530319E0));
#4252=CARTESIAN_POINT('',(3.137492872740E1,-1.358454753234E2,
-5.717910362973E0));
#4253=CARTESIAN_POINT('',(3.130296521178E1,-1.364844005237E2,
-5.047616195627E0));
#4254=CARTESIAN_POINT('',(3.062596913470E1,-1.345604284554E2,
-7.058887525416E0));
#4255=CARTESIAN_POINT('',(3.063464361616E1,-1.352000031105E2,
-6.388600564254E0));
#4256=CARTESIAN_POINT('',(3.064331809761E1,-1.358395777655E2,
-5.718313603093E0));
#4257=CARTESIAN_POINT('',(3.065199257906E1,-1.364791524206E2,
-5.048026641932E0));
#4258=CARTESIAN_POINT('',(3.028740318320E1,-1.345801762206E2,
-7.057820546462E0));
#4259=CARTESIAN_POINT('',(3.032665408888E1,-1.352179687125E2,
-6.387513810870E0));
#4260=CARTESIAN_POINT('',(3.036590499457E1,-1.358557612044E2,
-5.717207075278E0));
#4261=CARTESIAN_POINT('',(3.040515590026E1,-1.364935536962E2,
-5.046900339686E0));
#4262=B_SPLINE_SURFACE_WITH_KNOTS('',3,3,((#4234,#4235,#4236,#4237),(#4238,
#4239,#4240,#4241),(#4242,#4243,#4244,#4245),(#4246,#4247,#4248,#4249),(#4250,
#4251,#4252,#4253),(#4254,#4255,#4256,#4257),(#4258,#4259,#4260,#4261)),
.UNSPECIFIED.,.F.,.F.,.F.,(4,1,1,1,4),(4,4),(1.743031128707E-1,2.5E-1,5.E-1,
7.5E-1,8.990275953605E-1),(-5.184035738888E-1,1.518593024988E0),.UNSPECIFIED.);
#4263=ORIENTED_EDGE('',*,*,#3633,.T.);
#4265=ORIENTED_EDGE('',*,*,#4264,.T.);
#4266=ORIENTED_EDGE('',*,*,#4154,.F.);
#4267=ORIENTED_EDGE('',*,*,#4227,.F.);
#4268=EDGE_LOOP('',(#4263,#4265,#4266,#4267));
#4269=FACE_OUTER_BOUND('',#4268,.F.);
#4271=CARTESIAN_POINT('',(-2.147413268233E1,-1.355245630795E2,
-6.053238337360E0));
#4272=DIRECTION('',(0.E0,-7.237639634694E-1,-6.900476253007E-1));
#4273=DIRECTION('',(0.E0,-6.900476253007E-1,7.237639634694E-1));
#4274=AXIS2_PLACEMENT_3D('',#4271,#4272,#4273);
#4275=PLANE('',#4274);
#4276=ORIENTED_EDGE('',*,*,#3631,.T.);
#4278=ORIENTED_EDGE('',*,*,#4277,.T.);
#4279=ORIENTED_EDGE('',*,*,#4140,.F.);
#4280=ORIENTED_EDGE('',*,*,#4264,.F.);
#4281=EDGE_LOOP('',(#4276,#4278,#4279,#4280));
#4282=FACE_OUTER_BOUND('',#4281,.F.);
#4284=CARTESIAN_POINT('',(-7.324835122968E1,-1.345786842333E2,
-7.057573827239E0));
#4285=CARTESIAN_POINT('',(-7.328644131114E1,-1.352163530143E2,
-6.387571513971E0));
#4286=CARTESIAN_POINT('',(-7.332453139259E1,-1.358540217952E2,
-5.717569200703E0));
#4287=CARTESIAN_POINT('',(-7.336262147405E1,-1.364916905761E2,
-5.047566887436E0));
#4288=CARTESIAN_POINT('',(-7.341735188049E1,-1.345690223673E2,
-7.058095890623E0));
#4289=CARTESIAN_POINT('',(-7.344018542785E1,-1.352075627429E2,
-6.388103248349E0));
#4290=CARTESIAN_POINT('',(-7.346301897521E1,-1.358461031186E2,
-5.718110606075E0));
#4291=CARTESIAN_POINT('',(-7.348585252257E1,-1.364846434942E2,
-5.048117963802E0));
#4292=CARTESIAN_POINT('',(-7.414195904607E1,-1.345521908934E2,
-7.059005352223E0));
#4293=CARTESIAN_POINT('',(-7.409937868009E1,-1.351922496325E2,
-6.389029557325E0));
#4294=CARTESIAN_POINT('',(-7.405679831410E1,-1.358323083716E2,
-5.719053762427E0));
#4295=CARTESIAN_POINT('',(-7.401421794812E1,-1.364723671106E2,
-5.049077967529E0));
#4296=CARTESIAN_POINT('',(-7.539751063118E1,-1.347070518032E2,
-7.050637692202E0));
#4297=CARTESIAN_POINT('',(-7.524158534329E1,-1.353331405749E2,
-6.380506890090E0));
#4298=CARTESIAN_POINT('',(-7.508566005541E1,-1.359592293466E2,
-5.710376087977E0));
#4299=CARTESIAN_POINT('',(-7.492973476753E1,-1.365853181182E2,
-5.040245285864E0));
#4300=CARTESIAN_POINT('',(-7.674384055633E1,-1.351796977985E2,
-7.025099026546E0));
#4301=CARTESIAN_POINT('',(-7.646637533171E1,-1.357631492826E2,
-6.354495131906E0));
#4302=CARTESIAN_POINT('',(-7.618891010710E1,-1.363466007667E2,
-5.683891237266E0));
#4303=CARTESIAN_POINT('',(-7.591144488248E1,-1.369300522507E2,
-5.013287342626E0));
#4304=CARTESIAN_POINT('',(-7.752057100791E1,-1.356197404607E2,
-7.001322029522E0));
#4305=CARTESIAN_POINT('',(-7.717298644020E1,-1.361634957964E2,
-6.330277676491E0));
#4306=CARTESIAN_POINT('',(-7.682540187248E1,-1.367072511321E2,
-5.659233323459E0));
#4307=CARTESIAN_POINT('',(-7.647781730477E1,-1.372510064679E2,
-4.988188970427E0));
#4308=CARTESIAN_POINT('',(-7.780165014509E1,-1.358048481474E2,
-6.991320033590E0));
#4309=CARTESIAN_POINT('',(-7.742869115769E1,-1.363319049609E2,
-6.320090397991E0));
#4310=CARTESIAN_POINT('',(-7.705573217030E1,-1.368589617744E2,
-5.648860762392E0));
#4311=CARTESIAN_POINT('',(-7.668277318291E1,-1.373860185878E2,
-4.977631126794E0));
#4312=B_SPLINE_SURFACE_WITH_KNOTS('',3,3,((#4284,#4285,#4286,#4287),(#4288,
#4289,#4290,#4291),(#4292,#4293,#4294,#4295),(#4296,#4297,#4298,#4299),(#4300,
#4301,#4302,#4303),(#4304,#4305,#4306,#4307),(#4308,#4309,#4310,#4311)),
.UNSPECIFIED.,.F.,.F.,.F.,(4,1,1,1,4),(4,4),(1.743330161151E-1,2.5E-1,5.E-1,
7.5E-1,8.985744609770E-1),(-5.180540215037E-1,1.518023004730E0),.UNSPECIFIED.);
#4313=ORIENTED_EDGE('',*,*,#3629,.T.);
#4315=ORIENTED_EDGE('',*,*,#4314,.T.);
#4316=ORIENTED_EDGE('',*,*,#4126,.F.);
#4317=ORIENTED_EDGE('',*,*,#4277,.F.);
#4318=EDGE_LOOP('',(#4313,#4315,#4316,#4317));
#4319=FACE_OUTER_BOUND('',#4318,.F.);
#4321=CARTESIAN_POINT('',(-7.812605647098E1,-1.370927227995E2,
-5.956267425613E0));
#4322=DIRECTION('',(3.433259193108E-1,-6.349608009661E-1,-6.920636490713E-1));
#4323=DIRECTION('',(3.647529403886E-1,-5.888746784313E-1,7.212363728906E-1));
#4324=AXIS2_PLACEMENT_3D('',#4321,#4322,#4323);
#4325=PLANE('',#4324);
#4326=ORIENTED_EDGE('',*,*,#3627,.T.);
#4328=ORIENTED_EDGE('',*,*,#4327,.T.);
#4329=ORIENTED_EDGE('',*,*,#4112,.F.);
#4330=ORIENTED_EDGE('',*,*,#4314,.F.);
#4331=EDGE_LOOP('',(#4326,#4328,#4329,#4330));
#4332=FACE_OUTER_BOUND('',#4331,.F.);
#4334=CARTESIAN_POINT('',(-7.958180261447E1,-1.368050221801E2,
-6.932527490582E0));
#4335=CARTESIAN_POINT('',(-7.920318053746E1,-1.373283516953E2,
-6.261148634373E0));
#4336=CARTESIAN_POINT('',(-7.882455846045E1,-1.378516812105E2,
-5.589769778164E0));
#4337=CARTESIAN_POINT('',(-7.844593638345E1,-1.383750107257E2,
-4.918390921955E0));
#4338=CARTESIAN_POINT('',(-7.977159583306E1,-1.369328778447E2,
-6.923970753023E0));
#4339=CARTESIAN_POINT('',(-7.942171742710E1,-1.374755539947E2,
-6.252806562166E0));
#4340=CARTESIAN_POINT('',(-7.907183902115E1,-1.380182301446E2,
-5.581642371308E0));
#4341=CARTESIAN_POINT('',(-7.872196061520E1,-1.385609062946E2,
-4.910478180451E0));
#4342=CARTESIAN_POINT('',(-8.035355022066E1,-1.372637014447E2,
-6.901830390823E0));
#4343=CARTESIAN_POINT('',(-8.009180723709E1,-1.378564365684E2,
-6.231221641640E0));
#4344=CARTESIAN_POINT('',(-7.983006425353E1,-1.384491716921E2,
-5.560612892457E0));
#4345=CARTESIAN_POINT('',(-7.956832126996E1,-1.390419068158E2,
-4.890004143273E0));
#4346=CARTESIAN_POINT('',(-8.129947415851E1,-1.375497744457E2,
-6.882684961475E0));
#4347=CARTESIAN_POINT('',(-8.118098880404E1,-1.381857970522E2,
-6.212556519219E0));
#4348=CARTESIAN_POINT('',(-8.106250344957E1,-1.388218196586E2,
-5.542428076962E0));
#4349=CARTESIAN_POINT('',(-8.094401809510E1,-1.394578422650E2,
-4.872299634706E0));
#4350=CARTESIAN_POINT('',(-8.206845981262E1,-1.375795927585E2,
-6.880689371543E0));
#4351=CARTESIAN_POINT('',(-8.206643526139E1,-1.382201273591E2,
-6.210610993228E0));
#4352=CARTESIAN_POINT('',(-8.206441071017E1,-1.388606619596E2,
-5.540532614914E0));
#4353=CARTESIAN_POINT('',(-8.206238615894E1,-1.395011965602E2,
-4.870454236600E0));
#4354=CARTESIAN_POINT('',(-8.239654623425E1,-1.375567602284E2,
-6.882217438126E0));
#4355=CARTESIAN_POINT('',(-8.244420948669E1,-1.381938398970E2,
-6.212100724763E0));
#4356=CARTESIAN_POINT('',(-8.249187273912E1,-1.388309195655E2,
-5.541984011400E0));
#4357=CARTESIAN_POINT('',(-8.253953599156E1,-1.394679992341E2,
-4.871867298037E0));
#4358=B_SPLINE_SURFACE_WITH_KNOTS('',3,3,((#4334,#4335,#4336,#4337),(#4338,
#4339,#4340,#4341),(#4342,#4343,#4344,#4345),(#4346,#4347,#4348,#4349),(#4350,
#4351,#4352,#4353),(#4354,#4355,#4356,#4357)),.UNSPECIFIED.,.F.,.F.,.F.,(4,1,1,
4),(4,4),(1.618653762619E-1,3.333333333333E-1,6.666666666667E-1,
9.111084874618E-1),(-5.179098606535E-1,1.518491527604E0),.UNSPECIFIED.);
#4359=ORIENTED_EDGE('',*,*,#3625,.T.);
#4360=ORIENTED_EDGE('',*,*,#3843,.T.);
#4361=ORIENTED_EDGE('',*,*,#4098,.F.);
#4362=ORIENTED_EDGE('',*,*,#4327,.F.);
#4363=EDGE_LOOP('',(#4359,#4360,#4361,#4362));
#4364=FACE_OUTER_BOUND('',#4363,.F.);
#4366=CARTESIAN_POINT('',(1.231167812361E2,-1.385267080921E2,
-5.876562977192E0));
#4367=DIRECTION('',(0.E0,-7.237639634694E-1,-6.900476253007E-1));
#4368=DIRECTION('',(0.E0,-6.900476253007E-1,7.237639634694E-1));
#4369=AXIS2_PLACEMENT_3D('',#4366,#4367,#4368);
#4370=PLANE('',#4369);
#4371=ORIENTED_EDGE('',*,*,#3639,.T.);
#4372=ORIENTED_EDGE('',*,*,#4216,.T.);
#4373=ORIENTED_EDGE('',*,*,#4083,.F.);
#4375=ORIENTED_EDGE('',*,*,#4374,.F.);
#4376=EDGE_LOOP('',(#4371,#4372,#4373,#4375));
#4377=FACE_OUTER_BOUND('',#4376,.F.);
#4379=CARTESIAN_POINT('',(2.135737911925E2,-1.307427533784E2,
-7.321838661181E0));
#4380=CARTESIAN_POINT('',(2.142519871378E2,-1.306673985995E2,
-6.643615045715E0));
#4381=CARTESIAN_POINT('',(2.149301830831E2,-1.305920438206E2,
-5.965391430249E0));
#4382=CARTESIAN_POINT('',(2.156083790284E2,-1.305166890418E2,
-5.287167814783E0));
#4383=CARTESIAN_POINT('',(2.135962590275E2,-1.311630186062E2,
-7.294756553636E0));
#4384=CARTESIAN_POINT('',(2.142768087086E2,-1.311316540192E2,
-6.617021042180E0));
#4385=CARTESIAN_POINT('',(2.149573583898E2,-1.311002894323E2,
-5.939285530724E0));
#4386=CARTESIAN_POINT('',(2.156379080709E2,-1.310689248453E2,
-5.261550019268E0));
#4387=CARTESIAN_POINT('',(2.135500078758E2,-1.321526276977E2,
-7.230985634535E0));
#4388=CARTESIAN_POINT('',(2.142257122750E2,-1.322248479209E2,
-6.554399473856E0));
#4389=CARTESIAN_POINT('',(2.149014166743E2,-1.322970681441E2,
-5.877813313176E0));
#4390=CARTESIAN_POINT('',(2.155771210735E2,-1.323692883674E2,
-5.201227152497E0));
#4391=CARTESIAN_POINT('',(2.131216999316E2,-1.336836046093E2,
-7.132328694529E0));
#4392=CARTESIAN_POINT('',(2.137525346861E2,-1.339160759399E2,
-6.457520639485E0));
#4393=CARTESIAN_POINT('',(2.143833694405E2,-1.341485472704E2,
-5.782712584441E0));
#4394=CARTESIAN_POINT('',(2.150142041950E2,-1.343810186010E2,
-5.107904529396E0));
#4395=CARTESIAN_POINT('',(2.122183013369E2,-1.351877241889E2,
-7.035402454818E0));
#4396=CARTESIAN_POINT('',(2.127544958341E2,-1.355776354040E2,
-6.362341312794E0));
#4397=CARTESIAN_POINT('',(2.132906903313E2,-1.359675466191E2,
-5.689280170770E0));
#4398=CARTESIAN_POINT('',(2.138268848285E2,-1.363574578342E2,
-5.016219028745E0));
#4399=CARTESIAN_POINT('',(2.109460812443E2,-1.364002622313E2,
-6.957265879409E0));
#4400=CARTESIAN_POINT('',(2.113489976541E2,-1.369170927765E2,
-6.285613002074E0));
#4401=CARTESIAN_POINT('',(2.117519140639E2,-1.374339233216E2,
-5.613960124740E0));
#4402=CARTESIAN_POINT('',(2.121548304737E2,-1.379507538668E2,
-4.942307247406E0));
#4403=CARTESIAN_POINT('',(2.093985944037E2,-1.372283882594E2,
-6.903901012012E0));
#4404=CARTESIAN_POINT('',(2.096393957144E2,-1.378319007866E2,
-6.233209935960E0));
#4405=CARTESIAN_POINT('',(2.098801970251E2,-1.384354133137E2,
-5.562518859908E0));
#4406=CARTESIAN_POINT('',(2.101209983359E2,-1.390389258408E2,
-4.891827783857E0));
#4407=CARTESIAN_POINT('',(2.079672091289E2,-1.375562910787E2,
-6.882770785605E0));
#4408=CARTESIAN_POINT('',(2.080580581688E2,-1.381941259979E2,
-6.212460542110E0));
#4409=CARTESIAN_POINT('',(2.081489072088E2,-1.388319609172E2,
-5.542150298614E0));
#4410=CARTESIAN_POINT('',(2.082397562488E2,-1.394697958364E2,
-4.871840055119E0));
#4411=CARTESIAN_POINT('',(2.070845694802E2,-1.375761793825E2,
-6.881489173072E0));
#4412=CARTESIAN_POINT('',(2.070829529752E2,-1.382160960593E2,
-6.211202028230E0));
#4413=CARTESIAN_POINT('',(2.070813364701E2,-1.388560127361E2,
-5.540914883388E0));
#4414=CARTESIAN_POINT('',(2.070797199651E2,-1.394959294128E2,
-4.870627738546E0));
#4415=CARTESIAN_POINT('',(2.067642354207E2,-1.375596065915E2,
-6.882557132254E0));
#4416=CARTESIAN_POINT('',(2.067290606414E2,-1.381977885536E2,
-6.212250739458E0));
#4417=CARTESIAN_POINT('',(2.066938858621E2,-1.388359705157E2,
-5.541944346662E0));
#4418=CARTESIAN_POINT('',(2.066587110828E2,-1.394741524778E2,
-4.871637953866E0));
#4419=B_SPLINE_SURFACE_WITH_KNOTS('',3,3,((#4379,#4380,#4381,#4382),(#4383,
#4384,#4385,#4386),(#4387,#4388,#4389,#4390),(#4391,#4392,#4393,#4394),(#4395,
#4396,#4397,#4398),(#4399,#4400,#4401,#4402),(#4403,#4404,#4405,#4406),(#4407,
#4408,#4409,#4410),(#4411,#4412,#4413,#4414),(#4415,#4416,#4417,#4418)),
.UNSPECIFIED.,.F.,.F.,.F.,(4,1,1,1,1,1,1,4),(4,4),(3.414132556085E-2,
1.428571428571E-1,2.857142857143E-1,4.285714285714E-1,5.714285714286E-1,
7.142857142857E-1,8.571428571429E-1,9.394717017869E-1),(-5.185063706045E-1,
1.518502192737E0),.UNSPECIFIED.);
#4420=ORIENTED_EDGE('',*,*,#3641,.T.);
#4421=ORIENTED_EDGE('',*,*,#4374,.T.);
#4423=ORIENTED_EDGE('',*,*,#4422,.F.);
#4425=ORIENTED_EDGE('',*,*,#4424,.F.);
#4426=EDGE_LOOP('',(#4420,#4421,#4423,#4425));
#4427=FACE_OUTER_BOUND('',#4426,.F.);
#4429=CARTESIAN_POINT('',(2.071E2,-1.314208141987E2,3.283017088882E1));
#4430=DIRECTION('',(0.E0,1.109506335671E-2,-9.999384478902E-1));
#4431=DIRECTION('',(1.E0,0.E0,0.E0));
#4432=AXIS2_PLACEMENT_3D('',#4429,#4430,#4431);
#4433=CYLINDRICAL_SURFACE('',#4432,8.E0);
#4434=ORIENTED_EDGE('',*,*,#3419,.T.);
#4436=ORIENTED_EDGE('',*,*,#4435,.T.);
#4437=ORIENTED_EDGE('',*,*,#4422,.T.);
#4438=ORIENTED_EDGE('',*,*,#4081,.F.);
#4439=EDGE_LOOP('',(#4434,#4436,#4437,#4438));
#4440=FACE_OUTER_BOUND('',#4439,.F.);
#4442=CARTESIAN_POINT('',(2.151E2,-6.128545700908E1,-1.917106790082E1));
#4443=DIRECTION('',(1.E0,0.E0,0.E0));
#4444=DIRECTION('',(0.E0,9.966387819685E-1,-8.192153731714E-2));
#4445=AXIS2_PLACEMENT_3D('',#4442,#4443,#4444);
#4446=PLANE('',#4445);
#4447=ORIENTED_EDGE('',*,*,#3434,.T.);
#4449=ORIENTED_EDGE('',*,*,#4448,.T.);
#4451=ORIENTED_EDGE('',*,*,#4450,.T.);
#4452=ORIENTED_EDGE('',*,*,#4435,.F.);
#4453=EDGE_LOOP('',(#4447,#4449,#4451,#4452));
#4454=FACE_OUTER_BOUND('',#4453,.F.);
#4456=CARTESIAN_POINT('',(2.071E2,-6.153674788164E1,3.283017088882E1));
#4457=DIRECTION('',(0.E0,-1.469846472072E-2,-9.998919717324E-1));
#4458=DIRECTION('',(0.E0,9.998919717324E-1,-1.469846472072E-2));
#4459=AXIS2_PLACEMENT_3D('',#4456,#4457,#4458);
#4460=CYLINDRICAL_SURFACE('',#4459,8.E0);
#4461=ORIENTED_EDGE('',*,*,#3484,.T.);
#4463=ORIENTED_EDGE('',*,*,#4462,.T.);
#4465=ORIENTED_EDGE('',*,*,#4464,.T.);
#4466=ORIENTED_EDGE('',*,*,#4448,.F.);
#4467=EDGE_LOOP('',(#4461,#4463,#4465,#4466));
#4468=FACE_OUTER_BOUND('',#4467,.F.);
#4470=CARTESIAN_POINT('',(-1.502057079528E2,-5.400126182201E1,
1.171899449510E0));
#4471=DIRECTION('',(0.E0,-9.998919717324E-1,1.469846472072E-2));
#4472=DIRECTION('',(1.E0,0.E0,0.E0));
#4473=AXIS2_PLACEMENT_3D('',#4470,#4471,#4472);
#4474=PLANE('',#4473);
#4475=ORIENTED_EDGE('',*,*,#3498,.T.);
#4476=ORIENTED_EDGE('',*,*,#3562,.T.);
#4478=ORIENTED_EDGE('',*,*,#4477,.T.);
#4479=ORIENTED_EDGE('',*,*,#4462,.F.);
#4480=EDGE_LOOP('',(#4475,#4476,#4478,#4479));
#4481=FACE_OUTER_BOUND('',#4480,.F.);
#4483=CARTESIAN_POINT('',(2.84E1,-5.469864591634E1,-1.075277701822E1));
#4484=DIRECTION('',(0.E0,6.806560079077E-1,-7.326031660450E-1));
#4485=DIRECTION('',(0.E0,7.326031660450E-1,6.806560079077E-1));
#4486=AXIS2_PLACEMENT_3D('',#4483,#4484,#4485);
#4487=PLANE('',#4486);
#4488=ORIENTED_EDGE('',*,*,#3647,.T.);
#4490=ORIENTED_EDGE('',*,*,#4489,.T.);
#4491=ORIENTED_EDGE('',*,*,#4477,.F.);
#4492=ORIENTED_EDGE('',*,*,#3610,.F.);
#4493=EDGE_LOOP('',(#4488,#4490,#4491,#4492));
#4494=FACE_OUTER_BOUND('',#4493,.F.);
#4496=CARTESIAN_POINT('',(2.067581152574E2,-5.576520961286E1,
-1.173592845961E1));
#4497=CARTESIAN_POINT('',(2.067230479557E2,-5.506021860568E1,
-1.108016597945E1));
#4498=CARTESIAN_POINT('',(2.066879806539E2,-5.435522759849E1,
-1.042440349928E1));
#4499=CARTESIAN_POINT('',(2.066529133522E2,-5.365023659130E1,
-9.768641019111E0));
#4500=CARTESIAN_POINT('',(2.071785349117E2,-5.574258017793E1,
-1.173733711252E1));
#4501=CARTESIAN_POINT('',(2.071865902798E2,-5.503526643541E1,
-1.108160877668E1));
#4502=CARTESIAN_POINT('',(2.071946456479E2,-5.432795269289E1,
-1.042588044085E1));
#4503=CARTESIAN_POINT('',(2.072027010160E2,-5.362063895037E1,
-9.770152105012E0));
#4504=CARTESIAN_POINT('',(2.081683700754E2,-5.578827462719E1,
-1.173449269246E1));
#4505=CARTESIAN_POINT('',(2.082779533682E2,-5.508565106417E1,
-1.107869541074E1));
#4506=CARTESIAN_POINT('',(2.083875366609E2,-5.438302750115E1,
-1.042289812901E1));
#4507=CARTESIAN_POINT('',(2.084971199536E2,-5.368040393813E1,
-9.767100847292E0));
#4508=CARTESIAN_POINT('',(2.097009079300E2,-5.621547381848E1,
-1.170790009818E1));
#4509=CARTESIAN_POINT('',(2.099676844540E2,-5.555669892685E1,
-1.105145823868E1));
#4510=CARTESIAN_POINT('',(2.102344609780E2,-5.489792403522E1,
-1.039501637917E1));
#4511=CARTESIAN_POINT('',(2.105012375019E2,-5.423914914358E1,
-9.738574519667E0));
#4512=CARTESIAN_POINT('',(2.112082285916E2,-5.711825589404E1,
-1.165170308763E1));
#4513=CARTESIAN_POINT('',(2.116296118058E2,-5.655214455461E1,
-1.099389906903E1));
#4514=CARTESIAN_POINT('',(2.120509950200E2,-5.598603321518E1,
-1.033609505042E1));
#4515=CARTESIAN_POINT('',(2.124723782342E2,-5.541992187575E1,
-9.678291031809E0));
#4516=CARTESIAN_POINT('',(2.124249156173E2,-5.839149051064E1,
-1.157244588802E1));
#4517=CARTESIAN_POINT('',(2.129710950735E2,-5.795606679290E1,
-1.091272075448E1));
#4518=CARTESIAN_POINT('',(2.135172745297E2,-5.752064307517E1,
-1.025299562094E1));
#4519=CARTESIAN_POINT('',(2.140634539858E2,-5.708521935743E1,
-9.593270487395E0));
#4520=CARTESIAN_POINT('',(2.132572029998E2,-5.994210162809E1,
-1.147592236182E1));
#4521=CARTESIAN_POINT('',(2.138887506200E2,-5.966583607058E1,
-1.081385759493E1));
#4522=CARTESIAN_POINT('',(2.145202982402E2,-5.938957051307E1,
-1.015179282804E1));
#4523=CARTESIAN_POINT('',(2.151518458605E2,-5.911330495556E1,
-9.489728061152E0));
#4524=CARTESIAN_POINT('',(2.135878862652E2,-6.137942340649E1,
-1.138645094970E1));
#4525=CARTESIAN_POINT('',(2.142533522457E2,-6.125068774047E1,
-1.072221748563E1));
#4526=CARTESIAN_POINT('',(2.149188182261E2,-6.112195207445E1,
-1.005798402155E1));
#4527=CARTESIAN_POINT('',(2.155842842066E2,-6.099321640843E1,
-9.393750557475E0));
#4528=CARTESIAN_POINT('',(2.136081332172E2,-6.226681937211E1,
-1.133121170450E1));
#4529=CARTESIAN_POINT('',(2.142756759384E2,-6.222916799389E1,
-1.066563929659E1));
#4530=CARTESIAN_POINT('',(2.149432186596E2,-6.219151661566E1,
-1.000006688868E1));
#4531=CARTESIAN_POINT('',(2.156107613808E2,-6.215386523744E1,
-9.334494480768E0));
#4532=CARTESIAN_POINT('',(2.135913823016E2,-6.258956015981E1,
-1.131112151004E1));
#4533=CARTESIAN_POINT('',(2.142572068723E2,-6.258503561102E1,
-1.064506213599E1));
#4534=CARTESIAN_POINT('',(2.149230314431E2,-6.258051106222E1,
-9.979002761942E0));
#4535=CARTESIAN_POINT('',(2.155888560139E2,-6.257598651343E1,
-9.312943387892E0));
#4536=B_SPLINE_SURFACE_WITH_KNOTS('',3,3,((#4496,#4497,#4498,#4499),(#4500,
#4501,#4502,#4503),(#4504,#4505,#4506,#4507),(#4508,#4509,#4510,#4511),(#4512,
#4513,#4514,#4515),(#4516,#4517,#4518,#4519),(#4520,#4521,#4522,#4523),(#4524,
#4525,#4526,#4527),(#4528,#4529,#4530,#4531),(#4532,#4533,#4534,#4535)),
.UNSPECIFIED.,.F.,.F.,.F.,(4,1,1,1,1,1,1,4),(4,4),(3.403179924376E-2,
1.428571428571E-1,2.857142857143E-1,4.285714285714E-1,5.714285714286E-1,
7.142857142857E-1,8.571428571429E-1,9.397210961484E-1),(-5.000669885910E-1,
1.500037876445E0),.UNSPECIFIED.);
#4537=ORIENTED_EDGE('',*,*,#3645,.T.);
#4539=ORIENTED_EDGE('',*,*,#4538,.T.);
#4540=ORIENTED_EDGE('',*,*,#4464,.F.);
#4541=ORIENTED_EDGE('',*,*,#4489,.F.);
#4542=EDGE_LOOP('',(#4537,#4539,#4540,#4541));
#4543=FACE_OUTER_BOUND('',#4542,.F.);
#4545=CARTESIAN_POINT('',(2.146E2,-9.660751547206E1,-8.308524686577E0));
#4546=DIRECTION('',(7.071067811865E-1,-4.154115593328E-2,-7.058854952212E-1));
#4547=DIRECTION('',(7.071067811865E-1,4.154115593328E-2,7.058854952212E-1));
#4548=AXIS2_PLACEMENT_3D('',#4545,#4546,#4547);
#4549=PLANE('',#4548);
#4550=ORIENTED_EDGE('',*,*,#3643,.T.);
#4551=ORIENTED_EDGE('',*,*,#4424,.T.);
#4552=ORIENTED_EDGE('',*,*,#4450,.F.);
#4553=ORIENTED_EDGE('',*,*,#4538,.F.);
#4554=EDGE_LOOP('',(#4550,#4551,#4552,#4553));
#4555=FACE_OUTER_BOUND('',#4554,.F.);
#4557=CLOSED_SHELL('',(#2159,#2174,#2323,#2338,#2364,#2378,#2399,#2413,#2434,
#2448,#2462,#2476,#2497,#2511,#2531,#2557,#2572,#2583,#2595,#2617,#2631,#2656,
#2670,#2690,#2704,#2718,#2732,#2753,#2767,#2788,#2802,#2816,#2830,#2851,#2865,
#2886,#2900,#2921,#2935,#2956,#2970,#2984,#2998,#3019,#3033,#3053,#3067,#3081,
#3094,#3138,#3153,#3164,#3176,#3191,#3212,#3226,#3247,#3261,#3275,#3289,#3310,
#3324,#3348,#3372,#3387,#3398,#3410,#3425,#3439,#3489,#3503,#3552,#3566,#3617,
#3680,#3695,#3708,#3718,#3733,#3746,#3756,#3771,#3784,#3794,#3809,#3822,#3832,
#3847,#3897,#3909,#3923,#3936,#3950,#3964,#3978,#3992,#4006,#4020,#4034,#4048,
#4061,#4074,#4089,#4103,#4117,#4131,#4145,#4159,#4173,#4186,#4220,#4233,#4270,
#4283,#4320,#4333,#4365,#4378,#4428,#4441,#4455,#4469,#4482,#4495,#4544,#4556));
#4558=MANIFOLD_SOLID_BREP('',#4557);
#4560=DIMENSIONAL_EXPONENTS(0.E0,0.E0,0.E0,0.E0,0.E0,0.E0,0.E0);
#4562=PLANE_ANGLE_MEASURE_WITH_UNIT(PLANE_ANGLE_MEASURE(1.745329251994E-2),
#4561);
#4563=(CONVERSION_BASED_UNIT('DEGREE',#4562)NAMED_UNIT(#4560)PLANE_ANGLE_UNIT(
));
#4565=UNCERTAINTY_MEASURE_WITH_UNIT(LENGTH_MEASURE(5.885836202494E-2),#4559,
'closure',
'Maximum model space distance between geometric entities at asserted connectivities');
#4568=APPLICATION_CONTEXT(
'CONFIGURATION CONTROLLED 3D DESIGNS OF MECHANICAL PARTS AND ASSEMBLIES');
#4569=APPLICATION_PROTOCOL_DEFINITION('international standard',
'config_control_design',1994,#4568);
#4570=DESIGN_CONTEXT('',#4568,'design');
#4571=MECHANICAL_CONTEXT('',#4568,'mechanical');
#4572=PRODUCT('PRT0003','PRT0003','NOT SPECIFIED',(#4571));
#4573=PRODUCT_DEFINITION_FORMATION_WITH_SPECIFIED_SOURCE('2','LAST_VERSION',
#4572,.MADE.);
#4577=PRODUCT_CATEGORY('part','');
#4578=PRODUCT_RELATED_PRODUCT_CATEGORY('detail','',(#4572));
#4579=PRODUCT_CATEGORY_RELATIONSHIP('','',#4577,#4578);
#4580=SECURITY_CLASSIFICATION_LEVEL('unclassified');
#4581=SECURITY_CLASSIFICATION('','',#4580);
#4582=CC_DESIGN_SECURITY_CLASSIFICATION(#4581,(#4573));
#4583=APPROVAL_STATUS('approved');
#4584=APPROVAL(#4583,'');
#4585=CC_DESIGN_APPROVAL(#4584,(#4581,#4573,#4574));
#4586=CALENDAR_DATE(122,17,10);
#4587=COORDINATED_UNIVERSAL_TIME_OFFSET(8,0,.AHEAD.);
#4588=LOCAL_TIME(19,15,4.8E1,#4587);
#4589=DATE_AND_TIME(#4586,#4588);
#4590=APPROVAL_DATE_TIME(#4589,#4584);
#4591=DATE_TIME_ROLE('creation_date');
#4592=CC_DESIGN_DATE_AND_TIME_ASSIGNMENT(#4589,#4591,(#4574));
#4593=DATE_TIME_ROLE('classification_date');
#4594=CC_DESIGN_DATE_AND_TIME_ASSIGNMENT(#4589,#4593,(#4581));
#4595=PERSON('UNSPECIFIED','UNSPECIFIED',$,$,$,$);
#4596=ORGANIZATION('UNSPECIFIED','UNSPECIFIED','UNSPECIFIED');
#4597=PERSON_AND_ORGANIZATION(#4595,#4596);
#4598=APPROVAL_ROLE('approver');
#4599=APPROVAL_PERSON_ORGANIZATION(#4597,#4584,#4598);
#4600=PERSON_AND_ORGANIZATION_ROLE('creator');
#4601=CC_DESIGN_PERSON_AND_ORGANIZATION_ASSIGNMENT(#4597,#4600,(#4573,#4574));
#4602=PERSON_AND_ORGANIZATION_ROLE('design_supplier');
#4603=CC_DESIGN_PERSON_AND_ORGANIZATION_ASSIGNMENT(#4597,#4602,(#4573));
#4604=PERSON_AND_ORGANIZATION_ROLE('classification_officer');
#4605=CC_DESIGN_PERSON_AND_ORGANIZATION_ASSIGNMENT(#4597,#4604,(#4581));
#4606=PERSON_AND_ORGANIZATION_ROLE('design_owner');
#4607=CC_DESIGN_PERSON_AND_ORGANIZATION_ASSIGNMENT(#4597,#4606,(#4572));
#1=DRAUGHTING_PRE_DEFINED_COLOUR('black');
#2=COLOUR_RGB('',0.E0,0.E0,1.254901960784E-1);
#3=COLOUR_RGB('',0.E0,0.E0,4.7E-1);
#4=COLOUR_RGB('',0.E0,0.E0,6.E-1);
#5=COLOUR_RGB('',0.E0,0.E0,8.E-1);
#6=DRAUGHTING_PRE_DEFINED_COLOUR('blue');
#7=COLOUR_RGB('',0.E0,2.E-1,1.E0);
#8=COLOUR_RGB('',0.E0,3.3E-1,0.E0);
#9=COLOUR_RGB('',0.E0,3.3E-1,3.3E-1);
#10=COLOUR_RGB('',0.E0,4.E-1,0.E0);
#11=COLOUR_RGB('',0.E0,4.E-1,4.E-1);
#12=COLOUR_RGB('',0.E0,4.E-1,1.E0);
#13=COLOUR_RGB('',0.E0,5.3E-1,5.3E-1);
#14=COLOUR_RGB('',0.E0,6.E-1,0.E0);
#15=COLOUR_RGB('',0.E0,6.E-1,6.E-1);
#16=COLOUR_RGB('',0.E0,6.E-1,1.E0);
#17=COLOUR_RGB('',0.E0,8.E-1,0.E0);
#18=COLOUR_RGB('',0.E0,8.E-1,8.E-1);
#19=COLOUR_RGB('',0.E0,8.E-1,1.E0);
#20=COLOUR_RGB('',0.E0,9.3E-1,0.E0);
#21=COLOUR_RGB('',0.E0,9.3E-1,9.3E-1);
#22=DRAUGHTING_PRE_DEFINED_COLOUR('green');
#23=COLOUR_RGB('',0.E0,1.E0,2.E-1);
#24=COLOUR_RGB('',0.E0,1.E0,4.E-1);
#25=COLOUR_RGB('',0.E0,1.E0,6.E-1);
#26=COLOUR_RGB('',0.E0,1.E0,8.E-1);
#27=DRAUGHTING_PRE_DEFINED_COLOUR('cyan');
#28=COLOUR_RGB('',7.E-2,7.E-2,1.E0);
#29=COLOUR_RGB('',1.098039215686E-1,1.098039215686E-1,1.098039215686E-1);
#30=COLOUR_RGB('',2.E-1,2.E-1,2.E-1);
#31=COLOUR_RGB('',2.E-1,1.E0,0.E0);
#32=COLOUR_RGB('',2.E-1,1.E0,2.E-1);
#33=COLOUR_RGB('',2.E-1,1.E0,1.E0);
#34=COLOUR_RGB('',2.7E-1,0.E0,4.E-1);
#35=COLOUR_RGB('',2.7E-1,2.7E-1,0.E0);
#36=COLOUR_RGB('',2.7E-1,2.7E-1,1.E0);
#37=COLOUR_RGB('',3.3E-1,0.E0,0.E0);
#38=COLOUR_RGB('',3.3E-1,0.E0,3.3E-1);
#39=COLOUR_RGB('',3.3E-1,0.E0,5.3E-1);
#40=COLOUR_RGB('',4.E-1,0.E0,4.E-1);
#41=COLOUR_RGB('',4.E-1,0.E0,6.7E-1);
#42=COLOUR_RGB('',4.E-1,1.3E-1,0.E0);
#43=COLOUR_RGB('',4.E-1,4.E-1,0.E0);
#44=COLOUR_RGB('',4.E-1,4.E-1,1.E0);
#45=COLOUR_RGB('',4.E-1,1.E0,0.E0);
#46=COLOUR_RGB('',4.E-1,1.E0,4.E-1);
#47=COLOUR_RGB('',4.E-1,1.E0,1.E0);
#48=COLOUR_RGB('',4.666666666667E-1,3.254901960784E-1,2.039215686275E-1);
#49=COLOUR_RGB('',4.7E-1,0.E0,0.E0);
#50=COLOUR_RGB('',4.7E-1,0.E0,8.E-1);
#51=COLOUR_RGB('',4.7E-1,0.E0,8.7E-1);
#52=COLOUR_RGB('',4.7E-1,2.E-1,7.E-2);
#53=COLOUR_RGB('',4.7E-1,4.7E-1,4.7E-1);
#54=COLOUR_RGB('',5.3E-1,0.E0,9.3E-1);
#55=COLOUR_RGB('',5.3E-1,2.7E-1,1.3E-1);
#56=COLOUR_RGB('',5.3E-1,5.3E-1,1.E0);
#57=COLOUR_RGB('',6.E-1,0.E0,6.E-1);
#58=COLOUR_RGB('',6.E-1,2.E-1,1.E0);
#59=COLOUR_RGB('',6.E-1,3.3E-1,2.E-1);
#60=COLOUR_RGB('',6.E-1,6.E-1,0.E0);
#61=COLOUR_RGB('',6.E-1,6.E-1,1.E0);
#62=COLOUR_RGB('',6.E-1,1.E0,6.E-1);
#63=COLOUR_RGB('',6.E-1,1.E0,1.E0);
#64=COLOUR_RGB('',6.117647058824E-1,6.117647058824E-1,6.117647058824E-1);
#65=COLOUR_RGB('',6.7E-1,0.E0,0.E0);
#66=COLOUR_RGB('',6.7E-1,0.E0,5.3E-1);
#67=COLOUR_RGB('',6.7E-1,4.E-1,2.7E-1);
#68=COLOUR_RGB('',6.7E-1,4.E-1,1.E0);
#69=COLOUR_RGB('',6.7E-1,6.7E-1,1.E0);
#70=COLOUR_RGB('',6.7E-1,1.E0,0.E0);
#71=COLOUR_RGB('',7.3E-1,2.7E-1,1.E0);
#72=COLOUR_RGB('',7.3E-1,4.E-1,0.E0);
#73=COLOUR_RGB('',7.3E-1,4.7E-1,3.3E-1);
#74=COLOUR_RGB('',7.3E-1,7.3E-1,7.3E-1);
#75=COLOUR_RGB('',8.E-1,0.E0,8.E-1);
#76=COLOUR_RGB('',8.E-1,5.3E-1,4.E-1);
#77=COLOUR_RGB('',8.E-1,6.E-1,1.E0);
#78=COLOUR_RGB('',8.E-1,8.E-1,0.E0);
#79=COLOUR_RGB('',8.E-1,8.E-1,1.E0);
#80=COLOUR_RGB('',8.E-1,1.E0,8.E-1);
#81=COLOUR_RGB('',8.E-1,1.E0,1.E0);
#82=COLOUR_RGB('',8.7E-1,0.E0,0.E0);
#83=COLOUR_RGB('',8.7E-1,6.E-1,4.7E-1);
#84=COLOUR_RGB('',8.784E-1,9.49E-1,1.E0);
#85=COLOUR_RGB('',9.3E-1,0.E0,9.3E-1);
#86=COLOUR_RGB('',9.3E-1,6.7E-1,5.3E-1);
#87=COLOUR_RGB('',9.3E-1,8.E-1,1.E0);
#88=COLOUR_RGB('',9.3E-1,9.3E-1,0.E0);
#89=COLOUR_RGB('',9.3E-1,1.E0,9.3E-1);
#90=COLOUR_RGB('',9.3E-1,1.E0,1.E0);
#91=COLOUR_RGB('',9.6E-1,9.6E-1,9.6E-1);
#92=COLOUR_RGB('',9.8E-1,6.27E-1,0.E0);
#93=DRAUGHTING_PRE_DEFINED_COLOUR('red');
#94=COLOUR_RGB('',1.E0,0.E0,2.7E-1);
#95=COLOUR_RGB('',1.E0,0.E0,4.7E-1);
#96=DRAUGHTING_PRE_DEFINED_COLOUR('magenta');
#97=COLOUR_RGB('',1.E0,7.E-2,7.E-2);
#98=COLOUR_RGB('',1.E0,2.E-1,1.E0);
#99=COLOUR_RGB('',1.E0,2.7E-1,0.E0);
#100=COLOUR_RGB('',1.E0,2.7E-1,2.7E-1);
#101=COLOUR_RGB('',1.E0,4.E-1,1.E0);
#102=COLOUR_RGB('',1.E0,4.7E-1,0.E0);
#103=COLOUR_RGB('',1.E0,4.7E-1,4.7E-1);
#104=COLOUR_RGB('',1.E0,4.7E-1,5.3E-1);
#105=COLOUR_RGB('',1.E0,6.E-1,1.E0);
#106=COLOUR_RGB('',1.E0,6.7E-1,0.E0);
#107=COLOUR_RGB('',1.E0,6.7E-1,6.7E-1);
#108=COLOUR_RGB('',1.E0,7.3E-1,5.3E-1);
#109=COLOUR_RGB('',1.E0,7.3E-1,6.E-1);
#110=COLOUR_RGB('',1.E0,8.E-1,8.E-1);
#111=COLOUR_RGB('',1.E0,8.E-1,1.E0);
#112=COLOUR_RGB('',1.E0,8.7E-1,0.E0);
#113=COLOUR_RGB('',1.E0,9.3E-1,9.3E-1);
#114=COLOUR_RGB('',1.E0,9.3E-1,1.E0);
#115=DRAUGHTING_PRE_DEFINED_COLOUR('yellow');
#116=COLOUR_RGB('',1.E0,1.E0,1.3E-1);
#117=COLOUR_RGB('',1.E0,1.E0,3.3E-1);
#118=COLOUR_RGB('',1.E0,1.E0,5.3E-1);
#119=COLOUR_RGB('',1.E0,1.E0,7.3E-1);
#120=COLOUR_RGB('',1.E0,1.E0,9.3E-1);
#121=DRAUGHTING_PRE_DEFINED_COLOUR('white');
#152=B_SPLINE_CURVE_WITH_KNOTS('',3,(#146,#147,#148,#149,#150,#151),
.UNSPECIFIED.,.F.,.F.,(4,1,1,4),(0.E0,3.333333333333E-1,6.666666666667E-1,1.E0),
.UNSPECIFIED.);
#159=B_SPLINE_CURVE_WITH_KNOTS('',3,(#153,#154,#155,#156,#157,#158),
.UNSPECIFIED.,.F.,.F.,(4,1,1,4),(0.E0,3.333333333333E-1,6.666666666667E-1,1.E0),
.UNSPECIFIED.);
#174=B_SPLINE_CURVE_WITH_KNOTS('',3,(#168,#169,#170,#171,#172,#173),
.UNSPECIFIED.,.F.,.F.,(4,1,1,4),(0.E0,3.333333333333E-1,6.666666666667E-1,1.E0),
.UNSPECIFIED.);
#181=B_SPLINE_CURVE_WITH_KNOTS('',3,(#175,#176,#177,#178,#179,#180),
.UNSPECIFIED.,.F.,.F.,(4,1,1,4),(0.E0,3.333333333333E-1,6.666666666667E-1,1.E0),
.UNSPECIFIED.);
#202=B_SPLINE_CURVE_WITH_KNOTS('',3,(#186,#187,#188,#189,#190,#191,#192,#193,
#194,#195,#196,#197,#198,#199,#200,#201),.UNSPECIFIED.,.F.,.F.,(4,1,1,1,1,1,1,1,
1,1,1,1,1,4),(0.E0,7.692307692308E-2,1.538461538462E-1,2.307692307692E-1,
3.076923076923E-1,3.846153846154E-1,4.615384615385E-1,5.384615384615E-1,
6.153846153846E-1,6.923076923077E-1,7.692307692308E-1,8.461538461538E-1,
9.230769230769E-1,1.E0),.UNSPECIFIED.);
#209=B_SPLINE_CURVE_WITH_KNOTS('',3,(#203,#204,#205,#206,#207,#208),
.UNSPECIFIED.,.F.,.F.,(4,1,1,4),(0.E0,3.333333333333E-1,6.666666666667E-1,1.E0),
.UNSPECIFIED.);
#220=B_SPLINE_CURVE_WITH_KNOTS('',3,(#214,#215,#216,#217,#218,#219),
.UNSPECIFIED.,.F.,.F.,(4,1,1,4),(0.E0,3.333333333333E-1,6.666666666667E-1,1.E0),
.UNSPECIFIED.);
#231=B_SPLINE_CURVE_WITH_KNOTS('',3,(#225,#226,#227,#228,#229,#230),
.UNSPECIFIED.,.F.,.F.,(4,1,1,4),(0.E0,3.333333333333E-1,6.666666666667E-1,1.E0),
.UNSPECIFIED.);
#238=B_SPLINE_CURVE_WITH_KNOTS('',3,(#232,#233,#234,#235,#236,#237),
.UNSPECIFIED.,.F.,.F.,(4,1,1,4),(0.E0,3.333333333333E-1,6.666666666667E-1,1.E0),
.UNSPECIFIED.);
#249=B_SPLINE_CURVE_WITH_KNOTS('',3,(#243,#244,#245,#246,#247,#248),
.UNSPECIFIED.,.F.,.F.,(4,1,1,4),(0.E0,3.333333333333E-1,6.666666666667E-1,1.E0),
.UNSPECIFIED.);
#260=B_SPLINE_CURVE_WITH_KNOTS('',3,(#254,#255,#256,#257,#258,#259),
.UNSPECIFIED.,.F.,.F.,(4,1,1,4),(0.E0,3.333333333333E-1,6.666666666667E-1,1.E0),
.UNSPECIFIED.);
#267=B_SPLINE_CURVE_WITH_KNOTS('',3,(#261,#262,#263,#264,#265,#266),
.UNSPECIFIED.,.F.,.F.,(4,1,1,4),(0.E0,3.333333333333E-1,6.666666666667E-1,1.E0),
.UNSPECIFIED.);
#279=B_SPLINE_CURVE_WITH_KNOTS('',3,(#272,#273,#274,#275,#276,#277,#278),
.UNSPECIFIED.,.F.,.F.,(4,1,1,1,4),(0.E0,2.5E-1,5.E-1,7.5E-1,1.E0),
.UNSPECIFIED.);
#286=B_SPLINE_CURVE_WITH_KNOTS('',3,(#280,#281,#282,#283,#284,#285),
.UNSPECIFIED.,.F.,.F.,(4,1,1,4),(0.E0,3.333333333333E-1,6.666666666667E-1,1.E0),
.UNSPECIFIED.);
#297=B_SPLINE_CURVE_WITH_KNOTS('',3,(#291,#292,#293,#294,#295,#296),
.UNSPECIFIED.,.F.,.F.,(4,1,1,4),(0.E0,3.333333333333E-1,6.666666666667E-1,1.E0),
.UNSPECIFIED.);
#308=B_SPLINE_CURVE_WITH_KNOTS('',3,(#302,#303,#304,#305,#306,#307),
.UNSPECIFIED.,.F.,.F.,(4,1,1,4),(0.E0,3.333333333333E-1,6.666666666667E-1,1.E0),
.UNSPECIFIED.);
#315=B_SPLINE_CURVE_WITH_KNOTS('',3,(#309,#310,#311,#312,#313,#314),
.UNSPECIFIED.,.F.,.F.,(4,1,1,4),(0.E0,3.333333333333E-1,6.666666666667E-1,1.E0),
.UNSPECIFIED.);
#326=B_SPLINE_CURVE_WITH_KNOTS('',3,(#320,#321,#322,#323,#324,#325),
.UNSPECIFIED.,.F.,.F.,(4,1,1,4),(0.E0,3.333333333333E-1,6.666666666667E-1,1.E0),
.UNSPECIFIED.);
#337=B_SPLINE_CURVE_WITH_KNOTS('',3,(#331,#332,#333,#334,#335,#336),
.UNSPECIFIED.,.F.,.F.,(4,1,1,4),(0.E0,3.333333333333E-1,6.666666666667E-1,1.E0),
.UNSPECIFIED.);
#353=B_SPLINE_CURVE_WITH_KNOTS('',3,(#338,#339,#340,#341,#342,#343,#344,#345,
#346,#347,#348,#349,#350,#351,#352),.UNSPECIFIED.,.F.,.F.,(4,1,1,1,1,1,1,1,1,1,
1,1,4),(0.E0,8.333333333333E-2,1.666666666667E-1,2.5E-1,3.333333333333E-1,
4.166666666667E-1,5.E-1,5.833333333333E-1,6.666666666667E-1,7.5E-1,
8.333333333333E-1,9.166666666667E-1,1.E0),.UNSPECIFIED.);
#370=B_SPLINE_CURVE_WITH_KNOTS('',3,(#354,#355,#356,#357,#358,#359,#360,#361,
#362,#363,#364,#365,#366,#367,#368,#369),.UNSPECIFIED.,.F.,.F.,(4,1,1,1,1,1,1,1,
1,1,1,1,1,4),(0.E0,7.692307692308E-2,1.538461538462E-1,2.307692307692E-1,
3.076923076923E-1,3.846153846154E-1,4.615384615385E-1,5.384615384615E-1,
6.153846153846E-1,6.923076923077E-1,7.692307692308E-1,8.461538461538E-1,
9.230769230769E-1,1.E0),.UNSPECIFIED.);
#377=B_SPLINE_CURVE_WITH_KNOTS('',3,(#371,#372,#373,#374,#375,#376),
.UNSPECIFIED.,.F.,.F.,(4,1,1,4),(0.E0,3.333333333333E-1,6.666666666667E-1,1.E0),
.UNSPECIFIED.);
#393=B_SPLINE_CURVE_WITH_KNOTS('',3,(#386,#387,#388,#389,#390,#391,#392),
.UNSPECIFIED.,.F.,.F.,(4,1,1,1,4),(0.E0,2.5E-1,5.E-1,7.5E-1,1.E0),
.UNSPECIFIED.);
#404=B_SPLINE_CURVE_WITH_KNOTS('',3,(#398,#399,#400,#401,#402,#403),
.UNSPECIFIED.,.F.,.F.,(4,1,1,4),(0.E0,3.333333333333E-1,6.666666666667E-1,1.E0),
.UNSPECIFIED.);
#409=CIRCLE('',#408,7.E0);
#418=CIRCLE('',#417,5.E0);
#427=CIRCLE('',#426,7.E0);
#436=CIRCLE('',#435,7.E0);
#445=CIRCLE('',#444,5.E0);
#454=CIRCLE('',#453,7.E0);
#468=B_SPLINE_CURVE_WITH_KNOTS('',3,(#459,#460,#461,#462,#463,#464,#465,#466,
#467),.UNSPECIFIED.,.F.,.F.,(4,1,1,1,1,1,4),(0.E0,1.666666666667E-1,
3.333333333333E-1,5.E-1,6.666666666667E-1,8.333333333333E-1,1.E0),
.UNSPECIFIED.);
#482=B_SPLINE_CURVE_WITH_KNOTS('',3,(#473,#474,#475,#476,#477,#478,#479,#480,
#481),.UNSPECIFIED.,.F.,.F.,(4,1,1,1,1,1,4),(0.E0,1.666666666667E-1,
3.333333333333E-1,5.E-1,6.666666666667E-1,8.333333333333E-1,1.E0),
.UNSPECIFIED.);
#493=B_SPLINE_CURVE_WITH_KNOTS('',3,(#487,#488,#489,#490,#491,#492),
.UNSPECIFIED.,.F.,.F.,(4,1,1,4),(0.E0,3.333333333333E-1,6.666666666667E-1,1.E0),
.UNSPECIFIED.);
#514=B_SPLINE_CURVE_WITH_KNOTS('',3,(#498,#499,#500,#501,#502,#503,#504,#505,
#506,#507,#508,#509,#510,#511,#512,#513),.UNSPECIFIED.,.F.,.F.,(4,1,1,1,1,1,1,1,
1,1,1,1,1,4),(0.E0,7.692307692308E-2,1.538461538462E-1,2.307692307692E-1,
3.076923076923E-1,3.846153846154E-1,4.615384615385E-1,5.384615384615E-1,
6.153846153846E-1,6.923076923077E-1,7.692307692308E-1,8.461538461538E-1,
9.230769230769E-1,1.E0),.UNSPECIFIED.);
#525=B_SPLINE_CURVE_WITH_KNOTS('',3,(#519,#520,#521,#522,#523,#524),
.UNSPECIFIED.,.F.,.F.,(4,1,1,4),(0.E0,3.333333333333E-1,6.666666666667E-1,1.E0),
.UNSPECIFIED.);
#544=B_SPLINE_CURVE_WITH_KNOTS('',3,(#538,#539,#540,#541,#542,#543),
.UNSPECIFIED.,.F.,.F.,(4,1,1,4),(0.E0,3.333333333333E-1,6.666666666667E-1,1.E0),
.UNSPECIFIED.);
#551=B_SPLINE_CURVE_WITH_KNOTS('',3,(#545,#546,#547,#548,#549,#550),
.UNSPECIFIED.,.F.,.F.,(4,1,1,4),(0.E0,3.333333333333E-1,6.666666666667E-1,1.E0),
.UNSPECIFIED.);
#558=B_SPLINE_CURVE_WITH_KNOTS('',3,(#552,#553,#554,#555,#556,#557),
.UNSPECIFIED.,.F.,.F.,(4,1,1,4),(0.E0,3.333333333333E-1,6.666666666667E-1,1.E0),
.UNSPECIFIED.);
#569=B_SPLINE_CURVE_WITH_KNOTS('',3,(#563,#564,#565,#566,#567,#568),
.UNSPECIFIED.,.F.,.F.,(4,1,1,4),(0.E0,3.333333333333E-1,6.666666666667E-1,1.E0),
.UNSPECIFIED.);
#576=B_SPLINE_CURVE_WITH_KNOTS('',3,(#570,#571,#572,#573,#574,#575),
.UNSPECIFIED.,.F.,.F.,(4,1,1,4),(0.E0,3.333333333333E-1,6.666666666667E-1,1.E0),
.UNSPECIFIED.);
#587=B_SPLINE_CURVE_WITH_KNOTS('',3,(#581,#582,#583,#584,#585,#586),
.UNSPECIFIED.,.F.,.F.,(4,1,1,4),(0.E0,3.333333333333E-1,6.666666666667E-1,1.E0),
.UNSPECIFIED.);
#594=B_SPLINE_CURVE_WITH_KNOTS('',3,(#588,#589,#590,#591,#592,#593),
.UNSPECIFIED.,.F.,.F.,(4,1,1,4),(0.E0,3.333333333333E-1,6.666666666667E-1,1.E0),
.UNSPECIFIED.);
#613=B_SPLINE_CURVE_WITH_KNOTS('',3,(#607,#608,#609,#610,#611,#612),
.UNSPECIFIED.,.F.,.F.,(4,1,1,4),(0.E0,3.333333333333E-1,6.666666666667E-1,1.E0),
.UNSPECIFIED.);
#620=B_SPLINE_CURVE_WITH_KNOTS('',3,(#614,#615,#616,#617,#618,#619),
.UNSPECIFIED.,.F.,.F.,(4,1,1,4),(0.E0,3.333333333333E-1,6.666666666667E-1,1.E0),
.UNSPECIFIED.);
#649=B_SPLINE_CURVE_WITH_KNOTS('',3,(#641,#642,#643,#644,#645,#646,#647,#648),
.UNSPECIFIED.,.F.,.F.,(4,1,1,1,1,4),(0.E0,2.E-1,4.E-1,6.E-1,8.E-1,1.E0),
.UNSPECIFIED.);
#658=B_SPLINE_CURVE_WITH_KNOTS('',3,(#650,#651,#652,#653,#654,#655,#656,#657),
.UNSPECIFIED.,.F.,.F.,(4,1,1,1,1,4),(0.E0,2.E-1,4.E-1,6.E-1,8.E-1,1.E0),
.UNSPECIFIED.);
#671=B_SPLINE_CURVE_WITH_KNOTS('',3,(#663,#664,#665,#666,#667,#668,#669,#670),
.UNSPECIFIED.,.F.,.F.,(4,1,1,1,1,4),(0.E0,2.E-1,4.E-1,6.E-1,8.E-1,1.E0),
.UNSPECIFIED.);
#680=B_SPLINE_CURVE_WITH_KNOTS('',3,(#672,#673,#674,#675,#676,#677,#678,#679),
.UNSPECIFIED.,.F.,.F.,(4,1,1,1,1,4),(0.E0,2.E-1,4.E-1,6.E-1,8.E-1,1.E0),
.UNSPECIFIED.);
#691=B_SPLINE_CURVE_WITH_KNOTS('',3,(#685,#686,#687,#688,#689,#690),
.UNSPECIFIED.,.F.,.F.,(4,1,1,4),(0.E0,3.333333333333E-1,6.666666666667E-1,1.E0),
.UNSPECIFIED.);
#710=B_SPLINE_CURVE_WITH_KNOTS('',3,(#704,#705,#706,#707,#708,#709),
.UNSPECIFIED.,.F.,.F.,(4,1,1,4),(0.E0,3.333333333333E-1,6.666666666667E-1,1.E0),
.UNSPECIFIED.);
#730=B_SPLINE_CURVE_WITH_KNOTS('',3,(#715,#716,#717,#718,#719,#720,#721,#722,
#723,#724,#725,#726,#727,#728,#729),.UNSPECIFIED.,.F.,.F.,(4,1,1,1,1,1,1,1,1,1,
1,1,4),(0.E0,8.333333333333E-2,1.666666666667E-1,2.5E-1,3.333333333333E-1,
4.166666666667E-1,5.E-1,5.833333333333E-1,6.666666666667E-1,7.5E-1,
8.333333333333E-1,9.166666666667E-1,1.E0),.UNSPECIFIED.);
#753=B_SPLINE_CURVE_WITH_KNOTS('',3,(#747,#748,#749,#750,#751,#752),
.UNSPECIFIED.,.F.,.F.,(4,1,1,4),(0.E0,3.333333333333E-1,6.666666666667E-1,1.E0),
.UNSPECIFIED.);
#764=B_SPLINE_CURVE_WITH_KNOTS('',3,(#758,#759,#760,#761,#762,#763),
.UNSPECIFIED.,.F.,.F.,(4,1,1,4),(0.E0,3.333333333333E-1,6.666666666667E-1,1.E0),
.UNSPECIFIED.);
#775=B_SPLINE_CURVE_WITH_KNOTS('',3,(#769,#770,#771,#772,#773,#774),
.UNSPECIFIED.,.F.,.F.,(4,1,1,4),(0.E0,3.333333333333E-1,6.666666666667E-1,1.E0),
.UNSPECIFIED.);
#782=B_SPLINE_CURVE_WITH_KNOTS('',3,(#776,#777,#778,#779,#780,#781),
.UNSPECIFIED.,.F.,.F.,(4,1,1,4),(0.E0,3.333333333333E-1,6.666666666667E-1,1.E0),
.UNSPECIFIED.);
#789=B_SPLINE_CURVE_WITH_KNOTS('',3,(#783,#784,#785,#786,#787,#788),
.UNSPECIFIED.,.F.,.F.,(4,1,1,4),(0.E0,3.333333333333E-1,6.666666666667E-1,1.E0),
.UNSPECIFIED.);
#808=B_SPLINE_CURVE_WITH_KNOTS('',3,(#802,#803,#804,#805,#806,#807),
.UNSPECIFIED.,.F.,.F.,(4,1,1,4),(0.E0,3.333333333333E-1,6.666666666667E-1,1.E0),
.UNSPECIFIED.);
#815=B_SPLINE_CURVE_WITH_KNOTS('',3,(#809,#810,#811,#812,#813,#814),
.UNSPECIFIED.,.F.,.F.,(4,1,1,4),(0.E0,3.333333333333E-1,6.666666666667E-1,1.E0),
.UNSPECIFIED.);
#826=B_SPLINE_CURVE_WITH_KNOTS('',3,(#820,#821,#822,#823,#824,#825),
.UNSPECIFIED.,.F.,.F.,(4,1,1,4),(0.E0,3.333333333333E-1,6.666666666667E-1,1.E0),
.UNSPECIFIED.);
#833=B_SPLINE_CURVE_WITH_KNOTS('',3,(#827,#828,#829,#830,#831,#832),
.UNSPECIFIED.,.F.,.F.,(4,1,1,4),(0.E0,3.333333333333E-1,6.666666666667E-1,1.E0),
.UNSPECIFIED.);
#844=B_SPLINE_CURVE_WITH_KNOTS('',3,(#838,#839,#840,#841,#842,#843),
.UNSPECIFIED.,.F.,.F.,(4,1,1,4),(0.E0,3.333333333333E-1,6.666666666667E-1,1.E0),
.UNSPECIFIED.);
#851=B_SPLINE_CURVE_WITH_KNOTS('',3,(#845,#846,#847,#848,#849,#850),
.UNSPECIFIED.,.F.,.F.,(4,1,1,4),(0.E0,3.333333333333E-1,6.666666666667E-1,1.E0),
.UNSPECIFIED.);
#870=B_SPLINE_CURVE_WITH_KNOTS('',3,(#864,#865,#866,#867,#868,#869),
.UNSPECIFIED.,.F.,.F.,(4,1,1,4),(0.E0,3.333333333333E-1,6.666666666667E-1,1.E0),
.UNSPECIFIED.);
#878=B_SPLINE_CURVE_WITH_KNOTS('',3,(#871,#872,#873,#874,#875,#876,#877),
.UNSPECIFIED.,.F.,.F.,(4,1,1,1,4),(0.E0,2.5E-1,5.E-1,7.5E-1,1.E0),
.UNSPECIFIED.);
#889=B_SPLINE_CURVE_WITH_KNOTS('',3,(#883,#884,#885,#886,#887,#888),
.UNSPECIFIED.,.F.,.F.,(4,1,1,4),(0.E0,3.333333333333E-1,6.666666666667E-1,1.E0),
.UNSPECIFIED.);
#896=B_SPLINE_CURVE_WITH_KNOTS('',3,(#890,#891,#892,#893,#894,#895),
.UNSPECIFIED.,.F.,.F.,(4,1,1,4),(0.E0,3.333333333333E-1,6.666666666667E-1,1.E0),
.UNSPECIFIED.);
#915=B_SPLINE_CURVE_WITH_KNOTS('',3,(#909,#910,#911,#912,#913,#914),
.UNSPECIFIED.,.F.,.F.,(4,1,1,4),(0.E0,3.333333333333E-1,6.666666666667E-1,1.E0),
.UNSPECIFIED.);
#922=B_SPLINE_CURVE_WITH_KNOTS('',3,(#916,#917,#918,#919,#920,#921),
.UNSPECIFIED.,.F.,.F.,(4,1,1,4),(0.E0,3.333333333333E-1,6.666666666667E-1,1.E0),
.UNSPECIFIED.);
#937=B_SPLINE_CURVE_WITH_KNOTS('',3,(#931,#932,#933,#934,#935,#936),
.UNSPECIFIED.,.F.,.F.,(4,1,1,4),(0.E0,3.333333333333E-1,6.666666666667E-1,1.E0),
.UNSPECIFIED.);
#948=B_SPLINE_CURVE_WITH_KNOTS('',3,(#942,#943,#944,#945,#946,#947),
.UNSPECIFIED.,.F.,.F.,(4,1,1,4),(0.E0,3.333333333333E-1,6.666666666667E-1,1.E0),
.UNSPECIFIED.);
#967=B_SPLINE_CURVE_WITH_KNOTS('',3,(#961,#962,#963,#964,#965,#966),
.UNSPECIFIED.,.F.,.F.,(4,1,1,4),(0.E0,3.333333333333E-1,6.666666666667E-1,1.E0),
.UNSPECIFIED.);
#978=B_SPLINE_CURVE_WITH_KNOTS('',3,(#972,#973,#974,#975,#976,#977),
.UNSPECIFIED.,.F.,.F.,(4,1,1,4),(0.E0,3.333333333333E-1,6.666666666667E-1,1.E0),
.UNSPECIFIED.);
#989=B_SPLINE_CURVE_WITH_KNOTS('',3,(#983,#984,#985,#986,#987,#988),
.UNSPECIFIED.,.F.,.F.,(4,1,1,4),(0.E0,3.333333333333E-1,6.666666666667E-1,1.E0),
.UNSPECIFIED.);
#996=B_SPLINE_CURVE_WITH_KNOTS('',3,(#990,#991,#992,#993,#994,#995),
.UNSPECIFIED.,.F.,.F.,(4,1,1,4),(0.E0,3.333333333333E-1,6.666666666667E-1,1.E0),
.UNSPECIFIED.);
#1045=B_SPLINE_CURVE_WITH_KNOTS('',3,(#1037,#1038,#1039,#1040,#1041,#1042,#1043,
#1044),.UNSPECIFIED.,.F.,.F.,(4,1,1,1,1,4),(0.E0,2.E-1,4.E-1,6.E-1,8.E-1,1.E0),
.UNSPECIFIED.);
#1051=B_SPLINE_CURVE_WITH_KNOTS('',3,(#1046,#1047,#1048,#1049,#1050),
.UNSPECIFIED.,.F.,.F.,(4,1,4),(0.E0,5.E-1,1.E0),.UNSPECIFIED.);
#1064=B_SPLINE_CURVE_WITH_KNOTS('',3,(#1056,#1057,#1058,#1059,#1060,#1061,#1062,
#1063),.UNSPECIFIED.,.F.,.F.,(4,1,1,1,1,4),(0.E0,2.E-1,4.E-1,6.E-1,8.E-1,1.E0),
.UNSPECIFIED.);
#1073=B_SPLINE_CURVE_WITH_KNOTS('',3,(#1065,#1066,#1067,#1068,#1069,#1070,#1071,
#1072),.UNSPECIFIED.,.F.,.F.,(4,1,1,1,1,4),(0.E0,2.E-1,4.E-1,6.E-1,8.E-1,1.E0),
.UNSPECIFIED.);
#1092=B_SPLINE_CURVE_WITH_KNOTS('',3,(#1086,#1087,#1088,#1089,#1090,#1091),
.UNSPECIFIED.,.F.,.F.,(4,1,1,4),(0.E0,3.333333333333E-1,6.666666666667E-1,1.E0),
.UNSPECIFIED.);
#1103=B_SPLINE_CURVE_WITH_KNOTS('',3,(#1097,#1098,#1099,#1100,#1101,#1102),
.UNSPECIFIED.,.F.,.F.,(4,1,1,4),(0.E0,3.333333333333E-1,6.666666666667E-1,1.E0),
.UNSPECIFIED.);
#1110=B_SPLINE_CURVE_WITH_KNOTS('',3,(#1104,#1105,#1106,#1107,#1108,#1109),
.UNSPECIFIED.,.F.,.F.,(4,1,1,4),(0.E0,3.333333333333E-1,6.666666666667E-1,1.E0),
.UNSPECIFIED.);
#1118=B_SPLINE_CURVE_WITH_KNOTS('',3,(#1111,#1112,#1113,#1114,#1115,#1116,
#1117),.UNSPECIFIED.,.F.,.F.,(4,1,1,1,4),(0.E0,2.5E-1,5.E-1,7.5E-1,1.E0),
.UNSPECIFIED.);
#1129=B_SPLINE_CURVE_WITH_KNOTS('',3,(#1123,#1124,#1125,#1126,#1127,#1128),
.UNSPECIFIED.,.F.,.F.,(4,1,1,4),(0.E0,3.333333333333E-1,6.666666666667E-1,1.E0),
.UNSPECIFIED.);
#1136=B_SPLINE_CURVE_WITH_KNOTS('',3,(#1130,#1131,#1132,#1133,#1134,#1135),
.UNSPECIFIED.,.F.,.F.,(4,1,1,4),(0.E0,3.333333333333E-1,6.666666666667E-1,1.E0),
.UNSPECIFIED.);
#1143=B_SPLINE_CURVE_WITH_KNOTS('',3,(#1137,#1138,#1139,#1140,#1141,#1142),
.UNSPECIFIED.,.F.,.F.,(4,1,1,4),(0.E0,3.333333333333E-1,6.666666666667E-1,1.E0),
.UNSPECIFIED.);
#1154=B_SPLINE_CURVE_WITH_KNOTS('',3,(#1148,#1149,#1150,#1151,#1152,#1153),
.UNSPECIFIED.,.F.,.F.,(4,1,1,4),(0.E0,3.333333333333E-1,6.666666666667E-1,1.E0),
.UNSPECIFIED.);
#1161=B_SPLINE_CURVE_WITH_KNOTS('',3,(#1155,#1156,#1157,#1158,#1159,#1160),
.UNSPECIFIED.,.F.,.F.,(4,1,1,4),(0.E0,3.333333333333E-1,6.666666666667E-1,1.E0),
.UNSPECIFIED.);
#1194=B_SPLINE_CURVE_WITH_KNOTS('',3,(#1178,#1179,#1180,#1181,#1182,#1183,#1184,
#1185,#1186,#1187,#1188,#1189,#1190,#1191,#1192,#1193),.UNSPECIFIED.,.F.,.F.,(4,
1,1,1,1,1,1,1,1,1,1,1,1,4),(0.E0,7.692307692308E-2,1.538461538462E-1,
2.307692307692E-1,3.076923076923E-1,3.846153846154E-1,4.615384615385E-1,
5.384615384615E-1,6.153846153846E-1,6.923076923077E-1,7.692307692308E-1,
8.461538461538E-1,9.230769230769E-1,1.E0),.UNSPECIFIED.);
#1219=B_SPLINE_CURVE_WITH_KNOTS('',3,(#1211,#1212,#1213,#1214,#1215,#1216,#1217,
#1218),.UNSPECIFIED.,.F.,.F.,(4,1,1,1,1,4),(0.E0,2.E-1,4.E-1,6.E-1,8.E-1,1.E0),
.UNSPECIFIED.);
#1228=B_SPLINE_CURVE_WITH_KNOTS('',3,(#1220,#1221,#1222,#1223,#1224,#1225,#1226,
#1227),.UNSPECIFIED.,.F.,.F.,(4,1,1,1,1,4),(0.E0,2.E-1,4.E-1,6.E-1,8.E-1,1.E0),
.UNSPECIFIED.);
#1241=B_SPLINE_CURVE_WITH_KNOTS('',3,(#1233,#1234,#1235,#1236,#1237,#1238,#1239,
#1240),.UNSPECIFIED.,.F.,.F.,(4,1,1,1,1,4),(0.E0,2.E-1,4.E-1,6.E-1,8.E-1,1.E0),
.UNSPECIFIED.);
#1250=B_SPLINE_CURVE_WITH_KNOTS('',3,(#1242,#1243,#1244,#1245,#1246,#1247,#1248,
#1249),.UNSPECIFIED.,.F.,.F.,(4,1,1,1,1,4),(0.E0,2.E-1,4.E-1,6.E-1,8.E-1,1.E0),
.UNSPECIFIED.);
#1284=B_SPLINE_CURVE_WITH_KNOTS('',3,(#1275,#1276,#1277,#1278,#1279,#1280,#1281,
#1282,#1283),.UNSPECIFIED.,.F.,.F.,(4,1,1,1,1,1,4),(0.E0,1.666666666667E-1,
3.333333333333E-1,5.E-1,6.666666666667E-1,8.333333333333E-1,1.E0),
.UNSPECIFIED.);
#1294=B_SPLINE_CURVE_WITH_KNOTS('',3,(#1285,#1286,#1287,#1288,#1289,#1290,#1291,
#1292,#1293),.UNSPECIFIED.,.F.,.F.,(4,1,1,1,1,1,4),(0.E0,1.666666666667E-1,
3.333333333333E-1,5.E-1,6.666666666667E-1,8.333333333333E-1,1.E0),
.UNSPECIFIED.);
#1303=CIRCLE('',#1302,4.25E0);
#1308=CIRCLE('',#1307,4.25E0);
#1313=CIRCLE('',#1312,4.25E0);
#1318=CIRCLE('',#1317,4.25E0);
#1323=CIRCLE('',#1322,4.25E0);
#1328=CIRCLE('',#1327,4.25E0);
#1333=CIRCLE('',#1332,4.25E0);
#1338=CIRCLE('',#1337,4.25E0);
#1348=B_SPLINE_CURVE_WITH_KNOTS('',3,(#1343,#1344,#1345,#1346,#1347),
.UNSPECIFIED.,.F.,.F.,(4,1,4),(0.E0,5.E-1,1.E0),.UNSPECIFIED.);
#1360=B_SPLINE_CURVE_WITH_KNOTS('',3,(#1353,#1354,#1355,#1356,#1357,#1358,
#1359),.UNSPECIFIED.,.F.,.F.,(4,1,1,1,4),(0.E0,2.093772176066E-2,
4.402254917578E-1,8.595132617549E-1,1.E0),.UNSPECIFIED.);
#1371=B_SPLINE_CURVE_WITH_KNOTS('',3,(#1365,#1366,#1367,#1368,#1369,#1370),
.UNSPECIFIED.,.F.,.F.,(4,1,1,4),(0.E0,3.333333333333E-1,6.666666666667E-1,1.E0),
.UNSPECIFIED.);
#1381=B_SPLINE_CURVE_WITH_KNOTS('',3,(#1376,#1377,#1378,#1379,#1380),
.UNSPECIFIED.,.F.,.F.,(4,1,4),(0.E0,5.E-1,1.E0),.UNSPECIFIED.);
#1395=B_SPLINE_CURVE_WITH_KNOTS('',3,(#1386,#1387,#1388,#1389,#1390,#1391,#1392,
#1393,#1394),.UNSPECIFIED.,.F.,.F.,(4,1,1,1,1,1,4),(0.E0,1.666666666667E-1,
3.333333333333E-1,5.E-1,6.666666666667E-1,8.333333333333E-1,1.E0),
.UNSPECIFIED.);
#1409=B_SPLINE_CURVE_WITH_KNOTS('',3,(#1400,#1401,#1402,#1403,#1404,#1405,#1406,
#1407,#1408),.UNSPECIFIED.,.F.,.F.,(4,1,1,1,1,1,4),(0.E0,1.666666666667E-1,
3.333333333333E-1,5.E-1,6.666666666667E-1,8.333333333333E-1,1.E0),
.UNSPECIFIED.);
#1423=B_SPLINE_CURVE_WITH_KNOTS('',3,(#1414,#1415,#1416,#1417,#1418,#1419,#1420,
#1421,#1422),.UNSPECIFIED.,.F.,.F.,(4,1,1,1,1,1,4),(0.E0,1.666666666667E-1,
3.333333333333E-1,5.E-1,6.666666666667E-1,8.333333333333E-1,1.E0),
.UNSPECIFIED.);
#1437=B_SPLINE_CURVE_WITH_KNOTS('',3,(#1428,#1429,#1430,#1431,#1432,#1433,#1434,
#1435,#1436),.UNSPECIFIED.,.F.,.F.,(4,1,1,1,1,1,4),(0.E0,1.666666666667E-1,
3.333333333333E-1,5.E-1,6.666666666667E-1,8.333333333333E-1,1.E0),
.UNSPECIFIED.);
#1450=CIRCLE('',#1449,4.25E0);
#1455=CIRCLE('',#1454,4.25E0);
#1468=CIRCLE('',#1467,4.25E0);
#1473=CIRCLE('',#1472,4.25E0);
#1486=CIRCLE('',#1485,4.25E0);
#1491=CIRCLE('',#1490,4.25E0);
#1504=CIRCLE('',#1503,4.25E0);
#1509=CIRCLE('',#1508,4.25E0);
#1526=CIRCLE('',#1525,8.E0);
#1536=B_SPLINE_CURVE_WITH_KNOTS('',3,(#1527,#1528,#1529,#1530,#1531,#1532,#1533,
#1534,#1535),.UNSPECIFIED.,.F.,.F.,(4,1,1,1,1,1,4),(0.E0,1.666666666667E-1,
3.333333333333E-1,5.E-1,6.666666666667E-1,8.333333333333E-1,1.E0),
.UNSPECIFIED.);
#1613=CIRCLE('',#1612,6.E0);
#1619=B_SPLINE_CURVE_WITH_KNOTS('',3,(#1614,#1615,#1616,#1617,#1618),
.UNSPECIFIED.,.F.,.F.,(4,1,4),(0.E0,5.E-1,1.E0),.UNSPECIFIED.);
#1640=CIRCLE('',#1639,6.E0);
#1648=B_SPLINE_CURVE_WITH_KNOTS('',3,(#1641,#1642,#1643,#1644,#1645,#1646,
#1647),.UNSPECIFIED.,.F.,.F.,(4,1,1,1,4),(0.E0,2.093771699839E-2,
4.402253887748E-1,8.595130605512E-1,1.E0),.UNSPECIFIED.);
#1669=CIRCLE('',#1668,6.E0);
#1676=B_SPLINE_CURVE_WITH_KNOTS('',3,(#1670,#1671,#1672,#1673,#1674,#1675),
.UNSPECIFIED.,.F.,.F.,(4,1,1,4),(0.E0,3.333333333333E-1,6.666666666667E-1,1.E0),
.UNSPECIFIED.);
#1697=CIRCLE('',#1696,6.E0);
#1703=B_SPLINE_CURVE_WITH_KNOTS('',3,(#1698,#1699,#1700,#1701,#1702),
.UNSPECIFIED.,.F.,.F.,(4,1,4),(0.E0,5.E-1,1.E0),.UNSPECIFIED.);
#1744=CIRCLE('',#1743,8.E0);
#1754=B_SPLINE_CURVE_WITH_KNOTS('',3,(#1745,#1746,#1747,#1748,#1749,#1750,#1751,
#1752,#1753),.UNSPECIFIED.,.F.,.F.,(4,1,1,1,1,1,4),(0.E0,1.666666666667E-1,
3.333333333333E-1,5.E-1,6.666666666667E-1,8.333333333333E-1,1.E0),
.UNSPECIFIED.);
#1780=B_SPLINE_CURVE_WITH_KNOTS('',3,(#1771,#1772,#1773,#1774,#1775,#1776,#1777,
#1778,#1779),.UNSPECIFIED.,.F.,.F.,(4,1,1,1,1,1,4),(0.E0,1.666666666667E-1,
3.333333333333E-1,5.E-1,6.666666666667E-1,8.333333333333E-1,1.E0),
.UNSPECIFIED.);
#1790=B_SPLINE_CURVE_WITH_KNOTS('',3,(#1781,#1782,#1783,#1784,#1785,#1786,#1787,
#1788,#1789),.UNSPECIFIED.,.F.,.F.,(4,1,1,1,1,1,4),(0.E0,1.666666666667E-1,
3.333333333333E-1,5.E-1,6.666666666667E-1,8.333333333333E-1,1.E0),
.UNSPECIFIED.);
#2149=EDGE_CURVE('',#2053,#2057,#125,.T.);
#2151=EDGE_CURVE('',#2103,#2057,#129,.T.);
#2153=EDGE_CURVE('',#2103,#2107,#133,.T.);
#2155=EDGE_CURVE('',#2053,#2107,#137,.T.);
#2159=ADVANCED_FACE('',(#2158),#2148,.F.);
#2165=EDGE_CURVE('',#2052,#2055,#458,.T.);
#2167=EDGE_CURVE('',#2055,#2057,#1540,.T.);
#2170=EDGE_CURVE('',#2052,#2053,#141,.T.);
#2174=ADVANCED_FACE('',(#2173),#2164,.T.);
#2180=EDGE_CURVE('',#2036,#2037,#409,.T.);
#2182=EDGE_CURVE('',#2091,#2036,#413,.T.);
#2184=EDGE_CURVE('',#2087,#2091,#418,.T.);
#2186=EDGE_CURVE('',#2083,#2087,#422,.T.);
#2188=EDGE_CURVE('',#2079,#2083,#427,.T.);
#2190=EDGE_CURVE('',#2075,#2079,#431,.T.);
#2192=EDGE_CURVE('',#2071,#2075,#436,.T.);
#2194=EDGE_CURVE('',#2067,#2071,#440,.T.);
#2196=EDGE_CURVE('',#2063,#2067,#445,.T.);
#2198=EDGE_CURVE('',#2059,#2063,#449,.T.);
#2200=EDGE_CURVE('',#2055,#2059,#454,.T.);
#2203=EDGE_CURVE('',#2049,#2052,#468,.T.);
#2205=EDGE_CURVE('',#2046,#2049,#472,.T.);
#2207=EDGE_CURVE('',#2043,#2046,#482,.T.);
#2209=EDGE_CURVE('',#2037,#2043,#486,.T.);
#2213=EDGE_CURVE('',#1867,#1868,#209,.T.);
#2215=EDGE_CURVE('',#1868,#1870,#213,.T.);
#2217=EDGE_CURVE('',#1870,#1871,#220,.T.);
#2219=EDGE_CURVE('',#1871,#1873,#224,.T.);
#2221=EDGE_CURVE('',#1873,#1874,#231,.T.);
#2223=EDGE_CURVE('',#1876,#1874,#956,.T.);
#2225=EDGE_CURVE('',#1876,#1877,#238,.T.);
#2227=EDGE_CURVE('',#1877,#1879,#242,.T.);
#2229=EDGE_CURVE('',#1879,#1880,#249,.T.);
#2231=EDGE_CURVE('',#1880,#1882,#253,.T.);
#2233=EDGE_CURVE('',#1882,#1883,#260,.T.);
#2235=EDGE_CURVE('',#1885,#1883,#904,.T.);
#2237=EDGE_CURVE('',#1885,#1886,#267,.T.);
#2239=EDGE_CURVE('',#1886,#1888,#271,.T.);
#2241=EDGE_CURVE('',#1888,#1889,#279,.T.);
#2243=EDGE_CURVE('',#1891,#1889,#859,.T.);
#2245=EDGE_CURVE('',#1891,#1892,#286,.T.);
#2247=EDGE_CURVE('',#1892,#1894,#290,.T.);
#2249=EDGE_CURVE('',#1894,#1895,#297,.T.);
#2251=EDGE_CURVE('',#1895,#1897,#301,.T.);
#2253=EDGE_CURVE('',#1897,#1898,#308,.T.);
#2255=EDGE_CURVE('',#1900,#1898,#797,.T.);
#2257=EDGE_CURVE('',#1900,#1901,#315,.T.);
#2259=EDGE_CURVE('',#1901,#1903,#319,.T.);
#2261=EDGE_CURVE('',#1903,#1904,#326,.T.);
#2263=EDGE_CURVE('',#1904,#1906,#330,.T.);
#2265=EDGE_CURVE('',#1906,#1907,#337,.T.);
#2267=EDGE_CURVE('',#1909,#1907,#738,.T.);
#2269=EDGE_CURVE('',#1909,#1910,#353,.T.);
#2271=EDGE_CURVE('',#1867,#1910,#699,.T.);
#2275=EDGE_CURVE('',#1853,#1854,#1081,.T.);
#2277=EDGE_CURVE('',#1853,#1855,#370,.T.);
#2279=EDGE_CURVE('',#1857,#1855,#1169,.T.);
#2281=EDGE_CURVE('',#1857,#1858,#377,.T.);
#2283=EDGE_CURVE('',#1858,#1860,#381,.T.);
#2285=EDGE_CURVE('',#1861,#1860,#1129,.T.);
#2287=EDGE_CURVE('',#1861,#1863,#385,.T.);
#2289=EDGE_CURVE('',#1863,#1864,#393,.T.);
#2291=EDGE_CURVE('',#1864,#1866,#397,.T.);
#2293=EDGE_CURVE('',#1866,#1854,#404,.T.);
#2297=EDGE_CURVE('',#1913,#1914,#145,.T.);
#2299=EDGE_CURVE('',#1914,#1915,#152,.T.);
#2301=EDGE_CURVE('',#1917,#1915,#602,.T.);
#2303=EDGE_CURVE('',#1917,#1918,#159,.T.);
#2305=EDGE_CURVE('',#1918,#1920,#163,.T.);
#2307=EDGE_CURVE('',#1921,#1920,#569,.T.);
#2309=EDGE_CURVE('',#1921,#1923,#167,.T.);
#2311=EDGE_CURVE('',#1923,#1924,#174,.T.);
#2313=EDGE_CURVE('',#1926,#1924,#533,.T.);
#2315=EDGE_CURVE('',#1926,#1927,#181,.T.);
#2317=EDGE_CURVE('',#1927,#1929,#185,.T.);
#2319=EDGE_CURVE('',#1929,#1913,#202,.T.);
#2323=ADVANCED_FACE('',(#2212,#2274,#2296,#2322),#2179,.F.);
#2330=EDGE_CURVE('',#2007,#1913,#518,.T.);
#2332=EDGE_CURVE('',#2009,#2007,#628,.T.);
#2334=EDGE_CURVE('',#2009,#1914,#493,.T.);
#2338=ADVANCED_FACE('',(#2337),#2328,.F.);
#2352=B_SPLINE_CURVE_WITH_KNOTS('',3,(#2339,#2340,#2341,#2342,#2343,#2344,#2345,
#2346,#2347,#2348,#2349,#2350,#2351),.UNSPECIFIED.,.F.,.F.,(4,1,1,1,1,1,1,1,1,1,
4),(0.E0,4.604185764334E-2,4.870696737571E-2,1.806052836793E-1,
3.125035999827E-1,4.517490770093E-1,5.909945540358E-1,7.302400631071E-1,
8.694855721782E-1,9.524727085411E-1,1.E0),.UNSPECIFIED.);
#2357=EDGE_CURVE('',#1929,#2011,#497,.T.);
#2359=EDGE_CURVE('',#2011,#2007,#514,.T.);
#2364=ADVANCED_FACE('',(#2363),#2355,.F.);
#2371=EDGE_CURVE('',#2013,#1927,#529,.T.);
#2373=EDGE_CURVE('',#2011,#2013,#632,.T.);
#2378=ADVANCED_FACE('',(#2377),#2369,.F.);
#2387=B_SPLINE_CURVE_WITH_KNOTS('',3,(#2379,#2380,#2381,#2382,#2383,#2384,#2385,
#2386),.UNSPECIFIED.,.F.,.F.,(4,1,1,1,1,4),(0.E0,1.923076923081E-2,
2.577903789100E-2,5.003821968219E-2,9.807692307692E-1,1.E0),.UNSPECIFIED.);
#2392=EDGE_CURVE('',#2014,#1926,#544,.T.);
#2394=EDGE_CURVE('',#2014,#2013,#525,.T.);
#2399=ADVANCED_FACE('',(#2398),#2390,.F.);
#2406=EDGE_CURVE('',#2016,#1924,#562,.T.);
#2408=EDGE_CURVE('',#2016,#2014,#537,.T.);
#2413=ADVANCED_FACE('',(#2412),#2404,.F.);
#2422=B_SPLINE_CURVE_WITH_KNOTS('',3,(#2414,#2415,#2416,#2417,#2418,#2419,#2420,
#2421),.UNSPECIFIED.,.F.,.F.,(4,1,1,1,1,4),(0.E0,1.923076923074E-2,
2.624942168920E-2,5.180159388975E-2,9.807692307689E-1,1.E0),.UNSPECIFIED.);
#2427=EDGE_CURVE('',#1923,#2017,#551,.T.);
#2429=EDGE_CURVE('',#2017,#2016,#558,.T.);
#2434=ADVANCED_FACE('',(#2433),#2425,.F.);
#2441=EDGE_CURVE('',#2019,#1921,#580,.T.);
#2443=EDGE_CURVE('',#2017,#2019,#636,.T.);
#2448=ADVANCED_FACE('',(#2447),#2439,.F.);
#2455=EDGE_CURVE('',#2020,#1920,#587,.T.);
#2457=EDGE_CURVE('',#2020,#2019,#576,.T.);
#2462=ADVANCED_FACE('',(#2461),#2453,.F.);
#2469=EDGE_CURVE('',#2022,#1918,#598,.T.);
#2471=EDGE_CURVE('',#2020,#2022,#640,.T.);
#2476=ADVANCED_FACE('',(#2475),#2467,.F.);
#2485=B_SPLINE_CURVE_WITH_KNOTS('',3,(#2477,#2478,#2479,#2480,#2481,#2482,#2483,
#2484),.UNSPECIFIED.,.F.,.F.,(4,1,1,1,1,4),(0.E0,1.923076923079E-2,
2.273729348324E-2,4.788413554910E-2,9.807692307692E-1,1.E0),.UNSPECIFIED.);
#2490=EDGE_CURVE('',#2023,#1917,#613,.T.);
#2492=EDGE_CURVE('',#2023,#2022,#594,.T.);
#2497=ADVANCED_FACE('',(#2496),#2488,.F.);
#2504=EDGE_CURVE('',#2025,#1915,#624,.T.);
#2506=EDGE_CURVE('',#2025,#2023,#606,.T.);
#2511=ADVANCED_FACE('',(#2510),#2502,.F.);
#2520=B_SPLINE_CURVE_WITH_KNOTS('',3,(#2512,#2513,#2514,#2515,#2516,#2517,#2518,
#2519),.UNSPECIFIED.,.F.,.F.,(4,1,1,1,1,4),(0.E0,1.923076923079E-2,
2.155432555528E-2,4.560494928216E-2,9.807692307690E-1,1.E0),.UNSPECIFIED.);
#2526=EDGE_CURVE('',#2009,#2025,#620,.T.);
#2531=ADVANCED_FACE('',(#2530),#2523,.F.);
#2551=EDGE_CURVE('',#2028,#2032,#658,.T.);
#2553=EDGE_CURVE('',#2032,#2028,#680,.T.);
#2557=ADVANCED_FACE('',(#2550,#2556),#2536,.F.);
#2563=EDGE_CURVE('',#2033,#2029,#649,.T.);
#2565=EDGE_CURVE('',#2028,#2029,#684,.T.);
#2568=EDGE_CURVE('',#2032,#2033,#662,.T.);
#2572=ADVANCED_FACE('',(#2571),#2562,.T.);
#2578=EDGE_CURVE('',#2029,#2033,#671,.T.);
#2583=ADVANCED_FACE('',(#2582),#2577,.F.);
#2595=ADVANCED_FACE('',(#2594),#2588,.T.);
#2604=B_SPLINE_CURVE_WITH_KNOTS('',3,(#2596,#2597,#2598,#2599,#2600,#2601,#2602,
#2603),.UNSPECIFIED.,.F.,.F.,(4,1,1,1,1,4),(0.E0,1.923076923074E-2,
9.493336156562E-1,9.737741452474E-1,9.807692307693E-1,1.E0),.UNSPECIFIED.);
#2609=EDGE_CURVE('',#1962,#1867,#710,.T.);
#2611=EDGE_CURVE('',#1962,#1963,#691,.T.);
#2613=EDGE_CURVE('',#1963,#1868,#695,.T.);
#2617=ADVANCED_FACE('',(#2616),#2607,.T.);
#2624=EDGE_CURVE('',#1965,#1910,#734,.T.);
#2626=EDGE_CURVE('',#1965,#1962,#703,.T.);
#2631=ADVANCED_FACE('',(#2630),#2622,.F.);
#2644=B_SPLINE_CURVE_WITH_KNOTS('',3,(#2632,#2633,#2634,#2635,#2636,#2637,#2638,
#2639,#2640,#2641,#2642,#2643),.UNSPECIFIED.,.F.,.F.,(4,1,1,1,1,1,1,1,1,4),
(0.E0,5.107076235979E-2,2.209547248663E-1,3.598795087603E-1,4.988042926542E-1,
6.377368084659E-1,7.766693242777E-1,9.476257105315E-1,9.493528938233E-1,1.E0),
.UNSPECIFIED.);
#2649=EDGE_CURVE('',#1909,#1966,#714,.T.);
#2651=EDGE_CURVE('',#1966,#1965,#730,.T.);
#2656=ADVANCED_FACE('',(#2655),#2647,.T.);
#2663=EDGE_CURVE('',#1968,#1907,#757,.T.);
#2665=EDGE_CURVE('',#1968,#1966,#742,.T.);
#2670=ADVANCED_FACE('',(#2669),#2661,.F.);
#2678=B_SPLINE_CURVE_WITH_KNOTS('',3,(#2671,#2672,#2673,#2674,#2675,#2676,
#2677),.UNSPECIFIED.,.F.,.F.,(4,1,1,1,4),(0.E0,1.923076923106E-2,
9.740421281104E-1,9.807794287568E-1,1.E0),.UNSPECIFIED.);
#2683=EDGE_CURVE('',#1906,#1969,#746,.T.);
#2685=EDGE_CURVE('',#1969,#1968,#753,.T.);
#2690=ADVANCED_FACE('',(#2689),#2681,.T.);
#2697=EDGE_CURVE('',#1971,#1904,#768,.T.);
#2699=EDGE_CURVE('',#1969,#1971,#1004,.T.);
#2704=ADVANCED_FACE('',(#2703),#2695,.F.);
#2711=EDGE_CURVE('',#1972,#1903,#775,.T.);
#2713=EDGE_CURVE('',#1972,#1971,#764,.T.);
#2718=ADVANCED_FACE('',(#2717),#2709,.F.);
#2725=EDGE_CURVE('',#1974,#1901,#793,.T.);
#2727=EDGE_CURVE('',#1972,#1974,#1008,.T.);
#2732=ADVANCED_FACE('',(#2731),#2723,.F.);
#2741=B_SPLINE_CURVE_WITH_KNOTS('',3,(#2733,#2734,#2735,#2736,#2737,#2738,#2739,
#2740),.UNSPECIFIED.,.F.,.F.,(4,1,1,1,1,4),(0.E0,1.923076923075E-2,
9.471474396598E-1,9.725411880481E-1,9.807692307692E-1,1.E0),.UNSPECIFIED.);
#2746=EDGE_CURVE('',#1900,#1975,#782,.T.);
#2748=EDGE_CURVE('',#1975,#1974,#789,.T.);
#2753=ADVANCED_FACE('',(#2752),#2744,.T.);
#2760=EDGE_CURVE('',#1977,#1898,#819,.T.);
#2762=EDGE_CURVE('',#1977,#1975,#801,.T.);
#2767=ADVANCED_FACE('',(#2766),#2758,.F.);
#2776=B_SPLINE_CURVE_WITH_KNOTS('',3,(#2768,#2769,#2770,#2771,#2772,#2773,#2774,
#2775),.UNSPECIFIED.,.F.,.F.,(4,1,1,1,1,4),(0.E0,1.923076923103E-2,
9.498453044619E-1,9.749057818574E-1,9.807692307692E-1,1.E0),.UNSPECIFIED.);
#2781=EDGE_CURVE('',#1897,#1978,#808,.T.);
#2783=EDGE_CURVE('',#1978,#1977,#815,.T.);
#2788=ADVANCED_FACE('',(#2787),#2779,.T.);
#2795=EDGE_CURVE('',#1980,#1895,#837,.T.);
#2797=EDGE_CURVE('',#1978,#1980,#1012,.T.);
#2802=ADVANCED_FACE('',(#2801),#2793,.F.);
#2809=EDGE_CURVE('',#1894,#1981,#826,.T.);
#2811=EDGE_CURVE('',#1981,#1980,#833,.T.);
#2816=ADVANCED_FACE('',(#2815),#2807,.T.);
#2823=EDGE_CURVE('',#1983,#1892,#855,.T.);
#2825=EDGE_CURVE('',#1981,#1983,#1016,.T.);
#2830=ADVANCED_FACE('',(#2829),#2821,.F.);
#2839=B_SPLINE_CURVE_WITH_KNOTS('',3,(#2831,#2832,#2833,#2834,#2835,#2836,#2837,
#2838),.UNSPECIFIED.,.F.,.F.,(4,1,1,1,1,4),(0.E0,1.923076923071E-2,
9.481062706526E-1,9.737012093015E-1,9.807692307692E-1,1.E0),.UNSPECIFIED.);
#2844=EDGE_CURVE('',#1891,#1984,#844,.T.);
#2846=EDGE_CURVE('',#1984,#1983,#851,.T.);
#2851=ADVANCED_FACE('',(#2850),#2842,.T.);
#2858=EDGE_CURVE('',#1986,#1889,#882,.T.);
#2860=EDGE_CURVE('',#1986,#1984,#863,.T.);
#2865=ADVANCED_FACE('',(#2864),#2856,.F.);
#2874=B_SPLINE_CURVE_WITH_KNOTS('',3,(#2866,#2867,#2868,#2869,#2870,#2871,#2872,
#2873),.UNSPECIFIED.,.F.,.F.,(4,1,1,1,1,4),(0.E0,1.923076923076E-2,
9.674920428182E-1,9.779036217634E-1,9.807692307692E-1,1.E0),.UNSPECIFIED.);
#2879=EDGE_CURVE('',#1888,#1987,#870,.T.);
#2881=EDGE_CURVE('',#1987,#1986,#878,.T.);
#2886=ADVANCED_FACE('',(#2885),#2877,.T.);
#2893=EDGE_CURVE('',#1989,#1886,#900,.T.);
#2895=EDGE_CURVE('',#1987,#1989,#1020,.T.);
#2900=ADVANCED_FACE('',(#2899),#2891,.F.);
#2909=B_SPLINE_CURVE_WITH_KNOTS('',3,(#2901,#2902,#2903,#2904,#2905,#2906,#2907,
#2908),.UNSPECIFIED.,.F.,.F.,(4,1,1,1,1,4),(0.E0,1.923076923082E-2,
9.465028203448E-1,9.729536341876E-1,9.807692307692E-1,1.E0),.UNSPECIFIED.);
#2914=EDGE_CURVE('',#1885,#1990,#889,.T.);
#2916=EDGE_CURVE('',#1990,#1989,#896,.T.);
#2921=ADVANCED_FACE('',(#2920),#2912,.T.);
#2928=EDGE_CURVE('',#1992,#1883,#926,.T.);
#2930=EDGE_CURVE('',#1992,#1990,#908,.T.);
#2935=ADVANCED_FACE('',(#2934),#2926,.F.);
#2944=B_SPLINE_CURVE_WITH_KNOTS('',3,(#2936,#2937,#2938,#2939,#2940,#2941,#2942,
#2943),.UNSPECIFIED.,.F.,.F.,(4,1,1,1,1,4),(0.E0,1.923076923102E-2,
9.477941144409E-1,9.736546788503E-1,9.807692307692E-1,1.E0),.UNSPECIFIED.);
#2949=EDGE_CURVE('',#1882,#1993,#915,.T.);
#2951=EDGE_CURVE('',#1993,#1992,#922,.T.);
#2956=ADVANCED_FACE('',(#2955),#2947,.T.);
#2963=EDGE_CURVE('',#1995,#1880,#941,.T.);
#2965=EDGE_CURVE('',#1993,#1995,#1024,.T.);
#2970=ADVANCED_FACE('',(#2969),#2961,.F.);
#2977=EDGE_CURVE('',#1879,#1996,#930,.T.);
#2979=EDGE_CURVE('',#1996,#1995,#937,.T.);
#2984=ADVANCED_FACE('',(#2983),#2975,.F.);
#2991=EDGE_CURVE('',#1998,#1877,#952,.T.);
#2993=EDGE_CURVE('',#1996,#1998,#1028,.T.);
#2998=ADVANCED_FACE('',(#2997),#2989,.F.);
#3007=B_SPLINE_CURVE_WITH_KNOTS('',3,(#2999,#3000,#3001,#3002,#3003,#3004,#3005,
#3006),.UNSPECIFIED.,.F.,.F.,(4,1,1,1,1,4),(0.E0,1.923076923084E-2,
9.530740963235E-1,9.771749260883E-1,9.807692307692E-1,1.E0),.UNSPECIFIED.);
#3012=EDGE_CURVE('',#1999,#1876,#967,.T.);
#3014=EDGE_CURVE('',#1999,#1998,#948,.T.);
#3019=ADVANCED_FACE('',(#3018),#3010,.T.);
#3026=EDGE_CURVE('',#2001,#1874,#982,.T.);
#3028=EDGE_CURVE('',#2001,#1999,#960,.T.);
#3033=ADVANCED_FACE('',(#3032),#3024,.F.);
#3041=B_SPLINE_CURVE_WITH_KNOTS('',3,(#3034,#3035,#3036,#3037,#3038,#3039,
#3040),.UNSPECIFIED.,.F.,.F.,(4,1,1,1,4),(0.E0,1.923076923100E-2,
9.736408612965E-1,9.808140351304E-1,1.E0),.UNSPECIFIED.);
#3046=EDGE_CURVE('',#1873,#2002,#971,.T.);
#3048=EDGE_CURVE('',#2002,#2001,#978,.T.);
#3053=ADVANCED_FACE('',(#3052),#3044,.T.);
#3060=EDGE_CURVE('',#2004,#1871,#1000,.T.);
#3062=EDGE_CURVE('',#2002,#2004,#1032,.T.);
#3067=ADVANCED_FACE('',(#3066),#3058,.F.);
#3074=EDGE_CURVE('',#1870,#2005,#989,.T.);
#3076=EDGE_CURVE('',#2005,#2004,#996,.T.);
#3081=ADVANCED_FACE('',(#3080),#3072,.T.);
#3089=EDGE_CURVE('',#2005,#1963,#1036,.T.);
#3094=ADVANCED_FACE('',(#3093),#3086,.F.);
#3132=EDGE_CURVE('',#1960,#1956,#1051,.T.);
#3134=EDGE_CURVE('',#1956,#1960,#1073,.T.);
#3138=ADVANCED_FACE('',(#3131,#3137),#3099,.F.);
#3144=EDGE_CURVE('',#1957,#1961,#1045,.T.);
#3146=EDGE_CURVE('',#1960,#1961,#1077,.T.);
#3149=EDGE_CURVE('',#1956,#1957,#1055,.T.);
#3153=ADVANCED_FACE('',(#3152),#3143,.T.);
#3159=EDGE_CURVE('',#1961,#1957,#1064,.T.);
#3164=ADVANCED_FACE('',(#3163),#3158,.F.);
#3176=ADVANCED_FACE('',(#3175),#3169,.T.);
#3183=EDGE_CURVE('',#1931,#1854,#1096,.T.);
#3185=EDGE_CURVE('',#1931,#1933,#1085,.T.);
#3187=EDGE_CURVE('',#1853,#1933,#1177,.T.);
#3191=ADVANCED_FACE('',(#3190),#3181,.F.);
#3200=B_SPLINE_CURVE_WITH_KNOTS('',3,(#3192,#3193,#3194,#3195,#3196,#3197,#3198,
#3199),.UNSPECIFIED.,.F.,.F.,(4,1,1,1,1,4),(0.E0,1.923076923074E-2,
3.541827468215E-2,4.348586898066E-2,9.807692307690E-1,1.E0),.UNSPECIFIED.);
#3205=EDGE_CURVE('',#1934,#1866,#1103,.T.);
#3207=EDGE_CURVE('',#1934,#1931,#1092,.T.);
#3212=ADVANCED_FACE('',(#3211),#3203,.F.);
#3219=EDGE_CURVE('',#1936,#1864,#1122,.T.);
#3221=EDGE_CURVE('',#1934,#1936,#1202,.T.);
#3226=ADVANCED_FACE('',(#3225),#3217,.F.);
#3235=B_SPLINE_CURVE_WITH_KNOTS('',3,(#3227,#3228,#3229,#3230,#3231,#3232,#3233,
#3234),.UNSPECIFIED.,.F.,.F.,(4,1,1,1,1,4),(0.E0,1.923076923074E-2,
2.224711252126E-2,3.295452888852E-2,9.807692307692E-1,1.E0),.UNSPECIFIED.);
#3240=EDGE_CURVE('',#1863,#1937,#1110,.T.);
#3242=EDGE_CURVE('',#1937,#1936,#1118,.T.);
#3247=ADVANCED_FACE('',(#3246),#3238,.F.);
#3254=EDGE_CURVE('',#1939,#1861,#1147,.T.);
#3256=EDGE_CURVE('',#1937,#1939,#1206,.T.);
#3261=ADVANCED_FACE('',(#3260),#3252,.F.);
#3268=EDGE_CURVE('',#1860,#1940,#1136,.T.);
#3270=EDGE_CURVE('',#1940,#1939,#1143,.T.);
#3275=ADVANCED_FACE('',(#3274),#3266,.F.);
#3282=EDGE_CURVE('',#1942,#1858,#1165,.T.);
#3284=EDGE_CURVE('',#1940,#1942,#1210,.T.);
#3289=ADVANCED_FACE('',(#3288),#3280,.F.);
#3298=B_SPLINE_CURVE_WITH_KNOTS('',3,(#3290,#3291,#3292,#3293,#3294,#3295,#3296,
#3297),.UNSPECIFIED.,.F.,.F.,(4,1,1,1,1,4),(0.E0,1.923076923074E-2,
2.656851572433E-2,5.225588044676E-2,9.807692307693E-1,1.E0),.UNSPECIFIED.);
#3303=EDGE_CURVE('',#1857,#1943,#1154,.T.);
#3305=EDGE_CURVE('',#1943,#1942,#1161,.T.);
#3310=ADVANCED_FACE('',(#3309),#3301,.F.);
#3317=EDGE_CURVE('',#1945,#1855,#1198,.T.);
#3319=EDGE_CURVE('',#1945,#1943,#1173,.T.);
#3324=ADVANCED_FACE('',(#3323),#3315,.F.);
#3337=B_SPLINE_CURVE_WITH_KNOTS('',3,(#3325,#3326,#3327,#3328,#3329,#3330,#3331,
#3332,#3333,#3334,#3335,#3336),.UNSPECIFIED.,.F.,.F.,(4,1,1,1,1,1,1,1,1,4),
(0.E0,4.926258794334E-2,5.100134788663E-2,2.231571302256E-1,3.615521606908E-1,
4.999471911560E-1,6.383256156057E-1,7.767040400555E-1,9.508285852023E-1,1.E0),
.UNSPECIFIED.);
#3343=EDGE_CURVE('',#1933,#1945,#1194,.T.);
#3348=ADVANCED_FACE('',(#3347),#3340,.F.);
#3366=EDGE_CURVE('',#1948,#1952,#1228,.T.);
#3368=EDGE_CURVE('',#1952,#1948,#1250,.T.);
#3372=ADVANCED_FACE('',(#3365,#3371),#3353,.F.);
#3378=EDGE_CURVE('',#1953,#1949,#1219,.T.);
#3380=EDGE_CURVE('',#1948,#1949,#1254,.T.);
#3383=EDGE_CURVE('',#1952,#1953,#1232,.T.);
#3387=ADVANCED_FACE('',(#3386),#3377,.T.);
#3393=EDGE_CURVE('',#1949,#1953,#1241,.T.);
#3398=ADVANCED_FACE('',(#3397),#3392,.F.);
#3410=ADVANCED_FACE('',(#3409),#3403,.T.);
#3417=EDGE_CURVE('',#2037,#2041,#1262,.T.);
#3419=EDGE_CURVE('',#2040,#2041,#1744,.T.);
#3421=EDGE_CURVE('',#2036,#2040,#1258,.T.);
#3425=ADVANCED_FACE('',(#3424),#3415,.T.);
#3432=EDGE_CURVE('',#2043,#2045,#1266,.T.);
#3434=EDGE_CURVE('',#2041,#2045,#1758,.T.);
#3439=ADVANCED_FACE('',(#3438),#3430,.T.);
#3482=EDGE_CURVE('',#2046,#2047,#1270,.T.);
#3484=EDGE_CURVE('',#2045,#2047,#1780,.T.);
#3489=ADVANCED_FACE('',(#3488),#3480,.F.);
#3496=EDGE_CURVE('',#2049,#2051,#1274,.T.);
#3498=EDGE_CURVE('',#2047,#2051,#1794,.T.);
#3503=ADVANCED_FACE('',(#3502),#3494,.T.);
#3547=EDGE_CURVE('',#2051,#2053,#1284,.T.);
#3552=ADVANCED_FACE('',(#3551),#3544,.F.);
#3560=EDGE_CURVE('',#2107,#2109,#1294,.T.);
#3562=EDGE_CURVE('',#2051,#2109,#1798,.T.);
#3566=ADVANCED_FACE('',(#3565),#3557,.T.);
#3608=EDGE_CURVE('',#2105,#2108,#1423,.T.);
#3610=EDGE_CURVE('',#2108,#2109,#1810,.T.);
#3613=EDGE_CURVE('',#2105,#2107,#1298,.T.);
#3617=ADVANCED_FACE('',(#3616),#3607,.F.);
#3623=EDGE_CURVE('',#2096,#2097,#1342,.T.);
#3625=EDGE_CURVE('',#2141,#2096,#1348,.T.);
#3627=EDGE_CURVE('',#2138,#2141,#1352,.T.);
#3629=EDGE_CURVE('',#2135,#2138,#1360,.T.);
#3631=EDGE_CURVE('',#2132,#2135,#1364,.T.);
#3633=EDGE_CURVE('',#2129,#2132,#1371,.T.);
#3635=EDGE_CURVE('',#2126,#2129,#1375,.T.);
#3637=EDGE_CURVE('',#2123,#2126,#1381,.T.);
#3639=EDGE_CURVE('',#2120,#2123,#1385,.T.);
#3641=EDGE_CURVE('',#2117,#2120,#1395,.T.);
#3643=EDGE_CURVE('',#2114,#2117,#1399,.T.);
#3645=EDGE_CURVE('',#2111,#2114,#1409,.T.);
#3647=EDGE_CURVE('',#2108,#2111,#1413,.T.);
#3650=EDGE_CURVE('',#2102,#2105,#1427,.T.);
#3652=EDGE_CURVE('',#2097,#2102,#1437,.T.);
#3656=EDGE_CURVE('',#1837,#1838,#1313,.T.);
#3658=EDGE_CURVE('',#1838,#1837,#1318,.T.);
#3662=EDGE_CURVE('',#1821,#1822,#1323,.T.);
#3664=EDGE_CURVE('',#1822,#1821,#1328,.T.);
#3668=EDGE_CURVE('',#1825,#1826,#1333,.T.);
#3670=EDGE_CURVE('',#1826,#1825,#1338,.T.);
#3674=EDGE_CURVE('',#1841,#1842,#1303,.T.);
#3676=EDGE_CURVE('',#1842,#1841,#1308,.T.);
#3680=ADVANCED_FACE('',(#3655,#3661,#3667,#3673,#3679),#3622,.T.);
#3687=EDGE_CURVE('',#1844,#1841,#1445,.T.);
#3689=EDGE_CURVE('',#1846,#1844,#1450,.T.);
#3691=EDGE_CURVE('',#1846,#1842,#1441,.T.);
#3695=ADVANCED_FACE('',(#3694),#3685,.F.);
#3703=EDGE_CURVE('',#1844,#1846,#1455,.T.);
#3708=ADVANCED_FACE('',(#3707),#3700,.F.);
#3718=ADVANCED_FACE('',(#3717),#3713,.T.);
#3724=EDGE_CURVE('',#1850,#1837,#1463,.T.);
#3726=EDGE_CURVE('',#1849,#1850,#1468,.T.);
#3728=EDGE_CURVE('',#1849,#1838,#1459,.T.);
#3733=ADVANCED_FACE('',(#3732),#3723,.F.);
#3742=EDGE_CURVE('',#1850,#1849,#1473,.T.);
#3746=ADVANCED_FACE('',(#3745),#3738,.F.);
#3756=ADVANCED_FACE('',(#3755),#3751,.T.);
#3763=EDGE_CURVE('',#1830,#1821,#1481,.T.);
#3765=EDGE_CURVE('',#1829,#1830,#1486,.T.);
#3767=EDGE_CURVE('',#1829,#1822,#1477,.T.);
#3771=ADVANCED_FACE('',(#3770),#3761,.F.);
#3779=EDGE_CURVE('',#1830,#1829,#1491,.T.);
#3784=ADVANCED_FACE('',(#3783),#3776,.F.);
#3794=ADVANCED_FACE('',(#3793),#3789,.T.);
#3800=EDGE_CURVE('',#1832,#1825,#1499,.T.);
#3802=EDGE_CURVE('',#1834,#1832,#1504,.T.);
#3804=EDGE_CURVE('',#1834,#1826,#1495,.T.);
#3809=ADVANCED_FACE('',(#3808),#3799,.F.);
#3818=EDGE_CURVE('',#1832,#1834,#1509,.T.);
#3822=ADVANCED_FACE('',(#3821),#3814,.F.);
#3832=ADVANCED_FACE('',(#3831),#3827,.T.);
#3839=EDGE_CURVE('',#2097,#2101,#1517,.T.);
#3841=EDGE_CURVE('',#2100,#2101,#1588,.T.);
#3843=EDGE_CURVE('',#2096,#2100,#1513,.T.);
#3847=ADVANCED_FACE('',(#3846),#3837,.T.);
#3890=EDGE_CURVE('',#2102,#2103,#1521,.T.);
#3892=EDGE_CURVE('',#2101,#2103,#1536,.T.);
#3897=ADVANCED_FACE('',(#3896),#3888,.F.);
#3909=ADVANCED_FACE('',(#3908),#3902,.T.);
#3915=EDGE_CURVE('',#2057,#2061,#1526,.T.);
#3917=EDGE_CURVE('',#2101,#2061,#1592,.T.);
#3923=ADVANCED_FACE('',(#3922),#3914,.T.);
#3930=EDGE_CURVE('',#2059,#2061,#1544,.T.);
#3936=ADVANCED_FACE('',(#3935),#3928,.T.);
#3943=EDGE_CURVE('',#2063,#2065,#1548,.T.);
#3945=EDGE_CURVE('',#2061,#2065,#1580,.T.);
#3950=ADVANCED_FACE('',(#3949),#3941,.T.);
#3957=EDGE_CURVE('',#2067,#2069,#1552,.T.);
#3959=EDGE_CURVE('',#2065,#2069,#1613,.T.);
#3964=ADVANCED_FACE('',(#3963),#3955,.T.);
#3971=EDGE_CURVE('',#2071,#2073,#1556,.T.);
#3973=EDGE_CURVE('',#2069,#2073,#1623,.T.);
#3978=ADVANCED_FACE('',(#3977),#3969,.T.);
#3985=EDGE_CURVE('',#2075,#2077,#1560,.T.);
#3987=EDGE_CURVE('',#2073,#2077,#1640,.T.);
#3992=ADVANCED_FACE('',(#3991),#3983,.F.);
#3999=EDGE_CURVE('',#2079,#2081,#1564,.T.);
#4001=EDGE_CURVE('',#2077,#2081,#1652,.T.);
#4006=ADVANCED_FACE('',(#4005),#3997,.T.);
#4013=EDGE_CURVE('',#2083,#2085,#1568,.T.);
#4015=EDGE_CURVE('',#2081,#2085,#1669,.T.);
#4020=ADVANCED_FACE('',(#4019),#4011,.F.);
#4027=EDGE_CURVE('',#2087,#2089,#1572,.T.);
#4029=EDGE_CURVE('',#2085,#2089,#1680,.T.);
#4034=ADVANCED_FACE('',(#4033),#4025,.T.);
#4041=EDGE_CURVE('',#2091,#2093,#1576,.T.);
#4043=EDGE_CURVE('',#2089,#2093,#1697,.T.);
#4048=ADVANCED_FACE('',(#4047),#4039,.T.);
#4056=EDGE_CURVE('',#2093,#2040,#1596,.T.);
#4061=ADVANCED_FACE('',(#4060),#4053,.T.);
#4068=EDGE_CURVE('',#2100,#2065,#1584,.T.);
#4074=ADVANCED_FACE('',(#4073),#4066,.F.);
#4081=EDGE_CURVE('',#2040,#2121,#1600,.T.);
#4083=EDGE_CURVE('',#2121,#2125,#1604,.T.);
#4085=EDGE_CURVE('',#2093,#2125,#1608,.T.);
#4089=ADVANCED_FACE('',(#4088),#4079,.F.);
#4096=EDGE_CURVE('',#2143,#2069,#1635,.T.);
#4098=EDGE_CURVE('',#2143,#2100,#1619,.T.);
#4103=ADVANCED_FACE('',(#4102),#4094,.T.);
#4110=EDGE_CURVE('',#2073,#2139,#1627,.T.);
#4112=EDGE_CURVE('',#2139,#2143,#1631,.T.);
#4117=ADVANCED_FACE('',(#4116),#4108,.F.);
#4124=EDGE_CURVE('',#2077,#2137,#1664,.T.);
#4126=EDGE_CURVE('',#2137,#2139,#1648,.T.);
#4131=ADVANCED_FACE('',(#4130),#4122,.F.);
#4138=EDGE_CURVE('',#2081,#2133,#1656,.T.);
#4140=EDGE_CURVE('',#2133,#2137,#1660,.T.);
#4145=ADVANCED_FACE('',(#4144),#4136,.F.);
#4152=EDGE_CURVE('',#2085,#2131,#1692,.T.);
#4154=EDGE_CURVE('',#2131,#2133,#1676,.T.);
#4159=ADVANCED_FACE('',(#4158),#4150,.F.);
#4166=EDGE_CURVE('',#2089,#2127,#1684,.T.);
#4168=EDGE_CURVE('',#2127,#2131,#1688,.T.);
#4173=ADVANCED_FACE('',(#4172),#4164,.F.);
#4181=EDGE_CURVE('',#2125,#2127,#1703,.T.);
#4186=ADVANCED_FACE('',(#4185),#4178,.T.);
#4213=EDGE_CURVE('',#2126,#2127,#1711,.T.);
#4216=EDGE_CURVE('',#2123,#2125,#1707,.T.);
#4220=ADVANCED_FACE('',(#4219),#4211,.F.);
#4227=EDGE_CURVE('',#2129,#2131,#1715,.T.);
#4233=ADVANCED_FACE('',(#4232),#4225,.T.);
#4264=EDGE_CURVE('',#2132,#2133,#1719,.T.);
#4270=ADVANCED_FACE('',(#4269),#4262,.F.);
#4277=EDGE_CURVE('',#2135,#2137,#1723,.T.);
#4283=ADVANCED_FACE('',(#4282),#4275,.T.);
#4314=EDGE_CURVE('',#2138,#2139,#1727,.T.);
#4320=ADVANCED_FACE('',(#4319),#4312,.F.);
#4327=EDGE_CURVE('',#2141,#2143,#1731,.T.);
#4333=ADVANCED_FACE('',(#4332),#4325,.T.);
#4365=ADVANCED_FACE('',(#4364),#4358,.F.);
#4374=EDGE_CURVE('',#2120,#2121,#1735,.T.);
#4378=ADVANCED_FACE('',(#4377),#4370,.T.);
#4422=EDGE_CURVE('',#2119,#2121,#1754,.T.);
#4424=EDGE_CURVE('',#2117,#2119,#1739,.T.);
#4428=ADVANCED_FACE('',(#4427),#4419,.F.);
#4435=EDGE_CURVE('',#2041,#2119,#1770,.T.);
#4441=ADVANCED_FACE('',(#4440),#4433,.T.);
#4448=EDGE_CURVE('',#2045,#2115,#1762,.T.);
#4450=EDGE_CURVE('',#2115,#2119,#1766,.T.);
#4455=ADVANCED_FACE('',(#4454),#4446,.T.);
#4462=EDGE_CURVE('',#2047,#2113,#1806,.T.);
#4464=EDGE_CURVE('',#2113,#2115,#1790,.T.);
#4469=ADVANCED_FACE('',(#4468),#4460,.T.);
#4477=EDGE_CURVE('',#2109,#2113,#1802,.T.);
#4482=ADVANCED_FACE('',(#4481),#4474,.F.);
#4489=EDGE_CURVE('',#2111,#2113,#1814,.T.);
#4495=ADVANCED_FACE('',(#4494),#4487,.T.);
#4538=EDGE_CURVE('',#2114,#2115,#1818,.T.);
#4544=ADVANCED_FACE('',(#4543),#4536,.F.);
#4556=ADVANCED_FACE('',(#4555),#4549,.T.);
#4559=(LENGTH_UNIT()NAMED_UNIT(*)SI_UNIT(.MILLI.,.METRE.));
#4561=(NAMED_UNIT(*)PLANE_ANGLE_UNIT()SI_UNIT($,.RADIAN.));
#4564=(NAMED_UNIT(*)SI_UNIT($,.STERADIAN.)SOLID_ANGLE_UNIT());
#4566=(GEOMETRIC_REPRESENTATION_CONTEXT(3)GLOBAL_UNCERTAINTY_ASSIGNED_CONTEXT((
#4565))GLOBAL_UNIT_ASSIGNED_CONTEXT((#4559,#4563,#4564))REPRESENTATION_CONTEXT(
'ID1','3'));
#4567=ADVANCED_BREP_SHAPE_REPRESENTATION('',(#4558),#4566);
#4574=PRODUCT_DEFINITION('design','',#4573,#4570);
#4575=PRODUCT_DEFINITION_SHAPE('','SHAPE FOR PRT0003.',#4574);
#4576=SHAPE_DEFINITION_REPRESENTATION(#4575,#4567);
ENDSEC;
END-ISO-10303-21;
